2026-02-02 19:46:01,901 search-job-handler [INFO] Query scheduler using Spider.
2026-02-02 19:46:01,905 search-job-handler [INFO] Connected to archive database.
2026-02-02 19:46:01,905 search-job-handler [INFO] Query scheduler started.
2026-02-02 22:02:52,439 search-job-handler [INFO] Query scheduler using Spider.
2026-02-02 22:02:52,457 search-job-handler [INFO] Connected to archive database.
2026-02-02 22:02:52,457 search-job-handler [INFO] Query scheduler started.
2026-02-02 22:03:29,456 search-job-handler [INFO] Submitting Spider job 1 at 2026-02-02T22:03:29.456115 with 923 search tasks, aggregation=False
2026-02-02 22:03:32,109 search-job-handler [INFO] Submitted Spider job 1 at 2026-02-02T22:03:32.109339, submission took 2.653s
2026-02-02 22:03:32,153 search-job-handler [INFO] Dispatched search job 1 at 2026-02-02T22:03:32.113532 with 923 tasks.
2026-02-02 22:04:55,410 search-job-handler [INFO] Search task succeeded.
2026-02-02 22:04:55,410 search-job-handler [INFO] Search task succeeded.
2026-02-02 22:04:55,410 search-job-handler [INFO] Search task succeeded.
2026-02-02 22:04:55,410 search-job-handler [INFO] Search task succeeded.
2026-02-02 22:04:55,410 search-job-handler [INFO] Search task succeeded.
2026-02-02 22:04:55,410 search-job-handler [INFO] Search task succeeded.
2026-02-02 22:04:55,411 search-job-handler [INFO] Search task succeeded.
2026-02-02 22:04:55,411 search-job-handler [INFO] Search task succeeded.
2026-02-02 22:04:55,411 search-job-handler [INFO] Search task succeeded.
2026-02-02 22:04:55,411 search-job-handler [INFO] Search task succeeded.
2026-02-02 22:04:55,411 search-job-handler [INFO] Search task succeeded.
2026-02-02 22:04:55,411 search-job-handler [INFO] Search task succeeded.
2026-02-02 22:04:55,411 search-job-handler [INFO] Search task succeeded.
2026-02-02 22:04:55,411 search-job-handler [INFO] Search task succeeded.
2026-02-02 22:04:55,411 search-job-handler [INFO] Search task succeeded.
2026-02-02 22:04:55,411 search-job-handler [INFO] Search task succeeded.
2026-02-02 22:04:55,411 search-job-handler [INFO] Search task succeeded.
2026-02-02 22:04:55,412 search-job-handler [INFO] Search task succeeded.
2026-02-02 22:04:55,412 search-job-handler [INFO] Search task succeeded.
2026-02-02 22:04:55,412 search-job-handler [INFO] Search task succeeded.
2026-02-02 22:04:55,412 search-job-handler [INFO] Search task succeeded.
2026-02-02 22:04:55,412 search-job-handler [INFO] Search task succeeded.
2026-02-02 22:04:55,412 search-job-handler [INFO] Search task succeeded.
2026-02-02 22:04:55,412 search-job-handler [INFO] Search task succeeded.
2026-02-02 22:04:55,413 search-job-handler [INFO] Search task succeeded.
2026-02-02 22:04:55,413 search-job-handler [INFO] Search task succeeded.
2026-02-02 22:04:55,413 search-job-handler [INFO] Search task succeeded.
2026-02-02 22:04:55,413 search-job-handler [INFO] Search task succeeded.
2026-02-02 22:04:55,413 search-job-handler [INFO] Search task succeeded.
2026-02-02 22:04:55,413 search-job-handler [INFO] Search task succeeded.
2026-02-02 22:04:55,413 search-job-handler [INFO] Search task succeeded.
2026-02-02 22:04:55,413 search-job-handler [INFO] Search task succeeded.
2026-02-02 22:04:55,413 search-job-handler [INFO] Search task succeeded.
2026-02-02 22:04:55,413 search-job-handler [INFO] Search task succeeded.
2026-02-02 22:04:55,413 search-job-handler [INFO] Search task succeeded.
2026-02-02 22:04:55,414 search-job-handler [INFO] Search task succeeded.
2026-02-02 22:04:55,414 search-job-handler [INFO] Search task succeeded.
2026-02-02 22:04:55,414 search-job-handler [INFO] Search task succeeded.
2026-02-02 22:04:55,414 search-job-handler [INFO] Search task succeeded.
2026-02-02 22:04:55,414 search-job-handler [INFO] Search task succeeded.
2026-02-02 22:04:55,414 search-job-handler [INFO] Search task succeeded.
2026-02-02 22:04:55,414 search-job-handler [INFO] Search task succeeded.
2026-02-02 22:04:55,414 search-job-handler [INFO] Search task succeeded.
2026-02-02 22:04:55,414 search-job-handler [INFO] Search task succeeded.
2026-02-02 22:04:55,414 search-job-handler [INFO] Search task succeeded.
2026-02-02 22:04:55,414 search-job-handler [INFO] Search task succeeded.
2026-02-02 22:04:55,415 search-job-handler [INFO] Search task succeeded.
2026-02-02 22:04:55,415 search-job-handler [INFO] Search task succeeded.
2026-02-02 22:04:55,415 search-job-handler [INFO] Search task succeeded.
2026-02-02 22:04:55,415 search-job-handler [INFO] Search task succeeded.
2026-02-02 22:04:55,415 search-job-handler [INFO] Search task succeeded.
2026-02-02 22:04:55,415 search-job-handler [INFO] Search task succeeded.
2026-02-02 22:04:55,415 search-job-handler [INFO] Search task succeeded.
2026-02-02 22:04:55,415 search-job-handler [INFO] Search task succeeded.
2026-02-02 22:04:55,415 search-job-handler [INFO] Search task succeeded.
2026-02-02 22:04:55,415 search-job-handler [INFO] Search task succeeded.
2026-02-02 22:04:55,415 search-job-handler [INFO] Search task succeeded.
2026-02-02 22:04:55,416 search-job-handler [INFO] Search task succeeded.
2026-02-02 22:04:55,416 search-job-handler [INFO] Search task succeeded.
2026-02-02 22:04:55,416 search-job-handler [INFO] Search task succeeded.
2026-02-02 22:04:55,416 search-job-handler [INFO] Search task succeeded.
2026-02-02 22:04:55,416 search-job-handler [INFO] Search task succeeded.
2026-02-02 22:04:55,416 search-job-handler [INFO] Search task succeeded.
2026-02-02 22:04:55,416 search-job-handler [INFO] Search task succeeded.
2026-02-02 22:04:55,416 search-job-handler [INFO] Search task succeeded.
2026-02-02 22:04:55,416 search-job-handler [INFO] Search task succeeded.
2026-02-02 22:04:55,416 search-job-handler [INFO] Search task succeeded.
2026-02-02 22:04:55,416 search-job-handler [INFO] Search task succeeded.
2026-02-02 22:04:55,416 search-job-handler [INFO] Search task succeeded.
2026-02-02 22:04:55,417 search-job-handler [INFO] Search task succeeded.
2026-02-02 22:04:55,417 search-job-handler [INFO] Search task succeeded.
2026-02-02 22:04:55,417 search-job-handler [INFO] Search task succeeded.
2026-02-02 22:04:55,417 search-job-handler [INFO] Search task succeeded.
2026-02-02 22:04:55,417 search-job-handler [INFO] Search task succeeded.
2026-02-02 22:04:55,417 search-job-handler [INFO] Search task succeeded.
2026-02-02 22:04:55,417 search-job-handler [INFO] Search task succeeded.
2026-02-02 22:04:55,417 search-job-handler [INFO] Search task succeeded.
2026-02-02 22:04:55,417 search-job-handler [INFO] Search task succeeded.
2026-02-02 22:04:55,417 search-job-handler [INFO] Search task succeeded.
2026-02-02 22:04:55,417 search-job-handler [INFO] Search task succeeded.
2026-02-02 22:04:55,417 search-job-handler [INFO] Search task succeeded.
2026-02-02 22:04:55,418 search-job-handler [INFO] Search task succeeded.
2026-02-02 22:04:55,418 search-job-handler [INFO] Search task succeeded.
2026-02-02 22:04:55,418 search-job-handler [INFO] Search task succeeded.
2026-02-02 22:04:55,418 search-job-handler [INFO] Search task succeeded.
2026-02-02 22:04:55,418 search-job-handler [INFO] Search task succeeded.
2026-02-02 22:04:55,418 search-job-handler [INFO] Search task succeeded.
2026-02-02 22:04:55,418 search-job-handler [INFO] Search task succeeded.
2026-02-02 22:04:55,418 search-job-handler [INFO] Search task succeeded.
2026-02-02 22:04:55,418 search-job-handler [INFO] Search task succeeded.
2026-02-02 22:04:55,418 search-job-handler [INFO] Search task succeeded.
2026-02-02 22:04:55,418 search-job-handler [INFO] Search task succeeded.
2026-02-02 22:04:55,418 search-job-handler [INFO] Search task succeeded.
2026-02-02 22:04:55,419 search-job-handler [INFO] Search task succeeded.
2026-02-02 22:04:55,419 search-job-handler [INFO] Search task succeeded.
2026-02-02 22:04:55,419 search-job-handler [INFO] Search task succeeded.
2026-02-02 22:04:55,419 search-job-handler [INFO] Search task succeeded.
2026-02-02 22:04:55,419 search-job-handler [INFO] Search task succeeded.
2026-02-02 22:04:55,419 search-job-handler [INFO] Search task succeeded.
2026-02-02 22:04:55,419 search-job-handler [INFO] Search task succeeded.
2026-02-02 22:04:55,419 search-job-handler [INFO] Search task succeeded.
2026-02-02 22:04:55,419 search-job-handler [INFO] Search task succeeded.
2026-02-02 22:04:55,419 search-job-handler [INFO] Search task succeeded.
2026-02-02 22:04:55,419 search-job-handler [INFO] Search task succeeded.
2026-02-02 22:04:55,420 search-job-handler [INFO] Search task succeeded.
2026-02-02 22:04:55,420 search-job-handler [INFO] Search task succeeded.
2026-02-02 22:04:55,420 search-job-handler [INFO] Search task succeeded.
2026-02-02 22:04:55,420 search-job-handler [INFO] Search task succeeded.
2026-02-02 22:04:55,420 search-job-handler [INFO] Search task succeeded.
2026-02-02 22:04:55,420 search-job-handler [INFO] Search task succeeded.
2026-02-02 22:04:55,420 search-job-handler [INFO] Search task succeeded.
2026-02-02 22:04:55,420 search-job-handler [INFO] Search task succeeded.
2026-02-02 22:04:55,420 search-job-handler [INFO] Search task succeeded.
2026-02-02 22:04:55,420 search-job-handler [INFO] Search task succeeded.
2026-02-02 22:04:55,420 search-job-handler [INFO] Search task succeeded.
2026-02-02 22:04:55,421 search-job-handler [INFO] Search task succeeded.
2026-02-02 22:04:55,421 search-job-handler [INFO] Search task succeeded.
2026-02-02 22:04:55,421 search-job-handler [INFO] Search task succeeded.
2026-02-02 22:04:55,421 search-job-handler [INFO] Search task succeeded.
2026-02-02 22:04:55,421 search-job-handler [INFO] Search task succeeded.
2026-02-02 22:04:55,421 search-job-handler [INFO] Search task succeeded.
2026-02-02 22:04:55,421 search-job-handler [INFO] Search task succeeded.
2026-02-02 22:04:55,421 search-job-handler [INFO] Search task succeeded.
2026-02-02 22:04:55,421 search-job-handler [INFO] Search task succeeded.
2026-02-02 22:04:55,421 search-job-handler [INFO] Search task succeeded.
2026-02-02 22:04:55,421 search-job-handler [INFO] Search task succeeded.
2026-02-02 22:04:55,422 search-job-handler [INFO] Search task succeeded.
2026-02-02 22:04:55,422 search-job-handler [INFO] Search task succeeded.
2026-02-02 22:04:55,422 search-job-handler [INFO] Search task succeeded.
2026-02-02 22:04:55,422 search-job-handler [INFO] Search task succeeded.
2026-02-02 22:04:55,422 search-job-handler [INFO] Search task succeeded.
2026-02-02 22:04:55,422 search-job-handler [INFO] Search task succeeded.
2026-02-02 22:04:55,422 search-job-handler [INFO] Search task succeeded.
2026-02-02 22:04:55,422 search-job-handler [INFO] Search task succeeded.
2026-02-02 22:04:55,422 search-job-handler [INFO] Search task succeeded.
2026-02-02 22:04:55,422 search-job-handler [INFO] Search task succeeded.
2026-02-02 22:04:55,422 search-job-handler [INFO] Search task succeeded.
2026-02-02 22:04:55,423 search-job-handler [INFO] Search task succeeded.
2026-02-02 22:04:55,423 search-job-handler [INFO] Search task succeeded.
2026-02-02 22:04:55,423 search-job-handler [INFO] Search task succeeded.
2026-02-02 22:04:55,423 search-job-handler [INFO] Search task succeeded.
2026-02-02 22:04:55,423 search-job-handler [INFO] Search task succeeded.
2026-02-02 22:04:55,423 search-job-handler [INFO] Search task succeeded.
2026-02-02 22:04:55,423 search-job-handler [INFO] Search task succeeded.
2026-02-02 22:04:55,423 search-job-handler [INFO] Search task succeeded.
2026-02-02 22:04:55,423 search-job-handler [INFO] Search task succeeded.
2026-02-02 22:04:55,423 search-job-handler [INFO] Search task succeeded.
2026-02-02 22:04:55,424 search-job-handler [INFO] Search task succeeded.
2026-02-02 22:04:55,424 search-job-handler [INFO] Search task succeeded.
2026-02-02 22:04:55,424 search-job-handler [INFO] Search task succeeded.
2026-02-02 22:04:55,424 search-job-handler [INFO] Search task succeeded.
2026-02-02 22:04:55,424 search-job-handler [INFO] Search task succeeded.
2026-02-02 22:04:55,424 search-job-handler [INFO] Search task succeeded.
2026-02-02 22:04:55,424 search-job-handler [INFO] Search task succeeded.
2026-02-02 22:04:55,424 search-job-handler [INFO] Search task succeeded.
2026-02-02 22:04:55,424 search-job-handler [INFO] Search task succeeded.
2026-02-02 22:04:55,424 search-job-handler [INFO] Search task succeeded.
2026-02-02 22:04:55,424 search-job-handler [INFO] Search task succeeded.
2026-02-02 22:04:55,425 search-job-handler [INFO] Search task succeeded.
2026-02-02 22:04:55,425 search-job-handler [INFO] Search task succeeded.
2026-02-02 22:04:55,425 search-job-handler [INFO] Search task succeeded.
2026-02-02 22:04:55,425 search-job-handler [INFO] Search task succeeded.
2026-02-02 22:04:55,425 search-job-handler [INFO] Search task succeeded.
2026-02-02 22:04:55,425 search-job-handler [INFO] Search task succeeded.
2026-02-02 22:04:55,425 search-job-handler [INFO] Search task succeeded.
2026-02-02 22:04:55,425 search-job-handler [INFO] Search task succeeded.
2026-02-02 22:04:55,425 search-job-handler [INFO] Search task succeeded.
2026-02-02 22:04:55,425 search-job-handler [INFO] Search task succeeded.
2026-02-02 22:04:55,425 search-job-handler [INFO] Search task succeeded.
2026-02-02 22:04:55,425 search-job-handler [INFO] Search task succeeded.
2026-02-02 22:04:55,425 search-job-handler [INFO] Search task succeeded.
2026-02-02 22:04:55,425 search-job-handler [INFO] Search task succeeded.
2026-02-02 22:04:55,426 search-job-handler [INFO] Search task succeeded.
2026-02-02 22:04:55,426 search-job-handler [INFO] Search task succeeded.
2026-02-02 22:04:55,426 search-job-handler [INFO] Search task succeeded.
2026-02-02 22:04:55,426 search-job-handler [INFO] Search task succeeded.
2026-02-02 22:04:55,426 search-job-handler [INFO] Search task succeeded.
2026-02-02 22:04:55,426 search-job-handler [INFO] Search task succeeded.
2026-02-02 22:04:55,426 search-job-handler [INFO] Search task succeeded.
2026-02-02 22:04:55,426 search-job-handler [INFO] Search task succeeded.
2026-02-02 22:04:55,426 search-job-handler [INFO] Search task succeeded.
2026-02-02 22:04:55,426 search-job-handler [INFO] Search task succeeded.
2026-02-02 22:04:55,426 search-job-handler [INFO] Search task succeeded.
2026-02-02 22:04:55,426 search-job-handler [INFO] Search task succeeded.
2026-02-02 22:04:55,426 search-job-handler [INFO] Search task succeeded.
2026-02-02 22:04:55,426 search-job-handler [INFO] Search task succeeded.
2026-02-02 22:04:55,426 search-job-handler [INFO] Search task succeeded.
2026-02-02 22:04:55,427 search-job-handler [INFO] Search task succeeded.
2026-02-02 22:04:55,427 search-job-handler [INFO] Search task succeeded.
2026-02-02 22:04:55,427 search-job-handler [INFO] Search task succeeded.
2026-02-02 22:04:55,427 search-job-handler [INFO] Search task succeeded.
2026-02-02 22:04:55,427 search-job-handler [INFO] Search task succeeded.
2026-02-02 22:04:55,427 search-job-handler [INFO] Search task succeeded.
2026-02-02 22:04:55,427 search-job-handler [INFO] Search task succeeded.
2026-02-02 22:04:55,427 search-job-handler [INFO] Search task succeeded.
2026-02-02 22:04:55,427 search-job-handler [INFO] Search task succeeded.
2026-02-02 22:04:55,427 search-job-handler [INFO] Search task succeeded.
2026-02-02 22:04:55,427 search-job-handler [INFO] Search task succeeded.
2026-02-02 22:04:55,427 search-job-handler [INFO] Search task succeeded.
2026-02-02 22:04:55,427 search-job-handler [INFO] Search task succeeded.
2026-02-02 22:04:55,427 search-job-handler [INFO] Search task succeeded.
2026-02-02 22:04:55,427 search-job-handler [INFO] Search task succeeded.
2026-02-02 22:04:55,427 search-job-handler [INFO] Search task succeeded.
2026-02-02 22:04:55,428 search-job-handler [INFO] Search task succeeded.
2026-02-02 22:04:55,428 search-job-handler [INFO] Search task succeeded.
2026-02-02 22:04:55,428 search-job-handler [INFO] Search task succeeded.
2026-02-02 22:04:55,428 search-job-handler [INFO] Search task succeeded.
2026-02-02 22:04:55,428 search-job-handler [INFO] Search task succeeded.
2026-02-02 22:04:55,428 search-job-handler [INFO] Search task succeeded.
2026-02-02 22:04:55,428 search-job-handler [INFO] Search task succeeded.
2026-02-02 22:04:55,428 search-job-handler [INFO] Search task succeeded.
2026-02-02 22:04:55,428 search-job-handler [INFO] Search task succeeded.
2026-02-02 22:04:55,428 search-job-handler [INFO] Search task succeeded.
2026-02-02 22:04:55,428 search-job-handler [INFO] Search task succeeded.
2026-02-02 22:04:55,428 search-job-handler [INFO] Search task succeeded.
2026-02-02 22:04:55,428 search-job-handler [INFO] Search task succeeded.
2026-02-02 22:04:55,428 search-job-handler [INFO] Search task succeeded.
2026-02-02 22:04:55,428 search-job-handler [INFO] Search task succeeded.
2026-02-02 22:04:55,429 search-job-handler [INFO] Search task succeeded.
2026-02-02 22:04:55,429 search-job-handler [INFO] Search task succeeded.
2026-02-02 22:04:55,429 search-job-handler [INFO] Search task succeeded.
2026-02-02 22:04:55,429 search-job-handler [INFO] Search task succeeded.
2026-02-02 22:04:55,429 search-job-handler [INFO] Search task succeeded.
2026-02-02 22:04:55,429 search-job-handler [INFO] Search task succeeded.
2026-02-02 22:04:55,429 search-job-handler [INFO] Search task succeeded.
2026-02-02 22:04:55,429 search-job-handler [INFO] Search task succeeded.
2026-02-02 22:04:55,429 search-job-handler [INFO] Search task succeeded.
2026-02-02 22:04:55,429 search-job-handler [INFO] Search task succeeded.
2026-02-02 22:04:55,429 search-job-handler [INFO] Search task succeeded.
2026-02-02 22:04:55,429 search-job-handler [INFO] Search task succeeded.
2026-02-02 22:04:55,429 search-job-handler [INFO] Search task succeeded.
2026-02-02 22:04:55,429 search-job-handler [INFO] Search task succeeded.
2026-02-02 22:04:55,429 search-job-handler [INFO] Search task succeeded.
2026-02-02 22:04:55,429 search-job-handler [INFO] Search task succeeded.
2026-02-02 22:04:55,430 search-job-handler [INFO] Search task succeeded.
2026-02-02 22:04:55,430 search-job-handler [INFO] Search task succeeded.
2026-02-02 22:04:55,430 search-job-handler [INFO] Search task succeeded.
2026-02-02 22:04:55,430 search-job-handler [INFO] Search task succeeded.
2026-02-02 22:04:55,430 search-job-handler [INFO] Search task succeeded.
2026-02-02 22:04:55,430 search-job-handler [INFO] Search task succeeded.
2026-02-02 22:04:55,430 search-job-handler [INFO] Search task succeeded.
2026-02-02 22:04:55,430 search-job-handler [INFO] Search task succeeded.
2026-02-02 22:04:55,430 search-job-handler [INFO] Search task succeeded.
2026-02-02 22:04:55,430 search-job-handler [INFO] Search task succeeded.
2026-02-02 22:04:55,430 search-job-handler [INFO] Search task succeeded.
2026-02-02 22:04:55,430 search-job-handler [INFO] Search task succeeded.
2026-02-02 22:04:55,430 search-job-handler [INFO] Search task succeeded.
2026-02-02 22:04:55,430 search-job-handler [INFO] Search task succeeded.
2026-02-02 22:04:55,430 search-job-handler [INFO] Search task succeeded.
2026-02-02 22:04:55,431 search-job-handler [INFO] Search task succeeded.
2026-02-02 22:04:55,431 search-job-handler [INFO] Search task succeeded.
2026-02-02 22:04:55,431 search-job-handler [INFO] Search task succeeded.
2026-02-02 22:04:55,431 search-job-handler [INFO] Search task succeeded.
2026-02-02 22:04:55,431 search-job-handler [INFO] Search task succeeded.
2026-02-02 22:04:55,431 search-job-handler [INFO] Search task succeeded.
2026-02-02 22:04:55,431 search-job-handler [INFO] Search task succeeded.
2026-02-02 22:04:55,431 search-job-handler [INFO] Search task succeeded.
2026-02-02 22:04:55,431 search-job-handler [INFO] Search task succeeded.
2026-02-02 22:04:55,431 search-job-handler [INFO] Search task succeeded.
2026-02-02 22:04:55,431 search-job-handler [INFO] Search task succeeded.
2026-02-02 22:04:55,431 search-job-handler [INFO] Search task succeeded.
2026-02-02 22:04:55,431 search-job-handler [INFO] Search task succeeded.
2026-02-02 22:04:55,431 search-job-handler [INFO] Search task succeeded.
2026-02-02 22:04:55,431 search-job-handler [INFO] Search task succeeded.
2026-02-02 22:04:55,431 search-job-handler [INFO] Search task succeeded.
2026-02-02 22:04:55,432 search-job-handler [INFO] Search task succeeded.
2026-02-02 22:04:55,432 search-job-handler [INFO] Search task succeeded.
2026-02-02 22:04:55,432 search-job-handler [INFO] Search task succeeded.
2026-02-02 22:04:55,432 search-job-handler [INFO] Search task succeeded.
2026-02-02 22:04:55,432 search-job-handler [INFO] Search task succeeded.
2026-02-02 22:04:55,432 search-job-handler [INFO] Search task succeeded.
2026-02-02 22:04:55,432 search-job-handler [INFO] Search task succeeded.
2026-02-02 22:04:55,432 search-job-handler [INFO] Search task succeeded.
2026-02-02 22:04:55,432 search-job-handler [INFO] Search task succeeded.
2026-02-02 22:04:55,432 search-job-handler [INFO] Search task succeeded.
2026-02-02 22:04:55,432 search-job-handler [INFO] Search task succeeded.
2026-02-02 22:04:55,432 search-job-handler [INFO] Search task succeeded.
2026-02-02 22:04:55,432 search-job-handler [INFO] Search task succeeded.
2026-02-02 22:04:55,432 search-job-handler [INFO] Search task succeeded.
2026-02-02 22:04:55,432 search-job-handler [INFO] Search task succeeded.
2026-02-02 22:04:55,433 search-job-handler [INFO] Search task succeeded.
2026-02-02 22:04:55,433 search-job-handler [INFO] Search task succeeded.
2026-02-02 22:04:55,433 search-job-handler [INFO] Search task succeeded.
2026-02-02 22:04:55,433 search-job-handler [INFO] Search task succeeded.
2026-02-02 22:04:55,433 search-job-handler [INFO] Search task succeeded.
2026-02-02 22:04:55,433 search-job-handler [INFO] Search task succeeded.
2026-02-02 22:04:55,433 search-job-handler [INFO] Search task succeeded.
2026-02-02 22:04:55,433 search-job-handler [INFO] Search task succeeded.
2026-02-02 22:04:55,433 search-job-handler [INFO] Search task succeeded.
2026-02-02 22:04:55,433 search-job-handler [INFO] Search task succeeded.
2026-02-02 22:04:55,433 search-job-handler [INFO] Search task succeeded.
2026-02-02 22:04:55,433 search-job-handler [INFO] Search task succeeded.
2026-02-02 22:04:55,433 search-job-handler [INFO] Search task succeeded.
2026-02-02 22:04:55,433 search-job-handler [INFO] Search task succeeded.
2026-02-02 22:04:55,433 search-job-handler [INFO] Search task succeeded.
2026-02-02 22:04:55,433 search-job-handler [INFO] Search task succeeded.
2026-02-02 22:04:55,434 search-job-handler [INFO] Search task succeeded.
2026-02-02 22:04:55,434 search-job-handler [INFO] Search task succeeded.
2026-02-02 22:04:55,434 search-job-handler [INFO] Search task succeeded.
2026-02-02 22:04:55,434 search-job-handler [INFO] Search task succeeded.
2026-02-02 22:04:55,434 search-job-handler [INFO] Search task succeeded.
2026-02-02 22:04:55,434 search-job-handler [INFO] Search task succeeded.
2026-02-02 22:04:55,434 search-job-handler [INFO] Search task succeeded.
2026-02-02 22:04:55,434 search-job-handler [INFO] Search task succeeded.
2026-02-02 22:04:55,434 search-job-handler [INFO] Search task succeeded.
2026-02-02 22:04:55,434 search-job-handler [INFO] Search task succeeded.
2026-02-02 22:04:55,434 search-job-handler [INFO] Search task succeeded.
2026-02-02 22:04:55,434 search-job-handler [INFO] Search task succeeded.
2026-02-02 22:04:55,434 search-job-handler [INFO] Search task succeeded.
2026-02-02 22:04:55,434 search-job-handler [INFO] Search task succeeded.
2026-02-02 22:04:55,434 search-job-handler [INFO] Search task succeeded.
2026-02-02 22:04:55,434 search-job-handler [INFO] Search task succeeded.
2026-02-02 22:04:55,435 search-job-handler [INFO] Search task succeeded.
2026-02-02 22:04:55,435 search-job-handler [INFO] Search task succeeded.
2026-02-02 22:04:55,435 search-job-handler [INFO] Search task succeeded.
2026-02-02 22:04:55,435 search-job-handler [INFO] Search task succeeded.
2026-02-02 22:04:55,435 search-job-handler [INFO] Search task succeeded.
2026-02-02 22:04:55,435 search-job-handler [INFO] Search task succeeded.
2026-02-02 22:04:55,435 search-job-handler [INFO] Search task succeeded.
2026-02-02 22:04:55,435 search-job-handler [INFO] Search task succeeded.
2026-02-02 22:04:55,435 search-job-handler [INFO] Search task succeeded.
2026-02-02 22:04:55,435 search-job-handler [INFO] Search task succeeded.
2026-02-02 22:04:55,435 search-job-handler [INFO] Search task succeeded.
2026-02-02 22:04:55,435 search-job-handler [INFO] Search task succeeded.
2026-02-02 22:04:55,435 search-job-handler [INFO] Search task succeeded.
2026-02-02 22:04:55,435 search-job-handler [INFO] Search task succeeded.
2026-02-02 22:04:55,435 search-job-handler [INFO] Search task succeeded.
2026-02-02 22:04:55,436 search-job-handler [INFO] Search task succeeded.
2026-02-02 22:04:55,436 search-job-handler [INFO] Search task succeeded.
2026-02-02 22:04:55,436 search-job-handler [INFO] Search task succeeded.
2026-02-02 22:04:55,436 search-job-handler [INFO] Search task succeeded.
2026-02-02 22:04:55,436 search-job-handler [INFO] Search task succeeded.
2026-02-02 22:04:55,436 search-job-handler [INFO] Search task succeeded.
2026-02-02 22:04:55,436 search-job-handler [INFO] Search task succeeded.
2026-02-02 22:04:55,436 search-job-handler [INFO] Search task succeeded.
2026-02-02 22:04:55,436 search-job-handler [INFO] Search task succeeded.
2026-02-02 22:04:55,436 search-job-handler [INFO] Search task succeeded.
2026-02-02 22:04:55,436 search-job-handler [INFO] Search task succeeded.
2026-02-02 22:04:55,436 search-job-handler [INFO] Search task succeeded.
2026-02-02 22:04:55,436 search-job-handler [INFO] Search task succeeded.
2026-02-02 22:04:55,436 search-job-handler [INFO] Search task succeeded.
2026-02-02 22:04:55,436 search-job-handler [INFO] Search task succeeded.
2026-02-02 22:04:55,437 search-job-handler [INFO] Search task succeeded.
2026-02-02 22:04:55,437 search-job-handler [INFO] Search task succeeded.
2026-02-02 22:04:55,437 search-job-handler [INFO] Search task succeeded.
2026-02-02 22:04:55,437 search-job-handler [INFO] Search task succeeded.
2026-02-02 22:04:55,437 search-job-handler [INFO] Search task succeeded.
2026-02-02 22:04:55,437 search-job-handler [INFO] Search task succeeded.
2026-02-02 22:04:55,437 search-job-handler [INFO] Search task succeeded.
2026-02-02 22:04:55,437 search-job-handler [INFO] Search task succeeded.
2026-02-02 22:04:55,437 search-job-handler [INFO] Search task succeeded.
2026-02-02 22:04:55,437 search-job-handler [INFO] Search task succeeded.
2026-02-02 22:04:55,437 search-job-handler [INFO] Search task succeeded.
2026-02-02 22:04:55,437 search-job-handler [INFO] Search task succeeded.
2026-02-02 22:04:55,437 search-job-handler [INFO] Search task succeeded.
2026-02-02 22:04:55,437 search-job-handler [INFO] Search task succeeded.
2026-02-02 22:04:55,437 search-job-handler [INFO] Search task succeeded.
2026-02-02 22:04:55,437 search-job-handler [INFO] Search task succeeded.
2026-02-02 22:04:55,438 search-job-handler [INFO] Search task succeeded.
2026-02-02 22:04:55,438 search-job-handler [INFO] Search task succeeded.
2026-02-02 22:04:55,438 search-job-handler [INFO] Search task succeeded.
2026-02-02 22:04:55,438 search-job-handler [INFO] Search task succeeded.
2026-02-02 22:04:55,438 search-job-handler [INFO] Search task succeeded.
2026-02-02 22:04:55,438 search-job-handler [INFO] Search task succeeded.
2026-02-02 22:04:55,438 search-job-handler [INFO] Search task succeeded.
2026-02-02 22:04:55,438 search-job-handler [INFO] Search task succeeded.
2026-02-02 22:04:55,438 search-job-handler [INFO] Search task succeeded.
2026-02-02 22:04:55,438 search-job-handler [INFO] Search task succeeded.
2026-02-02 22:04:55,438 search-job-handler [INFO] Search task succeeded.
2026-02-02 22:04:55,438 search-job-handler [INFO] Search task succeeded.
2026-02-02 22:04:55,438 search-job-handler [INFO] Search task succeeded.
2026-02-02 22:04:55,438 search-job-handler [INFO] Search task succeeded.
2026-02-02 22:04:55,438 search-job-handler [INFO] Search task succeeded.
2026-02-02 22:04:55,438 search-job-handler [INFO] Search task succeeded.
2026-02-02 22:04:55,439 search-job-handler [INFO] Search task succeeded.
2026-02-02 22:04:55,439 search-job-handler [INFO] Search task succeeded.
2026-02-02 22:04:55,439 search-job-handler [INFO] Search task succeeded.
2026-02-02 22:04:55,439 search-job-handler [INFO] Search task succeeded.
2026-02-02 22:04:55,439 search-job-handler [INFO] Search task succeeded.
2026-02-02 22:04:55,439 search-job-handler [INFO] Search task succeeded.
2026-02-02 22:04:55,439 search-job-handler [INFO] Search task succeeded.
2026-02-02 22:04:55,439 search-job-handler [INFO] Search task succeeded.
2026-02-02 22:04:55,439 search-job-handler [INFO] Search task succeeded.
2026-02-02 22:04:55,439 search-job-handler [INFO] Search task succeeded.
2026-02-02 22:04:55,439 search-job-handler [INFO] Search task succeeded.
2026-02-02 22:04:55,440 search-job-handler [INFO] Search task succeeded.
2026-02-02 22:04:55,440 search-job-handler [INFO] Search task succeeded.
2026-02-02 22:04:55,440 search-job-handler [INFO] Search task succeeded.
2026-02-02 22:04:55,440 search-job-handler [INFO] Search task succeeded.
2026-02-02 22:04:55,440 search-job-handler [INFO] Search task succeeded.
2026-02-02 22:04:55,440 search-job-handler [INFO] Search task succeeded.
2026-02-02 22:04:55,440 search-job-handler [INFO] Search task succeeded.
2026-02-02 22:04:55,440 search-job-handler [INFO] Search task succeeded.
2026-02-02 22:04:55,440 search-job-handler [INFO] Search task succeeded.
2026-02-02 22:04:55,440 search-job-handler [INFO] Search task succeeded.
2026-02-02 22:04:55,440 search-job-handler [INFO] Search task succeeded.
2026-02-02 22:04:55,440 search-job-handler [INFO] Search task succeeded.
2026-02-02 22:04:55,440 search-job-handler [INFO] Search task succeeded.
2026-02-02 22:04:55,440 search-job-handler [INFO] Search task succeeded.
2026-02-02 22:04:55,440 search-job-handler [INFO] Search task succeeded.
2026-02-02 22:04:55,441 search-job-handler [INFO] Search task succeeded.
2026-02-02 22:04:55,441 search-job-handler [INFO] Search task succeeded.
2026-02-02 22:04:55,441 search-job-handler [INFO] Search task succeeded.
2026-02-02 22:04:55,441 search-job-handler [INFO] Search task succeeded.
2026-02-02 22:04:55,441 search-job-handler [INFO] Search task succeeded.
2026-02-02 22:04:55,441 search-job-handler [INFO] Search task succeeded.
2026-02-02 22:04:55,441 search-job-handler [INFO] Search task succeeded.
2026-02-02 22:04:55,441 search-job-handler [INFO] Search task succeeded.
2026-02-02 22:04:55,441 search-job-handler [INFO] Search task succeeded.
2026-02-02 22:04:55,441 search-job-handler [INFO] Search task succeeded.
2026-02-02 22:04:55,441 search-job-handler [INFO] Search task succeeded.
2026-02-02 22:04:55,441 search-job-handler [INFO] Search task succeeded.
2026-02-02 22:04:55,441 search-job-handler [INFO] Search task succeeded.
2026-02-02 22:04:55,441 search-job-handler [INFO] Search task succeeded.
2026-02-02 22:04:55,441 search-job-handler [INFO] Search task succeeded.
2026-02-02 22:04:55,442 search-job-handler [INFO] Search task succeeded.
2026-02-02 22:04:55,442 search-job-handler [INFO] Search task succeeded.
2026-02-02 22:04:55,442 search-job-handler [INFO] Search task succeeded.
2026-02-02 22:04:55,442 search-job-handler [INFO] Search task succeeded.
2026-02-02 22:04:55,442 search-job-handler [INFO] Search task succeeded.
2026-02-02 22:04:55,442 search-job-handler [INFO] Search task succeeded.
2026-02-02 22:04:55,442 search-job-handler [INFO] Search task succeeded.
2026-02-02 22:04:55,442 search-job-handler [INFO] Search task succeeded.
2026-02-02 22:04:55,442 search-job-handler [INFO] Search task succeeded.
2026-02-02 22:04:55,442 search-job-handler [INFO] Search task succeeded.
2026-02-02 22:04:55,442 search-job-handler [INFO] Search task succeeded.
2026-02-02 22:04:55,442 search-job-handler [INFO] Search task succeeded.
2026-02-02 22:04:55,442 search-job-handler [INFO] Search task succeeded.
2026-02-02 22:04:55,442 search-job-handler [INFO] Search task succeeded.
2026-02-02 22:04:55,442 search-job-handler [INFO] Search task succeeded.
2026-02-02 22:04:55,442 search-job-handler [INFO] Search task succeeded.
2026-02-02 22:04:55,443 search-job-handler [INFO] Search task succeeded.
2026-02-02 22:04:55,443 search-job-handler [INFO] Search task succeeded.
2026-02-02 22:04:55,443 search-job-handler [INFO] Search task succeeded.
2026-02-02 22:04:55,443 search-job-handler [INFO] Search task succeeded.
2026-02-02 22:04:55,443 search-job-handler [INFO] Search task succeeded.
2026-02-02 22:04:55,443 search-job-handler [INFO] Search task succeeded.
2026-02-02 22:04:55,443 search-job-handler [INFO] Search task succeeded.
2026-02-02 22:04:55,443 search-job-handler [INFO] Search task succeeded.
2026-02-02 22:04:55,443 search-job-handler [INFO] Search task succeeded.
2026-02-02 22:04:55,443 search-job-handler [INFO] Search task succeeded.
2026-02-02 22:04:55,443 search-job-handler [INFO] Search task succeeded.
2026-02-02 22:04:55,443 search-job-handler [INFO] Search task succeeded.
2026-02-02 22:04:55,443 search-job-handler [INFO] Search task succeeded.
2026-02-02 22:04:55,443 search-job-handler [INFO] Search task succeeded.
2026-02-02 22:04:55,443 search-job-handler [INFO] Search task succeeded.
2026-02-02 22:04:55,444 search-job-handler [INFO] Search task succeeded.
2026-02-02 22:04:55,444 search-job-handler [INFO] Search task succeeded.
2026-02-02 22:04:55,444 search-job-handler [INFO] Search task succeeded.
2026-02-02 22:04:55,444 search-job-handler [INFO] Search task succeeded.
2026-02-02 22:04:55,444 search-job-handler [INFO] Search task succeeded.
2026-02-02 22:04:55,444 search-job-handler [INFO] Search task succeeded.
2026-02-02 22:04:55,444 search-job-handler [INFO] Search task succeeded.
2026-02-02 22:04:55,444 search-job-handler [INFO] Search task succeeded.
2026-02-02 22:04:55,444 search-job-handler [INFO] Search task succeeded.
2026-02-02 22:04:55,444 search-job-handler [INFO] Search task succeeded.
2026-02-02 22:04:55,444 search-job-handler [INFO] Search task succeeded.
2026-02-02 22:04:55,444 search-job-handler [INFO] Search task succeeded.
2026-02-02 22:04:55,444 search-job-handler [INFO] Search task succeeded.
2026-02-02 22:04:55,444 search-job-handler [INFO] Search task succeeded.
2026-02-02 22:04:55,444 search-job-handler [INFO] Search task succeeded.
2026-02-02 22:04:55,445 search-job-handler [INFO] Search task succeeded.
2026-02-02 22:04:55,445 search-job-handler [INFO] Search task succeeded.
2026-02-02 22:04:55,445 search-job-handler [INFO] Search task succeeded.
2026-02-02 22:04:55,445 search-job-handler [INFO] Search task succeeded.
2026-02-02 22:04:55,445 search-job-handler [INFO] Search task succeeded.
2026-02-02 22:04:55,445 search-job-handler [INFO] Search task succeeded.
2026-02-02 22:04:55,445 search-job-handler [INFO] Search task succeeded.
2026-02-02 22:04:55,445 search-job-handler [INFO] Search task succeeded.
2026-02-02 22:04:55,445 search-job-handler [INFO] Search task succeeded.
2026-02-02 22:04:55,445 search-job-handler [INFO] Search task succeeded.
2026-02-02 22:04:55,445 search-job-handler [INFO] Search task succeeded.
2026-02-02 22:04:55,445 search-job-handler [INFO] Search task succeeded.
2026-02-02 22:04:55,445 search-job-handler [INFO] Search task succeeded.
2026-02-02 22:04:55,445 search-job-handler [INFO] Search task succeeded.
2026-02-02 22:04:55,445 search-job-handler [INFO] Search task succeeded.
2026-02-02 22:04:55,445 search-job-handler [INFO] Search task succeeded.
2026-02-02 22:04:55,446 search-job-handler [INFO] Search task succeeded.
2026-02-02 22:04:55,446 search-job-handler [INFO] Search task succeeded.
2026-02-02 22:04:55,446 search-job-handler [INFO] Search task succeeded.
2026-02-02 22:04:55,446 search-job-handler [INFO] Search task succeeded.
2026-02-02 22:04:55,446 search-job-handler [INFO] Search task succeeded.
2026-02-02 22:04:55,446 search-job-handler [INFO] Search task succeeded.
2026-02-02 22:04:55,446 search-job-handler [INFO] Search task succeeded.
2026-02-02 22:04:55,446 search-job-handler [INFO] Search task succeeded.
2026-02-02 22:04:55,446 search-job-handler [INFO] Search task succeeded.
2026-02-02 22:04:55,446 search-job-handler [INFO] Search task succeeded.
2026-02-02 22:04:55,446 search-job-handler [INFO] Search task succeeded.
2026-02-02 22:04:55,446 search-job-handler [INFO] Search task succeeded.
2026-02-02 22:04:55,446 search-job-handler [INFO] Search task succeeded.
2026-02-02 22:04:55,446 search-job-handler [INFO] Search task succeeded.
2026-02-02 22:04:55,446 search-job-handler [INFO] Search task succeeded.
2026-02-02 22:04:55,446 search-job-handler [INFO] Search task succeeded.
2026-02-02 22:04:55,447 search-job-handler [INFO] Search task succeeded.
2026-02-02 22:04:55,447 search-job-handler [INFO] Search task succeeded.
2026-02-02 22:04:55,447 search-job-handler [INFO] Search task succeeded.
2026-02-02 22:04:55,447 search-job-handler [INFO] Search task succeeded.
2026-02-02 22:04:55,447 search-job-handler [INFO] Search task succeeded.
2026-02-02 22:04:55,447 search-job-handler [INFO] Search task succeeded.
2026-02-02 22:04:55,447 search-job-handler [INFO] Search task succeeded.
2026-02-02 22:04:55,447 search-job-handler [INFO] Search task succeeded.
2026-02-02 22:04:55,447 search-job-handler [INFO] Search task succeeded.
2026-02-02 22:04:55,447 search-job-handler [INFO] Search task succeeded.
2026-02-02 22:04:55,447 search-job-handler [INFO] Search task succeeded.
2026-02-02 22:04:55,447 search-job-handler [INFO] Search task succeeded.
2026-02-02 22:04:55,447 search-job-handler [INFO] Search task succeeded.
2026-02-02 22:04:55,447 search-job-handler [INFO] Search task succeeded.
2026-02-02 22:04:55,447 search-job-handler [INFO] Search task succeeded.
2026-02-02 22:04:55,448 search-job-handler [INFO] Search task succeeded.
2026-02-02 22:04:55,448 search-job-handler [INFO] Search task succeeded.
2026-02-02 22:04:55,448 search-job-handler [INFO] Search task succeeded.
2026-02-02 22:04:55,448 search-job-handler [INFO] Search task succeeded.
2026-02-02 22:04:55,448 search-job-handler [INFO] Search task succeeded.
2026-02-02 22:04:55,448 search-job-handler [INFO] Search task succeeded.
2026-02-02 22:04:55,448 search-job-handler [INFO] Search task succeeded.
2026-02-02 22:04:55,448 search-job-handler [INFO] Search task succeeded.
2026-02-02 22:04:55,448 search-job-handler [INFO] Search task succeeded.
2026-02-02 22:04:55,448 search-job-handler [INFO] Search task succeeded.
2026-02-02 22:04:55,448 search-job-handler [INFO] Search task succeeded.
2026-02-02 22:04:55,448 search-job-handler [INFO] Search task succeeded.
2026-02-02 22:04:55,448 search-job-handler [INFO] Search task succeeded.
2026-02-02 22:04:55,448 search-job-handler [INFO] Search task succeeded.
2026-02-02 22:04:55,448 search-job-handler [INFO] Search task succeeded.
2026-02-02 22:04:55,448 search-job-handler [INFO] Search task succeeded.
2026-02-02 22:04:55,449 search-job-handler [INFO] Search task succeeded.
2026-02-02 22:04:55,449 search-job-handler [INFO] Search task succeeded.
2026-02-02 22:04:55,449 search-job-handler [INFO] Search task succeeded.
2026-02-02 22:04:55,449 search-job-handler [INFO] Search task succeeded.
2026-02-02 22:04:55,449 search-job-handler [INFO] Search task succeeded.
2026-02-02 22:04:55,449 search-job-handler [INFO] Search task succeeded.
2026-02-02 22:04:55,449 search-job-handler [INFO] Search task succeeded.
2026-02-02 22:04:55,449 search-job-handler [INFO] Search task succeeded.
2026-02-02 22:04:55,449 search-job-handler [INFO] Search task succeeded.
2026-02-02 22:04:55,449 search-job-handler [INFO] Search task succeeded.
2026-02-02 22:04:55,449 search-job-handler [INFO] Search task succeeded.
2026-02-02 22:04:55,449 search-job-handler [INFO] Search task succeeded.
2026-02-02 22:04:55,449 search-job-handler [INFO] Search task succeeded.
2026-02-02 22:04:55,449 search-job-handler [INFO] Search task succeeded.
2026-02-02 22:04:55,449 search-job-handler [INFO] Search task succeeded.
2026-02-02 22:04:55,450 search-job-handler [INFO] Search task succeeded.
2026-02-02 22:04:55,450 search-job-handler [INFO] Search task succeeded.
2026-02-02 22:04:55,450 search-job-handler [INFO] Search task succeeded.
2026-02-02 22:04:55,450 search-job-handler [INFO] Search task succeeded.
2026-02-02 22:04:55,450 search-job-handler [INFO] Search task succeeded.
2026-02-02 22:04:55,450 search-job-handler [INFO] Search task succeeded.
2026-02-02 22:04:55,450 search-job-handler [INFO] Search task succeeded.
2026-02-02 22:04:55,450 search-job-handler [INFO] Search task succeeded.
2026-02-02 22:04:55,450 search-job-handler [INFO] Search task succeeded.
2026-02-02 22:04:55,450 search-job-handler [INFO] Search task succeeded.
2026-02-02 22:04:55,450 search-job-handler [INFO] Search task succeeded.
2026-02-02 22:04:55,450 search-job-handler [INFO] Search task succeeded.
2026-02-02 22:04:55,450 search-job-handler [INFO] Search task succeeded.
2026-02-02 22:04:55,450 search-job-handler [INFO] Search task succeeded.
2026-02-02 22:04:55,450 search-job-handler [INFO] Search task succeeded.
2026-02-02 22:04:55,450 search-job-handler [INFO] Search task succeeded.
2026-02-02 22:04:55,451 search-job-handler [INFO] Search task succeeded.
2026-02-02 22:04:55,451 search-job-handler [INFO] Search task succeeded.
2026-02-02 22:04:55,451 search-job-handler [INFO] Search task succeeded.
2026-02-02 22:04:55,451 search-job-handler [INFO] Search task succeeded.
2026-02-02 22:04:55,451 search-job-handler [INFO] Search task succeeded.
2026-02-02 22:04:55,451 search-job-handler [INFO] Search task succeeded.
2026-02-02 22:04:55,451 search-job-handler [INFO] Search task succeeded.
2026-02-02 22:04:55,451 search-job-handler [INFO] Search task succeeded.
2026-02-02 22:04:55,451 search-job-handler [INFO] Search task succeeded.
2026-02-02 22:04:55,451 search-job-handler [INFO] Search task succeeded.
2026-02-02 22:04:55,451 search-job-handler [INFO] Search task succeeded.
2026-02-02 22:04:55,451 search-job-handler [INFO] Search task succeeded.
2026-02-02 22:04:55,451 search-job-handler [INFO] Search task succeeded.
2026-02-02 22:04:55,451 search-job-handler [INFO] Search task succeeded.
2026-02-02 22:04:55,451 search-job-handler [INFO] Search task succeeded.
2026-02-02 22:04:55,452 search-job-handler [INFO] Search task succeeded.
2026-02-02 22:04:55,452 search-job-handler [INFO] Search task succeeded.
2026-02-02 22:04:55,452 search-job-handler [INFO] Search task succeeded.
2026-02-02 22:04:55,452 search-job-handler [INFO] Search task succeeded.
2026-02-02 22:04:55,452 search-job-handler [INFO] Search task succeeded.
2026-02-02 22:04:55,452 search-job-handler [INFO] Search task succeeded.
2026-02-02 22:04:55,452 search-job-handler [INFO] Search task succeeded.
2026-02-02 22:04:55,452 search-job-handler [INFO] Search task succeeded.
2026-02-02 22:04:55,452 search-job-handler [INFO] Search task succeeded.
2026-02-02 22:04:55,452 search-job-handler [INFO] Search task succeeded.
2026-02-02 22:04:55,452 search-job-handler [INFO] Search task succeeded.
2026-02-02 22:04:55,452 search-job-handler [INFO] Search task succeeded.
2026-02-02 22:04:55,452 search-job-handler [INFO] Search task succeeded.
2026-02-02 22:04:55,452 search-job-handler [INFO] Search task succeeded.
2026-02-02 22:04:55,452 search-job-handler [INFO] Search task succeeded.
2026-02-02 22:04:55,452 search-job-handler [INFO] Search task succeeded.
2026-02-02 22:04:55,453 search-job-handler [INFO] Search task succeeded.
2026-02-02 22:04:55,453 search-job-handler [INFO] Search task succeeded.
2026-02-02 22:04:55,453 search-job-handler [INFO] Search task succeeded.
2026-02-02 22:04:55,453 search-job-handler [INFO] Search task succeeded.
2026-02-02 22:04:55,453 search-job-handler [INFO] Search task succeeded.
2026-02-02 22:04:55,453 search-job-handler [INFO] Search task succeeded.
2026-02-02 22:04:55,453 search-job-handler [INFO] Search task succeeded.
2026-02-02 22:04:55,453 search-job-handler [INFO] Search task succeeded.
2026-02-02 22:04:55,453 search-job-handler [INFO] Search task succeeded.
2026-02-02 22:04:55,453 search-job-handler [INFO] Search task succeeded.
2026-02-02 22:04:55,453 search-job-handler [INFO] Search task succeeded.
2026-02-02 22:04:55,453 search-job-handler [INFO] Search task succeeded.
2026-02-02 22:04:55,453 search-job-handler [INFO] Search task succeeded.
2026-02-02 22:04:55,453 search-job-handler [INFO] Search task succeeded.
2026-02-02 22:04:55,453 search-job-handler [INFO] Search task succeeded.
2026-02-02 22:04:55,453 search-job-handler [INFO] Search task succeeded.
2026-02-02 22:04:55,454 search-job-handler [INFO] Search task succeeded.
2026-02-02 22:04:55,454 search-job-handler [INFO] Search task succeeded.
2026-02-02 22:04:55,454 search-job-handler [INFO] Search task succeeded.
2026-02-02 22:04:55,454 search-job-handler [INFO] Search task succeeded.
2026-02-02 22:04:55,454 search-job-handler [INFO] Search task succeeded.
2026-02-02 22:04:55,454 search-job-handler [INFO] Search task succeeded.
2026-02-02 22:04:55,454 search-job-handler [INFO] Search task succeeded.
2026-02-02 22:04:55,454 search-job-handler [INFO] Search task succeeded.
2026-02-02 22:04:55,454 search-job-handler [INFO] Search task succeeded.
2026-02-02 22:04:55,454 search-job-handler [INFO] Search task succeeded.
2026-02-02 22:04:55,454 search-job-handler [INFO] Search task succeeded.
2026-02-02 22:04:55,454 search-job-handler [INFO] Search task succeeded.
2026-02-02 22:04:55,454 search-job-handler [INFO] Search task succeeded.
2026-02-02 22:04:55,454 search-job-handler [INFO] Search task succeeded.
2026-02-02 22:04:55,454 search-job-handler [INFO] Search task succeeded.
2026-02-02 22:04:55,455 search-job-handler [INFO] Search task succeeded.
2026-02-02 22:04:55,455 search-job-handler [INFO] Search task succeeded.
2026-02-02 22:04:55,455 search-job-handler [INFO] Search task succeeded.
2026-02-02 22:04:55,455 search-job-handler [INFO] Search task succeeded.
2026-02-02 22:04:55,455 search-job-handler [INFO] Search task succeeded.
2026-02-02 22:04:55,455 search-job-handler [INFO] Search task succeeded.
2026-02-02 22:04:55,455 search-job-handler [INFO] Search task succeeded.
2026-02-02 22:04:55,455 search-job-handler [INFO] Search task succeeded.
2026-02-02 22:04:55,455 search-job-handler [INFO] Search task succeeded.
2026-02-02 22:04:55,455 search-job-handler [INFO] Search task succeeded.
2026-02-02 22:04:55,455 search-job-handler [INFO] Search task succeeded.
2026-02-02 22:04:55,455 search-job-handler [INFO] Search task succeeded.
2026-02-02 22:04:55,455 search-job-handler [INFO] Search task succeeded.
2026-02-02 22:04:55,455 search-job-handler [INFO] Search task succeeded.
2026-02-02 22:04:55,455 search-job-handler [INFO] Search task succeeded.
2026-02-02 22:04:55,456 search-job-handler [INFO] Search task succeeded.
2026-02-02 22:04:55,456 search-job-handler [INFO] Search task succeeded.
2026-02-02 22:04:55,456 search-job-handler [INFO] Search task succeeded.
2026-02-02 22:04:55,456 search-job-handler [INFO] Search task succeeded.
2026-02-02 22:04:55,456 search-job-handler [INFO] Search task succeeded.
2026-02-02 22:04:55,456 search-job-handler [INFO] Search task succeeded.
2026-02-02 22:04:55,456 search-job-handler [INFO] Search task succeeded.
2026-02-02 22:04:55,456 search-job-handler [INFO] Search task succeeded.
2026-02-02 22:04:55,456 search-job-handler [INFO] Search task succeeded.
2026-02-02 22:04:55,456 search-job-handler [INFO] Search task succeeded.
2026-02-02 22:04:55,456 search-job-handler [INFO] Search task succeeded.
2026-02-02 22:04:55,456 search-job-handler [INFO] Search task succeeded.
2026-02-02 22:04:55,456 search-job-handler [INFO] Search task succeeded.
2026-02-02 22:04:55,456 search-job-handler [INFO] Search task succeeded.
2026-02-02 22:04:55,456 search-job-handler [INFO] Search task succeeded.
2026-02-02 22:04:55,456 search-job-handler [INFO] Search task succeeded.
2026-02-02 22:04:55,457 search-job-handler [INFO] Search task succeeded.
2026-02-02 22:04:55,457 search-job-handler [INFO] Search task succeeded.
2026-02-02 22:04:55,457 search-job-handler [INFO] Search task succeeded.
2026-02-02 22:04:55,457 search-job-handler [INFO] Search task succeeded.
2026-02-02 22:04:55,457 search-job-handler [INFO] Search task succeeded.
2026-02-02 22:04:55,457 search-job-handler [INFO] Search task succeeded.
2026-02-02 22:04:55,457 search-job-handler [INFO] Search task succeeded.
2026-02-02 22:04:55,457 search-job-handler [INFO] Search task succeeded.
2026-02-02 22:04:55,457 search-job-handler [INFO] Search task succeeded.
2026-02-02 22:04:55,457 search-job-handler [INFO] Search task succeeded.
2026-02-02 22:04:55,457 search-job-handler [INFO] Search task succeeded.
2026-02-02 22:04:55,457 search-job-handler [INFO] Search task succeeded.
2026-02-02 22:04:55,457 search-job-handler [INFO] Search task succeeded.
2026-02-02 22:04:55,457 search-job-handler [INFO] Search task succeeded.
2026-02-02 22:04:55,457 search-job-handler [INFO] Search task succeeded.
2026-02-02 22:04:55,457 search-job-handler [INFO] Search task succeeded.
2026-02-02 22:04:55,458 search-job-handler [INFO] Search task succeeded.
2026-02-02 22:04:55,458 search-job-handler [INFO] Search task succeeded.
2026-02-02 22:04:55,458 search-job-handler [INFO] Search task succeeded.
2026-02-02 22:04:55,458 search-job-handler [INFO] Search task succeeded.
2026-02-02 22:04:55,458 search-job-handler [INFO] Search task succeeded.
2026-02-02 22:04:55,458 search-job-handler [INFO] Search task succeeded.
2026-02-02 22:04:55,458 search-job-handler [INFO] Search task succeeded.
2026-02-02 22:04:55,458 search-job-handler [INFO] Search task succeeded.
2026-02-02 22:04:55,458 search-job-handler [INFO] Search task succeeded.
2026-02-02 22:04:55,458 search-job-handler [INFO] Search task succeeded.
2026-02-02 22:04:55,458 search-job-handler [INFO] Search task succeeded.
2026-02-02 22:04:55,458 search-job-handler [INFO] Search task succeeded.
2026-02-02 22:04:55,458 search-job-handler [INFO] Search task succeeded.
2026-02-02 22:04:55,458 search-job-handler [INFO] Search task succeeded.
2026-02-02 22:04:55,458 search-job-handler [INFO] Search task succeeded.
2026-02-02 22:04:55,459 search-job-handler [INFO] Search task succeeded.
2026-02-02 22:04:55,459 search-job-handler [INFO] Search task succeeded.
2026-02-02 22:04:55,459 search-job-handler [INFO] Search task succeeded.
2026-02-02 22:04:55,459 search-job-handler [INFO] Search task succeeded.
2026-02-02 22:04:55,459 search-job-handler [INFO] Search task succeeded.
2026-02-02 22:04:55,459 search-job-handler [INFO] Search task succeeded.
2026-02-02 22:04:55,459 search-job-handler [INFO] Search task succeeded.
2026-02-02 22:04:55,459 search-job-handler [INFO] Search task succeeded.
2026-02-02 22:04:55,459 search-job-handler [INFO] Search task succeeded.
2026-02-02 22:04:55,459 search-job-handler [INFO] Search task succeeded.
2026-02-02 22:04:55,459 search-job-handler [INFO] Search task succeeded.
2026-02-02 22:04:55,459 search-job-handler [INFO] Search task succeeded.
2026-02-02 22:04:55,459 search-job-handler [INFO] Search task succeeded.
2026-02-02 22:04:55,459 search-job-handler [INFO] Search task succeeded.
2026-02-02 22:04:55,459 search-job-handler [INFO] Search task succeeded.
2026-02-02 22:04:55,459 search-job-handler [INFO] Search task succeeded.
2026-02-02 22:04:55,460 search-job-handler [INFO] Search task succeeded.
2026-02-02 22:04:55,460 search-job-handler [INFO] Search task succeeded.
2026-02-02 22:04:55,460 search-job-handler [INFO] Search task succeeded.
2026-02-02 22:04:55,460 search-job-handler [INFO] Search task succeeded.
2026-02-02 22:04:55,460 search-job-handler [INFO] Search task succeeded.
2026-02-02 22:04:55,460 search-job-handler [INFO] Search task succeeded.
2026-02-02 22:04:55,460 search-job-handler [INFO] Search task succeeded.
2026-02-02 22:04:55,460 search-job-handler [INFO] Search task succeeded.
2026-02-02 22:04:55,460 search-job-handler [INFO] Search task succeeded.
2026-02-02 22:04:55,460 search-job-handler [INFO] Search task succeeded.
2026-02-02 22:04:55,460 search-job-handler [INFO] Search task succeeded.
2026-02-02 22:04:55,460 search-job-handler [INFO] Search task succeeded.
2026-02-02 22:04:55,460 search-job-handler [INFO] Search task succeeded.
2026-02-02 22:04:55,460 search-job-handler [INFO] Search task succeeded.
2026-02-02 22:04:55,460 search-job-handler [INFO] Search task succeeded.
2026-02-02 22:04:55,460 search-job-handler [INFO] Search task succeeded.
2026-02-02 22:04:55,461 search-job-handler [INFO] Search task succeeded.
2026-02-02 22:04:55,461 search-job-handler [INFO] Search task succeeded.
2026-02-02 22:04:55,461 search-job-handler [INFO] Search task succeeded.
2026-02-02 22:04:55,461 search-job-handler [INFO] Search task succeeded.
2026-02-02 22:04:55,461 search-job-handler [INFO] Search task succeeded.
2026-02-02 22:04:55,461 search-job-handler [INFO] Search task succeeded.
2026-02-02 22:04:55,461 search-job-handler [INFO] Search task succeeded.
2026-02-02 22:04:55,461 search-job-handler [INFO] Search task succeeded.
2026-02-02 22:04:55,461 search-job-handler [INFO] Search task succeeded.
2026-02-02 22:04:55,461 search-job-handler [INFO] Search task succeeded.
2026-02-02 22:04:55,461 search-job-handler [INFO] Search task succeeded.
2026-02-02 22:04:55,461 search-job-handler [INFO] Search task succeeded.
2026-02-02 22:04:55,461 search-job-handler [INFO] Search task succeeded.
2026-02-02 22:04:55,461 search-job-handler [INFO] Search task succeeded.
2026-02-02 22:04:55,461 search-job-handler [INFO] Search task succeeded.
2026-02-02 22:04:55,462 search-job-handler [INFO] Search task succeeded.
2026-02-02 22:04:55,462 search-job-handler [INFO] Search task succeeded.
2026-02-02 22:04:55,462 search-job-handler [INFO] Search task succeeded.
2026-02-02 22:04:55,462 search-job-handler [INFO] Search task succeeded.
2026-02-02 22:04:55,462 search-job-handler [INFO] Search task succeeded.
2026-02-02 22:04:55,462 search-job-handler [INFO] Search task succeeded.
2026-02-02 22:04:55,462 search-job-handler [INFO] Search task succeeded.
2026-02-02 22:04:55,462 search-job-handler [INFO] Search task succeeded.
2026-02-02 22:04:55,462 search-job-handler [INFO] Search task succeeded.
2026-02-02 22:04:55,462 search-job-handler [INFO] Search task succeeded.
2026-02-02 22:04:55,462 search-job-handler [INFO] Search task succeeded.
2026-02-02 22:04:55,462 search-job-handler [INFO] Search task succeeded.
2026-02-02 22:04:55,462 search-job-handler [INFO] Search task succeeded.
2026-02-02 22:04:55,462 search-job-handler [INFO] Search task succeeded.
2026-02-02 22:04:55,462 search-job-handler [INFO] Search task succeeded.
2026-02-02 22:04:55,462 search-job-handler [INFO] Search task succeeded.
2026-02-02 22:04:55,463 search-job-handler [INFO] Search task succeeded.
2026-02-02 22:04:55,463 search-job-handler [INFO] Search task succeeded.
2026-02-02 22:04:55,463 search-job-handler [INFO] Search task succeeded.
2026-02-02 22:04:55,463 search-job-handler [INFO] Search task succeeded.
2026-02-02 22:04:55,463 search-job-handler [INFO] Search task succeeded.
2026-02-02 22:04:55,463 search-job-handler [INFO] Search task succeeded.
2026-02-02 22:04:55,463 search-job-handler [INFO] Search task succeeded.
2026-02-02 22:04:55,463 search-job-handler [INFO] Search task succeeded.
2026-02-02 22:04:55,463 search-job-handler [INFO] Search task succeeded.
2026-02-02 22:04:55,463 search-job-handler [INFO] Search task succeeded.
2026-02-02 22:04:55,463 search-job-handler [INFO] Search task succeeded.
2026-02-02 22:04:55,463 search-job-handler [INFO] Search task succeeded.
2026-02-02 22:04:55,463 search-job-handler [INFO] Search task succeeded.
2026-02-02 22:04:55,463 search-job-handler [INFO] Search task succeeded.
2026-02-02 22:04:55,463 search-job-handler [INFO] Search task succeeded.
2026-02-02 22:04:55,463 search-job-handler [INFO] Search task succeeded.
2026-02-02 22:04:55,464 search-job-handler [INFO] Search task succeeded.
2026-02-02 22:04:55,464 search-job-handler [INFO] Search task succeeded.
2026-02-02 22:04:55,464 search-job-handler [INFO] Search task succeeded.
2026-02-02 22:04:55,464 search-job-handler [INFO] Search task succeeded.
2026-02-02 22:04:55,464 search-job-handler [INFO] Search task succeeded.
2026-02-02 22:04:55,464 search-job-handler [INFO] Search task succeeded.
2026-02-02 22:04:55,464 search-job-handler [INFO] Search task succeeded.
2026-02-02 22:04:55,464 search-job-handler [INFO] Search task succeeded.
2026-02-02 22:04:55,464 search-job-handler [INFO] Search task succeeded.
2026-02-02 22:04:55,464 search-job-handler [INFO] Search task succeeded.
2026-02-02 22:04:55,464 search-job-handler [INFO] Search task succeeded.
2026-02-02 22:04:55,464 search-job-handler [INFO] Search task succeeded.
2026-02-02 22:04:55,464 search-job-handler [INFO] Search task succeeded.
2026-02-02 22:04:55,464 search-job-handler [INFO] Search task succeeded.
2026-02-02 22:04:55,464 search-job-handler [INFO] Search task succeeded.
2026-02-02 22:04:55,465 search-job-handler [INFO] Search task succeeded.
2026-02-02 22:04:55,465 search-job-handler [INFO] Search task succeeded.
2026-02-02 22:04:55,465 search-job-handler [INFO] Search task succeeded.
2026-02-02 22:04:55,465 search-job-handler [INFO] Search task succeeded.
2026-02-02 22:04:55,465 search-job-handler [INFO] Search task succeeded.
2026-02-02 22:04:55,465 search-job-handler [INFO] Search task succeeded.
2026-02-02 22:04:55,465 search-job-handler [INFO] Search task succeeded.
2026-02-02 22:04:55,465 search-job-handler [INFO] Search task succeeded.
2026-02-02 22:04:55,465 search-job-handler [INFO] Search task succeeded.
2026-02-02 22:04:55,465 search-job-handler [INFO] Search task succeeded.
2026-02-02 22:04:55,465 search-job-handler [INFO] Search task succeeded.
2026-02-02 22:04:55,465 search-job-handler [INFO] Search task succeeded.
2026-02-02 22:04:55,465 search-job-handler [INFO] Search task succeeded.
2026-02-02 22:04:55,465 search-job-handler [INFO] Search task succeeded.
2026-02-02 22:04:55,465 search-job-handler [INFO] Search task succeeded.
2026-02-02 22:04:55,466 search-job-handler [INFO] Search task succeeded.
2026-02-02 22:04:55,466 search-job-handler [INFO] Search task succeeded.
2026-02-02 22:04:55,466 search-job-handler [INFO] Search task succeeded.
2026-02-02 22:04:55,466 search-job-handler [INFO] Search task succeeded.
2026-02-02 22:04:55,466 search-job-handler [INFO] Search task succeeded.
2026-02-02 22:04:55,466 search-job-handler [INFO] Search task succeeded.
2026-02-02 22:04:55,466 search-job-handler [INFO] Search task succeeded.
2026-02-02 22:04:55,466 search-job-handler [INFO] Search task succeeded.
2026-02-02 22:04:55,466 search-job-handler [INFO] Search task succeeded.
2026-02-02 22:04:55,466 search-job-handler [INFO] Search task succeeded.
2026-02-02 22:04:55,466 search-job-handler [INFO] Search task succeeded.
2026-02-02 22:04:55,466 search-job-handler [INFO] Search task succeeded.
2026-02-02 22:04:55,466 search-job-handler [INFO] Search task succeeded.
2026-02-02 22:04:55,466 search-job-handler [INFO] Search task succeeded.
2026-02-02 22:04:55,466 search-job-handler [INFO] Search task succeeded.
2026-02-02 22:04:55,466 search-job-handler [INFO] Search task succeeded.
2026-02-02 22:04:55,467 search-job-handler [INFO] Search task succeeded.
2026-02-02 22:04:55,467 search-job-handler [INFO] Search task succeeded.
2026-02-02 22:04:55,467 search-job-handler [INFO] Search task succeeded.
2026-02-02 22:04:55,467 search-job-handler [INFO] Search task succeeded.
2026-02-02 22:04:55,467 search-job-handler [INFO] Search task succeeded.
2026-02-02 22:04:55,467 search-job-handler [INFO] Search task succeeded.
2026-02-02 22:04:55,467 search-job-handler [INFO] Search task succeeded.
2026-02-02 22:04:55,467 search-job-handler [INFO] Search task succeeded.
2026-02-02 22:04:55,467 search-job-handler [INFO] Search task succeeded.
2026-02-02 22:04:55,467 search-job-handler [INFO] Search task succeeded.
2026-02-02 22:04:55,467 search-job-handler [INFO] Search task succeeded.
2026-02-02 22:04:55,467 search-job-handler [INFO] Search task succeeded.
2026-02-02 22:04:55,467 search-job-handler [INFO] Search task succeeded.
2026-02-02 22:04:55,467 search-job-handler [INFO] Search task succeeded.
2026-02-02 22:04:55,467 search-job-handler [INFO] Search task succeeded.
2026-02-02 22:04:55,467 search-job-handler [INFO] Search task succeeded.
2026-02-02 22:04:55,468 search-job-handler [INFO] Search task succeeded.
2026-02-02 22:04:55,468 search-job-handler [INFO] Search task succeeded.
2026-02-02 22:04:55,468 search-job-handler [INFO] Search task succeeded.
2026-02-02 22:04:55,468 search-job-handler [INFO] Search task succeeded.
2026-02-02 22:04:55,468 search-job-handler [INFO] Search task succeeded.
2026-02-02 22:04:55,468 search-job-handler [INFO] Search task succeeded.
2026-02-02 22:04:55,468 search-job-handler [INFO] Search task succeeded.
2026-02-02 22:04:55,468 search-job-handler [INFO] Search task succeeded.
2026-02-02 22:04:55,468 search-job-handler [INFO] Search task succeeded.
2026-02-02 22:04:55,468 search-job-handler [INFO] Search task succeeded.
2026-02-02 22:04:55,468 search-job-handler [INFO] Search task succeeded.
2026-02-02 22:04:55,468 search-job-handler [INFO] Search task succeeded.
2026-02-02 22:04:55,468 search-job-handler [INFO] Search task succeeded.
2026-02-02 22:04:55,468 search-job-handler [INFO] Search task succeeded.
2026-02-02 22:04:55,468 search-job-handler [INFO] Search task succeeded.
2026-02-02 22:04:55,469 search-job-handler [INFO] Search task succeeded.
2026-02-02 22:04:55,469 search-job-handler [INFO] Search task succeeded.
2026-02-02 22:04:55,469 search-job-handler [INFO] Search task succeeded.
2026-02-02 22:04:55,469 search-job-handler [INFO] Search task succeeded.
2026-02-02 22:04:55,469 search-job-handler [INFO] Search task succeeded.
2026-02-02 22:04:55,469 search-job-handler [INFO] Search task succeeded.
2026-02-02 22:04:55,469 search-job-handler [INFO] Search task succeeded.
2026-02-02 22:04:55,469 search-job-handler [INFO] Search task succeeded.
2026-02-02 22:04:55,469 search-job-handler [INFO] Search task succeeded.
2026-02-02 22:04:55,469 search-job-handler [INFO] Search task succeeded.
2026-02-02 22:04:55,469 search-job-handler [INFO] Search task succeeded.
2026-02-02 22:04:55,469 search-job-handler [INFO] Search task succeeded.
2026-02-02 22:04:55,469 search-job-handler [INFO] Search task succeeded.
2026-02-02 22:04:55,469 search-job-handler [INFO] Search task succeeded.
2026-02-02 22:04:55,469 search-job-handler [INFO] Search task succeeded.
2026-02-02 22:04:55,469 search-job-handler [INFO] Search task succeeded.
2026-02-02 22:04:55,470 search-job-handler [INFO] Search task succeeded.
2026-02-02 22:04:55,470 search-job-handler [INFO] Search task succeeded.
2026-02-02 22:04:55,470 search-job-handler [INFO] Search task succeeded.
2026-02-02 22:04:55,470 search-job-handler [INFO] Search task succeeded.
2026-02-02 22:04:55,470 search-job-handler [INFO] Search task succeeded.
2026-02-02 22:04:55,470 search-job-handler [INFO] Search task succeeded.
2026-02-02 22:04:55,470 search-job-handler [INFO] Search task succeeded.
2026-02-02 22:04:55,470 search-job-handler [INFO] Search task succeeded.
2026-02-02 22:04:55,470 search-job-handler [INFO] Search task succeeded.
2026-02-02 22:04:55,470 search-job-handler [INFO] Search task succeeded.
2026-02-02 22:04:55,470 search-job-handler [INFO] Search task succeeded.
2026-02-02 22:04:55,470 search-job-handler [INFO] Search task succeeded.
2026-02-02 22:04:55,470 search-job-handler [INFO] Search task succeeded.
2026-02-02 22:04:55,470 search-job-handler [INFO] Search task succeeded.
2026-02-02 22:04:55,470 search-job-handler [INFO] Search task succeeded.
2026-02-02 22:04:55,470 search-job-handler [INFO] Search task succeeded.
2026-02-02 22:04:55,471 search-job-handler [INFO] Search task succeeded.
2026-02-02 22:04:55,471 search-job-handler [INFO] Search task succeeded.
2026-02-02 22:04:55,471 search-job-handler [INFO] Search task succeeded.
2026-02-02 22:04:55,471 search-job-handler [INFO] Search task succeeded.
2026-02-02 22:04:55,471 search-job-handler [INFO] Search task succeeded.
2026-02-02 22:04:55,471 search-job-handler [INFO] Search task succeeded.
2026-02-02 22:04:55,471 search-job-handler [INFO] Search task succeeded.
2026-02-02 22:04:55,471 search-job-handler [INFO] Search task succeeded.
2026-02-02 22:04:55,471 search-job-handler [INFO] Search task succeeded.
2026-02-02 22:04:55,471 search-job-handler [INFO] Search task succeeded.
2026-02-02 22:04:55,471 search-job-handler [INFO] Search task succeeded.
2026-02-02 22:04:55,471 search-job-handler [INFO] Search task succeeded.
2026-02-02 22:04:55,471 search-job-handler [INFO] Search task succeeded.
2026-02-02 22:04:55,471 search-job-handler [INFO] Search task succeeded.
2026-02-02 22:04:55,471 search-job-handler [INFO] Search task succeeded.
2026-02-02 22:04:55,471 search-job-handler [INFO] Search task succeeded.
2026-02-02 22:04:55,472 search-job-handler [INFO] Search task succeeded.
2026-02-02 22:04:55,472 search-job-handler [INFO] Search task succeeded.
2026-02-02 22:04:55,472 search-job-handler [INFO] Search task succeeded.
2026-02-02 22:04:55,472 search-job-handler [INFO] Search task succeeded.
2026-02-02 22:04:55,472 search-job-handler [INFO] Search task succeeded.
2026-02-02 22:04:55,472 search-job-handler [INFO] Search task succeeded.
2026-02-02 22:04:55,472 search-job-handler [INFO] Search task succeeded.
2026-02-02 22:04:55,472 search-job-handler [INFO] Search task succeeded.
2026-02-02 22:04:55,472 search-job-handler [INFO] Search task succeeded.
2026-02-02 22:04:55,472 search-job-handler [INFO] Search task succeeded.
2026-02-02 22:04:55,473 search-job-handler [INFO] Search task succeeded.
2026-02-02 22:04:55,473 search-job-handler [INFO] Search task succeeded.
2026-02-02 22:04:55,473 search-job-handler [INFO] Search task succeeded.
2026-02-02 22:04:55,473 search-job-handler [INFO] Search task succeeded.
2026-02-02 22:04:55,473 search-job-handler [INFO] Search task succeeded.
2026-02-02 22:04:55,473 search-job-handler [INFO] Search task succeeded.
2026-02-02 22:04:55,473 search-job-handler [INFO] Search task succeeded.
2026-02-02 22:04:55,473 search-job-handler [INFO] Search task succeeded.
2026-02-02 22:04:55,473 search-job-handler [INFO] Search task succeeded.
2026-02-02 22:04:55,473 search-job-handler [INFO] Search task succeeded.
2026-02-02 22:04:55,473 search-job-handler [INFO] Search task succeeded.
2026-02-02 22:04:55,473 search-job-handler [INFO] Search task succeeded.
2026-02-02 22:04:55,473 search-job-handler [INFO] Search task succeeded.
2026-02-02 22:04:55,473 search-job-handler [INFO] Search task succeeded.
2026-02-02 22:04:55,473 search-job-handler [INFO] Search task succeeded.
2026-02-02 22:04:55,473 search-job-handler [INFO] Search task succeeded.
2026-02-02 22:04:55,474 search-job-handler [INFO] Search task succeeded.
2026-02-02 22:04:55,474 search-job-handler [INFO] Search task succeeded.
2026-02-02 22:04:55,474 search-job-handler [INFO] Search task succeeded.
2026-02-02 22:04:55,474 search-job-handler [INFO] Search task succeeded.
2026-02-02 22:04:55,474 search-job-handler [INFO] Search task succeeded.
2026-02-02 22:04:55,474 search-job-handler [INFO] Search task succeeded.
2026-02-02 22:04:55,474 search-job-handler [INFO] Search task succeeded.
2026-02-02 22:04:55,474 search-job-handler [INFO] Search task succeeded.
2026-02-02 22:04:55,474 search-job-handler [INFO] Search task succeeded.
2026-02-02 22:04:55,474 search-job-handler [INFO] Search task succeeded.
2026-02-02 22:04:55,474 search-job-handler [INFO] Search task succeeded.
2026-02-02 22:04:55,474 search-job-handler [INFO] Search task succeeded.
2026-02-02 22:04:55,474 search-job-handler [INFO] Search task succeeded.
2026-02-02 22:04:55,474 search-job-handler [INFO] Search task succeeded.
2026-02-02 22:04:55,502 search-job-handler [INFO] Completed job 1 at 2026-02-02T22:04:55.474938, total duration=83.36s.
2026-02-02 22:47:53,226 search-job-handler [INFO] Query scheduler using Spider.
2026-02-02 22:47:53,243 search-job-handler [INFO] Connected to archive database.
2026-02-02 22:47:53,243 search-job-handler [INFO] Query scheduler started.
2026-02-02 22:48:00,816 search-job-handler [INFO] Submitting Spider job 2 at 2026-02-02T22:48:00.816768 with 923 search tasks, aggregation=False
2026-02-02 22:48:03,889 search-job-handler [INFO] Submitted Spider job 2 at 2026-02-02T22:48:03.889697, submission took 3.073s
2026-02-02 22:48:03,954 search-job-handler [INFO] Dispatched search job 2 at 2026-02-02T22:48:03.893052 with 923 tasks.
2026-02-02 22:49:25,683 search-job-handler [INFO] Search task succeeded.
2026-02-02 22:49:25,683 search-job-handler [INFO] Search task succeeded.
2026-02-02 22:49:25,683 search-job-handler [INFO] Search task succeeded.
2026-02-02 22:49:25,683 search-job-handler [INFO] Search task succeeded.
2026-02-02 22:49:25,683 search-job-handler [INFO] Search task succeeded.
2026-02-02 22:49:25,683 search-job-handler [INFO] Search task succeeded.
2026-02-02 22:49:25,683 search-job-handler [INFO] Search task succeeded.
2026-02-02 22:49:25,683 search-job-handler [INFO] Search task succeeded.
2026-02-02 22:49:25,684 search-job-handler [INFO] Search task succeeded.
2026-02-02 22:49:25,684 search-job-handler [INFO] Search task succeeded.
2026-02-02 22:49:25,684 search-job-handler [INFO] Search task succeeded.
2026-02-02 22:49:25,684 search-job-handler [INFO] Search task succeeded.
2026-02-02 22:49:25,684 search-job-handler [INFO] Search task succeeded.
2026-02-02 22:49:25,684 search-job-handler [INFO] Search task succeeded.
2026-02-02 22:49:25,684 search-job-handler [INFO] Search task succeeded.
2026-02-02 22:49:25,684 search-job-handler [INFO] Search task succeeded.
2026-02-02 22:49:25,684 search-job-handler [INFO] Search task succeeded.
2026-02-02 22:49:25,684 search-job-handler [INFO] Search task succeeded.
2026-02-02 22:49:25,684 search-job-handler [INFO] Search task succeeded.
2026-02-02 22:49:25,684 search-job-handler [INFO] Search task succeeded.
2026-02-02 22:49:25,684 search-job-handler [INFO] Search task succeeded.
2026-02-02 22:49:25,684 search-job-handler [INFO] Search task succeeded.
2026-02-02 22:49:25,684 search-job-handler [INFO] Search task succeeded.
2026-02-02 22:49:25,684 search-job-handler [INFO] Search task succeeded.
2026-02-02 22:49:25,685 search-job-handler [INFO] Search task succeeded.
2026-02-02 22:49:25,685 search-job-handler [INFO] Search task succeeded.
2026-02-02 22:49:25,685 search-job-handler [INFO] Search task succeeded.
2026-02-02 22:49:25,685 search-job-handler [INFO] Search task succeeded.
2026-02-02 22:49:25,685 search-job-handler [INFO] Search task succeeded.
2026-02-02 22:49:25,685 search-job-handler [INFO] Search task succeeded.
2026-02-02 22:49:25,685 search-job-handler [INFO] Search task succeeded.
2026-02-02 22:49:25,685 search-job-handler [INFO] Search task succeeded.
2026-02-02 22:49:25,685 search-job-handler [INFO] Search task succeeded.
2026-02-02 22:49:25,685 search-job-handler [INFO] Search task succeeded.
2026-02-02 22:49:25,685 search-job-handler [INFO] Search task succeeded.
2026-02-02 22:49:25,685 search-job-handler [INFO] Search task succeeded.
2026-02-02 22:49:25,685 search-job-handler [INFO] Search task succeeded.
2026-02-02 22:49:25,685 search-job-handler [INFO] Search task succeeded.
2026-02-02 22:49:25,685 search-job-handler [INFO] Search task succeeded.
2026-02-02 22:49:25,685 search-job-handler [INFO] Search task succeeded.
2026-02-02 22:49:25,686 search-job-handler [INFO] Search task succeeded.
2026-02-02 22:49:25,686 search-job-handler [INFO] Search task succeeded.
2026-02-02 22:49:25,686 search-job-handler [INFO] Search task succeeded.
2026-02-02 22:49:25,686 search-job-handler [INFO] Search task succeeded.
2026-02-02 22:49:25,686 search-job-handler [INFO] Search task succeeded.
2026-02-02 22:49:25,686 search-job-handler [INFO] Search task succeeded.
2026-02-02 22:49:25,686 search-job-handler [INFO] Search task succeeded.
2026-02-02 22:49:25,686 search-job-handler [INFO] Search task succeeded.
2026-02-02 22:49:25,686 search-job-handler [INFO] Search task succeeded.
2026-02-02 22:49:25,686 search-job-handler [INFO] Search task succeeded.
2026-02-02 22:49:25,686 search-job-handler [INFO] Search task succeeded.
2026-02-02 22:49:25,686 search-job-handler [INFO] Search task succeeded.
2026-02-02 22:49:25,686 search-job-handler [INFO] Search task succeeded.
2026-02-02 22:49:25,686 search-job-handler [INFO] Search task succeeded.
2026-02-02 22:49:25,686 search-job-handler [INFO] Search task succeeded.
2026-02-02 22:49:25,686 search-job-handler [INFO] Search task succeeded.
2026-02-02 22:49:25,686 search-job-handler [INFO] Search task succeeded.
2026-02-02 22:49:25,687 search-job-handler [INFO] Search task succeeded.
2026-02-02 22:49:25,687 search-job-handler [INFO] Search task succeeded.
2026-02-02 22:49:25,687 search-job-handler [INFO] Search task succeeded.
2026-02-02 22:49:25,687 search-job-handler [INFO] Search task succeeded.
2026-02-02 22:49:25,687 search-job-handler [INFO] Search task succeeded.
2026-02-02 22:49:25,687 search-job-handler [INFO] Search task succeeded.
2026-02-02 22:49:25,687 search-job-handler [INFO] Search task succeeded.
2026-02-02 22:49:25,687 search-job-handler [INFO] Search task succeeded.
2026-02-02 22:49:25,687 search-job-handler [INFO] Search task succeeded.
2026-02-02 22:49:25,687 search-job-handler [INFO] Search task succeeded.
2026-02-02 22:49:25,687 search-job-handler [INFO] Search task succeeded.
2026-02-02 22:49:25,687 search-job-handler [INFO] Search task succeeded.
2026-02-02 22:49:25,687 search-job-handler [INFO] Search task succeeded.
2026-02-02 22:49:25,687 search-job-handler [INFO] Search task succeeded.
2026-02-02 22:49:25,687 search-job-handler [INFO] Search task succeeded.
2026-02-02 22:49:25,687 search-job-handler [INFO] Search task succeeded.
2026-02-02 22:49:25,688 search-job-handler [INFO] Search task succeeded.
2026-02-02 22:49:25,688 search-job-handler [INFO] Search task succeeded.
2026-02-02 22:49:25,688 search-job-handler [INFO] Search task succeeded.
2026-02-02 22:49:25,688 search-job-handler [INFO] Search task succeeded.
2026-02-02 22:49:25,688 search-job-handler [INFO] Search task succeeded.
2026-02-02 22:49:25,688 search-job-handler [INFO] Search task succeeded.
2026-02-02 22:49:25,688 search-job-handler [INFO] Search task succeeded.
2026-02-02 22:49:25,688 search-job-handler [INFO] Search task succeeded.
2026-02-02 22:49:25,688 search-job-handler [INFO] Search task succeeded.
2026-02-02 22:49:25,688 search-job-handler [INFO] Search task succeeded.
2026-02-02 22:49:25,688 search-job-handler [INFO] Search task succeeded.
2026-02-02 22:49:25,688 search-job-handler [INFO] Search task succeeded.
2026-02-02 22:49:25,688 search-job-handler [INFO] Search task succeeded.
2026-02-02 22:49:25,688 search-job-handler [INFO] Search task succeeded.
2026-02-02 22:49:25,688 search-job-handler [INFO] Search task succeeded.
2026-02-02 22:49:25,688 search-job-handler [INFO] Search task succeeded.
2026-02-02 22:49:25,689 search-job-handler [INFO] Search task succeeded.
2026-02-02 22:49:25,689 search-job-handler [INFO] Search task succeeded.
2026-02-02 22:49:25,689 search-job-handler [INFO] Search task succeeded.
2026-02-02 22:49:25,689 search-job-handler [INFO] Search task succeeded.
2026-02-02 22:49:25,689 search-job-handler [INFO] Search task succeeded.
2026-02-02 22:49:25,689 search-job-handler [INFO] Search task succeeded.
2026-02-02 22:49:25,689 search-job-handler [INFO] Search task succeeded.
2026-02-02 22:49:25,689 search-job-handler [INFO] Search task succeeded.
2026-02-02 22:49:25,689 search-job-handler [INFO] Search task succeeded.
2026-02-02 22:49:25,689 search-job-handler [INFO] Search task succeeded.
2026-02-02 22:49:25,689 search-job-handler [INFO] Search task succeeded.
2026-02-02 22:49:25,689 search-job-handler [INFO] Search task succeeded.
2026-02-02 22:49:25,689 search-job-handler [INFO] Search task succeeded.
2026-02-02 22:49:25,689 search-job-handler [INFO] Search task succeeded.
2026-02-02 22:49:25,689 search-job-handler [INFO] Search task succeeded.
2026-02-02 22:49:25,689 search-job-handler [INFO] Search task succeeded.
2026-02-02 22:49:25,690 search-job-handler [INFO] Search task succeeded.
2026-02-02 22:49:25,690 search-job-handler [INFO] Search task succeeded.
2026-02-02 22:49:25,690 search-job-handler [INFO] Search task succeeded.
2026-02-02 22:49:25,690 search-job-handler [INFO] Search task succeeded.
2026-02-02 22:49:25,690 search-job-handler [INFO] Search task succeeded.
2026-02-02 22:49:25,690 search-job-handler [INFO] Search task succeeded.
2026-02-02 22:49:25,690 search-job-handler [INFO] Search task succeeded.
2026-02-02 22:49:25,690 search-job-handler [INFO] Search task succeeded.
2026-02-02 22:49:25,690 search-job-handler [INFO] Search task succeeded.
2026-02-02 22:49:25,690 search-job-handler [INFO] Search task succeeded.
2026-02-02 22:49:25,690 search-job-handler [INFO] Search task succeeded.
2026-02-02 22:49:25,690 search-job-handler [INFO] Search task succeeded.
2026-02-02 22:49:25,690 search-job-handler [INFO] Search task succeeded.
2026-02-02 22:49:25,690 search-job-handler [INFO] Search task succeeded.
2026-02-02 22:49:25,690 search-job-handler [INFO] Search task succeeded.
2026-02-02 22:49:25,690 search-job-handler [INFO] Search task succeeded.
2026-02-02 22:49:25,691 search-job-handler [INFO] Search task succeeded.
2026-02-02 22:49:25,691 search-job-handler [INFO] Search task succeeded.
2026-02-02 22:49:25,691 search-job-handler [INFO] Search task succeeded.
2026-02-02 22:49:25,691 search-job-handler [INFO] Search task succeeded.
2026-02-02 22:49:25,691 search-job-handler [INFO] Search task succeeded.
2026-02-02 22:49:25,691 search-job-handler [INFO] Search task succeeded.
2026-02-02 22:49:25,691 search-job-handler [INFO] Search task succeeded.
2026-02-02 22:49:25,691 search-job-handler [INFO] Search task succeeded.
2026-02-02 22:49:25,691 search-job-handler [INFO] Search task succeeded.
2026-02-02 22:49:25,691 search-job-handler [INFO] Search task succeeded.
2026-02-02 22:49:25,691 search-job-handler [INFO] Search task succeeded.
2026-02-02 22:49:25,691 search-job-handler [INFO] Search task succeeded.
2026-02-02 22:49:25,691 search-job-handler [INFO] Search task succeeded.
2026-02-02 22:49:25,691 search-job-handler [INFO] Search task succeeded.
2026-02-02 22:49:25,691 search-job-handler [INFO] Search task succeeded.
2026-02-02 22:49:25,691 search-job-handler [INFO] Search task succeeded.
2026-02-02 22:49:25,692 search-job-handler [INFO] Search task succeeded.
2026-02-02 22:49:25,692 search-job-handler [INFO] Search task succeeded.
2026-02-02 22:49:25,692 search-job-handler [INFO] Search task succeeded.
2026-02-02 22:49:25,692 search-job-handler [INFO] Search task succeeded.
2026-02-02 22:49:25,692 search-job-handler [INFO] Search task succeeded.
2026-02-02 22:49:25,692 search-job-handler [INFO] Search task succeeded.
2026-02-02 22:49:25,692 search-job-handler [INFO] Search task succeeded.
2026-02-02 22:49:25,692 search-job-handler [INFO] Search task succeeded.
2026-02-02 22:49:25,692 search-job-handler [INFO] Search task succeeded.
2026-02-02 22:49:25,692 search-job-handler [INFO] Search task succeeded.
2026-02-02 22:49:25,692 search-job-handler [INFO] Search task succeeded.
2026-02-02 22:49:25,692 search-job-handler [INFO] Search task succeeded.
2026-02-02 22:49:25,692 search-job-handler [INFO] Search task succeeded.
2026-02-02 22:49:25,693 search-job-handler [INFO] Search task succeeded.
2026-02-02 22:49:25,693 search-job-handler [INFO] Search task succeeded.
2026-02-02 22:49:25,693 search-job-handler [INFO] Search task succeeded.
2026-02-02 22:49:25,693 search-job-handler [INFO] Search task succeeded.
2026-02-02 22:49:25,693 search-job-handler [INFO] Search task succeeded.
2026-02-02 22:49:25,693 search-job-handler [INFO] Search task succeeded.
2026-02-02 22:49:25,693 search-job-handler [INFO] Search task succeeded.
2026-02-02 22:49:25,693 search-job-handler [INFO] Search task succeeded.
2026-02-02 22:49:25,693 search-job-handler [INFO] Search task succeeded.
2026-02-02 22:49:25,693 search-job-handler [INFO] Search task succeeded.
2026-02-02 22:49:25,693 search-job-handler [INFO] Search task succeeded.
2026-02-02 22:49:25,693 search-job-handler [INFO] Search task succeeded.
2026-02-02 22:49:25,693 search-job-handler [INFO] Search task succeeded.
2026-02-02 22:49:25,693 search-job-handler [INFO] Search task succeeded.
2026-02-02 22:49:25,693 search-job-handler [INFO] Search task succeeded.
2026-02-02 22:49:25,694 search-job-handler [INFO] Search task succeeded.
2026-02-02 22:49:25,694 search-job-handler [INFO] Search task succeeded.
2026-02-02 22:49:25,694 search-job-handler [INFO] Search task succeeded.
2026-02-02 22:49:25,694 search-job-handler [INFO] Search task succeeded.
2026-02-02 22:49:25,694 search-job-handler [INFO] Search task succeeded.
2026-02-02 22:49:25,694 search-job-handler [INFO] Search task succeeded.
2026-02-02 22:49:25,694 search-job-handler [INFO] Search task succeeded.
2026-02-02 22:49:25,694 search-job-handler [INFO] Search task succeeded.
2026-02-02 22:49:25,694 search-job-handler [INFO] Search task succeeded.
2026-02-02 22:49:25,694 search-job-handler [INFO] Search task succeeded.
2026-02-02 22:49:25,694 search-job-handler [INFO] Search task succeeded.
2026-02-02 22:49:25,694 search-job-handler [INFO] Search task succeeded.
2026-02-02 22:49:25,694 search-job-handler [INFO] Search task succeeded.
2026-02-02 22:49:25,694 search-job-handler [INFO] Search task succeeded.
2026-02-02 22:49:25,694 search-job-handler [INFO] Search task succeeded.
2026-02-02 22:49:25,695 search-job-handler [INFO] Search task succeeded.
2026-02-02 22:49:25,695 search-job-handler [INFO] Search task succeeded.
2026-02-02 22:49:25,695 search-job-handler [INFO] Search task succeeded.
2026-02-02 22:49:25,695 search-job-handler [INFO] Search task succeeded.
2026-02-02 22:49:25,695 search-job-handler [INFO] Search task succeeded.
2026-02-02 22:49:25,695 search-job-handler [INFO] Search task succeeded.
2026-02-02 22:49:25,695 search-job-handler [INFO] Search task succeeded.
2026-02-02 22:49:25,695 search-job-handler [INFO] Search task succeeded.
2026-02-02 22:49:25,695 search-job-handler [INFO] Search task succeeded.
2026-02-02 22:49:25,695 search-job-handler [INFO] Search task succeeded.
2026-02-02 22:49:25,695 search-job-handler [INFO] Search task succeeded.
2026-02-02 22:49:25,695 search-job-handler [INFO] Search task succeeded.
2026-02-02 22:49:25,695 search-job-handler [INFO] Search task succeeded.
2026-02-02 22:49:25,695 search-job-handler [INFO] Search task succeeded.
2026-02-02 22:49:25,695 search-job-handler [INFO] Search task succeeded.
2026-02-02 22:49:25,695 search-job-handler [INFO] Search task succeeded.
2026-02-02 22:49:25,696 search-job-handler [INFO] Search task succeeded.
2026-02-02 22:49:25,696 search-job-handler [INFO] Search task succeeded.
2026-02-02 22:49:25,696 search-job-handler [INFO] Search task succeeded.
2026-02-02 22:49:25,696 search-job-handler [INFO] Search task succeeded.
2026-02-02 22:49:25,696 search-job-handler [INFO] Search task succeeded.
2026-02-02 22:49:25,696 search-job-handler [INFO] Search task succeeded.
2026-02-02 22:49:25,696 search-job-handler [INFO] Search task succeeded.
2026-02-02 22:49:25,696 search-job-handler [INFO] Search task succeeded.
2026-02-02 22:49:25,696 search-job-handler [INFO] Search task succeeded.
2026-02-02 22:49:25,696 search-job-handler [INFO] Search task succeeded.
2026-02-02 22:49:25,696 search-job-handler [INFO] Search task succeeded.
2026-02-02 22:49:25,696 search-job-handler [INFO] Search task succeeded.
2026-02-02 22:49:25,696 search-job-handler [INFO] Search task succeeded.
2026-02-02 22:49:25,696 search-job-handler [INFO] Search task succeeded.
2026-02-02 22:49:25,696 search-job-handler [INFO] Search task succeeded.
2026-02-02 22:49:25,696 search-job-handler [INFO] Search task succeeded.
2026-02-02 22:49:25,696 search-job-handler [INFO] Search task succeeded.
2026-02-02 22:49:25,697 search-job-handler [INFO] Search task succeeded.
2026-02-02 22:49:25,697 search-job-handler [INFO] Search task succeeded.
2026-02-02 22:49:25,697 search-job-handler [INFO] Search task succeeded.
2026-02-02 22:49:25,697 search-job-handler [INFO] Search task succeeded.
2026-02-02 22:49:25,697 search-job-handler [INFO] Search task succeeded.
2026-02-02 22:49:25,697 search-job-handler [INFO] Search task succeeded.
2026-02-02 22:49:25,697 search-job-handler [INFO] Search task succeeded.
2026-02-02 22:49:25,697 search-job-handler [INFO] Search task succeeded.
2026-02-02 22:49:25,697 search-job-handler [INFO] Search task succeeded.
2026-02-02 22:49:25,697 search-job-handler [INFO] Search task succeeded.
2026-02-02 22:49:25,697 search-job-handler [INFO] Search task succeeded.
2026-02-02 22:49:25,697 search-job-handler [INFO] Search task succeeded.
2026-02-02 22:49:25,697 search-job-handler [INFO] Search task succeeded.
2026-02-02 22:49:25,697 search-job-handler [INFO] Search task succeeded.
2026-02-02 22:49:25,697 search-job-handler [INFO] Search task succeeded.
2026-02-02 22:49:25,697 search-job-handler [INFO] Search task succeeded.
2026-02-02 22:49:25,697 search-job-handler [INFO] Search task succeeded.
2026-02-02 22:49:25,698 search-job-handler [INFO] Search task succeeded.
2026-02-02 22:49:25,698 search-job-handler [INFO] Search task succeeded.
2026-02-02 22:49:25,698 search-job-handler [INFO] Search task succeeded.
2026-02-02 22:49:25,698 search-job-handler [INFO] Search task succeeded.
2026-02-02 22:49:25,698 search-job-handler [INFO] Search task succeeded.
2026-02-02 22:49:25,698 search-job-handler [INFO] Search task succeeded.
2026-02-02 22:49:25,698 search-job-handler [INFO] Search task succeeded.
2026-02-02 22:49:25,698 search-job-handler [INFO] Search task succeeded.
2026-02-02 22:49:25,698 search-job-handler [INFO] Search task succeeded.
2026-02-02 22:49:25,698 search-job-handler [INFO] Search task succeeded.
2026-02-02 22:49:25,698 search-job-handler [INFO] Search task succeeded.
2026-02-02 22:49:25,698 search-job-handler [INFO] Search task succeeded.
2026-02-02 22:49:25,698 search-job-handler [INFO] Search task succeeded.
2026-02-02 22:49:25,698 search-job-handler [INFO] Search task succeeded.
2026-02-02 22:49:25,698 search-job-handler [INFO] Search task succeeded.
2026-02-02 22:49:25,698 search-job-handler [INFO] Search task succeeded.
2026-02-02 22:49:25,699 search-job-handler [INFO] Search task succeeded.
2026-02-02 22:49:25,699 search-job-handler [INFO] Search task succeeded.
2026-02-02 22:49:25,699 search-job-handler [INFO] Search task succeeded.
2026-02-02 22:49:25,699 search-job-handler [INFO] Search task succeeded.
2026-02-02 22:49:25,699 search-job-handler [INFO] Search task succeeded.
2026-02-02 22:49:25,699 search-job-handler [INFO] Search task succeeded.
2026-02-02 22:49:25,699 search-job-handler [INFO] Search task succeeded.
2026-02-02 22:49:25,699 search-job-handler [INFO] Search task succeeded.
2026-02-02 22:49:25,699 search-job-handler [INFO] Search task succeeded.
2026-02-02 22:49:25,699 search-job-handler [INFO] Search task succeeded.
2026-02-02 22:49:25,699 search-job-handler [INFO] Search task succeeded.
2026-02-02 22:49:25,699 search-job-handler [INFO] Search task succeeded.
2026-02-02 22:49:25,699 search-job-handler [INFO] Search task succeeded.
2026-02-02 22:49:25,699 search-job-handler [INFO] Search task succeeded.
2026-02-02 22:49:25,699 search-job-handler [INFO] Search task succeeded.
2026-02-02 22:49:25,699 search-job-handler [INFO] Search task succeeded.
2026-02-02 22:49:25,700 search-job-handler [INFO] Search task succeeded.
2026-02-02 22:49:25,700 search-job-handler [INFO] Search task succeeded.
2026-02-02 22:49:25,700 search-job-handler [INFO] Search task succeeded.
2026-02-02 22:49:25,700 search-job-handler [INFO] Search task succeeded.
2026-02-02 22:49:25,700 search-job-handler [INFO] Search task succeeded.
2026-02-02 22:49:25,700 search-job-handler [INFO] Search task succeeded.
2026-02-02 22:49:25,700 search-job-handler [INFO] Search task succeeded.
2026-02-02 22:49:25,700 search-job-handler [INFO] Search task succeeded.
2026-02-02 22:49:25,700 search-job-handler [INFO] Search task succeeded.
2026-02-02 22:49:25,700 search-job-handler [INFO] Search task succeeded.
2026-02-02 22:49:25,700 search-job-handler [INFO] Search task succeeded.
2026-02-02 22:49:25,700 search-job-handler [INFO] Search task succeeded.
2026-02-02 22:49:25,700 search-job-handler [INFO] Search task succeeded.
2026-02-02 22:49:25,700 search-job-handler [INFO] Search task succeeded.
2026-02-02 22:49:25,700 search-job-handler [INFO] Search task succeeded.
2026-02-02 22:49:25,700 search-job-handler [INFO] Search task succeeded.
2026-02-02 22:49:25,700 search-job-handler [INFO] Search task succeeded.
2026-02-02 22:49:25,701 search-job-handler [INFO] Search task succeeded.
2026-02-02 22:49:25,701 search-job-handler [INFO] Search task succeeded.
2026-02-02 22:49:25,701 search-job-handler [INFO] Search task succeeded.
2026-02-02 22:49:25,701 search-job-handler [INFO] Search task succeeded.
2026-02-02 22:49:25,701 search-job-handler [INFO] Search task succeeded.
2026-02-02 22:49:25,701 search-job-handler [INFO] Search task succeeded.
2026-02-02 22:49:25,701 search-job-handler [INFO] Search task succeeded.
2026-02-02 22:49:25,701 search-job-handler [INFO] Search task succeeded.
2026-02-02 22:49:25,701 search-job-handler [INFO] Search task succeeded.
2026-02-02 22:49:25,701 search-job-handler [INFO] Search task succeeded.
2026-02-02 22:49:25,701 search-job-handler [INFO] Search task succeeded.
2026-02-02 22:49:25,701 search-job-handler [INFO] Search task succeeded.
2026-02-02 22:49:25,701 search-job-handler [INFO] Search task succeeded.
2026-02-02 22:49:25,701 search-job-handler [INFO] Search task succeeded.
2026-02-02 22:49:25,701 search-job-handler [INFO] Search task succeeded.
2026-02-02 22:49:25,701 search-job-handler [INFO] Search task succeeded.
2026-02-02 22:49:25,702 search-job-handler [INFO] Search task succeeded.
2026-02-02 22:49:25,702 search-job-handler [INFO] Search task succeeded.
2026-02-02 22:49:25,702 search-job-handler [INFO] Search task succeeded.
2026-02-02 22:49:25,702 search-job-handler [INFO] Search task succeeded.
2026-02-02 22:49:25,702 search-job-handler [INFO] Search task succeeded.
2026-02-02 22:49:25,702 search-job-handler [INFO] Search task succeeded.
2026-02-02 22:49:25,702 search-job-handler [INFO] Search task succeeded.
2026-02-02 22:49:25,702 search-job-handler [INFO] Search task succeeded.
2026-02-02 22:49:25,702 search-job-handler [INFO] Search task succeeded.
2026-02-02 22:49:25,702 search-job-handler [INFO] Search task succeeded.
2026-02-02 22:49:25,702 search-job-handler [INFO] Search task succeeded.
2026-02-02 22:49:25,702 search-job-handler [INFO] Search task succeeded.
2026-02-02 22:49:25,702 search-job-handler [INFO] Search task succeeded.
2026-02-02 22:49:25,702 search-job-handler [INFO] Search task succeeded.
2026-02-02 22:49:25,702 search-job-handler [INFO] Search task succeeded.
2026-02-02 22:49:25,702 search-job-handler [INFO] Search task succeeded.
2026-02-02 22:49:25,702 search-job-handler [INFO] Search task succeeded.
2026-02-02 22:49:25,703 search-job-handler [INFO] Search task succeeded.
2026-02-02 22:49:25,703 search-job-handler [INFO] Search task succeeded.
2026-02-02 22:49:25,703 search-job-handler [INFO] Search task succeeded.
2026-02-02 22:49:25,703 search-job-handler [INFO] Search task succeeded.
2026-02-02 22:49:25,703 search-job-handler [INFO] Search task succeeded.
2026-02-02 22:49:25,703 search-job-handler [INFO] Search task succeeded.
2026-02-02 22:49:25,703 search-job-handler [INFO] Search task succeeded.
2026-02-02 22:49:25,703 search-job-handler [INFO] Search task succeeded.
2026-02-02 22:49:25,703 search-job-handler [INFO] Search task succeeded.
2026-02-02 22:49:25,703 search-job-handler [INFO] Search task succeeded.
2026-02-02 22:49:25,703 search-job-handler [INFO] Search task succeeded.
2026-02-02 22:49:25,703 search-job-handler [INFO] Search task succeeded.
2026-02-02 22:49:25,703 search-job-handler [INFO] Search task succeeded.
2026-02-02 22:49:25,703 search-job-handler [INFO] Search task succeeded.
2026-02-02 22:49:25,703 search-job-handler [INFO] Search task succeeded.
2026-02-02 22:49:25,704 search-job-handler [INFO] Search task succeeded.
2026-02-02 22:49:25,704 search-job-handler [INFO] Search task succeeded.
2026-02-02 22:49:25,704 search-job-handler [INFO] Search task succeeded.
2026-02-02 22:49:25,704 search-job-handler [INFO] Search task succeeded.
2026-02-02 22:49:25,704 search-job-handler [INFO] Search task succeeded.
2026-02-02 22:49:25,704 search-job-handler [INFO] Search task succeeded.
2026-02-02 22:49:25,704 search-job-handler [INFO] Search task succeeded.
2026-02-02 22:49:25,704 search-job-handler [INFO] Search task succeeded.
2026-02-02 22:49:25,704 search-job-handler [INFO] Search task succeeded.
2026-02-02 22:49:25,704 search-job-handler [INFO] Search task succeeded.
2026-02-02 22:49:25,704 search-job-handler [INFO] Search task succeeded.
2026-02-02 22:49:25,704 search-job-handler [INFO] Search task succeeded.
2026-02-02 22:49:25,704 search-job-handler [INFO] Search task succeeded.
2026-02-02 22:49:25,704 search-job-handler [INFO] Search task succeeded.
2026-02-02 22:49:25,704 search-job-handler [INFO] Search task succeeded.
2026-02-02 22:49:25,704 search-job-handler [INFO] Search task succeeded.
2026-02-02 22:49:25,705 search-job-handler [INFO] Search task succeeded.
2026-02-02 22:49:25,705 search-job-handler [INFO] Search task succeeded.
2026-02-02 22:49:25,705 search-job-handler [INFO] Search task succeeded.
2026-02-02 22:49:25,705 search-job-handler [INFO] Search task succeeded.
2026-02-02 22:49:25,705 search-job-handler [INFO] Search task succeeded.
2026-02-02 22:49:25,705 search-job-handler [INFO] Search task succeeded.
2026-02-02 22:49:25,705 search-job-handler [INFO] Search task succeeded.
2026-02-02 22:49:25,705 search-job-handler [INFO] Search task succeeded.
2026-02-02 22:49:25,705 search-job-handler [INFO] Search task succeeded.
2026-02-02 22:49:25,705 search-job-handler [INFO] Search task succeeded.
2026-02-02 22:49:25,705 search-job-handler [INFO] Search task succeeded.
2026-02-02 22:49:25,705 search-job-handler [INFO] Search task succeeded.
2026-02-02 22:49:25,705 search-job-handler [INFO] Search task succeeded.
2026-02-02 22:49:25,705 search-job-handler [INFO] Search task succeeded.
2026-02-02 22:49:25,705 search-job-handler [INFO] Search task succeeded.
2026-02-02 22:49:25,705 search-job-handler [INFO] Search task succeeded.
2026-02-02 22:49:25,705 search-job-handler [INFO] Search task succeeded.
2026-02-02 22:49:25,706 search-job-handler [INFO] Search task succeeded.
2026-02-02 22:49:25,706 search-job-handler [INFO] Search task succeeded.
2026-02-02 22:49:25,706 search-job-handler [INFO] Search task succeeded.
2026-02-02 22:49:25,706 search-job-handler [INFO] Search task succeeded.
2026-02-02 22:49:25,706 search-job-handler [INFO] Search task succeeded.
2026-02-02 22:49:25,706 search-job-handler [INFO] Search task succeeded.
2026-02-02 22:49:25,706 search-job-handler [INFO] Search task succeeded.
2026-02-02 22:49:25,706 search-job-handler [INFO] Search task succeeded.
2026-02-02 22:49:25,706 search-job-handler [INFO] Search task succeeded.
2026-02-02 22:49:25,706 search-job-handler [INFO] Search task succeeded.
2026-02-02 22:49:25,706 search-job-handler [INFO] Search task succeeded.
2026-02-02 22:49:25,706 search-job-handler [INFO] Search task succeeded.
2026-02-02 22:49:25,706 search-job-handler [INFO] Search task succeeded.
2026-02-02 22:49:25,706 search-job-handler [INFO] Search task succeeded.
2026-02-02 22:49:25,706 search-job-handler [INFO] Search task succeeded.
2026-02-02 22:49:25,706 search-job-handler [INFO] Search task succeeded.
2026-02-02 22:49:25,707 search-job-handler [INFO] Search task succeeded.
2026-02-02 22:49:25,707 search-job-handler [INFO] Search task succeeded.
2026-02-02 22:49:25,707 search-job-handler [INFO] Search task succeeded.
2026-02-02 22:49:25,707 search-job-handler [INFO] Search task succeeded.
2026-02-02 22:49:25,707 search-job-handler [INFO] Search task succeeded.
2026-02-02 22:49:25,707 search-job-handler [INFO] Search task succeeded.
2026-02-02 22:49:25,707 search-job-handler [INFO] Search task succeeded.
2026-02-02 22:49:25,707 search-job-handler [INFO] Search task succeeded.
2026-02-02 22:49:25,707 search-job-handler [INFO] Search task succeeded.
2026-02-02 22:49:25,707 search-job-handler [INFO] Search task succeeded.
2026-02-02 22:49:25,707 search-job-handler [INFO] Search task succeeded.
2026-02-02 22:49:25,707 search-job-handler [INFO] Search task succeeded.
2026-02-02 22:49:25,707 search-job-handler [INFO] Search task succeeded.
2026-02-02 22:49:25,707 search-job-handler [INFO] Search task succeeded.
2026-02-02 22:49:25,707 search-job-handler [INFO] Search task succeeded.
2026-02-02 22:49:25,707 search-job-handler [INFO] Search task succeeded.
2026-02-02 22:49:25,708 search-job-handler [INFO] Search task succeeded.
2026-02-02 22:49:25,708 search-job-handler [INFO] Search task succeeded.
2026-02-02 22:49:25,708 search-job-handler [INFO] Search task succeeded.
2026-02-02 22:49:25,708 search-job-handler [INFO] Search task succeeded.
2026-02-02 22:49:25,708 search-job-handler [INFO] Search task succeeded.
2026-02-02 22:49:25,708 search-job-handler [INFO] Search task succeeded.
2026-02-02 22:49:25,708 search-job-handler [INFO] Search task succeeded.
2026-02-02 22:49:25,708 search-job-handler [INFO] Search task succeeded.
2026-02-02 22:49:25,708 search-job-handler [INFO] Search task succeeded.
2026-02-02 22:49:25,708 search-job-handler [INFO] Search task succeeded.
2026-02-02 22:49:25,708 search-job-handler [INFO] Search task succeeded.
2026-02-02 22:49:25,708 search-job-handler [INFO] Search task succeeded.
2026-02-02 22:49:25,708 search-job-handler [INFO] Search task succeeded.
2026-02-02 22:49:25,709 search-job-handler [INFO] Search task succeeded.
2026-02-02 22:49:25,709 search-job-handler [INFO] Search task succeeded.
2026-02-02 22:49:25,709 search-job-handler [INFO] Search task succeeded.
2026-02-02 22:49:25,709 search-job-handler [INFO] Search task succeeded.
2026-02-02 22:49:25,709 search-job-handler [INFO] Search task succeeded.
2026-02-02 22:49:25,709 search-job-handler [INFO] Search task succeeded.
2026-02-02 22:49:25,709 search-job-handler [INFO] Search task succeeded.
2026-02-02 22:49:25,709 search-job-handler [INFO] Search task succeeded.
2026-02-02 22:49:25,709 search-job-handler [INFO] Search task succeeded.
2026-02-02 22:49:25,709 search-job-handler [INFO] Search task succeeded.
2026-02-02 22:49:25,709 search-job-handler [INFO] Search task succeeded.
2026-02-02 22:49:25,709 search-job-handler [INFO] Search task succeeded.
2026-02-02 22:49:25,709 search-job-handler [INFO] Search task succeeded.
2026-02-02 22:49:25,709 search-job-handler [INFO] Search task succeeded.
2026-02-02 22:49:25,709 search-job-handler [INFO] Search task succeeded.
2026-02-02 22:49:25,709 search-job-handler [INFO] Search task succeeded.
2026-02-02 22:49:25,710 search-job-handler [INFO] Search task succeeded.
2026-02-02 22:49:25,710 search-job-handler [INFO] Search task succeeded.
2026-02-02 22:49:25,710 search-job-handler [INFO] Search task succeeded.
2026-02-02 22:49:25,710 search-job-handler [INFO] Search task succeeded.
2026-02-02 22:49:25,710 search-job-handler [INFO] Search task succeeded.
2026-02-02 22:49:25,710 search-job-handler [INFO] Search task succeeded.
2026-02-02 22:49:25,710 search-job-handler [INFO] Search task succeeded.
2026-02-02 22:49:25,710 search-job-handler [INFO] Search task succeeded.
2026-02-02 22:49:25,710 search-job-handler [INFO] Search task succeeded.
2026-02-02 22:49:25,710 search-job-handler [INFO] Search task succeeded.
2026-02-02 22:49:25,710 search-job-handler [INFO] Search task succeeded.
2026-02-02 22:49:25,710 search-job-handler [INFO] Search task succeeded.
2026-02-02 22:49:25,710 search-job-handler [INFO] Search task succeeded.
2026-02-02 22:49:25,710 search-job-handler [INFO] Search task succeeded.
2026-02-02 22:49:25,710 search-job-handler [INFO] Search task succeeded.
2026-02-02 22:49:25,710 search-job-handler [INFO] Search task succeeded.
2026-02-02 22:49:25,710 search-job-handler [INFO] Search task succeeded.
2026-02-02 22:49:25,710 search-job-handler [INFO] Search task succeeded.
2026-02-02 22:49:25,711 search-job-handler [INFO] Search task succeeded.
2026-02-02 22:49:25,711 search-job-handler [INFO] Search task succeeded.
2026-02-02 22:49:25,711 search-job-handler [INFO] Search task succeeded.
2026-02-02 22:49:25,711 search-job-handler [INFO] Search task succeeded.
2026-02-02 22:49:25,711 search-job-handler [INFO] Search task succeeded.
2026-02-02 22:49:25,711 search-job-handler [INFO] Search task succeeded.
2026-02-02 22:49:25,711 search-job-handler [INFO] Search task succeeded.
2026-02-02 22:49:25,711 search-job-handler [INFO] Search task succeeded.
2026-02-02 22:49:25,711 search-job-handler [INFO] Search task succeeded.
2026-02-02 22:49:25,711 search-job-handler [INFO] Search task succeeded.
2026-02-02 22:49:25,711 search-job-handler [INFO] Search task succeeded.
2026-02-02 22:49:25,711 search-job-handler [INFO] Search task succeeded.
2026-02-02 22:49:25,711 search-job-handler [INFO] Search task succeeded.
2026-02-02 22:49:25,711 search-job-handler [INFO] Search task succeeded.
2026-02-02 22:49:25,711 search-job-handler [INFO] Search task succeeded.
2026-02-02 22:49:25,711 search-job-handler [INFO] Search task succeeded.
2026-02-02 22:49:25,712 search-job-handler [INFO] Search task succeeded.
2026-02-02 22:49:25,712 search-job-handler [INFO] Search task succeeded.
2026-02-02 22:49:25,712 search-job-handler [INFO] Search task succeeded.
2026-02-02 22:49:25,712 search-job-handler [INFO] Search task succeeded.
2026-02-02 22:49:25,712 search-job-handler [INFO] Search task succeeded.
2026-02-02 22:49:25,712 search-job-handler [INFO] Search task succeeded.
2026-02-02 22:49:25,712 search-job-handler [INFO] Search task succeeded.
2026-02-02 22:49:25,712 search-job-handler [INFO] Search task succeeded.
2026-02-02 22:49:25,712 search-job-handler [INFO] Search task succeeded.
2026-02-02 22:49:25,712 search-job-handler [INFO] Search task succeeded.
2026-02-02 22:49:25,712 search-job-handler [INFO] Search task succeeded.
2026-02-02 22:49:25,712 search-job-handler [INFO] Search task succeeded.
2026-02-02 22:49:25,712 search-job-handler [INFO] Search task succeeded.
2026-02-02 22:49:25,712 search-job-handler [INFO] Search task succeeded.
2026-02-02 22:49:25,712 search-job-handler [INFO] Search task succeeded.
2026-02-02 22:49:25,712 search-job-handler [INFO] Search task succeeded.
2026-02-02 22:49:25,712 search-job-handler [INFO] Search task succeeded.
2026-02-02 22:49:25,712 search-job-handler [INFO] Search task succeeded.
2026-02-02 22:49:25,713 search-job-handler [INFO] Search task succeeded.
2026-02-02 22:49:25,713 search-job-handler [INFO] Search task succeeded.
2026-02-02 22:49:25,713 search-job-handler [INFO] Search task succeeded.
2026-02-02 22:49:25,713 search-job-handler [INFO] Search task succeeded.
2026-02-02 22:49:25,713 search-job-handler [INFO] Search task succeeded.
2026-02-02 22:49:25,713 search-job-handler [INFO] Search task succeeded.
2026-02-02 22:49:25,713 search-job-handler [INFO] Search task succeeded.
2026-02-02 22:49:25,713 search-job-handler [INFO] Search task succeeded.
2026-02-02 22:49:25,713 search-job-handler [INFO] Search task succeeded.
2026-02-02 22:49:25,713 search-job-handler [INFO] Search task succeeded.
2026-02-02 22:49:25,713 search-job-handler [INFO] Search task succeeded.
2026-02-02 22:49:25,713 search-job-handler [INFO] Search task succeeded.
2026-02-02 22:49:25,713 search-job-handler [INFO] Search task succeeded.
2026-02-02 22:49:25,713 search-job-handler [INFO] Search task succeeded.
2026-02-02 22:49:25,713 search-job-handler [INFO] Search task succeeded.
2026-02-02 22:49:25,713 search-job-handler [INFO] Search task succeeded.
2026-02-02 22:49:25,713 search-job-handler [INFO] Search task succeeded.
2026-02-02 22:49:25,713 search-job-handler [INFO] Search task succeeded.
2026-02-02 22:49:25,714 search-job-handler [INFO] Search task succeeded.
2026-02-02 22:49:25,714 search-job-handler [INFO] Search task succeeded.
2026-02-02 22:49:25,714 search-job-handler [INFO] Search task succeeded.
2026-02-02 22:49:25,714 search-job-handler [INFO] Search task succeeded.
2026-02-02 22:49:25,714 search-job-handler [INFO] Search task succeeded.
2026-02-02 22:49:25,714 search-job-handler [INFO] Search task succeeded.
2026-02-02 22:49:25,714 search-job-handler [INFO] Search task succeeded.
2026-02-02 22:49:25,714 search-job-handler [INFO] Search task succeeded.
2026-02-02 22:49:25,714 search-job-handler [INFO] Search task succeeded.
2026-02-02 22:49:25,714 search-job-handler [INFO] Search task succeeded.
2026-02-02 22:49:25,714 search-job-handler [INFO] Search task succeeded.
2026-02-02 22:49:25,714 search-job-handler [INFO] Search task succeeded.
2026-02-02 22:49:25,714 search-job-handler [INFO] Search task succeeded.
2026-02-02 22:49:25,714 search-job-handler [INFO] Search task succeeded.
2026-02-02 22:49:25,715 search-job-handler [INFO] Search task succeeded.
2026-02-02 22:49:25,715 search-job-handler [INFO] Search task succeeded.
2026-02-02 22:49:25,715 search-job-handler [INFO] Search task succeeded.
2026-02-02 22:49:25,715 search-job-handler [INFO] Search task succeeded.
2026-02-02 22:49:25,715 search-job-handler [INFO] Search task succeeded.
2026-02-02 22:49:25,715 search-job-handler [INFO] Search task succeeded.
2026-02-02 22:49:25,715 search-job-handler [INFO] Search task succeeded.
2026-02-02 22:49:25,715 search-job-handler [INFO] Search task succeeded.
2026-02-02 22:49:25,715 search-job-handler [INFO] Search task succeeded.
2026-02-02 22:49:25,715 search-job-handler [INFO] Search task succeeded.
2026-02-02 22:49:25,715 search-job-handler [INFO] Search task succeeded.
2026-02-02 22:49:25,715 search-job-handler [INFO] Search task succeeded.
2026-02-02 22:49:25,715 search-job-handler [INFO] Search task succeeded.
2026-02-02 22:49:25,716 search-job-handler [INFO] Search task succeeded.
2026-02-02 22:49:25,716 search-job-handler [INFO] Search task succeeded.
2026-02-02 22:49:25,716 search-job-handler [INFO] Search task succeeded.
2026-02-02 22:49:25,716 search-job-handler [INFO] Search task succeeded.
2026-02-02 22:49:25,716 search-job-handler [INFO] Search task succeeded.
2026-02-02 22:49:25,716 search-job-handler [INFO] Search task succeeded.
2026-02-02 22:49:25,716 search-job-handler [INFO] Search task succeeded.
2026-02-02 22:49:25,716 search-job-handler [INFO] Search task succeeded.
2026-02-02 22:49:25,716 search-job-handler [INFO] Search task succeeded.
2026-02-02 22:49:25,716 search-job-handler [INFO] Search task succeeded.
2026-02-02 22:49:25,716 search-job-handler [INFO] Search task succeeded.
2026-02-02 22:49:25,716 search-job-handler [INFO] Search task succeeded.
2026-02-02 22:49:25,716 search-job-handler [INFO] Search task succeeded.
2026-02-02 22:49:25,716 search-job-handler [INFO] Search task succeeded.
2026-02-02 22:49:25,716 search-job-handler [INFO] Search task succeeded.
2026-02-02 22:49:25,716 search-job-handler [INFO] Search task succeeded.
2026-02-02 22:49:25,717 search-job-handler [INFO] Search task succeeded.
2026-02-02 22:49:25,717 search-job-handler [INFO] Search task succeeded.
2026-02-02 22:49:25,717 search-job-handler [INFO] Search task succeeded.
2026-02-02 22:49:25,717 search-job-handler [INFO] Search task succeeded.
2026-02-02 22:49:25,717 search-job-handler [INFO] Search task succeeded.
2026-02-02 22:49:25,717 search-job-handler [INFO] Search task succeeded.
2026-02-02 22:49:25,717 search-job-handler [INFO] Search task succeeded.
2026-02-02 22:49:25,717 search-job-handler [INFO] Search task succeeded.
2026-02-02 22:49:25,717 search-job-handler [INFO] Search task succeeded.
2026-02-02 22:49:25,717 search-job-handler [INFO] Search task succeeded.
2026-02-02 22:49:25,717 search-job-handler [INFO] Search task succeeded.
2026-02-02 22:49:25,717 search-job-handler [INFO] Search task succeeded.
2026-02-02 22:49:25,717 search-job-handler [INFO] Search task succeeded.
2026-02-02 22:49:25,717 search-job-handler [INFO] Search task succeeded.
2026-02-02 22:49:25,717 search-job-handler [INFO] Search task succeeded.
2026-02-02 22:49:25,717 search-job-handler [INFO] Search task succeeded.
2026-02-02 22:49:25,717 search-job-handler [INFO] Search task succeeded.
2026-02-02 22:49:25,718 search-job-handler [INFO] Search task succeeded.
2026-02-02 22:49:25,718 search-job-handler [INFO] Search task succeeded.
2026-02-02 22:49:25,718 search-job-handler [INFO] Search task succeeded.
2026-02-02 22:49:25,718 search-job-handler [INFO] Search task succeeded.
2026-02-02 22:49:25,718 search-job-handler [INFO] Search task succeeded.
2026-02-02 22:49:25,718 search-job-handler [INFO] Search task succeeded.
2026-02-02 22:49:25,718 search-job-handler [INFO] Search task succeeded.
2026-02-02 22:49:25,718 search-job-handler [INFO] Search task succeeded.
2026-02-02 22:49:25,718 search-job-handler [INFO] Search task succeeded.
2026-02-02 22:49:25,718 search-job-handler [INFO] Search task succeeded.
2026-02-02 22:49:25,718 search-job-handler [INFO] Search task succeeded.
2026-02-02 22:49:25,718 search-job-handler [INFO] Search task succeeded.
2026-02-02 22:49:25,718 search-job-handler [INFO] Search task succeeded.
2026-02-02 22:49:25,718 search-job-handler [INFO] Search task succeeded.
2026-02-02 22:49:25,718 search-job-handler [INFO] Search task succeeded.
2026-02-02 22:49:25,718 search-job-handler [INFO] Search task succeeded.
2026-02-02 22:49:25,718 search-job-handler [INFO] Search task succeeded.
2026-02-02 22:49:25,719 search-job-handler [INFO] Search task succeeded.
2026-02-02 22:49:25,719 search-job-handler [INFO] Search task succeeded.
2026-02-02 22:49:25,719 search-job-handler [INFO] Search task succeeded.
2026-02-02 22:49:25,719 search-job-handler [INFO] Search task succeeded.
2026-02-02 22:49:25,719 search-job-handler [INFO] Search task succeeded.
2026-02-02 22:49:25,719 search-job-handler [INFO] Search task succeeded.
2026-02-02 22:49:25,719 search-job-handler [INFO] Search task succeeded.
2026-02-02 22:49:25,719 search-job-handler [INFO] Search task succeeded.
2026-02-02 22:49:25,719 search-job-handler [INFO] Search task succeeded.
2026-02-02 22:49:25,719 search-job-handler [INFO] Search task succeeded.
2026-02-02 22:49:25,719 search-job-handler [INFO] Search task succeeded.
2026-02-02 22:49:25,719 search-job-handler [INFO] Search task succeeded.
2026-02-02 22:49:25,719 search-job-handler [INFO] Search task succeeded.
2026-02-02 22:49:25,719 search-job-handler [INFO] Search task succeeded.
2026-02-02 22:49:25,719 search-job-handler [INFO] Search task succeeded.
2026-02-02 22:49:25,719 search-job-handler [INFO] Search task succeeded.
2026-02-02 22:49:25,720 search-job-handler [INFO] Search task succeeded.
2026-02-02 22:49:25,720 search-job-handler [INFO] Search task succeeded.
2026-02-02 22:49:25,720 search-job-handler [INFO] Search task succeeded.
2026-02-02 22:49:25,720 search-job-handler [INFO] Search task succeeded.
2026-02-02 22:49:25,720 search-job-handler [INFO] Search task succeeded.
2026-02-02 22:49:25,720 search-job-handler [INFO] Search task succeeded.
2026-02-02 22:49:25,720 search-job-handler [INFO] Search task succeeded.
2026-02-02 22:49:25,720 search-job-handler [INFO] Search task succeeded.
2026-02-02 22:49:25,720 search-job-handler [INFO] Search task succeeded.
2026-02-02 22:49:25,720 search-job-handler [INFO] Search task succeeded.
2026-02-02 22:49:25,720 search-job-handler [INFO] Search task succeeded.
2026-02-02 22:49:25,720 search-job-handler [INFO] Search task succeeded.
2026-02-02 22:49:25,720 search-job-handler [INFO] Search task succeeded.
2026-02-02 22:49:25,720 search-job-handler [INFO] Search task succeeded.
2026-02-02 22:49:25,720 search-job-handler [INFO] Search task succeeded.
2026-02-02 22:49:25,720 search-job-handler [INFO] Search task succeeded.
2026-02-02 22:49:25,721 search-job-handler [INFO] Search task succeeded.
2026-02-02 22:49:25,721 search-job-handler [INFO] Search task succeeded.
2026-02-02 22:49:25,721 search-job-handler [INFO] Search task succeeded.
2026-02-02 22:49:25,721 search-job-handler [INFO] Search task succeeded.
2026-02-02 22:49:25,721 search-job-handler [INFO] Search task succeeded.
2026-02-02 22:49:25,721 search-job-handler [INFO] Search task succeeded.
2026-02-02 22:49:25,721 search-job-handler [INFO] Search task succeeded.
2026-02-02 22:49:25,721 search-job-handler [INFO] Search task succeeded.
2026-02-02 22:49:25,721 search-job-handler [INFO] Search task succeeded.
2026-02-02 22:49:25,721 search-job-handler [INFO] Search task succeeded.
2026-02-02 22:49:25,721 search-job-handler [INFO] Search task succeeded.
2026-02-02 22:49:25,721 search-job-handler [INFO] Search task succeeded.
2026-02-02 22:49:25,721 search-job-handler [INFO] Search task succeeded.
2026-02-02 22:49:25,721 search-job-handler [INFO] Search task succeeded.
2026-02-02 22:49:25,721 search-job-handler [INFO] Search task succeeded.
2026-02-02 22:49:25,721 search-job-handler [INFO] Search task succeeded.
2026-02-02 22:49:25,721 search-job-handler [INFO] Search task succeeded.
2026-02-02 22:49:25,722 search-job-handler [INFO] Search task succeeded.
2026-02-02 22:49:25,722 search-job-handler [INFO] Search task succeeded.
2026-02-02 22:49:25,722 search-job-handler [INFO] Search task succeeded.
2026-02-02 22:49:25,722 search-job-handler [INFO] Search task succeeded.
2026-02-02 22:49:25,722 search-job-handler [INFO] Search task succeeded.
2026-02-02 22:49:25,722 search-job-handler [INFO] Search task succeeded.
2026-02-02 22:49:25,722 search-job-handler [INFO] Search task succeeded.
2026-02-02 22:49:25,722 search-job-handler [INFO] Search task succeeded.
2026-02-02 22:49:25,722 search-job-handler [INFO] Search task succeeded.
2026-02-02 22:49:25,722 search-job-handler [INFO] Search task succeeded.
2026-02-02 22:49:25,722 search-job-handler [INFO] Search task succeeded.
2026-02-02 22:49:25,722 search-job-handler [INFO] Search task succeeded.
2026-02-02 22:49:25,722 search-job-handler [INFO] Search task succeeded.
2026-02-02 22:49:25,722 search-job-handler [INFO] Search task succeeded.
2026-02-02 22:49:25,722 search-job-handler [INFO] Search task succeeded.
2026-02-02 22:49:25,722 search-job-handler [INFO] Search task succeeded.
2026-02-02 22:49:25,723 search-job-handler [INFO] Search task succeeded.
2026-02-02 22:49:25,723 search-job-handler [INFO] Search task succeeded.
2026-02-02 22:49:25,723 search-job-handler [INFO] Search task succeeded.
2026-02-02 22:49:25,723 search-job-handler [INFO] Search task succeeded.
2026-02-02 22:49:25,723 search-job-handler [INFO] Search task succeeded.
2026-02-02 22:49:25,723 search-job-handler [INFO] Search task succeeded.
2026-02-02 22:49:25,723 search-job-handler [INFO] Search task succeeded.
2026-02-02 22:49:25,723 search-job-handler [INFO] Search task succeeded.
2026-02-02 22:49:25,723 search-job-handler [INFO] Search task succeeded.
2026-02-02 22:49:25,723 search-job-handler [INFO] Search task succeeded.
2026-02-02 22:49:25,723 search-job-handler [INFO] Search task succeeded.
2026-02-02 22:49:25,723 search-job-handler [INFO] Search task succeeded.
2026-02-02 22:49:25,723 search-job-handler [INFO] Search task succeeded.
2026-02-02 22:49:25,723 search-job-handler [INFO] Search task succeeded.
2026-02-02 22:49:25,723 search-job-handler [INFO] Search task succeeded.
2026-02-02 22:49:25,723 search-job-handler [INFO] Search task succeeded.
2026-02-02 22:49:25,724 search-job-handler [INFO] Search task succeeded.
2026-02-02 22:49:25,724 search-job-handler [INFO] Search task succeeded.
2026-02-02 22:49:25,724 search-job-handler [INFO] Search task succeeded.
2026-02-02 22:49:25,724 search-job-handler [INFO] Search task succeeded.
2026-02-02 22:49:25,724 search-job-handler [INFO] Search task succeeded.
2026-02-02 22:49:25,724 search-job-handler [INFO] Search task succeeded.
2026-02-02 22:49:25,724 search-job-handler [INFO] Search task succeeded.
2026-02-02 22:49:25,724 search-job-handler [INFO] Search task succeeded.
2026-02-02 22:49:25,724 search-job-handler [INFO] Search task succeeded.
2026-02-02 22:49:25,724 search-job-handler [INFO] Search task succeeded.
2026-02-02 22:49:25,724 search-job-handler [INFO] Search task succeeded.
2026-02-02 22:49:25,724 search-job-handler [INFO] Search task succeeded.
2026-02-02 22:49:25,724 search-job-handler [INFO] Search task succeeded.
2026-02-02 22:49:25,724 search-job-handler [INFO] Search task succeeded.
2026-02-02 22:49:25,724 search-job-handler [INFO] Search task succeeded.
2026-02-02 22:49:25,724 search-job-handler [INFO] Search task succeeded.
2026-02-02 22:49:25,724 search-job-handler [INFO] Search task succeeded.
2026-02-02 22:49:25,725 search-job-handler [INFO] Search task succeeded.
2026-02-02 22:49:25,725 search-job-handler [INFO] Search task succeeded.
2026-02-02 22:49:25,725 search-job-handler [INFO] Search task succeeded.
2026-02-02 22:49:25,725 search-job-handler [INFO] Search task succeeded.
2026-02-02 22:49:25,725 search-job-handler [INFO] Search task succeeded.
2026-02-02 22:49:25,725 search-job-handler [INFO] Search task succeeded.
2026-02-02 22:49:25,725 search-job-handler [INFO] Search task succeeded.
2026-02-02 22:49:25,725 search-job-handler [INFO] Search task succeeded.
2026-02-02 22:49:25,725 search-job-handler [INFO] Search task succeeded.
2026-02-02 22:49:25,725 search-job-handler [INFO] Search task succeeded.
2026-02-02 22:49:25,725 search-job-handler [INFO] Search task succeeded.
2026-02-02 22:49:25,725 search-job-handler [INFO] Search task succeeded.
2026-02-02 22:49:25,725 search-job-handler [INFO] Search task succeeded.
2026-02-02 22:49:25,725 search-job-handler [INFO] Search task succeeded.
2026-02-02 22:49:25,725 search-job-handler [INFO] Search task succeeded.
2026-02-02 22:49:25,725 search-job-handler [INFO] Search task succeeded.
2026-02-02 22:49:25,725 search-job-handler [INFO] Search task succeeded.
2026-02-02 22:49:25,726 search-job-handler [INFO] Search task succeeded.
2026-02-02 22:49:25,726 search-job-handler [INFO] Search task succeeded.
2026-02-02 22:49:25,726 search-job-handler [INFO] Search task succeeded.
2026-02-02 22:49:25,726 search-job-handler [INFO] Search task succeeded.
2026-02-02 22:49:25,726 search-job-handler [INFO] Search task succeeded.
2026-02-02 22:49:25,726 search-job-handler [INFO] Search task succeeded.
2026-02-02 22:49:25,726 search-job-handler [INFO] Search task succeeded.
2026-02-02 22:49:25,726 search-job-handler [INFO] Search task succeeded.
2026-02-02 22:49:25,726 search-job-handler [INFO] Search task succeeded.
2026-02-02 22:49:25,726 search-job-handler [INFO] Search task succeeded.
2026-02-02 22:49:25,726 search-job-handler [INFO] Search task succeeded.
2026-02-02 22:49:25,726 search-job-handler [INFO] Search task succeeded.
2026-02-02 22:49:25,726 search-job-handler [INFO] Search task succeeded.
2026-02-02 22:49:25,726 search-job-handler [INFO] Search task succeeded.
2026-02-02 22:49:25,726 search-job-handler [INFO] Search task succeeded.
2026-02-02 22:49:25,726 search-job-handler [INFO] Search task succeeded.
2026-02-02 22:49:25,726 search-job-handler [INFO] Search task succeeded.
2026-02-02 22:49:25,727 search-job-handler [INFO] Search task succeeded.
2026-02-02 22:49:25,727 search-job-handler [INFO] Search task succeeded.
2026-02-02 22:49:25,727 search-job-handler [INFO] Search task succeeded.
2026-02-02 22:49:25,727 search-job-handler [INFO] Search task succeeded.
2026-02-02 22:49:25,727 search-job-handler [INFO] Search task succeeded.
2026-02-02 22:49:25,727 search-job-handler [INFO] Search task succeeded.
2026-02-02 22:49:25,727 search-job-handler [INFO] Search task succeeded.
2026-02-02 22:49:25,727 search-job-handler [INFO] Search task succeeded.
2026-02-02 22:49:25,727 search-job-handler [INFO] Search task succeeded.
2026-02-02 22:49:25,727 search-job-handler [INFO] Search task succeeded.
2026-02-02 22:49:25,727 search-job-handler [INFO] Search task succeeded.
2026-02-02 22:49:25,727 search-job-handler [INFO] Search task succeeded.
2026-02-02 22:49:25,727 search-job-handler [INFO] Search task succeeded.
2026-02-02 22:49:25,727 search-job-handler [INFO] Search task succeeded.
2026-02-02 22:49:25,727 search-job-handler [INFO] Search task succeeded.
2026-02-02 22:49:25,727 search-job-handler [INFO] Search task succeeded.
2026-02-02 22:49:25,728 search-job-handler [INFO] Search task succeeded.
2026-02-02 22:49:25,728 search-job-handler [INFO] Search task succeeded.
2026-02-02 22:49:25,728 search-job-handler [INFO] Search task succeeded.
2026-02-02 22:49:25,728 search-job-handler [INFO] Search task succeeded.
2026-02-02 22:49:25,728 search-job-handler [INFO] Search task succeeded.
2026-02-02 22:49:25,728 search-job-handler [INFO] Search task succeeded.
2026-02-02 22:49:25,728 search-job-handler [INFO] Search task succeeded.
2026-02-02 22:49:25,728 search-job-handler [INFO] Search task succeeded.
2026-02-02 22:49:25,728 search-job-handler [INFO] Search task succeeded.
2026-02-02 22:49:25,728 search-job-handler [INFO] Search task succeeded.
2026-02-02 22:49:25,728 search-job-handler [INFO] Search task succeeded.
2026-02-02 22:49:25,728 search-job-handler [INFO] Search task succeeded.
2026-02-02 22:49:25,728 search-job-handler [INFO] Search task succeeded.
2026-02-02 22:49:25,728 search-job-handler [INFO] Search task succeeded.
2026-02-02 22:49:25,728 search-job-handler [INFO] Search task succeeded.
2026-02-02 22:49:25,728 search-job-handler [INFO] Search task succeeded.
2026-02-02 22:49:25,728 search-job-handler [INFO] Search task succeeded.
2026-02-02 22:49:25,729 search-job-handler [INFO] Search task succeeded.
2026-02-02 22:49:25,729 search-job-handler [INFO] Search task succeeded.
2026-02-02 22:49:25,729 search-job-handler [INFO] Search task succeeded.
2026-02-02 22:49:25,729 search-job-handler [INFO] Search task succeeded.
2026-02-02 22:49:25,729 search-job-handler [INFO] Search task succeeded.
2026-02-02 22:49:25,729 search-job-handler [INFO] Search task succeeded.
2026-02-02 22:49:25,729 search-job-handler [INFO] Search task succeeded.
2026-02-02 22:49:25,729 search-job-handler [INFO] Search task succeeded.
2026-02-02 22:49:25,729 search-job-handler [INFO] Search task succeeded.
2026-02-02 22:49:25,729 search-job-handler [INFO] Search task succeeded.
2026-02-02 22:49:25,729 search-job-handler [INFO] Search task succeeded.
2026-02-02 22:49:25,729 search-job-handler [INFO] Search task succeeded.
2026-02-02 22:49:25,729 search-job-handler [INFO] Search task succeeded.
2026-02-02 22:49:25,729 search-job-handler [INFO] Search task succeeded.
2026-02-02 22:49:25,729 search-job-handler [INFO] Search task succeeded.
2026-02-02 22:49:25,729 search-job-handler [INFO] Search task succeeded.
2026-02-02 22:49:25,729 search-job-handler [INFO] Search task succeeded.
2026-02-02 22:49:25,730 search-job-handler [INFO] Search task succeeded.
2026-02-02 22:49:25,730 search-job-handler [INFO] Search task succeeded.
2026-02-02 22:49:25,730 search-job-handler [INFO] Search task succeeded.
2026-02-02 22:49:25,730 search-job-handler [INFO] Search task succeeded.
2026-02-02 22:49:25,730 search-job-handler [INFO] Search task succeeded.
2026-02-02 22:49:25,730 search-job-handler [INFO] Search task succeeded.
2026-02-02 22:49:25,730 search-job-handler [INFO] Search task succeeded.
2026-02-02 22:49:25,730 search-job-handler [INFO] Search task succeeded.
2026-02-02 22:49:25,730 search-job-handler [INFO] Search task succeeded.
2026-02-02 22:49:25,730 search-job-handler [INFO] Search task succeeded.
2026-02-02 22:49:25,730 search-job-handler [INFO] Search task succeeded.
2026-02-02 22:49:25,730 search-job-handler [INFO] Search task succeeded.
2026-02-02 22:49:25,730 search-job-handler [INFO] Search task succeeded.
2026-02-02 22:49:25,730 search-job-handler [INFO] Search task succeeded.
2026-02-02 22:49:25,730 search-job-handler [INFO] Search task succeeded.
2026-02-02 22:49:25,730 search-job-handler [INFO] Search task succeeded.
2026-02-02 22:49:25,731 search-job-handler [INFO] Search task succeeded.
2026-02-02 22:49:25,731 search-job-handler [INFO] Search task succeeded.
2026-02-02 22:49:25,731 search-job-handler [INFO] Search task succeeded.
2026-02-02 22:49:25,731 search-job-handler [INFO] Search task succeeded.
2026-02-02 22:49:25,731 search-job-handler [INFO] Search task succeeded.
2026-02-02 22:49:25,731 search-job-handler [INFO] Search task succeeded.
2026-02-02 22:49:25,731 search-job-handler [INFO] Search task succeeded.
2026-02-02 22:49:25,731 search-job-handler [INFO] Search task succeeded.
2026-02-02 22:49:25,731 search-job-handler [INFO] Search task succeeded.
2026-02-02 22:49:25,731 search-job-handler [INFO] Search task succeeded.
2026-02-02 22:49:25,731 search-job-handler [INFO] Search task succeeded.
2026-02-02 22:49:25,731 search-job-handler [INFO] Search task succeeded.
2026-02-02 22:49:25,731 search-job-handler [INFO] Search task succeeded.
2026-02-02 22:49:25,731 search-job-handler [INFO] Search task succeeded.
2026-02-02 22:49:25,731 search-job-handler [INFO] Search task succeeded.
2026-02-02 22:49:25,731 search-job-handler [INFO] Search task succeeded.
2026-02-02 22:49:25,731 search-job-handler [INFO] Search task succeeded.
2026-02-02 22:49:25,732 search-job-handler [INFO] Search task succeeded.
2026-02-02 22:49:25,732 search-job-handler [INFO] Search task succeeded.
2026-02-02 22:49:25,732 search-job-handler [INFO] Search task succeeded.
2026-02-02 22:49:25,732 search-job-handler [INFO] Search task succeeded.
2026-02-02 22:49:25,732 search-job-handler [INFO] Search task succeeded.
2026-02-02 22:49:25,732 search-job-handler [INFO] Search task succeeded.
2026-02-02 22:49:25,732 search-job-handler [INFO] Search task succeeded.
2026-02-02 22:49:25,732 search-job-handler [INFO] Search task succeeded.
2026-02-02 22:49:25,732 search-job-handler [INFO] Search task succeeded.
2026-02-02 22:49:25,732 search-job-handler [INFO] Search task succeeded.
2026-02-02 22:49:25,732 search-job-handler [INFO] Search task succeeded.
2026-02-02 22:49:25,732 search-job-handler [INFO] Search task succeeded.
2026-02-02 22:49:25,732 search-job-handler [INFO] Search task succeeded.
2026-02-02 22:49:25,732 search-job-handler [INFO] Search task succeeded.
2026-02-02 22:49:25,732 search-job-handler [INFO] Search task succeeded.
2026-02-02 22:49:25,732 search-job-handler [INFO] Search task succeeded.
2026-02-02 22:49:25,733 search-job-handler [INFO] Search task succeeded.
2026-02-02 22:49:25,733 search-job-handler [INFO] Search task succeeded.
2026-02-02 22:49:25,733 search-job-handler [INFO] Search task succeeded.
2026-02-02 22:49:25,733 search-job-handler [INFO] Search task succeeded.
2026-02-02 22:49:25,733 search-job-handler [INFO] Search task succeeded.
2026-02-02 22:49:25,733 search-job-handler [INFO] Search task succeeded.
2026-02-02 22:49:25,733 search-job-handler [INFO] Search task succeeded.
2026-02-02 22:49:25,733 search-job-handler [INFO] Search task succeeded.
2026-02-02 22:49:25,733 search-job-handler [INFO] Search task succeeded.
2026-02-02 22:49:25,733 search-job-handler [INFO] Search task succeeded.
2026-02-02 22:49:25,733 search-job-handler [INFO] Search task succeeded.
2026-02-02 22:49:25,733 search-job-handler [INFO] Search task succeeded.
2026-02-02 22:49:25,733 search-job-handler [INFO] Search task succeeded.
2026-02-02 22:49:25,733 search-job-handler [INFO] Search task succeeded.
2026-02-02 22:49:25,733 search-job-handler [INFO] Search task succeeded.
2026-02-02 22:49:25,733 search-job-handler [INFO] Search task succeeded.
2026-02-02 22:49:25,733 search-job-handler [INFO] Search task succeeded.
2026-02-02 22:49:25,734 search-job-handler [INFO] Search task succeeded.
2026-02-02 22:49:25,734 search-job-handler [INFO] Search task succeeded.
2026-02-02 22:49:25,734 search-job-handler [INFO] Search task succeeded.
2026-02-02 22:49:25,734 search-job-handler [INFO] Search task succeeded.
2026-02-02 22:49:25,734 search-job-handler [INFO] Search task succeeded.
2026-02-02 22:49:25,734 search-job-handler [INFO] Search task succeeded.
2026-02-02 22:49:25,734 search-job-handler [INFO] Search task succeeded.
2026-02-02 22:49:25,734 search-job-handler [INFO] Search task succeeded.
2026-02-02 22:49:25,734 search-job-handler [INFO] Search task succeeded.
2026-02-02 22:49:25,734 search-job-handler [INFO] Search task succeeded.
2026-02-02 22:49:25,734 search-job-handler [INFO] Search task succeeded.
2026-02-02 22:49:25,734 search-job-handler [INFO] Search task succeeded.
2026-02-02 22:49:25,734 search-job-handler [INFO] Search task succeeded.
2026-02-02 22:49:25,734 search-job-handler [INFO] Search task succeeded.
2026-02-02 22:49:25,734 search-job-handler [INFO] Search task succeeded.
2026-02-02 22:49:25,734 search-job-handler [INFO] Search task succeeded.
2026-02-02 22:49:25,734 search-job-handler [INFO] Search task succeeded.
2026-02-02 22:49:25,735 search-job-handler [INFO] Search task succeeded.
2026-02-02 22:49:25,735 search-job-handler [INFO] Search task succeeded.
2026-02-02 22:49:25,735 search-job-handler [INFO] Search task succeeded.
2026-02-02 22:49:25,735 search-job-handler [INFO] Search task succeeded.
2026-02-02 22:49:25,735 search-job-handler [INFO] Search task succeeded.
2026-02-02 22:49:25,735 search-job-handler [INFO] Search task succeeded.
2026-02-02 22:49:25,735 search-job-handler [INFO] Search task succeeded.
2026-02-02 22:49:25,735 search-job-handler [INFO] Search task succeeded.
2026-02-02 22:49:25,735 search-job-handler [INFO] Search task succeeded.
2026-02-02 22:49:25,735 search-job-handler [INFO] Search task succeeded.
2026-02-02 22:49:25,735 search-job-handler [INFO] Search task succeeded.
2026-02-02 22:49:25,735 search-job-handler [INFO] Search task succeeded.
2026-02-02 22:49:25,735 search-job-handler [INFO] Search task succeeded.
2026-02-02 22:49:25,735 search-job-handler [INFO] Search task succeeded.
2026-02-02 22:49:25,735 search-job-handler [INFO] Search task succeeded.
2026-02-02 22:49:25,735 search-job-handler [INFO] Search task succeeded.
2026-02-02 22:49:25,736 search-job-handler [INFO] Search task succeeded.
2026-02-02 22:49:25,736 search-job-handler [INFO] Search task succeeded.
2026-02-02 22:49:25,736 search-job-handler [INFO] Search task succeeded.
2026-02-02 22:49:25,736 search-job-handler [INFO] Search task succeeded.
2026-02-02 22:49:25,736 search-job-handler [INFO] Search task succeeded.
2026-02-02 22:49:25,736 search-job-handler [INFO] Search task succeeded.
2026-02-02 22:49:25,736 search-job-handler [INFO] Search task succeeded.
2026-02-02 22:49:25,736 search-job-handler [INFO] Search task succeeded.
2026-02-02 22:49:25,736 search-job-handler [INFO] Search task succeeded.
2026-02-02 22:49:25,736 search-job-handler [INFO] Search task succeeded.
2026-02-02 22:49:25,736 search-job-handler [INFO] Search task succeeded.
2026-02-02 22:49:25,736 search-job-handler [INFO] Search task succeeded.
2026-02-02 22:49:25,736 search-job-handler [INFO] Search task succeeded.
2026-02-02 22:49:25,736 search-job-handler [INFO] Search task succeeded.
2026-02-02 22:49:25,737 search-job-handler [INFO] Search task succeeded.
2026-02-02 22:49:25,737 search-job-handler [INFO] Search task succeeded.
2026-02-02 22:49:25,737 search-job-handler [INFO] Search task succeeded.
2026-02-02 22:49:25,737 search-job-handler [INFO] Search task succeeded.
2026-02-02 22:49:25,737 search-job-handler [INFO] Search task succeeded.
2026-02-02 22:49:25,737 search-job-handler [INFO] Search task succeeded.
2026-02-02 22:49:25,737 search-job-handler [INFO] Search task succeeded.
2026-02-02 22:49:25,737 search-job-handler [INFO] Search task succeeded.
2026-02-02 22:49:25,737 search-job-handler [INFO] Search task succeeded.
2026-02-02 22:49:25,737 search-job-handler [INFO] Search task succeeded.
2026-02-02 22:49:25,738 search-job-handler [INFO] Search task succeeded.
2026-02-02 22:49:25,738 search-job-handler [INFO] Search task succeeded.
2026-02-02 22:49:25,738 search-job-handler [INFO] Search task succeeded.
2026-02-02 22:49:25,738 search-job-handler [INFO] Search task succeeded.
2026-02-02 22:49:25,738 search-job-handler [INFO] Search task succeeded.
2026-02-02 22:49:25,738 search-job-handler [INFO] Search task succeeded.
2026-02-02 22:49:25,738 search-job-handler [INFO] Search task succeeded.
2026-02-02 22:49:25,738 search-job-handler [INFO] Search task succeeded.
2026-02-02 22:49:25,738 search-job-handler [INFO] Search task succeeded.
2026-02-02 22:49:25,738 search-job-handler [INFO] Search task succeeded.
2026-02-02 22:49:25,738 search-job-handler [INFO] Search task succeeded.
2026-02-02 22:49:25,738 search-job-handler [INFO] Search task succeeded.
2026-02-02 22:49:25,738 search-job-handler [INFO] Search task succeeded.
2026-02-02 22:49:25,738 search-job-handler [INFO] Search task succeeded.
2026-02-02 22:49:25,738 search-job-handler [INFO] Search task succeeded.
2026-02-02 22:49:25,739 search-job-handler [INFO] Search task succeeded.
2026-02-02 22:49:25,739 search-job-handler [INFO] Search task succeeded.
2026-02-02 22:49:25,739 search-job-handler [INFO] Search task succeeded.
2026-02-02 22:49:25,739 search-job-handler [INFO] Search task succeeded.
2026-02-02 22:49:25,739 search-job-handler [INFO] Search task succeeded.
2026-02-02 22:49:25,739 search-job-handler [INFO] Search task succeeded.
2026-02-02 22:49:25,739 search-job-handler [INFO] Search task succeeded.
2026-02-02 22:49:25,739 search-job-handler [INFO] Search task succeeded.
2026-02-02 22:49:25,739 search-job-handler [INFO] Search task succeeded.
2026-02-02 22:49:25,739 search-job-handler [INFO] Search task succeeded.
2026-02-02 22:49:25,739 search-job-handler [INFO] Search task succeeded.
2026-02-02 22:49:25,739 search-job-handler [INFO] Search task succeeded.
2026-02-02 22:49:25,739 search-job-handler [INFO] Search task succeeded.
2026-02-02 22:49:25,739 search-job-handler [INFO] Search task succeeded.
2026-02-02 22:49:25,739 search-job-handler [INFO] Search task succeeded.
2026-02-02 22:49:25,739 search-job-handler [INFO] Search task succeeded.
2026-02-02 22:49:25,740 search-job-handler [INFO] Search task succeeded.
2026-02-02 22:49:25,740 search-job-handler [INFO] Search task succeeded.
2026-02-02 22:49:25,740 search-job-handler [INFO] Search task succeeded.
2026-02-02 22:49:25,740 search-job-handler [INFO] Search task succeeded.
2026-02-02 22:49:25,740 search-job-handler [INFO] Search task succeeded.
2026-02-02 22:49:25,740 search-job-handler [INFO] Search task succeeded.
2026-02-02 22:49:25,740 search-job-handler [INFO] Search task succeeded.
2026-02-02 22:49:25,740 search-job-handler [INFO] Search task succeeded.
2026-02-02 22:49:25,740 search-job-handler [INFO] Search task succeeded.
2026-02-02 22:49:25,740 search-job-handler [INFO] Search task succeeded.
2026-02-02 22:49:25,740 search-job-handler [INFO] Search task succeeded.
2026-02-02 22:49:25,740 search-job-handler [INFO] Search task succeeded.
2026-02-02 22:49:25,740 search-job-handler [INFO] Search task succeeded.
2026-02-02 22:49:25,740 search-job-handler [INFO] Search task succeeded.
2026-02-02 22:49:25,741 search-job-handler [INFO] Search task succeeded.
2026-02-02 22:49:25,741 search-job-handler [INFO] Search task succeeded.
2026-02-02 22:49:25,741 search-job-handler [INFO] Search task succeeded.
2026-02-02 22:49:25,741 search-job-handler [INFO] Search task succeeded.
2026-02-02 22:49:25,741 search-job-handler [INFO] Search task succeeded.
2026-02-02 22:49:25,745 search-job-handler [INFO] Completed job 2 at 2026-02-02T22:49:25.741376, total duration=81.85s.
2026-02-03 00:36:33,001 search-job-handler [INFO] Query scheduler using Spider.
2026-02-03 00:36:33,236 search-job-handler [INFO] Connected to archive database.
2026-02-03 00:36:33,236 search-job-handler [INFO] Query scheduler started.
2026-02-03 00:37:00,049 search-job-handler [INFO] Submitting Spider job 3 at 2026-02-03T00:37:00.049865 with 923 search tasks, aggregation=False
2026-02-03 00:37:07,360 search-job-handler [INFO] Submitted Spider job 3 at 2026-02-03T00:37:07.359940, submission took 7.310s
2026-02-03 00:37:09,157 search-job-handler [INFO] Dispatched search job 3 at 2026-02-03T00:37:07.367089 with 923 tasks.
2026-02-03 00:40:59,058 search-job-handler [INFO] Search task succeeded.
2026-02-03 00:40:59,058 search-job-handler [INFO] Search task succeeded.
2026-02-03 00:40:59,058 search-job-handler [INFO] Search task succeeded.
2026-02-03 00:40:59,058 search-job-handler [INFO] Search task succeeded.
2026-02-03 00:40:59,058 search-job-handler [INFO] Search task succeeded.
2026-02-03 00:40:59,058 search-job-handler [INFO] Search task succeeded.
2026-02-03 00:40:59,059 search-job-handler [INFO] Search task succeeded.
2026-02-03 00:40:59,059 search-job-handler [INFO] Search task succeeded.
2026-02-03 00:40:59,059 search-job-handler [INFO] Search task succeeded.
2026-02-03 00:40:59,059 search-job-handler [INFO] Search task succeeded.
2026-02-03 00:40:59,059 search-job-handler [INFO] Search task succeeded.
2026-02-03 00:40:59,059 search-job-handler [INFO] Search task succeeded.
2026-02-03 00:40:59,059 search-job-handler [INFO] Search task succeeded.
2026-02-03 00:40:59,059 search-job-handler [INFO] Search task succeeded.
2026-02-03 00:40:59,059 search-job-handler [INFO] Search task succeeded.
2026-02-03 00:40:59,059 search-job-handler [INFO] Search task succeeded.
2026-02-03 00:40:59,059 search-job-handler [INFO] Search task succeeded.
2026-02-03 00:40:59,059 search-job-handler [INFO] Search task succeeded.
2026-02-03 00:40:59,059 search-job-handler [INFO] Search task succeeded.
2026-02-03 00:40:59,059 search-job-handler [INFO] Search task succeeded.
2026-02-03 00:40:59,059 search-job-handler [INFO] Search task succeeded.
2026-02-03 00:40:59,059 search-job-handler [INFO] Search task succeeded.
2026-02-03 00:40:59,060 search-job-handler [INFO] Search task succeeded.
2026-02-03 00:40:59,060 search-job-handler [INFO] Search task succeeded.
2026-02-03 00:40:59,060 search-job-handler [INFO] Search task succeeded.
2026-02-03 00:40:59,060 search-job-handler [INFO] Search task succeeded.
2026-02-03 00:40:59,060 search-job-handler [INFO] Search task succeeded.
2026-02-03 00:40:59,060 search-job-handler [INFO] Search task succeeded.
2026-02-03 00:40:59,060 search-job-handler [INFO] Search task succeeded.
2026-02-03 00:40:59,060 search-job-handler [INFO] Search task succeeded.
2026-02-03 00:40:59,060 search-job-handler [INFO] Search task succeeded.
2026-02-03 00:40:59,060 search-job-handler [INFO] Search task succeeded.
2026-02-03 00:40:59,060 search-job-handler [INFO] Search task succeeded.
2026-02-03 00:40:59,060 search-job-handler [INFO] Search task succeeded.
2026-02-03 00:40:59,060 search-job-handler [INFO] Search task succeeded.
2026-02-03 00:40:59,060 search-job-handler [INFO] Search task succeeded.
2026-02-03 00:40:59,060 search-job-handler [INFO] Search task succeeded.
2026-02-03 00:40:59,060 search-job-handler [INFO] Search task succeeded.
2026-02-03 00:40:59,060 search-job-handler [INFO] Search task succeeded.
2026-02-03 00:40:59,061 search-job-handler [INFO] Search task succeeded.
2026-02-03 00:40:59,061 search-job-handler [INFO] Search task succeeded.
2026-02-03 00:40:59,061 search-job-handler [INFO] Search task succeeded.
2026-02-03 00:40:59,061 search-job-handler [INFO] Search task succeeded.
2026-02-03 00:40:59,061 search-job-handler [INFO] Search task succeeded.
2026-02-03 00:40:59,061 search-job-handler [INFO] Search task succeeded.
2026-02-03 00:40:59,061 search-job-handler [INFO] Search task succeeded.
2026-02-03 00:40:59,061 search-job-handler [INFO] Search task succeeded.
2026-02-03 00:40:59,061 search-job-handler [INFO] Search task succeeded.
2026-02-03 00:40:59,061 search-job-handler [INFO] Search task succeeded.
2026-02-03 00:40:59,061 search-job-handler [INFO] Search task succeeded.
2026-02-03 00:40:59,061 search-job-handler [INFO] Search task succeeded.
2026-02-03 00:40:59,061 search-job-handler [INFO] Search task succeeded.
2026-02-03 00:40:59,061 search-job-handler [INFO] Search task succeeded.
2026-02-03 00:40:59,061 search-job-handler [INFO] Search task succeeded.
2026-02-03 00:40:59,061 search-job-handler [INFO] Search task succeeded.
2026-02-03 00:40:59,062 search-job-handler [INFO] Search task succeeded.
2026-02-03 00:40:59,062 search-job-handler [INFO] Search task succeeded.
2026-02-03 00:40:59,062 search-job-handler [INFO] Search task succeeded.
2026-02-03 00:40:59,062 search-job-handler [INFO] Search task succeeded.
2026-02-03 00:40:59,062 search-job-handler [INFO] Search task succeeded.
2026-02-03 00:40:59,062 search-job-handler [INFO] Search task succeeded.
2026-02-03 00:40:59,062 search-job-handler [INFO] Search task succeeded.
2026-02-03 00:40:59,062 search-job-handler [INFO] Search task succeeded.
2026-02-03 00:40:59,062 search-job-handler [INFO] Search task succeeded.
2026-02-03 00:40:59,062 search-job-handler [INFO] Search task succeeded.
2026-02-03 00:40:59,062 search-job-handler [INFO] Search task succeeded.
2026-02-03 00:40:59,062 search-job-handler [INFO] Search task succeeded.
2026-02-03 00:40:59,062 search-job-handler [INFO] Search task succeeded.
2026-02-03 00:40:59,062 search-job-handler [INFO] Search task succeeded.
2026-02-03 00:40:59,062 search-job-handler [INFO] Search task succeeded.
2026-02-03 00:40:59,062 search-job-handler [INFO] Search task succeeded.
2026-02-03 00:40:59,062 search-job-handler [INFO] Search task succeeded.
2026-02-03 00:40:59,063 search-job-handler [INFO] Search task succeeded.
2026-02-03 00:40:59,063 search-job-handler [INFO] Search task succeeded.
2026-02-03 00:40:59,063 search-job-handler [INFO] Search task succeeded.
2026-02-03 00:40:59,063 search-job-handler [INFO] Search task succeeded.
2026-02-03 00:40:59,063 search-job-handler [INFO] Search task succeeded.
2026-02-03 00:40:59,063 search-job-handler [INFO] Search task succeeded.
2026-02-03 00:40:59,063 search-job-handler [INFO] Search task succeeded.
2026-02-03 00:40:59,063 search-job-handler [INFO] Search task succeeded.
2026-02-03 00:40:59,063 search-job-handler [INFO] Search task succeeded.
2026-02-03 00:40:59,063 search-job-handler [INFO] Search task succeeded.
2026-02-03 00:40:59,063 search-job-handler [INFO] Search task succeeded.
2026-02-03 00:40:59,063 search-job-handler [INFO] Search task succeeded.
2026-02-03 00:40:59,063 search-job-handler [INFO] Search task succeeded.
2026-02-03 00:40:59,063 search-job-handler [INFO] Search task succeeded.
2026-02-03 00:40:59,063 search-job-handler [INFO] Search task succeeded.
2026-02-03 00:40:59,063 search-job-handler [INFO] Search task succeeded.
2026-02-03 00:40:59,064 search-job-handler [INFO] Search task succeeded.
2026-02-03 00:40:59,064 search-job-handler [INFO] Search task succeeded.
2026-02-03 00:40:59,064 search-job-handler [INFO] Search task succeeded.
2026-02-03 00:40:59,064 search-job-handler [INFO] Search task succeeded.
2026-02-03 00:40:59,064 search-job-handler [INFO] Search task succeeded.
2026-02-03 00:40:59,064 search-job-handler [INFO] Search task succeeded.
2026-02-03 00:40:59,064 search-job-handler [INFO] Search task succeeded.
2026-02-03 00:40:59,064 search-job-handler [INFO] Search task succeeded.
2026-02-03 00:40:59,064 search-job-handler [INFO] Search task succeeded.
2026-02-03 00:40:59,064 search-job-handler [INFO] Search task succeeded.
2026-02-03 00:40:59,064 search-job-handler [INFO] Search task succeeded.
2026-02-03 00:40:59,064 search-job-handler [INFO] Search task succeeded.
2026-02-03 00:40:59,064 search-job-handler [INFO] Search task succeeded.
2026-02-03 00:40:59,064 search-job-handler [INFO] Search task succeeded.
2026-02-03 00:40:59,064 search-job-handler [INFO] Search task succeeded.
2026-02-03 00:40:59,064 search-job-handler [INFO] Search task succeeded.
2026-02-03 00:40:59,065 search-job-handler [INFO] Search task succeeded.
2026-02-03 00:40:59,065 search-job-handler [INFO] Search task succeeded.
2026-02-03 00:40:59,065 search-job-handler [INFO] Search task succeeded.
2026-02-03 00:40:59,065 search-job-handler [INFO] Search task succeeded.
2026-02-03 00:40:59,065 search-job-handler [INFO] Search task succeeded.
2026-02-03 00:40:59,065 search-job-handler [INFO] Search task succeeded.
2026-02-03 00:40:59,065 search-job-handler [INFO] Search task succeeded.
2026-02-03 00:40:59,065 search-job-handler [INFO] Search task succeeded.
2026-02-03 00:40:59,065 search-job-handler [INFO] Search task succeeded.
2026-02-03 00:40:59,065 search-job-handler [INFO] Search task succeeded.
2026-02-03 00:40:59,065 search-job-handler [INFO] Search task succeeded.
2026-02-03 00:40:59,065 search-job-handler [INFO] Search task succeeded.
2026-02-03 00:40:59,065 search-job-handler [INFO] Search task succeeded.
2026-02-03 00:40:59,065 search-job-handler [INFO] Search task succeeded.
2026-02-03 00:40:59,065 search-job-handler [INFO] Search task succeeded.
2026-02-03 00:40:59,065 search-job-handler [INFO] Search task succeeded.
2026-02-03 00:40:59,065 search-job-handler [INFO] Search task succeeded.
2026-02-03 00:40:59,066 search-job-handler [INFO] Search task succeeded.
2026-02-03 00:40:59,066 search-job-handler [INFO] Search task succeeded.
2026-02-03 00:40:59,066 search-job-handler [INFO] Search task succeeded.
2026-02-03 00:40:59,066 search-job-handler [INFO] Search task succeeded.
2026-02-03 00:40:59,066 search-job-handler [INFO] Search task succeeded.
2026-02-03 00:40:59,066 search-job-handler [INFO] Search task succeeded.
2026-02-03 00:40:59,066 search-job-handler [INFO] Search task succeeded.
2026-02-03 00:40:59,066 search-job-handler [INFO] Search task succeeded.
2026-02-03 00:40:59,066 search-job-handler [INFO] Search task succeeded.
2026-02-03 00:40:59,066 search-job-handler [INFO] Search task succeeded.
2026-02-03 00:40:59,066 search-job-handler [INFO] Search task succeeded.
2026-02-03 00:40:59,066 search-job-handler [INFO] Search task succeeded.
2026-02-03 00:40:59,066 search-job-handler [INFO] Search task succeeded.
2026-02-03 00:40:59,066 search-job-handler [INFO] Search task succeeded.
2026-02-03 00:40:59,066 search-job-handler [INFO] Search task succeeded.
2026-02-03 00:40:59,066 search-job-handler [INFO] Search task succeeded.
2026-02-03 00:40:59,067 search-job-handler [INFO] Search task succeeded.
2026-02-03 00:40:59,067 search-job-handler [INFO] Search task succeeded.
2026-02-03 00:40:59,067 search-job-handler [INFO] Search task succeeded.
2026-02-03 00:40:59,067 search-job-handler [INFO] Search task succeeded.
2026-02-03 00:40:59,067 search-job-handler [INFO] Search task succeeded.
2026-02-03 00:40:59,067 search-job-handler [INFO] Search task succeeded.
2026-02-03 00:40:59,067 search-job-handler [INFO] Search task succeeded.
2026-02-03 00:40:59,067 search-job-handler [INFO] Search task succeeded.
2026-02-03 00:40:59,067 search-job-handler [INFO] Search task succeeded.
2026-02-03 00:40:59,067 search-job-handler [INFO] Search task succeeded.
2026-02-03 00:40:59,067 search-job-handler [INFO] Search task succeeded.
2026-02-03 00:40:59,067 search-job-handler [INFO] Search task succeeded.
2026-02-03 00:40:59,067 search-job-handler [INFO] Search task succeeded.
2026-02-03 00:40:59,067 search-job-handler [INFO] Search task succeeded.
2026-02-03 00:40:59,067 search-job-handler [INFO] Search task succeeded.
2026-02-03 00:40:59,068 search-job-handler [INFO] Search task succeeded.
2026-02-03 00:40:59,068 search-job-handler [INFO] Search task succeeded.
2026-02-03 00:40:59,068 search-job-handler [INFO] Search task succeeded.
2026-02-03 00:40:59,068 search-job-handler [INFO] Search task succeeded.
2026-02-03 00:40:59,068 search-job-handler [INFO] Search task succeeded.
2026-02-03 00:40:59,068 search-job-handler [INFO] Search task succeeded.
2026-02-03 00:40:59,068 search-job-handler [INFO] Search task succeeded.
2026-02-03 00:40:59,068 search-job-handler [INFO] Search task succeeded.
2026-02-03 00:40:59,068 search-job-handler [INFO] Search task succeeded.
2026-02-03 00:40:59,068 search-job-handler [INFO] Search task succeeded.
2026-02-03 00:40:59,068 search-job-handler [INFO] Search task succeeded.
2026-02-03 00:40:59,068 search-job-handler [INFO] Search task succeeded.
2026-02-03 00:40:59,068 search-job-handler [INFO] Search task succeeded.
2026-02-03 00:40:59,068 search-job-handler [INFO] Search task succeeded.
2026-02-03 00:40:59,068 search-job-handler [INFO] Search task succeeded.
2026-02-03 00:40:59,068 search-job-handler [INFO] Search task succeeded.
2026-02-03 00:40:59,069 search-job-handler [INFO] Search task succeeded.
2026-02-03 00:40:59,069 search-job-handler [INFO] Search task succeeded.
2026-02-03 00:40:59,069 search-job-handler [INFO] Search task succeeded.
2026-02-03 00:40:59,069 search-job-handler [INFO] Search task succeeded.
2026-02-03 00:40:59,069 search-job-handler [INFO] Search task succeeded.
2026-02-03 00:40:59,069 search-job-handler [INFO] Search task succeeded.
2026-02-03 00:40:59,069 search-job-handler [INFO] Search task succeeded.
2026-02-03 00:40:59,069 search-job-handler [INFO] Search task succeeded.
2026-02-03 00:40:59,069 search-job-handler [INFO] Search task succeeded.
2026-02-03 00:40:59,069 search-job-handler [INFO] Search task succeeded.
2026-02-03 00:40:59,069 search-job-handler [INFO] Search task succeeded.
2026-02-03 00:40:59,069 search-job-handler [INFO] Search task succeeded.
2026-02-03 00:40:59,069 search-job-handler [INFO] Search task succeeded.
2026-02-03 00:40:59,069 search-job-handler [INFO] Search task succeeded.
2026-02-03 00:40:59,069 search-job-handler [INFO] Search task succeeded.
2026-02-03 00:40:59,069 search-job-handler [INFO] Search task succeeded.
2026-02-03 00:40:59,070 search-job-handler [INFO] Search task succeeded.
2026-02-03 00:40:59,070 search-job-handler [INFO] Search task succeeded.
2026-02-03 00:40:59,070 search-job-handler [INFO] Search task succeeded.
2026-02-03 00:40:59,070 search-job-handler [INFO] Search task succeeded.
2026-02-03 00:40:59,070 search-job-handler [INFO] Search task succeeded.
2026-02-03 00:40:59,070 search-job-handler [INFO] Search task succeeded.
2026-02-03 00:40:59,070 search-job-handler [INFO] Search task succeeded.
2026-02-03 00:40:59,070 search-job-handler [INFO] Search task succeeded.
2026-02-03 00:40:59,070 search-job-handler [INFO] Search task succeeded.
2026-02-03 00:40:59,070 search-job-handler [INFO] Search task succeeded.
2026-02-03 00:40:59,070 search-job-handler [INFO] Search task succeeded.
2026-02-03 00:40:59,070 search-job-handler [INFO] Search task succeeded.
2026-02-03 00:40:59,070 search-job-handler [INFO] Search task succeeded.
2026-02-03 00:40:59,070 search-job-handler [INFO] Search task succeeded.
2026-02-03 00:40:59,070 search-job-handler [INFO] Search task succeeded.
2026-02-03 00:40:59,070 search-job-handler [INFO] Search task succeeded.
2026-02-03 00:40:59,071 search-job-handler [INFO] Search task succeeded.
2026-02-03 00:40:59,071 search-job-handler [INFO] Search task succeeded.
2026-02-03 00:40:59,071 search-job-handler [INFO] Search task succeeded.
2026-02-03 00:40:59,071 search-job-handler [INFO] Search task succeeded.
2026-02-03 00:40:59,071 search-job-handler [INFO] Search task succeeded.
2026-02-03 00:40:59,071 search-job-handler [INFO] Search task succeeded.
2026-02-03 00:40:59,071 search-job-handler [INFO] Search task succeeded.
2026-02-03 00:40:59,071 search-job-handler [INFO] Search task succeeded.
2026-02-03 00:40:59,071 search-job-handler [INFO] Search task succeeded.
2026-02-03 00:40:59,071 search-job-handler [INFO] Search task succeeded.
2026-02-03 00:40:59,071 search-job-handler [INFO] Search task succeeded.
2026-02-03 00:40:59,071 search-job-handler [INFO] Search task succeeded.
2026-02-03 00:40:59,071 search-job-handler [INFO] Search task succeeded.
2026-02-03 00:40:59,071 search-job-handler [INFO] Search task succeeded.
2026-02-03 00:40:59,071 search-job-handler [INFO] Search task succeeded.
2026-02-03 00:40:59,071 search-job-handler [INFO] Search task succeeded.
2026-02-03 00:40:59,072 search-job-handler [INFO] Search task succeeded.
2026-02-03 00:40:59,072 search-job-handler [INFO] Search task succeeded.
2026-02-03 00:40:59,072 search-job-handler [INFO] Search task succeeded.
2026-02-03 00:40:59,072 search-job-handler [INFO] Search task succeeded.
2026-02-03 00:40:59,072 search-job-handler [INFO] Search task succeeded.
2026-02-03 00:40:59,072 search-job-handler [INFO] Search task succeeded.
2026-02-03 00:40:59,072 search-job-handler [INFO] Search task succeeded.
2026-02-03 00:40:59,072 search-job-handler [INFO] Search task succeeded.
2026-02-03 00:40:59,072 search-job-handler [INFO] Search task succeeded.
2026-02-03 00:40:59,072 search-job-handler [INFO] Search task succeeded.
2026-02-03 00:40:59,072 search-job-handler [INFO] Search task succeeded.
2026-02-03 00:40:59,072 search-job-handler [INFO] Search task succeeded.
2026-02-03 00:40:59,072 search-job-handler [INFO] Search task succeeded.
2026-02-03 00:40:59,072 search-job-handler [INFO] Search task succeeded.
2026-02-03 00:40:59,072 search-job-handler [INFO] Search task succeeded.
2026-02-03 00:40:59,072 search-job-handler [INFO] Search task succeeded.
2026-02-03 00:40:59,072 search-job-handler [INFO] Search task succeeded.
2026-02-03 00:40:59,073 search-job-handler [INFO] Search task succeeded.
2026-02-03 00:40:59,073 search-job-handler [INFO] Search task succeeded.
2026-02-03 00:40:59,073 search-job-handler [INFO] Search task succeeded.
2026-02-03 00:40:59,073 search-job-handler [INFO] Search task succeeded.
2026-02-03 00:40:59,073 search-job-handler [INFO] Search task succeeded.
2026-02-03 00:40:59,073 search-job-handler [INFO] Search task succeeded.
2026-02-03 00:40:59,073 search-job-handler [INFO] Search task succeeded.
2026-02-03 00:40:59,073 search-job-handler [INFO] Search task succeeded.
2026-02-03 00:40:59,073 search-job-handler [INFO] Search task succeeded.
2026-02-03 00:40:59,073 search-job-handler [INFO] Search task succeeded.
2026-02-03 00:40:59,073 search-job-handler [INFO] Search task succeeded.
2026-02-03 00:40:59,073 search-job-handler [INFO] Search task succeeded.
2026-02-03 00:40:59,073 search-job-handler [INFO] Search task succeeded.
2026-02-03 00:40:59,073 search-job-handler [INFO] Search task succeeded.
2026-02-03 00:40:59,073 search-job-handler [INFO] Search task succeeded.
2026-02-03 00:40:59,073 search-job-handler [INFO] Search task succeeded.
2026-02-03 00:40:59,073 search-job-handler [INFO] Search task succeeded.
2026-02-03 00:40:59,074 search-job-handler [INFO] Search task succeeded.
2026-02-03 00:40:59,074 search-job-handler [INFO] Search task succeeded.
2026-02-03 00:40:59,074 search-job-handler [INFO] Search task succeeded.
2026-02-03 00:40:59,074 search-job-handler [INFO] Search task succeeded.
2026-02-03 00:40:59,074 search-job-handler [INFO] Search task succeeded.
2026-02-03 00:40:59,074 search-job-handler [INFO] Search task succeeded.
2026-02-03 00:40:59,074 search-job-handler [INFO] Search task succeeded.
2026-02-03 00:40:59,074 search-job-handler [INFO] Search task succeeded.
2026-02-03 00:40:59,074 search-job-handler [INFO] Search task succeeded.
2026-02-03 00:40:59,074 search-job-handler [INFO] Search task succeeded.
2026-02-03 00:40:59,074 search-job-handler [INFO] Search task succeeded.
2026-02-03 00:40:59,074 search-job-handler [INFO] Search task succeeded.
2026-02-03 00:40:59,074 search-job-handler [INFO] Search task succeeded.
2026-02-03 00:40:59,074 search-job-handler [INFO] Search task succeeded.
2026-02-03 00:40:59,074 search-job-handler [INFO] Search task succeeded.
2026-02-03 00:40:59,074 search-job-handler [INFO] Search task succeeded.
2026-02-03 00:40:59,074 search-job-handler [INFO] Search task succeeded.
2026-02-03 00:40:59,075 search-job-handler [INFO] Search task succeeded.
2026-02-03 00:40:59,075 search-job-handler [INFO] Search task succeeded.
2026-02-03 00:40:59,075 search-job-handler [INFO] Search task succeeded.
2026-02-03 00:40:59,075 search-job-handler [INFO] Search task succeeded.
2026-02-03 00:40:59,075 search-job-handler [INFO] Search task succeeded.
2026-02-03 00:40:59,075 search-job-handler [INFO] Search task succeeded.
2026-02-03 00:40:59,075 search-job-handler [INFO] Search task succeeded.
2026-02-03 00:40:59,075 search-job-handler [INFO] Search task succeeded.
2026-02-03 00:40:59,075 search-job-handler [INFO] Search task succeeded.
2026-02-03 00:40:59,075 search-job-handler [INFO] Search task succeeded.
2026-02-03 00:40:59,075 search-job-handler [INFO] Search task succeeded.
2026-02-03 00:40:59,075 search-job-handler [INFO] Search task succeeded.
2026-02-03 00:40:59,075 search-job-handler [INFO] Search task succeeded.
2026-02-03 00:40:59,075 search-job-handler [INFO] Search task succeeded.
2026-02-03 00:40:59,075 search-job-handler [INFO] Search task succeeded.
2026-02-03 00:40:59,075 search-job-handler [INFO] Search task succeeded.
2026-02-03 00:40:59,076 search-job-handler [INFO] Search task succeeded.
2026-02-03 00:40:59,076 search-job-handler [INFO] Search task succeeded.
2026-02-03 00:40:59,076 search-job-handler [INFO] Search task succeeded.
2026-02-03 00:40:59,076 search-job-handler [INFO] Search task succeeded.
2026-02-03 00:40:59,076 search-job-handler [INFO] Search task succeeded.
2026-02-03 00:40:59,076 search-job-handler [INFO] Search task succeeded.
2026-02-03 00:40:59,076 search-job-handler [INFO] Search task succeeded.
2026-02-03 00:40:59,076 search-job-handler [INFO] Search task succeeded.
2026-02-03 00:40:59,076 search-job-handler [INFO] Search task succeeded.
2026-02-03 00:40:59,076 search-job-handler [INFO] Search task succeeded.
2026-02-03 00:40:59,076 search-job-handler [INFO] Search task succeeded.
2026-02-03 00:40:59,076 search-job-handler [INFO] Search task succeeded.
2026-02-03 00:40:59,076 search-job-handler [INFO] Search task succeeded.
2026-02-03 00:40:59,076 search-job-handler [INFO] Search task succeeded.
2026-02-03 00:40:59,076 search-job-handler [INFO] Search task succeeded.
2026-02-03 00:40:59,076 search-job-handler [INFO] Search task succeeded.
2026-02-03 00:40:59,077 search-job-handler [INFO] Search task succeeded.
2026-02-03 00:40:59,077 search-job-handler [INFO] Search task succeeded.
2026-02-03 00:40:59,077 search-job-handler [INFO] Search task succeeded.
2026-02-03 00:40:59,077 search-job-handler [INFO] Search task succeeded.
2026-02-03 00:40:59,077 search-job-handler [INFO] Search task succeeded.
2026-02-03 00:40:59,077 search-job-handler [INFO] Search task succeeded.
2026-02-03 00:40:59,077 search-job-handler [INFO] Search task succeeded.
2026-02-03 00:40:59,077 search-job-handler [INFO] Search task succeeded.
2026-02-03 00:40:59,077 search-job-handler [INFO] Search task succeeded.
2026-02-03 00:40:59,077 search-job-handler [INFO] Search task succeeded.
2026-02-03 00:40:59,077 search-job-handler [INFO] Search task succeeded.
2026-02-03 00:40:59,077 search-job-handler [INFO] Search task succeeded.
2026-02-03 00:40:59,077 search-job-handler [INFO] Search task succeeded.
2026-02-03 00:40:59,077 search-job-handler [INFO] Search task succeeded.
2026-02-03 00:40:59,077 search-job-handler [INFO] Search task succeeded.
2026-02-03 00:40:59,077 search-job-handler [INFO] Search task succeeded.
2026-02-03 00:40:59,077 search-job-handler [INFO] Search task succeeded.
2026-02-03 00:40:59,078 search-job-handler [INFO] Search task succeeded.
2026-02-03 00:40:59,078 search-job-handler [INFO] Search task succeeded.
2026-02-03 00:40:59,078 search-job-handler [INFO] Search task succeeded.
2026-02-03 00:40:59,078 search-job-handler [INFO] Search task succeeded.
2026-02-03 00:40:59,078 search-job-handler [INFO] Search task succeeded.
2026-02-03 00:40:59,078 search-job-handler [INFO] Search task succeeded.
2026-02-03 00:40:59,078 search-job-handler [INFO] Search task succeeded.
2026-02-03 00:40:59,078 search-job-handler [INFO] Search task succeeded.
2026-02-03 00:40:59,078 search-job-handler [INFO] Search task succeeded.
2026-02-03 00:40:59,078 search-job-handler [INFO] Search task succeeded.
2026-02-03 00:40:59,078 search-job-handler [INFO] Search task succeeded.
2026-02-03 00:40:59,078 search-job-handler [INFO] Search task succeeded.
2026-02-03 00:40:59,078 search-job-handler [INFO] Search task succeeded.
2026-02-03 00:40:59,078 search-job-handler [INFO] Search task succeeded.
2026-02-03 00:40:59,078 search-job-handler [INFO] Search task succeeded.
2026-02-03 00:40:59,078 search-job-handler [INFO] Search task succeeded.
2026-02-03 00:40:59,079 search-job-handler [INFO] Search task succeeded.
2026-02-03 00:40:59,079 search-job-handler [INFO] Search task succeeded.
2026-02-03 00:40:59,079 search-job-handler [INFO] Search task succeeded.
2026-02-03 00:40:59,079 search-job-handler [INFO] Search task succeeded.
2026-02-03 00:40:59,079 search-job-handler [INFO] Search task succeeded.
2026-02-03 00:40:59,079 search-job-handler [INFO] Search task succeeded.
2026-02-03 00:40:59,079 search-job-handler [INFO] Search task succeeded.
2026-02-03 00:40:59,079 search-job-handler [INFO] Search task succeeded.
2026-02-03 00:40:59,079 search-job-handler [INFO] Search task succeeded.
2026-02-03 00:40:59,079 search-job-handler [INFO] Search task succeeded.
2026-02-03 00:40:59,079 search-job-handler [INFO] Search task succeeded.
2026-02-03 00:40:59,079 search-job-handler [INFO] Search task succeeded.
2026-02-03 00:40:59,079 search-job-handler [INFO] Search task succeeded.
2026-02-03 00:40:59,079 search-job-handler [INFO] Search task succeeded.
2026-02-03 00:40:59,079 search-job-handler [INFO] Search task succeeded.
2026-02-03 00:40:59,079 search-job-handler [INFO] Search task succeeded.
2026-02-03 00:40:59,080 search-job-handler [INFO] Search task succeeded.
2026-02-03 00:40:59,080 search-job-handler [INFO] Search task succeeded.
2026-02-03 00:40:59,080 search-job-handler [INFO] Search task succeeded.
2026-02-03 00:40:59,080 search-job-handler [INFO] Search task succeeded.
2026-02-03 00:40:59,080 search-job-handler [INFO] Search task succeeded.
2026-02-03 00:40:59,080 search-job-handler [INFO] Search task succeeded.
2026-02-03 00:40:59,080 search-job-handler [INFO] Search task succeeded.
2026-02-03 00:40:59,080 search-job-handler [INFO] Search task succeeded.
2026-02-03 00:40:59,080 search-job-handler [INFO] Search task succeeded.
2026-02-03 00:40:59,080 search-job-handler [INFO] Search task succeeded.
2026-02-03 00:40:59,080 search-job-handler [INFO] Search task succeeded.
2026-02-03 00:40:59,080 search-job-handler [INFO] Search task succeeded.
2026-02-03 00:40:59,080 search-job-handler [INFO] Search task succeeded.
2026-02-03 00:40:59,080 search-job-handler [INFO] Search task succeeded.
2026-02-03 00:40:59,080 search-job-handler [INFO] Search task succeeded.
2026-02-03 00:40:59,080 search-job-handler [INFO] Search task succeeded.
2026-02-03 00:40:59,081 search-job-handler [INFO] Search task succeeded.
2026-02-03 00:40:59,081 search-job-handler [INFO] Search task succeeded.
2026-02-03 00:40:59,081 search-job-handler [INFO] Search task succeeded.
2026-02-03 00:40:59,081 search-job-handler [INFO] Search task succeeded.
2026-02-03 00:40:59,081 search-job-handler [INFO] Search task succeeded.
2026-02-03 00:40:59,081 search-job-handler [INFO] Search task succeeded.
2026-02-03 00:40:59,081 search-job-handler [INFO] Search task succeeded.
2026-02-03 00:40:59,081 search-job-handler [INFO] Search task succeeded.
2026-02-03 00:40:59,081 search-job-handler [INFO] Search task succeeded.
2026-02-03 00:40:59,081 search-job-handler [INFO] Search task succeeded.
2026-02-03 00:40:59,081 search-job-handler [INFO] Search task succeeded.
2026-02-03 00:40:59,081 search-job-handler [INFO] Search task succeeded.
2026-02-03 00:40:59,081 search-job-handler [INFO] Search task succeeded.
2026-02-03 00:40:59,081 search-job-handler [INFO] Search task succeeded.
2026-02-03 00:40:59,081 search-job-handler [INFO] Search task succeeded.
2026-02-03 00:40:59,081 search-job-handler [INFO] Search task succeeded.
2026-02-03 00:40:59,081 search-job-handler [INFO] Search task succeeded.
2026-02-03 00:40:59,082 search-job-handler [INFO] Search task succeeded.
2026-02-03 00:40:59,082 search-job-handler [INFO] Search task succeeded.
2026-02-03 00:40:59,082 search-job-handler [INFO] Search task succeeded.
2026-02-03 00:40:59,082 search-job-handler [INFO] Search task succeeded.
2026-02-03 00:40:59,082 search-job-handler [INFO] Search task succeeded.
2026-02-03 00:40:59,082 search-job-handler [INFO] Search task succeeded.
2026-02-03 00:40:59,082 search-job-handler [INFO] Search task succeeded.
2026-02-03 00:40:59,082 search-job-handler [INFO] Search task succeeded.
2026-02-03 00:40:59,082 search-job-handler [INFO] Search task succeeded.
2026-02-03 00:40:59,082 search-job-handler [INFO] Search task succeeded.
2026-02-03 00:40:59,082 search-job-handler [INFO] Search task succeeded.
2026-02-03 00:40:59,082 search-job-handler [INFO] Search task succeeded.
2026-02-03 00:40:59,082 search-job-handler [INFO] Search task succeeded.
2026-02-03 00:40:59,082 search-job-handler [INFO] Search task succeeded.
2026-02-03 00:40:59,082 search-job-handler [INFO] Search task succeeded.
2026-02-03 00:40:59,083 search-job-handler [INFO] Search task succeeded.
2026-02-03 00:40:59,083 search-job-handler [INFO] Search task succeeded.
2026-02-03 00:40:59,083 search-job-handler [INFO] Search task succeeded.
2026-02-03 00:40:59,083 search-job-handler [INFO] Search task succeeded.
2026-02-03 00:40:59,083 search-job-handler [INFO] Search task succeeded.
2026-02-03 00:40:59,083 search-job-handler [INFO] Search task succeeded.
2026-02-03 00:40:59,083 search-job-handler [INFO] Search task succeeded.
2026-02-03 00:40:59,083 search-job-handler [INFO] Search task succeeded.
2026-02-03 00:40:59,083 search-job-handler [INFO] Search task succeeded.
2026-02-03 00:40:59,083 search-job-handler [INFO] Search task succeeded.
2026-02-03 00:40:59,083 search-job-handler [INFO] Search task succeeded.
2026-02-03 00:40:59,083 search-job-handler [INFO] Search task succeeded.
2026-02-03 00:40:59,083 search-job-handler [INFO] Search task succeeded.
2026-02-03 00:40:59,083 search-job-handler [INFO] Search task succeeded.
2026-02-03 00:40:59,083 search-job-handler [INFO] Search task succeeded.
2026-02-03 00:40:59,083 search-job-handler [INFO] Search task succeeded.
2026-02-03 00:40:59,084 search-job-handler [INFO] Search task succeeded.
2026-02-03 00:40:59,084 search-job-handler [INFO] Search task succeeded.
2026-02-03 00:40:59,084 search-job-handler [INFO] Search task succeeded.
2026-02-03 00:40:59,084 search-job-handler [INFO] Search task succeeded.
2026-02-03 00:40:59,084 search-job-handler [INFO] Search task succeeded.
2026-02-03 00:40:59,084 search-job-handler [INFO] Search task succeeded.
2026-02-03 00:40:59,084 search-job-handler [INFO] Search task succeeded.
2026-02-03 00:40:59,084 search-job-handler [INFO] Search task succeeded.
2026-02-03 00:40:59,084 search-job-handler [INFO] Search task succeeded.
2026-02-03 00:40:59,084 search-job-handler [INFO] Search task succeeded.
2026-02-03 00:40:59,084 search-job-handler [INFO] Search task succeeded.
2026-02-03 00:40:59,084 search-job-handler [INFO] Search task succeeded.
2026-02-03 00:40:59,084 search-job-handler [INFO] Search task succeeded.
2026-02-03 00:40:59,084 search-job-handler [INFO] Search task succeeded.
2026-02-03 00:40:59,084 search-job-handler [INFO] Search task succeeded.
2026-02-03 00:40:59,084 search-job-handler [INFO] Search task succeeded.
2026-02-03 00:40:59,085 search-job-handler [INFO] Search task succeeded.
2026-02-03 00:40:59,085 search-job-handler [INFO] Search task succeeded.
2026-02-03 00:40:59,085 search-job-handler [INFO] Search task succeeded.
2026-02-03 00:40:59,085 search-job-handler [INFO] Search task succeeded.
2026-02-03 00:40:59,085 search-job-handler [INFO] Search task succeeded.
2026-02-03 00:40:59,085 search-job-handler [INFO] Search task succeeded.
2026-02-03 00:40:59,085 search-job-handler [INFO] Search task succeeded.
2026-02-03 00:40:59,085 search-job-handler [INFO] Search task succeeded.
2026-02-03 00:40:59,085 search-job-handler [INFO] Search task succeeded.
2026-02-03 00:40:59,085 search-job-handler [INFO] Search task succeeded.
2026-02-03 00:40:59,085 search-job-handler [INFO] Search task succeeded.
2026-02-03 00:40:59,085 search-job-handler [INFO] Search task succeeded.
2026-02-03 00:40:59,085 search-job-handler [INFO] Search task succeeded.
2026-02-03 00:40:59,085 search-job-handler [INFO] Search task succeeded.
2026-02-03 00:40:59,085 search-job-handler [INFO] Search task succeeded.
2026-02-03 00:40:59,085 search-job-handler [INFO] Search task succeeded.
2026-02-03 00:40:59,085 search-job-handler [INFO] Search task succeeded.
2026-02-03 00:40:59,086 search-job-handler [INFO] Search task succeeded.
2026-02-03 00:40:59,086 search-job-handler [INFO] Search task succeeded.
2026-02-03 00:40:59,086 search-job-handler [INFO] Search task succeeded.
2026-02-03 00:40:59,086 search-job-handler [INFO] Search task succeeded.
2026-02-03 00:40:59,086 search-job-handler [INFO] Search task succeeded.
2026-02-03 00:40:59,086 search-job-handler [INFO] Search task succeeded.
2026-02-03 00:40:59,086 search-job-handler [INFO] Search task succeeded.
2026-02-03 00:40:59,086 search-job-handler [INFO] Search task succeeded.
2026-02-03 00:40:59,086 search-job-handler [INFO] Search task succeeded.
2026-02-03 00:40:59,086 search-job-handler [INFO] Search task succeeded.
2026-02-03 00:40:59,086 search-job-handler [INFO] Search task succeeded.
2026-02-03 00:40:59,086 search-job-handler [INFO] Search task succeeded.
2026-02-03 00:40:59,086 search-job-handler [INFO] Search task succeeded.
2026-02-03 00:40:59,086 search-job-handler [INFO] Search task succeeded.
2026-02-03 00:40:59,086 search-job-handler [INFO] Search task succeeded.
2026-02-03 00:40:59,086 search-job-handler [INFO] Search task succeeded.
2026-02-03 00:40:59,086 search-job-handler [INFO] Search task succeeded.
2026-02-03 00:40:59,087 search-job-handler [INFO] Search task succeeded.
2026-02-03 00:40:59,087 search-job-handler [INFO] Search task succeeded.
2026-02-03 00:40:59,087 search-job-handler [INFO] Search task succeeded.
2026-02-03 00:40:59,087 search-job-handler [INFO] Search task succeeded.
2026-02-03 00:40:59,087 search-job-handler [INFO] Search task succeeded.
2026-02-03 00:40:59,087 search-job-handler [INFO] Search task succeeded.
2026-02-03 00:40:59,087 search-job-handler [INFO] Search task succeeded.
2026-02-03 00:40:59,087 search-job-handler [INFO] Search task succeeded.
2026-02-03 00:40:59,087 search-job-handler [INFO] Search task succeeded.
2026-02-03 00:40:59,087 search-job-handler [INFO] Search task succeeded.
2026-02-03 00:40:59,087 search-job-handler [INFO] Search task succeeded.
2026-02-03 00:40:59,087 search-job-handler [INFO] Search task succeeded.
2026-02-03 00:40:59,087 search-job-handler [INFO] Search task succeeded.
2026-02-03 00:40:59,087 search-job-handler [INFO] Search task succeeded.
2026-02-03 00:40:59,087 search-job-handler [INFO] Search task succeeded.
2026-02-03 00:40:59,088 search-job-handler [INFO] Search task succeeded.
2026-02-03 00:40:59,088 search-job-handler [INFO] Search task succeeded.
2026-02-03 00:40:59,088 search-job-handler [INFO] Search task succeeded.
2026-02-03 00:40:59,088 search-job-handler [INFO] Search task succeeded.
2026-02-03 00:40:59,088 search-job-handler [INFO] Search task succeeded.
2026-02-03 00:40:59,088 search-job-handler [INFO] Search task succeeded.
2026-02-03 00:40:59,088 search-job-handler [INFO] Search task succeeded.
2026-02-03 00:40:59,088 search-job-handler [INFO] Search task succeeded.
2026-02-03 00:40:59,088 search-job-handler [INFO] Search task succeeded.
2026-02-03 00:40:59,088 search-job-handler [INFO] Search task succeeded.
2026-02-03 00:40:59,088 search-job-handler [INFO] Search task succeeded.
2026-02-03 00:40:59,088 search-job-handler [INFO] Search task succeeded.
2026-02-03 00:40:59,088 search-job-handler [INFO] Search task succeeded.
2026-02-03 00:40:59,088 search-job-handler [INFO] Search task succeeded.
2026-02-03 00:40:59,088 search-job-handler [INFO] Search task succeeded.
2026-02-03 00:40:59,088 search-job-handler [INFO] Search task succeeded.
2026-02-03 00:40:59,089 search-job-handler [INFO] Search task succeeded.
2026-02-03 00:40:59,089 search-job-handler [INFO] Search task succeeded.
2026-02-03 00:40:59,089 search-job-handler [INFO] Search task succeeded.
2026-02-03 00:40:59,089 search-job-handler [INFO] Search task succeeded.
2026-02-03 00:40:59,089 search-job-handler [INFO] Search task succeeded.
2026-02-03 00:40:59,089 search-job-handler [INFO] Search task succeeded.
2026-02-03 00:40:59,089 search-job-handler [INFO] Search task succeeded.
2026-02-03 00:40:59,089 search-job-handler [INFO] Search task succeeded.
2026-02-03 00:40:59,089 search-job-handler [INFO] Search task succeeded.
2026-02-03 00:40:59,089 search-job-handler [INFO] Search task succeeded.
2026-02-03 00:40:59,089 search-job-handler [INFO] Search task succeeded.
2026-02-03 00:40:59,089 search-job-handler [INFO] Search task succeeded.
2026-02-03 00:40:59,089 search-job-handler [INFO] Search task succeeded.
2026-02-03 00:40:59,089 search-job-handler [INFO] Search task succeeded.
2026-02-03 00:40:59,089 search-job-handler [INFO] Search task succeeded.
2026-02-03 00:40:59,089 search-job-handler [INFO] Search task succeeded.
2026-02-03 00:40:59,090 search-job-handler [INFO] Search task succeeded.
2026-02-03 00:40:59,090 search-job-handler [INFO] Search task succeeded.
2026-02-03 00:40:59,090 search-job-handler [INFO] Search task succeeded.
2026-02-03 00:40:59,090 search-job-handler [INFO] Search task succeeded.
2026-02-03 00:40:59,090 search-job-handler [INFO] Search task succeeded.
2026-02-03 00:40:59,090 search-job-handler [INFO] Search task succeeded.
2026-02-03 00:40:59,090 search-job-handler [INFO] Search task succeeded.
2026-02-03 00:40:59,090 search-job-handler [INFO] Search task succeeded.
2026-02-03 00:40:59,090 search-job-handler [INFO] Search task succeeded.
2026-02-03 00:40:59,090 search-job-handler [INFO] Search task succeeded.
2026-02-03 00:40:59,090 search-job-handler [INFO] Search task succeeded.
2026-02-03 00:40:59,090 search-job-handler [INFO] Search task succeeded.
2026-02-03 00:40:59,090 search-job-handler [INFO] Search task succeeded.
2026-02-03 00:40:59,090 search-job-handler [INFO] Search task succeeded.
2026-02-03 00:40:59,090 search-job-handler [INFO] Search task succeeded.
2026-02-03 00:40:59,090 search-job-handler [INFO] Search task succeeded.
2026-02-03 00:40:59,090 search-job-handler [INFO] Search task succeeded.
2026-02-03 00:40:59,091 search-job-handler [INFO] Search task succeeded.
2026-02-03 00:40:59,091 search-job-handler [INFO] Search task succeeded.
2026-02-03 00:40:59,091 search-job-handler [INFO] Search task succeeded.
2026-02-03 00:40:59,091 search-job-handler [INFO] Search task succeeded.
2026-02-03 00:40:59,091 search-job-handler [INFO] Search task succeeded.
2026-02-03 00:40:59,091 search-job-handler [INFO] Search task succeeded.
2026-02-03 00:40:59,091 search-job-handler [INFO] Search task succeeded.
2026-02-03 00:40:59,091 search-job-handler [INFO] Search task succeeded.
2026-02-03 00:40:59,091 search-job-handler [INFO] Search task succeeded.
2026-02-03 00:40:59,091 search-job-handler [INFO] Search task succeeded.
2026-02-03 00:40:59,091 search-job-handler [INFO] Search task succeeded.
2026-02-03 00:40:59,091 search-job-handler [INFO] Search task succeeded.
2026-02-03 00:40:59,091 search-job-handler [INFO] Search task succeeded.
2026-02-03 00:40:59,091 search-job-handler [INFO] Search task succeeded.
2026-02-03 00:40:59,091 search-job-handler [INFO] Search task succeeded.
2026-02-03 00:40:59,092 search-job-handler [INFO] Search task succeeded.
2026-02-03 00:40:59,092 search-job-handler [INFO] Search task succeeded.
2026-02-03 00:40:59,092 search-job-handler [INFO] Search task succeeded.
2026-02-03 00:40:59,092 search-job-handler [INFO] Search task succeeded.
2026-02-03 00:40:59,092 search-job-handler [INFO] Search task succeeded.
2026-02-03 00:40:59,092 search-job-handler [INFO] Search task succeeded.
2026-02-03 00:40:59,092 search-job-handler [INFO] Search task succeeded.
2026-02-03 00:40:59,092 search-job-handler [INFO] Search task succeeded.
2026-02-03 00:40:59,092 search-job-handler [INFO] Search task succeeded.
2026-02-03 00:40:59,092 search-job-handler [INFO] Search task succeeded.
2026-02-03 00:40:59,092 search-job-handler [INFO] Search task succeeded.
2026-02-03 00:40:59,092 search-job-handler [INFO] Search task succeeded.
2026-02-03 00:40:59,092 search-job-handler [INFO] Search task succeeded.
2026-02-03 00:40:59,092 search-job-handler [INFO] Search task succeeded.
2026-02-03 00:40:59,092 search-job-handler [INFO] Search task succeeded.
2026-02-03 00:40:59,092 search-job-handler [INFO] Search task succeeded.
2026-02-03 00:40:59,092 search-job-handler [INFO] Search task succeeded.
2026-02-03 00:40:59,093 search-job-handler [INFO] Search task succeeded.
2026-02-03 00:40:59,093 search-job-handler [INFO] Search task succeeded.
2026-02-03 00:40:59,093 search-job-handler [INFO] Search task succeeded.
2026-02-03 00:40:59,093 search-job-handler [INFO] Search task succeeded.
2026-02-03 00:40:59,093 search-job-handler [INFO] Search task succeeded.
2026-02-03 00:40:59,093 search-job-handler [INFO] Search task succeeded.
2026-02-03 00:40:59,093 search-job-handler [INFO] Search task succeeded.
2026-02-03 00:40:59,093 search-job-handler [INFO] Search task succeeded.
2026-02-03 00:40:59,093 search-job-handler [INFO] Search task succeeded.
2026-02-03 00:40:59,093 search-job-handler [INFO] Search task succeeded.
2026-02-03 00:40:59,093 search-job-handler [INFO] Search task succeeded.
2026-02-03 00:40:59,093 search-job-handler [INFO] Search task succeeded.
2026-02-03 00:40:59,093 search-job-handler [INFO] Search task succeeded.
2026-02-03 00:40:59,093 search-job-handler [INFO] Search task succeeded.
2026-02-03 00:40:59,093 search-job-handler [INFO] Search task succeeded.
2026-02-03 00:40:59,093 search-job-handler [INFO] Search task succeeded.
2026-02-03 00:40:59,094 search-job-handler [INFO] Search task succeeded.
2026-02-03 00:40:59,094 search-job-handler [INFO] Search task succeeded.
2026-02-03 00:40:59,094 search-job-handler [INFO] Search task succeeded.
2026-02-03 00:40:59,094 search-job-handler [INFO] Search task succeeded.
2026-02-03 00:40:59,094 search-job-handler [INFO] Search task succeeded.
2026-02-03 00:40:59,094 search-job-handler [INFO] Search task succeeded.
2026-02-03 00:40:59,094 search-job-handler [INFO] Search task succeeded.
2026-02-03 00:40:59,094 search-job-handler [INFO] Search task succeeded.
2026-02-03 00:40:59,094 search-job-handler [INFO] Search task succeeded.
2026-02-03 00:40:59,094 search-job-handler [INFO] Search task succeeded.
2026-02-03 00:40:59,094 search-job-handler [INFO] Search task succeeded.
2026-02-03 00:40:59,094 search-job-handler [INFO] Search task succeeded.
2026-02-03 00:40:59,094 search-job-handler [INFO] Search task succeeded.
2026-02-03 00:40:59,094 search-job-handler [INFO] Search task succeeded.
2026-02-03 00:40:59,094 search-job-handler [INFO] Search task succeeded.
2026-02-03 00:40:59,094 search-job-handler [INFO] Search task succeeded.
2026-02-03 00:40:59,095 search-job-handler [INFO] Search task succeeded.
2026-02-03 00:40:59,095 search-job-handler [INFO] Search task succeeded.
2026-02-03 00:40:59,095 search-job-handler [INFO] Search task succeeded.
2026-02-03 00:40:59,095 search-job-handler [INFO] Search task succeeded.
2026-02-03 00:40:59,095 search-job-handler [INFO] Search task succeeded.
2026-02-03 00:40:59,095 search-job-handler [INFO] Search task succeeded.
2026-02-03 00:40:59,095 search-job-handler [INFO] Search task succeeded.
2026-02-03 00:40:59,095 search-job-handler [INFO] Search task succeeded.
2026-02-03 00:40:59,095 search-job-handler [INFO] Search task succeeded.
2026-02-03 00:40:59,095 search-job-handler [INFO] Search task succeeded.
2026-02-03 00:40:59,095 search-job-handler [INFO] Search task succeeded.
2026-02-03 00:40:59,095 search-job-handler [INFO] Search task succeeded.
2026-02-03 00:40:59,095 search-job-handler [INFO] Search task succeeded.
2026-02-03 00:40:59,095 search-job-handler [INFO] Search task succeeded.
2026-02-03 00:40:59,095 search-job-handler [INFO] Search task succeeded.
2026-02-03 00:40:59,095 search-job-handler [INFO] Search task succeeded.
2026-02-03 00:40:59,096 search-job-handler [INFO] Search task succeeded.
2026-02-03 00:40:59,096 search-job-handler [INFO] Search task succeeded.
2026-02-03 00:40:59,096 search-job-handler [INFO] Search task succeeded.
2026-02-03 00:40:59,096 search-job-handler [INFO] Search task succeeded.
2026-02-03 00:40:59,096 search-job-handler [INFO] Search task succeeded.
2026-02-03 00:40:59,096 search-job-handler [INFO] Search task succeeded.
2026-02-03 00:40:59,096 search-job-handler [INFO] Search task succeeded.
2026-02-03 00:40:59,096 search-job-handler [INFO] Search task succeeded.
2026-02-03 00:40:59,096 search-job-handler [INFO] Search task succeeded.
2026-02-03 00:40:59,096 search-job-handler [INFO] Search task succeeded.
2026-02-03 00:40:59,096 search-job-handler [INFO] Search task succeeded.
2026-02-03 00:40:59,096 search-job-handler [INFO] Search task succeeded.
2026-02-03 00:40:59,096 search-job-handler [INFO] Search task succeeded.
2026-02-03 00:40:59,096 search-job-handler [INFO] Search task succeeded.
2026-02-03 00:40:59,096 search-job-handler [INFO] Search task succeeded.
2026-02-03 00:40:59,096 search-job-handler [INFO] Search task succeeded.
2026-02-03 00:40:59,096 search-job-handler [INFO] Search task succeeded.
2026-02-03 00:40:59,096 search-job-handler [INFO] Search task succeeded.
2026-02-03 00:40:59,097 search-job-handler [INFO] Search task succeeded.
2026-02-03 00:40:59,097 search-job-handler [INFO] Search task succeeded.
2026-02-03 00:40:59,097 search-job-handler [INFO] Search task succeeded.
2026-02-03 00:40:59,097 search-job-handler [INFO] Search task succeeded.
2026-02-03 00:40:59,097 search-job-handler [INFO] Search task succeeded.
2026-02-03 00:40:59,097 search-job-handler [INFO] Search task succeeded.
2026-02-03 00:40:59,097 search-job-handler [INFO] Search task succeeded.
2026-02-03 00:40:59,097 search-job-handler [INFO] Search task succeeded.
2026-02-03 00:40:59,097 search-job-handler [INFO] Search task succeeded.
2026-02-03 00:40:59,097 search-job-handler [INFO] Search task succeeded.
2026-02-03 00:40:59,097 search-job-handler [INFO] Search task succeeded.
2026-02-03 00:40:59,097 search-job-handler [INFO] Search task succeeded.
2026-02-03 00:40:59,097 search-job-handler [INFO] Search task succeeded.
2026-02-03 00:40:59,097 search-job-handler [INFO] Search task succeeded.
2026-02-03 00:40:59,097 search-job-handler [INFO] Search task succeeded.
2026-02-03 00:40:59,097 search-job-handler [INFO] Search task succeeded.
2026-02-03 00:40:59,097 search-job-handler [INFO] Search task succeeded.
2026-02-03 00:40:59,098 search-job-handler [INFO] Search task succeeded.
2026-02-03 00:40:59,098 search-job-handler [INFO] Search task succeeded.
2026-02-03 00:40:59,098 search-job-handler [INFO] Search task succeeded.
2026-02-03 00:40:59,098 search-job-handler [INFO] Search task succeeded.
2026-02-03 00:40:59,098 search-job-handler [INFO] Search task succeeded.
2026-02-03 00:40:59,098 search-job-handler [INFO] Search task succeeded.
2026-02-03 00:40:59,098 search-job-handler [INFO] Search task succeeded.
2026-02-03 00:40:59,098 search-job-handler [INFO] Search task succeeded.
2026-02-03 00:40:59,098 search-job-handler [INFO] Search task succeeded.
2026-02-03 00:40:59,098 search-job-handler [INFO] Search task succeeded.
2026-02-03 00:40:59,098 search-job-handler [INFO] Search task succeeded.
2026-02-03 00:40:59,098 search-job-handler [INFO] Search task succeeded.
2026-02-03 00:40:59,098 search-job-handler [INFO] Search task succeeded.
2026-02-03 00:40:59,098 search-job-handler [INFO] Search task succeeded.
2026-02-03 00:40:59,098 search-job-handler [INFO] Search task succeeded.
2026-02-03 00:40:59,098 search-job-handler [INFO] Search task succeeded.
2026-02-03 00:40:59,099 search-job-handler [INFO] Search task succeeded.
2026-02-03 00:40:59,099 search-job-handler [INFO] Search task succeeded.
2026-02-03 00:40:59,099 search-job-handler [INFO] Search task succeeded.
2026-02-03 00:40:59,099 search-job-handler [INFO] Search task succeeded.
2026-02-03 00:40:59,099 search-job-handler [INFO] Search task succeeded.
2026-02-03 00:40:59,099 search-job-handler [INFO] Search task succeeded.
2026-02-03 00:40:59,099 search-job-handler [INFO] Search task succeeded.
2026-02-03 00:40:59,099 search-job-handler [INFO] Search task succeeded.
2026-02-03 00:40:59,099 search-job-handler [INFO] Search task succeeded.
2026-02-03 00:40:59,099 search-job-handler [INFO] Search task succeeded.
2026-02-03 00:40:59,099 search-job-handler [INFO] Search task succeeded.
2026-02-03 00:40:59,099 search-job-handler [INFO] Search task succeeded.
2026-02-03 00:40:59,099 search-job-handler [INFO] Search task succeeded.
2026-02-03 00:40:59,099 search-job-handler [INFO] Search task succeeded.
2026-02-03 00:40:59,099 search-job-handler [INFO] Search task succeeded.
2026-02-03 00:40:59,099 search-job-handler [INFO] Search task succeeded.
2026-02-03 00:40:59,100 search-job-handler [INFO] Search task succeeded.
2026-02-03 00:40:59,100 search-job-handler [INFO] Search task succeeded.
2026-02-03 00:40:59,100 search-job-handler [INFO] Search task succeeded.
2026-02-03 00:40:59,100 search-job-handler [INFO] Search task succeeded.
2026-02-03 00:40:59,100 search-job-handler [INFO] Search task succeeded.
2026-02-03 00:40:59,100 search-job-handler [INFO] Search task succeeded.
2026-02-03 00:40:59,100 search-job-handler [INFO] Search task succeeded.
2026-02-03 00:40:59,100 search-job-handler [INFO] Search task succeeded.
2026-02-03 00:40:59,100 search-job-handler [INFO] Search task succeeded.
2026-02-03 00:40:59,100 search-job-handler [INFO] Search task succeeded.
2026-02-03 00:40:59,100 search-job-handler [INFO] Search task succeeded.
2026-02-03 00:40:59,100 search-job-handler [INFO] Search task succeeded.
2026-02-03 00:40:59,100 search-job-handler [INFO] Search task succeeded.
2026-02-03 00:40:59,100 search-job-handler [INFO] Search task succeeded.
2026-02-03 00:40:59,100 search-job-handler [INFO] Search task succeeded.
2026-02-03 00:40:59,100 search-job-handler [INFO] Search task succeeded.
2026-02-03 00:40:59,100 search-job-handler [INFO] Search task succeeded.
2026-02-03 00:40:59,101 search-job-handler [INFO] Search task succeeded.
2026-02-03 00:40:59,101 search-job-handler [INFO] Search task succeeded.
2026-02-03 00:40:59,101 search-job-handler [INFO] Search task succeeded.
2026-02-03 00:40:59,101 search-job-handler [INFO] Search task succeeded.
2026-02-03 00:40:59,101 search-job-handler [INFO] Search task succeeded.
2026-02-03 00:40:59,101 search-job-handler [INFO] Search task succeeded.
2026-02-03 00:40:59,101 search-job-handler [INFO] Search task succeeded.
2026-02-03 00:40:59,101 search-job-handler [INFO] Search task succeeded.
2026-02-03 00:40:59,101 search-job-handler [INFO] Search task succeeded.
2026-02-03 00:40:59,101 search-job-handler [INFO] Search task succeeded.
2026-02-03 00:40:59,101 search-job-handler [INFO] Search task succeeded.
2026-02-03 00:40:59,101 search-job-handler [INFO] Search task succeeded.
2026-02-03 00:40:59,101 search-job-handler [INFO] Search task succeeded.
2026-02-03 00:40:59,101 search-job-handler [INFO] Search task succeeded.
2026-02-03 00:40:59,101 search-job-handler [INFO] Search task succeeded.
2026-02-03 00:40:59,101 search-job-handler [INFO] Search task succeeded.
2026-02-03 00:40:59,101 search-job-handler [INFO] Search task succeeded.
2026-02-03 00:40:59,102 search-job-handler [INFO] Search task succeeded.
2026-02-03 00:40:59,102 search-job-handler [INFO] Search task succeeded.
2026-02-03 00:40:59,102 search-job-handler [INFO] Search task succeeded.
2026-02-03 00:40:59,102 search-job-handler [INFO] Search task succeeded.
2026-02-03 00:40:59,102 search-job-handler [INFO] Search task succeeded.
2026-02-03 00:40:59,102 search-job-handler [INFO] Search task succeeded.
2026-02-03 00:40:59,102 search-job-handler [INFO] Search task succeeded.
2026-02-03 00:40:59,102 search-job-handler [INFO] Search task succeeded.
2026-02-03 00:40:59,102 search-job-handler [INFO] Search task succeeded.
2026-02-03 00:40:59,102 search-job-handler [INFO] Search task succeeded.
2026-02-03 00:40:59,102 search-job-handler [INFO] Search task succeeded.
2026-02-03 00:40:59,102 search-job-handler [INFO] Search task succeeded.
2026-02-03 00:40:59,102 search-job-handler [INFO] Search task succeeded.
2026-02-03 00:40:59,102 search-job-handler [INFO] Search task succeeded.
2026-02-03 00:40:59,102 search-job-handler [INFO] Search task succeeded.
2026-02-03 00:40:59,102 search-job-handler [INFO] Search task succeeded.
2026-02-03 00:40:59,102 search-job-handler [INFO] Search task succeeded.
2026-02-03 00:40:59,103 search-job-handler [INFO] Search task succeeded.
2026-02-03 00:40:59,103 search-job-handler [INFO] Search task succeeded.
2026-02-03 00:40:59,103 search-job-handler [INFO] Search task succeeded.
2026-02-03 00:40:59,103 search-job-handler [INFO] Search task succeeded.
2026-02-03 00:40:59,103 search-job-handler [INFO] Search task succeeded.
2026-02-03 00:40:59,103 search-job-handler [INFO] Search task succeeded.
2026-02-03 00:40:59,103 search-job-handler [INFO] Search task succeeded.
2026-02-03 00:40:59,103 search-job-handler [INFO] Search task succeeded.
2026-02-03 00:40:59,103 search-job-handler [INFO] Search task succeeded.
2026-02-03 00:40:59,103 search-job-handler [INFO] Search task succeeded.
2026-02-03 00:40:59,103 search-job-handler [INFO] Search task succeeded.
2026-02-03 00:40:59,103 search-job-handler [INFO] Search task succeeded.
2026-02-03 00:40:59,103 search-job-handler [INFO] Search task succeeded.
2026-02-03 00:40:59,103 search-job-handler [INFO] Search task succeeded.
2026-02-03 00:40:59,103 search-job-handler [INFO] Search task succeeded.
2026-02-03 00:40:59,103 search-job-handler [INFO] Search task succeeded.
2026-02-03 00:40:59,104 search-job-handler [INFO] Search task succeeded.
2026-02-03 00:40:59,104 search-job-handler [INFO] Search task succeeded.
2026-02-03 00:40:59,104 search-job-handler [INFO] Search task succeeded.
2026-02-03 00:40:59,104 search-job-handler [INFO] Search task succeeded.
2026-02-03 00:40:59,104 search-job-handler [INFO] Search task succeeded.
2026-02-03 00:40:59,104 search-job-handler [INFO] Search task succeeded.
2026-02-03 00:40:59,104 search-job-handler [INFO] Search task succeeded.
2026-02-03 00:40:59,104 search-job-handler [INFO] Search task succeeded.
2026-02-03 00:40:59,104 search-job-handler [INFO] Search task succeeded.
2026-02-03 00:40:59,104 search-job-handler [INFO] Search task succeeded.
2026-02-03 00:40:59,104 search-job-handler [INFO] Search task succeeded.
2026-02-03 00:40:59,104 search-job-handler [INFO] Search task succeeded.
2026-02-03 00:40:59,104 search-job-handler [INFO] Search task succeeded.
2026-02-03 00:40:59,104 search-job-handler [INFO] Search task succeeded.
2026-02-03 00:40:59,104 search-job-handler [INFO] Search task succeeded.
2026-02-03 00:40:59,104 search-job-handler [INFO] Search task succeeded.
2026-02-03 00:40:59,105 search-job-handler [INFO] Search task succeeded.
2026-02-03 00:40:59,105 search-job-handler [INFO] Search task succeeded.
2026-02-03 00:40:59,105 search-job-handler [INFO] Search task succeeded.
2026-02-03 00:40:59,105 search-job-handler [INFO] Search task succeeded.
2026-02-03 00:40:59,105 search-job-handler [INFO] Search task succeeded.
2026-02-03 00:40:59,105 search-job-handler [INFO] Search task succeeded.
2026-02-03 00:40:59,105 search-job-handler [INFO] Search task succeeded.
2026-02-03 00:40:59,105 search-job-handler [INFO] Search task succeeded.
2026-02-03 00:40:59,105 search-job-handler [INFO] Search task succeeded.
2026-02-03 00:40:59,105 search-job-handler [INFO] Search task succeeded.
2026-02-03 00:40:59,105 search-job-handler [INFO] Search task succeeded.
2026-02-03 00:40:59,105 search-job-handler [INFO] Search task succeeded.
2026-02-03 00:40:59,105 search-job-handler [INFO] Search task succeeded.
2026-02-03 00:40:59,105 search-job-handler [INFO] Search task succeeded.
2026-02-03 00:40:59,105 search-job-handler [INFO] Search task succeeded.
2026-02-03 00:40:59,105 search-job-handler [INFO] Search task succeeded.
2026-02-03 00:40:59,106 search-job-handler [INFO] Search task succeeded.
2026-02-03 00:40:59,106 search-job-handler [INFO] Search task succeeded.
2026-02-03 00:40:59,106 search-job-handler [INFO] Search task succeeded.
2026-02-03 00:40:59,106 search-job-handler [INFO] Search task succeeded.
2026-02-03 00:40:59,106 search-job-handler [INFO] Search task succeeded.
2026-02-03 00:40:59,106 search-job-handler [INFO] Search task succeeded.
2026-02-03 00:40:59,106 search-job-handler [INFO] Search task succeeded.
2026-02-03 00:40:59,106 search-job-handler [INFO] Search task succeeded.
2026-02-03 00:40:59,106 search-job-handler [INFO] Search task succeeded.
2026-02-03 00:40:59,106 search-job-handler [INFO] Search task succeeded.
2026-02-03 00:40:59,106 search-job-handler [INFO] Search task succeeded.
2026-02-03 00:40:59,106 search-job-handler [INFO] Search task succeeded.
2026-02-03 00:40:59,106 search-job-handler [INFO] Search task succeeded.
2026-02-03 00:40:59,106 search-job-handler [INFO] Search task succeeded.
2026-02-03 00:40:59,106 search-job-handler [INFO] Search task succeeded.
2026-02-03 00:40:59,106 search-job-handler [INFO] Search task succeeded.
2026-02-03 00:40:59,106 search-job-handler [INFO] Search task succeeded.
2026-02-03 00:40:59,107 search-job-handler [INFO] Search task succeeded.
2026-02-03 00:40:59,107 search-job-handler [INFO] Search task succeeded.
2026-02-03 00:40:59,107 search-job-handler [INFO] Search task succeeded.
2026-02-03 00:40:59,107 search-job-handler [INFO] Search task succeeded.
2026-02-03 00:40:59,107 search-job-handler [INFO] Search task succeeded.
2026-02-03 00:40:59,107 search-job-handler [INFO] Search task succeeded.
2026-02-03 00:40:59,107 search-job-handler [INFO] Search task succeeded.
2026-02-03 00:40:59,107 search-job-handler [INFO] Search task succeeded.
2026-02-03 00:40:59,107 search-job-handler [INFO] Search task succeeded.
2026-02-03 00:40:59,107 search-job-handler [INFO] Search task succeeded.
2026-02-03 00:40:59,107 search-job-handler [INFO] Search task succeeded.
2026-02-03 00:40:59,107 search-job-handler [INFO] Search task succeeded.
2026-02-03 00:40:59,107 search-job-handler [INFO] Search task succeeded.
2026-02-03 00:40:59,107 search-job-handler [INFO] Search task succeeded.
2026-02-03 00:40:59,107 search-job-handler [INFO] Search task succeeded.
2026-02-03 00:40:59,107 search-job-handler [INFO] Search task succeeded.
2026-02-03 00:40:59,108 search-job-handler [INFO] Search task succeeded.
2026-02-03 00:40:59,108 search-job-handler [INFO] Search task succeeded.
2026-02-03 00:40:59,108 search-job-handler [INFO] Search task succeeded.
2026-02-03 00:40:59,108 search-job-handler [INFO] Search task succeeded.
2026-02-03 00:40:59,108 search-job-handler [INFO] Search task succeeded.
2026-02-03 00:40:59,108 search-job-handler [INFO] Search task succeeded.
2026-02-03 00:40:59,108 search-job-handler [INFO] Search task succeeded.
2026-02-03 00:40:59,108 search-job-handler [INFO] Search task succeeded.
2026-02-03 00:40:59,108 search-job-handler [INFO] Search task succeeded.
2026-02-03 00:40:59,108 search-job-handler [INFO] Search task succeeded.
2026-02-03 00:40:59,108 search-job-handler [INFO] Search task succeeded.
2026-02-03 00:40:59,108 search-job-handler [INFO] Search task succeeded.
2026-02-03 00:40:59,108 search-job-handler [INFO] Search task succeeded.
2026-02-03 00:40:59,108 search-job-handler [INFO] Search task succeeded.
2026-02-03 00:40:59,108 search-job-handler [INFO] Search task succeeded.
2026-02-03 00:40:59,108 search-job-handler [INFO] Search task succeeded.
2026-02-03 00:40:59,108 search-job-handler [INFO] Search task succeeded.
2026-02-03 00:40:59,109 search-job-handler [INFO] Search task succeeded.
2026-02-03 00:40:59,109 search-job-handler [INFO] Search task succeeded.
2026-02-03 00:40:59,109 search-job-handler [INFO] Search task succeeded.
2026-02-03 00:40:59,109 search-job-handler [INFO] Search task succeeded.
2026-02-03 00:40:59,109 search-job-handler [INFO] Search task succeeded.
2026-02-03 00:40:59,109 search-job-handler [INFO] Search task succeeded.
2026-02-03 00:40:59,109 search-job-handler [INFO] Search task succeeded.
2026-02-03 00:40:59,109 search-job-handler [INFO] Search task succeeded.
2026-02-03 00:40:59,109 search-job-handler [INFO] Search task succeeded.
2026-02-03 00:40:59,109 search-job-handler [INFO] Search task succeeded.
2026-02-03 00:40:59,109 search-job-handler [INFO] Search task succeeded.
2026-02-03 00:40:59,109 search-job-handler [INFO] Search task succeeded.
2026-02-03 00:40:59,109 search-job-handler [INFO] Search task succeeded.
2026-02-03 00:40:59,109 search-job-handler [INFO] Search task succeeded.
2026-02-03 00:40:59,109 search-job-handler [INFO] Search task succeeded.
2026-02-03 00:40:59,109 search-job-handler [INFO] Search task succeeded.
2026-02-03 00:40:59,109 search-job-handler [INFO] Search task succeeded.
2026-02-03 00:40:59,110 search-job-handler [INFO] Search task succeeded.
2026-02-03 00:40:59,110 search-job-handler [INFO] Search task succeeded.
2026-02-03 00:40:59,110 search-job-handler [INFO] Search task succeeded.
2026-02-03 00:40:59,110 search-job-handler [INFO] Search task succeeded.
2026-02-03 00:40:59,110 search-job-handler [INFO] Search task succeeded.
2026-02-03 00:40:59,110 search-job-handler [INFO] Search task succeeded.
2026-02-03 00:40:59,110 search-job-handler [INFO] Search task succeeded.
2026-02-03 00:40:59,110 search-job-handler [INFO] Search task succeeded.
2026-02-03 00:40:59,110 search-job-handler [INFO] Search task succeeded.
2026-02-03 00:40:59,110 search-job-handler [INFO] Search task succeeded.
2026-02-03 00:40:59,110 search-job-handler [INFO] Search task succeeded.
2026-02-03 00:40:59,110 search-job-handler [INFO] Search task succeeded.
2026-02-03 00:40:59,110 search-job-handler [INFO] Search task succeeded.
2026-02-03 00:40:59,110 search-job-handler [INFO] Search task succeeded.
2026-02-03 00:40:59,110 search-job-handler [INFO] Search task succeeded.
2026-02-03 00:40:59,110 search-job-handler [INFO] Search task succeeded.
2026-02-03 00:40:59,111 search-job-handler [INFO] Search task succeeded.
2026-02-03 00:40:59,111 search-job-handler [INFO] Search task succeeded.
2026-02-03 00:40:59,111 search-job-handler [INFO] Search task succeeded.
2026-02-03 00:40:59,111 search-job-handler [INFO] Search task succeeded.
2026-02-03 00:40:59,111 search-job-handler [INFO] Search task succeeded.
2026-02-03 00:40:59,111 search-job-handler [INFO] Search task succeeded.
2026-02-03 00:40:59,111 search-job-handler [INFO] Search task succeeded.
2026-02-03 00:40:59,111 search-job-handler [INFO] Search task succeeded.
2026-02-03 00:40:59,111 search-job-handler [INFO] Search task succeeded.
2026-02-03 00:40:59,111 search-job-handler [INFO] Search task succeeded.
2026-02-03 00:40:59,111 search-job-handler [INFO] Search task succeeded.
2026-02-03 00:40:59,111 search-job-handler [INFO] Search task succeeded.
2026-02-03 00:40:59,111 search-job-handler [INFO] Search task succeeded.
2026-02-03 00:40:59,111 search-job-handler [INFO] Search task succeeded.
2026-02-03 00:40:59,111 search-job-handler [INFO] Search task succeeded.
2026-02-03 00:40:59,111 search-job-handler [INFO] Search task succeeded.
2026-02-03 00:40:59,112 search-job-handler [INFO] Search task succeeded.
2026-02-03 00:40:59,112 search-job-handler [INFO] Search task succeeded.
2026-02-03 00:40:59,112 search-job-handler [INFO] Search task succeeded.
2026-02-03 00:40:59,112 search-job-handler [INFO] Search task succeeded.
2026-02-03 00:40:59,112 search-job-handler [INFO] Search task succeeded.
2026-02-03 00:40:59,112 search-job-handler [INFO] Search task succeeded.
2026-02-03 00:40:59,112 search-job-handler [INFO] Search task succeeded.
2026-02-03 00:40:59,112 search-job-handler [INFO] Search task succeeded.
2026-02-03 00:40:59,112 search-job-handler [INFO] Search task succeeded.
2026-02-03 00:40:59,112 search-job-handler [INFO] Search task succeeded.
2026-02-03 00:40:59,112 search-job-handler [INFO] Search task succeeded.
2026-02-03 00:40:59,112 search-job-handler [INFO] Search task succeeded.
2026-02-03 00:40:59,112 search-job-handler [INFO] Search task succeeded.
2026-02-03 00:40:59,112 search-job-handler [INFO] Search task succeeded.
2026-02-03 00:40:59,112 search-job-handler [INFO] Search task succeeded.
2026-02-03 00:40:59,112 search-job-handler [INFO] Search task succeeded.
2026-02-03 00:40:59,112 search-job-handler [INFO] Search task succeeded.
2026-02-03 00:40:59,113 search-job-handler [INFO] Search task succeeded.
2026-02-03 00:40:59,113 search-job-handler [INFO] Search task succeeded.
2026-02-03 00:40:59,113 search-job-handler [INFO] Search task succeeded.
2026-02-03 00:40:59,113 search-job-handler [INFO] Search task succeeded.
2026-02-03 00:40:59,113 search-job-handler [INFO] Search task succeeded.
2026-02-03 00:40:59,113 search-job-handler [INFO] Search task succeeded.
2026-02-03 00:40:59,113 search-job-handler [INFO] Search task succeeded.
2026-02-03 00:40:59,113 search-job-handler [INFO] Search task succeeded.
2026-02-03 00:40:59,113 search-job-handler [INFO] Search task succeeded.
2026-02-03 00:40:59,113 search-job-handler [INFO] Search task succeeded.
2026-02-03 00:40:59,113 search-job-handler [INFO] Search task succeeded.
2026-02-03 00:40:59,113 search-job-handler [INFO] Search task succeeded.
2026-02-03 00:40:59,113 search-job-handler [INFO] Search task succeeded.
2026-02-03 00:40:59,113 search-job-handler [INFO] Search task succeeded.
2026-02-03 00:40:59,113 search-job-handler [INFO] Search task succeeded.
2026-02-03 00:40:59,113 search-job-handler [INFO] Search task succeeded.
2026-02-03 00:40:59,114 search-job-handler [INFO] Search task succeeded.
2026-02-03 00:40:59,114 search-job-handler [INFO] Search task succeeded.
2026-02-03 00:40:59,114 search-job-handler [INFO] Search task succeeded.
2026-02-03 00:40:59,114 search-job-handler [INFO] Search task succeeded.
2026-02-03 00:40:59,114 search-job-handler [INFO] Search task succeeded.
2026-02-03 00:40:59,114 search-job-handler [INFO] Search task succeeded.
2026-02-03 00:40:59,114 search-job-handler [INFO] Search task succeeded.
2026-02-03 00:40:59,114 search-job-handler [INFO] Search task succeeded.
2026-02-03 00:40:59,114 search-job-handler [INFO] Search task succeeded.
2026-02-03 00:40:59,114 search-job-handler [INFO] Search task succeeded.
2026-02-03 00:40:59,114 search-job-handler [INFO] Search task succeeded.
2026-02-03 00:40:59,114 search-job-handler [INFO] Search task succeeded.
2026-02-03 00:40:59,114 search-job-handler [INFO] Search task succeeded.
2026-02-03 00:40:59,114 search-job-handler [INFO] Search task succeeded.
2026-02-03 00:40:59,114 search-job-handler [INFO] Search task succeeded.
2026-02-03 00:40:59,114 search-job-handler [INFO] Search task succeeded.
2026-02-03 00:40:59,114 search-job-handler [INFO] Search task succeeded.
2026-02-03 00:40:59,115 search-job-handler [INFO] Search task succeeded.
2026-02-03 00:40:59,115 search-job-handler [INFO] Search task succeeded.
2026-02-03 00:41:01,519 search-job-handler [INFO] Completed job 3 at 2026-02-03T00:40:59.115139, total duration=231.75s.
2026-02-03 01:10:38,367 search-job-handler [INFO] Query scheduler using Spider.
2026-02-03 01:10:38,370 search-job-handler [INFO] Connected to archive database.
2026-02-03 01:10:38,370 search-job-handler [INFO] Query scheduler started.
2026-02-03 01:10:45,212 search-job-handler [INFO] Submitting Spider job 4 at 2026-02-03T01:10:45.212327 with 923 search tasks, aggregation=False
2026-02-03 01:10:47,374 search-job-handler [INFO] Submitted Spider job 4 at 2026-02-03T01:10:47.374588, submission took 2.162s
2026-02-03 01:10:47,430 search-job-handler [INFO] Dispatched search job 4 at 2026-02-03T01:10:47.379264 with 923 tasks.
2026-02-03 01:12:10,410 search-job-handler [INFO] Search task succeeded.
2026-02-03 01:12:10,410 search-job-handler [INFO] Search task succeeded.
2026-02-03 01:12:10,410 search-job-handler [INFO] Search task succeeded.
2026-02-03 01:12:10,410 search-job-handler [INFO] Search task succeeded.
2026-02-03 01:12:10,410 search-job-handler [INFO] Search task succeeded.
2026-02-03 01:12:10,410 search-job-handler [INFO] Search task succeeded.
2026-02-03 01:12:10,410 search-job-handler [INFO] Search task succeeded.
2026-02-03 01:12:10,411 search-job-handler [INFO] Search task succeeded.
2026-02-03 01:12:10,411 search-job-handler [INFO] Search task succeeded.
2026-02-03 01:12:10,411 search-job-handler [INFO] Search task succeeded.
2026-02-03 01:12:10,411 search-job-handler [INFO] Search task succeeded.
2026-02-03 01:12:10,411 search-job-handler [INFO] Search task succeeded.
2026-02-03 01:12:10,411 search-job-handler [INFO] Search task succeeded.
2026-02-03 01:12:10,411 search-job-handler [INFO] Search task succeeded.
2026-02-03 01:12:10,411 search-job-handler [INFO] Search task succeeded.
2026-02-03 01:12:10,411 search-job-handler [INFO] Search task succeeded.
2026-02-03 01:12:10,411 search-job-handler [INFO] Search task succeeded.
2026-02-03 01:12:10,411 search-job-handler [INFO] Search task succeeded.
2026-02-03 01:12:10,411 search-job-handler [INFO] Search task succeeded.
2026-02-03 01:12:10,411 search-job-handler [INFO] Search task succeeded.
2026-02-03 01:12:10,411 search-job-handler [INFO] Search task succeeded.
2026-02-03 01:12:10,411 search-job-handler [INFO] Search task succeeded.
2026-02-03 01:12:10,411 search-job-handler [INFO] Search task succeeded.
2026-02-03 01:12:10,411 search-job-handler [INFO] Search task succeeded.
2026-02-03 01:12:10,412 search-job-handler [INFO] Search task succeeded.
2026-02-03 01:12:10,412 search-job-handler [INFO] Search task succeeded.
2026-02-03 01:12:10,412 search-job-handler [INFO] Search task succeeded.
2026-02-03 01:12:10,412 search-job-handler [INFO] Search task succeeded.
2026-02-03 01:12:10,412 search-job-handler [INFO] Search task succeeded.
2026-02-03 01:12:10,412 search-job-handler [INFO] Search task succeeded.
2026-02-03 01:12:10,412 search-job-handler [INFO] Search task succeeded.
2026-02-03 01:12:10,412 search-job-handler [INFO] Search task succeeded.
2026-02-03 01:12:10,412 search-job-handler [INFO] Search task succeeded.
2026-02-03 01:12:10,412 search-job-handler [INFO] Search task succeeded.
2026-02-03 01:12:10,412 search-job-handler [INFO] Search task succeeded.
2026-02-03 01:12:10,412 search-job-handler [INFO] Search task succeeded.
2026-02-03 01:12:10,412 search-job-handler [INFO] Search task succeeded.
2026-02-03 01:12:10,412 search-job-handler [INFO] Search task succeeded.
2026-02-03 01:12:10,412 search-job-handler [INFO] Search task succeeded.
2026-02-03 01:12:10,413 search-job-handler [INFO] Search task succeeded.
2026-02-03 01:12:10,413 search-job-handler [INFO] Search task succeeded.
2026-02-03 01:12:10,413 search-job-handler [INFO] Search task succeeded.
2026-02-03 01:12:10,413 search-job-handler [INFO] Search task succeeded.
2026-02-03 01:12:10,413 search-job-handler [INFO] Search task succeeded.
2026-02-03 01:12:10,413 search-job-handler [INFO] Search task succeeded.
2026-02-03 01:12:10,413 search-job-handler [INFO] Search task succeeded.
2026-02-03 01:12:10,413 search-job-handler [INFO] Search task succeeded.
2026-02-03 01:12:10,413 search-job-handler [INFO] Search task succeeded.
2026-02-03 01:12:10,413 search-job-handler [INFO] Search task succeeded.
2026-02-03 01:12:10,413 search-job-handler [INFO] Search task succeeded.
2026-02-03 01:12:10,413 search-job-handler [INFO] Search task succeeded.
2026-02-03 01:12:10,413 search-job-handler [INFO] Search task succeeded.
2026-02-03 01:12:10,414 search-job-handler [INFO] Search task succeeded.
2026-02-03 01:12:10,414 search-job-handler [INFO] Search task succeeded.
2026-02-03 01:12:10,414 search-job-handler [INFO] Search task succeeded.
2026-02-03 01:12:10,414 search-job-handler [INFO] Search task succeeded.
2026-02-03 01:12:10,414 search-job-handler [INFO] Search task succeeded.
2026-02-03 01:12:10,414 search-job-handler [INFO] Search task succeeded.
2026-02-03 01:12:10,414 search-job-handler [INFO] Search task succeeded.
2026-02-03 01:12:10,414 search-job-handler [INFO] Search task succeeded.
2026-02-03 01:12:10,414 search-job-handler [INFO] Search task succeeded.
2026-02-03 01:12:10,414 search-job-handler [INFO] Search task succeeded.
2026-02-03 01:12:10,414 search-job-handler [INFO] Search task succeeded.
2026-02-03 01:12:10,414 search-job-handler [INFO] Search task succeeded.
2026-02-03 01:12:10,414 search-job-handler [INFO] Search task succeeded.
2026-02-03 01:12:10,415 search-job-handler [INFO] Search task succeeded.
2026-02-03 01:12:10,415 search-job-handler [INFO] Search task succeeded.
2026-02-03 01:12:10,415 search-job-handler [INFO] Search task succeeded.
2026-02-03 01:12:10,415 search-job-handler [INFO] Search task succeeded.
2026-02-03 01:12:10,415 search-job-handler [INFO] Search task succeeded.
2026-02-03 01:12:10,415 search-job-handler [INFO] Search task succeeded.
2026-02-03 01:12:10,415 search-job-handler [INFO] Search task succeeded.
2026-02-03 01:12:10,415 search-job-handler [INFO] Search task succeeded.
2026-02-03 01:12:10,415 search-job-handler [INFO] Search task succeeded.
2026-02-03 01:12:10,415 search-job-handler [INFO] Search task succeeded.
2026-02-03 01:12:10,415 search-job-handler [INFO] Search task succeeded.
2026-02-03 01:12:10,415 search-job-handler [INFO] Search task succeeded.
2026-02-03 01:12:10,416 search-job-handler [INFO] Search task succeeded.
2026-02-03 01:12:10,416 search-job-handler [INFO] Search task succeeded.
2026-02-03 01:12:10,416 search-job-handler [INFO] Search task succeeded.
2026-02-03 01:12:10,416 search-job-handler [INFO] Search task succeeded.
2026-02-03 01:12:10,416 search-job-handler [INFO] Search task succeeded.
2026-02-03 01:12:10,416 search-job-handler [INFO] Search task succeeded.
2026-02-03 01:12:10,416 search-job-handler [INFO] Search task succeeded.
2026-02-03 01:12:10,416 search-job-handler [INFO] Search task succeeded.
2026-02-03 01:12:10,416 search-job-handler [INFO] Search task succeeded.
2026-02-03 01:12:10,416 search-job-handler [INFO] Search task succeeded.
2026-02-03 01:12:10,416 search-job-handler [INFO] Search task succeeded.
2026-02-03 01:12:10,416 search-job-handler [INFO] Search task succeeded.
2026-02-03 01:12:10,417 search-job-handler [INFO] Search task succeeded.
2026-02-03 01:12:10,417 search-job-handler [INFO] Search task succeeded.
2026-02-03 01:12:10,417 search-job-handler [INFO] Search task succeeded.
2026-02-03 01:12:10,417 search-job-handler [INFO] Search task succeeded.
2026-02-03 01:12:10,417 search-job-handler [INFO] Search task succeeded.
2026-02-03 01:12:10,417 search-job-handler [INFO] Search task succeeded.
2026-02-03 01:12:10,417 search-job-handler [INFO] Search task succeeded.
2026-02-03 01:12:10,417 search-job-handler [INFO] Search task succeeded.
2026-02-03 01:12:10,417 search-job-handler [INFO] Search task succeeded.
2026-02-03 01:12:10,417 search-job-handler [INFO] Search task succeeded.
2026-02-03 01:12:10,417 search-job-handler [INFO] Search task succeeded.
2026-02-03 01:12:10,418 search-job-handler [INFO] Search task succeeded.
2026-02-03 01:12:10,418 search-job-handler [INFO] Search task succeeded.
2026-02-03 01:12:10,418 search-job-handler [INFO] Search task succeeded.
2026-02-03 01:12:10,418 search-job-handler [INFO] Search task succeeded.
2026-02-03 01:12:10,418 search-job-handler [INFO] Search task succeeded.
2026-02-03 01:12:10,418 search-job-handler [INFO] Search task succeeded.
2026-02-03 01:12:10,418 search-job-handler [INFO] Search task succeeded.
2026-02-03 01:12:10,418 search-job-handler [INFO] Search task succeeded.
2026-02-03 01:12:10,418 search-job-handler [INFO] Search task succeeded.
2026-02-03 01:12:10,418 search-job-handler [INFO] Search task succeeded.
2026-02-03 01:12:10,418 search-job-handler [INFO] Search task succeeded.
2026-02-03 01:12:10,418 search-job-handler [INFO] Search task succeeded.
2026-02-03 01:12:10,419 search-job-handler [INFO] Search task succeeded.
2026-02-03 01:12:10,419 search-job-handler [INFO] Search task succeeded.
2026-02-03 01:12:10,419 search-job-handler [INFO] Search task succeeded.
2026-02-03 01:12:10,419 search-job-handler [INFO] Search task succeeded.
2026-02-03 01:12:10,419 search-job-handler [INFO] Search task succeeded.
2026-02-03 01:12:10,419 search-job-handler [INFO] Search task succeeded.
2026-02-03 01:12:10,419 search-job-handler [INFO] Search task succeeded.
2026-02-03 01:12:10,419 search-job-handler [INFO] Search task succeeded.
2026-02-03 01:12:10,419 search-job-handler [INFO] Search task succeeded.
2026-02-03 01:12:10,419 search-job-handler [INFO] Search task succeeded.
2026-02-03 01:12:10,419 search-job-handler [INFO] Search task succeeded.
2026-02-03 01:12:10,419 search-job-handler [INFO] Search task succeeded.
2026-02-03 01:12:10,419 search-job-handler [INFO] Search task succeeded.
2026-02-03 01:12:10,420 search-job-handler [INFO] Search task succeeded.
2026-02-03 01:12:10,420 search-job-handler [INFO] Search task succeeded.
2026-02-03 01:12:10,420 search-job-handler [INFO] Search task succeeded.
2026-02-03 01:12:10,420 search-job-handler [INFO] Search task succeeded.
2026-02-03 01:12:10,420 search-job-handler [INFO] Search task succeeded.
2026-02-03 01:12:10,420 search-job-handler [INFO] Search task succeeded.
2026-02-03 01:12:10,420 search-job-handler [INFO] Search task succeeded.
2026-02-03 01:12:10,420 search-job-handler [INFO] Search task succeeded.
2026-02-03 01:12:10,420 search-job-handler [INFO] Search task succeeded.
2026-02-03 01:12:10,420 search-job-handler [INFO] Search task succeeded.
2026-02-03 01:12:10,420 search-job-handler [INFO] Search task succeeded.
2026-02-03 01:12:10,420 search-job-handler [INFO] Search task succeeded.
2026-02-03 01:12:10,421 search-job-handler [INFO] Search task succeeded.
2026-02-03 01:12:10,421 search-job-handler [INFO] Search task succeeded.
2026-02-03 01:12:10,421 search-job-handler [INFO] Search task succeeded.
2026-02-03 01:12:10,421 search-job-handler [INFO] Search task succeeded.
2026-02-03 01:12:10,421 search-job-handler [INFO] Search task succeeded.
2026-02-03 01:12:10,421 search-job-handler [INFO] Search task succeeded.
2026-02-03 01:12:10,421 search-job-handler [INFO] Search task succeeded.
2026-02-03 01:12:10,421 search-job-handler [INFO] Search task succeeded.
2026-02-03 01:12:10,421 search-job-handler [INFO] Search task succeeded.
2026-02-03 01:12:10,421 search-job-handler [INFO] Search task succeeded.
2026-02-03 01:12:10,421 search-job-handler [INFO] Search task succeeded.
2026-02-03 01:12:10,421 search-job-handler [INFO] Search task succeeded.
2026-02-03 01:12:10,421 search-job-handler [INFO] Search task succeeded.
2026-02-03 01:12:10,422 search-job-handler [INFO] Search task succeeded.
2026-02-03 01:12:10,422 search-job-handler [INFO] Search task succeeded.
2026-02-03 01:12:10,422 search-job-handler [INFO] Search task succeeded.
2026-02-03 01:12:10,422 search-job-handler [INFO] Search task succeeded.
2026-02-03 01:12:10,422 search-job-handler [INFO] Search task succeeded.
2026-02-03 01:12:10,422 search-job-handler [INFO] Search task succeeded.
2026-02-03 01:12:10,422 search-job-handler [INFO] Search task succeeded.
2026-02-03 01:12:10,422 search-job-handler [INFO] Search task succeeded.
2026-02-03 01:12:10,422 search-job-handler [INFO] Search task succeeded.
2026-02-03 01:12:10,422 search-job-handler [INFO] Search task succeeded.
2026-02-03 01:12:10,422 search-job-handler [INFO] Search task succeeded.
2026-02-03 01:12:10,422 search-job-handler [INFO] Search task succeeded.
2026-02-03 01:12:10,422 search-job-handler [INFO] Search task succeeded.
2026-02-03 01:12:10,423 search-job-handler [INFO] Search task succeeded.
2026-02-03 01:12:10,423 search-job-handler [INFO] Search task succeeded.
2026-02-03 01:12:10,423 search-job-handler [INFO] Search task succeeded.
2026-02-03 01:12:10,423 search-job-handler [INFO] Search task succeeded.
2026-02-03 01:12:10,423 search-job-handler [INFO] Search task succeeded.
2026-02-03 01:12:10,423 search-job-handler [INFO] Search task succeeded.
2026-02-03 01:12:10,423 search-job-handler [INFO] Search task succeeded.
2026-02-03 01:12:10,423 search-job-handler [INFO] Search task succeeded.
2026-02-03 01:12:10,423 search-job-handler [INFO] Search task succeeded.
2026-02-03 01:12:10,423 search-job-handler [INFO] Search task succeeded.
2026-02-03 01:12:10,423 search-job-handler [INFO] Search task succeeded.
2026-02-03 01:12:10,423 search-job-handler [INFO] Search task succeeded.
2026-02-03 01:12:10,424 search-job-handler [INFO] Search task succeeded.
2026-02-03 01:12:10,424 search-job-handler [INFO] Search task succeeded.
2026-02-03 01:12:10,424 search-job-handler [INFO] Search task succeeded.
2026-02-03 01:12:10,424 search-job-handler [INFO] Search task succeeded.
2026-02-03 01:12:10,424 search-job-handler [INFO] Search task succeeded.
2026-02-03 01:12:10,424 search-job-handler [INFO] Search task succeeded.
2026-02-03 01:12:10,424 search-job-handler [INFO] Search task succeeded.
2026-02-03 01:12:10,424 search-job-handler [INFO] Search task succeeded.
2026-02-03 01:12:10,424 search-job-handler [INFO] Search task succeeded.
2026-02-03 01:12:10,424 search-job-handler [INFO] Search task succeeded.
2026-02-03 01:12:10,424 search-job-handler [INFO] Search task succeeded.
2026-02-03 01:12:10,424 search-job-handler [INFO] Search task succeeded.
2026-02-03 01:12:10,425 search-job-handler [INFO] Search task succeeded.
2026-02-03 01:12:10,425 search-job-handler [INFO] Search task succeeded.
2026-02-03 01:12:10,425 search-job-handler [INFO] Search task succeeded.
2026-02-03 01:12:10,425 search-job-handler [INFO] Search task succeeded.
2026-02-03 01:12:10,425 search-job-handler [INFO] Search task succeeded.
2026-02-03 01:12:10,425 search-job-handler [INFO] Search task succeeded.
2026-02-03 01:12:10,425 search-job-handler [INFO] Search task succeeded.
2026-02-03 01:12:10,425 search-job-handler [INFO] Search task succeeded.
2026-02-03 01:12:10,425 search-job-handler [INFO] Search task succeeded.
2026-02-03 01:12:10,425 search-job-handler [INFO] Search task succeeded.
2026-02-03 01:12:10,425 search-job-handler [INFO] Search task succeeded.
2026-02-03 01:12:10,425 search-job-handler [INFO] Search task succeeded.
2026-02-03 01:12:10,425 search-job-handler [INFO] Search task succeeded.
2026-02-03 01:12:10,426 search-job-handler [INFO] Search task succeeded.
2026-02-03 01:12:10,426 search-job-handler [INFO] Search task succeeded.
2026-02-03 01:12:10,426 search-job-handler [INFO] Search task succeeded.
2026-02-03 01:12:10,426 search-job-handler [INFO] Search task succeeded.
2026-02-03 01:12:10,426 search-job-handler [INFO] Search task succeeded.
2026-02-03 01:12:10,426 search-job-handler [INFO] Search task succeeded.
2026-02-03 01:12:10,426 search-job-handler [INFO] Search task succeeded.
2026-02-03 01:12:10,426 search-job-handler [INFO] Search task succeeded.
2026-02-03 01:12:10,426 search-job-handler [INFO] Search task succeeded.
2026-02-03 01:12:10,426 search-job-handler [INFO] Search task succeeded.
2026-02-03 01:12:10,426 search-job-handler [INFO] Search task succeeded.
2026-02-03 01:12:10,426 search-job-handler [INFO] Search task succeeded.
2026-02-03 01:12:10,427 search-job-handler [INFO] Search task succeeded.
2026-02-03 01:12:10,427 search-job-handler [INFO] Search task succeeded.
2026-02-03 01:12:10,427 search-job-handler [INFO] Search task succeeded.
2026-02-03 01:12:10,427 search-job-handler [INFO] Search task succeeded.
2026-02-03 01:12:10,427 search-job-handler [INFO] Search task succeeded.
2026-02-03 01:12:10,427 search-job-handler [INFO] Search task succeeded.
2026-02-03 01:12:10,427 search-job-handler [INFO] Search task succeeded.
2026-02-03 01:12:10,427 search-job-handler [INFO] Search task succeeded.
2026-02-03 01:12:10,427 search-job-handler [INFO] Search task succeeded.
2026-02-03 01:12:10,427 search-job-handler [INFO] Search task succeeded.
2026-02-03 01:12:10,427 search-job-handler [INFO] Search task succeeded.
2026-02-03 01:12:10,427 search-job-handler [INFO] Search task succeeded.
2026-02-03 01:12:10,428 search-job-handler [INFO] Search task succeeded.
2026-02-03 01:12:10,428 search-job-handler [INFO] Search task succeeded.
2026-02-03 01:12:10,428 search-job-handler [INFO] Search task succeeded.
2026-02-03 01:12:10,428 search-job-handler [INFO] Search task succeeded.
2026-02-03 01:12:10,428 search-job-handler [INFO] Search task succeeded.
2026-02-03 01:12:10,428 search-job-handler [INFO] Search task succeeded.
2026-02-03 01:12:10,428 search-job-handler [INFO] Search task succeeded.
2026-02-03 01:12:10,428 search-job-handler [INFO] Search task succeeded.
2026-02-03 01:12:10,428 search-job-handler [INFO] Search task succeeded.
2026-02-03 01:12:10,428 search-job-handler [INFO] Search task succeeded.
2026-02-03 01:12:10,428 search-job-handler [INFO] Search task succeeded.
2026-02-03 01:12:10,428 search-job-handler [INFO] Search task succeeded.
2026-02-03 01:12:10,429 search-job-handler [INFO] Search task succeeded.
2026-02-03 01:12:10,429 search-job-handler [INFO] Search task succeeded.
2026-02-03 01:12:10,429 search-job-handler [INFO] Search task succeeded.
2026-02-03 01:12:10,429 search-job-handler [INFO] Search task succeeded.
2026-02-03 01:12:10,429 search-job-handler [INFO] Search task succeeded.
2026-02-03 01:12:10,429 search-job-handler [INFO] Search task succeeded.
2026-02-03 01:12:10,429 search-job-handler [INFO] Search task succeeded.
2026-02-03 01:12:10,429 search-job-handler [INFO] Search task succeeded.
2026-02-03 01:12:10,429 search-job-handler [INFO] Search task succeeded.
2026-02-03 01:12:10,429 search-job-handler [INFO] Search task succeeded.
2026-02-03 01:12:10,429 search-job-handler [INFO] Search task succeeded.
2026-02-03 01:12:10,429 search-job-handler [INFO] Search task succeeded.
2026-02-03 01:12:10,430 search-job-handler [INFO] Search task succeeded.
2026-02-03 01:12:10,430 search-job-handler [INFO] Search task succeeded.
2026-02-03 01:12:10,430 search-job-handler [INFO] Search task succeeded.
2026-02-03 01:12:10,430 search-job-handler [INFO] Search task succeeded.
2026-02-03 01:12:10,430 search-job-handler [INFO] Search task succeeded.
2026-02-03 01:12:10,430 search-job-handler [INFO] Search task succeeded.
2026-02-03 01:12:10,430 search-job-handler [INFO] Search task succeeded.
2026-02-03 01:12:10,430 search-job-handler [INFO] Search task succeeded.
2026-02-03 01:12:10,430 search-job-handler [INFO] Search task succeeded.
2026-02-03 01:12:10,430 search-job-handler [INFO] Search task succeeded.
2026-02-03 01:12:10,430 search-job-handler [INFO] Search task succeeded.
2026-02-03 01:12:10,431 search-job-handler [INFO] Search task succeeded.
2026-02-03 01:12:10,431 search-job-handler [INFO] Search task succeeded.
2026-02-03 01:12:10,431 search-job-handler [INFO] Search task succeeded.
2026-02-03 01:12:10,431 search-job-handler [INFO] Search task succeeded.
2026-02-03 01:12:10,431 search-job-handler [INFO] Search task succeeded.
2026-02-03 01:12:10,431 search-job-handler [INFO] Search task succeeded.
2026-02-03 01:12:10,431 search-job-handler [INFO] Search task succeeded.
2026-02-03 01:12:10,431 search-job-handler [INFO] Search task succeeded.
2026-02-03 01:12:10,431 search-job-handler [INFO] Search task succeeded.
2026-02-03 01:12:10,431 search-job-handler [INFO] Search task succeeded.
2026-02-03 01:12:10,431 search-job-handler [INFO] Search task succeeded.
2026-02-03 01:12:10,431 search-job-handler [INFO] Search task succeeded.
2026-02-03 01:12:10,432 search-job-handler [INFO] Search task succeeded.
2026-02-03 01:12:10,432 search-job-handler [INFO] Search task succeeded.
2026-02-03 01:12:10,432 search-job-handler [INFO] Search task succeeded.
2026-02-03 01:12:10,432 search-job-handler [INFO] Search task succeeded.
2026-02-03 01:12:10,432 search-job-handler [INFO] Search task succeeded.
2026-02-03 01:12:10,432 search-job-handler [INFO] Search task succeeded.
2026-02-03 01:12:10,432 search-job-handler [INFO] Search task succeeded.
2026-02-03 01:12:10,432 search-job-handler [INFO] Search task succeeded.
2026-02-03 01:12:10,432 search-job-handler [INFO] Search task succeeded.
2026-02-03 01:12:10,432 search-job-handler [INFO] Search task succeeded.
2026-02-03 01:12:10,432 search-job-handler [INFO] Search task succeeded.
2026-02-03 01:12:10,432 search-job-handler [INFO] Search task succeeded.
2026-02-03 01:12:10,432 search-job-handler [INFO] Search task succeeded.
2026-02-03 01:12:10,432 search-job-handler [INFO] Search task succeeded.
2026-02-03 01:12:10,432 search-job-handler [INFO] Search task succeeded.
2026-02-03 01:12:10,432 search-job-handler [INFO] Search task succeeded.
2026-02-03 01:12:10,433 search-job-handler [INFO] Search task succeeded.
2026-02-03 01:12:10,433 search-job-handler [INFO] Search task succeeded.
2026-02-03 01:12:10,433 search-job-handler [INFO] Search task succeeded.
2026-02-03 01:12:10,433 search-job-handler [INFO] Search task succeeded.
2026-02-03 01:12:10,433 search-job-handler [INFO] Search task succeeded.
2026-02-03 01:12:10,433 search-job-handler [INFO] Search task succeeded.
2026-02-03 01:12:10,433 search-job-handler [INFO] Search task succeeded.
2026-02-03 01:12:10,433 search-job-handler [INFO] Search task succeeded.
2026-02-03 01:12:10,433 search-job-handler [INFO] Search task succeeded.
2026-02-03 01:12:10,433 search-job-handler [INFO] Search task succeeded.
2026-02-03 01:12:10,433 search-job-handler [INFO] Search task succeeded.
2026-02-03 01:12:10,433 search-job-handler [INFO] Search task succeeded.
2026-02-03 01:12:10,433 search-job-handler [INFO] Search task succeeded.
2026-02-03 01:12:10,433 search-job-handler [INFO] Search task succeeded.
2026-02-03 01:12:10,433 search-job-handler [INFO] Search task succeeded.
2026-02-03 01:12:10,433 search-job-handler [INFO] Search task succeeded.
2026-02-03 01:12:10,434 search-job-handler [INFO] Search task succeeded.
2026-02-03 01:12:10,434 search-job-handler [INFO] Search task succeeded.
2026-02-03 01:12:10,434 search-job-handler [INFO] Search task succeeded.
2026-02-03 01:12:10,434 search-job-handler [INFO] Search task succeeded.
2026-02-03 01:12:10,434 search-job-handler [INFO] Search task succeeded.
2026-02-03 01:12:10,434 search-job-handler [INFO] Search task succeeded.
2026-02-03 01:12:10,434 search-job-handler [INFO] Search task succeeded.
2026-02-03 01:12:10,434 search-job-handler [INFO] Search task succeeded.
2026-02-03 01:12:10,434 search-job-handler [INFO] Search task succeeded.
2026-02-03 01:12:10,434 search-job-handler [INFO] Search task succeeded.
2026-02-03 01:12:10,434 search-job-handler [INFO] Search task succeeded.
2026-02-03 01:12:10,434 search-job-handler [INFO] Search task succeeded.
2026-02-03 01:12:10,434 search-job-handler [INFO] Search task succeeded.
2026-02-03 01:12:10,434 search-job-handler [INFO] Search task succeeded.
2026-02-03 01:12:10,434 search-job-handler [INFO] Search task succeeded.
2026-02-03 01:12:10,434 search-job-handler [INFO] Search task succeeded.
2026-02-03 01:12:10,434 search-job-handler [INFO] Search task succeeded.
2026-02-03 01:12:10,435 search-job-handler [INFO] Search task succeeded.
2026-02-03 01:12:10,435 search-job-handler [INFO] Search task succeeded.
2026-02-03 01:12:10,435 search-job-handler [INFO] Search task succeeded.
2026-02-03 01:12:10,435 search-job-handler [INFO] Search task succeeded.
2026-02-03 01:12:10,435 search-job-handler [INFO] Search task succeeded.
2026-02-03 01:12:10,435 search-job-handler [INFO] Search task succeeded.
2026-02-03 01:12:10,435 search-job-handler [INFO] Search task succeeded.
2026-02-03 01:12:10,435 search-job-handler [INFO] Search task succeeded.
2026-02-03 01:12:10,435 search-job-handler [INFO] Search task succeeded.
2026-02-03 01:12:10,435 search-job-handler [INFO] Search task succeeded.
2026-02-03 01:12:10,435 search-job-handler [INFO] Search task succeeded.
2026-02-03 01:12:10,435 search-job-handler [INFO] Search task succeeded.
2026-02-03 01:12:10,435 search-job-handler [INFO] Search task succeeded.
2026-02-03 01:12:10,435 search-job-handler [INFO] Search task succeeded.
2026-02-03 01:12:10,435 search-job-handler [INFO] Search task succeeded.
2026-02-03 01:12:10,435 search-job-handler [INFO] Search task succeeded.
2026-02-03 01:12:10,436 search-job-handler [INFO] Search task succeeded.
2026-02-03 01:12:10,436 search-job-handler [INFO] Search task succeeded.
2026-02-03 01:12:10,436 search-job-handler [INFO] Search task succeeded.
2026-02-03 01:12:10,436 search-job-handler [INFO] Search task succeeded.
2026-02-03 01:12:10,436 search-job-handler [INFO] Search task succeeded.
2026-02-03 01:12:10,436 search-job-handler [INFO] Search task succeeded.
2026-02-03 01:12:10,436 search-job-handler [INFO] Search task succeeded.
2026-02-03 01:12:10,436 search-job-handler [INFO] Search task succeeded.
2026-02-03 01:12:10,436 search-job-handler [INFO] Search task succeeded.
2026-02-03 01:12:10,436 search-job-handler [INFO] Search task succeeded.
2026-02-03 01:12:10,436 search-job-handler [INFO] Search task succeeded.
2026-02-03 01:12:10,436 search-job-handler [INFO] Search task succeeded.
2026-02-03 01:12:10,436 search-job-handler [INFO] Search task succeeded.
2026-02-03 01:12:10,436 search-job-handler [INFO] Search task succeeded.
2026-02-03 01:12:10,436 search-job-handler [INFO] Search task succeeded.
2026-02-03 01:12:10,436 search-job-handler [INFO] Search task succeeded.
2026-02-03 01:12:10,436 search-job-handler [INFO] Search task succeeded.
2026-02-03 01:12:10,437 search-job-handler [INFO] Search task succeeded.
2026-02-03 01:12:10,437 search-job-handler [INFO] Search task succeeded.
2026-02-03 01:12:10,437 search-job-handler [INFO] Search task succeeded.
2026-02-03 01:12:10,437 search-job-handler [INFO] Search task succeeded.
2026-02-03 01:12:10,437 search-job-handler [INFO] Search task succeeded.
2026-02-03 01:12:10,437 search-job-handler [INFO] Search task succeeded.
2026-02-03 01:12:10,437 search-job-handler [INFO] Search task succeeded.
2026-02-03 01:12:10,437 search-job-handler [INFO] Search task succeeded.
2026-02-03 01:12:10,437 search-job-handler [INFO] Search task succeeded.
2026-02-03 01:12:10,437 search-job-handler [INFO] Search task succeeded.
2026-02-03 01:12:10,437 search-job-handler [INFO] Search task succeeded.
2026-02-03 01:12:10,437 search-job-handler [INFO] Search task succeeded.
2026-02-03 01:12:10,437 search-job-handler [INFO] Search task succeeded.
2026-02-03 01:12:10,437 search-job-handler [INFO] Search task succeeded.
2026-02-03 01:12:10,437 search-job-handler [INFO] Search task succeeded.
2026-02-03 01:12:10,437 search-job-handler [INFO] Search task succeeded.
2026-02-03 01:12:10,437 search-job-handler [INFO] Search task succeeded.
2026-02-03 01:12:10,438 search-job-handler [INFO] Search task succeeded.
2026-02-03 01:12:10,438 search-job-handler [INFO] Search task succeeded.
2026-02-03 01:12:10,438 search-job-handler [INFO] Search task succeeded.
2026-02-03 01:12:10,438 search-job-handler [INFO] Search task succeeded.
2026-02-03 01:12:10,438 search-job-handler [INFO] Search task succeeded.
2026-02-03 01:12:10,438 search-job-handler [INFO] Search task succeeded.
2026-02-03 01:12:10,438 search-job-handler [INFO] Search task succeeded.
2026-02-03 01:12:10,438 search-job-handler [INFO] Search task succeeded.
2026-02-03 01:12:10,438 search-job-handler [INFO] Search task succeeded.
2026-02-03 01:12:10,438 search-job-handler [INFO] Search task succeeded.
2026-02-03 01:12:10,438 search-job-handler [INFO] Search task succeeded.
2026-02-03 01:12:10,438 search-job-handler [INFO] Search task succeeded.
2026-02-03 01:12:10,438 search-job-handler [INFO] Search task succeeded.
2026-02-03 01:12:10,438 search-job-handler [INFO] Search task succeeded.
2026-02-03 01:12:10,438 search-job-handler [INFO] Search task succeeded.
2026-02-03 01:12:10,438 search-job-handler [INFO] Search task succeeded.
2026-02-03 01:12:10,438 search-job-handler [INFO] Search task succeeded.
2026-02-03 01:12:10,438 search-job-handler [INFO] Search task succeeded.
2026-02-03 01:12:10,439 search-job-handler [INFO] Search task succeeded.
2026-02-03 01:12:10,439 search-job-handler [INFO] Search task succeeded.
2026-02-03 01:12:10,439 search-job-handler [INFO] Search task succeeded.
2026-02-03 01:12:10,439 search-job-handler [INFO] Search task succeeded.
2026-02-03 01:12:10,439 search-job-handler [INFO] Search task succeeded.
2026-02-03 01:12:10,439 search-job-handler [INFO] Search task succeeded.
2026-02-03 01:12:10,439 search-job-handler [INFO] Search task succeeded.
2026-02-03 01:12:10,439 search-job-handler [INFO] Search task succeeded.
2026-02-03 01:12:10,439 search-job-handler [INFO] Search task succeeded.
2026-02-03 01:12:10,439 search-job-handler [INFO] Search task succeeded.
2026-02-03 01:12:10,439 search-job-handler [INFO] Search task succeeded.
2026-02-03 01:12:10,439 search-job-handler [INFO] Search task succeeded.
2026-02-03 01:12:10,439 search-job-handler [INFO] Search task succeeded.
2026-02-03 01:12:10,439 search-job-handler [INFO] Search task succeeded.
2026-02-03 01:12:10,439 search-job-handler [INFO] Search task succeeded.
2026-02-03 01:12:10,439 search-job-handler [INFO] Search task succeeded.
2026-02-03 01:12:10,440 search-job-handler [INFO] Search task succeeded.
2026-02-03 01:12:10,440 search-job-handler [INFO] Search task succeeded.
2026-02-03 01:12:10,440 search-job-handler [INFO] Search task succeeded.
2026-02-03 01:12:10,440 search-job-handler [INFO] Search task succeeded.
2026-02-03 01:12:10,440 search-job-handler [INFO] Search task succeeded.
2026-02-03 01:12:10,440 search-job-handler [INFO] Search task succeeded.
2026-02-03 01:12:10,440 search-job-handler [INFO] Search task succeeded.
2026-02-03 01:12:10,440 search-job-handler [INFO] Search task succeeded.
2026-02-03 01:12:10,440 search-job-handler [INFO] Search task succeeded.
2026-02-03 01:12:10,440 search-job-handler [INFO] Search task succeeded.
2026-02-03 01:12:10,440 search-job-handler [INFO] Search task succeeded.
2026-02-03 01:12:10,440 search-job-handler [INFO] Search task succeeded.
2026-02-03 01:12:10,440 search-job-handler [INFO] Search task succeeded.
2026-02-03 01:12:10,440 search-job-handler [INFO] Search task succeeded.
2026-02-03 01:12:10,440 search-job-handler [INFO] Search task succeeded.
2026-02-03 01:12:10,440 search-job-handler [INFO] Search task succeeded.
2026-02-03 01:12:10,440 search-job-handler [INFO] Search task succeeded.
2026-02-03 01:12:10,441 search-job-handler [INFO] Search task succeeded.
2026-02-03 01:12:10,441 search-job-handler [INFO] Search task succeeded.
2026-02-03 01:12:10,441 search-job-handler [INFO] Search task succeeded.
2026-02-03 01:12:10,441 search-job-handler [INFO] Search task succeeded.
2026-02-03 01:12:10,441 search-job-handler [INFO] Search task succeeded.
2026-02-03 01:12:10,441 search-job-handler [INFO] Search task succeeded.
2026-02-03 01:12:10,441 search-job-handler [INFO] Search task succeeded.
2026-02-03 01:12:10,441 search-job-handler [INFO] Search task succeeded.
2026-02-03 01:12:10,441 search-job-handler [INFO] Search task succeeded.
2026-02-03 01:12:10,441 search-job-handler [INFO] Search task succeeded.
2026-02-03 01:12:10,441 search-job-handler [INFO] Search task succeeded.
2026-02-03 01:12:10,441 search-job-handler [INFO] Search task succeeded.
2026-02-03 01:12:10,441 search-job-handler [INFO] Search task succeeded.
2026-02-03 01:12:10,441 search-job-handler [INFO] Search task succeeded.
2026-02-03 01:12:10,441 search-job-handler [INFO] Search task succeeded.
2026-02-03 01:12:10,441 search-job-handler [INFO] Search task succeeded.
2026-02-03 01:12:10,441 search-job-handler [INFO] Search task succeeded.
2026-02-03 01:12:10,442 search-job-handler [INFO] Search task succeeded.
2026-02-03 01:12:10,442 search-job-handler [INFO] Search task succeeded.
2026-02-03 01:12:10,442 search-job-handler [INFO] Search task succeeded.
2026-02-03 01:12:10,442 search-job-handler [INFO] Search task succeeded.
2026-02-03 01:12:10,442 search-job-handler [INFO] Search task succeeded.
2026-02-03 01:12:10,442 search-job-handler [INFO] Search task succeeded.
2026-02-03 01:12:10,442 search-job-handler [INFO] Search task succeeded.
2026-02-03 01:12:10,442 search-job-handler [INFO] Search task succeeded.
2026-02-03 01:12:10,442 search-job-handler [INFO] Search task succeeded.
2026-02-03 01:12:10,442 search-job-handler [INFO] Search task succeeded.
2026-02-03 01:12:10,442 search-job-handler [INFO] Search task succeeded.
2026-02-03 01:12:10,442 search-job-handler [INFO] Search task succeeded.
2026-02-03 01:12:10,442 search-job-handler [INFO] Search task succeeded.
2026-02-03 01:12:10,442 search-job-handler [INFO] Search task succeeded.
2026-02-03 01:12:10,442 search-job-handler [INFO] Search task succeeded.
2026-02-03 01:12:10,443 search-job-handler [INFO] Search task succeeded.
2026-02-03 01:12:10,443 search-job-handler [INFO] Search task succeeded.
2026-02-03 01:12:10,443 search-job-handler [INFO] Search task succeeded.
2026-02-03 01:12:10,443 search-job-handler [INFO] Search task succeeded.
2026-02-03 01:12:10,443 search-job-handler [INFO] Search task succeeded.
2026-02-03 01:12:10,443 search-job-handler [INFO] Search task succeeded.
2026-02-03 01:12:10,443 search-job-handler [INFO] Search task succeeded.
2026-02-03 01:12:10,443 search-job-handler [INFO] Search task succeeded.
2026-02-03 01:12:10,443 search-job-handler [INFO] Search task succeeded.
2026-02-03 01:12:10,443 search-job-handler [INFO] Search task succeeded.
2026-02-03 01:12:10,443 search-job-handler [INFO] Search task succeeded.
2026-02-03 01:12:10,443 search-job-handler [INFO] Search task succeeded.
2026-02-03 01:12:10,444 search-job-handler [INFO] Search task succeeded.
2026-02-03 01:12:10,444 search-job-handler [INFO] Search task succeeded.
2026-02-03 01:12:10,444 search-job-handler [INFO] Search task succeeded.
2026-02-03 01:12:10,444 search-job-handler [INFO] Search task succeeded.
2026-02-03 01:12:10,444 search-job-handler [INFO] Search task succeeded.
2026-02-03 01:12:10,444 search-job-handler [INFO] Search task succeeded.
2026-02-03 01:12:10,444 search-job-handler [INFO] Search task succeeded.
2026-02-03 01:12:10,444 search-job-handler [INFO] Search task succeeded.
2026-02-03 01:12:10,444 search-job-handler [INFO] Search task succeeded.
2026-02-03 01:12:10,444 search-job-handler [INFO] Search task succeeded.
2026-02-03 01:12:10,444 search-job-handler [INFO] Search task succeeded.
2026-02-03 01:12:10,444 search-job-handler [INFO] Search task succeeded.
2026-02-03 01:12:10,444 search-job-handler [INFO] Search task succeeded.
2026-02-03 01:12:10,445 search-job-handler [INFO] Search task succeeded.
2026-02-03 01:12:10,445 search-job-handler [INFO] Search task succeeded.
2026-02-03 01:12:10,445 search-job-handler [INFO] Search task succeeded.
2026-02-03 01:12:10,445 search-job-handler [INFO] Search task succeeded.
2026-02-03 01:12:10,445 search-job-handler [INFO] Search task succeeded.
2026-02-03 01:12:10,445 search-job-handler [INFO] Search task succeeded.
2026-02-03 01:12:10,445 search-job-handler [INFO] Search task succeeded.
2026-02-03 01:12:10,445 search-job-handler [INFO] Search task succeeded.
2026-02-03 01:12:10,445 search-job-handler [INFO] Search task succeeded.
2026-02-03 01:12:10,445 search-job-handler [INFO] Search task succeeded.
2026-02-03 01:12:10,445 search-job-handler [INFO] Search task succeeded.
2026-02-03 01:12:10,445 search-job-handler [INFO] Search task succeeded.
2026-02-03 01:12:10,446 search-job-handler [INFO] Search task succeeded.
2026-02-03 01:12:10,446 search-job-handler [INFO] Search task succeeded.
2026-02-03 01:12:10,446 search-job-handler [INFO] Search task succeeded.
2026-02-03 01:12:10,446 search-job-handler [INFO] Search task succeeded.
2026-02-03 01:12:10,446 search-job-handler [INFO] Search task succeeded.
2026-02-03 01:12:10,446 search-job-handler [INFO] Search task succeeded.
2026-02-03 01:12:10,446 search-job-handler [INFO] Search task succeeded.
2026-02-03 01:12:10,446 search-job-handler [INFO] Search task succeeded.
2026-02-03 01:12:10,446 search-job-handler [INFO] Search task succeeded.
2026-02-03 01:12:10,446 search-job-handler [INFO] Search task succeeded.
2026-02-03 01:12:10,446 search-job-handler [INFO] Search task succeeded.
2026-02-03 01:12:10,446 search-job-handler [INFO] Search task succeeded.
2026-02-03 01:12:10,446 search-job-handler [INFO] Search task succeeded.
2026-02-03 01:12:10,447 search-job-handler [INFO] Search task succeeded.
2026-02-03 01:12:10,447 search-job-handler [INFO] Search task succeeded.
2026-02-03 01:12:10,447 search-job-handler [INFO] Search task succeeded.
2026-02-03 01:12:10,447 search-job-handler [INFO] Search task succeeded.
2026-02-03 01:12:10,447 search-job-handler [INFO] Search task succeeded.
2026-02-03 01:12:10,447 search-job-handler [INFO] Search task succeeded.
2026-02-03 01:12:10,447 search-job-handler [INFO] Search task succeeded.
2026-02-03 01:12:10,447 search-job-handler [INFO] Search task succeeded.
2026-02-03 01:12:10,447 search-job-handler [INFO] Search task succeeded.
2026-02-03 01:12:10,447 search-job-handler [INFO] Search task succeeded.
2026-02-03 01:12:10,447 search-job-handler [INFO] Search task succeeded.
2026-02-03 01:12:10,447 search-job-handler [INFO] Search task succeeded.
2026-02-03 01:12:10,448 search-job-handler [INFO] Search task succeeded.
2026-02-03 01:12:10,448 search-job-handler [INFO] Search task succeeded.
2026-02-03 01:12:10,448 search-job-handler [INFO] Search task succeeded.
2026-02-03 01:12:10,448 search-job-handler [INFO] Search task succeeded.
2026-02-03 01:12:10,448 search-job-handler [INFO] Search task succeeded.
2026-02-03 01:12:10,448 search-job-handler [INFO] Search task succeeded.
2026-02-03 01:12:10,448 search-job-handler [INFO] Search task succeeded.
2026-02-03 01:12:10,448 search-job-handler [INFO] Search task succeeded.
2026-02-03 01:12:10,448 search-job-handler [INFO] Search task succeeded.
2026-02-03 01:12:10,448 search-job-handler [INFO] Search task succeeded.
2026-02-03 01:12:10,448 search-job-handler [INFO] Search task succeeded.
2026-02-03 01:12:10,448 search-job-handler [INFO] Search task succeeded.
2026-02-03 01:12:10,449 search-job-handler [INFO] Search task succeeded.
2026-02-03 01:12:10,449 search-job-handler [INFO] Search task succeeded.
2026-02-03 01:12:10,449 search-job-handler [INFO] Search task succeeded.
2026-02-03 01:12:10,449 search-job-handler [INFO] Search task succeeded.
2026-02-03 01:12:10,449 search-job-handler [INFO] Search task succeeded.
2026-02-03 01:12:10,449 search-job-handler [INFO] Search task succeeded.
2026-02-03 01:12:10,449 search-job-handler [INFO] Search task succeeded.
2026-02-03 01:12:10,449 search-job-handler [INFO] Search task succeeded.
2026-02-03 01:12:10,449 search-job-handler [INFO] Search task succeeded.
2026-02-03 01:12:10,449 search-job-handler [INFO] Search task succeeded.
2026-02-03 01:12:10,449 search-job-handler [INFO] Search task succeeded.
2026-02-03 01:12:10,449 search-job-handler [INFO] Search task succeeded.
2026-02-03 01:12:10,449 search-job-handler [INFO] Search task succeeded.
2026-02-03 01:12:10,449 search-job-handler [INFO] Search task succeeded.
2026-02-03 01:12:10,449 search-job-handler [INFO] Search task succeeded.
2026-02-03 01:12:10,449 search-job-handler [INFO] Search task succeeded.
2026-02-03 01:12:10,449 search-job-handler [INFO] Search task succeeded.
2026-02-03 01:12:10,450 search-job-handler [INFO] Search task succeeded.
2026-02-03 01:12:10,450 search-job-handler [INFO] Search task succeeded.
2026-02-03 01:12:10,450 search-job-handler [INFO] Search task succeeded.
2026-02-03 01:12:10,450 search-job-handler [INFO] Search task succeeded.
2026-02-03 01:12:10,450 search-job-handler [INFO] Search task succeeded.
2026-02-03 01:12:10,450 search-job-handler [INFO] Search task succeeded.
2026-02-03 01:12:10,450 search-job-handler [INFO] Search task succeeded.
2026-02-03 01:12:10,450 search-job-handler [INFO] Search task succeeded.
2026-02-03 01:12:10,450 search-job-handler [INFO] Search task succeeded.
2026-02-03 01:12:10,450 search-job-handler [INFO] Search task succeeded.
2026-02-03 01:12:10,450 search-job-handler [INFO] Search task succeeded.
2026-02-03 01:12:10,450 search-job-handler [INFO] Search task succeeded.
2026-02-03 01:12:10,450 search-job-handler [INFO] Search task succeeded.
2026-02-03 01:12:10,450 search-job-handler [INFO] Search task succeeded.
2026-02-03 01:12:10,450 search-job-handler [INFO] Search task succeeded.
2026-02-03 01:12:10,450 search-job-handler [INFO] Search task succeeded.
2026-02-03 01:12:10,451 search-job-handler [INFO] Search task succeeded.
2026-02-03 01:12:10,451 search-job-handler [INFO] Search task succeeded.
2026-02-03 01:12:10,451 search-job-handler [INFO] Search task succeeded.
2026-02-03 01:12:10,451 search-job-handler [INFO] Search task succeeded.
2026-02-03 01:12:10,451 search-job-handler [INFO] Search task succeeded.
2026-02-03 01:12:10,451 search-job-handler [INFO] Search task succeeded.
2026-02-03 01:12:10,451 search-job-handler [INFO] Search task succeeded.
2026-02-03 01:12:10,451 search-job-handler [INFO] Search task succeeded.
2026-02-03 01:12:10,451 search-job-handler [INFO] Search task succeeded.
2026-02-03 01:12:10,451 search-job-handler [INFO] Search task succeeded.
2026-02-03 01:12:10,451 search-job-handler [INFO] Search task succeeded.
2026-02-03 01:12:10,451 search-job-handler [INFO] Search task succeeded.
2026-02-03 01:12:10,451 search-job-handler [INFO] Search task succeeded.
2026-02-03 01:12:10,451 search-job-handler [INFO] Search task succeeded.
2026-02-03 01:12:10,451 search-job-handler [INFO] Search task succeeded.
2026-02-03 01:12:10,451 search-job-handler [INFO] Search task succeeded.
2026-02-03 01:12:10,451 search-job-handler [INFO] Search task succeeded.
2026-02-03 01:12:10,452 search-job-handler [INFO] Search task succeeded.
2026-02-03 01:12:10,452 search-job-handler [INFO] Search task succeeded.
2026-02-03 01:12:10,452 search-job-handler [INFO] Search task succeeded.
2026-02-03 01:12:10,452 search-job-handler [INFO] Search task succeeded.
2026-02-03 01:12:10,452 search-job-handler [INFO] Search task succeeded.
2026-02-03 01:12:10,452 search-job-handler [INFO] Search task succeeded.
2026-02-03 01:12:10,452 search-job-handler [INFO] Search task succeeded.
2026-02-03 01:12:10,452 search-job-handler [INFO] Search task succeeded.
2026-02-03 01:12:10,452 search-job-handler [INFO] Search task succeeded.
2026-02-03 01:12:10,452 search-job-handler [INFO] Search task succeeded.
2026-02-03 01:12:10,452 search-job-handler [INFO] Search task succeeded.
2026-02-03 01:12:10,452 search-job-handler [INFO] Search task succeeded.
2026-02-03 01:12:10,452 search-job-handler [INFO] Search task succeeded.
2026-02-03 01:12:10,452 search-job-handler [INFO] Search task succeeded.
2026-02-03 01:12:10,452 search-job-handler [INFO] Search task succeeded.
2026-02-03 01:12:10,452 search-job-handler [INFO] Search task succeeded.
2026-02-03 01:12:10,453 search-job-handler [INFO] Search task succeeded.
2026-02-03 01:12:10,453 search-job-handler [INFO] Search task succeeded.
2026-02-03 01:12:10,453 search-job-handler [INFO] Search task succeeded.
2026-02-03 01:12:10,453 search-job-handler [INFO] Search task succeeded.
2026-02-03 01:12:10,453 search-job-handler [INFO] Search task succeeded.
2026-02-03 01:12:10,453 search-job-handler [INFO] Search task succeeded.
2026-02-03 01:12:10,453 search-job-handler [INFO] Search task succeeded.
2026-02-03 01:12:10,453 search-job-handler [INFO] Search task succeeded.
2026-02-03 01:12:10,453 search-job-handler [INFO] Search task succeeded.
2026-02-03 01:12:10,453 search-job-handler [INFO] Search task succeeded.
2026-02-03 01:12:10,453 search-job-handler [INFO] Search task succeeded.
2026-02-03 01:12:10,453 search-job-handler [INFO] Search task succeeded.
2026-02-03 01:12:10,453 search-job-handler [INFO] Search task succeeded.
2026-02-03 01:12:10,453 search-job-handler [INFO] Search task succeeded.
2026-02-03 01:12:10,453 search-job-handler [INFO] Search task succeeded.
2026-02-03 01:12:10,453 search-job-handler [INFO] Search task succeeded.
2026-02-03 01:12:10,453 search-job-handler [INFO] Search task succeeded.
2026-02-03 01:12:10,454 search-job-handler [INFO] Search task succeeded.
2026-02-03 01:12:10,454 search-job-handler [INFO] Search task succeeded.
2026-02-03 01:12:10,454 search-job-handler [INFO] Search task succeeded.
2026-02-03 01:12:10,454 search-job-handler [INFO] Search task succeeded.
2026-02-03 01:12:10,454 search-job-handler [INFO] Search task succeeded.
2026-02-03 01:12:10,454 search-job-handler [INFO] Search task succeeded.
2026-02-03 01:12:10,454 search-job-handler [INFO] Search task succeeded.
2026-02-03 01:12:10,454 search-job-handler [INFO] Search task succeeded.
2026-02-03 01:12:10,454 search-job-handler [INFO] Search task succeeded.
2026-02-03 01:12:10,454 search-job-handler [INFO] Search task succeeded.
2026-02-03 01:12:10,454 search-job-handler [INFO] Search task succeeded.
2026-02-03 01:12:10,454 search-job-handler [INFO] Search task succeeded.
2026-02-03 01:12:10,454 search-job-handler [INFO] Search task succeeded.
2026-02-03 01:12:10,454 search-job-handler [INFO] Search task succeeded.
2026-02-03 01:12:10,454 search-job-handler [INFO] Search task succeeded.
2026-02-03 01:12:10,455 search-job-handler [INFO] Search task succeeded.
2026-02-03 01:12:10,455 search-job-handler [INFO] Search task succeeded.
2026-02-03 01:12:10,455 search-job-handler [INFO] Search task succeeded.
2026-02-03 01:12:10,455 search-job-handler [INFO] Search task succeeded.
2026-02-03 01:12:10,455 search-job-handler [INFO] Search task succeeded.
2026-02-03 01:12:10,455 search-job-handler [INFO] Search task succeeded.
2026-02-03 01:12:10,455 search-job-handler [INFO] Search task succeeded.
2026-02-03 01:12:10,455 search-job-handler [INFO] Search task succeeded.
2026-02-03 01:12:10,455 search-job-handler [INFO] Search task succeeded.
2026-02-03 01:12:10,455 search-job-handler [INFO] Search task succeeded.
2026-02-03 01:12:10,455 search-job-handler [INFO] Search task succeeded.
2026-02-03 01:12:10,455 search-job-handler [INFO] Search task succeeded.
2026-02-03 01:12:10,455 search-job-handler [INFO] Search task succeeded.
2026-02-03 01:12:10,455 search-job-handler [INFO] Search task succeeded.
2026-02-03 01:12:10,455 search-job-handler [INFO] Search task succeeded.
2026-02-03 01:12:10,455 search-job-handler [INFO] Search task succeeded.
2026-02-03 01:12:10,456 search-job-handler [INFO] Search task succeeded.
2026-02-03 01:12:10,456 search-job-handler [INFO] Search task succeeded.
2026-02-03 01:12:10,456 search-job-handler [INFO] Search task succeeded.
2026-02-03 01:12:10,456 search-job-handler [INFO] Search task succeeded.
2026-02-03 01:12:10,456 search-job-handler [INFO] Search task succeeded.
2026-02-03 01:12:10,456 search-job-handler [INFO] Search task succeeded.
2026-02-03 01:12:10,456 search-job-handler [INFO] Search task succeeded.
2026-02-03 01:12:10,456 search-job-handler [INFO] Search task succeeded.
2026-02-03 01:12:10,456 search-job-handler [INFO] Search task succeeded.
2026-02-03 01:12:10,456 search-job-handler [INFO] Search task succeeded.
2026-02-03 01:12:10,456 search-job-handler [INFO] Search task succeeded.
2026-02-03 01:12:10,456 search-job-handler [INFO] Search task succeeded.
2026-02-03 01:12:10,456 search-job-handler [INFO] Search task succeeded.
2026-02-03 01:12:10,456 search-job-handler [INFO] Search task succeeded.
2026-02-03 01:12:10,456 search-job-handler [INFO] Search task succeeded.
2026-02-03 01:12:10,456 search-job-handler [INFO] Search task succeeded.
2026-02-03 01:12:10,456 search-job-handler [INFO] Search task succeeded.
2026-02-03 01:12:10,456 search-job-handler [INFO] Search task succeeded.
2026-02-03 01:12:10,457 search-job-handler [INFO] Search task succeeded.
2026-02-03 01:12:10,457 search-job-handler [INFO] Search task succeeded.
2026-02-03 01:12:10,457 search-job-handler [INFO] Search task succeeded.
2026-02-03 01:12:10,457 search-job-handler [INFO] Search task succeeded.
2026-02-03 01:12:10,457 search-job-handler [INFO] Search task succeeded.
2026-02-03 01:12:10,457 search-job-handler [INFO] Search task succeeded.
2026-02-03 01:12:10,457 search-job-handler [INFO] Search task succeeded.
2026-02-03 01:12:10,457 search-job-handler [INFO] Search task succeeded.
2026-02-03 01:12:10,457 search-job-handler [INFO] Search task succeeded.
2026-02-03 01:12:10,457 search-job-handler [INFO] Search task succeeded.
2026-02-03 01:12:10,457 search-job-handler [INFO] Search task succeeded.
2026-02-03 01:12:10,457 search-job-handler [INFO] Search task succeeded.
2026-02-03 01:12:10,457 search-job-handler [INFO] Search task succeeded.
2026-02-03 01:12:10,457 search-job-handler [INFO] Search task succeeded.
2026-02-03 01:12:10,457 search-job-handler [INFO] Search task succeeded.
2026-02-03 01:12:10,457 search-job-handler [INFO] Search task succeeded.
2026-02-03 01:12:10,457 search-job-handler [INFO] Search task succeeded.
2026-02-03 01:12:10,458 search-job-handler [INFO] Search task succeeded.
2026-02-03 01:12:10,458 search-job-handler [INFO] Search task succeeded.
2026-02-03 01:12:10,458 search-job-handler [INFO] Search task succeeded.
2026-02-03 01:12:10,458 search-job-handler [INFO] Search task succeeded.
2026-02-03 01:12:10,458 search-job-handler [INFO] Search task succeeded.
2026-02-03 01:12:10,458 search-job-handler [INFO] Search task succeeded.
2026-02-03 01:12:10,458 search-job-handler [INFO] Search task succeeded.
2026-02-03 01:12:10,458 search-job-handler [INFO] Search task succeeded.
2026-02-03 01:12:10,458 search-job-handler [INFO] Search task succeeded.
2026-02-03 01:12:10,458 search-job-handler [INFO] Search task succeeded.
2026-02-03 01:12:10,458 search-job-handler [INFO] Search task succeeded.
2026-02-03 01:12:10,458 search-job-handler [INFO] Search task succeeded.
2026-02-03 01:12:10,458 search-job-handler [INFO] Search task succeeded.
2026-02-03 01:12:10,458 search-job-handler [INFO] Search task succeeded.
2026-02-03 01:12:10,458 search-job-handler [INFO] Search task succeeded.
2026-02-03 01:12:10,458 search-job-handler [INFO] Search task succeeded.
2026-02-03 01:12:10,458 search-job-handler [INFO] Search task succeeded.
2026-02-03 01:12:10,458 search-job-handler [INFO] Search task succeeded.
2026-02-03 01:12:10,459 search-job-handler [INFO] Search task succeeded.
2026-02-03 01:12:10,459 search-job-handler [INFO] Search task succeeded.
2026-02-03 01:12:10,459 search-job-handler [INFO] Search task succeeded.
2026-02-03 01:12:10,459 search-job-handler [INFO] Search task succeeded.
2026-02-03 01:12:10,459 search-job-handler [INFO] Search task succeeded.
2026-02-03 01:12:10,459 search-job-handler [INFO] Search task succeeded.
2026-02-03 01:12:10,459 search-job-handler [INFO] Search task succeeded.
2026-02-03 01:12:10,459 search-job-handler [INFO] Search task succeeded.
2026-02-03 01:12:10,459 search-job-handler [INFO] Search task succeeded.
2026-02-03 01:12:10,459 search-job-handler [INFO] Search task succeeded.
2026-02-03 01:12:10,459 search-job-handler [INFO] Search task succeeded.
2026-02-03 01:12:10,459 search-job-handler [INFO] Search task succeeded.
2026-02-03 01:12:10,459 search-job-handler [INFO] Search task succeeded.
2026-02-03 01:12:10,459 search-job-handler [INFO] Search task succeeded.
2026-02-03 01:12:10,459 search-job-handler [INFO] Search task succeeded.
2026-02-03 01:12:10,459 search-job-handler [INFO] Search task succeeded.
2026-02-03 01:12:10,460 search-job-handler [INFO] Search task succeeded.
2026-02-03 01:12:10,460 search-job-handler [INFO] Search task succeeded.
2026-02-03 01:12:10,460 search-job-handler [INFO] Search task succeeded.
2026-02-03 01:12:10,460 search-job-handler [INFO] Search task succeeded.
2026-02-03 01:12:10,460 search-job-handler [INFO] Search task succeeded.
2026-02-03 01:12:10,460 search-job-handler [INFO] Search task succeeded.
2026-02-03 01:12:10,460 search-job-handler [INFO] Search task succeeded.
2026-02-03 01:12:10,460 search-job-handler [INFO] Search task succeeded.
2026-02-03 01:12:10,460 search-job-handler [INFO] Search task succeeded.
2026-02-03 01:12:10,460 search-job-handler [INFO] Search task succeeded.
2026-02-03 01:12:10,460 search-job-handler [INFO] Search task succeeded.
2026-02-03 01:12:10,460 search-job-handler [INFO] Search task succeeded.
2026-02-03 01:12:10,460 search-job-handler [INFO] Search task succeeded.
2026-02-03 01:12:10,460 search-job-handler [INFO] Search task succeeded.
2026-02-03 01:12:10,460 search-job-handler [INFO] Search task succeeded.
2026-02-03 01:12:10,460 search-job-handler [INFO] Search task succeeded.
2026-02-03 01:12:10,460 search-job-handler [INFO] Search task succeeded.
2026-02-03 01:12:10,461 search-job-handler [INFO] Search task succeeded.
2026-02-03 01:12:10,461 search-job-handler [INFO] Search task succeeded.
2026-02-03 01:12:10,461 search-job-handler [INFO] Search task succeeded.
2026-02-03 01:12:10,461 search-job-handler [INFO] Search task succeeded.
2026-02-03 01:12:10,461 search-job-handler [INFO] Search task succeeded.
2026-02-03 01:12:10,461 search-job-handler [INFO] Search task succeeded.
2026-02-03 01:12:10,461 search-job-handler [INFO] Search task succeeded.
2026-02-03 01:12:10,461 search-job-handler [INFO] Search task succeeded.
2026-02-03 01:12:10,461 search-job-handler [INFO] Search task succeeded.
2026-02-03 01:12:10,461 search-job-handler [INFO] Search task succeeded.
2026-02-03 01:12:10,461 search-job-handler [INFO] Search task succeeded.
2026-02-03 01:12:10,461 search-job-handler [INFO] Search task succeeded.
2026-02-03 01:12:10,461 search-job-handler [INFO] Search task succeeded.
2026-02-03 01:12:10,461 search-job-handler [INFO] Search task succeeded.
2026-02-03 01:12:10,461 search-job-handler [INFO] Search task succeeded.
2026-02-03 01:12:10,461 search-job-handler [INFO] Search task succeeded.
2026-02-03 01:12:10,461 search-job-handler [INFO] Search task succeeded.
2026-02-03 01:12:10,461 search-job-handler [INFO] Search task succeeded.
2026-02-03 01:12:10,462 search-job-handler [INFO] Search task succeeded.
2026-02-03 01:12:10,462 search-job-handler [INFO] Search task succeeded.
2026-02-03 01:12:10,462 search-job-handler [INFO] Search task succeeded.
2026-02-03 01:12:10,462 search-job-handler [INFO] Search task succeeded.
2026-02-03 01:12:10,462 search-job-handler [INFO] Search task succeeded.
2026-02-03 01:12:10,462 search-job-handler [INFO] Search task succeeded.
2026-02-03 01:12:10,462 search-job-handler [INFO] Search task succeeded.
2026-02-03 01:12:10,462 search-job-handler [INFO] Search task succeeded.
2026-02-03 01:12:10,462 search-job-handler [INFO] Search task succeeded.
2026-02-03 01:12:10,462 search-job-handler [INFO] Search task succeeded.
2026-02-03 01:12:10,462 search-job-handler [INFO] Search task succeeded.
2026-02-03 01:12:10,462 search-job-handler [INFO] Search task succeeded.
2026-02-03 01:12:10,462 search-job-handler [INFO] Search task succeeded.
2026-02-03 01:12:10,462 search-job-handler [INFO] Search task succeeded.
2026-02-03 01:12:10,462 search-job-handler [INFO] Search task succeeded.
2026-02-03 01:12:10,462 search-job-handler [INFO] Search task succeeded.
2026-02-03 01:12:10,462 search-job-handler [INFO] Search task succeeded.
2026-02-03 01:12:10,463 search-job-handler [INFO] Search task succeeded.
2026-02-03 01:12:10,463 search-job-handler [INFO] Search task succeeded.
2026-02-03 01:12:10,463 search-job-handler [INFO] Search task succeeded.
2026-02-03 01:12:10,463 search-job-handler [INFO] Search task succeeded.
2026-02-03 01:12:10,463 search-job-handler [INFO] Search task succeeded.
2026-02-03 01:12:10,463 search-job-handler [INFO] Search task succeeded.
2026-02-03 01:12:10,463 search-job-handler [INFO] Search task succeeded.
2026-02-03 01:12:10,463 search-job-handler [INFO] Search task succeeded.
2026-02-03 01:12:10,463 search-job-handler [INFO] Search task succeeded.
2026-02-03 01:12:10,463 search-job-handler [INFO] Search task succeeded.
2026-02-03 01:12:10,463 search-job-handler [INFO] Search task succeeded.
2026-02-03 01:12:10,463 search-job-handler [INFO] Search task succeeded.
2026-02-03 01:12:10,463 search-job-handler [INFO] Search task succeeded.
2026-02-03 01:12:10,463 search-job-handler [INFO] Search task succeeded.
2026-02-03 01:12:10,463 search-job-handler [INFO] Search task succeeded.
2026-02-03 01:12:10,463 search-job-handler [INFO] Search task succeeded.
2026-02-03 01:12:10,463 search-job-handler [INFO] Search task succeeded.
2026-02-03 01:12:10,464 search-job-handler [INFO] Search task succeeded.
2026-02-03 01:12:10,464 search-job-handler [INFO] Search task succeeded.
2026-02-03 01:12:10,464 search-job-handler [INFO] Search task succeeded.
2026-02-03 01:12:10,464 search-job-handler [INFO] Search task succeeded.
2026-02-03 01:12:10,464 search-job-handler [INFO] Search task succeeded.
2026-02-03 01:12:10,464 search-job-handler [INFO] Search task succeeded.
2026-02-03 01:12:10,464 search-job-handler [INFO] Search task succeeded.
2026-02-03 01:12:10,464 search-job-handler [INFO] Search task succeeded.
2026-02-03 01:12:10,464 search-job-handler [INFO] Search task succeeded.
2026-02-03 01:12:10,464 search-job-handler [INFO] Search task succeeded.
2026-02-03 01:12:10,464 search-job-handler [INFO] Search task succeeded.
2026-02-03 01:12:10,464 search-job-handler [INFO] Search task succeeded.
2026-02-03 01:12:10,464 search-job-handler [INFO] Search task succeeded.
2026-02-03 01:12:10,464 search-job-handler [INFO] Search task succeeded.
2026-02-03 01:12:10,464 search-job-handler [INFO] Search task succeeded.
2026-02-03 01:12:10,464 search-job-handler [INFO] Search task succeeded.
2026-02-03 01:12:10,464 search-job-handler [INFO] Search task succeeded.
2026-02-03 01:12:10,465 search-job-handler [INFO] Search task succeeded.
2026-02-03 01:12:10,465 search-job-handler [INFO] Search task succeeded.
2026-02-03 01:12:10,465 search-job-handler [INFO] Search task succeeded.
2026-02-03 01:12:10,465 search-job-handler [INFO] Search task succeeded.
2026-02-03 01:12:10,465 search-job-handler [INFO] Search task succeeded.
2026-02-03 01:12:10,465 search-job-handler [INFO] Search task succeeded.
2026-02-03 01:12:10,465 search-job-handler [INFO] Search task succeeded.
2026-02-03 01:12:10,465 search-job-handler [INFO] Search task succeeded.
2026-02-03 01:12:10,465 search-job-handler [INFO] Search task succeeded.
2026-02-03 01:12:10,465 search-job-handler [INFO] Search task succeeded.
2026-02-03 01:12:10,465 search-job-handler [INFO] Search task succeeded.
2026-02-03 01:12:10,465 search-job-handler [INFO] Search task succeeded.
2026-02-03 01:12:10,465 search-job-handler [INFO] Search task succeeded.
2026-02-03 01:12:10,465 search-job-handler [INFO] Search task succeeded.
2026-02-03 01:12:10,465 search-job-handler [INFO] Search task succeeded.
2026-02-03 01:12:10,465 search-job-handler [INFO] Search task succeeded.
2026-02-03 01:12:10,466 search-job-handler [INFO] Search task succeeded.
2026-02-03 01:12:10,466 search-job-handler [INFO] Search task succeeded.
2026-02-03 01:12:10,466 search-job-handler [INFO] Search task succeeded.
2026-02-03 01:12:10,466 search-job-handler [INFO] Search task succeeded.
2026-02-03 01:12:10,466 search-job-handler [INFO] Search task succeeded.
2026-02-03 01:12:10,466 search-job-handler [INFO] Search task succeeded.
2026-02-03 01:12:10,466 search-job-handler [INFO] Search task succeeded.
2026-02-03 01:12:10,466 search-job-handler [INFO] Search task succeeded.
2026-02-03 01:12:10,466 search-job-handler [INFO] Search task succeeded.
2026-02-03 01:12:10,466 search-job-handler [INFO] Search task succeeded.
2026-02-03 01:12:10,466 search-job-handler [INFO] Search task succeeded.
2026-02-03 01:12:10,466 search-job-handler [INFO] Search task succeeded.
2026-02-03 01:12:10,466 search-job-handler [INFO] Search task succeeded.
2026-02-03 01:12:10,467 search-job-handler [INFO] Search task succeeded.
2026-02-03 01:12:10,467 search-job-handler [INFO] Search task succeeded.
2026-02-03 01:12:10,467 search-job-handler [INFO] Search task succeeded.
2026-02-03 01:12:10,467 search-job-handler [INFO] Search task succeeded.
2026-02-03 01:12:10,467 search-job-handler [INFO] Search task succeeded.
2026-02-03 01:12:10,467 search-job-handler [INFO] Search task succeeded.
2026-02-03 01:12:10,467 search-job-handler [INFO] Search task succeeded.
2026-02-03 01:12:10,467 search-job-handler [INFO] Search task succeeded.
2026-02-03 01:12:10,467 search-job-handler [INFO] Search task succeeded.
2026-02-03 01:12:10,467 search-job-handler [INFO] Search task succeeded.
2026-02-03 01:12:10,467 search-job-handler [INFO] Search task succeeded.
2026-02-03 01:12:10,467 search-job-handler [INFO] Search task succeeded.
2026-02-03 01:12:10,468 search-job-handler [INFO] Search task succeeded.
2026-02-03 01:12:10,468 search-job-handler [INFO] Search task succeeded.
2026-02-03 01:12:10,468 search-job-handler [INFO] Search task succeeded.
2026-02-03 01:12:10,468 search-job-handler [INFO] Search task succeeded.
2026-02-03 01:12:10,468 search-job-handler [INFO] Search task succeeded.
2026-02-03 01:12:10,468 search-job-handler [INFO] Search task succeeded.
2026-02-03 01:12:10,468 search-job-handler [INFO] Search task succeeded.
2026-02-03 01:12:10,468 search-job-handler [INFO] Search task succeeded.
2026-02-03 01:12:10,468 search-job-handler [INFO] Search task succeeded.
2026-02-03 01:12:10,468 search-job-handler [INFO] Search task succeeded.
2026-02-03 01:12:10,468 search-job-handler [INFO] Search task succeeded.
2026-02-03 01:12:10,468 search-job-handler [INFO] Search task succeeded.
2026-02-03 01:12:10,468 search-job-handler [INFO] Search task succeeded.
2026-02-03 01:12:10,469 search-job-handler [INFO] Search task succeeded.
2026-02-03 01:12:10,469 search-job-handler [INFO] Search task succeeded.
2026-02-03 01:12:10,469 search-job-handler [INFO] Search task succeeded.
2026-02-03 01:12:10,469 search-job-handler [INFO] Search task succeeded.
2026-02-03 01:12:10,469 search-job-handler [INFO] Search task succeeded.
2026-02-03 01:12:10,469 search-job-handler [INFO] Search task succeeded.
2026-02-03 01:12:10,469 search-job-handler [INFO] Search task succeeded.
2026-02-03 01:12:10,469 search-job-handler [INFO] Search task succeeded.
2026-02-03 01:12:10,469 search-job-handler [INFO] Search task succeeded.
2026-02-03 01:12:10,469 search-job-handler [INFO] Search task succeeded.
2026-02-03 01:12:10,469 search-job-handler [INFO] Search task succeeded.
2026-02-03 01:12:10,469 search-job-handler [INFO] Search task succeeded.
2026-02-03 01:12:10,469 search-job-handler [INFO] Search task succeeded.
2026-02-03 01:12:10,470 search-job-handler [INFO] Search task succeeded.
2026-02-03 01:12:10,470 search-job-handler [INFO] Search task succeeded.
2026-02-03 01:12:10,470 search-job-handler [INFO] Search task succeeded.
2026-02-03 01:12:10,470 search-job-handler [INFO] Search task succeeded.
2026-02-03 01:12:10,470 search-job-handler [INFO] Search task succeeded.
2026-02-03 01:12:10,470 search-job-handler [INFO] Search task succeeded.
2026-02-03 01:12:10,470 search-job-handler [INFO] Search task succeeded.
2026-02-03 01:12:10,470 search-job-handler [INFO] Search task succeeded.
2026-02-03 01:12:10,470 search-job-handler [INFO] Search task succeeded.
2026-02-03 01:12:10,470 search-job-handler [INFO] Search task succeeded.
2026-02-03 01:12:10,470 search-job-handler [INFO] Search task succeeded.
2026-02-03 01:12:10,470 search-job-handler [INFO] Search task succeeded.
2026-02-03 01:12:10,470 search-job-handler [INFO] Search task succeeded.
2026-02-03 01:12:10,471 search-job-handler [INFO] Search task succeeded.
2026-02-03 01:12:10,471 search-job-handler [INFO] Search task succeeded.
2026-02-03 01:12:10,471 search-job-handler [INFO] Search task succeeded.
2026-02-03 01:12:10,471 search-job-handler [INFO] Search task succeeded.
2026-02-03 01:12:10,471 search-job-handler [INFO] Search task succeeded.
2026-02-03 01:12:10,471 search-job-handler [INFO] Search task succeeded.
2026-02-03 01:12:10,471 search-job-handler [INFO] Search task succeeded.
2026-02-03 01:12:10,471 search-job-handler [INFO] Search task succeeded.
2026-02-03 01:12:10,471 search-job-handler [INFO] Search task succeeded.
2026-02-03 01:12:10,471 search-job-handler [INFO] Search task succeeded.
2026-02-03 01:12:10,471 search-job-handler [INFO] Search task succeeded.
2026-02-03 01:12:10,471 search-job-handler [INFO] Search task succeeded.
2026-02-03 01:12:10,472 search-job-handler [INFO] Search task succeeded.
2026-02-03 01:12:10,472 search-job-handler [INFO] Search task succeeded.
2026-02-03 01:12:10,472 search-job-handler [INFO] Search task succeeded.
2026-02-03 01:12:10,472 search-job-handler [INFO] Search task succeeded.
2026-02-03 01:12:10,472 search-job-handler [INFO] Search task succeeded.
2026-02-03 01:12:10,472 search-job-handler [INFO] Search task succeeded.
2026-02-03 01:12:10,472 search-job-handler [INFO] Search task succeeded.
2026-02-03 01:12:10,472 search-job-handler [INFO] Search task succeeded.
2026-02-03 01:12:10,472 search-job-handler [INFO] Search task succeeded.
2026-02-03 01:12:10,472 search-job-handler [INFO] Search task succeeded.
2026-02-03 01:12:10,472 search-job-handler [INFO] Search task succeeded.
2026-02-03 01:12:10,472 search-job-handler [INFO] Search task succeeded.
2026-02-03 01:12:10,472 search-job-handler [INFO] Search task succeeded.
2026-02-03 01:12:10,473 search-job-handler [INFO] Search task succeeded.
2026-02-03 01:12:10,473 search-job-handler [INFO] Search task succeeded.
2026-02-03 01:12:10,473 search-job-handler [INFO] Search task succeeded.
2026-02-03 01:12:10,473 search-job-handler [INFO] Search task succeeded.
2026-02-03 01:12:10,473 search-job-handler [INFO] Search task succeeded.
2026-02-03 01:12:10,473 search-job-handler [INFO] Search task succeeded.
2026-02-03 01:12:10,473 search-job-handler [INFO] Search task succeeded.
2026-02-03 01:12:10,473 search-job-handler [INFO] Search task succeeded.
2026-02-03 01:12:10,473 search-job-handler [INFO] Search task succeeded.
2026-02-03 01:12:10,473 search-job-handler [INFO] Search task succeeded.
2026-02-03 01:12:10,473 search-job-handler [INFO] Search task succeeded.
2026-02-03 01:12:10,473 search-job-handler [INFO] Search task succeeded.
2026-02-03 01:12:10,473 search-job-handler [INFO] Search task succeeded.
2026-02-03 01:12:10,474 search-job-handler [INFO] Search task succeeded.
2026-02-03 01:12:10,474 search-job-handler [INFO] Search task succeeded.
2026-02-03 01:12:10,474 search-job-handler [INFO] Search task succeeded.
2026-02-03 01:12:10,474 search-job-handler [INFO] Search task succeeded.
2026-02-03 01:12:10,474 search-job-handler [INFO] Search task succeeded.
2026-02-03 01:12:10,474 search-job-handler [INFO] Search task succeeded.
2026-02-03 01:12:10,474 search-job-handler [INFO] Search task succeeded.
2026-02-03 01:12:10,474 search-job-handler [INFO] Search task succeeded.
2026-02-03 01:12:10,474 search-job-handler [INFO] Search task succeeded.
2026-02-03 01:12:10,497 search-job-handler [INFO] Completed job 4 at 2026-02-03T01:12:10.474742, total duration=83.10s.
2026-02-03 03:29:15,592 search-job-handler [INFO] Query scheduler using Spider.
2026-02-03 03:29:15,609 search-job-handler [INFO] Connected to archive database.
2026-02-03 03:29:15,610 search-job-handler [INFO] Query scheduler started.
2026-02-03 03:29:34,249 search-job-handler [INFO] Submitting Spider job 5 at 2026-02-03T03:29:34.249178 with 923 search tasks, aggregation=False
2026-02-03 03:29:36,427 search-job-handler [INFO] Submitted Spider job 5 at 2026-02-03T03:29:36.427427, submission took 2.178s
2026-02-03 03:29:36,499 search-job-handler [INFO] Dispatched search job 5 at 2026-02-03T03:29:36.431543 with 923 tasks.
2026-02-03 03:30:55,718 search-job-handler [INFO] Search task succeeded.
2026-02-03 03:30:55,718 search-job-handler [INFO] Search task succeeded.
2026-02-03 03:30:55,718 search-job-handler [INFO] Search task succeeded.
2026-02-03 03:30:55,718 search-job-handler [INFO] Search task succeeded.
2026-02-03 03:30:55,718 search-job-handler [INFO] Search task succeeded.
2026-02-03 03:30:55,718 search-job-handler [INFO] Search task succeeded.
2026-02-03 03:30:55,718 search-job-handler [INFO] Search task succeeded.
2026-02-03 03:30:55,719 search-job-handler [INFO] Search task succeeded.
2026-02-03 03:30:55,719 search-job-handler [INFO] Search task succeeded.
2026-02-03 03:30:55,719 search-job-handler [INFO] Search task succeeded.
2026-02-03 03:30:55,719 search-job-handler [INFO] Search task succeeded.
2026-02-03 03:30:55,719 search-job-handler [INFO] Search task succeeded.
2026-02-03 03:30:55,719 search-job-handler [INFO] Search task succeeded.
2026-02-03 03:30:55,719 search-job-handler [INFO] Search task succeeded.
2026-02-03 03:30:55,719 search-job-handler [INFO] Search task succeeded.
2026-02-03 03:30:55,719 search-job-handler [INFO] Search task succeeded.
2026-02-03 03:30:55,719 search-job-handler [INFO] Search task succeeded.
2026-02-03 03:30:55,719 search-job-handler [INFO] Search task succeeded.
2026-02-03 03:30:55,720 search-job-handler [INFO] Search task succeeded.
2026-02-03 03:30:55,720 search-job-handler [INFO] Search task succeeded.
2026-02-03 03:30:55,720 search-job-handler [INFO] Search task succeeded.
2026-02-03 03:30:55,720 search-job-handler [INFO] Search task succeeded.
2026-02-03 03:30:55,720 search-job-handler [INFO] Search task succeeded.
2026-02-03 03:30:55,720 search-job-handler [INFO] Search task succeeded.
2026-02-03 03:30:55,720 search-job-handler [INFO] Search task succeeded.
2026-02-03 03:30:55,720 search-job-handler [INFO] Search task succeeded.
2026-02-03 03:30:55,720 search-job-handler [INFO] Search task succeeded.
2026-02-03 03:30:55,720 search-job-handler [INFO] Search task succeeded.
2026-02-03 03:30:55,720 search-job-handler [INFO] Search task succeeded.
2026-02-03 03:30:55,720 search-job-handler [INFO] Search task succeeded.
2026-02-03 03:30:55,720 search-job-handler [INFO] Search task succeeded.
2026-02-03 03:30:55,720 search-job-handler [INFO] Search task succeeded.
2026-02-03 03:30:55,720 search-job-handler [INFO] Search task succeeded.
2026-02-03 03:30:55,721 search-job-handler [INFO] Search task succeeded.
2026-02-03 03:30:55,721 search-job-handler [INFO] Search task succeeded.
2026-02-03 03:30:55,721 search-job-handler [INFO] Search task succeeded.
2026-02-03 03:30:55,721 search-job-handler [INFO] Search task succeeded.
2026-02-03 03:30:55,721 search-job-handler [INFO] Search task succeeded.
2026-02-03 03:30:55,721 search-job-handler [INFO] Search task succeeded.
2026-02-03 03:30:55,721 search-job-handler [INFO] Search task succeeded.
2026-02-03 03:30:55,721 search-job-handler [INFO] Search task succeeded.
2026-02-03 03:30:55,721 search-job-handler [INFO] Search task succeeded.
2026-02-03 03:30:55,721 search-job-handler [INFO] Search task succeeded.
2026-02-03 03:30:55,721 search-job-handler [INFO] Search task succeeded.
2026-02-03 03:30:55,721 search-job-handler [INFO] Search task succeeded.
2026-02-03 03:30:55,721 search-job-handler [INFO] Search task succeeded.
2026-02-03 03:30:55,721 search-job-handler [INFO] Search task succeeded.
2026-02-03 03:30:55,722 search-job-handler [INFO] Search task succeeded.
2026-02-03 03:30:55,722 search-job-handler [INFO] Search task succeeded.
2026-02-03 03:30:55,722 search-job-handler [INFO] Search task succeeded.
2026-02-03 03:30:55,722 search-job-handler [INFO] Search task succeeded.
2026-02-03 03:30:55,722 search-job-handler [INFO] Search task succeeded.
2026-02-03 03:30:55,722 search-job-handler [INFO] Search task succeeded.
2026-02-03 03:30:55,722 search-job-handler [INFO] Search task succeeded.
2026-02-03 03:30:55,722 search-job-handler [INFO] Search task succeeded.
2026-02-03 03:30:55,722 search-job-handler [INFO] Search task succeeded.
2026-02-03 03:30:55,722 search-job-handler [INFO] Search task succeeded.
2026-02-03 03:30:55,722 search-job-handler [INFO] Search task succeeded.
2026-02-03 03:30:55,722 search-job-handler [INFO] Search task succeeded.
2026-02-03 03:30:55,722 search-job-handler [INFO] Search task succeeded.
2026-02-03 03:30:55,723 search-job-handler [INFO] Search task succeeded.
2026-02-03 03:30:55,723 search-job-handler [INFO] Search task succeeded.
2026-02-03 03:30:55,723 search-job-handler [INFO] Search task succeeded.
2026-02-03 03:30:55,723 search-job-handler [INFO] Search task succeeded.
2026-02-03 03:30:55,723 search-job-handler [INFO] Search task succeeded.
2026-02-03 03:30:55,723 search-job-handler [INFO] Search task succeeded.
2026-02-03 03:30:55,723 search-job-handler [INFO] Search task succeeded.
2026-02-03 03:30:55,723 search-job-handler [INFO] Search task succeeded.
2026-02-03 03:30:55,723 search-job-handler [INFO] Search task succeeded.
2026-02-03 03:30:55,723 search-job-handler [INFO] Search task succeeded.
2026-02-03 03:30:55,723 search-job-handler [INFO] Search task succeeded.
2026-02-03 03:30:55,723 search-job-handler [INFO] Search task succeeded.
2026-02-03 03:30:55,723 search-job-handler [INFO] Search task succeeded.
2026-02-03 03:30:55,723 search-job-handler [INFO] Search task succeeded.
2026-02-03 03:30:55,723 search-job-handler [INFO] Search task succeeded.
2026-02-03 03:30:55,724 search-job-handler [INFO] Search task succeeded.
2026-02-03 03:30:55,724 search-job-handler [INFO] Search task succeeded.
2026-02-03 03:30:55,724 search-job-handler [INFO] Search task succeeded.
2026-02-03 03:30:55,724 search-job-handler [INFO] Search task succeeded.
2026-02-03 03:30:55,724 search-job-handler [INFO] Search task succeeded.
2026-02-03 03:30:55,724 search-job-handler [INFO] Search task succeeded.
2026-02-03 03:30:55,724 search-job-handler [INFO] Search task succeeded.
2026-02-03 03:30:55,724 search-job-handler [INFO] Search task succeeded.
2026-02-03 03:30:55,724 search-job-handler [INFO] Search task succeeded.
2026-02-03 03:30:55,724 search-job-handler [INFO] Search task succeeded.
2026-02-03 03:30:55,724 search-job-handler [INFO] Search task succeeded.
2026-02-03 03:30:55,724 search-job-handler [INFO] Search task succeeded.
2026-02-03 03:30:55,724 search-job-handler [INFO] Search task succeeded.
2026-02-03 03:30:55,724 search-job-handler [INFO] Search task succeeded.
2026-02-03 03:30:55,724 search-job-handler [INFO] Search task succeeded.
2026-02-03 03:30:55,725 search-job-handler [INFO] Search task succeeded.
2026-02-03 03:30:55,725 search-job-handler [INFO] Search task succeeded.
2026-02-03 03:30:55,725 search-job-handler [INFO] Search task succeeded.
2026-02-03 03:30:55,725 search-job-handler [INFO] Search task succeeded.
2026-02-03 03:30:55,725 search-job-handler [INFO] Search task succeeded.
2026-02-03 03:30:55,725 search-job-handler [INFO] Search task succeeded.
2026-02-03 03:30:55,725 search-job-handler [INFO] Search task succeeded.
2026-02-03 03:30:55,725 search-job-handler [INFO] Search task succeeded.
2026-02-03 03:30:55,725 search-job-handler [INFO] Search task succeeded.
2026-02-03 03:30:55,725 search-job-handler [INFO] Search task succeeded.
2026-02-03 03:30:55,725 search-job-handler [INFO] Search task succeeded.
2026-02-03 03:30:55,725 search-job-handler [INFO] Search task succeeded.
2026-02-03 03:30:55,725 search-job-handler [INFO] Search task succeeded.
2026-02-03 03:30:55,725 search-job-handler [INFO] Search task succeeded.
2026-02-03 03:30:55,725 search-job-handler [INFO] Search task succeeded.
2026-02-03 03:30:55,725 search-job-handler [INFO] Search task succeeded.
2026-02-03 03:30:55,726 search-job-handler [INFO] Search task succeeded.
2026-02-03 03:30:55,726 search-job-handler [INFO] Search task succeeded.
2026-02-03 03:30:55,726 search-job-handler [INFO] Search task succeeded.
2026-02-03 03:30:55,726 search-job-handler [INFO] Search task succeeded.
2026-02-03 03:30:55,726 search-job-handler [INFO] Search task succeeded.
2026-02-03 03:30:55,726 search-job-handler [INFO] Search task succeeded.
2026-02-03 03:30:55,726 search-job-handler [INFO] Search task succeeded.
2026-02-03 03:30:55,726 search-job-handler [INFO] Search task succeeded.
2026-02-03 03:30:55,726 search-job-handler [INFO] Search task succeeded.
2026-02-03 03:30:55,726 search-job-handler [INFO] Search task succeeded.
2026-02-03 03:30:55,726 search-job-handler [INFO] Search task succeeded.
2026-02-03 03:30:55,726 search-job-handler [INFO] Search task succeeded.
2026-02-03 03:30:55,726 search-job-handler [INFO] Search task succeeded.
2026-02-03 03:30:55,726 search-job-handler [INFO] Search task succeeded.
2026-02-03 03:30:55,727 search-job-handler [INFO] Search task succeeded.
2026-02-03 03:30:55,727 search-job-handler [INFO] Search task succeeded.
2026-02-03 03:30:55,727 search-job-handler [INFO] Search task succeeded.
2026-02-03 03:30:55,727 search-job-handler [INFO] Search task succeeded.
2026-02-03 03:30:55,727 search-job-handler [INFO] Search task succeeded.
2026-02-03 03:30:55,727 search-job-handler [INFO] Search task succeeded.
2026-02-03 03:30:55,727 search-job-handler [INFO] Search task succeeded.
2026-02-03 03:30:55,727 search-job-handler [INFO] Search task succeeded.
2026-02-03 03:30:55,727 search-job-handler [INFO] Search task succeeded.
2026-02-03 03:30:55,727 search-job-handler [INFO] Search task succeeded.
2026-02-03 03:30:55,727 search-job-handler [INFO] Search task succeeded.
2026-02-03 03:30:55,727 search-job-handler [INFO] Search task succeeded.
2026-02-03 03:30:55,728 search-job-handler [INFO] Search task succeeded.
2026-02-03 03:30:55,728 search-job-handler [INFO] Search task succeeded.
2026-02-03 03:30:55,728 search-job-handler [INFO] Search task succeeded.
2026-02-03 03:30:55,728 search-job-handler [INFO] Search task succeeded.
2026-02-03 03:30:55,728 search-job-handler [INFO] Search task succeeded.
2026-02-03 03:30:55,728 search-job-handler [INFO] Search task succeeded.
2026-02-03 03:30:55,728 search-job-handler [INFO] Search task succeeded.
2026-02-03 03:30:55,728 search-job-handler [INFO] Search task succeeded.
2026-02-03 03:30:55,728 search-job-handler [INFO] Search task succeeded.
2026-02-03 03:30:55,728 search-job-handler [INFO] Search task succeeded.
2026-02-03 03:30:55,728 search-job-handler [INFO] Search task succeeded.
2026-02-03 03:30:55,728 search-job-handler [INFO] Search task succeeded.
2026-02-03 03:30:55,728 search-job-handler [INFO] Search task succeeded.
2026-02-03 03:30:55,729 search-job-handler [INFO] Search task succeeded.
2026-02-03 03:30:55,729 search-job-handler [INFO] Search task succeeded.
2026-02-03 03:30:55,729 search-job-handler [INFO] Search task succeeded.
2026-02-03 03:30:55,729 search-job-handler [INFO] Search task succeeded.
2026-02-03 03:30:55,729 search-job-handler [INFO] Search task succeeded.
2026-02-03 03:30:55,729 search-job-handler [INFO] Search task succeeded.
2026-02-03 03:30:55,729 search-job-handler [INFO] Search task succeeded.
2026-02-03 03:30:55,729 search-job-handler [INFO] Search task succeeded.
2026-02-03 03:30:55,729 search-job-handler [INFO] Search task succeeded.
2026-02-03 03:30:55,729 search-job-handler [INFO] Search task succeeded.
2026-02-03 03:30:55,729 search-job-handler [INFO] Search task succeeded.
2026-02-03 03:30:55,729 search-job-handler [INFO] Search task succeeded.
2026-02-03 03:30:55,730 search-job-handler [INFO] Search task succeeded.
2026-02-03 03:30:55,730 search-job-handler [INFO] Search task succeeded.
2026-02-03 03:30:55,730 search-job-handler [INFO] Search task succeeded.
2026-02-03 03:30:55,730 search-job-handler [INFO] Search task succeeded.
2026-02-03 03:30:55,730 search-job-handler [INFO] Search task succeeded.
2026-02-03 03:30:55,730 search-job-handler [INFO] Search task succeeded.
2026-02-03 03:30:55,730 search-job-handler [INFO] Search task succeeded.
2026-02-03 03:30:55,730 search-job-handler [INFO] Search task succeeded.
2026-02-03 03:30:55,730 search-job-handler [INFO] Search task succeeded.
2026-02-03 03:30:55,730 search-job-handler [INFO] Search task succeeded.
2026-02-03 03:30:55,730 search-job-handler [INFO] Search task succeeded.
2026-02-03 03:30:55,730 search-job-handler [INFO] Search task succeeded.
2026-02-03 03:30:55,730 search-job-handler [INFO] Search task succeeded.
2026-02-03 03:30:55,731 search-job-handler [INFO] Search task succeeded.
2026-02-03 03:30:55,731 search-job-handler [INFO] Search task succeeded.
2026-02-03 03:30:55,731 search-job-handler [INFO] Search task succeeded.
2026-02-03 03:30:55,731 search-job-handler [INFO] Search task succeeded.
2026-02-03 03:30:55,731 search-job-handler [INFO] Search task succeeded.
2026-02-03 03:30:55,731 search-job-handler [INFO] Search task succeeded.
2026-02-03 03:30:55,731 search-job-handler [INFO] Search task succeeded.
2026-02-03 03:30:55,731 search-job-handler [INFO] Search task succeeded.
2026-02-03 03:30:55,731 search-job-handler [INFO] Search task succeeded.
2026-02-03 03:30:55,731 search-job-handler [INFO] Search task succeeded.
2026-02-03 03:30:55,731 search-job-handler [INFO] Search task succeeded.
2026-02-03 03:30:55,731 search-job-handler [INFO] Search task succeeded.
2026-02-03 03:30:55,732 search-job-handler [INFO] Search task succeeded.
2026-02-03 03:30:55,732 search-job-handler [INFO] Search task succeeded.
2026-02-03 03:30:55,732 search-job-handler [INFO] Search task succeeded.
2026-02-03 03:30:55,732 search-job-handler [INFO] Search task succeeded.
2026-02-03 03:30:55,732 search-job-handler [INFO] Search task succeeded.
2026-02-03 03:30:55,732 search-job-handler [INFO] Search task succeeded.
2026-02-03 03:30:55,732 search-job-handler [INFO] Search task succeeded.
2026-02-03 03:30:55,732 search-job-handler [INFO] Search task succeeded.
2026-02-03 03:30:55,732 search-job-handler [INFO] Search task succeeded.
2026-02-03 03:30:55,732 search-job-handler [INFO] Search task succeeded.
2026-02-03 03:30:55,732 search-job-handler [INFO] Search task succeeded.
2026-02-03 03:30:55,732 search-job-handler [INFO] Search task succeeded.
2026-02-03 03:30:55,732 search-job-handler [INFO] Search task succeeded.
2026-02-03 03:30:55,733 search-job-handler [INFO] Search task succeeded.
2026-02-03 03:30:55,733 search-job-handler [INFO] Search task succeeded.
2026-02-03 03:30:55,733 search-job-handler [INFO] Search task succeeded.
2026-02-03 03:30:55,733 search-job-handler [INFO] Search task succeeded.
2026-02-03 03:30:55,733 search-job-handler [INFO] Search task succeeded.
2026-02-03 03:30:55,733 search-job-handler [INFO] Search task succeeded.
2026-02-03 03:30:55,733 search-job-handler [INFO] Search task succeeded.
2026-02-03 03:30:55,733 search-job-handler [INFO] Search task succeeded.
2026-02-03 03:30:55,733 search-job-handler [INFO] Search task succeeded.
2026-02-03 03:30:55,733 search-job-handler [INFO] Search task succeeded.
2026-02-03 03:30:55,733 search-job-handler [INFO] Search task succeeded.
2026-02-03 03:30:55,733 search-job-handler [INFO] Search task succeeded.
2026-02-03 03:30:55,734 search-job-handler [INFO] Search task succeeded.
2026-02-03 03:30:55,734 search-job-handler [INFO] Search task succeeded.
2026-02-03 03:30:55,734 search-job-handler [INFO] Search task succeeded.
2026-02-03 03:30:55,734 search-job-handler [INFO] Search task succeeded.
2026-02-03 03:30:55,734 search-job-handler [INFO] Search task succeeded.
2026-02-03 03:30:55,734 search-job-handler [INFO] Search task succeeded.
2026-02-03 03:30:55,734 search-job-handler [INFO] Search task succeeded.
2026-02-03 03:30:55,734 search-job-handler [INFO] Search task succeeded.
2026-02-03 03:30:55,734 search-job-handler [INFO] Search task succeeded.
2026-02-03 03:30:55,734 search-job-handler [INFO] Search task succeeded.
2026-02-03 03:30:55,734 search-job-handler [INFO] Search task succeeded.
2026-02-03 03:30:55,734 search-job-handler [INFO] Search task succeeded.
2026-02-03 03:30:55,735 search-job-handler [INFO] Search task succeeded.
2026-02-03 03:30:55,735 search-job-handler [INFO] Search task succeeded.
2026-02-03 03:30:55,735 search-job-handler [INFO] Search task succeeded.
2026-02-03 03:30:55,735 search-job-handler [INFO] Search task succeeded.
2026-02-03 03:30:55,735 search-job-handler [INFO] Search task succeeded.
2026-02-03 03:30:55,735 search-job-handler [INFO] Search task succeeded.
2026-02-03 03:30:55,735 search-job-handler [INFO] Search task succeeded.
2026-02-03 03:30:55,735 search-job-handler [INFO] Search task succeeded.
2026-02-03 03:30:55,735 search-job-handler [INFO] Search task succeeded.
2026-02-03 03:30:55,735 search-job-handler [INFO] Search task succeeded.
2026-02-03 03:30:55,735 search-job-handler [INFO] Search task succeeded.
2026-02-03 03:30:55,735 search-job-handler [INFO] Search task succeeded.
2026-02-03 03:30:55,735 search-job-handler [INFO] Search task succeeded.
2026-02-03 03:30:55,736 search-job-handler [INFO] Search task succeeded.
2026-02-03 03:30:55,736 search-job-handler [INFO] Search task succeeded.
2026-02-03 03:30:55,736 search-job-handler [INFO] Search task succeeded.
2026-02-03 03:30:55,736 search-job-handler [INFO] Search task succeeded.
2026-02-03 03:30:55,736 search-job-handler [INFO] Search task succeeded.
2026-02-03 03:30:55,736 search-job-handler [INFO] Search task succeeded.
2026-02-03 03:30:55,736 search-job-handler [INFO] Search task succeeded.
2026-02-03 03:30:55,736 search-job-handler [INFO] Search task succeeded.
2026-02-03 03:30:55,736 search-job-handler [INFO] Search task succeeded.
2026-02-03 03:30:55,736 search-job-handler [INFO] Search task succeeded.
2026-02-03 03:30:55,736 search-job-handler [INFO] Search task succeeded.
2026-02-03 03:30:55,736 search-job-handler [INFO] Search task succeeded.
2026-02-03 03:30:55,737 search-job-handler [INFO] Search task succeeded.
2026-02-03 03:30:55,737 search-job-handler [INFO] Search task succeeded.
2026-02-03 03:30:55,737 search-job-handler [INFO] Search task succeeded.
2026-02-03 03:30:55,737 search-job-handler [INFO] Search task succeeded.
2026-02-03 03:30:55,737 search-job-handler [INFO] Search task succeeded.
2026-02-03 03:30:55,737 search-job-handler [INFO] Search task succeeded.
2026-02-03 03:30:55,737 search-job-handler [INFO] Search task succeeded.
2026-02-03 03:30:55,737 search-job-handler [INFO] Search task succeeded.
2026-02-03 03:30:55,737 search-job-handler [INFO] Search task succeeded.
2026-02-03 03:30:55,737 search-job-handler [INFO] Search task succeeded.
2026-02-03 03:30:55,737 search-job-handler [INFO] Search task succeeded.
2026-02-03 03:30:55,737 search-job-handler [INFO] Search task succeeded.
2026-02-03 03:30:55,738 search-job-handler [INFO] Search task succeeded.
2026-02-03 03:30:55,738 search-job-handler [INFO] Search task succeeded.
2026-02-03 03:30:55,738 search-job-handler [INFO] Search task succeeded.
2026-02-03 03:30:55,738 search-job-handler [INFO] Search task succeeded.
2026-02-03 03:30:55,738 search-job-handler [INFO] Search task succeeded.
2026-02-03 03:30:55,738 search-job-handler [INFO] Search task succeeded.
2026-02-03 03:30:55,738 search-job-handler [INFO] Search task succeeded.
2026-02-03 03:30:55,738 search-job-handler [INFO] Search task succeeded.
2026-02-03 03:30:55,738 search-job-handler [INFO] Search task succeeded.
2026-02-03 03:30:55,738 search-job-handler [INFO] Search task succeeded.
2026-02-03 03:30:55,738 search-job-handler [INFO] Search task succeeded.
2026-02-03 03:30:55,738 search-job-handler [INFO] Search task succeeded.
2026-02-03 03:30:55,738 search-job-handler [INFO] Search task succeeded.
2026-02-03 03:30:55,739 search-job-handler [INFO] Search task succeeded.
2026-02-03 03:30:55,739 search-job-handler [INFO] Search task succeeded.
2026-02-03 03:30:55,739 search-job-handler [INFO] Search task succeeded.
2026-02-03 03:30:55,739 search-job-handler [INFO] Search task succeeded.
2026-02-03 03:30:55,739 search-job-handler [INFO] Search task succeeded.
2026-02-03 03:30:55,739 search-job-handler [INFO] Search task succeeded.
2026-02-03 03:30:55,739 search-job-handler [INFO] Search task succeeded.
2026-02-03 03:30:55,739 search-job-handler [INFO] Search task succeeded.
2026-02-03 03:30:55,739 search-job-handler [INFO] Search task succeeded.
2026-02-03 03:30:55,739 search-job-handler [INFO] Search task succeeded.
2026-02-03 03:30:55,739 search-job-handler [INFO] Search task succeeded.
2026-02-03 03:30:55,739 search-job-handler [INFO] Search task succeeded.
2026-02-03 03:30:55,740 search-job-handler [INFO] Search task succeeded.
2026-02-03 03:30:55,740 search-job-handler [INFO] Search task succeeded.
2026-02-03 03:30:55,740 search-job-handler [INFO] Search task succeeded.
2026-02-03 03:30:55,740 search-job-handler [INFO] Search task succeeded.
2026-02-03 03:30:55,740 search-job-handler [INFO] Search task succeeded.
2026-02-03 03:30:55,740 search-job-handler [INFO] Search task succeeded.
2026-02-03 03:30:55,740 search-job-handler [INFO] Search task succeeded.
2026-02-03 03:30:55,740 search-job-handler [INFO] Search task succeeded.
2026-02-03 03:30:55,740 search-job-handler [INFO] Search task succeeded.
2026-02-03 03:30:55,740 search-job-handler [INFO] Search task succeeded.
2026-02-03 03:30:55,741 search-job-handler [INFO] Search task succeeded.
2026-02-03 03:30:55,741 search-job-handler [INFO] Search task succeeded.
2026-02-03 03:30:55,741 search-job-handler [INFO] Search task succeeded.
2026-02-03 03:30:55,741 search-job-handler [INFO] Search task succeeded.
2026-02-03 03:30:55,741 search-job-handler [INFO] Search task succeeded.
2026-02-03 03:30:55,741 search-job-handler [INFO] Search task succeeded.
2026-02-03 03:30:55,741 search-job-handler [INFO] Search task succeeded.
2026-02-03 03:30:55,741 search-job-handler [INFO] Search task succeeded.
2026-02-03 03:30:55,741 search-job-handler [INFO] Search task succeeded.
2026-02-03 03:30:55,741 search-job-handler [INFO] Search task succeeded.
2026-02-03 03:30:55,741 search-job-handler [INFO] Search task succeeded.
2026-02-03 03:30:55,741 search-job-handler [INFO] Search task succeeded.
2026-02-03 03:30:55,741 search-job-handler [INFO] Search task succeeded.
2026-02-03 03:30:55,741 search-job-handler [INFO] Search task succeeded.
2026-02-03 03:30:55,741 search-job-handler [INFO] Search task succeeded.
2026-02-03 03:30:55,742 search-job-handler [INFO] Search task succeeded.
2026-02-03 03:30:55,742 search-job-handler [INFO] Search task succeeded.
2026-02-03 03:30:55,742 search-job-handler [INFO] Search task succeeded.
2026-02-03 03:30:55,742 search-job-handler [INFO] Search task succeeded.
2026-02-03 03:30:55,742 search-job-handler [INFO] Search task succeeded.
2026-02-03 03:30:55,742 search-job-handler [INFO] Search task succeeded.
2026-02-03 03:30:55,742 search-job-handler [INFO] Search task succeeded.
2026-02-03 03:30:55,742 search-job-handler [INFO] Search task succeeded.
2026-02-03 03:30:55,742 search-job-handler [INFO] Search task succeeded.
2026-02-03 03:30:55,742 search-job-handler [INFO] Search task succeeded.
2026-02-03 03:30:55,742 search-job-handler [INFO] Search task succeeded.
2026-02-03 03:30:55,742 search-job-handler [INFO] Search task succeeded.
2026-02-03 03:30:55,742 search-job-handler [INFO] Search task succeeded.
2026-02-03 03:30:55,742 search-job-handler [INFO] Search task succeeded.
2026-02-03 03:30:55,742 search-job-handler [INFO] Search task succeeded.
2026-02-03 03:30:55,742 search-job-handler [INFO] Search task succeeded.
2026-02-03 03:30:55,743 search-job-handler [INFO] Search task succeeded.
2026-02-03 03:30:55,743 search-job-handler [INFO] Search task succeeded.
2026-02-03 03:30:55,743 search-job-handler [INFO] Search task succeeded.
2026-02-03 03:30:55,743 search-job-handler [INFO] Search task succeeded.
2026-02-03 03:30:55,743 search-job-handler [INFO] Search task succeeded.
2026-02-03 03:30:55,743 search-job-handler [INFO] Search task succeeded.
2026-02-03 03:30:55,743 search-job-handler [INFO] Search task succeeded.
2026-02-03 03:30:55,743 search-job-handler [INFO] Search task succeeded.
2026-02-03 03:30:55,743 search-job-handler [INFO] Search task succeeded.
2026-02-03 03:30:55,743 search-job-handler [INFO] Search task succeeded.
2026-02-03 03:30:55,743 search-job-handler [INFO] Search task succeeded.
2026-02-03 03:30:55,743 search-job-handler [INFO] Search task succeeded.
2026-02-03 03:30:55,743 search-job-handler [INFO] Search task succeeded.
2026-02-03 03:30:55,744 search-job-handler [INFO] Search task succeeded.
2026-02-03 03:30:55,744 search-job-handler [INFO] Search task succeeded.
2026-02-03 03:30:55,744 search-job-handler [INFO] Search task succeeded.
2026-02-03 03:30:55,744 search-job-handler [INFO] Search task succeeded.
2026-02-03 03:30:55,744 search-job-handler [INFO] Search task succeeded.
2026-02-03 03:30:55,744 search-job-handler [INFO] Search task succeeded.
2026-02-03 03:30:55,744 search-job-handler [INFO] Search task succeeded.
2026-02-03 03:30:55,744 search-job-handler [INFO] Search task succeeded.
2026-02-03 03:30:55,744 search-job-handler [INFO] Search task succeeded.
2026-02-03 03:30:55,744 search-job-handler [INFO] Search task succeeded.
2026-02-03 03:30:55,744 search-job-handler [INFO] Search task succeeded.
2026-02-03 03:30:55,744 search-job-handler [INFO] Search task succeeded.
2026-02-03 03:30:55,745 search-job-handler [INFO] Search task succeeded.
2026-02-03 03:30:55,745 search-job-handler [INFO] Search task succeeded.
2026-02-03 03:30:55,745 search-job-handler [INFO] Search task succeeded.
2026-02-03 03:30:55,745 search-job-handler [INFO] Search task succeeded.
2026-02-03 03:30:55,745 search-job-handler [INFO] Search task succeeded.
2026-02-03 03:30:55,745 search-job-handler [INFO] Search task succeeded.
2026-02-03 03:30:55,745 search-job-handler [INFO] Search task succeeded.
2026-02-03 03:30:55,745 search-job-handler [INFO] Search task succeeded.
2026-02-03 03:30:55,745 search-job-handler [INFO] Search task succeeded.
2026-02-03 03:30:55,745 search-job-handler [INFO] Search task succeeded.
2026-02-03 03:30:55,745 search-job-handler [INFO] Search task succeeded.
2026-02-03 03:30:55,745 search-job-handler [INFO] Search task succeeded.
2026-02-03 03:30:55,745 search-job-handler [INFO] Search task succeeded.
2026-02-03 03:30:55,746 search-job-handler [INFO] Search task succeeded.
2026-02-03 03:30:55,746 search-job-handler [INFO] Search task succeeded.
2026-02-03 03:30:55,746 search-job-handler [INFO] Search task succeeded.
2026-02-03 03:30:55,746 search-job-handler [INFO] Search task succeeded.
2026-02-03 03:30:55,746 search-job-handler [INFO] Search task succeeded.
2026-02-03 03:30:55,746 search-job-handler [INFO] Search task succeeded.
2026-02-03 03:30:55,746 search-job-handler [INFO] Search task succeeded.
2026-02-03 03:30:55,746 search-job-handler [INFO] Search task succeeded.
2026-02-03 03:30:55,746 search-job-handler [INFO] Search task succeeded.
2026-02-03 03:30:55,746 search-job-handler [INFO] Search task succeeded.
2026-02-03 03:30:55,746 search-job-handler [INFO] Search task succeeded.
2026-02-03 03:30:55,746 search-job-handler [INFO] Search task succeeded.
2026-02-03 03:30:55,746 search-job-handler [INFO] Search task succeeded.
2026-02-03 03:30:55,746 search-job-handler [INFO] Search task succeeded.
2026-02-03 03:30:55,746 search-job-handler [INFO] Search task succeeded.
2026-02-03 03:30:55,746 search-job-handler [INFO] Search task succeeded.
2026-02-03 03:30:55,747 search-job-handler [INFO] Search task succeeded.
2026-02-03 03:30:55,747 search-job-handler [INFO] Search task succeeded.
2026-02-03 03:30:55,747 search-job-handler [INFO] Search task succeeded.
2026-02-03 03:30:55,747 search-job-handler [INFO] Search task succeeded.
2026-02-03 03:30:55,747 search-job-handler [INFO] Search task succeeded.
2026-02-03 03:30:55,747 search-job-handler [INFO] Search task succeeded.
2026-02-03 03:30:55,747 search-job-handler [INFO] Search task succeeded.
2026-02-03 03:30:55,747 search-job-handler [INFO] Search task succeeded.
2026-02-03 03:30:55,747 search-job-handler [INFO] Search task succeeded.
2026-02-03 03:30:55,747 search-job-handler [INFO] Search task succeeded.
2026-02-03 03:30:55,747 search-job-handler [INFO] Search task succeeded.
2026-02-03 03:30:55,747 search-job-handler [INFO] Search task succeeded.
2026-02-03 03:30:55,747 search-job-handler [INFO] Search task succeeded.
2026-02-03 03:30:55,747 search-job-handler [INFO] Search task succeeded.
2026-02-03 03:30:55,747 search-job-handler [INFO] Search task succeeded.
2026-02-03 03:30:55,748 search-job-handler [INFO] Search task succeeded.
2026-02-03 03:30:55,748 search-job-handler [INFO] Search task succeeded.
2026-02-03 03:30:55,748 search-job-handler [INFO] Search task succeeded.
2026-02-03 03:30:55,748 search-job-handler [INFO] Search task succeeded.
2026-02-03 03:30:55,748 search-job-handler [INFO] Search task succeeded.
2026-02-03 03:30:55,748 search-job-handler [INFO] Search task succeeded.
2026-02-03 03:30:55,748 search-job-handler [INFO] Search task succeeded.
2026-02-03 03:30:55,748 search-job-handler [INFO] Search task succeeded.
2026-02-03 03:30:55,748 search-job-handler [INFO] Search task succeeded.
2026-02-03 03:30:55,748 search-job-handler [INFO] Search task succeeded.
2026-02-03 03:30:55,748 search-job-handler [INFO] Search task succeeded.
2026-02-03 03:30:55,748 search-job-handler [INFO] Search task succeeded.
2026-02-03 03:30:55,748 search-job-handler [INFO] Search task succeeded.
2026-02-03 03:30:55,748 search-job-handler [INFO] Search task succeeded.
2026-02-03 03:30:55,748 search-job-handler [INFO] Search task succeeded.
2026-02-03 03:30:55,749 search-job-handler [INFO] Search task succeeded.
2026-02-03 03:30:55,749 search-job-handler [INFO] Search task succeeded.
2026-02-03 03:30:55,749 search-job-handler [INFO] Search task succeeded.
2026-02-03 03:30:55,749 search-job-handler [INFO] Search task succeeded.
2026-02-03 03:30:55,749 search-job-handler [INFO] Search task succeeded.
2026-02-03 03:30:55,749 search-job-handler [INFO] Search task succeeded.
2026-02-03 03:30:55,749 search-job-handler [INFO] Search task succeeded.
2026-02-03 03:30:55,749 search-job-handler [INFO] Search task succeeded.
2026-02-03 03:30:55,749 search-job-handler [INFO] Search task succeeded.
2026-02-03 03:30:55,749 search-job-handler [INFO] Search task succeeded.
2026-02-03 03:30:55,749 search-job-handler [INFO] Search task succeeded.
2026-02-03 03:30:55,749 search-job-handler [INFO] Search task succeeded.
2026-02-03 03:30:55,749 search-job-handler [INFO] Search task succeeded.
2026-02-03 03:30:55,749 search-job-handler [INFO] Search task succeeded.
2026-02-03 03:30:55,749 search-job-handler [INFO] Search task succeeded.
2026-02-03 03:30:55,750 search-job-handler [INFO] Search task succeeded.
2026-02-03 03:30:55,750 search-job-handler [INFO] Search task succeeded.
2026-02-03 03:30:55,750 search-job-handler [INFO] Search task succeeded.
2026-02-03 03:30:55,750 search-job-handler [INFO] Search task succeeded.
2026-02-03 03:30:55,750 search-job-handler [INFO] Search task succeeded.
2026-02-03 03:30:55,750 search-job-handler [INFO] Search task succeeded.
2026-02-03 03:30:55,750 search-job-handler [INFO] Search task succeeded.
2026-02-03 03:30:55,750 search-job-handler [INFO] Search task succeeded.
2026-02-03 03:30:55,750 search-job-handler [INFO] Search task succeeded.
2026-02-03 03:30:55,750 search-job-handler [INFO] Search task succeeded.
2026-02-03 03:30:55,750 search-job-handler [INFO] Search task succeeded.
2026-02-03 03:30:55,750 search-job-handler [INFO] Search task succeeded.
2026-02-03 03:30:55,750 search-job-handler [INFO] Search task succeeded.
2026-02-03 03:30:55,750 search-job-handler [INFO] Search task succeeded.
2026-02-03 03:30:55,750 search-job-handler [INFO] Search task succeeded.
2026-02-03 03:30:55,750 search-job-handler [INFO] Search task succeeded.
2026-02-03 03:30:55,751 search-job-handler [INFO] Search task succeeded.
2026-02-03 03:30:55,751 search-job-handler [INFO] Search task succeeded.
2026-02-03 03:30:55,751 search-job-handler [INFO] Search task succeeded.
2026-02-03 03:30:55,751 search-job-handler [INFO] Search task succeeded.
2026-02-03 03:30:55,751 search-job-handler [INFO] Search task succeeded.
2026-02-03 03:30:55,751 search-job-handler [INFO] Search task succeeded.
2026-02-03 03:30:55,751 search-job-handler [INFO] Search task succeeded.
2026-02-03 03:30:55,751 search-job-handler [INFO] Search task succeeded.
2026-02-03 03:30:55,751 search-job-handler [INFO] Search task succeeded.
2026-02-03 03:30:55,751 search-job-handler [INFO] Search task succeeded.
2026-02-03 03:30:55,751 search-job-handler [INFO] Search task succeeded.
2026-02-03 03:30:55,751 search-job-handler [INFO] Search task succeeded.
2026-02-03 03:30:55,751 search-job-handler [INFO] Search task succeeded.
2026-02-03 03:30:55,751 search-job-handler [INFO] Search task succeeded.
2026-02-03 03:30:55,751 search-job-handler [INFO] Search task succeeded.
2026-02-03 03:30:55,752 search-job-handler [INFO] Search task succeeded.
2026-02-03 03:30:55,752 search-job-handler [INFO] Search task succeeded.
2026-02-03 03:30:55,752 search-job-handler [INFO] Search task succeeded.
2026-02-03 03:30:55,752 search-job-handler [INFO] Search task succeeded.
2026-02-03 03:30:55,752 search-job-handler [INFO] Search task succeeded.
2026-02-03 03:30:55,752 search-job-handler [INFO] Search task succeeded.
2026-02-03 03:30:55,752 search-job-handler [INFO] Search task succeeded.
2026-02-03 03:30:55,752 search-job-handler [INFO] Search task succeeded.
2026-02-03 03:30:55,752 search-job-handler [INFO] Search task succeeded.
2026-02-03 03:30:55,752 search-job-handler [INFO] Search task succeeded.
2026-02-03 03:30:55,752 search-job-handler [INFO] Search task succeeded.
2026-02-03 03:30:55,752 search-job-handler [INFO] Search task succeeded.
2026-02-03 03:30:55,752 search-job-handler [INFO] Search task succeeded.
2026-02-03 03:30:55,752 search-job-handler [INFO] Search task succeeded.
2026-02-03 03:30:55,752 search-job-handler [INFO] Search task succeeded.
2026-02-03 03:30:55,753 search-job-handler [INFO] Search task succeeded.
2026-02-03 03:30:55,753 search-job-handler [INFO] Search task succeeded.
2026-02-03 03:30:55,753 search-job-handler [INFO] Search task succeeded.
2026-02-03 03:30:55,753 search-job-handler [INFO] Search task succeeded.
2026-02-03 03:30:55,753 search-job-handler [INFO] Search task succeeded.
2026-02-03 03:30:55,753 search-job-handler [INFO] Search task succeeded.
2026-02-03 03:30:55,753 search-job-handler [INFO] Search task succeeded.
2026-02-03 03:30:55,753 search-job-handler [INFO] Search task succeeded.
2026-02-03 03:30:55,753 search-job-handler [INFO] Search task succeeded.
2026-02-03 03:30:55,753 search-job-handler [INFO] Search task succeeded.
2026-02-03 03:30:55,753 search-job-handler [INFO] Search task succeeded.
2026-02-03 03:30:55,753 search-job-handler [INFO] Search task succeeded.
2026-02-03 03:30:55,753 search-job-handler [INFO] Search task succeeded.
2026-02-03 03:30:55,753 search-job-handler [INFO] Search task succeeded.
2026-02-03 03:30:55,753 search-job-handler [INFO] Search task succeeded.
2026-02-03 03:30:55,753 search-job-handler [INFO] Search task succeeded.
2026-02-03 03:30:55,754 search-job-handler [INFO] Search task succeeded.
2026-02-03 03:30:55,754 search-job-handler [INFO] Search task succeeded.
2026-02-03 03:30:55,754 search-job-handler [INFO] Search task succeeded.
2026-02-03 03:30:55,754 search-job-handler [INFO] Search task succeeded.
2026-02-03 03:30:55,754 search-job-handler [INFO] Search task succeeded.
2026-02-03 03:30:55,754 search-job-handler [INFO] Search task succeeded.
2026-02-03 03:30:55,754 search-job-handler [INFO] Search task succeeded.
2026-02-03 03:30:55,754 search-job-handler [INFO] Search task succeeded.
2026-02-03 03:30:55,754 search-job-handler [INFO] Search task succeeded.
2026-02-03 03:30:55,754 search-job-handler [INFO] Search task succeeded.
2026-02-03 03:30:55,754 search-job-handler [INFO] Search task succeeded.
2026-02-03 03:30:55,754 search-job-handler [INFO] Search task succeeded.
2026-02-03 03:30:55,755 search-job-handler [INFO] Search task succeeded.
2026-02-03 03:30:55,755 search-job-handler [INFO] Search task succeeded.
2026-02-03 03:30:55,755 search-job-handler [INFO] Search task succeeded.
2026-02-03 03:30:55,755 search-job-handler [INFO] Search task succeeded.
2026-02-03 03:30:55,755 search-job-handler [INFO] Search task succeeded.
2026-02-03 03:30:55,755 search-job-handler [INFO] Search task succeeded.
2026-02-03 03:30:55,755 search-job-handler [INFO] Search task succeeded.
2026-02-03 03:30:55,755 search-job-handler [INFO] Search task succeeded.
2026-02-03 03:30:55,755 search-job-handler [INFO] Search task succeeded.
2026-02-03 03:30:55,755 search-job-handler [INFO] Search task succeeded.
2026-02-03 03:30:55,755 search-job-handler [INFO] Search task succeeded.
2026-02-03 03:30:55,755 search-job-handler [INFO] Search task succeeded.
2026-02-03 03:30:55,755 search-job-handler [INFO] Search task succeeded.
2026-02-03 03:30:55,756 search-job-handler [INFO] Search task succeeded.
2026-02-03 03:30:55,756 search-job-handler [INFO] Search task succeeded.
2026-02-03 03:30:55,756 search-job-handler [INFO] Search task succeeded.
2026-02-03 03:30:55,756 search-job-handler [INFO] Search task succeeded.
2026-02-03 03:30:55,756 search-job-handler [INFO] Search task succeeded.
2026-02-03 03:30:55,756 search-job-handler [INFO] Search task succeeded.
2026-02-03 03:30:55,756 search-job-handler [INFO] Search task succeeded.
2026-02-03 03:30:55,756 search-job-handler [INFO] Search task succeeded.
2026-02-03 03:30:55,756 search-job-handler [INFO] Search task succeeded.
2026-02-03 03:30:55,756 search-job-handler [INFO] Search task succeeded.
2026-02-03 03:30:55,756 search-job-handler [INFO] Search task succeeded.
2026-02-03 03:30:55,756 search-job-handler [INFO] Search task succeeded.
2026-02-03 03:30:55,757 search-job-handler [INFO] Search task succeeded.
2026-02-03 03:30:55,757 search-job-handler [INFO] Search task succeeded.
2026-02-03 03:30:55,757 search-job-handler [INFO] Search task succeeded.
2026-02-03 03:30:55,757 search-job-handler [INFO] Search task succeeded.
2026-02-03 03:30:55,757 search-job-handler [INFO] Search task succeeded.
2026-02-03 03:30:55,757 search-job-handler [INFO] Search task succeeded.
2026-02-03 03:30:55,757 search-job-handler [INFO] Search task succeeded.
2026-02-03 03:30:55,757 search-job-handler [INFO] Search task succeeded.
2026-02-03 03:30:55,757 search-job-handler [INFO] Search task succeeded.
2026-02-03 03:30:55,757 search-job-handler [INFO] Search task succeeded.
2026-02-03 03:30:55,757 search-job-handler [INFO] Search task succeeded.
2026-02-03 03:30:55,757 search-job-handler [INFO] Search task succeeded.
2026-02-03 03:30:55,757 search-job-handler [INFO] Search task succeeded.
2026-02-03 03:30:55,758 search-job-handler [INFO] Search task succeeded.
2026-02-03 03:30:55,758 search-job-handler [INFO] Search task succeeded.
2026-02-03 03:30:55,758 search-job-handler [INFO] Search task succeeded.
2026-02-03 03:30:55,758 search-job-handler [INFO] Search task succeeded.
2026-02-03 03:30:55,758 search-job-handler [INFO] Search task succeeded.
2026-02-03 03:30:55,758 search-job-handler [INFO] Search task succeeded.
2026-02-03 03:30:55,758 search-job-handler [INFO] Search task succeeded.
2026-02-03 03:30:55,758 search-job-handler [INFO] Search task succeeded.
2026-02-03 03:30:55,758 search-job-handler [INFO] Search task succeeded.
2026-02-03 03:30:55,758 search-job-handler [INFO] Search task succeeded.
2026-02-03 03:30:55,758 search-job-handler [INFO] Search task succeeded.
2026-02-03 03:30:55,758 search-job-handler [INFO] Search task succeeded.
2026-02-03 03:30:55,758 search-job-handler [INFO] Search task succeeded.
2026-02-03 03:30:55,759 search-job-handler [INFO] Search task succeeded.
2026-02-03 03:30:55,759 search-job-handler [INFO] Search task succeeded.
2026-02-03 03:30:55,759 search-job-handler [INFO] Search task succeeded.
2026-02-03 03:30:55,759 search-job-handler [INFO] Search task succeeded.
2026-02-03 03:30:55,759 search-job-handler [INFO] Search task succeeded.
2026-02-03 03:30:55,759 search-job-handler [INFO] Search task succeeded.
2026-02-03 03:30:55,759 search-job-handler [INFO] Search task succeeded.
2026-02-03 03:30:55,759 search-job-handler [INFO] Search task succeeded.
2026-02-03 03:30:55,759 search-job-handler [INFO] Search task succeeded.
2026-02-03 03:30:55,759 search-job-handler [INFO] Search task succeeded.
2026-02-03 03:30:55,759 search-job-handler [INFO] Search task succeeded.
2026-02-03 03:30:55,759 search-job-handler [INFO] Search task succeeded.
2026-02-03 03:30:55,760 search-job-handler [INFO] Search task succeeded.
2026-02-03 03:30:55,760 search-job-handler [INFO] Search task succeeded.
2026-02-03 03:30:55,760 search-job-handler [INFO] Search task succeeded.
2026-02-03 03:30:55,760 search-job-handler [INFO] Search task succeeded.
2026-02-03 03:30:55,760 search-job-handler [INFO] Search task succeeded.
2026-02-03 03:30:55,760 search-job-handler [INFO] Search task succeeded.
2026-02-03 03:30:55,760 search-job-handler [INFO] Search task succeeded.
2026-02-03 03:30:55,760 search-job-handler [INFO] Search task succeeded.
2026-02-03 03:30:55,760 search-job-handler [INFO] Search task succeeded.
2026-02-03 03:30:55,760 search-job-handler [INFO] Search task succeeded.
2026-02-03 03:30:55,760 search-job-handler [INFO] Search task succeeded.
2026-02-03 03:30:55,760 search-job-handler [INFO] Search task succeeded.
2026-02-03 03:30:55,760 search-job-handler [INFO] Search task succeeded.
2026-02-03 03:30:55,761 search-job-handler [INFO] Search task succeeded.
2026-02-03 03:30:55,761 search-job-handler [INFO] Search task succeeded.
2026-02-03 03:30:55,761 search-job-handler [INFO] Search task succeeded.
2026-02-03 03:30:55,761 search-job-handler [INFO] Search task succeeded.
2026-02-03 03:30:55,761 search-job-handler [INFO] Search task succeeded.
2026-02-03 03:30:55,761 search-job-handler [INFO] Search task succeeded.
2026-02-03 03:30:55,761 search-job-handler [INFO] Search task succeeded.
2026-02-03 03:30:55,761 search-job-handler [INFO] Search task succeeded.
2026-02-03 03:30:55,761 search-job-handler [INFO] Search task succeeded.
2026-02-03 03:30:55,761 search-job-handler [INFO] Search task succeeded.
2026-02-03 03:30:55,761 search-job-handler [INFO] Search task succeeded.
2026-02-03 03:30:55,761 search-job-handler [INFO] Search task succeeded.
2026-02-03 03:30:55,761 search-job-handler [INFO] Search task succeeded.
2026-02-03 03:30:55,762 search-job-handler [INFO] Search task succeeded.
2026-02-03 03:30:55,762 search-job-handler [INFO] Search task succeeded.
2026-02-03 03:30:55,762 search-job-handler [INFO] Search task succeeded.
2026-02-03 03:30:55,762 search-job-handler [INFO] Search task succeeded.
2026-02-03 03:30:55,762 search-job-handler [INFO] Search task succeeded.
2026-02-03 03:30:55,762 search-job-handler [INFO] Search task succeeded.
2026-02-03 03:30:55,762 search-job-handler [INFO] Search task succeeded.
2026-02-03 03:30:55,762 search-job-handler [INFO] Search task succeeded.
2026-02-03 03:30:55,762 search-job-handler [INFO] Search task succeeded.
2026-02-03 03:30:55,762 search-job-handler [INFO] Search task succeeded.
2026-02-03 03:30:55,762 search-job-handler [INFO] Search task succeeded.
2026-02-03 03:30:55,762 search-job-handler [INFO] Search task succeeded.
2026-02-03 03:30:55,763 search-job-handler [INFO] Search task succeeded.
2026-02-03 03:30:55,763 search-job-handler [INFO] Search task succeeded.
2026-02-03 03:30:55,763 search-job-handler [INFO] Search task succeeded.
2026-02-03 03:30:55,763 search-job-handler [INFO] Search task succeeded.
2026-02-03 03:30:55,763 search-job-handler [INFO] Search task succeeded.
2026-02-03 03:30:55,763 search-job-handler [INFO] Search task succeeded.
2026-02-03 03:30:55,763 search-job-handler [INFO] Search task succeeded.
2026-02-03 03:30:55,763 search-job-handler [INFO] Search task succeeded.
2026-02-03 03:30:55,763 search-job-handler [INFO] Search task succeeded.
2026-02-03 03:30:55,763 search-job-handler [INFO] Search task succeeded.
2026-02-03 03:30:55,763 search-job-handler [INFO] Search task succeeded.
2026-02-03 03:30:55,763 search-job-handler [INFO] Search task succeeded.
2026-02-03 03:30:55,763 search-job-handler [INFO] Search task succeeded.
2026-02-03 03:30:55,764 search-job-handler [INFO] Search task succeeded.
2026-02-03 03:30:55,764 search-job-handler [INFO] Search task succeeded.
2026-02-03 03:30:55,764 search-job-handler [INFO] Search task succeeded.
2026-02-03 03:30:55,764 search-job-handler [INFO] Search task succeeded.
2026-02-03 03:30:55,764 search-job-handler [INFO] Search task succeeded.
2026-02-03 03:30:55,764 search-job-handler [INFO] Search task succeeded.
2026-02-03 03:30:55,764 search-job-handler [INFO] Search task succeeded.
2026-02-03 03:30:55,764 search-job-handler [INFO] Search task succeeded.
2026-02-03 03:30:55,764 search-job-handler [INFO] Search task succeeded.
2026-02-03 03:30:55,764 search-job-handler [INFO] Search task succeeded.
2026-02-03 03:30:55,764 search-job-handler [INFO] Search task succeeded.
2026-02-03 03:30:55,764 search-job-handler [INFO] Search task succeeded.
2026-02-03 03:30:55,764 search-job-handler [INFO] Search task succeeded.
2026-02-03 03:30:55,765 search-job-handler [INFO] Search task succeeded.
2026-02-03 03:30:55,765 search-job-handler [INFO] Search task succeeded.
2026-02-03 03:30:55,765 search-job-handler [INFO] Search task succeeded.
2026-02-03 03:30:55,765 search-job-handler [INFO] Search task succeeded.
2026-02-03 03:30:55,765 search-job-handler [INFO] Search task succeeded.
2026-02-03 03:30:55,765 search-job-handler [INFO] Search task succeeded.
2026-02-03 03:30:55,765 search-job-handler [INFO] Search task succeeded.
2026-02-03 03:30:55,765 search-job-handler [INFO] Search task succeeded.
2026-02-03 03:30:55,765 search-job-handler [INFO] Search task succeeded.
2026-02-03 03:30:55,765 search-job-handler [INFO] Search task succeeded.
2026-02-03 03:30:55,765 search-job-handler [INFO] Search task succeeded.
2026-02-03 03:30:55,765 search-job-handler [INFO] Search task succeeded.
2026-02-03 03:30:55,765 search-job-handler [INFO] Search task succeeded.
2026-02-03 03:30:55,766 search-job-handler [INFO] Search task succeeded.
2026-02-03 03:30:55,766 search-job-handler [INFO] Search task succeeded.
2026-02-03 03:30:55,766 search-job-handler [INFO] Search task succeeded.
2026-02-03 03:30:55,766 search-job-handler [INFO] Search task succeeded.
2026-02-03 03:30:55,766 search-job-handler [INFO] Search task succeeded.
2026-02-03 03:30:55,766 search-job-handler [INFO] Search task succeeded.
2026-02-03 03:30:55,766 search-job-handler [INFO] Search task succeeded.
2026-02-03 03:30:55,766 search-job-handler [INFO] Search task succeeded.
2026-02-03 03:30:55,766 search-job-handler [INFO] Search task succeeded.
2026-02-03 03:30:55,766 search-job-handler [INFO] Search task succeeded.
2026-02-03 03:30:55,766 search-job-handler [INFO] Search task succeeded.
2026-02-03 03:30:55,766 search-job-handler [INFO] Search task succeeded.
2026-02-03 03:30:55,766 search-job-handler [INFO] Search task succeeded.
2026-02-03 03:30:55,767 search-job-handler [INFO] Search task succeeded.
2026-02-03 03:30:55,767 search-job-handler [INFO] Search task succeeded.
2026-02-03 03:30:55,767 search-job-handler [INFO] Search task succeeded.
2026-02-03 03:30:55,767 search-job-handler [INFO] Search task succeeded.
2026-02-03 03:30:55,767 search-job-handler [INFO] Search task succeeded.
2026-02-03 03:30:55,767 search-job-handler [INFO] Search task succeeded.
2026-02-03 03:30:55,767 search-job-handler [INFO] Search task succeeded.
2026-02-03 03:30:55,767 search-job-handler [INFO] Search task succeeded.
2026-02-03 03:30:55,767 search-job-handler [INFO] Search task succeeded.
2026-02-03 03:30:55,767 search-job-handler [INFO] Search task succeeded.
2026-02-03 03:30:55,767 search-job-handler [INFO] Search task succeeded.
2026-02-03 03:30:55,767 search-job-handler [INFO] Search task succeeded.
2026-02-03 03:30:55,768 search-job-handler [INFO] Search task succeeded.
2026-02-03 03:30:55,768 search-job-handler [INFO] Search task succeeded.
2026-02-03 03:30:55,768 search-job-handler [INFO] Search task succeeded.
2026-02-03 03:30:55,768 search-job-handler [INFO] Search task succeeded.
2026-02-03 03:30:55,768 search-job-handler [INFO] Search task succeeded.
2026-02-03 03:30:55,768 search-job-handler [INFO] Search task succeeded.
2026-02-03 03:30:55,768 search-job-handler [INFO] Search task succeeded.
2026-02-03 03:30:55,768 search-job-handler [INFO] Search task succeeded.
2026-02-03 03:30:55,768 search-job-handler [INFO] Search task succeeded.
2026-02-03 03:30:55,768 search-job-handler [INFO] Search task succeeded.
2026-02-03 03:30:55,768 search-job-handler [INFO] Search task succeeded.
2026-02-03 03:30:55,768 search-job-handler [INFO] Search task succeeded.
2026-02-03 03:30:55,768 search-job-handler [INFO] Search task succeeded.
2026-02-03 03:30:55,768 search-job-handler [INFO] Search task succeeded.
2026-02-03 03:30:55,769 search-job-handler [INFO] Search task succeeded.
2026-02-03 03:30:55,769 search-job-handler [INFO] Search task succeeded.
2026-02-03 03:30:55,769 search-job-handler [INFO] Search task succeeded.
2026-02-03 03:30:55,769 search-job-handler [INFO] Search task succeeded.
2026-02-03 03:30:55,769 search-job-handler [INFO] Search task succeeded.
2026-02-03 03:30:55,769 search-job-handler [INFO] Search task succeeded.
2026-02-03 03:30:55,769 search-job-handler [INFO] Search task succeeded.
2026-02-03 03:30:55,769 search-job-handler [INFO] Search task succeeded.
2026-02-03 03:30:55,769 search-job-handler [INFO] Search task succeeded.
2026-02-03 03:30:55,769 search-job-handler [INFO] Search task succeeded.
2026-02-03 03:30:55,769 search-job-handler [INFO] Search task succeeded.
2026-02-03 03:30:55,769 search-job-handler [INFO] Search task succeeded.
2026-02-03 03:30:55,769 search-job-handler [INFO] Search task succeeded.
2026-02-03 03:30:55,770 search-job-handler [INFO] Search task succeeded.
2026-02-03 03:30:55,770 search-job-handler [INFO] Search task succeeded.
2026-02-03 03:30:55,770 search-job-handler [INFO] Search task succeeded.
2026-02-03 03:30:55,770 search-job-handler [INFO] Search task succeeded.
2026-02-03 03:30:55,770 search-job-handler [INFO] Search task succeeded.
2026-02-03 03:30:55,770 search-job-handler [INFO] Search task succeeded.
2026-02-03 03:30:55,770 search-job-handler [INFO] Search task succeeded.
2026-02-03 03:30:55,770 search-job-handler [INFO] Search task succeeded.
2026-02-03 03:30:55,770 search-job-handler [INFO] Search task succeeded.
2026-02-03 03:30:55,770 search-job-handler [INFO] Search task succeeded.
2026-02-03 03:30:55,770 search-job-handler [INFO] Search task succeeded.
2026-02-03 03:30:55,770 search-job-handler [INFO] Search task succeeded.
2026-02-03 03:30:55,770 search-job-handler [INFO] Search task succeeded.
2026-02-03 03:30:55,771 search-job-handler [INFO] Search task succeeded.
2026-02-03 03:30:55,771 search-job-handler [INFO] Search task succeeded.
2026-02-03 03:30:55,771 search-job-handler [INFO] Search task succeeded.
2026-02-03 03:30:55,771 search-job-handler [INFO] Search task succeeded.
2026-02-03 03:30:55,771 search-job-handler [INFO] Search task succeeded.
2026-02-03 03:30:55,771 search-job-handler [INFO] Search task succeeded.
2026-02-03 03:30:55,771 search-job-handler [INFO] Search task succeeded.
2026-02-03 03:30:55,771 search-job-handler [INFO] Search task succeeded.
2026-02-03 03:30:55,771 search-job-handler [INFO] Search task succeeded.
2026-02-03 03:30:55,771 search-job-handler [INFO] Search task succeeded.
2026-02-03 03:30:55,771 search-job-handler [INFO] Search task succeeded.
2026-02-03 03:30:55,771 search-job-handler [INFO] Search task succeeded.
2026-02-03 03:30:55,771 search-job-handler [INFO] Search task succeeded.
2026-02-03 03:30:55,772 search-job-handler [INFO] Search task succeeded.
2026-02-03 03:30:55,772 search-job-handler [INFO] Search task succeeded.
2026-02-03 03:30:55,772 search-job-handler [INFO] Search task succeeded.
2026-02-03 03:30:55,772 search-job-handler [INFO] Search task succeeded.
2026-02-03 03:30:55,772 search-job-handler [INFO] Search task succeeded.
2026-02-03 03:30:55,772 search-job-handler [INFO] Search task succeeded.
2026-02-03 03:30:55,772 search-job-handler [INFO] Search task succeeded.
2026-02-03 03:30:55,772 search-job-handler [INFO] Search task succeeded.
2026-02-03 03:30:55,772 search-job-handler [INFO] Search task succeeded.
2026-02-03 03:30:55,772 search-job-handler [INFO] Search task succeeded.
2026-02-03 03:30:55,772 search-job-handler [INFO] Search task succeeded.
2026-02-03 03:30:55,772 search-job-handler [INFO] Search task succeeded.
2026-02-03 03:30:55,772 search-job-handler [INFO] Search task succeeded.
2026-02-03 03:30:55,773 search-job-handler [INFO] Search task succeeded.
2026-02-03 03:30:55,773 search-job-handler [INFO] Search task succeeded.
2026-02-03 03:30:55,773 search-job-handler [INFO] Search task succeeded.
2026-02-03 03:30:55,773 search-job-handler [INFO] Search task succeeded.
2026-02-03 03:30:55,773 search-job-handler [INFO] Search task succeeded.
2026-02-03 03:30:55,773 search-job-handler [INFO] Search task succeeded.
2026-02-03 03:30:55,773 search-job-handler [INFO] Search task succeeded.
2026-02-03 03:30:55,773 search-job-handler [INFO] Search task succeeded.
2026-02-03 03:30:55,773 search-job-handler [INFO] Search task succeeded.
2026-02-03 03:30:55,773 search-job-handler [INFO] Search task succeeded.
2026-02-03 03:30:55,773 search-job-handler [INFO] Search task succeeded.
2026-02-03 03:30:55,773 search-job-handler [INFO] Search task succeeded.
2026-02-03 03:30:55,773 search-job-handler [INFO] Search task succeeded.
2026-02-03 03:30:55,774 search-job-handler [INFO] Search task succeeded.
2026-02-03 03:30:55,774 search-job-handler [INFO] Search task succeeded.
2026-02-03 03:30:55,774 search-job-handler [INFO] Search task succeeded.
2026-02-03 03:30:55,774 search-job-handler [INFO] Search task succeeded.
2026-02-03 03:30:55,774 search-job-handler [INFO] Search task succeeded.
2026-02-03 03:30:55,774 search-job-handler [INFO] Search task succeeded.
2026-02-03 03:30:55,774 search-job-handler [INFO] Search task succeeded.
2026-02-03 03:30:55,774 search-job-handler [INFO] Search task succeeded.
2026-02-03 03:30:55,774 search-job-handler [INFO] Search task succeeded.
2026-02-03 03:30:55,774 search-job-handler [INFO] Search task succeeded.
2026-02-03 03:30:55,774 search-job-handler [INFO] Search task succeeded.
2026-02-03 03:30:55,774 search-job-handler [INFO] Search task succeeded.
2026-02-03 03:30:55,775 search-job-handler [INFO] Search task succeeded.
2026-02-03 03:30:55,775 search-job-handler [INFO] Search task succeeded.
2026-02-03 03:30:55,775 search-job-handler [INFO] Search task succeeded.
2026-02-03 03:30:55,775 search-job-handler [INFO] Search task succeeded.
2026-02-03 03:30:55,775 search-job-handler [INFO] Search task succeeded.
2026-02-03 03:30:55,775 search-job-handler [INFO] Search task succeeded.
2026-02-03 03:30:55,775 search-job-handler [INFO] Search task succeeded.
2026-02-03 03:30:55,775 search-job-handler [INFO] Search task succeeded.
2026-02-03 03:30:55,775 search-job-handler [INFO] Search task succeeded.
2026-02-03 03:30:55,775 search-job-handler [INFO] Search task succeeded.
2026-02-03 03:30:55,775 search-job-handler [INFO] Search task succeeded.
2026-02-03 03:30:55,775 search-job-handler [INFO] Search task succeeded.
2026-02-03 03:30:55,775 search-job-handler [INFO] Search task succeeded.
2026-02-03 03:30:55,776 search-job-handler [INFO] Search task succeeded.
2026-02-03 03:30:55,776 search-job-handler [INFO] Search task succeeded.
2026-02-03 03:30:55,776 search-job-handler [INFO] Search task succeeded.
2026-02-03 03:30:55,776 search-job-handler [INFO] Search task succeeded.
2026-02-03 03:30:55,776 search-job-handler [INFO] Search task succeeded.
2026-02-03 03:30:55,776 search-job-handler [INFO] Search task succeeded.
2026-02-03 03:30:55,776 search-job-handler [INFO] Search task succeeded.
2026-02-03 03:30:55,776 search-job-handler [INFO] Search task succeeded.
2026-02-03 03:30:55,776 search-job-handler [INFO] Search task succeeded.
2026-02-03 03:30:55,776 search-job-handler [INFO] Search task succeeded.
2026-02-03 03:30:55,776 search-job-handler [INFO] Search task succeeded.
2026-02-03 03:30:55,776 search-job-handler [INFO] Search task succeeded.
2026-02-03 03:30:55,777 search-job-handler [INFO] Search task succeeded.
2026-02-03 03:30:55,777 search-job-handler [INFO] Search task succeeded.
2026-02-03 03:30:55,777 search-job-handler [INFO] Search task succeeded.
2026-02-03 03:30:55,777 search-job-handler [INFO] Search task succeeded.
2026-02-03 03:30:55,777 search-job-handler [INFO] Search task succeeded.
2026-02-03 03:30:55,777 search-job-handler [INFO] Search task succeeded.
2026-02-03 03:30:55,777 search-job-handler [INFO] Search task succeeded.
2026-02-03 03:30:55,777 search-job-handler [INFO] Search task succeeded.
2026-02-03 03:30:55,777 search-job-handler [INFO] Search task succeeded.
2026-02-03 03:30:55,777 search-job-handler [INFO] Search task succeeded.
2026-02-03 03:30:55,777 search-job-handler [INFO] Search task succeeded.
2026-02-03 03:30:55,777 search-job-handler [INFO] Search task succeeded.
2026-02-03 03:30:55,777 search-job-handler [INFO] Search task succeeded.
2026-02-03 03:30:55,778 search-job-handler [INFO] Search task succeeded.
2026-02-03 03:30:55,778 search-job-handler [INFO] Search task succeeded.
2026-02-03 03:30:55,778 search-job-handler [INFO] Search task succeeded.
2026-02-03 03:30:55,778 search-job-handler [INFO] Search task succeeded.
2026-02-03 03:30:55,778 search-job-handler [INFO] Search task succeeded.
2026-02-03 03:30:55,778 search-job-handler [INFO] Search task succeeded.
2026-02-03 03:30:55,778 search-job-handler [INFO] Search task succeeded.
2026-02-03 03:30:55,778 search-job-handler [INFO] Search task succeeded.
2026-02-03 03:30:55,778 search-job-handler [INFO] Search task succeeded.
2026-02-03 03:30:55,778 search-job-handler [INFO] Search task succeeded.
2026-02-03 03:30:55,778 search-job-handler [INFO] Search task succeeded.
2026-02-03 03:30:55,778 search-job-handler [INFO] Search task succeeded.
2026-02-03 03:30:55,778 search-job-handler [INFO] Search task succeeded.
2026-02-03 03:30:55,779 search-job-handler [INFO] Search task succeeded.
2026-02-03 03:30:55,779 search-job-handler [INFO] Search task succeeded.
2026-02-03 03:30:55,779 search-job-handler [INFO] Search task succeeded.
2026-02-03 03:30:55,779 search-job-handler [INFO] Search task succeeded.
2026-02-03 03:30:55,779 search-job-handler [INFO] Search task succeeded.
2026-02-03 03:30:55,779 search-job-handler [INFO] Search task succeeded.
2026-02-03 03:30:55,779 search-job-handler [INFO] Search task succeeded.
2026-02-03 03:30:55,779 search-job-handler [INFO] Search task succeeded.
2026-02-03 03:30:55,779 search-job-handler [INFO] Search task succeeded.
2026-02-03 03:30:55,779 search-job-handler [INFO] Search task succeeded.
2026-02-03 03:30:55,779 search-job-handler [INFO] Search task succeeded.
2026-02-03 03:30:55,779 search-job-handler [INFO] Search task succeeded.
2026-02-03 03:30:55,780 search-job-handler [INFO] Search task succeeded.
2026-02-03 03:30:55,780 search-job-handler [INFO] Search task succeeded.
2026-02-03 03:30:55,780 search-job-handler [INFO] Search task succeeded.
2026-02-03 03:30:55,780 search-job-handler [INFO] Search task succeeded.
2026-02-03 03:30:55,780 search-job-handler [INFO] Search task succeeded.
2026-02-03 03:30:55,780 search-job-handler [INFO] Search task succeeded.
2026-02-03 03:30:55,780 search-job-handler [INFO] Search task succeeded.
2026-02-03 03:30:55,780 search-job-handler [INFO] Search task succeeded.
2026-02-03 03:30:55,780 search-job-handler [INFO] Search task succeeded.
2026-02-03 03:30:55,780 search-job-handler [INFO] Search task succeeded.
2026-02-03 03:30:55,780 search-job-handler [INFO] Search task succeeded.
2026-02-03 03:30:55,780 search-job-handler [INFO] Search task succeeded.
2026-02-03 03:30:55,781 search-job-handler [INFO] Search task succeeded.
2026-02-03 03:30:55,781 search-job-handler [INFO] Search task succeeded.
2026-02-03 03:30:55,781 search-job-handler [INFO] Search task succeeded.
2026-02-03 03:30:55,781 search-job-handler [INFO] Search task succeeded.
2026-02-03 03:30:55,781 search-job-handler [INFO] Search task succeeded.
2026-02-03 03:30:55,781 search-job-handler [INFO] Search task succeeded.
2026-02-03 03:30:55,781 search-job-handler [INFO] Search task succeeded.
2026-02-03 03:30:55,781 search-job-handler [INFO] Search task succeeded.
2026-02-03 03:30:55,781 search-job-handler [INFO] Search task succeeded.
2026-02-03 03:30:55,781 search-job-handler [INFO] Search task succeeded.
2026-02-03 03:30:55,781 search-job-handler [INFO] Search task succeeded.
2026-02-03 03:30:55,781 search-job-handler [INFO] Search task succeeded.
2026-02-03 03:30:55,781 search-job-handler [INFO] Search task succeeded.
2026-02-03 03:30:55,782 search-job-handler [INFO] Search task succeeded.
2026-02-03 03:30:55,782 search-job-handler [INFO] Search task succeeded.
2026-02-03 03:30:55,782 search-job-handler [INFO] Search task succeeded.
2026-02-03 03:30:55,782 search-job-handler [INFO] Search task succeeded.
2026-02-03 03:30:55,782 search-job-handler [INFO] Search task succeeded.
2026-02-03 03:30:55,782 search-job-handler [INFO] Search task succeeded.
2026-02-03 03:30:55,782 search-job-handler [INFO] Search task succeeded.
2026-02-03 03:30:55,782 search-job-handler [INFO] Search task succeeded.
2026-02-03 03:30:55,782 search-job-handler [INFO] Search task succeeded.
2026-02-03 03:30:55,782 search-job-handler [INFO] Search task succeeded.
2026-02-03 03:30:55,782 search-job-handler [INFO] Search task succeeded.
2026-02-03 03:30:55,782 search-job-handler [INFO] Search task succeeded.
2026-02-03 03:30:55,782 search-job-handler [INFO] Search task succeeded.
2026-02-03 03:30:55,783 search-job-handler [INFO] Search task succeeded.
2026-02-03 03:30:55,783 search-job-handler [INFO] Search task succeeded.
2026-02-03 03:30:55,783 search-job-handler [INFO] Search task succeeded.
2026-02-03 03:30:55,783 search-job-handler [INFO] Search task succeeded.
2026-02-03 03:30:55,783 search-job-handler [INFO] Search task succeeded.
2026-02-03 03:30:55,783 search-job-handler [INFO] Search task succeeded.
2026-02-03 03:30:55,783 search-job-handler [INFO] Search task succeeded.
2026-02-03 03:30:55,783 search-job-handler [INFO] Search task succeeded.
2026-02-03 03:30:55,783 search-job-handler [INFO] Search task succeeded.
2026-02-03 03:30:55,783 search-job-handler [INFO] Search task succeeded.
2026-02-03 03:30:55,783 search-job-handler [INFO] Search task succeeded.
2026-02-03 03:30:55,783 search-job-handler [INFO] Search task succeeded.
2026-02-03 03:30:55,784 search-job-handler [INFO] Search task succeeded.
2026-02-03 03:30:55,784 search-job-handler [INFO] Search task succeeded.
2026-02-03 03:30:55,784 search-job-handler [INFO] Search task succeeded.
2026-02-03 03:30:55,784 search-job-handler [INFO] Search task succeeded.
2026-02-03 03:30:55,784 search-job-handler [INFO] Search task succeeded.
2026-02-03 03:30:55,784 search-job-handler [INFO] Search task succeeded.
2026-02-03 03:30:55,784 search-job-handler [INFO] Search task succeeded.
2026-02-03 03:30:55,784 search-job-handler [INFO] Search task succeeded.
2026-02-03 03:30:55,784 search-job-handler [INFO] Search task succeeded.
2026-02-03 03:30:55,784 search-job-handler [INFO] Search task succeeded.
2026-02-03 03:30:55,784 search-job-handler [INFO] Search task succeeded.
2026-02-03 03:30:55,784 search-job-handler [INFO] Search task succeeded.
2026-02-03 03:30:55,784 search-job-handler [INFO] Search task succeeded.
2026-02-03 03:30:55,785 search-job-handler [INFO] Search task succeeded.
2026-02-03 03:30:55,785 search-job-handler [INFO] Search task succeeded.
2026-02-03 03:30:55,785 search-job-handler [INFO] Search task succeeded.
2026-02-03 03:30:55,785 search-job-handler [INFO] Search task succeeded.
2026-02-03 03:30:55,785 search-job-handler [INFO] Search task succeeded.
2026-02-03 03:30:55,785 search-job-handler [INFO] Search task succeeded.
2026-02-03 03:30:55,785 search-job-handler [INFO] Search task succeeded.
2026-02-03 03:30:55,785 search-job-handler [INFO] Search task succeeded.
2026-02-03 03:30:55,785 search-job-handler [INFO] Search task succeeded.
2026-02-03 03:30:55,785 search-job-handler [INFO] Search task succeeded.
2026-02-03 03:30:55,785 search-job-handler [INFO] Search task succeeded.
2026-02-03 03:30:55,785 search-job-handler [INFO] Search task succeeded.
2026-02-03 03:30:55,785 search-job-handler [INFO] Search task succeeded.
2026-02-03 03:30:55,786 search-job-handler [INFO] Search task succeeded.
2026-02-03 03:30:55,786 search-job-handler [INFO] Search task succeeded.
2026-02-03 03:30:55,786 search-job-handler [INFO] Search task succeeded.
2026-02-03 03:30:55,786 search-job-handler [INFO] Search task succeeded.
2026-02-03 03:30:55,786 search-job-handler [INFO] Search task succeeded.
2026-02-03 03:30:55,786 search-job-handler [INFO] Search task succeeded.
2026-02-03 03:30:55,786 search-job-handler [INFO] Search task succeeded.
2026-02-03 03:30:55,786 search-job-handler [INFO] Search task succeeded.
2026-02-03 03:30:55,786 search-job-handler [INFO] Search task succeeded.
2026-02-03 03:30:55,786 search-job-handler [INFO] Search task succeeded.
2026-02-03 03:30:55,786 search-job-handler [INFO] Search task succeeded.
2026-02-03 03:30:55,786 search-job-handler [INFO] Search task succeeded.
2026-02-03 03:30:55,787 search-job-handler [INFO] Search task succeeded.
2026-02-03 03:30:55,787 search-job-handler [INFO] Search task succeeded.
2026-02-03 03:30:55,787 search-job-handler [INFO] Search task succeeded.
2026-02-03 03:30:55,787 search-job-handler [INFO] Search task succeeded.
2026-02-03 03:30:55,787 search-job-handler [INFO] Search task succeeded.
2026-02-03 03:30:55,787 search-job-handler [INFO] Search task succeeded.
2026-02-03 03:30:55,787 search-job-handler [INFO] Search task succeeded.
2026-02-03 03:30:55,787 search-job-handler [INFO] Search task succeeded.
2026-02-03 03:30:55,787 search-job-handler [INFO] Search task succeeded.
2026-02-03 03:30:55,787 search-job-handler [INFO] Search task succeeded.
2026-02-03 03:30:55,787 search-job-handler [INFO] Search task succeeded.
2026-02-03 03:30:55,787 search-job-handler [INFO] Search task succeeded.
2026-02-03 03:30:55,787 search-job-handler [INFO] Search task succeeded.
2026-02-03 03:30:55,788 search-job-handler [INFO] Search task succeeded.
2026-02-03 03:30:55,788 search-job-handler [INFO] Search task succeeded.
2026-02-03 03:30:55,788 search-job-handler [INFO] Search task succeeded.
2026-02-03 03:30:55,788 search-job-handler [INFO] Search task succeeded.
2026-02-03 03:30:55,788 search-job-handler [INFO] Search task succeeded.
2026-02-03 03:30:55,788 search-job-handler [INFO] Search task succeeded.
2026-02-03 03:30:55,788 search-job-handler [INFO] Search task succeeded.
2026-02-03 03:30:55,788 search-job-handler [INFO] Search task succeeded.
2026-02-03 03:30:55,796 search-job-handler [INFO] Completed job 5 at 2026-02-03T03:30:55.788697, total duration=79.36s.
2026-02-03 04:06:36,765 search-job-handler [INFO] Query scheduler using Spider.
2026-02-03 04:06:36,784 search-job-handler [INFO] Connected to archive database.
2026-02-03 04:06:36,784 search-job-handler [INFO] Query scheduler started.
2026-02-03 04:06:47,174 search-job-handler [INFO] Submitting Spider job 6 at 2026-02-03T04:06:47.174126 with 923 search tasks, aggregation=False
2026-02-03 04:06:49,524 search-job-handler [INFO] Submitted Spider job 6 at 2026-02-03T04:06:49.524068, submission took 2.350s
2026-02-03 04:06:49,588 search-job-handler [INFO] Dispatched search job 6 at 2026-02-03T04:06:49.527814 with 923 tasks.
2026-02-03 04:08:08,626 search-job-handler [INFO] Search task succeeded.
2026-02-03 04:08:08,626 search-job-handler [INFO] Search task succeeded.
2026-02-03 04:08:08,627 search-job-handler [INFO] Search task succeeded.
2026-02-03 04:08:08,627 search-job-handler [INFO] Search task succeeded.
2026-02-03 04:08:08,627 search-job-handler [INFO] Search task succeeded.
2026-02-03 04:08:08,627 search-job-handler [INFO] Search task succeeded.
2026-02-03 04:08:08,627 search-job-handler [INFO] Search task succeeded.
2026-02-03 04:08:08,627 search-job-handler [INFO] Search task succeeded.
2026-02-03 04:08:08,627 search-job-handler [INFO] Search task succeeded.
2026-02-03 04:08:08,627 search-job-handler [INFO] Search task succeeded.
2026-02-03 04:08:08,627 search-job-handler [INFO] Search task succeeded.
2026-02-03 04:08:08,627 search-job-handler [INFO] Search task succeeded.
2026-02-03 04:08:08,627 search-job-handler [INFO] Search task succeeded.
2026-02-03 04:08:08,627 search-job-handler [INFO] Search task succeeded.
2026-02-03 04:08:08,627 search-job-handler [INFO] Search task succeeded.
2026-02-03 04:08:08,627 search-job-handler [INFO] Search task succeeded.
2026-02-03 04:08:08,627 search-job-handler [INFO] Search task succeeded.
2026-02-03 04:08:08,628 search-job-handler [INFO] Search task succeeded.
2026-02-03 04:08:08,628 search-job-handler [INFO] Search task succeeded.
2026-02-03 04:08:08,628 search-job-handler [INFO] Search task succeeded.
2026-02-03 04:08:08,628 search-job-handler [INFO] Search task succeeded.
2026-02-03 04:08:08,628 search-job-handler [INFO] Search task succeeded.
2026-02-03 04:08:08,628 search-job-handler [INFO] Search task succeeded.
2026-02-03 04:08:08,628 search-job-handler [INFO] Search task succeeded.
2026-02-03 04:08:08,628 search-job-handler [INFO] Search task succeeded.
2026-02-03 04:08:08,628 search-job-handler [INFO] Search task succeeded.
2026-02-03 04:08:08,628 search-job-handler [INFO] Search task succeeded.
2026-02-03 04:08:08,628 search-job-handler [INFO] Search task succeeded.
2026-02-03 04:08:08,628 search-job-handler [INFO] Search task succeeded.
2026-02-03 04:08:08,628 search-job-handler [INFO] Search task succeeded.
2026-02-03 04:08:08,628 search-job-handler [INFO] Search task succeeded.
2026-02-03 04:08:08,628 search-job-handler [INFO] Search task succeeded.
2026-02-03 04:08:08,628 search-job-handler [INFO] Search task succeeded.
2026-02-03 04:08:08,628 search-job-handler [INFO] Search task succeeded.
2026-02-03 04:08:08,629 search-job-handler [INFO] Search task succeeded.
2026-02-03 04:08:08,629 search-job-handler [INFO] Search task succeeded.
2026-02-03 04:08:08,629 search-job-handler [INFO] Search task succeeded.
2026-02-03 04:08:08,629 search-job-handler [INFO] Search task succeeded.
2026-02-03 04:08:08,629 search-job-handler [INFO] Search task succeeded.
2026-02-03 04:08:08,629 search-job-handler [INFO] Search task succeeded.
2026-02-03 04:08:08,629 search-job-handler [INFO] Search task succeeded.
2026-02-03 04:08:08,629 search-job-handler [INFO] Search task succeeded.
2026-02-03 04:08:08,629 search-job-handler [INFO] Search task succeeded.
2026-02-03 04:08:08,629 search-job-handler [INFO] Search task succeeded.
2026-02-03 04:08:08,629 search-job-handler [INFO] Search task succeeded.
2026-02-03 04:08:08,629 search-job-handler [INFO] Search task succeeded.
2026-02-03 04:08:08,629 search-job-handler [INFO] Search task succeeded.
2026-02-03 04:08:08,629 search-job-handler [INFO] Search task succeeded.
2026-02-03 04:08:08,629 search-job-handler [INFO] Search task succeeded.
2026-02-03 04:08:08,629 search-job-handler [INFO] Search task succeeded.
2026-02-03 04:08:08,630 search-job-handler [INFO] Search task succeeded.
2026-02-03 04:08:08,630 search-job-handler [INFO] Search task succeeded.
2026-02-03 04:08:08,630 search-job-handler [INFO] Search task succeeded.
2026-02-03 04:08:08,630 search-job-handler [INFO] Search task succeeded.
2026-02-03 04:08:08,630 search-job-handler [INFO] Search task succeeded.
2026-02-03 04:08:08,630 search-job-handler [INFO] Search task succeeded.
2026-02-03 04:08:08,630 search-job-handler [INFO] Search task succeeded.
2026-02-03 04:08:08,630 search-job-handler [INFO] Search task succeeded.
2026-02-03 04:08:08,630 search-job-handler [INFO] Search task succeeded.
2026-02-03 04:08:08,630 search-job-handler [INFO] Search task succeeded.
2026-02-03 04:08:08,630 search-job-handler [INFO] Search task succeeded.
2026-02-03 04:08:08,630 search-job-handler [INFO] Search task succeeded.
2026-02-03 04:08:08,630 search-job-handler [INFO] Search task succeeded.
2026-02-03 04:08:08,630 search-job-handler [INFO] Search task succeeded.
2026-02-03 04:08:08,630 search-job-handler [INFO] Search task succeeded.
2026-02-03 04:08:08,630 search-job-handler [INFO] Search task succeeded.
2026-02-03 04:08:08,630 search-job-handler [INFO] Search task succeeded.
2026-02-03 04:08:08,631 search-job-handler [INFO] Search task succeeded.
2026-02-03 04:08:08,631 search-job-handler [INFO] Search task succeeded.
2026-02-03 04:08:08,631 search-job-handler [INFO] Search task succeeded.
2026-02-03 04:08:08,631 search-job-handler [INFO] Search task succeeded.
2026-02-03 04:08:08,631 search-job-handler [INFO] Search task succeeded.
2026-02-03 04:08:08,631 search-job-handler [INFO] Search task succeeded.
2026-02-03 04:08:08,631 search-job-handler [INFO] Search task succeeded.
2026-02-03 04:08:08,631 search-job-handler [INFO] Search task succeeded.
2026-02-03 04:08:08,631 search-job-handler [INFO] Search task succeeded.
2026-02-03 04:08:08,631 search-job-handler [INFO] Search task succeeded.
2026-02-03 04:08:08,631 search-job-handler [INFO] Search task succeeded.
2026-02-03 04:08:08,631 search-job-handler [INFO] Search task succeeded.
2026-02-03 04:08:08,631 search-job-handler [INFO] Search task succeeded.
2026-02-03 04:08:08,631 search-job-handler [INFO] Search task succeeded.
2026-02-03 04:08:08,631 search-job-handler [INFO] Search task succeeded.
2026-02-03 04:08:08,631 search-job-handler [INFO] Search task succeeded.
2026-02-03 04:08:08,632 search-job-handler [INFO] Search task succeeded.
2026-02-03 04:08:08,632 search-job-handler [INFO] Search task succeeded.
2026-02-03 04:08:08,632 search-job-handler [INFO] Search task succeeded.
2026-02-03 04:08:08,632 search-job-handler [INFO] Search task succeeded.
2026-02-03 04:08:08,632 search-job-handler [INFO] Search task succeeded.
2026-02-03 04:08:08,632 search-job-handler [INFO] Search task succeeded.
2026-02-03 04:08:08,632 search-job-handler [INFO] Search task succeeded.
2026-02-03 04:08:08,632 search-job-handler [INFO] Search task succeeded.
2026-02-03 04:08:08,632 search-job-handler [INFO] Search task succeeded.
2026-02-03 04:08:08,632 search-job-handler [INFO] Search task succeeded.
2026-02-03 04:08:08,632 search-job-handler [INFO] Search task succeeded.
2026-02-03 04:08:08,632 search-job-handler [INFO] Search task succeeded.
2026-02-03 04:08:08,632 search-job-handler [INFO] Search task succeeded.
2026-02-03 04:08:08,632 search-job-handler [INFO] Search task succeeded.
2026-02-03 04:08:08,632 search-job-handler [INFO] Search task succeeded.
2026-02-03 04:08:08,632 search-job-handler [INFO] Search task succeeded.
2026-02-03 04:08:08,633 search-job-handler [INFO] Search task succeeded.
2026-02-03 04:08:08,633 search-job-handler [INFO] Search task succeeded.
2026-02-03 04:08:08,633 search-job-handler [INFO] Search task succeeded.
2026-02-03 04:08:08,633 search-job-handler [INFO] Search task succeeded.
2026-02-03 04:08:08,633 search-job-handler [INFO] Search task succeeded.
2026-02-03 04:08:08,633 search-job-handler [INFO] Search task succeeded.
2026-02-03 04:08:08,633 search-job-handler [INFO] Search task succeeded.
2026-02-03 04:08:08,633 search-job-handler [INFO] Search task succeeded.
2026-02-03 04:08:08,633 search-job-handler [INFO] Search task succeeded.
2026-02-03 04:08:08,633 search-job-handler [INFO] Search task succeeded.
2026-02-03 04:08:08,633 search-job-handler [INFO] Search task succeeded.
2026-02-03 04:08:08,633 search-job-handler [INFO] Search task succeeded.
2026-02-03 04:08:08,633 search-job-handler [INFO] Search task succeeded.
2026-02-03 04:08:08,633 search-job-handler [INFO] Search task succeeded.
2026-02-03 04:08:08,633 search-job-handler [INFO] Search task succeeded.
2026-02-03 04:08:08,633 search-job-handler [INFO] Search task succeeded.
2026-02-03 04:08:08,633 search-job-handler [INFO] Search task succeeded.
2026-02-03 04:08:08,634 search-job-handler [INFO] Search task succeeded.
2026-02-03 04:08:08,634 search-job-handler [INFO] Search task succeeded.
2026-02-03 04:08:08,634 search-job-handler [INFO] Search task succeeded.
2026-02-03 04:08:08,634 search-job-handler [INFO] Search task succeeded.
2026-02-03 04:08:08,634 search-job-handler [INFO] Search task succeeded.
2026-02-03 04:08:08,634 search-job-handler [INFO] Search task succeeded.
2026-02-03 04:08:08,634 search-job-handler [INFO] Search task succeeded.
2026-02-03 04:08:08,634 search-job-handler [INFO] Search task succeeded.
2026-02-03 04:08:08,634 search-job-handler [INFO] Search task succeeded.
2026-02-03 04:08:08,634 search-job-handler [INFO] Search task succeeded.
2026-02-03 04:08:08,634 search-job-handler [INFO] Search task succeeded.
2026-02-03 04:08:08,634 search-job-handler [INFO] Search task succeeded.
2026-02-03 04:08:08,634 search-job-handler [INFO] Search task succeeded.
2026-02-03 04:08:08,634 search-job-handler [INFO] Search task succeeded.
2026-02-03 04:08:08,634 search-job-handler [INFO] Search task succeeded.
2026-02-03 04:08:08,634 search-job-handler [INFO] Search task succeeded.
2026-02-03 04:08:08,634 search-job-handler [INFO] Search task succeeded.
2026-02-03 04:08:08,635 search-job-handler [INFO] Search task succeeded.
2026-02-03 04:08:08,635 search-job-handler [INFO] Search task succeeded.
2026-02-03 04:08:08,635 search-job-handler [INFO] Search task succeeded.
2026-02-03 04:08:08,635 search-job-handler [INFO] Search task succeeded.
2026-02-03 04:08:08,635 search-job-handler [INFO] Search task succeeded.
2026-02-03 04:08:08,635 search-job-handler [INFO] Search task succeeded.
2026-02-03 04:08:08,635 search-job-handler [INFO] Search task succeeded.
2026-02-03 04:08:08,635 search-job-handler [INFO] Search task succeeded.
2026-02-03 04:08:08,635 search-job-handler [INFO] Search task succeeded.
2026-02-03 04:08:08,635 search-job-handler [INFO] Search task succeeded.
2026-02-03 04:08:08,635 search-job-handler [INFO] Search task succeeded.
2026-02-03 04:08:08,635 search-job-handler [INFO] Search task succeeded.
2026-02-03 04:08:08,635 search-job-handler [INFO] Search task succeeded.
2026-02-03 04:08:08,635 search-job-handler [INFO] Search task succeeded.
2026-02-03 04:08:08,635 search-job-handler [INFO] Search task succeeded.
2026-02-03 04:08:08,635 search-job-handler [INFO] Search task succeeded.
2026-02-03 04:08:08,636 search-job-handler [INFO] Search task succeeded.
2026-02-03 04:08:08,636 search-job-handler [INFO] Search task succeeded.
2026-02-03 04:08:08,636 search-job-handler [INFO] Search task succeeded.
2026-02-03 04:08:08,636 search-job-handler [INFO] Search task succeeded.
2026-02-03 04:08:08,636 search-job-handler [INFO] Search task succeeded.
2026-02-03 04:08:08,636 search-job-handler [INFO] Search task succeeded.
2026-02-03 04:08:08,636 search-job-handler [INFO] Search task succeeded.
2026-02-03 04:08:08,636 search-job-handler [INFO] Search task succeeded.
2026-02-03 04:08:08,636 search-job-handler [INFO] Search task succeeded.
2026-02-03 04:08:08,636 search-job-handler [INFO] Search task succeeded.
2026-02-03 04:08:08,636 search-job-handler [INFO] Search task succeeded.
2026-02-03 04:08:08,636 search-job-handler [INFO] Search task succeeded.
2026-02-03 04:08:08,636 search-job-handler [INFO] Search task succeeded.
2026-02-03 04:08:08,636 search-job-handler [INFO] Search task succeeded.
2026-02-03 04:08:08,636 search-job-handler [INFO] Search task succeeded.
2026-02-03 04:08:08,636 search-job-handler [INFO] Search task succeeded.
2026-02-03 04:08:08,637 search-job-handler [INFO] Search task succeeded.
2026-02-03 04:08:08,637 search-job-handler [INFO] Search task succeeded.
2026-02-03 04:08:08,637 search-job-handler [INFO] Search task succeeded.
2026-02-03 04:08:08,637 search-job-handler [INFO] Search task succeeded.
2026-02-03 04:08:08,637 search-job-handler [INFO] Search task succeeded.
2026-02-03 04:08:08,637 search-job-handler [INFO] Search task succeeded.
2026-02-03 04:08:08,637 search-job-handler [INFO] Search task succeeded.
2026-02-03 04:08:08,637 search-job-handler [INFO] Search task succeeded.
2026-02-03 04:08:08,637 search-job-handler [INFO] Search task succeeded.
2026-02-03 04:08:08,637 search-job-handler [INFO] Search task succeeded.
2026-02-03 04:08:08,637 search-job-handler [INFO] Search task succeeded.
2026-02-03 04:08:08,637 search-job-handler [INFO] Search task succeeded.
2026-02-03 04:08:08,637 search-job-handler [INFO] Search task succeeded.
2026-02-03 04:08:08,637 search-job-handler [INFO] Search task succeeded.
2026-02-03 04:08:08,637 search-job-handler [INFO] Search task succeeded.
2026-02-03 04:08:08,637 search-job-handler [INFO] Search task succeeded.
2026-02-03 04:08:08,637 search-job-handler [INFO] Search task succeeded.
2026-02-03 04:08:08,638 search-job-handler [INFO] Search task succeeded.
2026-02-03 04:08:08,638 search-job-handler [INFO] Search task succeeded.
2026-02-03 04:08:08,638 search-job-handler [INFO] Search task succeeded.
2026-02-03 04:08:08,638 search-job-handler [INFO] Search task succeeded.
2026-02-03 04:08:08,638 search-job-handler [INFO] Search task succeeded.
2026-02-03 04:08:08,638 search-job-handler [INFO] Search task succeeded.
2026-02-03 04:08:08,638 search-job-handler [INFO] Search task succeeded.
2026-02-03 04:08:08,638 search-job-handler [INFO] Search task succeeded.
2026-02-03 04:08:08,638 search-job-handler [INFO] Search task succeeded.
2026-02-03 04:08:08,638 search-job-handler [INFO] Search task succeeded.
2026-02-03 04:08:08,638 search-job-handler [INFO] Search task succeeded.
2026-02-03 04:08:08,638 search-job-handler [INFO] Search task succeeded.
2026-02-03 04:08:08,638 search-job-handler [INFO] Search task succeeded.
2026-02-03 04:08:08,638 search-job-handler [INFO] Search task succeeded.
2026-02-03 04:08:08,638 search-job-handler [INFO] Search task succeeded.
2026-02-03 04:08:08,638 search-job-handler [INFO] Search task succeeded.
2026-02-03 04:08:08,639 search-job-handler [INFO] Search task succeeded.
2026-02-03 04:08:08,639 search-job-handler [INFO] Search task succeeded.
2026-02-03 04:08:08,639 search-job-handler [INFO] Search task succeeded.
2026-02-03 04:08:08,639 search-job-handler [INFO] Search task succeeded.
2026-02-03 04:08:08,639 search-job-handler [INFO] Search task succeeded.
2026-02-03 04:08:08,639 search-job-handler [INFO] Search task succeeded.
2026-02-03 04:08:08,639 search-job-handler [INFO] Search task succeeded.
2026-02-03 04:08:08,639 search-job-handler [INFO] Search task succeeded.
2026-02-03 04:08:08,639 search-job-handler [INFO] Search task succeeded.
2026-02-03 04:08:08,639 search-job-handler [INFO] Search task succeeded.
2026-02-03 04:08:08,639 search-job-handler [INFO] Search task succeeded.
2026-02-03 04:08:08,639 search-job-handler [INFO] Search task succeeded.
2026-02-03 04:08:08,639 search-job-handler [INFO] Search task succeeded.
2026-02-03 04:08:08,639 search-job-handler [INFO] Search task succeeded.
2026-02-03 04:08:08,639 search-job-handler [INFO] Search task succeeded.
2026-02-03 04:08:08,639 search-job-handler [INFO] Search task succeeded.
2026-02-03 04:08:08,640 search-job-handler [INFO] Search task succeeded.
2026-02-03 04:08:08,640 search-job-handler [INFO] Search task succeeded.
2026-02-03 04:08:08,640 search-job-handler [INFO] Search task succeeded.
2026-02-03 04:08:08,640 search-job-handler [INFO] Search task succeeded.
2026-02-03 04:08:08,640 search-job-handler [INFO] Search task succeeded.
2026-02-03 04:08:08,640 search-job-handler [INFO] Search task succeeded.
2026-02-03 04:08:08,640 search-job-handler [INFO] Search task succeeded.
2026-02-03 04:08:08,640 search-job-handler [INFO] Search task succeeded.
2026-02-03 04:08:08,640 search-job-handler [INFO] Search task succeeded.
2026-02-03 04:08:08,640 search-job-handler [INFO] Search task succeeded.
2026-02-03 04:08:08,640 search-job-handler [INFO] Search task succeeded.
2026-02-03 04:08:08,640 search-job-handler [INFO] Search task succeeded.
2026-02-03 04:08:08,640 search-job-handler [INFO] Search task succeeded.
2026-02-03 04:08:08,640 search-job-handler [INFO] Search task succeeded.
2026-02-03 04:08:08,640 search-job-handler [INFO] Search task succeeded.
2026-02-03 04:08:08,640 search-job-handler [INFO] Search task succeeded.
2026-02-03 04:08:08,640 search-job-handler [INFO] Search task succeeded.
2026-02-03 04:08:08,641 search-job-handler [INFO] Search task succeeded.
2026-02-03 04:08:08,641 search-job-handler [INFO] Search task succeeded.
2026-02-03 04:08:08,641 search-job-handler [INFO] Search task succeeded.
2026-02-03 04:08:08,641 search-job-handler [INFO] Search task succeeded.
2026-02-03 04:08:08,641 search-job-handler [INFO] Search task succeeded.
2026-02-03 04:08:08,641 search-job-handler [INFO] Search task succeeded.
2026-02-03 04:08:08,641 search-job-handler [INFO] Search task succeeded.
2026-02-03 04:08:08,641 search-job-handler [INFO] Search task succeeded.
2026-02-03 04:08:08,641 search-job-handler [INFO] Search task succeeded.
2026-02-03 04:08:08,641 search-job-handler [INFO] Search task succeeded.
2026-02-03 04:08:08,641 search-job-handler [INFO] Search task succeeded.
2026-02-03 04:08:08,641 search-job-handler [INFO] Search task succeeded.
2026-02-03 04:08:08,641 search-job-handler [INFO] Search task succeeded.
2026-02-03 04:08:08,641 search-job-handler [INFO] Search task succeeded.
2026-02-03 04:08:08,641 search-job-handler [INFO] Search task succeeded.
2026-02-03 04:08:08,641 search-job-handler [INFO] Search task succeeded.
2026-02-03 04:08:08,641 search-job-handler [INFO] Search task succeeded.
2026-02-03 04:08:08,642 search-job-handler [INFO] Search task succeeded.
2026-02-03 04:08:08,642 search-job-handler [INFO] Search task succeeded.
2026-02-03 04:08:08,642 search-job-handler [INFO] Search task succeeded.
2026-02-03 04:08:08,642 search-job-handler [INFO] Search task succeeded.
2026-02-03 04:08:08,642 search-job-handler [INFO] Search task succeeded.
2026-02-03 04:08:08,642 search-job-handler [INFO] Search task succeeded.
2026-02-03 04:08:08,642 search-job-handler [INFO] Search task succeeded.
2026-02-03 04:08:08,642 search-job-handler [INFO] Search task succeeded.
2026-02-03 04:08:08,642 search-job-handler [INFO] Search task succeeded.
2026-02-03 04:08:08,642 search-job-handler [INFO] Search task succeeded.
2026-02-03 04:08:08,642 search-job-handler [INFO] Search task succeeded.
2026-02-03 04:08:08,642 search-job-handler [INFO] Search task succeeded.
2026-02-03 04:08:08,642 search-job-handler [INFO] Search task succeeded.
2026-02-03 04:08:08,642 search-job-handler [INFO] Search task succeeded.
2026-02-03 04:08:08,642 search-job-handler [INFO] Search task succeeded.
2026-02-03 04:08:08,642 search-job-handler [INFO] Search task succeeded.
2026-02-03 04:08:08,642 search-job-handler [INFO] Search task succeeded.
2026-02-03 04:08:08,643 search-job-handler [INFO] Search task succeeded.
2026-02-03 04:08:08,643 search-job-handler [INFO] Search task succeeded.
2026-02-03 04:08:08,643 search-job-handler [INFO] Search task succeeded.
2026-02-03 04:08:08,643 search-job-handler [INFO] Search task succeeded.
2026-02-03 04:08:08,643 search-job-handler [INFO] Search task succeeded.
2026-02-03 04:08:08,643 search-job-handler [INFO] Search task succeeded.
2026-02-03 04:08:08,643 search-job-handler [INFO] Search task succeeded.
2026-02-03 04:08:08,643 search-job-handler [INFO] Search task succeeded.
2026-02-03 04:08:08,643 search-job-handler [INFO] Search task succeeded.
2026-02-03 04:08:08,643 search-job-handler [INFO] Search task succeeded.
2026-02-03 04:08:08,643 search-job-handler [INFO] Search task succeeded.
2026-02-03 04:08:08,643 search-job-handler [INFO] Search task succeeded.
2026-02-03 04:08:08,643 search-job-handler [INFO] Search task succeeded.
2026-02-03 04:08:08,643 search-job-handler [INFO] Search task succeeded.
2026-02-03 04:08:08,643 search-job-handler [INFO] Search task succeeded.
2026-02-03 04:08:08,643 search-job-handler [INFO] Search task succeeded.
2026-02-03 04:08:08,644 search-job-handler [INFO] Search task succeeded.
2026-02-03 04:08:08,644 search-job-handler [INFO] Search task succeeded.
2026-02-03 04:08:08,644 search-job-handler [INFO] Search task succeeded.
2026-02-03 04:08:08,644 search-job-handler [INFO] Search task succeeded.
2026-02-03 04:08:08,644 search-job-handler [INFO] Search task succeeded.
2026-02-03 04:08:08,644 search-job-handler [INFO] Search task succeeded.
2026-02-03 04:08:08,644 search-job-handler [INFO] Search task succeeded.
2026-02-03 04:08:08,644 search-job-handler [INFO] Search task succeeded.
2026-02-03 04:08:08,644 search-job-handler [INFO] Search task succeeded.
2026-02-03 04:08:08,644 search-job-handler [INFO] Search task succeeded.
2026-02-03 04:08:08,644 search-job-handler [INFO] Search task succeeded.
2026-02-03 04:08:08,644 search-job-handler [INFO] Search task succeeded.
2026-02-03 04:08:08,644 search-job-handler [INFO] Search task succeeded.
2026-02-03 04:08:08,644 search-job-handler [INFO] Search task succeeded.
2026-02-03 04:08:08,644 search-job-handler [INFO] Search task succeeded.
2026-02-03 04:08:08,644 search-job-handler [INFO] Search task succeeded.
2026-02-03 04:08:08,644 search-job-handler [INFO] Search task succeeded.
2026-02-03 04:08:08,645 search-job-handler [INFO] Search task succeeded.
2026-02-03 04:08:08,645 search-job-handler [INFO] Search task succeeded.
2026-02-03 04:08:08,645 search-job-handler [INFO] Search task succeeded.
2026-02-03 04:08:08,645 search-job-handler [INFO] Search task succeeded.
2026-02-03 04:08:08,645 search-job-handler [INFO] Search task succeeded.
2026-02-03 04:08:08,645 search-job-handler [INFO] Search task succeeded.
2026-02-03 04:08:08,645 search-job-handler [INFO] Search task succeeded.
2026-02-03 04:08:08,645 search-job-handler [INFO] Search task succeeded.
2026-02-03 04:08:08,645 search-job-handler [INFO] Search task succeeded.
2026-02-03 04:08:08,645 search-job-handler [INFO] Search task succeeded.
2026-02-03 04:08:08,645 search-job-handler [INFO] Search task succeeded.
2026-02-03 04:08:08,645 search-job-handler [INFO] Search task succeeded.
2026-02-03 04:08:08,645 search-job-handler [INFO] Search task succeeded.
2026-02-03 04:08:08,645 search-job-handler [INFO] Search task succeeded.
2026-02-03 04:08:08,645 search-job-handler [INFO] Search task succeeded.
2026-02-03 04:08:08,645 search-job-handler [INFO] Search task succeeded.
2026-02-03 04:08:08,646 search-job-handler [INFO] Search task succeeded.
2026-02-03 04:08:08,646 search-job-handler [INFO] Search task succeeded.
2026-02-03 04:08:08,646 search-job-handler [INFO] Search task succeeded.
2026-02-03 04:08:08,646 search-job-handler [INFO] Search task succeeded.
2026-02-03 04:08:08,646 search-job-handler [INFO] Search task succeeded.
2026-02-03 04:08:08,646 search-job-handler [INFO] Search task succeeded.
2026-02-03 04:08:08,646 search-job-handler [INFO] Search task succeeded.
2026-02-03 04:08:08,646 search-job-handler [INFO] Search task succeeded.
2026-02-03 04:08:08,646 search-job-handler [INFO] Search task succeeded.
2026-02-03 04:08:08,646 search-job-handler [INFO] Search task succeeded.
2026-02-03 04:08:08,646 search-job-handler [INFO] Search task succeeded.
2026-02-03 04:08:08,646 search-job-handler [INFO] Search task succeeded.
2026-02-03 04:08:08,646 search-job-handler [INFO] Search task succeeded.
2026-02-03 04:08:08,646 search-job-handler [INFO] Search task succeeded.
2026-02-03 04:08:08,646 search-job-handler [INFO] Search task succeeded.
2026-02-03 04:08:08,646 search-job-handler [INFO] Search task succeeded.
2026-02-03 04:08:08,646 search-job-handler [INFO] Search task succeeded.
2026-02-03 04:08:08,647 search-job-handler [INFO] Search task succeeded.
2026-02-03 04:08:08,647 search-job-handler [INFO] Search task succeeded.
2026-02-03 04:08:08,647 search-job-handler [INFO] Search task succeeded.
2026-02-03 04:08:08,647 search-job-handler [INFO] Search task succeeded.
2026-02-03 04:08:08,647 search-job-handler [INFO] Search task succeeded.
2026-02-03 04:08:08,647 search-job-handler [INFO] Search task succeeded.
2026-02-03 04:08:08,647 search-job-handler [INFO] Search task succeeded.
2026-02-03 04:08:08,647 search-job-handler [INFO] Search task succeeded.
2026-02-03 04:08:08,647 search-job-handler [INFO] Search task succeeded.
2026-02-03 04:08:08,647 search-job-handler [INFO] Search task succeeded.
2026-02-03 04:08:08,647 search-job-handler [INFO] Search task succeeded.
2026-02-03 04:08:08,647 search-job-handler [INFO] Search task succeeded.
2026-02-03 04:08:08,647 search-job-handler [INFO] Search task succeeded.
2026-02-03 04:08:08,647 search-job-handler [INFO] Search task succeeded.
2026-02-03 04:08:08,647 search-job-handler [INFO] Search task succeeded.
2026-02-03 04:08:08,647 search-job-handler [INFO] Search task succeeded.
2026-02-03 04:08:08,648 search-job-handler [INFO] Search task succeeded.
2026-02-03 04:08:08,648 search-job-handler [INFO] Search task succeeded.
2026-02-03 04:08:08,648 search-job-handler [INFO] Search task succeeded.
2026-02-03 04:08:08,648 search-job-handler [INFO] Search task succeeded.
2026-02-03 04:08:08,648 search-job-handler [INFO] Search task succeeded.
2026-02-03 04:08:08,648 search-job-handler [INFO] Search task succeeded.
2026-02-03 04:08:08,648 search-job-handler [INFO] Search task succeeded.
2026-02-03 04:08:08,648 search-job-handler [INFO] Search task succeeded.
2026-02-03 04:08:08,648 search-job-handler [INFO] Search task succeeded.
2026-02-03 04:08:08,648 search-job-handler [INFO] Search task succeeded.
2026-02-03 04:08:08,648 search-job-handler [INFO] Search task succeeded.
2026-02-03 04:08:08,648 search-job-handler [INFO] Search task succeeded.
2026-02-03 04:08:08,648 search-job-handler [INFO] Search task succeeded.
2026-02-03 04:08:08,648 search-job-handler [INFO] Search task succeeded.
2026-02-03 04:08:08,648 search-job-handler [INFO] Search task succeeded.
2026-02-03 04:08:08,648 search-job-handler [INFO] Search task succeeded.
2026-02-03 04:08:08,649 search-job-handler [INFO] Search task succeeded.
2026-02-03 04:08:08,649 search-job-handler [INFO] Search task succeeded.
2026-02-03 04:08:08,649 search-job-handler [INFO] Search task succeeded.
2026-02-03 04:08:08,649 search-job-handler [INFO] Search task succeeded.
2026-02-03 04:08:08,649 search-job-handler [INFO] Search task succeeded.
2026-02-03 04:08:08,649 search-job-handler [INFO] Search task succeeded.
2026-02-03 04:08:08,649 search-job-handler [INFO] Search task succeeded.
2026-02-03 04:08:08,649 search-job-handler [INFO] Search task succeeded.
2026-02-03 04:08:08,649 search-job-handler [INFO] Search task succeeded.
2026-02-03 04:08:08,649 search-job-handler [INFO] Search task succeeded.
2026-02-03 04:08:08,649 search-job-handler [INFO] Search task succeeded.
2026-02-03 04:08:08,649 search-job-handler [INFO] Search task succeeded.
2026-02-03 04:08:08,649 search-job-handler [INFO] Search task succeeded.
2026-02-03 04:08:08,649 search-job-handler [INFO] Search task succeeded.
2026-02-03 04:08:08,649 search-job-handler [INFO] Search task succeeded.
2026-02-03 04:08:08,649 search-job-handler [INFO] Search task succeeded.
2026-02-03 04:08:08,650 search-job-handler [INFO] Search task succeeded.
2026-02-03 04:08:08,650 search-job-handler [INFO] Search task succeeded.
2026-02-03 04:08:08,650 search-job-handler [INFO] Search task succeeded.
2026-02-03 04:08:08,650 search-job-handler [INFO] Search task succeeded.
2026-02-03 04:08:08,650 search-job-handler [INFO] Search task succeeded.
2026-02-03 04:08:08,650 search-job-handler [INFO] Search task succeeded.
2026-02-03 04:08:08,650 search-job-handler [INFO] Search task succeeded.
2026-02-03 04:08:08,650 search-job-handler [INFO] Search task succeeded.
2026-02-03 04:08:08,650 search-job-handler [INFO] Search task succeeded.
2026-02-03 04:08:08,650 search-job-handler [INFO] Search task succeeded.
2026-02-03 04:08:08,650 search-job-handler [INFO] Search task succeeded.
2026-02-03 04:08:08,650 search-job-handler [INFO] Search task succeeded.
2026-02-03 04:08:08,650 search-job-handler [INFO] Search task succeeded.
2026-02-03 04:08:08,650 search-job-handler [INFO] Search task succeeded.
2026-02-03 04:08:08,650 search-job-handler [INFO] Search task succeeded.
2026-02-03 04:08:08,650 search-job-handler [INFO] Search task succeeded.
2026-02-03 04:08:08,650 search-job-handler [INFO] Search task succeeded.
2026-02-03 04:08:08,651 search-job-handler [INFO] Search task succeeded.
2026-02-03 04:08:08,651 search-job-handler [INFO] Search task succeeded.
2026-02-03 04:08:08,651 search-job-handler [INFO] Search task succeeded.
2026-02-03 04:08:08,651 search-job-handler [INFO] Search task succeeded.
2026-02-03 04:08:08,651 search-job-handler [INFO] Search task succeeded.
2026-02-03 04:08:08,651 search-job-handler [INFO] Search task succeeded.
2026-02-03 04:08:08,651 search-job-handler [INFO] Search task succeeded.
2026-02-03 04:08:08,651 search-job-handler [INFO] Search task succeeded.
2026-02-03 04:08:08,651 search-job-handler [INFO] Search task succeeded.
2026-02-03 04:08:08,651 search-job-handler [INFO] Search task succeeded.
2026-02-03 04:08:08,651 search-job-handler [INFO] Search task succeeded.
2026-02-03 04:08:08,651 search-job-handler [INFO] Search task succeeded.
2026-02-03 04:08:08,651 search-job-handler [INFO] Search task succeeded.
2026-02-03 04:08:08,651 search-job-handler [INFO] Search task succeeded.
2026-02-03 04:08:08,651 search-job-handler [INFO] Search task succeeded.
2026-02-03 04:08:08,651 search-job-handler [INFO] Search task succeeded.
2026-02-03 04:08:08,652 search-job-handler [INFO] Search task succeeded.
2026-02-03 04:08:08,652 search-job-handler [INFO] Search task succeeded.
2026-02-03 04:08:08,652 search-job-handler [INFO] Search task succeeded.
2026-02-03 04:08:08,652 search-job-handler [INFO] Search task succeeded.
2026-02-03 04:08:08,652 search-job-handler [INFO] Search task succeeded.
2026-02-03 04:08:08,652 search-job-handler [INFO] Search task succeeded.
2026-02-03 04:08:08,652 search-job-handler [INFO] Search task succeeded.
2026-02-03 04:08:08,652 search-job-handler [INFO] Search task succeeded.
2026-02-03 04:08:08,652 search-job-handler [INFO] Search task succeeded.
2026-02-03 04:08:08,652 search-job-handler [INFO] Search task succeeded.
2026-02-03 04:08:08,652 search-job-handler [INFO] Search task succeeded.
2026-02-03 04:08:08,652 search-job-handler [INFO] Search task succeeded.
2026-02-03 04:08:08,652 search-job-handler [INFO] Search task succeeded.
2026-02-03 04:08:08,652 search-job-handler [INFO] Search task succeeded.
2026-02-03 04:08:08,652 search-job-handler [INFO] Search task succeeded.
2026-02-03 04:08:08,652 search-job-handler [INFO] Search task succeeded.
2026-02-03 04:08:08,652 search-job-handler [INFO] Search task succeeded.
2026-02-03 04:08:08,653 search-job-handler [INFO] Search task succeeded.
2026-02-03 04:08:08,653 search-job-handler [INFO] Search task succeeded.
2026-02-03 04:08:08,653 search-job-handler [INFO] Search task succeeded.
2026-02-03 04:08:08,653 search-job-handler [INFO] Search task succeeded.
2026-02-03 04:08:08,653 search-job-handler [INFO] Search task succeeded.
2026-02-03 04:08:08,653 search-job-handler [INFO] Search task succeeded.
2026-02-03 04:08:08,653 search-job-handler [INFO] Search task succeeded.
2026-02-03 04:08:08,653 search-job-handler [INFO] Search task succeeded.
2026-02-03 04:08:08,653 search-job-handler [INFO] Search task succeeded.
2026-02-03 04:08:08,653 search-job-handler [INFO] Search task succeeded.
2026-02-03 04:08:08,653 search-job-handler [INFO] Search task succeeded.
2026-02-03 04:08:08,653 search-job-handler [INFO] Search task succeeded.
2026-02-03 04:08:08,653 search-job-handler [INFO] Search task succeeded.
2026-02-03 04:08:08,653 search-job-handler [INFO] Search task succeeded.
2026-02-03 04:08:08,654 search-job-handler [INFO] Search task succeeded.
2026-02-03 04:08:08,654 search-job-handler [INFO] Search task succeeded.
2026-02-03 04:08:08,654 search-job-handler [INFO] Search task succeeded.
2026-02-03 04:08:08,654 search-job-handler [INFO] Search task succeeded.
2026-02-03 04:08:08,654 search-job-handler [INFO] Search task succeeded.
2026-02-03 04:08:08,654 search-job-handler [INFO] Search task succeeded.
2026-02-03 04:08:08,654 search-job-handler [INFO] Search task succeeded.
2026-02-03 04:08:08,654 search-job-handler [INFO] Search task succeeded.
2026-02-03 04:08:08,654 search-job-handler [INFO] Search task succeeded.
2026-02-03 04:08:08,654 search-job-handler [INFO] Search task succeeded.
2026-02-03 04:08:08,654 search-job-handler [INFO] Search task succeeded.
2026-02-03 04:08:08,654 search-job-handler [INFO] Search task succeeded.
2026-02-03 04:08:08,654 search-job-handler [INFO] Search task succeeded.
2026-02-03 04:08:08,654 search-job-handler [INFO] Search task succeeded.
2026-02-03 04:08:08,654 search-job-handler [INFO] Search task succeeded.
2026-02-03 04:08:08,654 search-job-handler [INFO] Search task succeeded.
2026-02-03 04:08:08,654 search-job-handler [INFO] Search task succeeded.
2026-02-03 04:08:08,655 search-job-handler [INFO] Search task succeeded.
2026-02-03 04:08:08,655 search-job-handler [INFO] Search task succeeded.
2026-02-03 04:08:08,655 search-job-handler [INFO] Search task succeeded.
2026-02-03 04:08:08,655 search-job-handler [INFO] Search task succeeded.
2026-02-03 04:08:08,655 search-job-handler [INFO] Search task succeeded.
2026-02-03 04:08:08,655 search-job-handler [INFO] Search task succeeded.
2026-02-03 04:08:08,655 search-job-handler [INFO] Search task succeeded.
2026-02-03 04:08:08,655 search-job-handler [INFO] Search task succeeded.
2026-02-03 04:08:08,655 search-job-handler [INFO] Search task succeeded.
2026-02-03 04:08:08,655 search-job-handler [INFO] Search task succeeded.
2026-02-03 04:08:08,655 search-job-handler [INFO] Search task succeeded.
2026-02-03 04:08:08,655 search-job-handler [INFO] Search task succeeded.
2026-02-03 04:08:08,655 search-job-handler [INFO] Search task succeeded.
2026-02-03 04:08:08,655 search-job-handler [INFO] Search task succeeded.
2026-02-03 04:08:08,655 search-job-handler [INFO] Search task succeeded.
2026-02-03 04:08:08,655 search-job-handler [INFO] Search task succeeded.
2026-02-03 04:08:08,656 search-job-handler [INFO] Search task succeeded.
2026-02-03 04:08:08,656 search-job-handler [INFO] Search task succeeded.
2026-02-03 04:08:08,656 search-job-handler [INFO] Search task succeeded.
2026-02-03 04:08:08,656 search-job-handler [INFO] Search task succeeded.
2026-02-03 04:08:08,656 search-job-handler [INFO] Search task succeeded.
2026-02-03 04:08:08,656 search-job-handler [INFO] Search task succeeded.
2026-02-03 04:08:08,656 search-job-handler [INFO] Search task succeeded.
2026-02-03 04:08:08,656 search-job-handler [INFO] Search task succeeded.
2026-02-03 04:08:08,656 search-job-handler [INFO] Search task succeeded.
2026-02-03 04:08:08,656 search-job-handler [INFO] Search task succeeded.
2026-02-03 04:08:08,656 search-job-handler [INFO] Search task succeeded.
2026-02-03 04:08:08,656 search-job-handler [INFO] Search task succeeded.
2026-02-03 04:08:08,656 search-job-handler [INFO] Search task succeeded.
2026-02-03 04:08:08,656 search-job-handler [INFO] Search task succeeded.
2026-02-03 04:08:08,656 search-job-handler [INFO] Search task succeeded.
2026-02-03 04:08:08,656 search-job-handler [INFO] Search task succeeded.
2026-02-03 04:08:08,656 search-job-handler [INFO] Search task succeeded.
2026-02-03 04:08:08,657 search-job-handler [INFO] Search task succeeded.
2026-02-03 04:08:08,657 search-job-handler [INFO] Search task succeeded.
2026-02-03 04:08:08,657 search-job-handler [INFO] Search task succeeded.
2026-02-03 04:08:08,657 search-job-handler [INFO] Search task succeeded.
2026-02-03 04:08:08,657 search-job-handler [INFO] Search task succeeded.
2026-02-03 04:08:08,657 search-job-handler [INFO] Search task succeeded.
2026-02-03 04:08:08,657 search-job-handler [INFO] Search task succeeded.
2026-02-03 04:08:08,657 search-job-handler [INFO] Search task succeeded.
2026-02-03 04:08:08,657 search-job-handler [INFO] Search task succeeded.
2026-02-03 04:08:08,657 search-job-handler [INFO] Search task succeeded.
2026-02-03 04:08:08,657 search-job-handler [INFO] Search task succeeded.
2026-02-03 04:08:08,657 search-job-handler [INFO] Search task succeeded.
2026-02-03 04:08:08,657 search-job-handler [INFO] Search task succeeded.
2026-02-03 04:08:08,657 search-job-handler [INFO] Search task succeeded.
2026-02-03 04:08:08,657 search-job-handler [INFO] Search task succeeded.
2026-02-03 04:08:08,657 search-job-handler [INFO] Search task succeeded.
2026-02-03 04:08:08,657 search-job-handler [INFO] Search task succeeded.
2026-02-03 04:08:08,657 search-job-handler [INFO] Search task succeeded.
2026-02-03 04:08:08,658 search-job-handler [INFO] Search task succeeded.
2026-02-03 04:08:08,658 search-job-handler [INFO] Search task succeeded.
2026-02-03 04:08:08,658 search-job-handler [INFO] Search task succeeded.
2026-02-03 04:08:08,658 search-job-handler [INFO] Search task succeeded.
2026-02-03 04:08:08,658 search-job-handler [INFO] Search task succeeded.
2026-02-03 04:08:08,658 search-job-handler [INFO] Search task succeeded.
2026-02-03 04:08:08,658 search-job-handler [INFO] Search task succeeded.
2026-02-03 04:08:08,658 search-job-handler [INFO] Search task succeeded.
2026-02-03 04:08:08,658 search-job-handler [INFO] Search task succeeded.
2026-02-03 04:08:08,658 search-job-handler [INFO] Search task succeeded.
2026-02-03 04:08:08,658 search-job-handler [INFO] Search task succeeded.
2026-02-03 04:08:08,658 search-job-handler [INFO] Search task succeeded.
2026-02-03 04:08:08,658 search-job-handler [INFO] Search task succeeded.
2026-02-03 04:08:08,658 search-job-handler [INFO] Search task succeeded.
2026-02-03 04:08:08,658 search-job-handler [INFO] Search task succeeded.
2026-02-03 04:08:08,658 search-job-handler [INFO] Search task succeeded.
2026-02-03 04:08:08,658 search-job-handler [INFO] Search task succeeded.
2026-02-03 04:08:08,659 search-job-handler [INFO] Search task succeeded.
2026-02-03 04:08:08,659 search-job-handler [INFO] Search task succeeded.
2026-02-03 04:08:08,659 search-job-handler [INFO] Search task succeeded.
2026-02-03 04:08:08,659 search-job-handler [INFO] Search task succeeded.
2026-02-03 04:08:08,659 search-job-handler [INFO] Search task succeeded.
2026-02-03 04:08:08,659 search-job-handler [INFO] Search task succeeded.
2026-02-03 04:08:08,659 search-job-handler [INFO] Search task succeeded.
2026-02-03 04:08:08,659 search-job-handler [INFO] Search task succeeded.
2026-02-03 04:08:08,659 search-job-handler [INFO] Search task succeeded.
2026-02-03 04:08:08,659 search-job-handler [INFO] Search task succeeded.
2026-02-03 04:08:08,659 search-job-handler [INFO] Search task succeeded.
2026-02-03 04:08:08,659 search-job-handler [INFO] Search task succeeded.
2026-02-03 04:08:08,659 search-job-handler [INFO] Search task succeeded.
2026-02-03 04:08:08,659 search-job-handler [INFO] Search task succeeded.
2026-02-03 04:08:08,659 search-job-handler [INFO] Search task succeeded.
2026-02-03 04:08:08,659 search-job-handler [INFO] Search task succeeded.
2026-02-03 04:08:08,660 search-job-handler [INFO] Search task succeeded.
2026-02-03 04:08:08,660 search-job-handler [INFO] Search task succeeded.
2026-02-03 04:08:08,660 search-job-handler [INFO] Search task succeeded.
2026-02-03 04:08:08,660 search-job-handler [INFO] Search task succeeded.
2026-02-03 04:08:08,660 search-job-handler [INFO] Search task succeeded.
2026-02-03 04:08:08,660 search-job-handler [INFO] Search task succeeded.
2026-02-03 04:08:08,660 search-job-handler [INFO] Search task succeeded.
2026-02-03 04:08:08,660 search-job-handler [INFO] Search task succeeded.
2026-02-03 04:08:08,660 search-job-handler [INFO] Search task succeeded.
2026-02-03 04:08:08,660 search-job-handler [INFO] Search task succeeded.
2026-02-03 04:08:08,660 search-job-handler [INFO] Search task succeeded.
2026-02-03 04:08:08,660 search-job-handler [INFO] Search task succeeded.
2026-02-03 04:08:08,660 search-job-handler [INFO] Search task succeeded.
2026-02-03 04:08:08,660 search-job-handler [INFO] Search task succeeded.
2026-02-03 04:08:08,660 search-job-handler [INFO] Search task succeeded.
2026-02-03 04:08:08,660 search-job-handler [INFO] Search task succeeded.
2026-02-03 04:08:08,660 search-job-handler [INFO] Search task succeeded.
2026-02-03 04:08:08,661 search-job-handler [INFO] Search task succeeded.
2026-02-03 04:08:08,661 search-job-handler [INFO] Search task succeeded.
2026-02-03 04:08:08,661 search-job-handler [INFO] Search task succeeded.
2026-02-03 04:08:08,661 search-job-handler [INFO] Search task succeeded.
2026-02-03 04:08:08,661 search-job-handler [INFO] Search task succeeded.
2026-02-03 04:08:08,661 search-job-handler [INFO] Search task succeeded.
2026-02-03 04:08:08,661 search-job-handler [INFO] Search task succeeded.
2026-02-03 04:08:08,661 search-job-handler [INFO] Search task succeeded.
2026-02-03 04:08:08,661 search-job-handler [INFO] Search task succeeded.
2026-02-03 04:08:08,661 search-job-handler [INFO] Search task succeeded.
2026-02-03 04:08:08,661 search-job-handler [INFO] Search task succeeded.
2026-02-03 04:08:08,661 search-job-handler [INFO] Search task succeeded.
2026-02-03 04:08:08,661 search-job-handler [INFO] Search task succeeded.
2026-02-03 04:08:08,661 search-job-handler [INFO] Search task succeeded.
2026-02-03 04:08:08,661 search-job-handler [INFO] Search task succeeded.
2026-02-03 04:08:08,661 search-job-handler [INFO] Search task succeeded.
2026-02-03 04:08:08,661 search-job-handler [INFO] Search task succeeded.
2026-02-03 04:08:08,662 search-job-handler [INFO] Search task succeeded.
2026-02-03 04:08:08,662 search-job-handler [INFO] Search task succeeded.
2026-02-03 04:08:08,662 search-job-handler [INFO] Search task succeeded.
2026-02-03 04:08:08,662 search-job-handler [INFO] Search task succeeded.
2026-02-03 04:08:08,662 search-job-handler [INFO] Search task succeeded.
2026-02-03 04:08:08,662 search-job-handler [INFO] Search task succeeded.
2026-02-03 04:08:08,662 search-job-handler [INFO] Search task succeeded.
2026-02-03 04:08:08,662 search-job-handler [INFO] Search task succeeded.
2026-02-03 04:08:08,662 search-job-handler [INFO] Search task succeeded.
2026-02-03 04:08:08,662 search-job-handler [INFO] Search task succeeded.
2026-02-03 04:08:08,662 search-job-handler [INFO] Search task succeeded.
2026-02-03 04:08:08,662 search-job-handler [INFO] Search task succeeded.
2026-02-03 04:08:08,662 search-job-handler [INFO] Search task succeeded.
2026-02-03 04:08:08,662 search-job-handler [INFO] Search task succeeded.
2026-02-03 04:08:08,662 search-job-handler [INFO] Search task succeeded.
2026-02-03 04:08:08,662 search-job-handler [INFO] Search task succeeded.
2026-02-03 04:08:08,663 search-job-handler [INFO] Search task succeeded.
2026-02-03 04:08:08,663 search-job-handler [INFO] Search task succeeded.
2026-02-03 04:08:08,663 search-job-handler [INFO] Search task succeeded.
2026-02-03 04:08:08,663 search-job-handler [INFO] Search task succeeded.
2026-02-03 04:08:08,663 search-job-handler [INFO] Search task succeeded.
2026-02-03 04:08:08,663 search-job-handler [INFO] Search task succeeded.
2026-02-03 04:08:08,663 search-job-handler [INFO] Search task succeeded.
2026-02-03 04:08:08,663 search-job-handler [INFO] Search task succeeded.
2026-02-03 04:08:08,663 search-job-handler [INFO] Search task succeeded.
2026-02-03 04:08:08,663 search-job-handler [INFO] Search task succeeded.
2026-02-03 04:08:08,663 search-job-handler [INFO] Search task succeeded.
2026-02-03 04:08:08,663 search-job-handler [INFO] Search task succeeded.
2026-02-03 04:08:08,663 search-job-handler [INFO] Search task succeeded.
2026-02-03 04:08:08,663 search-job-handler [INFO] Search task succeeded.
2026-02-03 04:08:08,663 search-job-handler [INFO] Search task succeeded.
2026-02-03 04:08:08,663 search-job-handler [INFO] Search task succeeded.
2026-02-03 04:08:08,664 search-job-handler [INFO] Search task succeeded.
2026-02-03 04:08:08,664 search-job-handler [INFO] Search task succeeded.
2026-02-03 04:08:08,664 search-job-handler [INFO] Search task succeeded.
2026-02-03 04:08:08,664 search-job-handler [INFO] Search task succeeded.
2026-02-03 04:08:08,664 search-job-handler [INFO] Search task succeeded.
2026-02-03 04:08:08,664 search-job-handler [INFO] Search task succeeded.
2026-02-03 04:08:08,664 search-job-handler [INFO] Search task succeeded.
2026-02-03 04:08:08,664 search-job-handler [INFO] Search task succeeded.
2026-02-03 04:08:08,664 search-job-handler [INFO] Search task succeeded.
2026-02-03 04:08:08,664 search-job-handler [INFO] Search task succeeded.
2026-02-03 04:08:08,664 search-job-handler [INFO] Search task succeeded.
2026-02-03 04:08:08,664 search-job-handler [INFO] Search task succeeded.
2026-02-03 04:08:08,664 search-job-handler [INFO] Search task succeeded.
2026-02-03 04:08:08,664 search-job-handler [INFO] Search task succeeded.
2026-02-03 04:08:08,664 search-job-handler [INFO] Search task succeeded.
2026-02-03 04:08:08,664 search-job-handler [INFO] Search task succeeded.
2026-02-03 04:08:08,664 search-job-handler [INFO] Search task succeeded.
2026-02-03 04:08:08,665 search-job-handler [INFO] Search task succeeded.
2026-02-03 04:08:08,665 search-job-handler [INFO] Search task succeeded.
2026-02-03 04:08:08,665 search-job-handler [INFO] Search task succeeded.
2026-02-03 04:08:08,665 search-job-handler [INFO] Search task succeeded.
2026-02-03 04:08:08,665 search-job-handler [INFO] Search task succeeded.
2026-02-03 04:08:08,665 search-job-handler [INFO] Search task succeeded.
2026-02-03 04:08:08,665 search-job-handler [INFO] Search task succeeded.
2026-02-03 04:08:08,665 search-job-handler [INFO] Search task succeeded.
2026-02-03 04:08:08,665 search-job-handler [INFO] Search task succeeded.
2026-02-03 04:08:08,665 search-job-handler [INFO] Search task succeeded.
2026-02-03 04:08:08,665 search-job-handler [INFO] Search task succeeded.
2026-02-03 04:08:08,665 search-job-handler [INFO] Search task succeeded.
2026-02-03 04:08:08,665 search-job-handler [INFO] Search task succeeded.
2026-02-03 04:08:08,665 search-job-handler [INFO] Search task succeeded.
2026-02-03 04:08:08,665 search-job-handler [INFO] Search task succeeded.
2026-02-03 04:08:08,665 search-job-handler [INFO] Search task succeeded.
2026-02-03 04:08:08,666 search-job-handler [INFO] Search task succeeded.
2026-02-03 04:08:08,666 search-job-handler [INFO] Search task succeeded.
2026-02-03 04:08:08,666 search-job-handler [INFO] Search task succeeded.
2026-02-03 04:08:08,666 search-job-handler [INFO] Search task succeeded.
2026-02-03 04:08:08,666 search-job-handler [INFO] Search task succeeded.
2026-02-03 04:08:08,666 search-job-handler [INFO] Search task succeeded.
2026-02-03 04:08:08,666 search-job-handler [INFO] Search task succeeded.
2026-02-03 04:08:08,666 search-job-handler [INFO] Search task succeeded.
2026-02-03 04:08:08,666 search-job-handler [INFO] Search task succeeded.
2026-02-03 04:08:08,666 search-job-handler [INFO] Search task succeeded.
2026-02-03 04:08:08,666 search-job-handler [INFO] Search task succeeded.
2026-02-03 04:08:08,666 search-job-handler [INFO] Search task succeeded.
2026-02-03 04:08:08,666 search-job-handler [INFO] Search task succeeded.
2026-02-03 04:08:08,666 search-job-handler [INFO] Search task succeeded.
2026-02-03 04:08:08,666 search-job-handler [INFO] Search task succeeded.
2026-02-03 04:08:08,666 search-job-handler [INFO] Search task succeeded.
2026-02-03 04:08:08,666 search-job-handler [INFO] Search task succeeded.
2026-02-03 04:08:08,667 search-job-handler [INFO] Search task succeeded.
2026-02-03 04:08:08,667 search-job-handler [INFO] Search task succeeded.
2026-02-03 04:08:08,667 search-job-handler [INFO] Search task succeeded.
2026-02-03 04:08:08,667 search-job-handler [INFO] Search task succeeded.
2026-02-03 04:08:08,667 search-job-handler [INFO] Search task succeeded.
2026-02-03 04:08:08,667 search-job-handler [INFO] Search task succeeded.
2026-02-03 04:08:08,667 search-job-handler [INFO] Search task succeeded.
2026-02-03 04:08:08,667 search-job-handler [INFO] Search task succeeded.
2026-02-03 04:08:08,667 search-job-handler [INFO] Search task succeeded.
2026-02-03 04:08:08,667 search-job-handler [INFO] Search task succeeded.
2026-02-03 04:08:08,667 search-job-handler [INFO] Search task succeeded.
2026-02-03 04:08:08,667 search-job-handler [INFO] Search task succeeded.
2026-02-03 04:08:08,667 search-job-handler [INFO] Search task succeeded.
2026-02-03 04:08:08,667 search-job-handler [INFO] Search task succeeded.
2026-02-03 04:08:08,667 search-job-handler [INFO] Search task succeeded.
2026-02-03 04:08:08,667 search-job-handler [INFO] Search task succeeded.
2026-02-03 04:08:08,668 search-job-handler [INFO] Search task succeeded.
2026-02-03 04:08:08,668 search-job-handler [INFO] Search task succeeded.
2026-02-03 04:08:08,668 search-job-handler [INFO] Search task succeeded.
2026-02-03 04:08:08,668 search-job-handler [INFO] Search task succeeded.
2026-02-03 04:08:08,668 search-job-handler [INFO] Search task succeeded.
2026-02-03 04:08:08,668 search-job-handler [INFO] Search task succeeded.
2026-02-03 04:08:08,668 search-job-handler [INFO] Search task succeeded.
2026-02-03 04:08:08,668 search-job-handler [INFO] Search task succeeded.
2026-02-03 04:08:08,668 search-job-handler [INFO] Search task succeeded.
2026-02-03 04:08:08,668 search-job-handler [INFO] Search task succeeded.
2026-02-03 04:08:08,668 search-job-handler [INFO] Search task succeeded.
2026-02-03 04:08:08,668 search-job-handler [INFO] Search task succeeded.
2026-02-03 04:08:08,668 search-job-handler [INFO] Search task succeeded.
2026-02-03 04:08:08,668 search-job-handler [INFO] Search task succeeded.
2026-02-03 04:08:08,668 search-job-handler [INFO] Search task succeeded.
2026-02-03 04:08:08,668 search-job-handler [INFO] Search task succeeded.
2026-02-03 04:08:08,669 search-job-handler [INFO] Search task succeeded.
2026-02-03 04:08:08,669 search-job-handler [INFO] Search task succeeded.
2026-02-03 04:08:08,669 search-job-handler [INFO] Search task succeeded.
2026-02-03 04:08:08,669 search-job-handler [INFO] Search task succeeded.
2026-02-03 04:08:08,669 search-job-handler [INFO] Search task succeeded.
2026-02-03 04:08:08,669 search-job-handler [INFO] Search task succeeded.
2026-02-03 04:08:08,669 search-job-handler [INFO] Search task succeeded.
2026-02-03 04:08:08,669 search-job-handler [INFO] Search task succeeded.
2026-02-03 04:08:08,669 search-job-handler [INFO] Search task succeeded.
2026-02-03 04:08:08,669 search-job-handler [INFO] Search task succeeded.
2026-02-03 04:08:08,669 search-job-handler [INFO] Search task succeeded.
2026-02-03 04:08:08,669 search-job-handler [INFO] Search task succeeded.
2026-02-03 04:08:08,669 search-job-handler [INFO] Search task succeeded.
2026-02-03 04:08:08,669 search-job-handler [INFO] Search task succeeded.
2026-02-03 04:08:08,669 search-job-handler [INFO] Search task succeeded.
2026-02-03 04:08:08,669 search-job-handler [INFO] Search task succeeded.
2026-02-03 04:08:08,669 search-job-handler [INFO] Search task succeeded.
2026-02-03 04:08:08,670 search-job-handler [INFO] Search task succeeded.
2026-02-03 04:08:08,670 search-job-handler [INFO] Search task succeeded.
2026-02-03 04:08:08,670 search-job-handler [INFO] Search task succeeded.
2026-02-03 04:08:08,670 search-job-handler [INFO] Search task succeeded.
2026-02-03 04:08:08,670 search-job-handler [INFO] Search task succeeded.
2026-02-03 04:08:08,670 search-job-handler [INFO] Search task succeeded.
2026-02-03 04:08:08,670 search-job-handler [INFO] Search task succeeded.
2026-02-03 04:08:08,670 search-job-handler [INFO] Search task succeeded.
2026-02-03 04:08:08,670 search-job-handler [INFO] Search task succeeded.
2026-02-03 04:08:08,670 search-job-handler [INFO] Search task succeeded.
2026-02-03 04:08:08,670 search-job-handler [INFO] Search task succeeded.
2026-02-03 04:08:08,670 search-job-handler [INFO] Search task succeeded.
2026-02-03 04:08:08,670 search-job-handler [INFO] Search task succeeded.
2026-02-03 04:08:08,670 search-job-handler [INFO] Search task succeeded.
2026-02-03 04:08:08,670 search-job-handler [INFO] Search task succeeded.
2026-02-03 04:08:08,670 search-job-handler [INFO] Search task succeeded.
2026-02-03 04:08:08,671 search-job-handler [INFO] Search task succeeded.
2026-02-03 04:08:08,671 search-job-handler [INFO] Search task succeeded.
2026-02-03 04:08:08,671 search-job-handler [INFO] Search task succeeded.
2026-02-03 04:08:08,671 search-job-handler [INFO] Search task succeeded.
2026-02-03 04:08:08,671 search-job-handler [INFO] Search task succeeded.
2026-02-03 04:08:08,671 search-job-handler [INFO] Search task succeeded.
2026-02-03 04:08:08,671 search-job-handler [INFO] Search task succeeded.
2026-02-03 04:08:08,671 search-job-handler [INFO] Search task succeeded.
2026-02-03 04:08:08,671 search-job-handler [INFO] Search task succeeded.
2026-02-03 04:08:08,671 search-job-handler [INFO] Search task succeeded.
2026-02-03 04:08:08,671 search-job-handler [INFO] Search task succeeded.
2026-02-03 04:08:08,672 search-job-handler [INFO] Search task succeeded.
2026-02-03 04:08:08,672 search-job-handler [INFO] Search task succeeded.
2026-02-03 04:08:08,672 search-job-handler [INFO] Search task succeeded.
2026-02-03 04:08:08,672 search-job-handler [INFO] Search task succeeded.
2026-02-03 04:08:08,673 search-job-handler [INFO] Search task succeeded.
2026-02-03 04:08:08,673 search-job-handler [INFO] Search task succeeded.
2026-02-03 04:08:08,673 search-job-handler [INFO] Search task succeeded.
2026-02-03 04:08:08,673 search-job-handler [INFO] Search task succeeded.
2026-02-03 04:08:08,673 search-job-handler [INFO] Search task succeeded.
2026-02-03 04:08:08,673 search-job-handler [INFO] Search task succeeded.
2026-02-03 04:08:08,673 search-job-handler [INFO] Search task succeeded.
2026-02-03 04:08:08,673 search-job-handler [INFO] Search task succeeded.
2026-02-03 04:08:08,673 search-job-handler [INFO] Search task succeeded.
2026-02-03 04:08:08,673 search-job-handler [INFO] Search task succeeded.
2026-02-03 04:08:08,673 search-job-handler [INFO] Search task succeeded.
2026-02-03 04:08:08,673 search-job-handler [INFO] Search task succeeded.
2026-02-03 04:08:08,673 search-job-handler [INFO] Search task succeeded.
2026-02-03 04:08:08,673 search-job-handler [INFO] Search task succeeded.
2026-02-03 04:08:08,673 search-job-handler [INFO] Search task succeeded.
2026-02-03 04:08:08,673 search-job-handler [INFO] Search task succeeded.
2026-02-03 04:08:08,674 search-job-handler [INFO] Search task succeeded.
2026-02-03 04:08:08,674 search-job-handler [INFO] Search task succeeded.
2026-02-03 04:08:08,674 search-job-handler [INFO] Search task succeeded.
2026-02-03 04:08:08,674 search-job-handler [INFO] Search task succeeded.
2026-02-03 04:08:08,674 search-job-handler [INFO] Search task succeeded.
2026-02-03 04:08:08,674 search-job-handler [INFO] Search task succeeded.
2026-02-03 04:08:08,674 search-job-handler [INFO] Search task succeeded.
2026-02-03 04:08:08,674 search-job-handler [INFO] Search task succeeded.
2026-02-03 04:08:08,674 search-job-handler [INFO] Search task succeeded.
2026-02-03 04:08:08,674 search-job-handler [INFO] Search task succeeded.
2026-02-03 04:08:08,674 search-job-handler [INFO] Search task succeeded.
2026-02-03 04:08:08,674 search-job-handler [INFO] Search task succeeded.
2026-02-03 04:08:08,674 search-job-handler [INFO] Search task succeeded.
2026-02-03 04:08:08,674 search-job-handler [INFO] Search task succeeded.
2026-02-03 04:08:08,674 search-job-handler [INFO] Search task succeeded.
2026-02-03 04:08:08,674 search-job-handler [INFO] Search task succeeded.
2026-02-03 04:08:08,675 search-job-handler [INFO] Search task succeeded.
2026-02-03 04:08:08,675 search-job-handler [INFO] Search task succeeded.
2026-02-03 04:08:08,675 search-job-handler [INFO] Search task succeeded.
2026-02-03 04:08:08,675 search-job-handler [INFO] Search task succeeded.
2026-02-03 04:08:08,675 search-job-handler [INFO] Search task succeeded.
2026-02-03 04:08:08,675 search-job-handler [INFO] Search task succeeded.
2026-02-03 04:08:08,675 search-job-handler [INFO] Search task succeeded.
2026-02-03 04:08:08,675 search-job-handler [INFO] Search task succeeded.
2026-02-03 04:08:08,675 search-job-handler [INFO] Search task succeeded.
2026-02-03 04:08:08,675 search-job-handler [INFO] Search task succeeded.
2026-02-03 04:08:08,675 search-job-handler [INFO] Search task succeeded.
2026-02-03 04:08:08,675 search-job-handler [INFO] Search task succeeded.
2026-02-03 04:08:08,675 search-job-handler [INFO] Search task succeeded.
2026-02-03 04:08:08,675 search-job-handler [INFO] Search task succeeded.
2026-02-03 04:08:08,675 search-job-handler [INFO] Search task succeeded.
2026-02-03 04:08:08,675 search-job-handler [INFO] Search task succeeded.
2026-02-03 04:08:08,675 search-job-handler [INFO] Search task succeeded.
2026-02-03 04:08:08,676 search-job-handler [INFO] Search task succeeded.
2026-02-03 04:08:08,676 search-job-handler [INFO] Search task succeeded.
2026-02-03 04:08:08,676 search-job-handler [INFO] Search task succeeded.
2026-02-03 04:08:08,676 search-job-handler [INFO] Search task succeeded.
2026-02-03 04:08:08,676 search-job-handler [INFO] Search task succeeded.
2026-02-03 04:08:08,676 search-job-handler [INFO] Search task succeeded.
2026-02-03 04:08:08,676 search-job-handler [INFO] Search task succeeded.
2026-02-03 04:08:08,676 search-job-handler [INFO] Search task succeeded.
2026-02-03 04:08:08,676 search-job-handler [INFO] Search task succeeded.
2026-02-03 04:08:08,676 search-job-handler [INFO] Search task succeeded.
2026-02-03 04:08:08,676 search-job-handler [INFO] Search task succeeded.
2026-02-03 04:08:08,676 search-job-handler [INFO] Search task succeeded.
2026-02-03 04:08:08,676 search-job-handler [INFO] Search task succeeded.
2026-02-03 04:08:08,676 search-job-handler [INFO] Search task succeeded.
2026-02-03 04:08:08,676 search-job-handler [INFO] Search task succeeded.
2026-02-03 04:08:08,676 search-job-handler [INFO] Search task succeeded.
2026-02-03 04:08:08,677 search-job-handler [INFO] Search task succeeded.
2026-02-03 04:08:08,677 search-job-handler [INFO] Search task succeeded.
2026-02-03 04:08:08,677 search-job-handler [INFO] Search task succeeded.
2026-02-03 04:08:08,677 search-job-handler [INFO] Search task succeeded.
2026-02-03 04:08:08,677 search-job-handler [INFO] Search task succeeded.
2026-02-03 04:08:08,677 search-job-handler [INFO] Search task succeeded.
2026-02-03 04:08:08,677 search-job-handler [INFO] Search task succeeded.
2026-02-03 04:08:08,677 search-job-handler [INFO] Search task succeeded.
2026-02-03 04:08:08,677 search-job-handler [INFO] Search task succeeded.
2026-02-03 04:08:08,677 search-job-handler [INFO] Search task succeeded.
2026-02-03 04:08:08,677 search-job-handler [INFO] Search task succeeded.
2026-02-03 04:08:08,677 search-job-handler [INFO] Search task succeeded.
2026-02-03 04:08:08,677 search-job-handler [INFO] Search task succeeded.
2026-02-03 04:08:08,677 search-job-handler [INFO] Search task succeeded.
2026-02-03 04:08:08,677 search-job-handler [INFO] Search task succeeded.
2026-02-03 04:08:08,678 search-job-handler [INFO] Search task succeeded.
2026-02-03 04:08:08,678 search-job-handler [INFO] Search task succeeded.
2026-02-03 04:08:08,678 search-job-handler [INFO] Search task succeeded.
2026-02-03 04:08:08,678 search-job-handler [INFO] Search task succeeded.
2026-02-03 04:08:08,678 search-job-handler [INFO] Search task succeeded.
2026-02-03 04:08:08,678 search-job-handler [INFO] Search task succeeded.
2026-02-03 04:08:08,678 search-job-handler [INFO] Search task succeeded.
2026-02-03 04:08:08,678 search-job-handler [INFO] Search task succeeded.
2026-02-03 04:08:08,678 search-job-handler [INFO] Search task succeeded.
2026-02-03 04:08:08,678 search-job-handler [INFO] Search task succeeded.
2026-02-03 04:08:08,678 search-job-handler [INFO] Search task succeeded.
2026-02-03 04:08:08,678 search-job-handler [INFO] Search task succeeded.
2026-02-03 04:08:08,678 search-job-handler [INFO] Search task succeeded.
2026-02-03 04:08:08,678 search-job-handler [INFO] Search task succeeded.
2026-02-03 04:08:08,678 search-job-handler [INFO] Search task succeeded.
2026-02-03 04:08:08,678 search-job-handler [INFO] Search task succeeded.
2026-02-03 04:08:08,679 search-job-handler [INFO] Search task succeeded.
2026-02-03 04:08:08,679 search-job-handler [INFO] Search task succeeded.
2026-02-03 04:08:08,679 search-job-handler [INFO] Search task succeeded.
2026-02-03 04:08:08,679 search-job-handler [INFO] Search task succeeded.
2026-02-03 04:08:08,679 search-job-handler [INFO] Search task succeeded.
2026-02-03 04:08:08,679 search-job-handler [INFO] Search task succeeded.
2026-02-03 04:08:08,679 search-job-handler [INFO] Search task succeeded.
2026-02-03 04:08:08,679 search-job-handler [INFO] Search task succeeded.
2026-02-03 04:08:08,679 search-job-handler [INFO] Search task succeeded.
2026-02-03 04:08:08,679 search-job-handler [INFO] Search task succeeded.
2026-02-03 04:08:08,679 search-job-handler [INFO] Search task succeeded.
2026-02-03 04:08:08,679 search-job-handler [INFO] Search task succeeded.
2026-02-03 04:08:08,679 search-job-handler [INFO] Search task succeeded.
2026-02-03 04:08:08,679 search-job-handler [INFO] Search task succeeded.
2026-02-03 04:08:08,679 search-job-handler [INFO] Search task succeeded.
2026-02-03 04:08:08,679 search-job-handler [INFO] Search task succeeded.
2026-02-03 04:08:08,680 search-job-handler [INFO] Search task succeeded.
2026-02-03 04:08:08,680 search-job-handler [INFO] Search task succeeded.
2026-02-03 04:08:08,680 search-job-handler [INFO] Search task succeeded.
2026-02-03 04:08:08,680 search-job-handler [INFO] Search task succeeded.
2026-02-03 04:08:08,680 search-job-handler [INFO] Search task succeeded.
2026-02-03 04:08:08,680 search-job-handler [INFO] Search task succeeded.
2026-02-03 04:08:08,680 search-job-handler [INFO] Search task succeeded.
2026-02-03 04:08:08,680 search-job-handler [INFO] Search task succeeded.
2026-02-03 04:08:08,680 search-job-handler [INFO] Search task succeeded.
2026-02-03 04:08:08,680 search-job-handler [INFO] Search task succeeded.
2026-02-03 04:08:08,680 search-job-handler [INFO] Search task succeeded.
2026-02-03 04:08:08,680 search-job-handler [INFO] Search task succeeded.
2026-02-03 04:08:08,680 search-job-handler [INFO] Search task succeeded.
2026-02-03 04:08:08,680 search-job-handler [INFO] Search task succeeded.
2026-02-03 04:08:08,680 search-job-handler [INFO] Search task succeeded.
2026-02-03 04:08:08,680 search-job-handler [INFO] Search task succeeded.
2026-02-03 04:08:08,680 search-job-handler [INFO] Search task succeeded.
2026-02-03 04:08:08,681 search-job-handler [INFO] Search task succeeded.
2026-02-03 04:08:08,681 search-job-handler [INFO] Search task succeeded.
2026-02-03 04:08:08,681 search-job-handler [INFO] Search task succeeded.
2026-02-03 04:08:08,681 search-job-handler [INFO] Search task succeeded.
2026-02-03 04:08:08,681 search-job-handler [INFO] Search task succeeded.
2026-02-03 04:08:08,681 search-job-handler [INFO] Search task succeeded.
2026-02-03 04:08:08,681 search-job-handler [INFO] Search task succeeded.
2026-02-03 04:08:08,681 search-job-handler [INFO] Search task succeeded.
2026-02-03 04:08:08,681 search-job-handler [INFO] Search task succeeded.
2026-02-03 04:08:08,681 search-job-handler [INFO] Search task succeeded.
2026-02-03 04:08:08,681 search-job-handler [INFO] Search task succeeded.
2026-02-03 04:08:08,681 search-job-handler [INFO] Search task succeeded.
2026-02-03 04:08:08,681 search-job-handler [INFO] Search task succeeded.
2026-02-03 04:08:08,681 search-job-handler [INFO] Search task succeeded.
2026-02-03 04:08:08,681 search-job-handler [INFO] Search task succeeded.
2026-02-03 04:08:08,681 search-job-handler [INFO] Search task succeeded.
2026-02-03 04:08:08,682 search-job-handler [INFO] Search task succeeded.
2026-02-03 04:08:08,682 search-job-handler [INFO] Search task succeeded.
2026-02-03 04:08:08,682 search-job-handler [INFO] Search task succeeded.
2026-02-03 04:08:08,682 search-job-handler [INFO] Search task succeeded.
2026-02-03 04:08:08,682 search-job-handler [INFO] Search task succeeded.
2026-02-03 04:08:08,682 search-job-handler [INFO] Search task succeeded.
2026-02-03 04:08:08,682 search-job-handler [INFO] Search task succeeded.
2026-02-03 04:08:08,682 search-job-handler [INFO] Search task succeeded.
2026-02-03 04:08:08,682 search-job-handler [INFO] Search task succeeded.
2026-02-03 04:08:08,682 search-job-handler [INFO] Search task succeeded.
2026-02-03 04:08:08,682 search-job-handler [INFO] Search task succeeded.
2026-02-03 04:08:08,682 search-job-handler [INFO] Search task succeeded.
2026-02-03 04:08:08,682 search-job-handler [INFO] Search task succeeded.
2026-02-03 04:08:08,682 search-job-handler [INFO] Search task succeeded.
2026-02-03 04:08:08,682 search-job-handler [INFO] Search task succeeded.
2026-02-03 04:08:08,682 search-job-handler [INFO] Search task succeeded.
2026-02-03 04:08:08,682 search-job-handler [INFO] Search task succeeded.
2026-02-03 04:08:08,683 search-job-handler [INFO] Search task succeeded.
2026-02-03 04:08:08,683 search-job-handler [INFO] Search task succeeded.
2026-02-03 04:08:08,683 search-job-handler [INFO] Search task succeeded.
2026-02-03 04:08:08,683 search-job-handler [INFO] Search task succeeded.
2026-02-03 04:08:08,683 search-job-handler [INFO] Search task succeeded.
2026-02-03 04:08:08,683 search-job-handler [INFO] Search task succeeded.
2026-02-03 04:08:08,683 search-job-handler [INFO] Search task succeeded.
2026-02-03 04:08:08,683 search-job-handler [INFO] Search task succeeded.
2026-02-03 04:08:08,683 search-job-handler [INFO] Search task succeeded.
2026-02-03 04:08:08,683 search-job-handler [INFO] Search task succeeded.
2026-02-03 04:08:08,683 search-job-handler [INFO] Search task succeeded.
2026-02-03 04:08:08,683 search-job-handler [INFO] Search task succeeded.
2026-02-03 04:08:08,683 search-job-handler [INFO] Search task succeeded.
2026-02-03 04:08:08,683 search-job-handler [INFO] Search task succeeded.
2026-02-03 04:08:08,683 search-job-handler [INFO] Search task succeeded.
2026-02-03 04:08:08,683 search-job-handler [INFO] Search task succeeded.
2026-02-03 04:08:08,684 search-job-handler [INFO] Search task succeeded.
2026-02-03 04:08:08,684 search-job-handler [INFO] Search task succeeded.
2026-02-03 04:08:08,684 search-job-handler [INFO] Search task succeeded.
2026-02-03 04:08:08,684 search-job-handler [INFO] Search task succeeded.
2026-02-03 04:08:08,684 search-job-handler [INFO] Search task succeeded.
2026-02-03 04:08:08,694 search-job-handler [INFO] Completed job 6 at 2026-02-03T04:08:08.684346, total duration=79.16s.
2026-02-03 04:08:20,512 search-job-handler [INFO] Submitting Spider job 7 at 2026-02-03T04:08:20.512316 with 923 search tasks, aggregation=False
2026-02-03 04:08:22,116 search-job-handler [INFO] Submitted Spider job 7 at 2026-02-03T04:08:22.116372, submission took 1.604s
2026-02-03 04:08:22,131 search-job-handler [INFO] Dispatched search job 7 at 2026-02-03T04:08:22.119847 with 923 tasks.
2026-02-03 04:09:39,956 search-job-handler [INFO] Search task succeeded.
2026-02-03 04:09:39,956 search-job-handler [INFO] Search task succeeded.
2026-02-03 04:09:39,956 search-job-handler [INFO] Search task succeeded.
2026-02-03 04:09:39,956 search-job-handler [INFO] Search task succeeded.
2026-02-03 04:09:39,956 search-job-handler [INFO] Search task succeeded.
2026-02-03 04:09:39,956 search-job-handler [INFO] Search task succeeded.
2026-02-03 04:09:39,957 search-job-handler [INFO] Search task succeeded.
2026-02-03 04:09:39,957 search-job-handler [INFO] Search task succeeded.
2026-02-03 04:09:39,957 search-job-handler [INFO] Search task succeeded.
2026-02-03 04:09:39,957 search-job-handler [INFO] Search task succeeded.
2026-02-03 04:09:39,957 search-job-handler [INFO] Search task succeeded.
2026-02-03 04:09:39,957 search-job-handler [INFO] Search task succeeded.
2026-02-03 04:09:39,957 search-job-handler [INFO] Search task succeeded.
2026-02-03 04:09:39,957 search-job-handler [INFO] Search task succeeded.
2026-02-03 04:09:39,957 search-job-handler [INFO] Search task succeeded.
2026-02-03 04:09:39,957 search-job-handler [INFO] Search task succeeded.
2026-02-03 04:09:39,957 search-job-handler [INFO] Search task succeeded.
2026-02-03 04:09:39,957 search-job-handler [INFO] Search task succeeded.
2026-02-03 04:09:39,957 search-job-handler [INFO] Search task succeeded.
2026-02-03 04:09:39,957 search-job-handler [INFO] Search task succeeded.
2026-02-03 04:09:39,957 search-job-handler [INFO] Search task succeeded.
2026-02-03 04:09:39,957 search-job-handler [INFO] Search task succeeded.
2026-02-03 04:09:39,958 search-job-handler [INFO] Search task succeeded.
2026-02-03 04:09:39,958 search-job-handler [INFO] Search task succeeded.
2026-02-03 04:09:39,958 search-job-handler [INFO] Search task succeeded.
2026-02-03 04:09:39,958 search-job-handler [INFO] Search task succeeded.
2026-02-03 04:09:39,958 search-job-handler [INFO] Search task succeeded.
2026-02-03 04:09:39,958 search-job-handler [INFO] Search task succeeded.
2026-02-03 04:09:39,958 search-job-handler [INFO] Search task succeeded.
2026-02-03 04:09:39,958 search-job-handler [INFO] Search task succeeded.
2026-02-03 04:09:39,958 search-job-handler [INFO] Search task succeeded.
2026-02-03 04:09:39,958 search-job-handler [INFO] Search task succeeded.
2026-02-03 04:09:39,958 search-job-handler [INFO] Search task succeeded.
2026-02-03 04:09:39,958 search-job-handler [INFO] Search task succeeded.
2026-02-03 04:09:39,958 search-job-handler [INFO] Search task succeeded.
2026-02-03 04:09:39,958 search-job-handler [INFO] Search task succeeded.
2026-02-03 04:09:39,958 search-job-handler [INFO] Search task succeeded.
2026-02-03 04:09:39,958 search-job-handler [INFO] Search task succeeded.
2026-02-03 04:09:39,959 search-job-handler [INFO] Search task succeeded.
2026-02-03 04:09:39,959 search-job-handler [INFO] Search task succeeded.
2026-02-03 04:09:39,959 search-job-handler [INFO] Search task succeeded.
2026-02-03 04:09:39,959 search-job-handler [INFO] Search task succeeded.
2026-02-03 04:09:39,959 search-job-handler [INFO] Search task succeeded.
2026-02-03 04:09:39,959 search-job-handler [INFO] Search task succeeded.
2026-02-03 04:09:39,959 search-job-handler [INFO] Search task succeeded.
2026-02-03 04:09:39,959 search-job-handler [INFO] Search task succeeded.
2026-02-03 04:09:39,959 search-job-handler [INFO] Search task succeeded.
2026-02-03 04:09:39,959 search-job-handler [INFO] Search task succeeded.
2026-02-03 04:09:39,959 search-job-handler [INFO] Search task succeeded.
2026-02-03 04:09:39,959 search-job-handler [INFO] Search task succeeded.
2026-02-03 04:09:39,959 search-job-handler [INFO] Search task succeeded.
2026-02-03 04:09:39,959 search-job-handler [INFO] Search task succeeded.
2026-02-03 04:09:39,959 search-job-handler [INFO] Search task succeeded.
2026-02-03 04:09:39,959 search-job-handler [INFO] Search task succeeded.
2026-02-03 04:09:39,960 search-job-handler [INFO] Search task succeeded.
2026-02-03 04:09:39,960 search-job-handler [INFO] Search task succeeded.
2026-02-03 04:09:39,960 search-job-handler [INFO] Search task succeeded.
2026-02-03 04:09:39,960 search-job-handler [INFO] Search task succeeded.
2026-02-03 04:09:39,960 search-job-handler [INFO] Search task succeeded.
2026-02-03 04:09:39,960 search-job-handler [INFO] Search task succeeded.
2026-02-03 04:09:39,960 search-job-handler [INFO] Search task succeeded.
2026-02-03 04:09:39,960 search-job-handler [INFO] Search task succeeded.
2026-02-03 04:09:39,960 search-job-handler [INFO] Search task succeeded.
2026-02-03 04:09:39,960 search-job-handler [INFO] Search task succeeded.
2026-02-03 04:09:39,960 search-job-handler [INFO] Search task succeeded.
2026-02-03 04:09:39,960 search-job-handler [INFO] Search task succeeded.
2026-02-03 04:09:39,960 search-job-handler [INFO] Search task succeeded.
2026-02-03 04:09:39,960 search-job-handler [INFO] Search task succeeded.
2026-02-03 04:09:39,960 search-job-handler [INFO] Search task succeeded.
2026-02-03 04:09:39,960 search-job-handler [INFO] Search task succeeded.
2026-02-03 04:09:39,961 search-job-handler [INFO] Search task succeeded.
2026-02-03 04:09:39,961 search-job-handler [INFO] Search task succeeded.
2026-02-03 04:09:39,961 search-job-handler [INFO] Search task succeeded.
2026-02-03 04:09:39,961 search-job-handler [INFO] Search task succeeded.
2026-02-03 04:09:39,961 search-job-handler [INFO] Search task succeeded.
2026-02-03 04:09:39,961 search-job-handler [INFO] Search task succeeded.
2026-02-03 04:09:39,961 search-job-handler [INFO] Search task succeeded.
2026-02-03 04:09:39,961 search-job-handler [INFO] Search task succeeded.
2026-02-03 04:09:39,961 search-job-handler [INFO] Search task succeeded.
2026-02-03 04:09:39,961 search-job-handler [INFO] Search task succeeded.
2026-02-03 04:09:39,961 search-job-handler [INFO] Search task succeeded.
2026-02-03 04:09:39,961 search-job-handler [INFO] Search task succeeded.
2026-02-03 04:09:39,961 search-job-handler [INFO] Search task succeeded.
2026-02-03 04:09:39,961 search-job-handler [INFO] Search task succeeded.
2026-02-03 04:09:39,961 search-job-handler [INFO] Search task succeeded.
2026-02-03 04:09:39,962 search-job-handler [INFO] Search task succeeded.
2026-02-03 04:09:39,962 search-job-handler [INFO] Search task succeeded.
2026-02-03 04:09:39,962 search-job-handler [INFO] Search task succeeded.
2026-02-03 04:09:39,962 search-job-handler [INFO] Search task succeeded.
2026-02-03 04:09:39,962 search-job-handler [INFO] Search task succeeded.
2026-02-03 04:09:39,962 search-job-handler [INFO] Search task succeeded.
2026-02-03 04:09:39,962 search-job-handler [INFO] Search task succeeded.
2026-02-03 04:09:39,962 search-job-handler [INFO] Search task succeeded.
2026-02-03 04:09:39,962 search-job-handler [INFO] Search task succeeded.
2026-02-03 04:09:39,963 search-job-handler [INFO] Search task succeeded.
2026-02-03 04:09:39,963 search-job-handler [INFO] Search task succeeded.
2026-02-03 04:09:39,963 search-job-handler [INFO] Search task succeeded.
2026-02-03 04:09:39,963 search-job-handler [INFO] Search task succeeded.
2026-02-03 04:09:39,963 search-job-handler [INFO] Search task succeeded.
2026-02-03 04:09:39,963 search-job-handler [INFO] Search task succeeded.
2026-02-03 04:09:39,963 search-job-handler [INFO] Search task succeeded.
2026-02-03 04:09:39,963 search-job-handler [INFO] Search task succeeded.
2026-02-03 04:09:39,963 search-job-handler [INFO] Search task succeeded.
2026-02-03 04:09:39,963 search-job-handler [INFO] Search task succeeded.
2026-02-03 04:09:39,963 search-job-handler [INFO] Search task succeeded.
2026-02-03 04:09:39,963 search-job-handler [INFO] Search task succeeded.
2026-02-03 04:09:39,963 search-job-handler [INFO] Search task succeeded.
2026-02-03 04:09:39,963 search-job-handler [INFO] Search task succeeded.
2026-02-03 04:09:39,964 search-job-handler [INFO] Search task succeeded.
2026-02-03 04:09:39,964 search-job-handler [INFO] Search task succeeded.
2026-02-03 04:09:39,964 search-job-handler [INFO] Search task succeeded.
2026-02-03 04:09:39,964 search-job-handler [INFO] Search task succeeded.
2026-02-03 04:09:39,964 search-job-handler [INFO] Search task succeeded.
2026-02-03 04:09:39,964 search-job-handler [INFO] Search task succeeded.
2026-02-03 04:09:39,964 search-job-handler [INFO] Search task succeeded.
2026-02-03 04:09:39,964 search-job-handler [INFO] Search task succeeded.
2026-02-03 04:09:39,964 search-job-handler [INFO] Search task succeeded.
2026-02-03 04:09:39,964 search-job-handler [INFO] Search task succeeded.
2026-02-03 04:09:39,964 search-job-handler [INFO] Search task succeeded.
2026-02-03 04:09:39,964 search-job-handler [INFO] Search task succeeded.
2026-02-03 04:09:39,964 search-job-handler [INFO] Search task succeeded.
2026-02-03 04:09:39,964 search-job-handler [INFO] Search task succeeded.
2026-02-03 04:09:39,964 search-job-handler [INFO] Search task succeeded.
2026-02-03 04:09:39,964 search-job-handler [INFO] Search task succeeded.
2026-02-03 04:09:39,964 search-job-handler [INFO] Search task succeeded.
2026-02-03 04:09:39,965 search-job-handler [INFO] Search task succeeded.
2026-02-03 04:09:39,965 search-job-handler [INFO] Search task succeeded.
2026-02-03 04:09:39,965 search-job-handler [INFO] Search task succeeded.
2026-02-03 04:09:39,965 search-job-handler [INFO] Search task succeeded.
2026-02-03 04:09:39,965 search-job-handler [INFO] Search task succeeded.
2026-02-03 04:09:39,965 search-job-handler [INFO] Search task succeeded.
2026-02-03 04:09:39,965 search-job-handler [INFO] Search task succeeded.
2026-02-03 04:09:39,965 search-job-handler [INFO] Search task succeeded.
2026-02-03 04:09:39,965 search-job-handler [INFO] Search task succeeded.
2026-02-03 04:09:39,965 search-job-handler [INFO] Search task succeeded.
2026-02-03 04:09:39,965 search-job-handler [INFO] Search task succeeded.
2026-02-03 04:09:39,965 search-job-handler [INFO] Search task succeeded.
2026-02-03 04:09:39,965 search-job-handler [INFO] Search task succeeded.
2026-02-03 04:09:39,965 search-job-handler [INFO] Search task succeeded.
2026-02-03 04:09:39,965 search-job-handler [INFO] Search task succeeded.
2026-02-03 04:09:39,965 search-job-handler [INFO] Search task succeeded.
2026-02-03 04:09:39,966 search-job-handler [INFO] Search task succeeded.
2026-02-03 04:09:39,966 search-job-handler [INFO] Search task succeeded.
2026-02-03 04:09:39,966 search-job-handler [INFO] Search task succeeded.
2026-02-03 04:09:39,966 search-job-handler [INFO] Search task succeeded.
2026-02-03 04:09:39,966 search-job-handler [INFO] Search task succeeded.
2026-02-03 04:09:39,966 search-job-handler [INFO] Search task succeeded.
2026-02-03 04:09:39,966 search-job-handler [INFO] Search task succeeded.
2026-02-03 04:09:39,966 search-job-handler [INFO] Search task succeeded.
2026-02-03 04:09:39,966 search-job-handler [INFO] Search task succeeded.
2026-02-03 04:09:39,966 search-job-handler [INFO] Search task succeeded.
2026-02-03 04:09:39,966 search-job-handler [INFO] Search task succeeded.
2026-02-03 04:09:39,966 search-job-handler [INFO] Search task succeeded.
2026-02-03 04:09:39,966 search-job-handler [INFO] Search task succeeded.
2026-02-03 04:09:39,966 search-job-handler [INFO] Search task succeeded.
2026-02-03 04:09:39,966 search-job-handler [INFO] Search task succeeded.
2026-02-03 04:09:39,966 search-job-handler [INFO] Search task succeeded.
2026-02-03 04:09:39,966 search-job-handler [INFO] Search task succeeded.
2026-02-03 04:09:39,967 search-job-handler [INFO] Search task succeeded.
2026-02-03 04:09:39,967 search-job-handler [INFO] Search task succeeded.
2026-02-03 04:09:39,967 search-job-handler [INFO] Search task succeeded.
2026-02-03 04:09:39,967 search-job-handler [INFO] Search task succeeded.
2026-02-03 04:09:39,967 search-job-handler [INFO] Search task succeeded.
2026-02-03 04:09:39,967 search-job-handler [INFO] Search task succeeded.
2026-02-03 04:09:39,967 search-job-handler [INFO] Search task succeeded.
2026-02-03 04:09:39,967 search-job-handler [INFO] Search task succeeded.
2026-02-03 04:09:39,967 search-job-handler [INFO] Search task succeeded.
2026-02-03 04:09:39,967 search-job-handler [INFO] Search task succeeded.
2026-02-03 04:09:39,967 search-job-handler [INFO] Search task succeeded.
2026-02-03 04:09:39,967 search-job-handler [INFO] Search task succeeded.
2026-02-03 04:09:39,967 search-job-handler [INFO] Search task succeeded.
2026-02-03 04:09:39,967 search-job-handler [INFO] Search task succeeded.
2026-02-03 04:09:39,967 search-job-handler [INFO] Search task succeeded.
2026-02-03 04:09:39,967 search-job-handler [INFO] Search task succeeded.
2026-02-03 04:09:39,968 search-job-handler [INFO] Search task succeeded.
2026-02-03 04:09:39,968 search-job-handler [INFO] Search task succeeded.
2026-02-03 04:09:39,968 search-job-handler [INFO] Search task succeeded.
2026-02-03 04:09:39,968 search-job-handler [INFO] Search task succeeded.
2026-02-03 04:09:39,968 search-job-handler [INFO] Search task succeeded.
2026-02-03 04:09:39,968 search-job-handler [INFO] Search task succeeded.
2026-02-03 04:09:39,968 search-job-handler [INFO] Search task succeeded.
2026-02-03 04:09:39,968 search-job-handler [INFO] Search task succeeded.
2026-02-03 04:09:39,968 search-job-handler [INFO] Search task succeeded.
2026-02-03 04:09:39,968 search-job-handler [INFO] Search task succeeded.
2026-02-03 04:09:39,968 search-job-handler [INFO] Search task succeeded.
2026-02-03 04:09:39,968 search-job-handler [INFO] Search task succeeded.
2026-02-03 04:09:39,968 search-job-handler [INFO] Search task succeeded.
2026-02-03 04:09:39,968 search-job-handler [INFO] Search task succeeded.
2026-02-03 04:09:39,968 search-job-handler [INFO] Search task succeeded.
2026-02-03 04:09:39,968 search-job-handler [INFO] Search task succeeded.
2026-02-03 04:09:39,969 search-job-handler [INFO] Search task succeeded.
2026-02-03 04:09:39,969 search-job-handler [INFO] Search task succeeded.
2026-02-03 04:09:39,969 search-job-handler [INFO] Search task succeeded.
2026-02-03 04:09:39,969 search-job-handler [INFO] Search task succeeded.
2026-02-03 04:09:39,969 search-job-handler [INFO] Search task succeeded.
2026-02-03 04:09:39,969 search-job-handler [INFO] Search task succeeded.
2026-02-03 04:09:39,969 search-job-handler [INFO] Search task succeeded.
2026-02-03 04:09:39,969 search-job-handler [INFO] Search task succeeded.
2026-02-03 04:09:39,969 search-job-handler [INFO] Search task succeeded.
2026-02-03 04:09:39,969 search-job-handler [INFO] Search task succeeded.
2026-02-03 04:09:39,969 search-job-handler [INFO] Search task succeeded.
2026-02-03 04:09:39,969 search-job-handler [INFO] Search task succeeded.
2026-02-03 04:09:39,969 search-job-handler [INFO] Search task succeeded.
2026-02-03 04:09:39,969 search-job-handler [INFO] Search task succeeded.
2026-02-03 04:09:39,969 search-job-handler [INFO] Search task succeeded.
2026-02-03 04:09:39,969 search-job-handler [INFO] Search task succeeded.
2026-02-03 04:09:39,969 search-job-handler [INFO] Search task succeeded.
2026-02-03 04:09:39,970 search-job-handler [INFO] Search task succeeded.
2026-02-03 04:09:39,970 search-job-handler [INFO] Search task succeeded.
2026-02-03 04:09:39,970 search-job-handler [INFO] Search task succeeded.
2026-02-03 04:09:39,970 search-job-handler [INFO] Search task succeeded.
2026-02-03 04:09:39,970 search-job-handler [INFO] Search task succeeded.
2026-02-03 04:09:39,970 search-job-handler [INFO] Search task succeeded.
2026-02-03 04:09:39,970 search-job-handler [INFO] Search task succeeded.
2026-02-03 04:09:39,970 search-job-handler [INFO] Search task succeeded.
2026-02-03 04:09:39,970 search-job-handler [INFO] Search task succeeded.
2026-02-03 04:09:39,970 search-job-handler [INFO] Search task succeeded.
2026-02-03 04:09:39,970 search-job-handler [INFO] Search task succeeded.
2026-02-03 04:09:39,970 search-job-handler [INFO] Search task succeeded.
2026-02-03 04:09:39,970 search-job-handler [INFO] Search task succeeded.
2026-02-03 04:09:39,970 search-job-handler [INFO] Search task succeeded.
2026-02-03 04:09:39,970 search-job-handler [INFO] Search task succeeded.
2026-02-03 04:09:39,970 search-job-handler [INFO] Search task succeeded.
2026-02-03 04:09:39,970 search-job-handler [INFO] Search task succeeded.
2026-02-03 04:09:39,971 search-job-handler [INFO] Search task succeeded.
2026-02-03 04:09:39,971 search-job-handler [INFO] Search task succeeded.
2026-02-03 04:09:39,971 search-job-handler [INFO] Search task succeeded.
2026-02-03 04:09:39,971 search-job-handler [INFO] Search task succeeded.
2026-02-03 04:09:39,971 search-job-handler [INFO] Search task succeeded.
2026-02-03 04:09:39,971 search-job-handler [INFO] Search task succeeded.
2026-02-03 04:09:39,971 search-job-handler [INFO] Search task succeeded.
2026-02-03 04:09:39,971 search-job-handler [INFO] Search task succeeded.
2026-02-03 04:09:39,971 search-job-handler [INFO] Search task succeeded.
2026-02-03 04:09:39,971 search-job-handler [INFO] Search task succeeded.
2026-02-03 04:09:39,971 search-job-handler [INFO] Search task succeeded.
2026-02-03 04:09:39,971 search-job-handler [INFO] Search task succeeded.
2026-02-03 04:09:39,971 search-job-handler [INFO] Search task succeeded.
2026-02-03 04:09:39,971 search-job-handler [INFO] Search task succeeded.
2026-02-03 04:09:39,971 search-job-handler [INFO] Search task succeeded.
2026-02-03 04:09:39,972 search-job-handler [INFO] Search task succeeded.
2026-02-03 04:09:39,972 search-job-handler [INFO] Search task succeeded.
2026-02-03 04:09:39,972 search-job-handler [INFO] Search task succeeded.
2026-02-03 04:09:39,972 search-job-handler [INFO] Search task succeeded.
2026-02-03 04:09:39,972 search-job-handler [INFO] Search task succeeded.
2026-02-03 04:09:39,972 search-job-handler [INFO] Search task succeeded.
2026-02-03 04:09:39,972 search-job-handler [INFO] Search task succeeded.
2026-02-03 04:09:39,972 search-job-handler [INFO] Search task succeeded.
2026-02-03 04:09:39,972 search-job-handler [INFO] Search task succeeded.
2026-02-03 04:09:39,972 search-job-handler [INFO] Search task succeeded.
2026-02-03 04:09:39,972 search-job-handler [INFO] Search task succeeded.
2026-02-03 04:09:39,972 search-job-handler [INFO] Search task succeeded.
2026-02-03 04:09:39,972 search-job-handler [INFO] Search task succeeded.
2026-02-03 04:09:39,972 search-job-handler [INFO] Search task succeeded.
2026-02-03 04:09:39,972 search-job-handler [INFO] Search task succeeded.
2026-02-03 04:09:39,972 search-job-handler [INFO] Search task succeeded.
2026-02-03 04:09:39,972 search-job-handler [INFO] Search task succeeded.
2026-02-03 04:09:39,973 search-job-handler [INFO] Search task succeeded.
2026-02-03 04:09:39,973 search-job-handler [INFO] Search task succeeded.
2026-02-03 04:09:39,973 search-job-handler [INFO] Search task succeeded.
2026-02-03 04:09:39,973 search-job-handler [INFO] Search task succeeded.
2026-02-03 04:09:39,973 search-job-handler [INFO] Search task succeeded.
2026-02-03 04:09:39,973 search-job-handler [INFO] Search task succeeded.
2026-02-03 04:09:39,973 search-job-handler [INFO] Search task succeeded.
2026-02-03 04:09:39,973 search-job-handler [INFO] Search task succeeded.
2026-02-03 04:09:39,973 search-job-handler [INFO] Search task succeeded.
2026-02-03 04:09:39,973 search-job-handler [INFO] Search task succeeded.
2026-02-03 04:09:39,973 search-job-handler [INFO] Search task succeeded.
2026-02-03 04:09:39,974 search-job-handler [INFO] Search task succeeded.
2026-02-03 04:09:39,974 search-job-handler [INFO] Search task succeeded.
2026-02-03 04:09:39,974 search-job-handler [INFO] Search task succeeded.
2026-02-03 04:09:39,974 search-job-handler [INFO] Search task succeeded.
2026-02-03 04:09:39,974 search-job-handler [INFO] Search task succeeded.
2026-02-03 04:09:39,974 search-job-handler [INFO] Search task succeeded.
2026-02-03 04:09:39,974 search-job-handler [INFO] Search task succeeded.
2026-02-03 04:09:39,974 search-job-handler [INFO] Search task succeeded.
2026-02-03 04:09:39,974 search-job-handler [INFO] Search task succeeded.
2026-02-03 04:09:39,974 search-job-handler [INFO] Search task succeeded.
2026-02-03 04:09:39,974 search-job-handler [INFO] Search task succeeded.
2026-02-03 04:09:39,974 search-job-handler [INFO] Search task succeeded.
2026-02-03 04:09:39,975 search-job-handler [INFO] Search task succeeded.
2026-02-03 04:09:39,975 search-job-handler [INFO] Search task succeeded.
2026-02-03 04:09:39,975 search-job-handler [INFO] Search task succeeded.
2026-02-03 04:09:39,975 search-job-handler [INFO] Search task succeeded.
2026-02-03 04:09:39,975 search-job-handler [INFO] Search task succeeded.
2026-02-03 04:09:39,975 search-job-handler [INFO] Search task succeeded.
2026-02-03 04:09:39,975 search-job-handler [INFO] Search task succeeded.
2026-02-03 04:09:39,975 search-job-handler [INFO] Search task succeeded.
2026-02-03 04:09:39,975 search-job-handler [INFO] Search task succeeded.
2026-02-03 04:09:39,975 search-job-handler [INFO] Search task succeeded.
2026-02-03 04:09:39,975 search-job-handler [INFO] Search task succeeded.
2026-02-03 04:09:39,975 search-job-handler [INFO] Search task succeeded.
2026-02-03 04:09:39,975 search-job-handler [INFO] Search task succeeded.
2026-02-03 04:09:39,975 search-job-handler [INFO] Search task succeeded.
2026-02-03 04:09:39,975 search-job-handler [INFO] Search task succeeded.
2026-02-03 04:09:39,976 search-job-handler [INFO] Search task succeeded.
2026-02-03 04:09:39,976 search-job-handler [INFO] Search task succeeded.
2026-02-03 04:09:39,976 search-job-handler [INFO] Search task succeeded.
2026-02-03 04:09:39,976 search-job-handler [INFO] Search task succeeded.
2026-02-03 04:09:39,976 search-job-handler [INFO] Search task succeeded.
2026-02-03 04:09:39,976 search-job-handler [INFO] Search task succeeded.
2026-02-03 04:09:39,976 search-job-handler [INFO] Search task succeeded.
2026-02-03 04:09:39,976 search-job-handler [INFO] Search task succeeded.
2026-02-03 04:09:39,976 search-job-handler [INFO] Search task succeeded.
2026-02-03 04:09:39,976 search-job-handler [INFO] Search task succeeded.
2026-02-03 04:09:39,976 search-job-handler [INFO] Search task succeeded.
2026-02-03 04:09:39,976 search-job-handler [INFO] Search task succeeded.
2026-02-03 04:09:39,976 search-job-handler [INFO] Search task succeeded.
2026-02-03 04:09:39,976 search-job-handler [INFO] Search task succeeded.
2026-02-03 04:09:39,976 search-job-handler [INFO] Search task succeeded.
2026-02-03 04:09:39,977 search-job-handler [INFO] Search task succeeded.
2026-02-03 04:09:39,977 search-job-handler [INFO] Search task succeeded.
2026-02-03 04:09:39,977 search-job-handler [INFO] Search task succeeded.
2026-02-03 04:09:39,977 search-job-handler [INFO] Search task succeeded.
2026-02-03 04:09:39,977 search-job-handler [INFO] Search task succeeded.
2026-02-03 04:09:39,977 search-job-handler [INFO] Search task succeeded.
2026-02-03 04:09:39,977 search-job-handler [INFO] Search task succeeded.
2026-02-03 04:09:39,977 search-job-handler [INFO] Search task succeeded.
2026-02-03 04:09:39,977 search-job-handler [INFO] Search task succeeded.
2026-02-03 04:09:39,977 search-job-handler [INFO] Search task succeeded.
2026-02-03 04:09:39,977 search-job-handler [INFO] Search task succeeded.
2026-02-03 04:09:39,977 search-job-handler [INFO] Search task succeeded.
2026-02-03 04:09:39,978 search-job-handler [INFO] Search task succeeded.
2026-02-03 04:09:39,978 search-job-handler [INFO] Search task succeeded.
2026-02-03 04:09:39,978 search-job-handler [INFO] Search task succeeded.
2026-02-03 04:09:39,978 search-job-handler [INFO] Search task succeeded.
2026-02-03 04:09:39,978 search-job-handler [INFO] Search task succeeded.
2026-02-03 04:09:39,978 search-job-handler [INFO] Search task succeeded.
2026-02-03 04:09:39,978 search-job-handler [INFO] Search task succeeded.
2026-02-03 04:09:39,978 search-job-handler [INFO] Search task succeeded.
2026-02-03 04:09:39,978 search-job-handler [INFO] Search task succeeded.
2026-02-03 04:09:39,978 search-job-handler [INFO] Search task succeeded.
2026-02-03 04:09:39,978 search-job-handler [INFO] Search task succeeded.
2026-02-03 04:09:39,978 search-job-handler [INFO] Search task succeeded.
2026-02-03 04:09:39,978 search-job-handler [INFO] Search task succeeded.
2026-02-03 04:09:39,978 search-job-handler [INFO] Search task succeeded.
2026-02-03 04:09:39,978 search-job-handler [INFO] Search task succeeded.
2026-02-03 04:09:39,979 search-job-handler [INFO] Search task succeeded.
2026-02-03 04:09:39,979 search-job-handler [INFO] Search task succeeded.
2026-02-03 04:09:39,979 search-job-handler [INFO] Search task succeeded.
2026-02-03 04:09:39,979 search-job-handler [INFO] Search task succeeded.
2026-02-03 04:09:39,979 search-job-handler [INFO] Search task succeeded.
2026-02-03 04:09:39,979 search-job-handler [INFO] Search task succeeded.
2026-02-03 04:09:39,979 search-job-handler [INFO] Search task succeeded.
2026-02-03 04:09:39,979 search-job-handler [INFO] Search task succeeded.
2026-02-03 04:09:39,979 search-job-handler [INFO] Search task succeeded.
2026-02-03 04:09:39,979 search-job-handler [INFO] Search task succeeded.
2026-02-03 04:09:39,979 search-job-handler [INFO] Search task succeeded.
2026-02-03 04:09:39,979 search-job-handler [INFO] Search task succeeded.
2026-02-03 04:09:39,979 search-job-handler [INFO] Search task succeeded.
2026-02-03 04:09:39,979 search-job-handler [INFO] Search task succeeded.
2026-02-03 04:09:39,980 search-job-handler [INFO] Search task succeeded.
2026-02-03 04:09:39,980 search-job-handler [INFO] Search task succeeded.
2026-02-03 04:09:39,980 search-job-handler [INFO] Search task succeeded.
2026-02-03 04:09:39,980 search-job-handler [INFO] Search task succeeded.
2026-02-03 04:09:39,980 search-job-handler [INFO] Search task succeeded.
2026-02-03 04:09:39,980 search-job-handler [INFO] Search task succeeded.
2026-02-03 04:09:39,980 search-job-handler [INFO] Search task succeeded.
2026-02-03 04:09:39,980 search-job-handler [INFO] Search task succeeded.
2026-02-03 04:09:39,980 search-job-handler [INFO] Search task succeeded.
2026-02-03 04:09:39,980 search-job-handler [INFO] Search task succeeded.
2026-02-03 04:09:39,980 search-job-handler [INFO] Search task succeeded.
2026-02-03 04:09:39,980 search-job-handler [INFO] Search task succeeded.
2026-02-03 04:09:39,980 search-job-handler [INFO] Search task succeeded.
2026-02-03 04:09:39,980 search-job-handler [INFO] Search task succeeded.
2026-02-03 04:09:39,981 search-job-handler [INFO] Search task succeeded.
2026-02-03 04:09:39,981 search-job-handler [INFO] Search task succeeded.
2026-02-03 04:09:39,981 search-job-handler [INFO] Search task succeeded.
2026-02-03 04:09:39,981 search-job-handler [INFO] Search task succeeded.
2026-02-03 04:09:39,981 search-job-handler [INFO] Search task succeeded.
2026-02-03 04:09:39,981 search-job-handler [INFO] Search task succeeded.
2026-02-03 04:09:39,981 search-job-handler [INFO] Search task succeeded.
2026-02-03 04:09:39,981 search-job-handler [INFO] Search task succeeded.
2026-02-03 04:09:39,981 search-job-handler [INFO] Search task succeeded.
2026-02-03 04:09:39,981 search-job-handler [INFO] Search task succeeded.
2026-02-03 04:09:39,981 search-job-handler [INFO] Search task succeeded.
2026-02-03 04:09:39,981 search-job-handler [INFO] Search task succeeded.
2026-02-03 04:09:39,981 search-job-handler [INFO] Search task succeeded.
2026-02-03 04:09:39,981 search-job-handler [INFO] Search task succeeded.
2026-02-03 04:09:39,981 search-job-handler [INFO] Search task succeeded.
2026-02-03 04:09:39,981 search-job-handler [INFO] Search task succeeded.
2026-02-03 04:09:39,982 search-job-handler [INFO] Search task succeeded.
2026-02-03 04:09:39,982 search-job-handler [INFO] Search task succeeded.
2026-02-03 04:09:39,982 search-job-handler [INFO] Search task succeeded.
2026-02-03 04:09:39,982 search-job-handler [INFO] Search task succeeded.
2026-02-03 04:09:39,982 search-job-handler [INFO] Search task succeeded.
2026-02-03 04:09:39,982 search-job-handler [INFO] Search task succeeded.
2026-02-03 04:09:39,982 search-job-handler [INFO] Search task succeeded.
2026-02-03 04:09:39,982 search-job-handler [INFO] Search task succeeded.
2026-02-03 04:09:39,982 search-job-handler [INFO] Search task succeeded.
2026-02-03 04:09:39,982 search-job-handler [INFO] Search task succeeded.
2026-02-03 04:09:39,982 search-job-handler [INFO] Search task succeeded.
2026-02-03 04:09:39,982 search-job-handler [INFO] Search task succeeded.
2026-02-03 04:09:39,982 search-job-handler [INFO] Search task succeeded.
2026-02-03 04:09:39,982 search-job-handler [INFO] Search task succeeded.
2026-02-03 04:09:39,982 search-job-handler [INFO] Search task succeeded.
2026-02-03 04:09:39,982 search-job-handler [INFO] Search task succeeded.
2026-02-03 04:09:39,982 search-job-handler [INFO] Search task succeeded.
2026-02-03 04:09:39,983 search-job-handler [INFO] Search task succeeded.
2026-02-03 04:09:39,983 search-job-handler [INFO] Search task succeeded.
2026-02-03 04:09:39,983 search-job-handler [INFO] Search task succeeded.
2026-02-03 04:09:39,983 search-job-handler [INFO] Search task succeeded.
2026-02-03 04:09:39,983 search-job-handler [INFO] Search task succeeded.
2026-02-03 04:09:39,983 search-job-handler [INFO] Search task succeeded.
2026-02-03 04:09:39,983 search-job-handler [INFO] Search task succeeded.
2026-02-03 04:09:39,983 search-job-handler [INFO] Search task succeeded.
2026-02-03 04:09:39,983 search-job-handler [INFO] Search task succeeded.
2026-02-03 04:09:39,983 search-job-handler [INFO] Search task succeeded.
2026-02-03 04:09:39,983 search-job-handler [INFO] Search task succeeded.
2026-02-03 04:09:39,983 search-job-handler [INFO] Search task succeeded.
2026-02-03 04:09:39,983 search-job-handler [INFO] Search task succeeded.
2026-02-03 04:09:39,983 search-job-handler [INFO] Search task succeeded.
2026-02-03 04:09:39,983 search-job-handler [INFO] Search task succeeded.
2026-02-03 04:09:39,983 search-job-handler [INFO] Search task succeeded.
2026-02-03 04:09:39,984 search-job-handler [INFO] Search task succeeded.
2026-02-03 04:09:39,984 search-job-handler [INFO] Search task succeeded.
2026-02-03 04:09:39,984 search-job-handler [INFO] Search task succeeded.
2026-02-03 04:09:39,984 search-job-handler [INFO] Search task succeeded.
2026-02-03 04:09:39,984 search-job-handler [INFO] Search task succeeded.
2026-02-03 04:09:39,984 search-job-handler [INFO] Search task succeeded.
2026-02-03 04:09:39,984 search-job-handler [INFO] Search task succeeded.
2026-02-03 04:09:39,984 search-job-handler [INFO] Search task succeeded.
2026-02-03 04:09:39,984 search-job-handler [INFO] Search task succeeded.
2026-02-03 04:09:39,984 search-job-handler [INFO] Search task succeeded.
2026-02-03 04:09:39,984 search-job-handler [INFO] Search task succeeded.
2026-02-03 04:09:39,984 search-job-handler [INFO] Search task succeeded.
2026-02-03 04:09:39,984 search-job-handler [INFO] Search task succeeded.
2026-02-03 04:09:39,984 search-job-handler [INFO] Search task succeeded.
2026-02-03 04:09:39,984 search-job-handler [INFO] Search task succeeded.
2026-02-03 04:09:39,985 search-job-handler [INFO] Search task succeeded.
2026-02-03 04:09:39,985 search-job-handler [INFO] Search task succeeded.
2026-02-03 04:09:39,985 search-job-handler [INFO] Search task succeeded.
2026-02-03 04:09:39,985 search-job-handler [INFO] Search task succeeded.
2026-02-03 04:09:39,985 search-job-handler [INFO] Search task succeeded.
2026-02-03 04:09:39,985 search-job-handler [INFO] Search task succeeded.
2026-02-03 04:09:39,985 search-job-handler [INFO] Search task succeeded.
2026-02-03 04:09:39,985 search-job-handler [INFO] Search task succeeded.
2026-02-03 04:09:39,985 search-job-handler [INFO] Search task succeeded.
2026-02-03 04:09:39,985 search-job-handler [INFO] Search task succeeded.
2026-02-03 04:09:39,985 search-job-handler [INFO] Search task succeeded.
2026-02-03 04:09:39,986 search-job-handler [INFO] Search task succeeded.
2026-02-03 04:09:39,986 search-job-handler [INFO] Search task succeeded.
2026-02-03 04:09:39,986 search-job-handler [INFO] Search task succeeded.
2026-02-03 04:09:39,986 search-job-handler [INFO] Search task succeeded.
2026-02-03 04:09:39,986 search-job-handler [INFO] Search task succeeded.
2026-02-03 04:09:39,986 search-job-handler [INFO] Search task succeeded.
2026-02-03 04:09:39,986 search-job-handler [INFO] Search task succeeded.
2026-02-03 04:09:39,986 search-job-handler [INFO] Search task succeeded.
2026-02-03 04:09:39,986 search-job-handler [INFO] Search task succeeded.
2026-02-03 04:09:39,986 search-job-handler [INFO] Search task succeeded.
2026-02-03 04:09:39,986 search-job-handler [INFO] Search task succeeded.
2026-02-03 04:09:39,986 search-job-handler [INFO] Search task succeeded.
2026-02-03 04:09:39,987 search-job-handler [INFO] Search task succeeded.
2026-02-03 04:09:39,987 search-job-handler [INFO] Search task succeeded.
2026-02-03 04:09:39,987 search-job-handler [INFO] Search task succeeded.
2026-02-03 04:09:39,987 search-job-handler [INFO] Search task succeeded.
2026-02-03 04:09:39,987 search-job-handler [INFO] Search task succeeded.
2026-02-03 04:09:39,987 search-job-handler [INFO] Search task succeeded.
2026-02-03 04:09:39,987 search-job-handler [INFO] Search task succeeded.
2026-02-03 04:09:39,987 search-job-handler [INFO] Search task succeeded.
2026-02-03 04:09:39,987 search-job-handler [INFO] Search task succeeded.
2026-02-03 04:09:39,987 search-job-handler [INFO] Search task succeeded.
2026-02-03 04:09:39,987 search-job-handler [INFO] Search task succeeded.
2026-02-03 04:09:39,987 search-job-handler [INFO] Search task succeeded.
2026-02-03 04:09:39,988 search-job-handler [INFO] Search task succeeded.
2026-02-03 04:09:39,988 search-job-handler [INFO] Search task succeeded.
2026-02-03 04:09:39,988 search-job-handler [INFO] Search task succeeded.
2026-02-03 04:09:39,988 search-job-handler [INFO] Search task succeeded.
2026-02-03 04:09:39,988 search-job-handler [INFO] Search task succeeded.
2026-02-03 04:09:39,988 search-job-handler [INFO] Search task succeeded.
2026-02-03 04:09:39,988 search-job-handler [INFO] Search task succeeded.
2026-02-03 04:09:39,988 search-job-handler [INFO] Search task succeeded.
2026-02-03 04:09:39,988 search-job-handler [INFO] Search task succeeded.
2026-02-03 04:09:39,988 search-job-handler [INFO] Search task succeeded.
2026-02-03 04:09:39,988 search-job-handler [INFO] Search task succeeded.
2026-02-03 04:09:39,988 search-job-handler [INFO] Search task succeeded.
2026-02-03 04:09:39,989 search-job-handler [INFO] Search task succeeded.
2026-02-03 04:09:39,989 search-job-handler [INFO] Search task succeeded.
2026-02-03 04:09:39,989 search-job-handler [INFO] Search task succeeded.
2026-02-03 04:09:39,989 search-job-handler [INFO] Search task succeeded.
2026-02-03 04:09:39,989 search-job-handler [INFO] Search task succeeded.
2026-02-03 04:09:39,989 search-job-handler [INFO] Search task succeeded.
2026-02-03 04:09:39,989 search-job-handler [INFO] Search task succeeded.
2026-02-03 04:09:39,989 search-job-handler [INFO] Search task succeeded.
2026-02-03 04:09:39,989 search-job-handler [INFO] Search task succeeded.
2026-02-03 04:09:39,989 search-job-handler [INFO] Search task succeeded.
2026-02-03 04:09:39,989 search-job-handler [INFO] Search task succeeded.
2026-02-03 04:09:39,989 search-job-handler [INFO] Search task succeeded.
2026-02-03 04:09:39,990 search-job-handler [INFO] Search task succeeded.
2026-02-03 04:09:39,990 search-job-handler [INFO] Search task succeeded.
2026-02-03 04:09:39,990 search-job-handler [INFO] Search task succeeded.
2026-02-03 04:09:39,990 search-job-handler [INFO] Search task succeeded.
2026-02-03 04:09:39,990 search-job-handler [INFO] Search task succeeded.
2026-02-03 04:09:39,990 search-job-handler [INFO] Search task succeeded.
2026-02-03 04:09:39,990 search-job-handler [INFO] Search task succeeded.
2026-02-03 04:09:39,990 search-job-handler [INFO] Search task succeeded.
2026-02-03 04:09:39,990 search-job-handler [INFO] Search task succeeded.
2026-02-03 04:09:39,990 search-job-handler [INFO] Search task succeeded.
2026-02-03 04:09:39,990 search-job-handler [INFO] Search task succeeded.
2026-02-03 04:09:39,990 search-job-handler [INFO] Search task succeeded.
2026-02-03 04:09:39,991 search-job-handler [INFO] Search task succeeded.
2026-02-03 04:09:39,991 search-job-handler [INFO] Search task succeeded.
2026-02-03 04:09:39,991 search-job-handler [INFO] Search task succeeded.
2026-02-03 04:09:39,991 search-job-handler [INFO] Search task succeeded.
2026-02-03 04:09:39,991 search-job-handler [INFO] Search task succeeded.
2026-02-03 04:09:39,991 search-job-handler [INFO] Search task succeeded.
2026-02-03 04:09:39,991 search-job-handler [INFO] Search task succeeded.
2026-02-03 04:09:39,991 search-job-handler [INFO] Search task succeeded.
2026-02-03 04:09:39,991 search-job-handler [INFO] Search task succeeded.
2026-02-03 04:09:39,991 search-job-handler [INFO] Search task succeeded.
2026-02-03 04:09:39,991 search-job-handler [INFO] Search task succeeded.
2026-02-03 04:09:39,992 search-job-handler [INFO] Search task succeeded.
2026-02-03 04:09:39,992 search-job-handler [INFO] Search task succeeded.
2026-02-03 04:09:39,992 search-job-handler [INFO] Search task succeeded.
2026-02-03 04:09:39,992 search-job-handler [INFO] Search task succeeded.
2026-02-03 04:09:39,992 search-job-handler [INFO] Search task succeeded.
2026-02-03 04:09:39,992 search-job-handler [INFO] Search task succeeded.
2026-02-03 04:09:39,992 search-job-handler [INFO] Search task succeeded.
2026-02-03 04:09:39,992 search-job-handler [INFO] Search task succeeded.
2026-02-03 04:09:39,992 search-job-handler [INFO] Search task succeeded.
2026-02-03 04:09:39,992 search-job-handler [INFO] Search task succeeded.
2026-02-03 04:09:39,992 search-job-handler [INFO] Search task succeeded.
2026-02-03 04:09:39,992 search-job-handler [INFO] Search task succeeded.
2026-02-03 04:09:39,992 search-job-handler [INFO] Search task succeeded.
2026-02-03 04:09:39,993 search-job-handler [INFO] Search task succeeded.
2026-02-03 04:09:39,993 search-job-handler [INFO] Search task succeeded.
2026-02-03 04:09:39,993 search-job-handler [INFO] Search task succeeded.
2026-02-03 04:09:39,993 search-job-handler [INFO] Search task succeeded.
2026-02-03 04:09:39,993 search-job-handler [INFO] Search task succeeded.
2026-02-03 04:09:39,993 search-job-handler [INFO] Search task succeeded.
2026-02-03 04:09:39,993 search-job-handler [INFO] Search task succeeded.
2026-02-03 04:09:39,993 search-job-handler [INFO] Search task succeeded.
2026-02-03 04:09:39,993 search-job-handler [INFO] Search task succeeded.
2026-02-03 04:09:39,993 search-job-handler [INFO] Search task succeeded.
2026-02-03 04:09:39,993 search-job-handler [INFO] Search task succeeded.
2026-02-03 04:09:39,993 search-job-handler [INFO] Search task succeeded.
2026-02-03 04:09:39,994 search-job-handler [INFO] Search task succeeded.
2026-02-03 04:09:39,994 search-job-handler [INFO] Search task succeeded.
2026-02-03 04:09:39,994 search-job-handler [INFO] Search task succeeded.
2026-02-03 04:09:39,994 search-job-handler [INFO] Search task succeeded.
2026-02-03 04:09:39,994 search-job-handler [INFO] Search task succeeded.
2026-02-03 04:09:39,994 search-job-handler [INFO] Search task succeeded.
2026-02-03 04:09:39,994 search-job-handler [INFO] Search task succeeded.
2026-02-03 04:09:39,994 search-job-handler [INFO] Search task succeeded.
2026-02-03 04:09:39,994 search-job-handler [INFO] Search task succeeded.
2026-02-03 04:09:39,994 search-job-handler [INFO] Search task succeeded.
2026-02-03 04:09:39,994 search-job-handler [INFO] Search task succeeded.
2026-02-03 04:09:39,994 search-job-handler [INFO] Search task succeeded.
2026-02-03 04:09:39,995 search-job-handler [INFO] Search task succeeded.
2026-02-03 04:09:39,995 search-job-handler [INFO] Search task succeeded.
2026-02-03 04:09:39,995 search-job-handler [INFO] Search task succeeded.
2026-02-03 04:09:39,995 search-job-handler [INFO] Search task succeeded.
2026-02-03 04:09:39,995 search-job-handler [INFO] Search task succeeded.
2026-02-03 04:09:39,995 search-job-handler [INFO] Search task succeeded.
2026-02-03 04:09:39,995 search-job-handler [INFO] Search task succeeded.
2026-02-03 04:09:39,995 search-job-handler [INFO] Search task succeeded.
2026-02-03 04:09:39,995 search-job-handler [INFO] Search task succeeded.
2026-02-03 04:09:39,995 search-job-handler [INFO] Search task succeeded.
2026-02-03 04:09:39,995 search-job-handler [INFO] Search task succeeded.
2026-02-03 04:09:39,995 search-job-handler [INFO] Search task succeeded.
2026-02-03 04:09:39,996 search-job-handler [INFO] Search task succeeded.
2026-02-03 04:09:39,996 search-job-handler [INFO] Search task succeeded.
2026-02-03 04:09:39,996 search-job-handler [INFO] Search task succeeded.
2026-02-03 04:09:39,996 search-job-handler [INFO] Search task succeeded.
2026-02-03 04:09:39,996 search-job-handler [INFO] Search task succeeded.
2026-02-03 04:09:39,996 search-job-handler [INFO] Search task succeeded.
2026-02-03 04:09:39,996 search-job-handler [INFO] Search task succeeded.
2026-02-03 04:09:39,996 search-job-handler [INFO] Search task succeeded.
2026-02-03 04:09:39,996 search-job-handler [INFO] Search task succeeded.
2026-02-03 04:09:39,996 search-job-handler [INFO] Search task succeeded.
2026-02-03 04:09:39,996 search-job-handler [INFO] Search task succeeded.
2026-02-03 04:09:39,996 search-job-handler [INFO] Search task succeeded.
2026-02-03 04:09:39,996 search-job-handler [INFO] Search task succeeded.
2026-02-03 04:09:39,997 search-job-handler [INFO] Search task succeeded.
2026-02-03 04:09:39,997 search-job-handler [INFO] Search task succeeded.
2026-02-03 04:09:39,997 search-job-handler [INFO] Search task succeeded.
2026-02-03 04:09:39,997 search-job-handler [INFO] Search task succeeded.
2026-02-03 04:09:39,997 search-job-handler [INFO] Search task succeeded.
2026-02-03 04:09:39,997 search-job-handler [INFO] Search task succeeded.
2026-02-03 04:09:39,997 search-job-handler [INFO] Search task succeeded.
2026-02-03 04:09:39,997 search-job-handler [INFO] Search task succeeded.
2026-02-03 04:09:39,997 search-job-handler [INFO] Search task succeeded.
2026-02-03 04:09:39,997 search-job-handler [INFO] Search task succeeded.
2026-02-03 04:09:39,997 search-job-handler [INFO] Search task succeeded.
2026-02-03 04:09:39,997 search-job-handler [INFO] Search task succeeded.
2026-02-03 04:09:39,997 search-job-handler [INFO] Search task succeeded.
2026-02-03 04:09:39,997 search-job-handler [INFO] Search task succeeded.
2026-02-03 04:09:39,997 search-job-handler [INFO] Search task succeeded.
2026-02-03 04:09:39,998 search-job-handler [INFO] Search task succeeded.
2026-02-03 04:09:39,998 search-job-handler [INFO] Search task succeeded.
2026-02-03 04:09:39,998 search-job-handler [INFO] Search task succeeded.
2026-02-03 04:09:39,998 search-job-handler [INFO] Search task succeeded.
2026-02-03 04:09:39,998 search-job-handler [INFO] Search task succeeded.
2026-02-03 04:09:39,998 search-job-handler [INFO] Search task succeeded.
2026-02-03 04:09:39,998 search-job-handler [INFO] Search task succeeded.
2026-02-03 04:09:39,998 search-job-handler [INFO] Search task succeeded.
2026-02-03 04:09:39,998 search-job-handler [INFO] Search task succeeded.
2026-02-03 04:09:39,998 search-job-handler [INFO] Search task succeeded.
2026-02-03 04:09:39,998 search-job-handler [INFO] Search task succeeded.
2026-02-03 04:09:39,998 search-job-handler [INFO] Search task succeeded.
2026-02-03 04:09:39,998 search-job-handler [INFO] Search task succeeded.
2026-02-03 04:09:39,998 search-job-handler [INFO] Search task succeeded.
2026-02-03 04:09:39,998 search-job-handler [INFO] Search task succeeded.
2026-02-03 04:09:39,998 search-job-handler [INFO] Search task succeeded.
2026-02-03 04:09:39,998 search-job-handler [INFO] Search task succeeded.
2026-02-03 04:09:39,999 search-job-handler [INFO] Search task succeeded.
2026-02-03 04:09:39,999 search-job-handler [INFO] Search task succeeded.
2026-02-03 04:09:39,999 search-job-handler [INFO] Search task succeeded.
2026-02-03 04:09:39,999 search-job-handler [INFO] Search task succeeded.
2026-02-03 04:09:39,999 search-job-handler [INFO] Search task succeeded.
2026-02-03 04:09:39,999 search-job-handler [INFO] Search task succeeded.
2026-02-03 04:09:39,999 search-job-handler [INFO] Search task succeeded.
2026-02-03 04:09:39,999 search-job-handler [INFO] Search task succeeded.
2026-02-03 04:09:39,999 search-job-handler [INFO] Search task succeeded.
2026-02-03 04:09:39,999 search-job-handler [INFO] Search task succeeded.
2026-02-03 04:09:39,999 search-job-handler [INFO] Search task succeeded.
2026-02-03 04:09:39,999 search-job-handler [INFO] Search task succeeded.
2026-02-03 04:09:39,999 search-job-handler [INFO] Search task succeeded.
2026-02-03 04:09:39,999 search-job-handler [INFO] Search task succeeded.
2026-02-03 04:09:39,999 search-job-handler [INFO] Search task succeeded.
2026-02-03 04:09:39,999 search-job-handler [INFO] Search task succeeded.
2026-02-03 04:09:40,000 search-job-handler [INFO] Search task succeeded.
2026-02-03 04:09:40,000 search-job-handler [INFO] Search task succeeded.
2026-02-03 04:09:40,000 search-job-handler [INFO] Search task succeeded.
2026-02-03 04:09:40,000 search-job-handler [INFO] Search task succeeded.
2026-02-03 04:09:40,000 search-job-handler [INFO] Search task succeeded.
2026-02-03 04:09:40,000 search-job-handler [INFO] Search task succeeded.
2026-02-03 04:09:40,000 search-job-handler [INFO] Search task succeeded.
2026-02-03 04:09:40,000 search-job-handler [INFO] Search task succeeded.
2026-02-03 04:09:40,000 search-job-handler [INFO] Search task succeeded.
2026-02-03 04:09:40,000 search-job-handler [INFO] Search task succeeded.
2026-02-03 04:09:40,000 search-job-handler [INFO] Search task succeeded.
2026-02-03 04:09:40,000 search-job-handler [INFO] Search task succeeded.
2026-02-03 04:09:40,000 search-job-handler [INFO] Search task succeeded.
2026-02-03 04:09:40,000 search-job-handler [INFO] Search task succeeded.
2026-02-03 04:09:40,000 search-job-handler [INFO] Search task succeeded.
2026-02-03 04:09:40,000 search-job-handler [INFO] Search task succeeded.
2026-02-03 04:09:40,000 search-job-handler [INFO] Search task succeeded.
2026-02-03 04:09:40,001 search-job-handler [INFO] Search task succeeded.
2026-02-03 04:09:40,001 search-job-handler [INFO] Search task succeeded.
2026-02-03 04:09:40,001 search-job-handler [INFO] Search task succeeded.
2026-02-03 04:09:40,001 search-job-handler [INFO] Search task succeeded.
2026-02-03 04:09:40,001 search-job-handler [INFO] Search task succeeded.
2026-02-03 04:09:40,001 search-job-handler [INFO] Search task succeeded.
2026-02-03 04:09:40,001 search-job-handler [INFO] Search task succeeded.
2026-02-03 04:09:40,001 search-job-handler [INFO] Search task succeeded.
2026-02-03 04:09:40,001 search-job-handler [INFO] Search task succeeded.
2026-02-03 04:09:40,001 search-job-handler [INFO] Search task succeeded.
2026-02-03 04:09:40,001 search-job-handler [INFO] Search task succeeded.
2026-02-03 04:09:40,001 search-job-handler [INFO] Search task succeeded.
2026-02-03 04:09:40,001 search-job-handler [INFO] Search task succeeded.
2026-02-03 04:09:40,001 search-job-handler [INFO] Search task succeeded.
2026-02-03 04:09:40,001 search-job-handler [INFO] Search task succeeded.
2026-02-03 04:09:40,001 search-job-handler [INFO] Search task succeeded.
2026-02-03 04:09:40,002 search-job-handler [INFO] Search task succeeded.
2026-02-03 04:09:40,002 search-job-handler [INFO] Search task succeeded.
2026-02-03 04:09:40,002 search-job-handler [INFO] Search task succeeded.
2026-02-03 04:09:40,002 search-job-handler [INFO] Search task succeeded.
2026-02-03 04:09:40,002 search-job-handler [INFO] Search task succeeded.
2026-02-03 04:09:40,002 search-job-handler [INFO] Search task succeeded.
2026-02-03 04:09:40,002 search-job-handler [INFO] Search task succeeded.
2026-02-03 04:09:40,002 search-job-handler [INFO] Search task succeeded.
2026-02-03 04:09:40,002 search-job-handler [INFO] Search task succeeded.
2026-02-03 04:09:40,002 search-job-handler [INFO] Search task succeeded.
2026-02-03 04:09:40,002 search-job-handler [INFO] Search task succeeded.
2026-02-03 04:09:40,002 search-job-handler [INFO] Search task succeeded.
2026-02-03 04:09:40,002 search-job-handler [INFO] Search task succeeded.
2026-02-03 04:09:40,002 search-job-handler [INFO] Search task succeeded.
2026-02-03 04:09:40,002 search-job-handler [INFO] Search task succeeded.
2026-02-03 04:09:40,002 search-job-handler [INFO] Search task succeeded.
2026-02-03 04:09:40,002 search-job-handler [INFO] Search task succeeded.
2026-02-03 04:09:40,003 search-job-handler [INFO] Search task succeeded.
2026-02-03 04:09:40,003 search-job-handler [INFO] Search task succeeded.
2026-02-03 04:09:40,003 search-job-handler [INFO] Search task succeeded.
2026-02-03 04:09:40,003 search-job-handler [INFO] Search task succeeded.
2026-02-03 04:09:40,003 search-job-handler [INFO] Search task succeeded.
2026-02-03 04:09:40,003 search-job-handler [INFO] Search task succeeded.
2026-02-03 04:09:40,003 search-job-handler [INFO] Search task succeeded.
2026-02-03 04:09:40,003 search-job-handler [INFO] Search task succeeded.
2026-02-03 04:09:40,003 search-job-handler [INFO] Search task succeeded.
2026-02-03 04:09:40,003 search-job-handler [INFO] Search task succeeded.
2026-02-03 04:09:40,003 search-job-handler [INFO] Search task succeeded.
2026-02-03 04:09:40,003 search-job-handler [INFO] Search task succeeded.
2026-02-03 04:09:40,003 search-job-handler [INFO] Search task succeeded.
2026-02-03 04:09:40,003 search-job-handler [INFO] Search task succeeded.
2026-02-03 04:09:40,003 search-job-handler [INFO] Search task succeeded.
2026-02-03 04:09:40,003 search-job-handler [INFO] Search task succeeded.
2026-02-03 04:09:40,004 search-job-handler [INFO] Search task succeeded.
2026-02-03 04:09:40,004 search-job-handler [INFO] Search task succeeded.
2026-02-03 04:09:40,004 search-job-handler [INFO] Search task succeeded.
2026-02-03 04:09:40,004 search-job-handler [INFO] Search task succeeded.
2026-02-03 04:09:40,004 search-job-handler [INFO] Search task succeeded.
2026-02-03 04:09:40,004 search-job-handler [INFO] Search task succeeded.
2026-02-03 04:09:40,004 search-job-handler [INFO] Search task succeeded.
2026-02-03 04:09:40,004 search-job-handler [INFO] Search task succeeded.
2026-02-03 04:09:40,004 search-job-handler [INFO] Search task succeeded.
2026-02-03 04:09:40,004 search-job-handler [INFO] Search task succeeded.
2026-02-03 04:09:40,004 search-job-handler [INFO] Search task succeeded.
2026-02-03 04:09:40,004 search-job-handler [INFO] Search task succeeded.
2026-02-03 04:09:40,004 search-job-handler [INFO] Search task succeeded.
2026-02-03 04:09:40,004 search-job-handler [INFO] Search task succeeded.
2026-02-03 04:09:40,004 search-job-handler [INFO] Search task succeeded.
2026-02-03 04:09:40,004 search-job-handler [INFO] Search task succeeded.
2026-02-03 04:09:40,005 search-job-handler [INFO] Search task succeeded.
2026-02-03 04:09:40,005 search-job-handler [INFO] Search task succeeded.
2026-02-03 04:09:40,005 search-job-handler [INFO] Search task succeeded.
2026-02-03 04:09:40,005 search-job-handler [INFO] Search task succeeded.
2026-02-03 04:09:40,005 search-job-handler [INFO] Search task succeeded.
2026-02-03 04:09:40,005 search-job-handler [INFO] Search task succeeded.
2026-02-03 04:09:40,005 search-job-handler [INFO] Search task succeeded.
2026-02-03 04:09:40,005 search-job-handler [INFO] Search task succeeded.
2026-02-03 04:09:40,005 search-job-handler [INFO] Search task succeeded.
2026-02-03 04:09:40,005 search-job-handler [INFO] Search task succeeded.
2026-02-03 04:09:40,005 search-job-handler [INFO] Search task succeeded.
2026-02-03 04:09:40,005 search-job-handler [INFO] Search task succeeded.
2026-02-03 04:09:40,005 search-job-handler [INFO] Search task succeeded.
2026-02-03 04:09:40,005 search-job-handler [INFO] Search task succeeded.
2026-02-03 04:09:40,005 search-job-handler [INFO] Search task succeeded.
2026-02-03 04:09:40,005 search-job-handler [INFO] Search task succeeded.
2026-02-03 04:09:40,006 search-job-handler [INFO] Search task succeeded.
2026-02-03 04:09:40,006 search-job-handler [INFO] Search task succeeded.
2026-02-03 04:09:40,006 search-job-handler [INFO] Search task succeeded.
2026-02-03 04:09:40,006 search-job-handler [INFO] Search task succeeded.
2026-02-03 04:09:40,006 search-job-handler [INFO] Search task succeeded.
2026-02-03 04:09:40,006 search-job-handler [INFO] Search task succeeded.
2026-02-03 04:09:40,006 search-job-handler [INFO] Search task succeeded.
2026-02-03 04:09:40,006 search-job-handler [INFO] Search task succeeded.
2026-02-03 04:09:40,006 search-job-handler [INFO] Search task succeeded.
2026-02-03 04:09:40,006 search-job-handler [INFO] Search task succeeded.
2026-02-03 04:09:40,006 search-job-handler [INFO] Search task succeeded.
2026-02-03 04:09:40,006 search-job-handler [INFO] Search task succeeded.
2026-02-03 04:09:40,006 search-job-handler [INFO] Search task succeeded.
2026-02-03 04:09:40,006 search-job-handler [INFO] Search task succeeded.
2026-02-03 04:09:40,006 search-job-handler [INFO] Search task succeeded.
2026-02-03 04:09:40,006 search-job-handler [INFO] Search task succeeded.
2026-02-03 04:09:40,006 search-job-handler [INFO] Search task succeeded.
2026-02-03 04:09:40,007 search-job-handler [INFO] Search task succeeded.
2026-02-03 04:09:40,007 search-job-handler [INFO] Search task succeeded.
2026-02-03 04:09:40,007 search-job-handler [INFO] Search task succeeded.
2026-02-03 04:09:40,007 search-job-handler [INFO] Search task succeeded.
2026-02-03 04:09:40,007 search-job-handler [INFO] Search task succeeded.
2026-02-03 04:09:40,007 search-job-handler [INFO] Search task succeeded.
2026-02-03 04:09:40,007 search-job-handler [INFO] Search task succeeded.
2026-02-03 04:09:40,007 search-job-handler [INFO] Search task succeeded.
2026-02-03 04:09:40,007 search-job-handler [INFO] Search task succeeded.
2026-02-03 04:09:40,007 search-job-handler [INFO] Search task succeeded.
2026-02-03 04:09:40,007 search-job-handler [INFO] Search task succeeded.
2026-02-03 04:09:40,007 search-job-handler [INFO] Search task succeeded.
2026-02-03 04:09:40,007 search-job-handler [INFO] Search task succeeded.
2026-02-03 04:09:40,007 search-job-handler [INFO] Search task succeeded.
2026-02-03 04:09:40,007 search-job-handler [INFO] Search task succeeded.
2026-02-03 04:09:40,007 search-job-handler [INFO] Search task succeeded.
2026-02-03 04:09:40,008 search-job-handler [INFO] Search task succeeded.
2026-02-03 04:09:40,008 search-job-handler [INFO] Search task succeeded.
2026-02-03 04:09:40,008 search-job-handler [INFO] Search task succeeded.
2026-02-03 04:09:40,008 search-job-handler [INFO] Search task succeeded.
2026-02-03 04:09:40,008 search-job-handler [INFO] Search task succeeded.
2026-02-03 04:09:40,008 search-job-handler [INFO] Search task succeeded.
2026-02-03 04:09:40,008 search-job-handler [INFO] Search task succeeded.
2026-02-03 04:09:40,008 search-job-handler [INFO] Search task succeeded.
2026-02-03 04:09:40,008 search-job-handler [INFO] Search task succeeded.
2026-02-03 04:09:40,008 search-job-handler [INFO] Search task succeeded.
2026-02-03 04:09:40,008 search-job-handler [INFO] Search task succeeded.
2026-02-03 04:09:40,008 search-job-handler [INFO] Search task succeeded.
2026-02-03 04:09:40,008 search-job-handler [INFO] Search task succeeded.
2026-02-03 04:09:40,008 search-job-handler [INFO] Search task succeeded.
2026-02-03 04:09:40,008 search-job-handler [INFO] Search task succeeded.
2026-02-03 04:09:40,008 search-job-handler [INFO] Search task succeeded.
2026-02-03 04:09:40,009 search-job-handler [INFO] Search task succeeded.
2026-02-03 04:09:40,009 search-job-handler [INFO] Search task succeeded.
2026-02-03 04:09:40,009 search-job-handler [INFO] Search task succeeded.
2026-02-03 04:09:40,009 search-job-handler [INFO] Search task succeeded.
2026-02-03 04:09:40,009 search-job-handler [INFO] Search task succeeded.
2026-02-03 04:09:40,009 search-job-handler [INFO] Search task succeeded.
2026-02-03 04:09:40,009 search-job-handler [INFO] Search task succeeded.
2026-02-03 04:09:40,009 search-job-handler [INFO] Search task succeeded.
2026-02-03 04:09:40,009 search-job-handler [INFO] Search task succeeded.
2026-02-03 04:09:40,009 search-job-handler [INFO] Search task succeeded.
2026-02-03 04:09:40,009 search-job-handler [INFO] Search task succeeded.
2026-02-03 04:09:40,009 search-job-handler [INFO] Search task succeeded.
2026-02-03 04:09:40,009 search-job-handler [INFO] Search task succeeded.
2026-02-03 04:09:40,009 search-job-handler [INFO] Search task succeeded.
2026-02-03 04:09:40,009 search-job-handler [INFO] Search task succeeded.
2026-02-03 04:09:40,009 search-job-handler [INFO] Search task succeeded.
2026-02-03 04:09:40,009 search-job-handler [INFO] Search task succeeded.
2026-02-03 04:09:40,010 search-job-handler [INFO] Search task succeeded.
2026-02-03 04:09:40,010 search-job-handler [INFO] Search task succeeded.
2026-02-03 04:09:40,010 search-job-handler [INFO] Search task succeeded.
2026-02-03 04:09:40,010 search-job-handler [INFO] Search task succeeded.
2026-02-03 04:09:40,010 search-job-handler [INFO] Search task succeeded.
2026-02-03 04:09:40,011 search-job-handler [INFO] Search task succeeded.
2026-02-03 04:09:40,011 search-job-handler [INFO] Search task succeeded.
2026-02-03 04:09:40,011 search-job-handler [INFO] Search task succeeded.
2026-02-03 04:09:40,011 search-job-handler [INFO] Search task succeeded.
2026-02-03 04:09:40,011 search-job-handler [INFO] Search task succeeded.
2026-02-03 04:09:40,011 search-job-handler [INFO] Search task succeeded.
2026-02-03 04:09:40,011 search-job-handler [INFO] Search task succeeded.
2026-02-03 04:09:40,011 search-job-handler [INFO] Search task succeeded.
2026-02-03 04:09:40,012 search-job-handler [INFO] Search task succeeded.
2026-02-03 04:09:40,012 search-job-handler [INFO] Search task succeeded.
2026-02-03 04:09:40,012 search-job-handler [INFO] Search task succeeded.
2026-02-03 04:09:40,012 search-job-handler [INFO] Search task succeeded.
2026-02-03 04:09:40,012 search-job-handler [INFO] Search task succeeded.
2026-02-03 04:09:40,012 search-job-handler [INFO] Search task succeeded.
2026-02-03 04:09:40,012 search-job-handler [INFO] Search task succeeded.
2026-02-03 04:09:40,012 search-job-handler [INFO] Search task succeeded.
2026-02-03 04:09:40,012 search-job-handler [INFO] Search task succeeded.
2026-02-03 04:09:40,012 search-job-handler [INFO] Search task succeeded.
2026-02-03 04:09:40,012 search-job-handler [INFO] Search task succeeded.
2026-02-03 04:09:40,012 search-job-handler [INFO] Search task succeeded.
2026-02-03 04:09:40,012 search-job-handler [INFO] Search task succeeded.
2026-02-03 04:09:40,012 search-job-handler [INFO] Search task succeeded.
2026-02-03 04:09:40,012 search-job-handler [INFO] Search task succeeded.
2026-02-03 04:09:40,012 search-job-handler [INFO] Search task succeeded.
2026-02-03 04:09:40,013 search-job-handler [INFO] Search task succeeded.
2026-02-03 04:09:40,013 search-job-handler [INFO] Search task succeeded.
2026-02-03 04:09:40,013 search-job-handler [INFO] Search task succeeded.
2026-02-03 04:09:40,013 search-job-handler [INFO] Search task succeeded.
2026-02-03 04:09:40,013 search-job-handler [INFO] Search task succeeded.
2026-02-03 04:09:40,013 search-job-handler [INFO] Search task succeeded.
2026-02-03 04:09:40,013 search-job-handler [INFO] Search task succeeded.
2026-02-03 04:09:40,013 search-job-handler [INFO] Search task succeeded.
2026-02-03 04:09:40,013 search-job-handler [INFO] Search task succeeded.
2026-02-03 04:09:40,013 search-job-handler [INFO] Search task succeeded.
2026-02-03 04:09:40,013 search-job-handler [INFO] Search task succeeded.
2026-02-03 04:09:40,013 search-job-handler [INFO] Search task succeeded.
2026-02-03 04:09:40,013 search-job-handler [INFO] Search task succeeded.
2026-02-03 04:09:40,013 search-job-handler [INFO] Search task succeeded.
2026-02-03 04:09:40,013 search-job-handler [INFO] Search task succeeded.
2026-02-03 04:09:40,013 search-job-handler [INFO] Search task succeeded.
2026-02-03 04:09:40,014 search-job-handler [INFO] Search task succeeded.
2026-02-03 04:09:40,014 search-job-handler [INFO] Search task succeeded.
2026-02-03 04:09:40,014 search-job-handler [INFO] Search task succeeded.
2026-02-03 04:09:40,014 search-job-handler [INFO] Search task succeeded.
2026-02-03 04:09:40,014 search-job-handler [INFO] Search task succeeded.
2026-02-03 04:09:40,014 search-job-handler [INFO] Search task succeeded.
2026-02-03 04:09:40,014 search-job-handler [INFO] Search task succeeded.
2026-02-03 04:09:40,014 search-job-handler [INFO] Search task succeeded.
2026-02-03 04:09:40,014 search-job-handler [INFO] Search task succeeded.
2026-02-03 04:09:40,014 search-job-handler [INFO] Search task succeeded.
2026-02-03 04:09:40,014 search-job-handler [INFO] Search task succeeded.
2026-02-03 04:09:40,014 search-job-handler [INFO] Search task succeeded.
2026-02-03 04:09:40,014 search-job-handler [INFO] Search task succeeded.
2026-02-03 04:09:40,014 search-job-handler [INFO] Search task succeeded.
2026-02-03 04:09:40,014 search-job-handler [INFO] Search task succeeded.
2026-02-03 04:09:40,014 search-job-handler [INFO] Search task succeeded.
2026-02-03 04:09:40,014 search-job-handler [INFO] Search task succeeded.
2026-02-03 04:09:40,015 search-job-handler [INFO] Search task succeeded.
2026-02-03 04:09:40,015 search-job-handler [INFO] Search task succeeded.
2026-02-03 04:09:40,015 search-job-handler [INFO] Search task succeeded.
2026-02-03 04:09:40,015 search-job-handler [INFO] Search task succeeded.
2026-02-03 04:09:40,015 search-job-handler [INFO] Search task succeeded.
2026-02-03 04:09:40,015 search-job-handler [INFO] Search task succeeded.
2026-02-03 04:09:40,015 search-job-handler [INFO] Search task succeeded.
2026-02-03 04:09:40,015 search-job-handler [INFO] Search task succeeded.
2026-02-03 04:09:40,015 search-job-handler [INFO] Search task succeeded.
2026-02-03 04:09:40,015 search-job-handler [INFO] Search task succeeded.
2026-02-03 04:09:40,015 search-job-handler [INFO] Search task succeeded.
2026-02-03 04:09:40,015 search-job-handler [INFO] Search task succeeded.
2026-02-03 04:09:40,015 search-job-handler [INFO] Search task succeeded.
2026-02-03 04:09:40,015 search-job-handler [INFO] Search task succeeded.
2026-02-03 04:09:40,015 search-job-handler [INFO] Search task succeeded.
2026-02-03 04:09:40,015 search-job-handler [INFO] Search task succeeded.
2026-02-03 04:09:40,016 search-job-handler [INFO] Search task succeeded.
2026-02-03 04:09:40,016 search-job-handler [INFO] Search task succeeded.
2026-02-03 04:09:40,016 search-job-handler [INFO] Search task succeeded.
2026-02-03 04:09:40,016 search-job-handler [INFO] Search task succeeded.
2026-02-03 04:09:40,016 search-job-handler [INFO] Search task succeeded.
2026-02-03 04:09:40,016 search-job-handler [INFO] Search task succeeded.
2026-02-03 04:09:40,016 search-job-handler [INFO] Search task succeeded.
2026-02-03 04:09:40,016 search-job-handler [INFO] Search task succeeded.
2026-02-03 04:09:40,016 search-job-handler [INFO] Search task succeeded.
2026-02-03 04:09:40,016 search-job-handler [INFO] Search task succeeded.
2026-02-03 04:09:40,016 search-job-handler [INFO] Search task succeeded.
2026-02-03 04:09:40,016 search-job-handler [INFO] Search task succeeded.
2026-02-03 04:09:40,016 search-job-handler [INFO] Search task succeeded.
2026-02-03 04:09:40,016 search-job-handler [INFO] Search task succeeded.
2026-02-03 04:09:40,016 search-job-handler [INFO] Search task succeeded.
2026-02-03 04:09:40,016 search-job-handler [INFO] Search task succeeded.
2026-02-03 04:09:40,017 search-job-handler [INFO] Search task succeeded.
2026-02-03 04:09:40,017 search-job-handler [INFO] Search task succeeded.
2026-02-03 04:09:40,017 search-job-handler [INFO] Search task succeeded.
2026-02-03 04:09:40,017 search-job-handler [INFO] Search task succeeded.
2026-02-03 04:09:40,017 search-job-handler [INFO] Search task succeeded.
2026-02-03 04:09:40,017 search-job-handler [INFO] Search task succeeded.
2026-02-03 04:09:40,017 search-job-handler [INFO] Search task succeeded.
2026-02-03 04:09:40,017 search-job-handler [INFO] Search task succeeded.
2026-02-03 04:09:40,017 search-job-handler [INFO] Search task succeeded.
2026-02-03 04:09:40,017 search-job-handler [INFO] Search task succeeded.
2026-02-03 04:09:40,017 search-job-handler [INFO] Search task succeeded.
2026-02-03 04:09:40,017 search-job-handler [INFO] Search task succeeded.
2026-02-03 04:09:40,017 search-job-handler [INFO] Search task succeeded.
2026-02-03 04:09:40,017 search-job-handler [INFO] Search task succeeded.
2026-02-03 04:09:40,017 search-job-handler [INFO] Search task succeeded.
2026-02-03 04:09:40,017 search-job-handler [INFO] Search task succeeded.
2026-02-03 04:09:40,017 search-job-handler [INFO] Search task succeeded.
2026-02-03 04:09:40,018 search-job-handler [INFO] Search task succeeded.
2026-02-03 04:09:40,018 search-job-handler [INFO] Search task succeeded.
2026-02-03 04:09:40,018 search-job-handler [INFO] Search task succeeded.
2026-02-03 04:09:40,018 search-job-handler [INFO] Search task succeeded.
2026-02-03 04:09:40,018 search-job-handler [INFO] Search task succeeded.
2026-02-03 04:09:40,018 search-job-handler [INFO] Search task succeeded.
2026-02-03 04:09:40,018 search-job-handler [INFO] Search task succeeded.
2026-02-03 04:09:40,018 search-job-handler [INFO] Search task succeeded.
2026-02-03 04:09:40,018 search-job-handler [INFO] Search task succeeded.
2026-02-03 04:09:40,018 search-job-handler [INFO] Search task succeeded.
2026-02-03 04:09:40,018 search-job-handler [INFO] Search task succeeded.
2026-02-03 04:09:40,018 search-job-handler [INFO] Search task succeeded.
2026-02-03 04:09:40,018 search-job-handler [INFO] Search task succeeded.
2026-02-03 04:09:40,018 search-job-handler [INFO] Search task succeeded.
2026-02-03 04:09:40,018 search-job-handler [INFO] Search task succeeded.
2026-02-03 04:09:40,018 search-job-handler [INFO] Search task succeeded.
2026-02-03 04:09:40,019 search-job-handler [INFO] Search task succeeded.
2026-02-03 04:09:40,019 search-job-handler [INFO] Search task succeeded.
2026-02-03 04:09:40,019 search-job-handler [INFO] Search task succeeded.
2026-02-03 04:09:40,019 search-job-handler [INFO] Search task succeeded.
2026-02-03 04:09:40,019 search-job-handler [INFO] Search task succeeded.
2026-02-03 04:09:40,019 search-job-handler [INFO] Search task succeeded.
2026-02-03 04:09:40,019 search-job-handler [INFO] Search task succeeded.
2026-02-03 04:09:40,019 search-job-handler [INFO] Search task succeeded.
2026-02-03 04:09:40,019 search-job-handler [INFO] Search task succeeded.
2026-02-03 04:09:40,019 search-job-handler [INFO] Search task succeeded.
2026-02-03 04:09:40,019 search-job-handler [INFO] Search task succeeded.
2026-02-03 04:09:40,019 search-job-handler [INFO] Search task succeeded.
2026-02-03 04:09:40,028 search-job-handler [INFO] Completed job 7 at 2026-02-03T04:09:40.019772, total duration=77.90s.
