[2026-02-02 22:47:52.119] [warning] [spider.worker] Prefer using `SPIDER_STORAGE_URL` environment variable over `--storage_url` argument.
[2026-02-02 22:47:52.178] [info] [spider.worker] [TIMING] worker_id=c24cc8ec-862b-4f21-b519-0a82097cf7ec task_id=none get_next_task request_start=501714375 connect_end=501714376 send_end=501714376 receive_end=501714387 connect_duration_ms=0 send_duration_ms=0 receive_duration_ms=10 total_duration_ms=11
[2026-02-02 22:47:52.283] [info] [spider.worker] [TIMING] worker_id=c24cc8ec-862b-4f21-b519-0a82097cf7ec task_id=none get_next_task request_start=501714488 connect_end=501714489 send_end=501714489 receive_end=501714492 connect_duration_ms=0 send_duration_ms=0 receive_duration_ms=3 total_duration_ms=3
[2026-02-02 22:47:52.388] [info] [spider.worker] [TIMING] worker_id=c24cc8ec-862b-4f21-b519-0a82097cf7ec task_id=none get_next_task request_start=501714593 connect_end=501714594 send_end=501714594 receive_end=501714596 connect_duration_ms=0 send_duration_ms=0 receive_duration_ms=2 total_duration_ms=2
[2026-02-02 22:47:52.494] [info] [spider.worker] [TIMING] worker_id=c24cc8ec-862b-4f21-b519-0a82097cf7ec task_id=none get_next_task request_start=501714699 connect_end=501714700 send_end=501714700 receive_end=501714702 connect_duration_ms=1 send_duration_ms=0 receive_duration_ms=2 total_duration_ms=3
[2026-02-02 22:47:52.601] [info] [spider.worker] [TIMING] worker_id=c24cc8ec-862b-4f21-b519-0a82097cf7ec task_id=none get_next_task request_start=501714805 connect_end=501714806 send_end=501714806 receive_end=501714810 connect_duration_ms=1 send_duration_ms=0 receive_duration_ms=3 total_duration_ms=5
[2026-02-02 22:47:52.713] [info] [spider.worker] [TIMING] worker_id=c24cc8ec-862b-4f21-b519-0a82097cf7ec task_id=none get_next_task request_start=501714911 connect_end=501714913 send_end=501714913 receive_end=501714921 connect_duration_ms=1 send_duration_ms=0 receive_duration_ms=8 total_duration_ms=9
[2026-02-02 22:47:52.820] [info] [spider.worker] [TIMING] worker_id=c24cc8ec-862b-4f21-b519-0a82097cf7ec task_id=none get_next_task request_start=501715023 connect_end=501715024 send_end=501715024 receive_end=501715028 connect_duration_ms=0 send_duration_ms=0 receive_duration_ms=4 total_duration_ms=5
[2026-02-02 22:47:52.924] [info] [spider.worker] [TIMING] worker_id=c24cc8ec-862b-4f21-b519-0a82097cf7ec task_id=none get_next_task request_start=501715130 connect_end=501715131 send_end=501715131 receive_end=501715132 connect_duration_ms=1 send_duration_ms=0 receive_duration_ms=1 total_duration_ms=2
[2026-02-02 22:47:53.028] [info] [spider.worker] [TIMING] worker_id=c24cc8ec-862b-4f21-b519-0a82097cf7ec task_id=none get_next_task request_start=501715234 connect_end=501715234 send_end=501715234 receive_end=501715236 connect_duration_ms=0 send_duration_ms=0 receive_duration_ms=2 total_duration_ms=2
[2026-02-02 22:47:53.137] [info] [spider.worker] [TIMING] worker_id=c24cc8ec-862b-4f21-b519-0a82097cf7ec task_id=none get_next_task request_start=501715339 connect_end=501715340 send_end=501715340 receive_end=501715346 connect_duration_ms=0 send_duration_ms=0 receive_duration_ms=6 total_duration_ms=6
[2026-02-02 22:47:53.244] [info] [spider.worker] [TIMING] worker_id=c24cc8ec-862b-4f21-b519-0a82097cf7ec task_id=none get_next_task request_start=501715448 connect_end=501715449 send_end=501715450 receive_end=501715452 connect_duration_ms=1 send_duration_ms=0 receive_duration_ms=2 total_duration_ms=3
[2026-02-02 22:47:53.351] [info] [spider.worker] [TIMING] worker_id=c24cc8ec-862b-4f21-b519-0a82097cf7ec task_id=none get_next_task request_start=501715555 connect_end=501715556 send_end=501715556 receive_end=501715559 connect_duration_ms=1 send_duration_ms=0 receive_duration_ms=3 total_duration_ms=4
[2026-02-02 22:47:53.457] [info] [spider.worker] [TIMING] worker_id=c24cc8ec-862b-4f21-b519-0a82097cf7ec task_id=none get_next_task request_start=501715662 connect_end=501715663 send_end=501715663 receive_end=501715665 connect_duration_ms=1 send_duration_ms=0 receive_duration_ms=2 total_duration_ms=3
[2026-02-02 22:47:53.561] [info] [spider.worker] [TIMING] worker_id=c24cc8ec-862b-4f21-b519-0a82097cf7ec task_id=none get_next_task request_start=501715767 connect_end=501715768 send_end=501715768 receive_end=501715769 connect_duration_ms=0 send_duration_ms=0 receive_duration_ms=1 total_duration_ms=1
[2026-02-02 22:47:53.665] [info] [spider.worker] [TIMING] worker_id=c24cc8ec-862b-4f21-b519-0a82097cf7ec task_id=none get_next_task request_start=501715871 connect_end=501715872 send_end=501715872 receive_end=501715874 connect_duration_ms=0 send_duration_ms=0 receive_duration_ms=1 total_duration_ms=2
[2026-02-02 22:47:53.768] [info] [spider.worker] [TIMING] worker_id=c24cc8ec-862b-4f21-b519-0a82097cf7ec task_id=none get_next_task request_start=501715975 connect_end=501715976 send_end=501715976 receive_end=501715977 connect_duration_ms=0 send_duration_ms=0 receive_duration_ms=1 total_duration_ms=1
[2026-02-02 22:47:53.878] [info] [spider.worker] [TIMING] worker_id=c24cc8ec-862b-4f21-b519-0a82097cf7ec task_id=none get_next_task request_start=501716079 connect_end=501716080 send_end=501716080 receive_end=501716086 connect_duration_ms=1 send_duration_ms=0 receive_duration_ms=6 total_duration_ms=7
[2026-02-02 22:47:53.984] [info] [spider.worker] [TIMING] worker_id=c24cc8ec-862b-4f21-b519-0a82097cf7ec task_id=none get_next_task request_start=501716189 connect_end=501716190 send_end=501716190 receive_end=501716193 connect_duration_ms=0 send_duration_ms=0 receive_duration_ms=3 total_duration_ms=4
[2026-02-02 22:47:54.092] [info] [spider.worker] [TIMING] worker_id=c24cc8ec-862b-4f21-b519-0a82097cf7ec task_id=none get_next_task request_start=501716295 connect_end=501716297 send_end=501716297 receive_end=501716301 connect_duration_ms=1 send_duration_ms=0 receive_duration_ms=3 total_duration_ms=5
[2026-02-02 22:47:54.206] [info] [spider.worker] [TIMING] worker_id=c24cc8ec-862b-4f21-b519-0a82097cf7ec task_id=none get_next_task request_start=501716402 connect_end=501716403 send_end=501716403 receive_end=501716415 connect_duration_ms=0 send_duration_ms=0 receive_duration_ms=12 total_duration_ms=12
[2026-02-02 22:47:54.315] [info] [spider.worker] [TIMING] worker_id=c24cc8ec-862b-4f21-b519-0a82097cf7ec task_id=none get_next_task request_start=501716517 connect_end=501716519 send_end=501716519 receive_end=501716523 connect_duration_ms=1 send_duration_ms=0 receive_duration_ms=4 total_duration_ms=5
[2026-02-02 22:47:54.418] [info] [spider.worker] [TIMING] worker_id=c24cc8ec-862b-4f21-b519-0a82097cf7ec task_id=none get_next_task request_start=501716625 connect_end=501716625 send_end=501716625 receive_end=501716627 connect_duration_ms=0 send_duration_ms=0 receive_duration_ms=1 total_duration_ms=1
[2026-02-02 22:47:54.521] [info] [spider.worker] [TIMING] worker_id=c24cc8ec-862b-4f21-b519-0a82097cf7ec task_id=none get_next_task request_start=501716728 connect_end=501716728 send_end=501716728 receive_end=501716730 connect_duration_ms=0 send_duration_ms=0 receive_duration_ms=1 total_duration_ms=1
[2026-02-02 22:47:54.626] [info] [spider.worker] [TIMING] worker_id=c24cc8ec-862b-4f21-b519-0a82097cf7ec task_id=none get_next_task request_start=501716831 connect_end=501716832 send_end=501716832 receive_end=501716835 connect_duration_ms=0 send_duration_ms=0 receive_duration_ms=2 total_duration_ms=3
[2026-02-02 22:47:54.738] [info] [spider.worker] [TIMING] worker_id=c24cc8ec-862b-4f21-b519-0a82097cf7ec task_id=none get_next_task request_start=501716937 connect_end=501716938 send_end=501716938 receive_end=501716946 connect_duration_ms=1 send_duration_ms=0 receive_duration_ms=7 total_duration_ms=9
[2026-02-02 22:47:54.844] [info] [spider.worker] [TIMING] worker_id=c24cc8ec-862b-4f21-b519-0a82097cf7ec task_id=none get_next_task request_start=501717049 connect_end=501717050 send_end=501717050 receive_end=501717052 connect_duration_ms=1 send_duration_ms=0 receive_duration_ms=2 total_duration_ms=3
[2026-02-02 22:47:54.948] [info] [spider.worker] [TIMING] worker_id=c24cc8ec-862b-4f21-b519-0a82097cf7ec task_id=none get_next_task request_start=501717155 connect_end=501717155 send_end=501717155 receive_end=501717157 connect_duration_ms=0 send_duration_ms=0 receive_duration_ms=1 total_duration_ms=2
[2026-02-02 22:47:55.054] [info] [spider.worker] [TIMING] worker_id=c24cc8ec-862b-4f21-b519-0a82097cf7ec task_id=none get_next_task request_start=501717258 connect_end=501717259 send_end=501717259 receive_end=501717262 connect_duration_ms=0 send_duration_ms=0 receive_duration_ms=3 total_duration_ms=4
[2026-02-02 22:47:55.164] [info] [spider.worker] [TIMING] worker_id=c24cc8ec-862b-4f21-b519-0a82097cf7ec task_id=none get_next_task request_start=501717365 connect_end=501717366 send_end=501717366 receive_end=501717373 connect_duration_ms=0 send_duration_ms=0 receive_duration_ms=7 total_duration_ms=8
[2026-02-02 22:47:55.269] [info] [spider.worker] [TIMING] worker_id=c24cc8ec-862b-4f21-b519-0a82097cf7ec task_id=none get_next_task request_start=501717475 connect_end=501717476 send_end=501717476 receive_end=501717478 connect_duration_ms=1 send_duration_ms=0 receive_duration_ms=1 total_duration_ms=2
[2026-02-02 22:47:55.376] [info] [spider.worker] [TIMING] worker_id=c24cc8ec-862b-4f21-b519-0a82097cf7ec task_id=none get_next_task request_start=501717580 connect_end=501717581 send_end=501717581 receive_end=501717585 connect_duration_ms=1 send_duration_ms=0 receive_duration_ms=3 total_duration_ms=4
[2026-02-02 22:47:55.484] [info] [spider.worker] [TIMING] worker_id=c24cc8ec-862b-4f21-b519-0a82097cf7ec task_id=none get_next_task request_start=501717688 connect_end=501717689 send_end=501717689 receive_end=501717692 connect_duration_ms=1 send_duration_ms=0 receive_duration_ms=3 total_duration_ms=4
[2026-02-02 22:47:55.590] [info] [spider.worker] [TIMING] worker_id=c24cc8ec-862b-4f21-b519-0a82097cf7ec task_id=none get_next_task request_start=501717795 connect_end=501717796 send_end=501717796 receive_end=501717799 connect_duration_ms=1 send_duration_ms=0 receive_duration_ms=2 total_duration_ms=4
[2026-02-02 22:47:55.699] [info] [spider.worker] [TIMING] worker_id=c24cc8ec-862b-4f21-b519-0a82097cf7ec task_id=none get_next_task request_start=501717901 connect_end=501717902 send_end=501717902 receive_end=501717907 connect_duration_ms=1 send_duration_ms=0 receive_duration_ms=4 total_duration_ms=5
[2026-02-02 22:47:55.806] [info] [spider.worker] [TIMING] worker_id=c24cc8ec-862b-4f21-b519-0a82097cf7ec task_id=none get_next_task request_start=501718010 connect_end=501718010 send_end=501718011 receive_end=501718014 connect_duration_ms=0 send_duration_ms=0 receive_duration_ms=3 total_duration_ms=4
[2026-02-02 22:47:55.913] [info] [spider.worker] [TIMING] worker_id=c24cc8ec-862b-4f21-b519-0a82097cf7ec task_id=none get_next_task request_start=501718117 connect_end=501718118 send_end=501718118 receive_end=501718121 connect_duration_ms=1 send_duration_ms=0 receive_duration_ms=3 total_duration_ms=4
[2026-02-02 22:47:56.022] [info] [spider.worker] [TIMING] worker_id=c24cc8ec-862b-4f21-b519-0a82097cf7ec task_id=none get_next_task request_start=501718223 connect_end=501718224 send_end=501718224 receive_end=501718231 connect_duration_ms=1 send_duration_ms=0 receive_duration_ms=6 total_duration_ms=7
[2026-02-02 22:47:56.130] [info] [spider.worker] [TIMING] worker_id=c24cc8ec-862b-4f21-b519-0a82097cf7ec task_id=none get_next_task request_start=501718333 connect_end=501718334 send_end=501718334 receive_end=501718338 connect_duration_ms=1 send_duration_ms=0 receive_duration_ms=4 total_duration_ms=5
[2026-02-02 22:47:56.236] [info] [spider.worker] [TIMING] worker_id=c24cc8ec-862b-4f21-b519-0a82097cf7ec task_id=none get_next_task request_start=501718441 connect_end=501718442 send_end=501718442 receive_end=501718445 connect_duration_ms=1 send_duration_ms=0 receive_duration_ms=2 total_duration_ms=4
[2026-02-02 22:47:56.341] [info] [spider.worker] [TIMING] worker_id=c24cc8ec-862b-4f21-b519-0a82097cf7ec task_id=none get_next_task request_start=501718547 connect_end=501718548 send_end=501718548 receive_end=501718549 connect_duration_ms=1 send_duration_ms=0 receive_duration_ms=1 total_duration_ms=2
[2026-02-02 22:47:56.448] [info] [spider.worker] [TIMING] worker_id=c24cc8ec-862b-4f21-b519-0a82097cf7ec task_id=none get_next_task request_start=501718651 connect_end=501718652 send_end=501718652 receive_end=501718656 connect_duration_ms=0 send_duration_ms=0 receive_duration_ms=3 total_duration_ms=4
[2026-02-02 22:47:56.556] [info] [spider.worker] [TIMING] worker_id=c24cc8ec-862b-4f21-b519-0a82097cf7ec task_id=none get_next_task request_start=501718759 connect_end=501718760 send_end=501718760 receive_end=501718764 connect_duration_ms=1 send_duration_ms=0 receive_duration_ms=3 total_duration_ms=5
[2026-02-02 22:47:56.663] [info] [spider.worker] [TIMING] worker_id=c24cc8ec-862b-4f21-b519-0a82097cf7ec task_id=none get_next_task request_start=501718867 connect_end=501718868 send_end=501718868 receive_end=501718871 connect_duration_ms=1 send_duration_ms=0 receive_duration_ms=2 total_duration_ms=4
[2026-02-02 22:47:56.770] [info] [spider.worker] [TIMING] worker_id=c24cc8ec-862b-4f21-b519-0a82097cf7ec task_id=none get_next_task request_start=501718974 connect_end=501718975 send_end=501718975 receive_end=501718978 connect_duration_ms=0 send_duration_ms=0 receive_duration_ms=3 total_duration_ms=4
[2026-02-02 22:47:56.876] [info] [spider.worker] [TIMING] worker_id=c24cc8ec-862b-4f21-b519-0a82097cf7ec task_id=none get_next_task request_start=501719080 connect_end=501719081 send_end=501719081 receive_end=501719084 connect_duration_ms=0 send_duration_ms=0 receive_duration_ms=3 total_duration_ms=4
[2026-02-02 22:47:56.982] [info] [spider.worker] [TIMING] worker_id=c24cc8ec-862b-4f21-b519-0a82097cf7ec task_id=none get_next_task request_start=501719187 connect_end=501719187 send_end=501719187 receive_end=501719191 connect_duration_ms=0 send_duration_ms=0 receive_duration_ms=3 total_duration_ms=4
[2026-02-02 22:47:57.089] [info] [spider.worker] [TIMING] worker_id=c24cc8ec-862b-4f21-b519-0a82097cf7ec task_id=none get_next_task request_start=501719293 connect_end=501719294 send_end=501719294 receive_end=501719298 connect_duration_ms=0 send_duration_ms=0 receive_duration_ms=3 total_duration_ms=4
[2026-02-02 22:47:57.195] [info] [spider.worker] [TIMING] worker_id=c24cc8ec-862b-4f21-b519-0a82097cf7ec task_id=none get_next_task request_start=501719399 connect_end=501719400 send_end=501719400 receive_end=501719403 connect_duration_ms=0 send_duration_ms=0 receive_duration_ms=3 total_duration_ms=4
[2026-02-02 22:47:57.314] [info] [spider.worker] [TIMING] worker_id=c24cc8ec-862b-4f21-b519-0a82097cf7ec task_id=none get_next_task request_start=501719508 connect_end=501719509 send_end=501719510 receive_end=501719523 connect_duration_ms=1 send_duration_ms=0 receive_duration_ms=13 total_duration_ms=14
[2026-02-02 22:47:57.422] [info] [spider.worker] [TIMING] worker_id=c24cc8ec-862b-4f21-b519-0a82097cf7ec task_id=none get_next_task request_start=501719625 connect_end=501719626 send_end=501719626 receive_end=501719630 connect_duration_ms=0 send_duration_ms=0 receive_duration_ms=3 total_duration_ms=4
[2026-02-02 22:47:57.529] [info] [spider.worker] [TIMING] worker_id=c24cc8ec-862b-4f21-b519-0a82097cf7ec task_id=none get_next_task request_start=501719733 connect_end=501719734 send_end=501719734 receive_end=501719738 connect_duration_ms=1 send_duration_ms=0 receive_duration_ms=4 total_duration_ms=5
[2026-02-02 22:47:57.636] [info] [spider.worker] [TIMING] worker_id=c24cc8ec-862b-4f21-b519-0a82097cf7ec task_id=none get_next_task request_start=501719840 connect_end=501719841 send_end=501719841 receive_end=501719845 connect_duration_ms=0 send_duration_ms=0 receive_duration_ms=3 total_duration_ms=4
[2026-02-02 22:47:57.744] [info] [spider.worker] [TIMING] worker_id=c24cc8ec-862b-4f21-b519-0a82097cf7ec task_id=none get_next_task request_start=501719947 connect_end=501719948 send_end=501719949 receive_end=501719952 connect_duration_ms=1 send_duration_ms=0 receive_duration_ms=3 total_duration_ms=5
[2026-02-02 22:47:57.853] [info] [spider.worker] [TIMING] worker_id=c24cc8ec-862b-4f21-b519-0a82097cf7ec task_id=none get_next_task request_start=501720055 connect_end=501720056 send_end=501720056 receive_end=501720061 connect_duration_ms=1 send_duration_ms=0 receive_duration_ms=5 total_duration_ms=6
[2026-02-02 22:47:57.961] [info] [spider.worker] [TIMING] worker_id=c24cc8ec-862b-4f21-b519-0a82097cf7ec task_id=none get_next_task request_start=501720164 connect_end=501720165 send_end=501720166 receive_end=501720170 connect_duration_ms=1 send_duration_ms=0 receive_duration_ms=4 total_duration_ms=5
[2026-02-02 22:47:58.068] [info] [spider.worker] [TIMING] worker_id=c24cc8ec-862b-4f21-b519-0a82097cf7ec task_id=none get_next_task request_start=501720272 connect_end=501720274 send_end=501720274 receive_end=501720276 connect_duration_ms=1 send_duration_ms=0 receive_duration_ms=2 total_duration_ms=3
[2026-02-02 22:47:58.172] [info] [spider.worker] [TIMING] worker_id=c24cc8ec-862b-4f21-b519-0a82097cf7ec task_id=none get_next_task request_start=501720378 connect_end=501720379 send_end=501720379 receive_end=501720381 connect_duration_ms=0 send_duration_ms=0 receive_duration_ms=1 total_duration_ms=2
[2026-02-02 22:47:58.278] [info] [spider.worker] [TIMING] worker_id=c24cc8ec-862b-4f21-b519-0a82097cf7ec task_id=none get_next_task request_start=501720482 connect_end=501720483 send_end=501720483 receive_end=501720486 connect_duration_ms=0 send_duration_ms=0 receive_duration_ms=3 total_duration_ms=4
[2026-02-02 22:47:58.384] [info] [spider.worker] [TIMING] worker_id=c24cc8ec-862b-4f21-b519-0a82097cf7ec task_id=none get_next_task request_start=501720589 connect_end=501720590 send_end=501720590 receive_end=501720593 connect_duration_ms=0 send_duration_ms=0 receive_duration_ms=2 total_duration_ms=3
[2026-02-02 22:47:58.488] [info] [spider.worker] [TIMING] worker_id=c24cc8ec-862b-4f21-b519-0a82097cf7ec task_id=none get_next_task request_start=501720694 connect_end=501720695 send_end=501720695 receive_end=501720696 connect_duration_ms=0 send_duration_ms=0 receive_duration_ms=1 total_duration_ms=1
[2026-02-02 22:47:58.591] [info] [spider.worker] [TIMING] worker_id=c24cc8ec-862b-4f21-b519-0a82097cf7ec task_id=none get_next_task request_start=501720797 connect_end=501720798 send_end=501720798 receive_end=501720799 connect_duration_ms=0 send_duration_ms=0 receive_duration_ms=1 total_duration_ms=1
[2026-02-02 22:47:58.694] [info] [spider.worker] [TIMING] worker_id=c24cc8ec-862b-4f21-b519-0a82097cf7ec task_id=none get_next_task request_start=501720901 connect_end=501720901 send_end=501720901 receive_end=501720902 connect_duration_ms=0 send_duration_ms=0 receive_duration_ms=1 total_duration_ms=1
[2026-02-02 22:47:58.799] [info] [spider.worker] [TIMING] worker_id=c24cc8ec-862b-4f21-b519-0a82097cf7ec task_id=none get_next_task request_start=501721004 connect_end=501721005 send_end=501721005 receive_end=501721007 connect_duration_ms=0 send_duration_ms=0 receive_duration_ms=2 total_duration_ms=3
[2026-02-02 22:47:58.907] [info] [spider.worker] [TIMING] worker_id=c24cc8ec-862b-4f21-b519-0a82097cf7ec task_id=none get_next_task request_start=501721109 connect_end=501721109 send_end=501721110 receive_end=501721115 connect_duration_ms=0 send_duration_ms=0 receive_duration_ms=5 total_duration_ms=6
[2026-02-02 22:47:59.015] [info] [spider.worker] [TIMING] worker_id=c24cc8ec-862b-4f21-b519-0a82097cf7ec task_id=none get_next_task request_start=501721217 connect_end=501721218 send_end=501721218 receive_end=501721223 connect_duration_ms=0 send_duration_ms=0 receive_duration_ms=5 total_duration_ms=6
[2026-02-02 22:47:59.120] [info] [spider.worker] [TIMING] worker_id=c24cc8ec-862b-4f21-b519-0a82097cf7ec task_id=none get_next_task request_start=501721325 connect_end=501721326 send_end=501721326 receive_end=501721329 connect_duration_ms=1 send_duration_ms=0 receive_duration_ms=2 total_duration_ms=3
[2026-02-02 22:47:59.226] [info] [spider.worker] [TIMING] worker_id=c24cc8ec-862b-4f21-b519-0a82097cf7ec task_id=none get_next_task request_start=501721431 connect_end=501721431 send_end=501721432 receive_end=501721434 connect_duration_ms=0 send_duration_ms=0 receive_duration_ms=2 total_duration_ms=3
[2026-02-02 22:47:59.331] [info] [spider.worker] [TIMING] worker_id=c24cc8ec-862b-4f21-b519-0a82097cf7ec task_id=none get_next_task request_start=501721536 connect_end=501721537 send_end=501721537 receive_end=501721539 connect_duration_ms=0 send_duration_ms=0 receive_duration_ms=2 total_duration_ms=3
[2026-02-02 22:47:59.438] [info] [spider.worker] [TIMING] worker_id=c24cc8ec-862b-4f21-b519-0a82097cf7ec task_id=none get_next_task request_start=501721641 connect_end=501721642 send_end=501721642 receive_end=501721646 connect_duration_ms=0 send_duration_ms=0 receive_duration_ms=4 total_duration_ms=5
[2026-02-02 22:47:59.544] [info] [spider.worker] [TIMING] worker_id=c24cc8ec-862b-4f21-b519-0a82097cf7ec task_id=none get_next_task request_start=501721749 connect_end=501721750 send_end=501721750 receive_end=501721753 connect_duration_ms=1 send_duration_ms=0 receive_duration_ms=2 total_duration_ms=3
[2026-02-02 22:47:59.657] [info] [spider.worker] [TIMING] worker_id=c24cc8ec-862b-4f21-b519-0a82097cf7ec task_id=none get_next_task request_start=501721855 connect_end=501721856 send_end=501721856 receive_end=501721865 connect_duration_ms=1 send_duration_ms=0 receive_duration_ms=8 total_duration_ms=10
[2026-02-02 22:47:59.760] [info] [spider.worker] [TIMING] worker_id=c24cc8ec-862b-4f21-b519-0a82097cf7ec task_id=none get_next_task request_start=501721967 connect_end=501721967 send_end=501721967 receive_end=501721969 connect_duration_ms=0 send_duration_ms=0 receive_duration_ms=1 total_duration_ms=1
[2026-02-02 22:47:59.865] [info] [spider.worker] [TIMING] worker_id=c24cc8ec-862b-4f21-b519-0a82097cf7ec task_id=none get_next_task request_start=501722071 connect_end=501722072 send_end=501722072 receive_end=501722073 connect_duration_ms=0 send_duration_ms=0 receive_duration_ms=1 total_duration_ms=2
[2026-02-02 22:47:59.973] [info] [spider.worker] [TIMING] worker_id=c24cc8ec-862b-4f21-b519-0a82097cf7ec task_id=none get_next_task request_start=501722176 connect_end=501722177 send_end=501722178 receive_end=501722181 connect_duration_ms=1 send_duration_ms=0 receive_duration_ms=3 total_duration_ms=4
[2026-02-02 22:48:00.079] [info] [spider.worker] [TIMING] worker_id=c24cc8ec-862b-4f21-b519-0a82097cf7ec task_id=none get_next_task request_start=501722283 connect_end=501722285 send_end=501722285 receive_end=501722287 connect_duration_ms=1 send_duration_ms=0 receive_duration_ms=2 total_duration_ms=3
[2026-02-02 22:48:00.194] [info] [spider.worker] [TIMING] worker_id=c24cc8ec-862b-4f21-b519-0a82097cf7ec task_id=none get_next_task request_start=501722390 connect_end=501722391 send_end=501722391 receive_end=501722402 connect_duration_ms=1 send_duration_ms=0 receive_duration_ms=10 total_duration_ms=12
[2026-02-02 22:48:00.299] [info] [spider.worker] [TIMING] worker_id=c24cc8ec-862b-4f21-b519-0a82097cf7ec task_id=none get_next_task request_start=501722504 connect_end=501722505 send_end=501722505 receive_end=501722508 connect_duration_ms=1 send_duration_ms=0 receive_duration_ms=2 total_duration_ms=3
[2026-02-02 22:48:00.414] [info] [spider.worker] [TIMING] worker_id=c24cc8ec-862b-4f21-b519-0a82097cf7ec task_id=none get_next_task request_start=501722611 connect_end=501722612 send_end=501722612 receive_end=501722622 connect_duration_ms=1 send_duration_ms=0 receive_duration_ms=9 total_duration_ms=11
[2026-02-02 22:48:00.532] [info] [spider.worker] [TIMING] worker_id=c24cc8ec-862b-4f21-b519-0a82097cf7ec task_id=none get_next_task request_start=501722724 connect_end=501722725 send_end=501722725 receive_end=501722741 connect_duration_ms=1 send_duration_ms=0 receive_duration_ms=15 total_duration_ms=16
[2026-02-02 22:48:00.639] [info] [spider.worker] [TIMING] worker_id=c24cc8ec-862b-4f21-b519-0a82097cf7ec task_id=none get_next_task request_start=501722843 connect_end=501722844 send_end=501722844 receive_end=501722847 connect_duration_ms=1 send_duration_ms=0 receive_duration_ms=3 total_duration_ms=4
[2026-02-02 22:48:00.746] [info] [spider.worker] [TIMING] worker_id=c24cc8ec-862b-4f21-b519-0a82097cf7ec task_id=none get_next_task request_start=501722950 connect_end=501722951 send_end=501722951 receive_end=501722954 connect_duration_ms=1 send_duration_ms=0 receive_duration_ms=2 total_duration_ms=3
[2026-02-02 22:48:00.853] [info] [spider.worker] [TIMING] worker_id=c24cc8ec-862b-4f21-b519-0a82097cf7ec task_id=none get_next_task request_start=501723056 connect_end=501723057 send_end=501723058 receive_end=501723061 connect_duration_ms=1 send_duration_ms=0 receive_duration_ms=3 total_duration_ms=4
[2026-02-02 22:48:00.960] [info] [spider.worker] [TIMING] worker_id=c24cc8ec-862b-4f21-b519-0a82097cf7ec task_id=none get_next_task request_start=501723164 connect_end=501723165 send_end=501723165 receive_end=501723168 connect_duration_ms=1 send_duration_ms=0 receive_duration_ms=3 total_duration_ms=4
[2026-02-02 22:48:01.066] [info] [spider.worker] [TIMING] worker_id=c24cc8ec-862b-4f21-b519-0a82097cf7ec task_id=none get_next_task request_start=501723271 connect_end=501723272 send_end=501723272 receive_end=501723275 connect_duration_ms=1 send_duration_ms=0 receive_duration_ms=2 total_duration_ms=3
[2026-02-02 22:48:01.173] [info] [spider.worker] [TIMING] worker_id=c24cc8ec-862b-4f21-b519-0a82097cf7ec task_id=none get_next_task request_start=501723377 connect_end=501723379 send_end=501723379 receive_end=501723381 connect_duration_ms=1 send_duration_ms=0 receive_duration_ms=2 total_duration_ms=3
[2026-02-02 22:48:01.278] [info] [spider.worker] [TIMING] worker_id=c24cc8ec-862b-4f21-b519-0a82097cf7ec task_id=none get_next_task request_start=501723483 connect_end=501723484 send_end=501723484 receive_end=501723487 connect_duration_ms=0 send_duration_ms=0 receive_duration_ms=2 total_duration_ms=3
[2026-02-02 22:48:01.385] [info] [spider.worker] [TIMING] worker_id=c24cc8ec-862b-4f21-b519-0a82097cf7ec task_id=none get_next_task request_start=501723589 connect_end=501723590 send_end=501723590 receive_end=501723593 connect_duration_ms=1 send_duration_ms=0 receive_duration_ms=2 total_duration_ms=3
[2026-02-02 22:48:01.493] [info] [spider.worker] [TIMING] worker_id=c24cc8ec-862b-4f21-b519-0a82097cf7ec task_id=none get_next_task request_start=501723696 connect_end=501723697 send_end=501723697 receive_end=501723701 connect_duration_ms=1 send_duration_ms=0 receive_duration_ms=3 total_duration_ms=5
[2026-02-02 22:48:01.599] [info] [spider.worker] [TIMING] worker_id=c24cc8ec-862b-4f21-b519-0a82097cf7ec task_id=none get_next_task request_start=501723804 connect_end=501723805 send_end=501723805 receive_end=501723808 connect_duration_ms=1 send_duration_ms=0 receive_duration_ms=2 total_duration_ms=4
[2026-02-02 22:48:01.706] [info] [spider.worker] [TIMING] worker_id=c24cc8ec-862b-4f21-b519-0a82097cf7ec task_id=none get_next_task request_start=501723910 connect_end=501723911 send_end=501723911 receive_end=501723914 connect_duration_ms=1 send_duration_ms=0 receive_duration_ms=2 total_duration_ms=4
[2026-02-02 22:48:01.811] [info] [spider.worker] [TIMING] worker_id=c24cc8ec-862b-4f21-b519-0a82097cf7ec task_id=none get_next_task request_start=501724017 connect_end=501724018 send_end=501724018 receive_end=501724020 connect_duration_ms=1 send_duration_ms=0 receive_duration_ms=2 total_duration_ms=3
[2026-02-02 22:48:01.918] [info] [spider.worker] [TIMING] worker_id=c24cc8ec-862b-4f21-b519-0a82097cf7ec task_id=none get_next_task request_start=501724122 connect_end=501724124 send_end=501724124 receive_end=501724126 connect_duration_ms=1 send_duration_ms=0 receive_duration_ms=2 total_duration_ms=4
[2026-02-02 22:48:02.025] [info] [spider.worker] [TIMING] worker_id=c24cc8ec-862b-4f21-b519-0a82097cf7ec task_id=none get_next_task request_start=501724229 connect_end=501724231 send_end=501724231 receive_end=501724234 connect_duration_ms=1 send_duration_ms=0 receive_duration_ms=2 total_duration_ms=4
[2026-02-02 22:48:02.132] [info] [spider.worker] [TIMING] worker_id=c24cc8ec-862b-4f21-b519-0a82097cf7ec task_id=none get_next_task request_start=501724337 connect_end=501724338 send_end=501724338 receive_end=501724341 connect_duration_ms=1 send_duration_ms=0 receive_duration_ms=2 total_duration_ms=4
[2026-02-02 22:48:02.384] [info] [spider.worker] [TIMING] worker_id=c24cc8ec-862b-4f21-b519-0a82097cf7ec task_id=none get_next_task request_start=501724443 connect_end=501724445 send_end=501724445 receive_end=501724592 connect_duration_ms=1 send_duration_ms=0 receive_duration_ms=147 total_duration_ms=149
[2026-02-02 22:48:02.636] [info] [spider.worker] [TIMING] worker_id=c24cc8ec-862b-4f21-b519-0a82097cf7ec task_id=none get_next_task request_start=501724695 connect_end=501724696 send_end=501724696 receive_end=501724844 connect_duration_ms=1 send_duration_ms=0 receive_duration_ms=148 total_duration_ms=149
[2026-02-02 22:48:02.760] [info] [spider.worker] [TIMING] worker_id=c24cc8ec-862b-4f21-b519-0a82097cf7ec task_id=none get_next_task request_start=501724952 connect_end=501724953 send_end=501724953 receive_end=501724968 connect_duration_ms=1 send_duration_ms=0 receive_duration_ms=14 total_duration_ms=15
[2026-02-02 22:48:02.869] [info] [spider.worker] [TIMING] worker_id=c24cc8ec-862b-4f21-b519-0a82097cf7ec task_id=none get_next_task request_start=501725071 connect_end=501725072 send_end=501725072 receive_end=501725077 connect_duration_ms=1 send_duration_ms=0 receive_duration_ms=5 total_duration_ms=6
[2026-02-02 22:48:03.024] [info] [spider.worker] [TIMING] worker_id=c24cc8ec-862b-4f21-b519-0a82097cf7ec task_id=none get_next_task request_start=501725180 connect_end=501725181 send_end=501725181 receive_end=501725233 connect_duration_ms=1 send_duration_ms=0 receive_duration_ms=51 total_duration_ms=52
[2026-02-02 22:48:03.193] [info] [spider.worker] [TIMING] worker_id=c24cc8ec-862b-4f21-b519-0a82097cf7ec task_id=none get_next_task request_start=501725335 connect_end=501725337 send_end=501725337 receive_end=501725401 connect_duration_ms=1 send_duration_ms=0 receive_duration_ms=64 total_duration_ms=66
[2026-02-02 22:48:03.308] [info] [spider.worker] [TIMING] worker_id=c24cc8ec-862b-4f21-b519-0a82097cf7ec task_id=none get_next_task request_start=501725504 connect_end=501725505 send_end=501725505 receive_end=501725516 connect_duration_ms=1 send_duration_ms=0 receive_duration_ms=11 total_duration_ms=12
[2026-02-02 22:48:03.443] [info] [spider.worker] [TIMING] worker_id=c24cc8ec-862b-4f21-b519-0a82097cf7ec task_id=none get_next_task request_start=501725635 connect_end=501725636 send_end=501725636 receive_end=501725651 connect_duration_ms=1 send_duration_ms=0 receive_duration_ms=14 total_duration_ms=16
[2026-02-02 22:48:03.572] [info] [spider.worker] [TIMING] worker_id=c24cc8ec-862b-4f21-b519-0a82097cf7ec task_id=none get_next_task request_start=501725754 connect_end=501725755 send_end=501725755 receive_end=501725781 connect_duration_ms=1 send_duration_ms=0 receive_duration_ms=25 total_duration_ms=27
[2026-02-02 22:48:03.678] [info] [spider.worker] [TIMING] worker_id=c24cc8ec-862b-4f21-b519-0a82097cf7ec task_id=none get_next_task request_start=501725883 connect_end=501725884 send_end=501725884 receive_end=501725886 connect_duration_ms=0 send_duration_ms=0 receive_duration_ms=1 total_duration_ms=2
[2026-02-02 22:48:03.783] [info] [spider.worker] [TIMING] worker_id=c24cc8ec-862b-4f21-b519-0a82097cf7ec task_id=none get_next_task request_start=501725988 connect_end=501725988 send_end=501725988 receive_end=501725991 connect_duration_ms=0 send_duration_ms=0 receive_duration_ms=2 total_duration_ms=3
[2026-02-02 22:48:04.029] [info] [spider.worker] [TIMING] worker_id=c24cc8ec-862b-4f21-b519-0a82097cf7ec task_id=1094c210-1a89-40ed-b083-ca19e59a12b1 get_next_task request_start=501726093 connect_end=501726094 send_end=501726094 receive_end=501726130 connect_duration_ms=0 send_duration_ms=0 receive_duration_ms=36 total_duration_ms=37
[2026-02-02 22:48:04.033] [info] [spider.worker] [TIMING] task_id=1094c210-1a89-40ed-b083-ca19e59a12b1 func=job_orchestration.executor.query.spider_search_task.search_without_channel fetch_input_start=501726240 fetch_input_end=501726242 fetch_input_duration_ms=1
[2026-02-02 22:48:04.034] [info] [spider.worker] [TIMING] task_id=1094c210-1a89-40ed-b083-ca19e59a12b1 func=job_orchestration.executor.query.spider_search_task.search_without_channel input_send_start=501726242 input_send_end=501726242 input_send_duration_ms=0 bytes=612
[2026-02-02 22:48:04.034] [info] [spider.worker] [TIMING] task_id=1094c210-1a89-40ed-b083-ca19e59a12b1 func=job_orchestration.executor.query.spider_search_task.search_without_channel spawn_start=501726242 spawn_end=501726242 spawn_duration_ms=0
[2026-02-02 22:48:05.249] [info] [spider.worker] [TIMING] task_id=1094c210-1a89-40ed-b083-ca19e59a12b1 func=job_orchestration.executor.query.spider_search_task.search_without_channel execution_start=501726242 execution_end=501727458 execution_duration_ms=1215
[2026-02-02 22:48:05.275] [info] [spider.worker] [TIMING] task_id=1094c210-1a89-40ed-b083-ca19e59a12b1 func=job_orchestration.executor.query.spider_search_task.search_without_channel submit_output_start=501727464 submit_output_end=501727483 submit_output_duration_ms=19
[2026-02-02 22:48:05.322] [info] [spider.worker] [TIMING] worker_id=c24cc8ec-862b-4f21-b519-0a82097cf7ec task_id=cdd61515-032c-4db2-93c4-5dff1df2966f get_next_task request_start=501727485 connect_end=501727486 send_end=501727486 receive_end=501727486 connect_duration_ms=0 send_duration_ms=0 receive_duration_ms=0 total_duration_ms=0
[2026-02-02 22:48:05.325] [info] [spider.worker] [TIMING] task_id=cdd61515-032c-4db2-93c4-5dff1df2966f func=job_orchestration.executor.query.spider_search_task.search_without_channel fetch_input_start=501727532 fetch_input_end=501727533 fetch_input_duration_ms=0
[2026-02-02 22:48:05.325] [info] [spider.worker] [TIMING] task_id=cdd61515-032c-4db2-93c4-5dff1df2966f func=job_orchestration.executor.query.spider_search_task.search_without_channel input_send_start=501727534 input_send_end=501727534 input_send_duration_ms=0 bytes=612
[2026-02-02 22:48:05.325] [info] [spider.worker] [TIMING] task_id=cdd61515-032c-4db2-93c4-5dff1df2966f func=job_orchestration.executor.query.spider_search_task.search_without_channel spawn_start=501727533 spawn_end=501727534 spawn_duration_ms=0
[2026-02-02 22:48:06.554] [info] [spider.worker] [TIMING] task_id=cdd61515-032c-4db2-93c4-5dff1df2966f func=job_orchestration.executor.query.spider_search_task.search_without_channel execution_start=501727534 execution_end=501728762 execution_duration_ms=1227
[2026-02-02 22:48:06.583] [info] [spider.worker] [TIMING] task_id=cdd61515-032c-4db2-93c4-5dff1df2966f func=job_orchestration.executor.query.spider_search_task.search_without_channel submit_output_start=501728764 submit_output_end=501728791 submit_output_duration_ms=26
[2026-02-02 22:48:06.616] [info] [spider.worker] [TIMING] worker_id=c24cc8ec-862b-4f21-b519-0a82097cf7ec task_id=12c3574b-ccb1-4e2b-9f0f-1ee7d09269f1 get_next_task request_start=501728794 connect_end=501728795 send_end=501728795 receive_end=501728795 connect_duration_ms=0 send_duration_ms=0 receive_duration_ms=0 total_duration_ms=1
[2026-02-02 22:48:06.619] [info] [spider.worker] [TIMING] task_id=12c3574b-ccb1-4e2b-9f0f-1ee7d09269f1 func=job_orchestration.executor.query.spider_search_task.search_without_channel fetch_input_start=501728826 fetch_input_end=501728827 fetch_input_duration_ms=1
[2026-02-02 22:48:06.620] [info] [spider.worker] [TIMING] task_id=12c3574b-ccb1-4e2b-9f0f-1ee7d09269f1 func=job_orchestration.executor.query.spider_search_task.search_without_channel input_send_start=501728828 input_send_end=501728828 input_send_duration_ms=0 bytes=612
[2026-02-02 22:48:06.620] [info] [spider.worker] [TIMING] task_id=12c3574b-ccb1-4e2b-9f0f-1ee7d09269f1 func=job_orchestration.executor.query.spider_search_task.search_without_channel spawn_start=501728828 spawn_end=501728828 spawn_duration_ms=0
[2026-02-02 22:48:08.000] [info] [spider.worker] [TIMING] task_id=12c3574b-ccb1-4e2b-9f0f-1ee7d09269f1 func=job_orchestration.executor.query.spider_search_task.search_without_channel execution_start=501728828 execution_end=501730208 execution_duration_ms=1379
[2026-02-02 22:48:08.027] [info] [spider.worker] [TIMING] task_id=12c3574b-ccb1-4e2b-9f0f-1ee7d09269f1 func=job_orchestration.executor.query.spider_search_task.search_without_channel submit_output_start=501730209 submit_output_end=501730236 submit_output_duration_ms=26
[2026-02-02 22:48:08.051] [info] [spider.worker] [TIMING] worker_id=c24cc8ec-862b-4f21-b519-0a82097cf7ec task_id=d48d86d4-7725-41f2-83cb-ffa946f3331d get_next_task request_start=501730237 connect_end=501730238 send_end=501730238 receive_end=501730238 connect_duration_ms=0 send_duration_ms=0 receive_duration_ms=0 total_duration_ms=0
[2026-02-02 22:48:08.054] [info] [spider.worker] [TIMING] task_id=d48d86d4-7725-41f2-83cb-ffa946f3331d func=job_orchestration.executor.query.spider_search_task.search_without_channel fetch_input_start=501730262 fetch_input_end=501730263 fetch_input_duration_ms=1
[2026-02-02 22:48:08.055] [info] [spider.worker] [TIMING] task_id=d48d86d4-7725-41f2-83cb-ffa946f3331d func=job_orchestration.executor.query.spider_search_task.search_without_channel input_send_start=501730263 input_send_end=501730263 input_send_duration_ms=0 bytes=612
[2026-02-02 22:48:08.055] [info] [spider.worker] [TIMING] task_id=d48d86d4-7725-41f2-83cb-ffa946f3331d func=job_orchestration.executor.query.spider_search_task.search_without_channel spawn_start=501730263 spawn_end=501730263 spawn_duration_ms=0
[2026-02-02 22:48:09.340] [info] [spider.worker] [TIMING] task_id=d48d86d4-7725-41f2-83cb-ffa946f3331d func=job_orchestration.executor.query.spider_search_task.search_without_channel execution_start=501730263 execution_end=501731549 execution_duration_ms=1285
[2026-02-02 22:48:09.374] [info] [spider.worker] [TIMING] task_id=d48d86d4-7725-41f2-83cb-ffa946f3331d func=job_orchestration.executor.query.spider_search_task.search_without_channel submit_output_start=501731550 submit_output_end=501731582 submit_output_duration_ms=31
[2026-02-02 22:48:09.393] [info] [spider.worker] [TIMING] worker_id=c24cc8ec-862b-4f21-b519-0a82097cf7ec task_id=3282d1cc-0ca4-4a32-9d0b-f761f76e8856 get_next_task request_start=501731584 connect_end=501731585 send_end=501731585 receive_end=501731586 connect_duration_ms=0 send_duration_ms=0 receive_duration_ms=0 total_duration_ms=1
[2026-02-02 22:48:09.396] [info] [spider.worker] [TIMING] task_id=3282d1cc-0ca4-4a32-9d0b-f761f76e8856 func=job_orchestration.executor.query.spider_search_task.search_without_channel fetch_input_start=501731603 fetch_input_end=501731604 fetch_input_duration_ms=0
[2026-02-02 22:48:09.396] [info] [spider.worker] [TIMING] task_id=3282d1cc-0ca4-4a32-9d0b-f761f76e8856 func=job_orchestration.executor.query.spider_search_task.search_without_channel input_send_start=501731605 input_send_end=501731605 input_send_duration_ms=0 bytes=612
[2026-02-02 22:48:09.396] [info] [spider.worker] [TIMING] task_id=3282d1cc-0ca4-4a32-9d0b-f761f76e8856 func=job_orchestration.executor.query.spider_search_task.search_without_channel spawn_start=501731604 spawn_end=501731605 spawn_duration_ms=0
[2026-02-02 22:48:10.650] [info] [spider.worker] [TIMING] task_id=3282d1cc-0ca4-4a32-9d0b-f761f76e8856 func=job_orchestration.executor.query.spider_search_task.search_without_channel execution_start=501731605 execution_end=501732859 execution_duration_ms=1253
[2026-02-02 22:48:10.676] [info] [spider.worker] [TIMING] task_id=3282d1cc-0ca4-4a32-9d0b-f761f76e8856 func=job_orchestration.executor.query.spider_search_task.search_without_channel submit_output_start=501732860 submit_output_end=501732885 submit_output_duration_ms=24
[2026-02-02 22:48:10.693] [info] [spider.worker] [TIMING] worker_id=c24cc8ec-862b-4f21-b519-0a82097cf7ec task_id=fa484988-1752-4628-9047-85d8aea8137f get_next_task request_start=501732888 connect_end=501732888 send_end=501732888 receive_end=501732889 connect_duration_ms=0 send_duration_ms=0 receive_duration_ms=0 total_duration_ms=0
[2026-02-02 22:48:10.696] [info] [spider.worker] [TIMING] task_id=fa484988-1752-4628-9047-85d8aea8137f func=job_orchestration.executor.query.spider_search_task.search_without_channel fetch_input_start=501732903 fetch_input_end=501732904 fetch_input_duration_ms=0
[2026-02-02 22:48:10.696] [info] [spider.worker] [TIMING] task_id=fa484988-1752-4628-9047-85d8aea8137f func=job_orchestration.executor.query.spider_search_task.search_without_channel input_send_start=501732905 input_send_end=501732905 input_send_duration_ms=0 bytes=612
[2026-02-02 22:48:10.696] [info] [spider.worker] [TIMING] task_id=fa484988-1752-4628-9047-85d8aea8137f func=job_orchestration.executor.query.spider_search_task.search_without_channel spawn_start=501732904 spawn_end=501732905 spawn_duration_ms=0
[2026-02-02 22:48:11.922] [info] [spider.worker] [TIMING] task_id=fa484988-1752-4628-9047-85d8aea8137f func=job_orchestration.executor.query.spider_search_task.search_without_channel execution_start=501732905 execution_end=501734130 execution_duration_ms=1225
[2026-02-02 22:48:11.962] [info] [spider.worker] [TIMING] task_id=fa484988-1752-4628-9047-85d8aea8137f func=job_orchestration.executor.query.spider_search_task.search_without_channel submit_output_start=501734132 submit_output_end=501734170 submit_output_duration_ms=38
[2026-02-02 22:48:11.977] [info] [spider.worker] [TIMING] worker_id=c24cc8ec-862b-4f21-b519-0a82097cf7ec task_id=17d2d56d-7cde-40a7-8ab0-3d39d9dbcb89 get_next_task request_start=501734172 connect_end=501734173 send_end=501734173 receive_end=501734173 connect_duration_ms=0 send_duration_ms=0 receive_duration_ms=0 total_duration_ms=1
[2026-02-02 22:48:11.980] [info] [spider.worker] [TIMING] task_id=17d2d56d-7cde-40a7-8ab0-3d39d9dbcb89 func=job_orchestration.executor.query.spider_search_task.search_without_channel fetch_input_start=501734187 fetch_input_end=501734188 fetch_input_duration_ms=0
[2026-02-02 22:48:11.980] [info] [spider.worker] [TIMING] task_id=17d2d56d-7cde-40a7-8ab0-3d39d9dbcb89 func=job_orchestration.executor.query.spider_search_task.search_without_channel input_send_start=501734189 input_send_end=501734189 input_send_duration_ms=0 bytes=612
[2026-02-02 22:48:11.980] [info] [spider.worker] [TIMING] task_id=17d2d56d-7cde-40a7-8ab0-3d39d9dbcb89 func=job_orchestration.executor.query.spider_search_task.search_without_channel spawn_start=501734188 spawn_end=501734189 spawn_duration_ms=0
[2026-02-02 22:48:13.188] [info] [spider.worker] [TIMING] task_id=17d2d56d-7cde-40a7-8ab0-3d39d9dbcb89 func=job_orchestration.executor.query.spider_search_task.search_without_channel execution_start=501734189 execution_end=501735397 execution_duration_ms=1207
[2026-02-02 22:48:13.202] [info] [spider.worker] [TIMING] task_id=17d2d56d-7cde-40a7-8ab0-3d39d9dbcb89 func=job_orchestration.executor.query.spider_search_task.search_without_channel submit_output_start=501735398 submit_output_end=501735410 submit_output_duration_ms=12
[2026-02-02 22:48:13.232] [info] [spider.worker] [TIMING] worker_id=c24cc8ec-862b-4f21-b519-0a82097cf7ec task_id=5d553863-ccee-4ecc-bc07-0f75aa259195 get_next_task request_start=501735412 connect_end=501735413 send_end=501735413 receive_end=501735413 connect_duration_ms=0 send_duration_ms=0 receive_duration_ms=0 total_duration_ms=0
[2026-02-02 22:48:13.234] [info] [spider.worker] [TIMING] task_id=5d553863-ccee-4ecc-bc07-0f75aa259195 func=job_orchestration.executor.query.spider_search_task.search_without_channel fetch_input_start=501735442 fetch_input_end=501735443 fetch_input_duration_ms=0
[2026-02-02 22:48:13.235] [info] [spider.worker] [TIMING] task_id=5d553863-ccee-4ecc-bc07-0f75aa259195 func=job_orchestration.executor.query.spider_search_task.search_without_channel input_send_start=501735443 input_send_end=501735443 input_send_duration_ms=0 bytes=612
[2026-02-02 22:48:13.235] [info] [spider.worker] [TIMING] task_id=5d553863-ccee-4ecc-bc07-0f75aa259195 func=job_orchestration.executor.query.spider_search_task.search_without_channel spawn_start=501735443 spawn_end=501735443 spawn_duration_ms=0
[2026-02-02 22:48:14.712] [info] [spider.worker] [TIMING] task_id=5d553863-ccee-4ecc-bc07-0f75aa259195 func=job_orchestration.executor.query.spider_search_task.search_without_channel execution_start=501735443 execution_end=501736920 execution_duration_ms=1476
[2026-02-02 22:48:14.743] [info] [spider.worker] [TIMING] task_id=5d553863-ccee-4ecc-bc07-0f75aa259195 func=job_orchestration.executor.query.spider_search_task.search_without_channel submit_output_start=501736922 submit_output_end=501736951 submit_output_duration_ms=29
[2026-02-02 22:48:14.761] [info] [spider.worker] [TIMING] worker_id=c24cc8ec-862b-4f21-b519-0a82097cf7ec task_id=ab4ad4db-7ea2-4098-a239-e308ce121c47 get_next_task request_start=501736954 connect_end=501736955 send_end=501736955 receive_end=501736955 connect_duration_ms=0 send_duration_ms=0 receive_duration_ms=0 total_duration_ms=1
[2026-02-02 22:48:14.764] [info] [spider.worker] [TIMING] task_id=ab4ad4db-7ea2-4098-a239-e308ce121c47 func=job_orchestration.executor.query.spider_search_task.search_without_channel fetch_input_start=501736971 fetch_input_end=501736972 fetch_input_duration_ms=0
[2026-02-02 22:48:14.764] [info] [spider.worker] [TIMING] task_id=ab4ad4db-7ea2-4098-a239-e308ce121c47 func=job_orchestration.executor.query.spider_search_task.search_without_channel input_send_start=501736973 input_send_end=501736973 input_send_duration_ms=0 bytes=612
[2026-02-02 22:48:14.764] [info] [spider.worker] [TIMING] task_id=ab4ad4db-7ea2-4098-a239-e308ce121c47 func=job_orchestration.executor.query.spider_search_task.search_without_channel spawn_start=501736972 spawn_end=501736973 spawn_duration_ms=0
[2026-02-02 22:48:16.045] [info] [spider.worker] [TIMING] task_id=ab4ad4db-7ea2-4098-a239-e308ce121c47 func=job_orchestration.executor.query.spider_search_task.search_without_channel execution_start=501736973 execution_end=501738253 execution_duration_ms=1280
[2026-02-02 22:48:16.096] [info] [spider.worker] [TIMING] task_id=ab4ad4db-7ea2-4098-a239-e308ce121c47 func=job_orchestration.executor.query.spider_search_task.search_without_channel submit_output_start=501738255 submit_output_end=501738304 submit_output_duration_ms=49
[2026-02-02 22:48:16.111] [info] [spider.worker] [TIMING] worker_id=c24cc8ec-862b-4f21-b519-0a82097cf7ec task_id=0a4b48a9-53fc-44da-afb2-e80dd85e4c3e get_next_task request_start=501738306 connect_end=501738307 send_end=501738307 receive_end=501738307 connect_duration_ms=0 send_duration_ms=0 receive_duration_ms=0 total_duration_ms=0
[2026-02-02 22:48:16.114] [info] [spider.worker] [TIMING] task_id=0a4b48a9-53fc-44da-afb2-e80dd85e4c3e func=job_orchestration.executor.query.spider_search_task.search_without_channel fetch_input_start=501738321 fetch_input_end=501738323 fetch_input_duration_ms=1
[2026-02-02 22:48:16.115] [info] [spider.worker] [TIMING] task_id=0a4b48a9-53fc-44da-afb2-e80dd85e4c3e func=job_orchestration.executor.query.spider_search_task.search_without_channel input_send_start=501738323 input_send_end=501738323 input_send_duration_ms=0 bytes=612
[2026-02-02 22:48:16.115] [info] [spider.worker] [TIMING] task_id=0a4b48a9-53fc-44da-afb2-e80dd85e4c3e func=job_orchestration.executor.query.spider_search_task.search_without_channel spawn_start=501738323 spawn_end=501738323 spawn_duration_ms=0
[2026-02-02 22:48:17.555] [info] [spider.worker] [TIMING] task_id=0a4b48a9-53fc-44da-afb2-e80dd85e4c3e func=job_orchestration.executor.query.spider_search_task.search_without_channel execution_start=501738323 execution_end=501739763 execution_duration_ms=1439
[2026-02-02 22:48:17.591] [info] [spider.worker] [TIMING] task_id=0a4b48a9-53fc-44da-afb2-e80dd85e4c3e func=job_orchestration.executor.query.spider_search_task.search_without_channel submit_output_start=501739765 submit_output_end=501739799 submit_output_duration_ms=34
[2026-02-02 22:48:17.636] [info] [spider.worker] [TIMING] worker_id=c24cc8ec-862b-4f21-b519-0a82097cf7ec task_id=6bb03cd7-394a-4e6d-b234-baec379f4cd1 get_next_task request_start=501739801 connect_end=501739802 send_end=501739802 receive_end=501739802 connect_duration_ms=0 send_duration_ms=0 receive_duration_ms=0 total_duration_ms=0
[2026-02-02 22:48:17.638] [info] [spider.worker] [TIMING] task_id=6bb03cd7-394a-4e6d-b234-baec379f4cd1 func=job_orchestration.executor.query.spider_search_task.search_without_channel fetch_input_start=501739846 fetch_input_end=501739847 fetch_input_duration_ms=0
[2026-02-02 22:48:17.639] [info] [spider.worker] [TIMING] task_id=6bb03cd7-394a-4e6d-b234-baec379f4cd1 func=job_orchestration.executor.query.spider_search_task.search_without_channel input_send_start=501739847 input_send_end=501739847 input_send_duration_ms=0 bytes=612
[2026-02-02 22:48:17.639] [info] [spider.worker] [TIMING] task_id=6bb03cd7-394a-4e6d-b234-baec379f4cd1 func=job_orchestration.executor.query.spider_search_task.search_without_channel spawn_start=501739847 spawn_end=501739847 spawn_duration_ms=0
[2026-02-02 22:48:18.958] [info] [spider.worker] [TIMING] task_id=6bb03cd7-394a-4e6d-b234-baec379f4cd1 func=job_orchestration.executor.query.spider_search_task.search_without_channel execution_start=501739847 execution_end=501741167 execution_duration_ms=1319
[2026-02-02 22:48:18.970] [info] [spider.worker] [TIMING] task_id=6bb03cd7-394a-4e6d-b234-baec379f4cd1 func=job_orchestration.executor.query.spider_search_task.search_without_channel submit_output_start=501741169 submit_output_end=501741178 submit_output_duration_ms=8
[2026-02-02 22:48:18.986] [info] [spider.worker] [TIMING] worker_id=c24cc8ec-862b-4f21-b519-0a82097cf7ec task_id=0716f353-64ce-4db6-8d88-9425c4f8e622 get_next_task request_start=501741179 connect_end=501741180 send_end=501741180 receive_end=501741180 connect_duration_ms=0 send_duration_ms=0 receive_duration_ms=0 total_duration_ms=0
[2026-02-02 22:48:18.990] [info] [spider.worker] [TIMING] task_id=0716f353-64ce-4db6-8d88-9425c4f8e622 func=job_orchestration.executor.query.spider_search_task.search_without_channel fetch_input_start=501741197 fetch_input_end=501741198 fetch_input_duration_ms=1
[2026-02-02 22:48:18.990] [info] [spider.worker] [TIMING] task_id=0716f353-64ce-4db6-8d88-9425c4f8e622 func=job_orchestration.executor.query.spider_search_task.search_without_channel input_send_start=501741198 input_send_end=501741198 input_send_duration_ms=0 bytes=612
[2026-02-02 22:48:18.990] [info] [spider.worker] [TIMING] task_id=0716f353-64ce-4db6-8d88-9425c4f8e622 func=job_orchestration.executor.query.spider_search_task.search_without_channel spawn_start=501741198 spawn_end=501741198 spawn_duration_ms=0
[2026-02-02 22:48:20.185] [info] [spider.worker] [TIMING] task_id=0716f353-64ce-4db6-8d88-9425c4f8e622 func=job_orchestration.executor.query.spider_search_task.search_without_channel execution_start=501741199 execution_end=501742393 execution_duration_ms=1194
[2026-02-02 22:48:20.223] [info] [spider.worker] [TIMING] task_id=0716f353-64ce-4db6-8d88-9425c4f8e622 func=job_orchestration.executor.query.spider_search_task.search_without_channel submit_output_start=501742395 submit_output_end=501742432 submit_output_duration_ms=37
[2026-02-02 22:48:20.270] [info] [spider.worker] [TIMING] worker_id=c24cc8ec-862b-4f21-b519-0a82097cf7ec task_id=cc89f096-a90b-426c-8101-7fa66d274024 get_next_task request_start=501742434 connect_end=501742435 send_end=501742435 receive_end=501742435 connect_duration_ms=1 send_duration_ms=0 receive_duration_ms=0 total_duration_ms=1
[2026-02-02 22:48:20.273] [info] [spider.worker] [TIMING] task_id=cc89f096-a90b-426c-8101-7fa66d274024 func=job_orchestration.executor.query.spider_search_task.search_without_channel fetch_input_start=501742480 fetch_input_end=501742481 fetch_input_duration_ms=0
[2026-02-02 22:48:20.273] [info] [spider.worker] [TIMING] task_id=cc89f096-a90b-426c-8101-7fa66d274024 func=job_orchestration.executor.query.spider_search_task.search_without_channel input_send_start=501742482 input_send_end=501742482 input_send_duration_ms=0 bytes=612
[2026-02-02 22:48:20.273] [info] [spider.worker] [TIMING] task_id=cc89f096-a90b-426c-8101-7fa66d274024 func=job_orchestration.executor.query.spider_search_task.search_without_channel spawn_start=501742481 spawn_end=501742482 spawn_duration_ms=0
[2026-02-02 22:48:21.554] [info] [spider.worker] [TIMING] task_id=cc89f096-a90b-426c-8101-7fa66d274024 func=job_orchestration.executor.query.spider_search_task.search_without_channel execution_start=501742482 execution_end=501743763 execution_duration_ms=1280
[2026-02-02 22:48:21.586] [info] [spider.worker] [TIMING] task_id=cc89f096-a90b-426c-8101-7fa66d274024 func=job_orchestration.executor.query.spider_search_task.search_without_channel submit_output_start=501743764 submit_output_end=501743795 submit_output_duration_ms=30
[2026-02-02 22:48:21.603] [info] [spider.worker] [TIMING] worker_id=c24cc8ec-862b-4f21-b519-0a82097cf7ec task_id=381cfe03-5e65-4729-95ea-06e81899ad73 get_next_task request_start=501743796 connect_end=501743797 send_end=501743797 receive_end=501743797 connect_duration_ms=0 send_duration_ms=0 receive_duration_ms=0 total_duration_ms=0
[2026-02-02 22:48:21.606] [info] [spider.worker] [TIMING] task_id=381cfe03-5e65-4729-95ea-06e81899ad73 func=job_orchestration.executor.query.spider_search_task.search_without_channel fetch_input_start=501743814 fetch_input_end=501743815 fetch_input_duration_ms=0
[2026-02-02 22:48:21.607] [info] [spider.worker] [TIMING] task_id=381cfe03-5e65-4729-95ea-06e81899ad73 func=job_orchestration.executor.query.spider_search_task.search_without_channel input_send_start=501743815 input_send_end=501743815 input_send_duration_ms=0 bytes=612
[2026-02-02 22:48:21.607] [info] [spider.worker] [TIMING] task_id=381cfe03-5e65-4729-95ea-06e81899ad73 func=job_orchestration.executor.query.spider_search_task.search_without_channel spawn_start=501743815 spawn_end=501743815 spawn_duration_ms=0
[2026-02-02 22:48:23.272] [info] [spider.worker] [TIMING] task_id=381cfe03-5e65-4729-95ea-06e81899ad73 func=job_orchestration.executor.query.spider_search_task.search_without_channel execution_start=501743815 execution_end=501745481 execution_duration_ms=1665
[2026-02-02 22:48:23.295] [info] [spider.worker] [TIMING] task_id=381cfe03-5e65-4729-95ea-06e81899ad73 func=job_orchestration.executor.query.spider_search_task.search_without_channel submit_output_start=501745482 submit_output_end=501745504 submit_output_duration_ms=21
[2026-02-02 22:48:23.312] [info] [spider.worker] [TIMING] worker_id=c24cc8ec-862b-4f21-b519-0a82097cf7ec task_id=5f32f4c3-b6cb-4569-8689-fea836b72f92 get_next_task request_start=501745506 connect_end=501745507 send_end=501745507 receive_end=501745507 connect_duration_ms=1 send_duration_ms=0 receive_duration_ms=0 total_duration_ms=1
[2026-02-02 22:48:23.314] [info] [spider.worker] [TIMING] task_id=5f32f4c3-b6cb-4569-8689-fea836b72f92 func=job_orchestration.executor.query.spider_search_task.search_without_channel fetch_input_start=501745522 fetch_input_end=501745523 fetch_input_duration_ms=0
[2026-02-02 22:48:23.315] [info] [spider.worker] [TIMING] task_id=5f32f4c3-b6cb-4569-8689-fea836b72f92 func=job_orchestration.executor.query.spider_search_task.search_without_channel input_send_start=501745523 input_send_end=501745523 input_send_duration_ms=0 bytes=612
[2026-02-02 22:48:23.315] [info] [spider.worker] [TIMING] task_id=5f32f4c3-b6cb-4569-8689-fea836b72f92 func=job_orchestration.executor.query.spider_search_task.search_without_channel spawn_start=501745523 spawn_end=501745523 spawn_duration_ms=0
[2026-02-02 22:48:24.567] [info] [spider.worker] [TIMING] task_id=5f32f4c3-b6cb-4569-8689-fea836b72f92 func=job_orchestration.executor.query.spider_search_task.search_without_channel execution_start=501745523 execution_end=501746775 execution_duration_ms=1251
[2026-02-02 22:48:24.618] [info] [spider.worker] [TIMING] task_id=5f32f4c3-b6cb-4569-8689-fea836b72f92 func=job_orchestration.executor.query.spider_search_task.search_without_channel submit_output_start=501746777 submit_output_end=501746826 submit_output_duration_ms=49
[2026-02-02 22:48:24.637] [info] [spider.worker] [TIMING] worker_id=c24cc8ec-862b-4f21-b519-0a82097cf7ec task_id=7edcbb15-6d09-4a68-81a2-6f1c6b35be2e get_next_task request_start=501746828 connect_end=501746829 send_end=501746829 receive_end=501746829 connect_duration_ms=0 send_duration_ms=0 receive_duration_ms=0 total_duration_ms=0
[2026-02-02 22:48:24.640] [info] [spider.worker] [TIMING] task_id=7edcbb15-6d09-4a68-81a2-6f1c6b35be2e func=job_orchestration.executor.query.spider_search_task.search_without_channel fetch_input_start=501746847 fetch_input_end=501746848 fetch_input_duration_ms=0
[2026-02-02 22:48:24.640] [info] [spider.worker] [TIMING] task_id=7edcbb15-6d09-4a68-81a2-6f1c6b35be2e func=job_orchestration.executor.query.spider_search_task.search_without_channel input_send_start=501746848 input_send_end=501746848 input_send_duration_ms=0 bytes=612
[2026-02-02 22:48:24.640] [info] [spider.worker] [TIMING] task_id=7edcbb15-6d09-4a68-81a2-6f1c6b35be2e func=job_orchestration.executor.query.spider_search_task.search_without_channel spawn_start=501746848 spawn_end=501746848 spawn_duration_ms=0
[2026-02-02 22:48:25.893] [info] [spider.worker] [TIMING] task_id=7edcbb15-6d09-4a68-81a2-6f1c6b35be2e func=job_orchestration.executor.query.spider_search_task.search_without_channel execution_start=501746849 execution_end=501748102 execution_duration_ms=1253
[2026-02-02 22:48:25.904] [info] [spider.worker] [TIMING] task_id=7edcbb15-6d09-4a68-81a2-6f1c6b35be2e func=job_orchestration.executor.query.spider_search_task.search_without_channel submit_output_start=501748103 submit_output_end=501748112 submit_output_duration_ms=9
[2026-02-02 22:48:25.921] [info] [spider.worker] [TIMING] worker_id=c24cc8ec-862b-4f21-b519-0a82097cf7ec task_id=068f170c-9c25-4ac1-8b1e-e4dfbef46f32 get_next_task request_start=501748115 connect_end=501748116 send_end=501748116 receive_end=501748116 connect_duration_ms=1 send_duration_ms=0 receive_duration_ms=0 total_duration_ms=1
[2026-02-02 22:48:25.923] [info] [spider.worker] [TIMING] task_id=068f170c-9c25-4ac1-8b1e-e4dfbef46f32 func=job_orchestration.executor.query.spider_search_task.search_without_channel fetch_input_start=501748130 fetch_input_end=501748131 fetch_input_duration_ms=0
[2026-02-02 22:48:25.923] [info] [spider.worker] [TIMING] task_id=068f170c-9c25-4ac1-8b1e-e4dfbef46f32 func=job_orchestration.executor.query.spider_search_task.search_without_channel input_send_start=501748132 input_send_end=501748132 input_send_duration_ms=0 bytes=612
[2026-02-02 22:48:25.923] [info] [spider.worker] [TIMING] task_id=068f170c-9c25-4ac1-8b1e-e4dfbef46f32 func=job_orchestration.executor.query.spider_search_task.search_without_channel spawn_start=501748131 spawn_end=501748132 spawn_duration_ms=0
[2026-02-02 22:48:27.325] [info] [spider.worker] [TIMING] task_id=068f170c-9c25-4ac1-8b1e-e4dfbef46f32 func=job_orchestration.executor.query.spider_search_task.search_without_channel execution_start=501748132 execution_end=501749533 execution_duration_ms=1401
[2026-02-02 22:48:27.337] [info] [spider.worker] [TIMING] task_id=068f170c-9c25-4ac1-8b1e-e4dfbef46f32 func=job_orchestration.executor.query.spider_search_task.search_without_channel submit_output_start=501749535 submit_output_end=501749546 submit_output_duration_ms=10
[2026-02-02 22:48:27.354] [info] [spider.worker] [TIMING] worker_id=c24cc8ec-862b-4f21-b519-0a82097cf7ec task_id=4bced542-604a-4d75-bd28-dca5965a1099 get_next_task request_start=501749548 connect_end=501749549 send_end=501749549 receive_end=501749549 connect_duration_ms=0 send_duration_ms=0 receive_duration_ms=0 total_duration_ms=1
[2026-02-02 22:48:27.357] [info] [spider.worker] [TIMING] task_id=4bced542-604a-4d75-bd28-dca5965a1099 func=job_orchestration.executor.query.spider_search_task.search_without_channel fetch_input_start=501749564 fetch_input_end=501749565 fetch_input_duration_ms=1
[2026-02-02 22:48:27.358] [info] [spider.worker] [TIMING] task_id=4bced542-604a-4d75-bd28-dca5965a1099 func=job_orchestration.executor.query.spider_search_task.search_without_channel input_send_start=501749566 input_send_end=501749566 input_send_duration_ms=0 bytes=612
[2026-02-02 22:48:27.358] [info] [spider.worker] [TIMING] task_id=4bced542-604a-4d75-bd28-dca5965a1099 func=job_orchestration.executor.query.spider_search_task.search_without_channel spawn_start=501749566 spawn_end=501749566 spawn_duration_ms=0
[2026-02-02 22:48:28.618] [info] [spider.worker] [TIMING] task_id=4bced542-604a-4d75-bd28-dca5965a1099 func=job_orchestration.executor.query.spider_search_task.search_without_channel execution_start=501749566 execution_end=501750826 execution_duration_ms=1259
[2026-02-02 22:48:28.645] [info] [spider.worker] [TIMING] task_id=4bced542-604a-4d75-bd28-dca5965a1099 func=job_orchestration.executor.query.spider_search_task.search_without_channel submit_output_start=501750828 submit_output_end=501750853 submit_output_duration_ms=25
[2026-02-02 22:48:28.662] [info] [spider.worker] [TIMING] worker_id=c24cc8ec-862b-4f21-b519-0a82097cf7ec task_id=a0a45b44-c85b-4d7e-81f3-a4dad5da1fee get_next_task request_start=501750856 connect_end=501750857 send_end=501750857 receive_end=501750857 connect_duration_ms=1 send_duration_ms=0 receive_duration_ms=0 total_duration_ms=1
[2026-02-02 22:48:28.665] [info] [spider.worker] [TIMING] task_id=a0a45b44-c85b-4d7e-81f3-a4dad5da1fee func=job_orchestration.executor.query.spider_search_task.search_without_channel fetch_input_start=501750873 fetch_input_end=501750874 fetch_input_duration_ms=0
[2026-02-02 22:48:28.666] [info] [spider.worker] [TIMING] task_id=a0a45b44-c85b-4d7e-81f3-a4dad5da1fee func=job_orchestration.executor.query.spider_search_task.search_without_channel input_send_start=501750874 input_send_end=501750874 input_send_duration_ms=0 bytes=612
[2026-02-02 22:48:28.666] [info] [spider.worker] [TIMING] task_id=a0a45b44-c85b-4d7e-81f3-a4dad5da1fee func=job_orchestration.executor.query.spider_search_task.search_without_channel spawn_start=501750874 spawn_end=501750874 spawn_duration_ms=0
[2026-02-02 22:48:29.798] [info] [spider.worker] [TIMING] task_id=a0a45b44-c85b-4d7e-81f3-a4dad5da1fee func=job_orchestration.executor.query.spider_search_task.search_without_channel execution_start=501750874 execution_end=501752007 execution_duration_ms=1132
[2026-02-02 22:48:29.813] [info] [spider.worker] [TIMING] task_id=a0a45b44-c85b-4d7e-81f3-a4dad5da1fee func=job_orchestration.executor.query.spider_search_task.search_without_channel submit_output_start=501752008 submit_output_end=501752021 submit_output_duration_ms=13
[2026-02-02 22:48:29.829] [info] [spider.worker] [TIMING] worker_id=c24cc8ec-862b-4f21-b519-0a82097cf7ec task_id=6c53ff2a-8820-4d6b-8325-dfe9b6689d65 get_next_task request_start=501752023 connect_end=501752024 send_end=501752024 receive_end=501752024 connect_duration_ms=0 send_duration_ms=0 receive_duration_ms=0 total_duration_ms=0
[2026-02-02 22:48:29.832] [info] [spider.worker] [TIMING] task_id=6c53ff2a-8820-4d6b-8325-dfe9b6689d65 func=job_orchestration.executor.query.spider_search_task.search_without_channel fetch_input_start=501752040 fetch_input_end=501752041 fetch_input_duration_ms=1
[2026-02-02 22:48:29.833] [info] [spider.worker] [TIMING] task_id=6c53ff2a-8820-4d6b-8325-dfe9b6689d65 func=job_orchestration.executor.query.spider_search_task.search_without_channel input_send_start=501752041 input_send_end=501752041 input_send_duration_ms=0 bytes=612
[2026-02-02 22:48:29.833] [info] [spider.worker] [TIMING] task_id=6c53ff2a-8820-4d6b-8325-dfe9b6689d65 func=job_orchestration.executor.query.spider_search_task.search_without_channel spawn_start=501752041 spawn_end=501752041 spawn_duration_ms=0
[2026-02-02 22:48:31.072] [info] [spider.worker] [TIMING] task_id=6c53ff2a-8820-4d6b-8325-dfe9b6689d65 func=job_orchestration.executor.query.spider_search_task.search_without_channel execution_start=501752042 execution_end=501753280 execution_duration_ms=1238
[2026-02-02 22:48:31.134] [info] [spider.worker] [TIMING] task_id=6c53ff2a-8820-4d6b-8325-dfe9b6689d65 func=job_orchestration.executor.query.spider_search_task.search_without_channel submit_output_start=501753284 submit_output_end=501753343 submit_output_duration_ms=58
[2026-02-02 22:48:31.193] [info] [spider.worker] [TIMING] worker_id=c24cc8ec-862b-4f21-b519-0a82097cf7ec task_id=194990bd-e5bc-45b4-acf5-d7bd6ced034f get_next_task request_start=501753353 connect_end=501753353 send_end=501753353 receive_end=501753354 connect_duration_ms=0 send_duration_ms=0 receive_duration_ms=0 total_duration_ms=1
[2026-02-02 22:48:31.203] [info] [spider.worker] [TIMING] task_id=194990bd-e5bc-45b4-acf5-d7bd6ced034f func=job_orchestration.executor.query.spider_search_task.search_without_channel fetch_input_start=501753411 fetch_input_end=501753411 fetch_input_duration_ms=0
[2026-02-02 22:48:31.203] [info] [spider.worker] [TIMING] task_id=194990bd-e5bc-45b4-acf5-d7bd6ced034f func=job_orchestration.executor.query.spider_search_task.search_without_channel input_send_start=501753412 input_send_end=501753412 input_send_duration_ms=0 bytes=612
[2026-02-02 22:48:31.203] [info] [spider.worker] [TIMING] task_id=194990bd-e5bc-45b4-acf5-d7bd6ced034f func=job_orchestration.executor.query.spider_search_task.search_without_channel spawn_start=501753411 spawn_end=501753412 spawn_duration_ms=0
[2026-02-02 22:48:32.643] [info] [spider.worker] [TIMING] task_id=194990bd-e5bc-45b4-acf5-d7bd6ced034f func=job_orchestration.executor.query.spider_search_task.search_without_channel execution_start=501753412 execution_end=501754851 execution_duration_ms=1439
[2026-02-02 22:48:32.672] [info] [spider.worker] [TIMING] task_id=194990bd-e5bc-45b4-acf5-d7bd6ced034f func=job_orchestration.executor.query.spider_search_task.search_without_channel submit_output_start=501754853 submit_output_end=501754880 submit_output_duration_ms=26
[2026-02-02 22:48:32.688] [info] [spider.worker] [TIMING] worker_id=c24cc8ec-862b-4f21-b519-0a82097cf7ec task_id=889cecfe-ad5f-4294-a1e0-cbd852aff0ce get_next_task request_start=501754883 connect_end=501754884 send_end=501754884 receive_end=501754884 connect_duration_ms=0 send_duration_ms=0 receive_duration_ms=0 total_duration_ms=0
[2026-02-02 22:48:32.691] [info] [spider.worker] [TIMING] task_id=889cecfe-ad5f-4294-a1e0-cbd852aff0ce func=job_orchestration.executor.query.spider_search_task.search_without_channel fetch_input_start=501754898 fetch_input_end=501754899 fetch_input_duration_ms=1
[2026-02-02 22:48:32.692] [info] [spider.worker] [TIMING] task_id=889cecfe-ad5f-4294-a1e0-cbd852aff0ce func=job_orchestration.executor.query.spider_search_task.search_without_channel input_send_start=501754900 input_send_end=501754900 input_send_duration_ms=0 bytes=612
[2026-02-02 22:48:32.692] [info] [spider.worker] [TIMING] task_id=889cecfe-ad5f-4294-a1e0-cbd852aff0ce func=job_orchestration.executor.query.spider_search_task.search_without_channel spawn_start=501754899 spawn_end=501754900 spawn_duration_ms=0
[2026-02-02 22:48:34.186] [info] [spider.worker] [TIMING] task_id=889cecfe-ad5f-4294-a1e0-cbd852aff0ce func=job_orchestration.executor.query.spider_search_task.search_without_channel execution_start=501754900 execution_end=501756394 execution_duration_ms=1493
[2026-02-02 22:48:34.196] [info] [spider.worker] [TIMING] task_id=889cecfe-ad5f-4294-a1e0-cbd852aff0ce func=job_orchestration.executor.query.spider_search_task.search_without_channel submit_output_start=501756396 submit_output_end=501756405 submit_output_duration_ms=8
[2026-02-02 22:48:34.213] [info] [spider.worker] [TIMING] worker_id=c24cc8ec-862b-4f21-b519-0a82097cf7ec task_id=b41a745c-df73-4852-8e96-8647d472eaf3 get_next_task request_start=501756407 connect_end=501756408 send_end=501756408 receive_end=501756408 connect_duration_ms=0 send_duration_ms=0 receive_duration_ms=0 total_duration_ms=1
[2026-02-02 22:48:34.216] [info] [spider.worker] [TIMING] task_id=b41a745c-df73-4852-8e96-8647d472eaf3 func=job_orchestration.executor.query.spider_search_task.search_without_channel fetch_input_start=501756423 fetch_input_end=501756424 fetch_input_duration_ms=1
[2026-02-02 22:48:34.217] [info] [spider.worker] [TIMING] task_id=b41a745c-df73-4852-8e96-8647d472eaf3 func=job_orchestration.executor.query.spider_search_task.search_without_channel input_send_start=501756425 input_send_end=501756425 input_send_duration_ms=0 bytes=612
[2026-02-02 22:48:34.217] [info] [spider.worker] [TIMING] task_id=b41a745c-df73-4852-8e96-8647d472eaf3 func=job_orchestration.executor.query.spider_search_task.search_without_channel spawn_start=501756425 spawn_end=501756425 spawn_duration_ms=0
[2026-02-02 22:48:35.565] [info] [spider.worker] [TIMING] task_id=b41a745c-df73-4852-8e96-8647d472eaf3 func=job_orchestration.executor.query.spider_search_task.search_without_channel execution_start=501756425 execution_end=501757774 execution_duration_ms=1348
[2026-02-02 22:48:35.580] [info] [spider.worker] [TIMING] task_id=b41a745c-df73-4852-8e96-8647d472eaf3 func=job_orchestration.executor.query.spider_search_task.search_without_channel submit_output_start=501757776 submit_output_end=501757788 submit_output_duration_ms=12
[2026-02-02 22:48:35.596] [info] [spider.worker] [TIMING] worker_id=c24cc8ec-862b-4f21-b519-0a82097cf7ec task_id=7ad0061e-a036-47f8-8df2-be2057df54c4 get_next_task request_start=501757791 connect_end=501757791 send_end=501757792 receive_end=501757792 connect_duration_ms=0 send_duration_ms=0 receive_duration_ms=0 total_duration_ms=1
[2026-02-02 22:48:35.599] [info] [spider.worker] [TIMING] task_id=7ad0061e-a036-47f8-8df2-be2057df54c4 func=job_orchestration.executor.query.spider_search_task.search_without_channel fetch_input_start=501757807 fetch_input_end=501757808 fetch_input_duration_ms=0
[2026-02-02 22:48:35.600] [info] [spider.worker] [TIMING] task_id=7ad0061e-a036-47f8-8df2-be2057df54c4 func=job_orchestration.executor.query.spider_search_task.search_without_channel input_send_start=501757808 input_send_end=501757808 input_send_duration_ms=0 bytes=612
[2026-02-02 22:48:35.600] [info] [spider.worker] [TIMING] task_id=7ad0061e-a036-47f8-8df2-be2057df54c4 func=job_orchestration.executor.query.spider_search_task.search_without_channel spawn_start=501757808 spawn_end=501757808 spawn_duration_ms=0
[2026-02-02 22:48:36.928] [info] [spider.worker] [TIMING] task_id=7ad0061e-a036-47f8-8df2-be2057df54c4 func=job_orchestration.executor.query.spider_search_task.search_without_channel execution_start=501757808 execution_end=501759136 execution_duration_ms=1327
[2026-02-02 22:48:36.963] [info] [spider.worker] [TIMING] task_id=7ad0061e-a036-47f8-8df2-be2057df54c4 func=job_orchestration.executor.query.spider_search_task.search_without_channel submit_output_start=501759138 submit_output_end=501759172 submit_output_duration_ms=33
[2026-02-02 22:48:36.980] [info] [spider.worker] [TIMING] worker_id=c24cc8ec-862b-4f21-b519-0a82097cf7ec task_id=eedd3780-00f1-49e9-a408-08df25054066 get_next_task request_start=501759174 connect_end=501759174 send_end=501759174 receive_end=501759175 connect_duration_ms=0 send_duration_ms=0 receive_duration_ms=0 total_duration_ms=0
[2026-02-02 22:48:36.983] [info] [spider.worker] [TIMING] task_id=eedd3780-00f1-49e9-a408-08df25054066 func=job_orchestration.executor.query.spider_search_task.search_without_channel fetch_input_start=501759190 fetch_input_end=501759191 fetch_input_duration_ms=1
[2026-02-02 22:48:36.984] [info] [spider.worker] [TIMING] task_id=eedd3780-00f1-49e9-a408-08df25054066 func=job_orchestration.executor.query.spider_search_task.search_without_channel input_send_start=501759192 input_send_end=501759192 input_send_duration_ms=0 bytes=612
[2026-02-02 22:48:36.984] [info] [spider.worker] [TIMING] task_id=eedd3780-00f1-49e9-a408-08df25054066 func=job_orchestration.executor.query.spider_search_task.search_without_channel spawn_start=501759192 spawn_end=501759192 spawn_duration_ms=0
[2026-02-02 22:48:38.298] [info] [spider.worker] [TIMING] task_id=eedd3780-00f1-49e9-a408-08df25054066 func=job_orchestration.executor.query.spider_search_task.search_without_channel execution_start=501759192 execution_end=501760506 execution_duration_ms=1313
[2026-02-02 22:48:38.342] [info] [spider.worker] [TIMING] task_id=eedd3780-00f1-49e9-a408-08df25054066 func=job_orchestration.executor.query.spider_search_task.search_without_channel submit_output_start=501760508 submit_output_end=501760551 submit_output_duration_ms=42
[2026-02-02 22:48:38.355] [info] [spider.worker] [TIMING] worker_id=c24cc8ec-862b-4f21-b519-0a82097cf7ec task_id=6c838850-9b0e-4829-825f-cdecc1901537 get_next_task request_start=501760553 connect_end=501760554 send_end=501760554 receive_end=501760554 connect_duration_ms=0 send_duration_ms=0 receive_duration_ms=0 total_duration_ms=0
[2026-02-02 22:48:38.358] [info] [spider.worker] [TIMING] task_id=6c838850-9b0e-4829-825f-cdecc1901537 func=job_orchestration.executor.query.spider_search_task.search_without_channel fetch_input_start=501760565 fetch_input_end=501760566 fetch_input_duration_ms=1
[2026-02-02 22:48:38.358] [info] [spider.worker] [TIMING] task_id=6c838850-9b0e-4829-825f-cdecc1901537 func=job_orchestration.executor.query.spider_search_task.search_without_channel input_send_start=501760567 input_send_end=501760567 input_send_duration_ms=0 bytes=612
[2026-02-02 22:48:38.358] [info] [spider.worker] [TIMING] task_id=6c838850-9b0e-4829-825f-cdecc1901537 func=job_orchestration.executor.query.spider_search_task.search_without_channel spawn_start=501760566 spawn_end=501760567 spawn_duration_ms=0
[2026-02-02 22:48:39.996] [info] [spider.worker] [TIMING] task_id=6c838850-9b0e-4829-825f-cdecc1901537 func=job_orchestration.executor.query.spider_search_task.search_without_channel execution_start=501760567 execution_end=501762204 execution_duration_ms=1637
[2026-02-02 22:48:40.022] [info] [spider.worker] [TIMING] task_id=6c838850-9b0e-4829-825f-cdecc1901537 func=job_orchestration.executor.query.spider_search_task.search_without_channel submit_output_start=501762206 submit_output_end=501762231 submit_output_duration_ms=24
[2026-02-02 22:48:40.047] [info] [spider.worker] [TIMING] worker_id=c24cc8ec-862b-4f21-b519-0a82097cf7ec task_id=44c02400-81df-4c2f-825b-4b0c9f1bfa42 get_next_task request_start=501762233 connect_end=501762234 send_end=501762234 receive_end=501762234 connect_duration_ms=0 send_duration_ms=0 receive_duration_ms=0 total_duration_ms=1
[2026-02-02 22:48:40.050] [info] [spider.worker] [TIMING] task_id=44c02400-81df-4c2f-825b-4b0c9f1bfa42 func=job_orchestration.executor.query.spider_search_task.search_without_channel fetch_input_start=501762257 fetch_input_end=501762258 fetch_input_duration_ms=0
[2026-02-02 22:48:40.050] [info] [spider.worker] [TIMING] task_id=44c02400-81df-4c2f-825b-4b0c9f1bfa42 func=job_orchestration.executor.query.spider_search_task.search_without_channel input_send_start=501762259 input_send_end=501762259 input_send_duration_ms=0 bytes=612
[2026-02-02 22:48:40.050] [info] [spider.worker] [TIMING] task_id=44c02400-81df-4c2f-825b-4b0c9f1bfa42 func=job_orchestration.executor.query.spider_search_task.search_without_channel spawn_start=501762258 spawn_end=501762259 spawn_duration_ms=0
[2026-02-02 22:48:41.379] [info] [spider.worker] [TIMING] task_id=44c02400-81df-4c2f-825b-4b0c9f1bfa42 func=job_orchestration.executor.query.spider_search_task.search_without_channel execution_start=501762259 execution_end=501763587 execution_duration_ms=1328
[2026-02-02 22:48:41.389] [info] [spider.worker] [TIMING] task_id=44c02400-81df-4c2f-825b-4b0c9f1bfa42 func=job_orchestration.executor.query.spider_search_task.search_without_channel submit_output_start=501763589 submit_output_end=501763597 submit_output_duration_ms=8
[2026-02-02 22:48:41.397] [info] [spider.worker] [TIMING] worker_id=c24cc8ec-862b-4f21-b519-0a82097cf7ec task_id=579d1087-3099-4953-843d-e4a4914b8c40 get_next_task request_start=501763599 connect_end=501763600 send_end=501763600 receive_end=501763600 connect_duration_ms=0 send_duration_ms=0 receive_duration_ms=0 total_duration_ms=0
[2026-02-02 22:48:41.400] [info] [spider.worker] [TIMING] task_id=579d1087-3099-4953-843d-e4a4914b8c40 func=job_orchestration.executor.query.spider_search_task.search_without_channel fetch_input_start=501763607 fetch_input_end=501763609 fetch_input_duration_ms=1
[2026-02-02 22:48:41.401] [info] [spider.worker] [TIMING] task_id=579d1087-3099-4953-843d-e4a4914b8c40 func=job_orchestration.executor.query.spider_search_task.search_without_channel input_send_start=501763609 input_send_end=501763609 input_send_duration_ms=0 bytes=612
[2026-02-02 22:48:41.401] [info] [spider.worker] [TIMING] task_id=579d1087-3099-4953-843d-e4a4914b8c40 func=job_orchestration.executor.query.spider_search_task.search_without_channel spawn_start=501763609 spawn_end=501763609 spawn_duration_ms=0
[2026-02-02 22:48:42.760] [info] [spider.worker] [TIMING] task_id=579d1087-3099-4953-843d-e4a4914b8c40 func=job_orchestration.executor.query.spider_search_task.search_without_channel execution_start=501763609 execution_end=501764968 execution_duration_ms=1359
[2026-02-02 22:48:42.815] [info] [spider.worker] [TIMING] task_id=579d1087-3099-4953-843d-e4a4914b8c40 func=job_orchestration.executor.query.spider_search_task.search_without_channel submit_output_start=501764970 submit_output_end=501765023 submit_output_duration_ms=52
[2026-02-02 22:48:42.831] [info] [spider.worker] [TIMING] worker_id=c24cc8ec-862b-4f21-b519-0a82097cf7ec task_id=6aae93e1-72dc-40bb-b9a4-6195a4590c47 get_next_task request_start=501765026 connect_end=501765027 send_end=501765027 receive_end=501765027 connect_duration_ms=0 send_duration_ms=0 receive_duration_ms=0 total_duration_ms=1
[2026-02-02 22:48:42.835] [info] [spider.worker] [TIMING] task_id=6aae93e1-72dc-40bb-b9a4-6195a4590c47 func=job_orchestration.executor.query.spider_search_task.search_without_channel fetch_input_start=501765042 fetch_input_end=501765043 fetch_input_duration_ms=1
[2026-02-02 22:48:42.835] [info] [spider.worker] [TIMING] task_id=6aae93e1-72dc-40bb-b9a4-6195a4590c47 func=job_orchestration.executor.query.spider_search_task.search_without_channel input_send_start=501765044 input_send_end=501765044 input_send_duration_ms=0 bytes=612
[2026-02-02 22:48:42.835] [info] [spider.worker] [TIMING] task_id=6aae93e1-72dc-40bb-b9a4-6195a4590c47 func=job_orchestration.executor.query.spider_search_task.search_without_channel spawn_start=501765043 spawn_end=501765044 spawn_duration_ms=0
[2026-02-02 22:48:44.128] [info] [spider.worker] [TIMING] task_id=6aae93e1-72dc-40bb-b9a4-6195a4590c47 func=job_orchestration.executor.query.spider_search_task.search_without_channel execution_start=501765044 execution_end=501766336 execution_duration_ms=1292
[2026-02-02 22:48:44.156] [info] [spider.worker] [TIMING] task_id=6aae93e1-72dc-40bb-b9a4-6195a4590c47 func=job_orchestration.executor.query.spider_search_task.search_without_channel submit_output_start=501766338 submit_output_end=501766365 submit_output_duration_ms=26
[2026-02-02 22:48:44.173] [info] [spider.worker] [TIMING] worker_id=c24cc8ec-862b-4f21-b519-0a82097cf7ec task_id=9b9b04e2-cb06-408e-ad67-dc875a9befcd get_next_task request_start=501766368 connect_end=501766369 send_end=501766369 receive_end=501766369 connect_duration_ms=0 send_duration_ms=0 receive_duration_ms=0 total_duration_ms=1
[2026-02-02 22:48:44.176] [info] [spider.worker] [TIMING] task_id=9b9b04e2-cb06-408e-ad67-dc875a9befcd func=job_orchestration.executor.query.spider_search_task.search_without_channel fetch_input_start=501766383 fetch_input_end=501766384 fetch_input_duration_ms=1
[2026-02-02 22:48:44.176] [info] [spider.worker] [TIMING] task_id=9b9b04e2-cb06-408e-ad67-dc875a9befcd func=job_orchestration.executor.query.spider_search_task.search_without_channel input_send_start=501766384 input_send_end=501766384 input_send_duration_ms=0 bytes=612
[2026-02-02 22:48:44.176] [info] [spider.worker] [TIMING] task_id=9b9b04e2-cb06-408e-ad67-dc875a9befcd func=job_orchestration.executor.query.spider_search_task.search_without_channel spawn_start=501766384 spawn_end=501766385 spawn_duration_ms=0
[2026-02-02 22:48:45.477] [info] [spider.worker] [TIMING] task_id=9b9b04e2-cb06-408e-ad67-dc875a9befcd func=job_orchestration.executor.query.spider_search_task.search_without_channel execution_start=501766385 execution_end=501767685 execution_duration_ms=1300
[2026-02-02 22:48:45.490] [info] [spider.worker] [TIMING] task_id=9b9b04e2-cb06-408e-ad67-dc875a9befcd func=job_orchestration.executor.query.spider_search_task.search_without_channel submit_output_start=501767687 submit_output_end=501767698 submit_output_duration_ms=10
[2026-02-02 22:48:45.535] [info] [spider.worker] [TIMING] worker_id=c24cc8ec-862b-4f21-b519-0a82097cf7ec task_id=f51f002c-f0f9-453b-90ac-a5cb7531cd76 get_next_task request_start=501767700 connect_end=501767701 send_end=501767701 receive_end=501767701 connect_duration_ms=0 send_duration_ms=0 receive_duration_ms=0 total_duration_ms=0
[2026-02-02 22:48:45.538] [info] [spider.worker] [TIMING] task_id=f51f002c-f0f9-453b-90ac-a5cb7531cd76 func=job_orchestration.executor.query.spider_search_task.search_without_channel fetch_input_start=501767746 fetch_input_end=501767747 fetch_input_duration_ms=1
[2026-02-02 22:48:45.539] [info] [spider.worker] [TIMING] task_id=f51f002c-f0f9-453b-90ac-a5cb7531cd76 func=job_orchestration.executor.query.spider_search_task.search_without_channel input_send_start=501767747 input_send_end=501767747 input_send_duration_ms=0 bytes=612
[2026-02-02 22:48:45.539] [info] [spider.worker] [TIMING] task_id=f51f002c-f0f9-453b-90ac-a5cb7531cd76 func=job_orchestration.executor.query.spider_search_task.search_without_channel spawn_start=501767747 spawn_end=501767747 spawn_duration_ms=0
[2026-02-02 22:48:46.811] [info] [spider.worker] [TIMING] task_id=f51f002c-f0f9-453b-90ac-a5cb7531cd76 func=job_orchestration.executor.query.spider_search_task.search_without_channel execution_start=501767748 execution_end=501769020 execution_duration_ms=1272
[2026-02-02 22:48:46.823] [info] [spider.worker] [TIMING] task_id=f51f002c-f0f9-453b-90ac-a5cb7531cd76 func=job_orchestration.executor.query.spider_search_task.search_without_channel submit_output_start=501769021 submit_output_end=501769032 submit_output_duration_ms=10
[2026-02-02 22:48:46.846] [info] [spider.worker] [TIMING] worker_id=c24cc8ec-862b-4f21-b519-0a82097cf7ec task_id=9faf5df2-9ff0-4a82-90de-3f4b245777a9 get_next_task request_start=501769034 connect_end=501769035 send_end=501769035 receive_end=501769035 connect_duration_ms=0 send_duration_ms=0 receive_duration_ms=0 total_duration_ms=1
[2026-02-02 22:48:46.849] [info] [spider.worker] [TIMING] task_id=9faf5df2-9ff0-4a82-90de-3f4b245777a9 func=job_orchestration.executor.query.spider_search_task.search_without_channel fetch_input_start=501769057 fetch_input_end=501769058 fetch_input_duration_ms=0
[2026-02-02 22:48:46.850] [info] [spider.worker] [TIMING] task_id=9faf5df2-9ff0-4a82-90de-3f4b245777a9 func=job_orchestration.executor.query.spider_search_task.search_without_channel input_send_start=501769058 input_send_end=501769058 input_send_duration_ms=0 bytes=612
[2026-02-02 22:48:46.850] [info] [spider.worker] [TIMING] task_id=9faf5df2-9ff0-4a82-90de-3f4b245777a9 func=job_orchestration.executor.query.spider_search_task.search_without_channel spawn_start=501769058 spawn_end=501769058 spawn_duration_ms=0
[2026-02-02 22:48:48.003] [info] [spider.worker] [TIMING] task_id=9faf5df2-9ff0-4a82-90de-3f4b245777a9 func=job_orchestration.executor.query.spider_search_task.search_without_channel execution_start=501769058 execution_end=501770211 execution_duration_ms=1152
[2026-02-02 22:48:48.109] [info] [spider.worker] [TIMING] task_id=9faf5df2-9ff0-4a82-90de-3f4b245777a9 func=job_orchestration.executor.query.spider_search_task.search_without_channel submit_output_start=501770234 submit_output_end=501770317 submit_output_duration_ms=83
[2026-02-02 22:48:48.244] [info] [spider.worker] [TIMING] worker_id=c24cc8ec-862b-4f21-b519-0a82097cf7ec task_id=cfa7861c-51fd-4d24-9d5f-6d82b80459de get_next_task request_start=501770320 connect_end=501770321 send_end=501770321 receive_end=501770321 connect_duration_ms=0 send_duration_ms=0 receive_duration_ms=0 total_duration_ms=1
[2026-02-02 22:48:48.270] [info] [spider.worker] [TIMING] task_id=cfa7861c-51fd-4d24-9d5f-6d82b80459de func=job_orchestration.executor.query.spider_search_task.search_without_channel fetch_input_start=501770478 fetch_input_end=501770479 fetch_input_duration_ms=0
[2026-02-02 22:48:48.271] [info] [spider.worker] [TIMING] task_id=cfa7861c-51fd-4d24-9d5f-6d82b80459de func=job_orchestration.executor.query.spider_search_task.search_without_channel input_send_start=501770479 input_send_end=501770479 input_send_duration_ms=0 bytes=612
[2026-02-02 22:48:48.271] [info] [spider.worker] [TIMING] task_id=cfa7861c-51fd-4d24-9d5f-6d82b80459de func=job_orchestration.executor.query.spider_search_task.search_without_channel spawn_start=501770479 spawn_end=501770479 spawn_duration_ms=0
[2026-02-02 22:48:49.743] [info] [spider.worker] [TIMING] task_id=cfa7861c-51fd-4d24-9d5f-6d82b80459de func=job_orchestration.executor.query.spider_search_task.search_without_channel execution_start=501770479 execution_end=501771952 execution_duration_ms=1472
[2026-02-02 22:48:49.757] [info] [spider.worker] [TIMING] task_id=cfa7861c-51fd-4d24-9d5f-6d82b80459de func=job_orchestration.executor.query.spider_search_task.search_without_channel submit_output_start=501771953 submit_output_end=501771965 submit_output_duration_ms=12
[2026-02-02 22:48:49.774] [info] [spider.worker] [TIMING] worker_id=c24cc8ec-862b-4f21-b519-0a82097cf7ec task_id=4a13b4bd-aa3b-45cd-969b-e708326f06c3 get_next_task request_start=501771968 connect_end=501771969 send_end=501771969 receive_end=501771969 connect_duration_ms=0 send_duration_ms=0 receive_duration_ms=0 total_duration_ms=0
[2026-02-02 22:48:49.778] [info] [spider.worker] [TIMING] task_id=4a13b4bd-aa3b-45cd-969b-e708326f06c3 func=job_orchestration.executor.query.spider_search_task.search_without_channel fetch_input_start=501771985 fetch_input_end=501771987 fetch_input_duration_ms=1
[2026-02-02 22:48:49.779] [info] [spider.worker] [TIMING] task_id=4a13b4bd-aa3b-45cd-969b-e708326f06c3 func=job_orchestration.executor.query.spider_search_task.search_without_channel input_send_start=501771987 input_send_end=501771987 input_send_duration_ms=0 bytes=612
[2026-02-02 22:48:49.779] [info] [spider.worker] [TIMING] task_id=4a13b4bd-aa3b-45cd-969b-e708326f06c3 func=job_orchestration.executor.query.spider_search_task.search_without_channel spawn_start=501771987 spawn_end=501771987 spawn_duration_ms=0
[2026-02-02 22:48:51.122] [info] [spider.worker] [TIMING] task_id=4a13b4bd-aa3b-45cd-969b-e708326f06c3 func=job_orchestration.executor.query.spider_search_task.search_without_channel execution_start=501771988 execution_end=501773330 execution_duration_ms=1342
[2026-02-02 22:48:51.157] [info] [spider.worker] [TIMING] task_id=4a13b4bd-aa3b-45cd-969b-e708326f06c3 func=job_orchestration.executor.query.spider_search_task.search_without_channel submit_output_start=501773332 submit_output_end=501773366 submit_output_duration_ms=33
[2026-02-02 22:48:51.174] [info] [spider.worker] [TIMING] worker_id=c24cc8ec-862b-4f21-b519-0a82097cf7ec task_id=10de579c-81c4-4c31-a91e-dec56a1d4565 get_next_task request_start=501773368 connect_end=501773369 send_end=501773369 receive_end=501773369 connect_duration_ms=1 send_duration_ms=0 receive_duration_ms=0 total_duration_ms=1
[2026-02-02 22:48:51.177] [info] [spider.worker] [TIMING] task_id=10de579c-81c4-4c31-a91e-dec56a1d4565 func=job_orchestration.executor.query.spider_search_task.search_without_channel fetch_input_start=501773384 fetch_input_end=501773385 fetch_input_duration_ms=1
[2026-02-02 22:48:51.177] [info] [spider.worker] [TIMING] task_id=10de579c-81c4-4c31-a91e-dec56a1d4565 func=job_orchestration.executor.query.spider_search_task.search_without_channel input_send_start=501773386 input_send_end=501773386 input_send_duration_ms=0 bytes=612
[2026-02-02 22:48:51.177] [info] [spider.worker] [TIMING] task_id=10de579c-81c4-4c31-a91e-dec56a1d4565 func=job_orchestration.executor.query.spider_search_task.search_without_channel spawn_start=501773385 spawn_end=501773386 spawn_duration_ms=0
[2026-02-02 22:48:52.489] [info] [spider.worker] [TIMING] task_id=10de579c-81c4-4c31-a91e-dec56a1d4565 func=job_orchestration.executor.query.spider_search_task.search_without_channel execution_start=501773386 execution_end=501774698 execution_duration_ms=1311
[2026-02-02 22:48:52.507] [info] [spider.worker] [TIMING] task_id=10de579c-81c4-4c31-a91e-dec56a1d4565 func=job_orchestration.executor.query.spider_search_task.search_without_channel submit_output_start=501774700 submit_output_end=501774716 submit_output_duration_ms=16
[2026-02-02 22:48:52.524] [info] [spider.worker] [TIMING] worker_id=c24cc8ec-862b-4f21-b519-0a82097cf7ec task_id=acae73a7-1bb7-43e7-9c60-0e97dee37a76 get_next_task request_start=501774718 connect_end=501774719 send_end=501774719 receive_end=501774719 connect_duration_ms=0 send_duration_ms=0 receive_duration_ms=0 total_duration_ms=1
[2026-02-02 22:48:52.527] [info] [spider.worker] [TIMING] task_id=acae73a7-1bb7-43e7-9c60-0e97dee37a76 func=job_orchestration.executor.query.spider_search_task.search_without_channel fetch_input_start=501774734 fetch_input_end=501774736 fetch_input_duration_ms=1
[2026-02-02 22:48:52.528] [info] [spider.worker] [TIMING] task_id=acae73a7-1bb7-43e7-9c60-0e97dee37a76 func=job_orchestration.executor.query.spider_search_task.search_without_channel input_send_start=501774736 input_send_end=501774736 input_send_duration_ms=0 bytes=612
[2026-02-02 22:48:52.528] [info] [spider.worker] [TIMING] task_id=acae73a7-1bb7-43e7-9c60-0e97dee37a76 func=job_orchestration.executor.query.spider_search_task.search_without_channel spawn_start=501774736 spawn_end=501774736 spawn_duration_ms=0
[2026-02-02 22:48:53.736] [info] [spider.worker] [TIMING] task_id=acae73a7-1bb7-43e7-9c60-0e97dee37a76 func=job_orchestration.executor.query.spider_search_task.search_without_channel execution_start=501774736 execution_end=501775945 execution_duration_ms=1208
[2026-02-02 22:48:53.766] [info] [spider.worker] [TIMING] task_id=acae73a7-1bb7-43e7-9c60-0e97dee37a76 func=job_orchestration.executor.query.spider_search_task.search_without_channel submit_output_start=501775946 submit_output_end=501775974 submit_output_duration_ms=28
[2026-02-02 22:48:53.816] [info] [spider.worker] [TIMING] worker_id=c24cc8ec-862b-4f21-b519-0a82097cf7ec task_id=bffaf529-6922-46e3-a683-96cd749d58d6 get_next_task request_start=501775976 connect_end=501775977 send_end=501775977 receive_end=501775977 connect_duration_ms=0 send_duration_ms=0 receive_duration_ms=0 total_duration_ms=1
[2026-02-02 22:48:53.819] [info] [spider.worker] [TIMING] task_id=bffaf529-6922-46e3-a683-96cd749d58d6 func=job_orchestration.executor.query.spider_search_task.search_without_channel fetch_input_start=501776026 fetch_input_end=501776027 fetch_input_duration_ms=0
[2026-02-02 22:48:53.820] [info] [spider.worker] [TIMING] task_id=bffaf529-6922-46e3-a683-96cd749d58d6 func=job_orchestration.executor.query.spider_search_task.search_without_channel input_send_start=501776028 input_send_end=501776028 input_send_duration_ms=0 bytes=612
[2026-02-02 22:48:53.820] [info] [spider.worker] [TIMING] task_id=bffaf529-6922-46e3-a683-96cd749d58d6 func=job_orchestration.executor.query.spider_search_task.search_without_channel spawn_start=501776027 spawn_end=501776028 spawn_duration_ms=0
[2026-02-02 22:48:55.025] [info] [spider.worker] [TIMING] task_id=bffaf529-6922-46e3-a683-96cd749d58d6 func=job_orchestration.executor.query.spider_search_task.search_without_channel execution_start=501776028 execution_end=501777233 execution_duration_ms=1205
[2026-02-02 22:48:55.085] [info] [spider.worker] [TIMING] task_id=bffaf529-6922-46e3-a683-96cd749d58d6 func=job_orchestration.executor.query.spider_search_task.search_without_channel submit_output_start=501777235 submit_output_end=501777293 submit_output_duration_ms=58
[2026-02-02 22:48:55.108] [info] [spider.worker] [TIMING] worker_id=c24cc8ec-862b-4f21-b519-0a82097cf7ec task_id=4a0b2e6e-0085-4ecb-b4e3-e73d9286edb7 get_next_task request_start=501777296 connect_end=501777297 send_end=501777297 receive_end=501777297 connect_duration_ms=0 send_duration_ms=0 receive_duration_ms=0 total_duration_ms=0
[2026-02-02 22:48:55.110] [info] [spider.worker] [TIMING] task_id=4a0b2e6e-0085-4ecb-b4e3-e73d9286edb7 func=job_orchestration.executor.query.spider_search_task.search_without_channel fetch_input_start=501777318 fetch_input_end=501777318 fetch_input_duration_ms=0
[2026-02-02 22:48:55.111] [info] [spider.worker] [TIMING] task_id=4a0b2e6e-0085-4ecb-b4e3-e73d9286edb7 func=job_orchestration.executor.query.spider_search_task.search_without_channel input_send_start=501777319 input_send_end=501777319 input_send_duration_ms=0 bytes=612
[2026-02-02 22:48:55.111] [info] [spider.worker] [TIMING] task_id=4a0b2e6e-0085-4ecb-b4e3-e73d9286edb7 func=job_orchestration.executor.query.spider_search_task.search_without_channel spawn_start=501777319 spawn_end=501777319 spawn_duration_ms=0
[2026-02-02 22:48:56.422] [info] [spider.worker] [TIMING] task_id=4a0b2e6e-0085-4ecb-b4e3-e73d9286edb7 func=job_orchestration.executor.query.spider_search_task.search_without_channel execution_start=501777319 execution_end=501778630 execution_duration_ms=1311
[2026-02-02 22:48:56.489] [info] [spider.worker] [TIMING] task_id=4a0b2e6e-0085-4ecb-b4e3-e73d9286edb7 func=job_orchestration.executor.query.spider_search_task.search_without_channel submit_output_start=501778639 submit_output_end=501778697 submit_output_duration_ms=58
[2026-02-02 22:48:56.541] [info] [spider.worker] [TIMING] worker_id=c24cc8ec-862b-4f21-b519-0a82097cf7ec task_id=2a966d43-6015-4dc2-90b0-d5f83128a067 get_next_task request_start=501778699 connect_end=501778700 send_end=501778700 receive_end=501778700 connect_duration_ms=0 send_duration_ms=0 receive_duration_ms=0 total_duration_ms=0
[2026-02-02 22:48:56.544] [info] [spider.worker] [TIMING] task_id=2a966d43-6015-4dc2-90b0-d5f83128a067 func=job_orchestration.executor.query.spider_search_task.search_without_channel fetch_input_start=501778752 fetch_input_end=501778753 fetch_input_duration_ms=0
[2026-02-02 22:48:56.545] [info] [spider.worker] [TIMING] task_id=2a966d43-6015-4dc2-90b0-d5f83128a067 func=job_orchestration.executor.query.spider_search_task.search_without_channel input_send_start=501778753 input_send_end=501778753 input_send_duration_ms=0 bytes=612
[2026-02-02 22:48:56.545] [info] [spider.worker] [TIMING] task_id=2a966d43-6015-4dc2-90b0-d5f83128a067 func=job_orchestration.executor.query.spider_search_task.search_without_channel spawn_start=501778753 spawn_end=501778753 spawn_duration_ms=0
[2026-02-02 22:48:58.127] [info] [spider.worker] [TIMING] task_id=2a966d43-6015-4dc2-90b0-d5f83128a067 func=job_orchestration.executor.query.spider_search_task.search_without_channel execution_start=501778753 execution_end=501780335 execution_duration_ms=1582
[2026-02-02 22:48:58.176] [info] [spider.worker] [TIMING] task_id=2a966d43-6015-4dc2-90b0-d5f83128a067 func=job_orchestration.executor.query.spider_search_task.search_without_channel submit_output_start=501780336 submit_output_end=501780384 submit_output_duration_ms=47
[2026-02-02 22:48:58.192] [info] [spider.worker] [TIMING] worker_id=c24cc8ec-862b-4f21-b519-0a82097cf7ec task_id=ded73cb4-d30d-4eba-9f84-0ff0eb67f0b9 get_next_task request_start=501780386 connect_end=501780387 send_end=501780387 receive_end=501780387 connect_duration_ms=0 send_duration_ms=0 receive_duration_ms=0 total_duration_ms=0
[2026-02-02 22:48:58.194] [info] [spider.worker] [TIMING] task_id=ded73cb4-d30d-4eba-9f84-0ff0eb67f0b9 func=job_orchestration.executor.query.spider_search_task.search_without_channel fetch_input_start=501780401 fetch_input_end=501780402 fetch_input_duration_ms=0
[2026-02-02 22:48:58.194] [info] [spider.worker] [TIMING] task_id=ded73cb4-d30d-4eba-9f84-0ff0eb67f0b9 func=job_orchestration.executor.query.spider_search_task.search_without_channel input_send_start=501780403 input_send_end=501780403 input_send_duration_ms=0 bytes=612
[2026-02-02 22:48:58.195] [info] [spider.worker] [TIMING] task_id=ded73cb4-d30d-4eba-9f84-0ff0eb67f0b9 func=job_orchestration.executor.query.spider_search_task.search_without_channel spawn_start=501780402 spawn_end=501780403 spawn_duration_ms=0
[2026-02-02 22:48:59.846] [info] [spider.worker] [TIMING] task_id=ded73cb4-d30d-4eba-9f84-0ff0eb67f0b9 func=job_orchestration.executor.query.spider_search_task.search_without_channel execution_start=501780403 execution_end=501782054 execution_duration_ms=1651
[2026-02-02 22:48:59.858] [info] [spider.worker] [TIMING] task_id=ded73cb4-d30d-4eba-9f84-0ff0eb67f0b9 func=job_orchestration.executor.query.spider_search_task.search_without_channel submit_output_start=501782057 submit_output_end=501782067 submit_output_duration_ms=10
[2026-02-02 22:48:59.875] [info] [spider.worker] [TIMING] worker_id=c24cc8ec-862b-4f21-b519-0a82097cf7ec task_id=f3c139ae-8af9-42b7-a073-70d732d53b29 get_next_task request_start=501782069 connect_end=501782070 send_end=501782070 receive_end=501782070 connect_duration_ms=0 send_duration_ms=0 receive_duration_ms=0 total_duration_ms=1
[2026-02-02 22:48:59.878] [info] [spider.worker] [TIMING] task_id=f3c139ae-8af9-42b7-a073-70d732d53b29 func=job_orchestration.executor.query.spider_search_task.search_without_channel fetch_input_start=501782085 fetch_input_end=501782087 fetch_input_duration_ms=1
[2026-02-02 22:48:59.879] [info] [spider.worker] [TIMING] task_id=f3c139ae-8af9-42b7-a073-70d732d53b29 func=job_orchestration.executor.query.spider_search_task.search_without_channel input_send_start=501782087 input_send_end=501782087 input_send_duration_ms=0 bytes=612
[2026-02-02 22:48:59.879] [info] [spider.worker] [TIMING] task_id=f3c139ae-8af9-42b7-a073-70d732d53b29 func=job_orchestration.executor.query.spider_search_task.search_without_channel spawn_start=501782087 spawn_end=501782087 spawn_duration_ms=0
[2026-02-02 22:49:01.325] [info] [spider.worker] [TIMING] task_id=f3c139ae-8af9-42b7-a073-70d732d53b29 func=job_orchestration.executor.query.spider_search_task.search_without_channel execution_start=501782088 execution_end=501783534 execution_duration_ms=1446
[2026-02-02 22:49:01.342] [info] [spider.worker] [TIMING] task_id=f3c139ae-8af9-42b7-a073-70d732d53b29 func=job_orchestration.executor.query.spider_search_task.search_without_channel submit_output_start=501783536 submit_output_end=501783550 submit_output_duration_ms=14
[2026-02-02 22:49:01.375] [info] [spider.worker] [TIMING] worker_id=c24cc8ec-862b-4f21-b519-0a82097cf7ec task_id=ba5d15c8-7382-4de9-a14d-872b9282d6c6 get_next_task request_start=501783552 connect_end=501783553 send_end=501783553 receive_end=501783553 connect_duration_ms=0 send_duration_ms=0 receive_duration_ms=0 total_duration_ms=0
[2026-02-02 22:49:01.378] [info] [spider.worker] [TIMING] task_id=ba5d15c8-7382-4de9-a14d-872b9282d6c6 func=job_orchestration.executor.query.spider_search_task.search_without_channel fetch_input_start=501783585 fetch_input_end=501783587 fetch_input_duration_ms=1
[2026-02-02 22:49:01.379] [info] [spider.worker] [TIMING] task_id=ba5d15c8-7382-4de9-a14d-872b9282d6c6 func=job_orchestration.executor.query.spider_search_task.search_without_channel input_send_start=501783587 input_send_end=501783587 input_send_duration_ms=0 bytes=612
[2026-02-02 22:49:01.379] [info] [spider.worker] [TIMING] task_id=ba5d15c8-7382-4de9-a14d-872b9282d6c6 func=job_orchestration.executor.query.spider_search_task.search_without_channel spawn_start=501783587 spawn_end=501783587 spawn_duration_ms=0
[2026-02-02 22:49:02.821] [info] [spider.worker] [TIMING] task_id=ba5d15c8-7382-4de9-a14d-872b9282d6c6 func=job_orchestration.executor.query.spider_search_task.search_without_channel execution_start=501783588 execution_end=501785029 execution_duration_ms=1441
[2026-02-02 22:49:02.852] [info] [spider.worker] [TIMING] task_id=ba5d15c8-7382-4de9-a14d-872b9282d6c6 func=job_orchestration.executor.query.spider_search_task.search_without_channel submit_output_start=501785031 submit_output_end=501785060 submit_output_duration_ms=28
[2026-02-02 22:49:02.893] [info] [spider.worker] [TIMING] worker_id=c24cc8ec-862b-4f21-b519-0a82097cf7ec task_id=bfb8e9b9-f918-4301-b814-fe2cc46c5be7 get_next_task request_start=501785062 connect_end=501785063 send_end=501785063 receive_end=501785063 connect_duration_ms=0 send_duration_ms=0 receive_duration_ms=0 total_duration_ms=1
[2026-02-02 22:49:02.897] [info] [spider.worker] [TIMING] task_id=bfb8e9b9-f918-4301-b814-fe2cc46c5be7 func=job_orchestration.executor.query.spider_search_task.search_without_channel fetch_input_start=501785104 fetch_input_end=501785105 fetch_input_duration_ms=1
[2026-02-02 22:49:02.897] [info] [spider.worker] [TIMING] task_id=bfb8e9b9-f918-4301-b814-fe2cc46c5be7 func=job_orchestration.executor.query.spider_search_task.search_without_channel input_send_start=501785105 input_send_end=501785105 input_send_duration_ms=0 bytes=612
[2026-02-02 22:49:02.897] [info] [spider.worker] [TIMING] task_id=bfb8e9b9-f918-4301-b814-fe2cc46c5be7 func=job_orchestration.executor.query.spider_search_task.search_without_channel spawn_start=501785105 spawn_end=501785105 spawn_duration_ms=0
[2026-02-02 22:49:04.109] [info] [spider.worker] [TIMING] task_id=bfb8e9b9-f918-4301-b814-fe2cc46c5be7 func=job_orchestration.executor.query.spider_search_task.search_without_channel execution_start=501785106 execution_end=501786317 execution_duration_ms=1211
[2026-02-02 22:49:04.146] [info] [spider.worker] [TIMING] task_id=bfb8e9b9-f918-4301-b814-fe2cc46c5be7 func=job_orchestration.executor.query.spider_search_task.search_without_channel submit_output_start=501786319 submit_output_end=501786354 submit_output_duration_ms=34
[2026-02-02 22:49:04.167] [info] [spider.worker] [TIMING] worker_id=c24cc8ec-862b-4f21-b519-0a82097cf7ec task_id=e292e8a1-faf8-451c-8f00-03c1cd0a16ee get_next_task request_start=501786357 connect_end=501786357 send_end=501786357 receive_end=501786358 connect_duration_ms=0 send_duration_ms=0 receive_duration_ms=0 total_duration_ms=0
[2026-02-02 22:49:04.170] [info] [spider.worker] [TIMING] task_id=e292e8a1-faf8-451c-8f00-03c1cd0a16ee func=job_orchestration.executor.query.spider_search_task.search_without_channel fetch_input_start=501786377 fetch_input_end=501786378 fetch_input_duration_ms=1
[2026-02-02 22:49:04.170] [info] [spider.worker] [TIMING] task_id=e292e8a1-faf8-451c-8f00-03c1cd0a16ee func=job_orchestration.executor.query.spider_search_task.search_without_channel input_send_start=501786379 input_send_end=501786379 input_send_duration_ms=0 bytes=612
[2026-02-02 22:49:04.170] [info] [spider.worker] [TIMING] task_id=e292e8a1-faf8-451c-8f00-03c1cd0a16ee func=job_orchestration.executor.query.spider_search_task.search_without_channel spawn_start=501786378 spawn_end=501786379 spawn_duration_ms=0
[2026-02-02 22:49:05.493] [info] [spider.worker] [TIMING] task_id=e292e8a1-faf8-451c-8f00-03c1cd0a16ee func=job_orchestration.executor.query.spider_search_task.search_without_channel execution_start=501786379 execution_end=501787702 execution_duration_ms=1322
[2026-02-02 22:49:05.533] [info] [spider.worker] [TIMING] task_id=e292e8a1-faf8-451c-8f00-03c1cd0a16ee func=job_orchestration.executor.query.spider_search_task.search_without_channel submit_output_start=501787703 submit_output_end=501787741 submit_output_duration_ms=37
[2026-02-02 22:49:05.551] [info] [spider.worker] [TIMING] worker_id=c24cc8ec-862b-4f21-b519-0a82097cf7ec task_id=a209921a-a067-413b-b3e1-8e83fa62a110 get_next_task request_start=501787743 connect_end=501787744 send_end=501787744 receive_end=501787744 connect_duration_ms=0 send_duration_ms=0 receive_duration_ms=0 total_duration_ms=1
[2026-02-02 22:49:05.553] [info] [spider.worker] [TIMING] task_id=a209921a-a067-413b-b3e1-8e83fa62a110 func=job_orchestration.executor.query.spider_search_task.search_without_channel fetch_input_start=501787761 fetch_input_end=501787762 fetch_input_duration_ms=0
[2026-02-02 22:49:05.554] [info] [spider.worker] [TIMING] task_id=a209921a-a067-413b-b3e1-8e83fa62a110 func=job_orchestration.executor.query.spider_search_task.search_without_channel input_send_start=501787762 input_send_end=501787762 input_send_duration_ms=0 bytes=612
[2026-02-02 22:49:05.554] [info] [spider.worker] [TIMING] task_id=a209921a-a067-413b-b3e1-8e83fa62a110 func=job_orchestration.executor.query.spider_search_task.search_without_channel spawn_start=501787762 spawn_end=501787762 spawn_duration_ms=0
[2026-02-02 22:49:06.890] [info] [spider.worker] [TIMING] task_id=a209921a-a067-413b-b3e1-8e83fa62a110 func=job_orchestration.executor.query.spider_search_task.search_without_channel execution_start=501787762 execution_end=501789099 execution_duration_ms=1336
[2026-02-02 22:49:06.920] [info] [spider.worker] [TIMING] task_id=a209921a-a067-413b-b3e1-8e83fa62a110 func=job_orchestration.executor.query.spider_search_task.search_without_channel submit_output_start=501789100 submit_output_end=501789128 submit_output_duration_ms=27
[2026-02-02 22:49:06.943] [info] [spider.worker] [TIMING] worker_id=c24cc8ec-862b-4f21-b519-0a82097cf7ec task_id=c6903c06-dbdb-4302-b02d-295500d5acee get_next_task request_start=501789130 connect_end=501789131 send_end=501789131 receive_end=501789132 connect_duration_ms=1 send_duration_ms=0 receive_duration_ms=0 total_duration_ms=1
[2026-02-02 22:49:06.945] [info] [spider.worker] [TIMING] task_id=c6903c06-dbdb-4302-b02d-295500d5acee func=job_orchestration.executor.query.spider_search_task.search_without_channel fetch_input_start=501789153 fetch_input_end=501789154 fetch_input_duration_ms=1
[2026-02-02 22:49:06.946] [info] [spider.worker] [TIMING] task_id=c6903c06-dbdb-4302-b02d-295500d5acee func=job_orchestration.executor.query.spider_search_task.search_without_channel input_send_start=501789154 input_send_end=501789154 input_send_duration_ms=0 bytes=612
[2026-02-02 22:49:06.946] [info] [spider.worker] [TIMING] task_id=c6903c06-dbdb-4302-b02d-295500d5acee func=job_orchestration.executor.query.spider_search_task.search_without_channel spawn_start=501789154 spawn_end=501789154 spawn_duration_ms=0
[2026-02-02 22:49:08.260] [info] [spider.worker] [TIMING] task_id=c6903c06-dbdb-4302-b02d-295500d5acee func=job_orchestration.executor.query.spider_search_task.search_without_channel execution_start=501789154 execution_end=501790469 execution_duration_ms=1314
[2026-02-02 22:49:08.307] [info] [spider.worker] [TIMING] task_id=c6903c06-dbdb-4302-b02d-295500d5acee func=job_orchestration.executor.query.spider_search_task.search_without_channel submit_output_start=501790471 submit_output_end=501790515 submit_output_duration_ms=44
[2026-02-02 22:49:08.326] [info] [spider.worker] [TIMING] worker_id=c24cc8ec-862b-4f21-b519-0a82097cf7ec task_id=3f4ad94c-5958-409a-840d-f831220da706 get_next_task request_start=501790517 connect_end=501790518 send_end=501790518 receive_end=501790518 connect_duration_ms=0 send_duration_ms=0 receive_duration_ms=0 total_duration_ms=0
[2026-02-02 22:49:08.328] [info] [spider.worker] [TIMING] task_id=3f4ad94c-5958-409a-840d-f831220da706 func=job_orchestration.executor.query.spider_search_task.search_without_channel fetch_input_start=501790536 fetch_input_end=501790537 fetch_input_duration_ms=0
[2026-02-02 22:49:08.329] [info] [spider.worker] [TIMING] task_id=3f4ad94c-5958-409a-840d-f831220da706 func=job_orchestration.executor.query.spider_search_task.search_without_channel input_send_start=501790537 input_send_end=501790537 input_send_duration_ms=0 bytes=612
[2026-02-02 22:49:08.329] [info] [spider.worker] [TIMING] task_id=3f4ad94c-5958-409a-840d-f831220da706 func=job_orchestration.executor.query.spider_search_task.search_without_channel spawn_start=501790537 spawn_end=501790537 spawn_duration_ms=0
[2026-02-02 22:49:09.684] [info] [spider.worker] [TIMING] task_id=3f4ad94c-5958-409a-840d-f831220da706 func=job_orchestration.executor.query.spider_search_task.search_without_channel execution_start=501790537 execution_end=501791893 execution_duration_ms=1355
[2026-02-02 22:49:09.693] [info] [spider.worker] [TIMING] task_id=3f4ad94c-5958-409a-840d-f831220da706 func=job_orchestration.executor.query.spider_search_task.search_without_channel submit_output_start=501791895 submit_output_end=501791901 submit_output_duration_ms=6
[2026-02-02 22:49:09.710] [info] [spider.worker] [TIMING] worker_id=c24cc8ec-862b-4f21-b519-0a82097cf7ec task_id=5f71c78e-f499-4e55-9ac7-7826569a8d0e get_next_task request_start=501791904 connect_end=501791905 send_end=501791905 receive_end=501791905 connect_duration_ms=1 send_duration_ms=0 receive_duration_ms=0 total_duration_ms=1
[2026-02-02 22:49:09.713] [info] [spider.worker] [TIMING] task_id=5f71c78e-f499-4e55-9ac7-7826569a8d0e func=job_orchestration.executor.query.spider_search_task.search_without_channel fetch_input_start=501791920 fetch_input_end=501791921 fetch_input_duration_ms=1
[2026-02-02 22:49:09.713] [info] [spider.worker] [TIMING] task_id=5f71c78e-f499-4e55-9ac7-7826569a8d0e func=job_orchestration.executor.query.spider_search_task.search_without_channel input_send_start=501791922 input_send_end=501791922 input_send_duration_ms=0 bytes=612
[2026-02-02 22:49:09.713] [info] [spider.worker] [TIMING] task_id=5f71c78e-f499-4e55-9ac7-7826569a8d0e func=job_orchestration.executor.query.spider_search_task.search_without_channel spawn_start=501791921 spawn_end=501791922 spawn_duration_ms=0
[2026-02-02 22:49:11.029] [info] [spider.worker] [TIMING] task_id=5f71c78e-f499-4e55-9ac7-7826569a8d0e func=job_orchestration.executor.query.spider_search_task.search_without_channel execution_start=501791922 execution_end=501793237 execution_duration_ms=1315
[2026-02-02 22:49:11.043] [info] [spider.worker] [TIMING] task_id=5f71c78e-f499-4e55-9ac7-7826569a8d0e func=job_orchestration.executor.query.spider_search_task.search_without_channel submit_output_start=501793239 submit_output_end=501793252 submit_output_duration_ms=12
[2026-02-02 22:49:11.060] [info] [spider.worker] [TIMING] worker_id=c24cc8ec-862b-4f21-b519-0a82097cf7ec task_id=d0c173ba-1280-4420-a0a5-ef9ac34484f7 get_next_task request_start=501793254 connect_end=501793255 send_end=501793255 receive_end=501793255 connect_duration_ms=0 send_duration_ms=0 receive_duration_ms=0 total_duration_ms=1
[2026-02-02 22:49:11.063] [info] [spider.worker] [TIMING] task_id=d0c173ba-1280-4420-a0a5-ef9ac34484f7 func=job_orchestration.executor.query.spider_search_task.search_without_channel fetch_input_start=501793270 fetch_input_end=501793272 fetch_input_duration_ms=1
[2026-02-02 22:49:11.064] [info] [spider.worker] [TIMING] task_id=d0c173ba-1280-4420-a0a5-ef9ac34484f7 func=job_orchestration.executor.query.spider_search_task.search_without_channel input_send_start=501793272 input_send_end=501793272 input_send_duration_ms=0 bytes=612
[2026-02-02 22:49:11.064] [info] [spider.worker] [TIMING] task_id=d0c173ba-1280-4420-a0a5-ef9ac34484f7 func=job_orchestration.executor.query.spider_search_task.search_without_channel spawn_start=501793272 spawn_end=501793272 spawn_duration_ms=0
[2026-02-02 22:49:12.266] [info] [spider.worker] [TIMING] task_id=d0c173ba-1280-4420-a0a5-ef9ac34484f7 func=job_orchestration.executor.query.spider_search_task.search_without_channel execution_start=501793272 execution_end=501794474 execution_duration_ms=1201
[2026-02-02 22:49:12.291] [info] [spider.worker] [TIMING] task_id=d0c173ba-1280-4420-a0a5-ef9ac34484f7 func=job_orchestration.executor.query.spider_search_task.search_without_channel submit_output_start=501794476 submit_output_end=501794500 submit_output_duration_ms=24
[2026-02-02 22:49:12.310] [info] [spider.worker] [TIMING] worker_id=c24cc8ec-862b-4f21-b519-0a82097cf7ec task_id=42260408-c51e-4134-a2fd-9e0c50640358 get_next_task request_start=501794502 connect_end=501794503 send_end=501794503 receive_end=501794503 connect_duration_ms=0 send_duration_ms=0 receive_duration_ms=0 total_duration_ms=0
[2026-02-02 22:49:12.313] [info] [spider.worker] [TIMING] task_id=42260408-c51e-4134-a2fd-9e0c50640358 func=job_orchestration.executor.query.spider_search_task.search_without_channel fetch_input_start=501794520 fetch_input_end=501794521 fetch_input_duration_ms=1
[2026-02-02 22:49:12.314] [info] [spider.worker] [TIMING] task_id=42260408-c51e-4134-a2fd-9e0c50640358 func=job_orchestration.executor.query.spider_search_task.search_without_channel input_send_start=501794522 input_send_end=501794522 input_send_duration_ms=0 bytes=612
[2026-02-02 22:49:12.314] [info] [spider.worker] [TIMING] task_id=42260408-c51e-4134-a2fd-9e0c50640358 func=job_orchestration.executor.query.spider_search_task.search_without_channel spawn_start=501794521 spawn_end=501794522 spawn_duration_ms=0
[2026-02-02 22:49:13.657] [info] [spider.worker] [TIMING] task_id=42260408-c51e-4134-a2fd-9e0c50640358 func=job_orchestration.executor.query.spider_search_task.search_without_channel execution_start=501794522 execution_end=501795865 execution_duration_ms=1342
[2026-02-02 22:49:13.669] [info] [spider.worker] [TIMING] task_id=42260408-c51e-4134-a2fd-9e0c50640358 func=job_orchestration.executor.query.spider_search_task.search_without_channel submit_output_start=501795867 submit_output_end=501795877 submit_output_duration_ms=10
[2026-02-02 22:49:13.685] [info] [spider.worker] [TIMING] worker_id=c24cc8ec-862b-4f21-b519-0a82097cf7ec task_id=67ec8ac7-2ded-422a-b9bc-c963527c34b5 get_next_task request_start=501795879 connect_end=501795880 send_end=501795880 receive_end=501795880 connect_duration_ms=0 send_duration_ms=0 receive_duration_ms=0 total_duration_ms=0
[2026-02-02 22:49:13.688] [info] [spider.worker] [TIMING] task_id=67ec8ac7-2ded-422a-b9bc-c963527c34b5 func=job_orchestration.executor.query.spider_search_task.search_without_channel fetch_input_start=501795895 fetch_input_end=501795896 fetch_input_duration_ms=1
[2026-02-02 22:49:13.689] [info] [spider.worker] [TIMING] task_id=67ec8ac7-2ded-422a-b9bc-c963527c34b5 func=job_orchestration.executor.query.spider_search_task.search_without_channel input_send_start=501795897 input_send_end=501795897 input_send_duration_ms=0 bytes=612
[2026-02-02 22:49:13.689] [info] [spider.worker] [TIMING] task_id=67ec8ac7-2ded-422a-b9bc-c963527c34b5 func=job_orchestration.executor.query.spider_search_task.search_without_channel spawn_start=501795896 spawn_end=501795897 spawn_duration_ms=0
[2026-02-02 22:49:14.969] [info] [spider.worker] [TIMING] task_id=67ec8ac7-2ded-422a-b9bc-c963527c34b5 func=job_orchestration.executor.query.spider_search_task.search_without_channel execution_start=501795897 execution_end=501797177 execution_duration_ms=1280
[2026-02-02 22:49:14.977] [info] [spider.worker] [TIMING] task_id=67ec8ac7-2ded-422a-b9bc-c963527c34b5 func=job_orchestration.executor.query.spider_search_task.search_without_channel submit_output_start=501797179 submit_output_end=501797185 submit_output_duration_ms=6
[2026-02-02 22:49:14.994] [info] [spider.worker] [TIMING] worker_id=c24cc8ec-862b-4f21-b519-0a82097cf7ec task_id=0b72c38f-ef0f-49da-a5a2-718abe144210 get_next_task request_start=501797188 connect_end=501797188 send_end=501797188 receive_end=501797189 connect_duration_ms=0 send_duration_ms=0 receive_duration_ms=0 total_duration_ms=0
[2026-02-02 22:49:14.996] [info] [spider.worker] [TIMING] task_id=0b72c38f-ef0f-49da-a5a2-718abe144210 func=job_orchestration.executor.query.spider_search_task.search_without_channel fetch_input_start=501797204 fetch_input_end=501797205 fetch_input_duration_ms=1
[2026-02-02 22:49:14.997] [info] [spider.worker] [TIMING] task_id=0b72c38f-ef0f-49da-a5a2-718abe144210 func=job_orchestration.executor.query.spider_search_task.search_without_channel input_send_start=501797205 input_send_end=501797205 input_send_duration_ms=0 bytes=612
[2026-02-02 22:49:14.997] [info] [spider.worker] [TIMING] task_id=0b72c38f-ef0f-49da-a5a2-718abe144210 func=job_orchestration.executor.query.spider_search_task.search_without_channel spawn_start=501797205 spawn_end=501797205 spawn_duration_ms=0
[2026-02-02 22:49:16.269] [info] [spider.worker] [TIMING] task_id=0b72c38f-ef0f-49da-a5a2-718abe144210 func=job_orchestration.executor.query.spider_search_task.search_without_channel execution_start=501797205 execution_end=501798477 execution_duration_ms=1271
[2026-02-02 22:49:16.300] [info] [spider.worker] [TIMING] task_id=0b72c38f-ef0f-49da-a5a2-718abe144210 func=job_orchestration.executor.query.spider_search_task.search_without_channel submit_output_start=501798479 submit_output_end=501798508 submit_output_duration_ms=29
[2026-02-02 22:49:16.319] [info] [spider.worker] [TIMING] worker_id=c24cc8ec-862b-4f21-b519-0a82097cf7ec task_id=65db519b-d8e5-495b-8bf0-ab5d148355af get_next_task request_start=501798511 connect_end=501798512 send_end=501798512 receive_end=501798512 connect_duration_ms=1 send_duration_ms=0 receive_duration_ms=0 total_duration_ms=1
[2026-02-02 22:49:16.322] [info] [spider.worker] [TIMING] task_id=65db519b-d8e5-495b-8bf0-ab5d148355af func=job_orchestration.executor.query.spider_search_task.search_without_channel fetch_input_start=501798529 fetch_input_end=501798531 fetch_input_duration_ms=1
[2026-02-02 22:49:16.323] [info] [spider.worker] [TIMING] task_id=65db519b-d8e5-495b-8bf0-ab5d148355af func=job_orchestration.executor.query.spider_search_task.search_without_channel input_send_start=501798531 input_send_end=501798531 input_send_duration_ms=0 bytes=612
[2026-02-02 22:49:16.323] [info] [spider.worker] [TIMING] task_id=65db519b-d8e5-495b-8bf0-ab5d148355af func=job_orchestration.executor.query.spider_search_task.search_without_channel spawn_start=501798531 spawn_end=501798531 spawn_duration_ms=0
[2026-02-02 22:49:17.585] [info] [spider.worker] [TIMING] task_id=65db519b-d8e5-495b-8bf0-ab5d148355af func=job_orchestration.executor.query.spider_search_task.search_without_channel execution_start=501798532 execution_end=501799794 execution_duration_ms=1262
[2026-02-02 22:49:17.611] [info] [spider.worker] [TIMING] task_id=65db519b-d8e5-495b-8bf0-ab5d148355af func=job_orchestration.executor.query.spider_search_task.search_without_channel submit_output_start=501799796 submit_output_end=501799820 submit_output_duration_ms=24
[2026-02-02 22:49:17.628] [info] [spider.worker] [TIMING] worker_id=c24cc8ec-862b-4f21-b519-0a82097cf7ec task_id=6213e999-5e98-4cbe-aa32-9eca43cd0869 get_next_task request_start=501799822 connect_end=501799823 send_end=501799823 receive_end=501799823 connect_duration_ms=1 send_duration_ms=0 receive_duration_ms=0 total_duration_ms=1
[2026-02-02 22:49:17.631] [info] [spider.worker] [TIMING] task_id=6213e999-5e98-4cbe-aa32-9eca43cd0869 func=job_orchestration.executor.query.spider_search_task.search_without_channel fetch_input_start=501799838 fetch_input_end=501799839 fetch_input_duration_ms=1
[2026-02-02 22:49:17.631] [info] [spider.worker] [TIMING] task_id=6213e999-5e98-4cbe-aa32-9eca43cd0869 func=job_orchestration.executor.query.spider_search_task.search_without_channel input_send_start=501799840 input_send_end=501799840 input_send_duration_ms=0 bytes=612
[2026-02-02 22:49:17.631] [info] [spider.worker] [TIMING] task_id=6213e999-5e98-4cbe-aa32-9eca43cd0869 func=job_orchestration.executor.query.spider_search_task.search_without_channel spawn_start=501799839 spawn_end=501799840 spawn_duration_ms=0
[2026-02-02 22:49:18.981] [info] [spider.worker] [TIMING] task_id=6213e999-5e98-4cbe-aa32-9eca43cd0869 func=job_orchestration.executor.query.spider_search_task.search_without_channel execution_start=501799840 execution_end=501801189 execution_duration_ms=1349
[2026-02-02 22:49:19.023] [info] [spider.worker] [TIMING] task_id=6213e999-5e98-4cbe-aa32-9eca43cd0869 func=job_orchestration.executor.query.spider_search_task.search_without_channel submit_output_start=501801191 submit_output_end=501801232 submit_output_duration_ms=40
[2026-02-02 22:49:19.044] [info] [spider.worker] [TIMING] worker_id=c24cc8ec-862b-4f21-b519-0a82097cf7ec task_id=1f2eccc6-3f00-402a-b477-009e3448daad get_next_task request_start=501801234 connect_end=501801235 send_end=501801235 receive_end=501801235 connect_duration_ms=0 send_duration_ms=0 receive_duration_ms=0 total_duration_ms=1
[2026-02-02 22:49:19.048] [info] [spider.worker] [TIMING] task_id=1f2eccc6-3f00-402a-b477-009e3448daad func=job_orchestration.executor.query.spider_search_task.search_without_channel fetch_input_start=501801255 fetch_input_end=501801256 fetch_input_duration_ms=1
[2026-02-02 22:49:19.048] [info] [spider.worker] [TIMING] task_id=1f2eccc6-3f00-402a-b477-009e3448daad func=job_orchestration.executor.query.spider_search_task.search_without_channel input_send_start=501801257 input_send_end=501801257 input_send_duration_ms=0 bytes=612
[2026-02-02 22:49:19.048] [info] [spider.worker] [TIMING] task_id=1f2eccc6-3f00-402a-b477-009e3448daad func=job_orchestration.executor.query.spider_search_task.search_without_channel spawn_start=501801256 spawn_end=501801257 spawn_duration_ms=0
[2026-02-02 22:49:20.423] [info] [spider.worker] [TIMING] task_id=1f2eccc6-3f00-402a-b477-009e3448daad func=job_orchestration.executor.query.spider_search_task.search_without_channel execution_start=501801257 execution_end=501802632 execution_duration_ms=1374
[2026-02-02 22:49:20.451] [info] [spider.worker] [TIMING] task_id=1f2eccc6-3f00-402a-b477-009e3448daad func=job_orchestration.executor.query.spider_search_task.search_without_channel submit_output_start=501802633 submit_output_end=501802660 submit_output_duration_ms=26
[2026-02-02 22:49:20.502] [info] [spider.worker] [TIMING] worker_id=c24cc8ec-862b-4f21-b519-0a82097cf7ec task_id=68f623cd-6743-4289-b34f-1478d45df5b3 get_next_task request_start=501802662 connect_end=501802662 send_end=501802662 receive_end=501802662 connect_duration_ms=0 send_duration_ms=0 receive_duration_ms=0 total_duration_ms=0
[2026-02-02 22:49:20.505] [info] [spider.worker] [TIMING] task_id=68f623cd-6743-4289-b34f-1478d45df5b3 func=job_orchestration.executor.query.spider_search_task.search_without_channel fetch_input_start=501802712 fetch_input_end=501802714 fetch_input_duration_ms=1
[2026-02-02 22:49:20.506] [info] [spider.worker] [TIMING] task_id=68f623cd-6743-4289-b34f-1478d45df5b3 func=job_orchestration.executor.query.spider_search_task.search_without_channel input_send_start=501802714 input_send_end=501802714 input_send_duration_ms=0 bytes=612
[2026-02-02 22:49:20.506] [info] [spider.worker] [TIMING] task_id=68f623cd-6743-4289-b34f-1478d45df5b3 func=job_orchestration.executor.query.spider_search_task.search_without_channel spawn_start=501802714 spawn_end=501802714 spawn_duration_ms=0
[2026-02-02 22:49:21.821] [info] [spider.worker] [TIMING] task_id=68f623cd-6743-4289-b34f-1478d45df5b3 func=job_orchestration.executor.query.spider_search_task.search_without_channel execution_start=501802714 execution_end=501804029 execution_duration_ms=1314
[2026-02-02 22:49:21.853] [info] [spider.worker] [TIMING] task_id=68f623cd-6743-4289-b34f-1478d45df5b3 func=job_orchestration.executor.query.spider_search_task.search_without_channel submit_output_start=501804039 submit_output_end=501804061 submit_output_duration_ms=22
[2026-02-02 22:49:21.895] [info] [spider.worker] [TIMING] worker_id=c24cc8ec-862b-4f21-b519-0a82097cf7ec task_id=d72540b6-02df-431a-955a-a75c42f12236 get_next_task request_start=501804064 connect_end=501804064 send_end=501804064 receive_end=501804065 connect_duration_ms=0 send_duration_ms=0 receive_duration_ms=0 total_duration_ms=1
[2026-02-02 22:49:21.898] [info] [spider.worker] [TIMING] task_id=d72540b6-02df-431a-955a-a75c42f12236 func=job_orchestration.executor.query.spider_search_task.search_without_channel fetch_input_start=501804105 fetch_input_end=501804106 fetch_input_duration_ms=1
[2026-02-02 22:49:21.898] [info] [spider.worker] [TIMING] task_id=d72540b6-02df-431a-955a-a75c42f12236 func=job_orchestration.executor.query.spider_search_task.search_without_channel input_send_start=501804106 input_send_end=501804106 input_send_duration_ms=0 bytes=612
[2026-02-02 22:49:21.898] [info] [spider.worker] [TIMING] task_id=d72540b6-02df-431a-955a-a75c42f12236 func=job_orchestration.executor.query.spider_search_task.search_without_channel spawn_start=501804106 spawn_end=501804106 spawn_duration_ms=0
[2026-02-02 22:49:23.350] [info] [spider.worker] [TIMING] task_id=d72540b6-02df-431a-955a-a75c42f12236 func=job_orchestration.executor.query.spider_search_task.search_without_channel execution_start=501804107 execution_end=501805558 execution_duration_ms=1451
[2026-02-02 22:49:23.385] [info] [spider.worker] [TIMING] task_id=d72540b6-02df-431a-955a-a75c42f12236 func=job_orchestration.executor.query.spider_search_task.search_without_channel submit_output_start=501805560 submit_output_end=501805594 submit_output_duration_ms=33
[2026-02-02 22:49:23.420] [info] [spider.worker] [TIMING] worker_id=c24cc8ec-862b-4f21-b519-0a82097cf7ec task_id=572f2c78-e8af-4b70-bc38-6cc5a3b42f3c get_next_task request_start=501805596 connect_end=501805597 send_end=501805597 receive_end=501805597 connect_duration_ms=0 send_duration_ms=0 receive_duration_ms=0 total_duration_ms=1
[2026-02-02 22:49:23.423] [info] [spider.worker] [TIMING] task_id=572f2c78-e8af-4b70-bc38-6cc5a3b42f3c func=job_orchestration.executor.query.spider_search_task.search_without_channel fetch_input_start=501805630 fetch_input_end=501805631 fetch_input_duration_ms=1
[2026-02-02 22:49:23.424] [info] [spider.worker] [TIMING] task_id=572f2c78-e8af-4b70-bc38-6cc5a3b42f3c func=job_orchestration.executor.query.spider_search_task.search_without_channel input_send_start=501805632 input_send_end=501805632 input_send_duration_ms=0 bytes=612
[2026-02-02 22:49:23.424] [info] [spider.worker] [TIMING] task_id=572f2c78-e8af-4b70-bc38-6cc5a3b42f3c func=job_orchestration.executor.query.spider_search_task.search_without_channel spawn_start=501805632 spawn_end=501805632 spawn_duration_ms=0
[2026-02-02 22:49:24.614] [info] [spider.worker] [TIMING] task_id=572f2c78-e8af-4b70-bc38-6cc5a3b42f3c func=job_orchestration.executor.query.spider_search_task.search_without_channel execution_start=501805632 execution_end=501806822 execution_duration_ms=1190
[2026-02-02 22:49:24.670] [info] [spider.worker] [TIMING] task_id=572f2c78-e8af-4b70-bc38-6cc5a3b42f3c func=job_orchestration.executor.query.spider_search_task.search_without_channel submit_output_start=501806823 submit_output_end=501806879 submit_output_duration_ms=55
[2026-02-02 22:49:24.675] [info] [spider.worker] [TIMING] worker_id=c24cc8ec-862b-4f21-b519-0a82097cf7ec task_id=none get_next_task request_start=501806881 connect_end=501806882 send_end=501806882 receive_end=501806884 connect_duration_ms=0 send_duration_ms=0 receive_duration_ms=2 total_duration_ms=2
[2026-02-02 22:49:24.781] [info] [spider.worker] [TIMING] worker_id=c24cc8ec-862b-4f21-b519-0a82097cf7ec task_id=none get_next_task request_start=501806985 connect_end=501806986 send_end=501806986 receive_end=501806989 connect_duration_ms=0 send_duration_ms=0 receive_duration_ms=2 total_duration_ms=3
[2026-02-02 22:49:24.992] [info] [spider.worker] [TIMING] worker_id=c24cc8ec-862b-4f21-b519-0a82097cf7ec task_id=none get_next_task request_start=501807099 connect_end=501807099 send_end=501807099 receive_end=501807201 connect_duration_ms=0 send_duration_ms=0 receive_duration_ms=101 total_duration_ms=102
[2026-02-02 22:49:25.104] [info] [spider.worker] [TIMING] worker_id=c24cc8ec-862b-4f21-b519-0a82097cf7ec task_id=none get_next_task request_start=501807303 connect_end=501807304 send_end=501807304 receive_end=501807312 connect_duration_ms=1 send_duration_ms=0 receive_duration_ms=7 total_duration_ms=8
[2026-02-02 22:49:25.210] [info] [spider.worker] [TIMING] worker_id=c24cc8ec-862b-4f21-b519-0a82097cf7ec task_id=none get_next_task request_start=501807414 connect_end=501807415 send_end=501807415 receive_end=501807419 connect_duration_ms=1 send_duration_ms=0 receive_duration_ms=3 total_duration_ms=4
[2026-02-02 22:49:25.317] [info] [spider.worker] [TIMING] worker_id=c24cc8ec-862b-4f21-b519-0a82097cf7ec task_id=none get_next_task request_start=501807521 connect_end=501807522 send_end=501807522 receive_end=501807525 connect_duration_ms=1 send_duration_ms=0 receive_duration_ms=2 total_duration_ms=4
[2026-02-02 22:49:25.425] [info] [spider.worker] [TIMING] worker_id=c24cc8ec-862b-4f21-b519-0a82097cf7ec task_id=none get_next_task request_start=501807628 connect_end=501807629 send_end=501807629 receive_end=501807634 connect_duration_ms=1 send_duration_ms=0 receive_duration_ms=4 total_duration_ms=6
[2026-02-02 22:49:25.532] [info] [spider.worker] [TIMING] worker_id=c24cc8ec-862b-4f21-b519-0a82097cf7ec task_id=none get_next_task request_start=501807736 connect_end=501807737 send_end=501807737 receive_end=501807740 connect_duration_ms=1 send_duration_ms=0 receive_duration_ms=2 total_duration_ms=4
[2026-02-02 22:49:25.639] [info] [spider.worker] [TIMING] worker_id=c24cc8ec-862b-4f21-b519-0a82097cf7ec task_id=none get_next_task request_start=501807843 connect_end=501807844 send_end=501807844 receive_end=501807847 connect_duration_ms=1 send_duration_ms=0 receive_duration_ms=3 total_duration_ms=4
[2026-02-02 22:49:25.744] [info] [spider.worker] [TIMING] worker_id=c24cc8ec-862b-4f21-b519-0a82097cf7ec task_id=none get_next_task request_start=501807949 connect_end=501807950 send_end=501807950 receive_end=501807952 connect_duration_ms=0 send_duration_ms=0 receive_duration_ms=1 total_duration_ms=2
[2026-02-02 22:49:25.848] [info] [spider.worker] [TIMING] worker_id=c24cc8ec-862b-4f21-b519-0a82097cf7ec task_id=none get_next_task request_start=501808054 connect_end=501808055 send_end=501808055 receive_end=501808057 connect_duration_ms=1 send_duration_ms=0 receive_duration_ms=1 total_duration_ms=3
[2026-02-02 22:49:25.955] [info] [spider.worker] [TIMING] worker_id=c24cc8ec-862b-4f21-b519-0a82097cf7ec task_id=none get_next_task request_start=501808159 connect_end=501808160 send_end=501808160 receive_end=501808163 connect_duration_ms=1 send_duration_ms=0 receive_duration_ms=3 total_duration_ms=4
[2026-02-02 22:49:26.063] [info] [spider.worker] [TIMING] worker_id=c24cc8ec-862b-4f21-b519-0a82097cf7ec task_id=none get_next_task request_start=501808266 connect_end=501808267 send_end=501808267 receive_end=501808271 connect_duration_ms=0 send_duration_ms=0 receive_duration_ms=4 total_duration_ms=5
[2026-02-02 22:49:26.171] [info] [spider.worker] [TIMING] worker_id=c24cc8ec-862b-4f21-b519-0a82097cf7ec task_id=none get_next_task request_start=501808374 connect_end=501808375 send_end=501808375 receive_end=501808380 connect_duration_ms=1 send_duration_ms=0 receive_duration_ms=4 total_duration_ms=5
[2026-02-02 22:49:26.279] [info] [spider.worker] [TIMING] worker_id=c24cc8ec-862b-4f21-b519-0a82097cf7ec task_id=none get_next_task request_start=501808483 connect_end=501808484 send_end=501808484 receive_end=501808487 connect_duration_ms=1 send_duration_ms=0 receive_duration_ms=2 total_duration_ms=4
[2026-02-02 22:49:26.382] [info] [spider.worker] [TIMING] worker_id=c24cc8ec-862b-4f21-b519-0a82097cf7ec task_id=none get_next_task request_start=501808588 connect_end=501808589 send_end=501808589 receive_end=501808591 connect_duration_ms=0 send_duration_ms=0 receive_duration_ms=1 total_duration_ms=2
[2026-02-02 22:49:26.487] [info] [spider.worker] [TIMING] worker_id=c24cc8ec-862b-4f21-b519-0a82097cf7ec task_id=none get_next_task request_start=501808693 connect_end=501808693 send_end=501808693 receive_end=501808695 connect_duration_ms=0 send_duration_ms=0 receive_duration_ms=1 total_duration_ms=2
[2026-02-02 22:49:26.593] [info] [spider.worker] [TIMING] worker_id=c24cc8ec-862b-4f21-b519-0a82097cf7ec task_id=none get_next_task request_start=501808797 connect_end=501808798 send_end=501808798 receive_end=501808802 connect_duration_ms=0 send_duration_ms=0 receive_duration_ms=3 total_duration_ms=4
[2026-02-02 22:49:26.699] [info] [spider.worker] [TIMING] worker_id=c24cc8ec-862b-4f21-b519-0a82097cf7ec task_id=none get_next_task request_start=501808903 connect_end=501808904 send_end=501808904 receive_end=501808907 connect_duration_ms=0 send_duration_ms=0 receive_duration_ms=3 total_duration_ms=3
[2026-02-02 22:49:26.805] [info] [spider.worker] [TIMING] worker_id=c24cc8ec-862b-4f21-b519-0a82097cf7ec task_id=none get_next_task request_start=501809009 connect_end=501809010 send_end=501809010 receive_end=501809013 connect_duration_ms=0 send_duration_ms=0 receive_duration_ms=3 total_duration_ms=3
[2026-02-02 22:49:26.911] [info] [spider.worker] [TIMING] worker_id=c24cc8ec-862b-4f21-b519-0a82097cf7ec task_id=none get_next_task request_start=501809115 connect_end=501809116 send_end=501809116 receive_end=501809119 connect_duration_ms=0 send_duration_ms=0 receive_duration_ms=2 total_duration_ms=3
[2026-02-02 22:49:27.018] [info] [spider.worker] [TIMING] worker_id=c24cc8ec-862b-4f21-b519-0a82097cf7ec task_id=none get_next_task request_start=501809221 connect_end=501809222 send_end=501809222 receive_end=501809226 connect_duration_ms=1 send_duration_ms=0 receive_duration_ms=3 total_duration_ms=4
[2026-02-02 22:49:27.122] [info] [spider.worker] [TIMING] worker_id=c24cc8ec-862b-4f21-b519-0a82097cf7ec task_id=none get_next_task request_start=501809328 connect_end=501809329 send_end=501809329 receive_end=501809330 connect_duration_ms=0 send_duration_ms=0 receive_duration_ms=1 total_duration_ms=2
[2026-02-02 22:49:27.228] [info] [spider.worker] [TIMING] worker_id=c24cc8ec-862b-4f21-b519-0a82097cf7ec task_id=none get_next_task request_start=501809432 connect_end=501809433 send_end=501809433 receive_end=501809437 connect_duration_ms=0 send_duration_ms=0 receive_duration_ms=3 total_duration_ms=4
[2026-02-02 22:49:27.346] [info] [spider.worker] [TIMING] worker_id=c24cc8ec-862b-4f21-b519-0a82097cf7ec task_id=none get_next_task request_start=501809550 connect_end=501809551 send_end=501809551 receive_end=501809554 connect_duration_ms=1 send_duration_ms=0 receive_duration_ms=2 total_duration_ms=3
[2026-02-02 22:49:27.451] [info] [spider.worker] [TIMING] worker_id=c24cc8ec-862b-4f21-b519-0a82097cf7ec task_id=none get_next_task request_start=501809656 connect_end=501809657 send_end=501809657 receive_end=501809659 connect_duration_ms=0 send_duration_ms=0 receive_duration_ms=2 total_duration_ms=3
[2026-02-02 22:49:27.559] [info] [spider.worker] [TIMING] worker_id=c24cc8ec-862b-4f21-b519-0a82097cf7ec task_id=none get_next_task request_start=501809761 connect_end=501809762 send_end=501809762 receive_end=501809767 connect_duration_ms=1 send_duration_ms=0 receive_duration_ms=5 total_duration_ms=6
[2026-02-02 22:49:27.665] [info] [spider.worker] [TIMING] worker_id=c24cc8ec-862b-4f21-b519-0a82097cf7ec task_id=none get_next_task request_start=501809869 connect_end=501809870 send_end=501809870 receive_end=501809874 connect_duration_ms=1 send_duration_ms=0 receive_duration_ms=3 total_duration_ms=4
[2026-02-02 22:49:27.773] [info] [spider.worker] [TIMING] worker_id=c24cc8ec-862b-4f21-b519-0a82097cf7ec task_id=none get_next_task request_start=501809977 connect_end=501809978 send_end=501809978 receive_end=501809981 connect_duration_ms=1 send_duration_ms=0 receive_duration_ms=3 total_duration_ms=4
[2026-02-02 22:49:27.880] [info] [spider.worker] [TIMING] worker_id=c24cc8ec-862b-4f21-b519-0a82097cf7ec task_id=none get_next_task request_start=501810084 connect_end=501810085 send_end=501810085 receive_end=501810088 connect_duration_ms=1 send_duration_ms=0 receive_duration_ms=2 total_duration_ms=4
[2026-02-02 22:49:27.986] [info] [spider.worker] [TIMING] worker_id=c24cc8ec-862b-4f21-b519-0a82097cf7ec task_id=none get_next_task request_start=501810190 connect_end=501810191 send_end=501810191 receive_end=501810194 connect_duration_ms=1 send_duration_ms=0 receive_duration_ms=3 total_duration_ms=4
[2026-02-02 22:49:28.092] [info] [spider.worker] [TIMING] worker_id=c24cc8ec-862b-4f21-b519-0a82097cf7ec task_id=none get_next_task request_start=501810297 connect_end=501810298 send_end=501810298 receive_end=501810300 connect_duration_ms=1 send_duration_ms=0 receive_duration_ms=2 total_duration_ms=3
[2026-02-02 22:49:28.197] [info] [spider.worker] [TIMING] worker_id=c24cc8ec-862b-4f21-b519-0a82097cf7ec task_id=none get_next_task request_start=501810402 connect_end=501810403 send_end=501810403 receive_end=501810405 connect_duration_ms=0 send_duration_ms=0 receive_duration_ms=1 total_duration_ms=2
[2026-02-02 22:49:28.302] [info] [spider.worker] [TIMING] worker_id=c24cc8ec-862b-4f21-b519-0a82097cf7ec task_id=none get_next_task request_start=501810507 connect_end=501810508 send_end=501810508 receive_end=501810510 connect_duration_ms=0 send_duration_ms=0 receive_duration_ms=2 total_duration_ms=3
[2026-02-02 22:49:28.405] [info] [spider.worker] [TIMING] worker_id=c24cc8ec-862b-4f21-b519-0a82097cf7ec task_id=none get_next_task request_start=501810611 connect_end=501810612 send_end=501810612 receive_end=501810613 connect_duration_ms=0 send_duration_ms=0 receive_duration_ms=1 total_duration_ms=1
[2026-02-02 22:49:28.510] [info] [spider.worker] [TIMING] worker_id=c24cc8ec-862b-4f21-b519-0a82097cf7ec task_id=none get_next_task request_start=501810714 connect_end=501810715 send_end=501810715 receive_end=501810718 connect_duration_ms=0 send_duration_ms=0 receive_duration_ms=3 total_duration_ms=3
[2026-02-02 22:49:28.616] [info] [spider.worker] [TIMING] worker_id=c24cc8ec-862b-4f21-b519-0a82097cf7ec task_id=none get_next_task request_start=501810820 connect_end=501810821 send_end=501810821 receive_end=501810824 connect_duration_ms=1 send_duration_ms=0 receive_duration_ms=2 total_duration_ms=4
[2026-02-02 22:49:28.723] [info] [spider.worker] [TIMING] worker_id=c24cc8ec-862b-4f21-b519-0a82097cf7ec task_id=none get_next_task request_start=501810927 connect_end=501810928 send_end=501810928 receive_end=501810931 connect_duration_ms=1 send_duration_ms=0 receive_duration_ms=2 total_duration_ms=4
[2026-02-02 22:49:28.829] [info] [spider.worker] [TIMING] worker_id=c24cc8ec-862b-4f21-b519-0a82097cf7ec task_id=none get_next_task request_start=501811034 connect_end=501811035 send_end=501811035 receive_end=501811037 connect_duration_ms=1 send_duration_ms=0 receive_duration_ms=1 total_duration_ms=3
[2026-02-02 22:49:28.935] [info] [spider.worker] [TIMING] worker_id=c24cc8ec-862b-4f21-b519-0a82097cf7ec task_id=none get_next_task request_start=501811139 connect_end=501811140 send_end=501811140 receive_end=501811143 connect_duration_ms=0 send_duration_ms=0 receive_duration_ms=2 total_duration_ms=3
[2026-02-02 22:49:29.041] [info] [spider.worker] [TIMING] worker_id=c24cc8ec-862b-4f21-b519-0a82097cf7ec task_id=none get_next_task request_start=501811245 connect_end=501811246 send_end=501811246 receive_end=501811249 connect_duration_ms=1 send_duration_ms=0 receive_duration_ms=3 total_duration_ms=4
[2026-02-02 22:49:29.146] [info] [spider.worker] [TIMING] worker_id=c24cc8ec-862b-4f21-b519-0a82097cf7ec task_id=none get_next_task request_start=501811351 connect_end=501811352 send_end=501811352 receive_end=501811355 connect_duration_ms=0 send_duration_ms=0 receive_duration_ms=2 total_duration_ms=3
[2026-02-02 22:49:29.252] [info] [spider.worker] [TIMING] worker_id=c24cc8ec-862b-4f21-b519-0a82097cf7ec task_id=none get_next_task request_start=501811457 connect_end=501811458 send_end=501811458 receive_end=501811460 connect_duration_ms=0 send_duration_ms=0 receive_duration_ms=2 total_duration_ms=3
[2026-02-02 22:49:29.359] [info] [spider.worker] [TIMING] worker_id=c24cc8ec-862b-4f21-b519-0a82097cf7ec task_id=none get_next_task request_start=501811563 connect_end=501811564 send_end=501811564 receive_end=501811567 connect_duration_ms=1 send_duration_ms=0 receive_duration_ms=3 total_duration_ms=4
[2026-02-02 22:49:29.467] [info] [spider.worker] [TIMING] worker_id=c24cc8ec-862b-4f21-b519-0a82097cf7ec task_id=none get_next_task request_start=501811670 connect_end=501811671 send_end=501811671 receive_end=501811675 connect_duration_ms=1 send_duration_ms=0 receive_duration_ms=3 total_duration_ms=5
[2026-02-02 22:49:29.574] [info] [spider.worker] [TIMING] worker_id=c24cc8ec-862b-4f21-b519-0a82097cf7ec task_id=none get_next_task request_start=501811778 connect_end=501811779 send_end=501811779 receive_end=501811783 connect_duration_ms=0 send_duration_ms=0 receive_duration_ms=3 total_duration_ms=4
[2026-02-02 22:49:29.682] [info] [spider.worker] [TIMING] worker_id=c24cc8ec-862b-4f21-b519-0a82097cf7ec task_id=none get_next_task request_start=501811885 connect_end=501811886 send_end=501811886 receive_end=501811890 connect_duration_ms=1 send_duration_ms=0 receive_duration_ms=3 total_duration_ms=4
[2026-02-02 22:49:29.790] [info] [spider.worker] [TIMING] worker_id=c24cc8ec-862b-4f21-b519-0a82097cf7ec task_id=none get_next_task request_start=501811993 connect_end=501811994 send_end=501811994 receive_end=501811998 connect_duration_ms=0 send_duration_ms=0 receive_duration_ms=4 total_duration_ms=5
[2026-02-02 22:49:29.897] [info] [spider.worker] [TIMING] worker_id=c24cc8ec-862b-4f21-b519-0a82097cf7ec task_id=none get_next_task request_start=501812101 connect_end=501812102 send_end=501812102 receive_end=501812106 connect_duration_ms=0 send_duration_ms=0 receive_duration_ms=3 total_duration_ms=4
[2026-02-02 22:49:30.004] [info] [spider.worker] [TIMING] worker_id=c24cc8ec-862b-4f21-b519-0a82097cf7ec task_id=none get_next_task request_start=501812208 connect_end=501812209 send_end=501812209 receive_end=501812212 connect_duration_ms=1 send_duration_ms=0 receive_duration_ms=3 total_duration_ms=4
[2026-02-02 22:49:30.109] [info] [spider.worker] [TIMING] worker_id=c24cc8ec-862b-4f21-b519-0a82097cf7ec task_id=none get_next_task request_start=501812314 connect_end=501812315 send_end=501812315 receive_end=501812318 connect_duration_ms=0 send_duration_ms=0 receive_duration_ms=2 total_duration_ms=3
[2026-02-02 22:49:30.214] [info] [spider.worker] [TIMING] worker_id=c24cc8ec-862b-4f21-b519-0a82097cf7ec task_id=none get_next_task request_start=501812419 connect_end=501812420 send_end=501812420 receive_end=501812422 connect_duration_ms=0 send_duration_ms=0 receive_duration_ms=1 total_duration_ms=2
[2026-02-02 22:49:30.321] [info] [spider.worker] [TIMING] worker_id=c24cc8ec-862b-4f21-b519-0a82097cf7ec task_id=none get_next_task request_start=501812524 connect_end=501812525 send_end=501812525 receive_end=501812530 connect_duration_ms=0 send_duration_ms=0 receive_duration_ms=4 total_duration_ms=5
[2026-02-02 22:49:30.429] [info] [spider.worker] [TIMING] worker_id=c24cc8ec-862b-4f21-b519-0a82097cf7ec task_id=none get_next_task request_start=501812632 connect_end=501812633 send_end=501812633 receive_end=501812637 connect_duration_ms=1 send_duration_ms=0 receive_duration_ms=3 total_duration_ms=4
[2026-02-02 22:49:30.536] [info] [spider.worker] [TIMING] worker_id=c24cc8ec-862b-4f21-b519-0a82097cf7ec task_id=none get_next_task request_start=501812739 connect_end=501812741 send_end=501812741 receive_end=501812744 connect_duration_ms=1 send_duration_ms=0 receive_duration_ms=3 total_duration_ms=4
[2026-02-02 22:49:30.642] [info] [spider.worker] [TIMING] worker_id=c24cc8ec-862b-4f21-b519-0a82097cf7ec task_id=none get_next_task request_start=501812846 connect_end=501812847 send_end=501812847 receive_end=501812850 connect_duration_ms=1 send_duration_ms=0 receive_duration_ms=3 total_duration_ms=4
[2026-02-02 22:49:30.746] [info] [spider.worker] [TIMING] worker_id=c24cc8ec-862b-4f21-b519-0a82097cf7ec task_id=none get_next_task request_start=501812952 connect_end=501812953 send_end=501812953 receive_end=501812954 connect_duration_ms=0 send_duration_ms=0 receive_duration_ms=1 total_duration_ms=1
[2026-02-02 22:49:30.852] [info] [spider.worker] [TIMING] worker_id=c24cc8ec-862b-4f21-b519-0a82097cf7ec task_id=none get_next_task request_start=501813056 connect_end=501813057 send_end=501813057 receive_end=501813060 connect_duration_ms=0 send_duration_ms=0 receive_duration_ms=3 total_duration_ms=4
[2026-02-02 22:49:30.957] [info] [spider.worker] [TIMING] worker_id=c24cc8ec-862b-4f21-b519-0a82097cf7ec task_id=none get_next_task request_start=501813163 connect_end=501813164 send_end=501813164 receive_end=501813166 connect_duration_ms=0 send_duration_ms=0 receive_duration_ms=1 total_duration_ms=2
[2026-02-02 22:49:31.062] [info] [spider.worker] [TIMING] worker_id=c24cc8ec-862b-4f21-b519-0a82097cf7ec task_id=none get_next_task request_start=501813268 connect_end=501813268 send_end=501813268 receive_end=501813270 connect_duration_ms=0 send_duration_ms=0 receive_duration_ms=1 total_duration_ms=2
[2026-02-02 22:49:31.171] [info] [spider.worker] [TIMING] worker_id=c24cc8ec-862b-4f21-b519-0a82097cf7ec task_id=none get_next_task request_start=501813372 connect_end=501813373 send_end=501813373 receive_end=501813379 connect_duration_ms=0 send_duration_ms=0 receive_duration_ms=5 total_duration_ms=6
[2026-02-02 22:49:31.278] [info] [spider.worker] [TIMING] worker_id=c24cc8ec-862b-4f21-b519-0a82097cf7ec task_id=none get_next_task request_start=501813481 connect_end=501813482 send_end=501813482 receive_end=501813486 connect_duration_ms=0 send_duration_ms=0 receive_duration_ms=4 total_duration_ms=4
[2026-02-02 22:49:31.382] [info] [spider.worker] [TIMING] worker_id=c24cc8ec-862b-4f21-b519-0a82097cf7ec task_id=none get_next_task request_start=501813588 connect_end=501813588 send_end=501813588 receive_end=501813590 connect_duration_ms=0 send_duration_ms=0 receive_duration_ms=1 total_duration_ms=2
[2026-02-02 22:49:31.486] [info] [spider.worker] [TIMING] worker_id=c24cc8ec-862b-4f21-b519-0a82097cf7ec task_id=none get_next_task request_start=501813692 connect_end=501813693 send_end=501813693 receive_end=501813694 connect_duration_ms=0 send_duration_ms=0 receive_duration_ms=1 total_duration_ms=2
[2026-02-02 22:49:31.591] [info] [spider.worker] [TIMING] worker_id=c24cc8ec-862b-4f21-b519-0a82097cf7ec task_id=none get_next_task request_start=501813796 connect_end=501813797 send_end=501813797 receive_end=501813800 connect_duration_ms=1 send_duration_ms=0 receive_duration_ms=2 total_duration_ms=3
[2026-02-02 22:49:31.699] [info] [spider.worker] [TIMING] worker_id=c24cc8ec-862b-4f21-b519-0a82097cf7ec task_id=none get_next_task request_start=501813902 connect_end=501813903 send_end=501813903 receive_end=501813907 connect_duration_ms=1 send_duration_ms=0 receive_duration_ms=3 total_duration_ms=4
[2026-02-02 22:49:31.805] [info] [spider.worker] [TIMING] worker_id=c24cc8ec-862b-4f21-b519-0a82097cf7ec task_id=none get_next_task request_start=501814009 connect_end=501814010 send_end=501814010 receive_end=501814013 connect_duration_ms=1 send_duration_ms=0 receive_duration_ms=3 total_duration_ms=4
[2026-02-02 22:49:31.911] [info] [spider.worker] [TIMING] worker_id=c24cc8ec-862b-4f21-b519-0a82097cf7ec task_id=none get_next_task request_start=501814116 connect_end=501814117 send_end=501814117 receive_end=501814120 connect_duration_ms=1 send_duration_ms=0 receive_duration_ms=2 total_duration_ms=4
[2026-02-02 22:49:32.018] [info] [spider.worker] [TIMING] worker_id=c24cc8ec-862b-4f21-b519-0a82097cf7ec task_id=none get_next_task request_start=501814222 connect_end=501814223 send_end=501814223 receive_end=501814226 connect_duration_ms=1 send_duration_ms=0 receive_duration_ms=2 total_duration_ms=4
[2026-02-02 22:49:32.124] [info] [spider.worker] [TIMING] worker_id=c24cc8ec-862b-4f21-b519-0a82097cf7ec task_id=none get_next_task request_start=501814329 connect_end=501814330 send_end=501814330 receive_end=501814333 connect_duration_ms=1 send_duration_ms=0 receive_duration_ms=3 total_duration_ms=4
[2026-02-02 22:49:32.232] [info] [spider.worker] [TIMING] worker_id=c24cc8ec-862b-4f21-b519-0a82097cf7ec task_id=none get_next_task request_start=501814435 connect_end=501814436 send_end=501814436 receive_end=501814441 connect_duration_ms=0 send_duration_ms=0 receive_duration_ms=4 total_duration_ms=5
[2026-02-02 22:49:32.339] [info] [spider.worker] [TIMING] worker_id=c24cc8ec-862b-4f21-b519-0a82097cf7ec task_id=none get_next_task request_start=501814543 connect_end=501814545 send_end=501814545 receive_end=501814548 connect_duration_ms=1 send_duration_ms=0 receive_duration_ms=3 total_duration_ms=4
[2026-02-02 22:49:32.450] [info] [spider.worker] [TIMING] worker_id=c24cc8ec-862b-4f21-b519-0a82097cf7ec task_id=none get_next_task request_start=501814650 connect_end=501814651 send_end=501814651 receive_end=501814659 connect_duration_ms=1 send_duration_ms=0 receive_duration_ms=7 total_duration_ms=8
[2026-02-02 22:49:32.558] [info] [spider.worker] [TIMING] worker_id=c24cc8ec-862b-4f21-b519-0a82097cf7ec task_id=none get_next_task request_start=501814762 connect_end=501814763 send_end=501814763 receive_end=501814766 connect_duration_ms=1 send_duration_ms=0 receive_duration_ms=3 total_duration_ms=4
[2026-02-02 22:49:32.666] [info] [spider.worker] [TIMING] worker_id=c24cc8ec-862b-4f21-b519-0a82097cf7ec task_id=none get_next_task request_start=501814869 connect_end=501814870 send_end=501814870 receive_end=501814874 connect_duration_ms=1 send_duration_ms=0 receive_duration_ms=3 total_duration_ms=4
[2026-02-02 22:49:32.773] [info] [spider.worker] [TIMING] worker_id=c24cc8ec-862b-4f21-b519-0a82097cf7ec task_id=none get_next_task request_start=501814977 connect_end=501814978 send_end=501814978 receive_end=501814982 connect_duration_ms=1 send_duration_ms=0 receive_duration_ms=3 total_duration_ms=5
[2026-02-02 22:49:32.880] [info] [spider.worker] [TIMING] worker_id=c24cc8ec-862b-4f21-b519-0a82097cf7ec task_id=none get_next_task request_start=501815084 connect_end=501815085 send_end=501815085 receive_end=501815089 connect_duration_ms=1 send_duration_ms=0 receive_duration_ms=3 total_duration_ms=4
[2026-02-02 22:49:32.988] [info] [spider.worker] [TIMING] worker_id=c24cc8ec-862b-4f21-b519-0a82097cf7ec task_id=none get_next_task request_start=501815191 connect_end=501815192 send_end=501815192 receive_end=501815197 connect_duration_ms=1 send_duration_ms=0 receive_duration_ms=4 total_duration_ms=5
[2026-02-02 22:49:33.097] [info] [spider.worker] [TIMING] worker_id=c24cc8ec-862b-4f21-b519-0a82097cf7ec task_id=none get_next_task request_start=501815299 connect_end=501815301 send_end=501815301 receive_end=501815305 connect_duration_ms=1 send_duration_ms=0 receive_duration_ms=4 total_duration_ms=5
[2026-02-02 22:49:33.214] [info] [spider.worker] [TIMING] worker_id=c24cc8ec-862b-4f21-b519-0a82097cf7ec task_id=none get_next_task request_start=501815408 connect_end=501815409 send_end=501815409 receive_end=501815422 connect_duration_ms=1 send_duration_ms=0 receive_duration_ms=12 total_duration_ms=14
[2026-02-02 22:49:33.321] [info] [spider.worker] [TIMING] worker_id=c24cc8ec-862b-4f21-b519-0a82097cf7ec task_id=none get_next_task request_start=501815525 connect_end=501815526 send_end=501815526 receive_end=501815529 connect_duration_ms=1 send_duration_ms=0 receive_duration_ms=3 total_duration_ms=4
[2026-02-02 22:49:33.429] [info] [spider.worker] [TIMING] worker_id=c24cc8ec-862b-4f21-b519-0a82097cf7ec task_id=none get_next_task request_start=501815632 connect_end=501815634 send_end=501815634 receive_end=501815637 connect_duration_ms=1 send_duration_ms=0 receive_duration_ms=3 total_duration_ms=4
[2026-02-02 22:49:33.536] [info] [spider.worker] [TIMING] worker_id=c24cc8ec-862b-4f21-b519-0a82097cf7ec task_id=none get_next_task request_start=501815740 connect_end=501815742 send_end=501815742 receive_end=501815745 connect_duration_ms=1 send_duration_ms=0 receive_duration_ms=2 total_duration_ms=4
[2026-02-02 22:49:33.644] [info] [spider.worker] [TIMING] worker_id=c24cc8ec-862b-4f21-b519-0a82097cf7ec task_id=none get_next_task request_start=501815848 connect_end=501815849 send_end=501815849 receive_end=501815852 connect_duration_ms=1 send_duration_ms=0 receive_duration_ms=2 total_duration_ms=4
[2026-02-02 22:49:33.751] [info] [spider.worker] [TIMING] worker_id=c24cc8ec-862b-4f21-b519-0a82097cf7ec task_id=none get_next_task request_start=501815955 connect_end=501815956 send_end=501815956 receive_end=501815959 connect_duration_ms=1 send_duration_ms=0 receive_duration_ms=3 total_duration_ms=4
[2026-02-02 22:49:33.858] [info] [spider.worker] [TIMING] worker_id=c24cc8ec-862b-4f21-b519-0a82097cf7ec task_id=none get_next_task request_start=501816062 connect_end=501816064 send_end=501816064 receive_end=501816067 connect_duration_ms=1 send_duration_ms=0 receive_duration_ms=2 total_duration_ms=4
[2026-02-02 22:49:33.966] [info] [spider.worker] [TIMING] worker_id=c24cc8ec-862b-4f21-b519-0a82097cf7ec task_id=none get_next_task request_start=501816169 connect_end=501816171 send_end=501816171 receive_end=501816174 connect_duration_ms=1 send_duration_ms=0 receive_duration_ms=3 total_duration_ms=4
[2026-02-02 22:49:34.074] [info] [spider.worker] [TIMING] worker_id=c24cc8ec-862b-4f21-b519-0a82097cf7ec task_id=none get_next_task request_start=501816277 connect_end=501816278 send_end=501816278 receive_end=501816282 connect_duration_ms=1 send_duration_ms=0 receive_duration_ms=4 total_duration_ms=5
[2026-02-02 22:49:34.180] [info] [spider.worker] [TIMING] worker_id=c24cc8ec-862b-4f21-b519-0a82097cf7ec task_id=none get_next_task request_start=501816385 connect_end=501816386 send_end=501816386 receive_end=501816389 connect_duration_ms=1 send_duration_ms=0 receive_duration_ms=3 total_duration_ms=4
[2026-02-02 22:49:34.287] [info] [spider.worker] [TIMING] worker_id=c24cc8ec-862b-4f21-b519-0a82097cf7ec task_id=none get_next_task request_start=501816491 connect_end=501816492 send_end=501816492 receive_end=501816496 connect_duration_ms=0 send_duration_ms=0 receive_duration_ms=3 total_duration_ms=4
[2026-02-02 22:49:34.394] [info] [spider.worker] [TIMING] worker_id=c24cc8ec-862b-4f21-b519-0a82097cf7ec task_id=none get_next_task request_start=501816598 connect_end=501816599 send_end=501816599 receive_end=501816602 connect_duration_ms=1 send_duration_ms=0 receive_duration_ms=3 total_duration_ms=4
[2026-02-02 22:49:34.500] [info] [spider.worker] [TIMING] worker_id=c24cc8ec-862b-4f21-b519-0a82097cf7ec task_id=none get_next_task request_start=501816705 connect_end=501816706 send_end=501816706 receive_end=501816709 connect_duration_ms=0 send_duration_ms=0 receive_duration_ms=3 total_duration_ms=4
[2026-02-02 22:49:34.606] [info] [spider.worker] [TIMING] worker_id=c24cc8ec-862b-4f21-b519-0a82097cf7ec task_id=none get_next_task request_start=501816811 connect_end=501816812 send_end=501816812 receive_end=501816814 connect_duration_ms=1 send_duration_ms=0 receive_duration_ms=2 total_duration_ms=3
[2026-02-02 22:49:34.713] [info] [spider.worker] [TIMING] worker_id=c24cc8ec-862b-4f21-b519-0a82097cf7ec task_id=none get_next_task request_start=501816918 connect_end=501816919 send_end=501816919 receive_end=501816921 connect_duration_ms=1 send_duration_ms=0 receive_duration_ms=2 total_duration_ms=3
[2026-02-02 22:49:34.818] [info] [spider.worker] [TIMING] worker_id=c24cc8ec-862b-4f21-b519-0a82097cf7ec task_id=none get_next_task request_start=501817024 connect_end=501817025 send_end=501817025 receive_end=501817027 connect_duration_ms=0 send_duration_ms=0 receive_duration_ms=2 total_duration_ms=2
[2026-02-02 22:49:34.925] [info] [spider.worker] [TIMING] worker_id=c24cc8ec-862b-4f21-b519-0a82097cf7ec task_id=none get_next_task request_start=501817129 connect_end=501817130 send_end=501817130 receive_end=501817133 connect_duration_ms=1 send_duration_ms=0 receive_duration_ms=3 total_duration_ms=4
[2026-02-02 22:49:35.032] [info] [spider.worker] [TIMING] worker_id=c24cc8ec-862b-4f21-b519-0a82097cf7ec task_id=none get_next_task request_start=501817236 connect_end=501817237 send_end=501817237 receive_end=501817240 connect_duration_ms=1 send_duration_ms=0 receive_duration_ms=3 total_duration_ms=4
[2026-02-02 22:49:35.141] [info] [spider.worker] [TIMING] worker_id=c24cc8ec-862b-4f21-b519-0a82097cf7ec task_id=none get_next_task request_start=501817342 connect_end=501817343 send_end=501817343 receive_end=501817349 connect_duration_ms=1 send_duration_ms=0 receive_duration_ms=5 total_duration_ms=6
[2026-02-02 22:49:35.248] [info] [spider.worker] [TIMING] worker_id=c24cc8ec-862b-4f21-b519-0a82097cf7ec task_id=none get_next_task request_start=501817451 connect_end=501817453 send_end=501817453 receive_end=501817456 connect_duration_ms=1 send_duration_ms=0 receive_duration_ms=3 total_duration_ms=4
[2026-02-02 22:49:35.352] [info] [spider.worker] [TIMING] worker_id=c24cc8ec-862b-4f21-b519-0a82097cf7ec task_id=none get_next_task request_start=501817558 connect_end=501817559 send_end=501817559 receive_end=501817560 connect_duration_ms=0 send_duration_ms=0 receive_duration_ms=1 total_duration_ms=2
[2026-02-02 22:49:35.455] [info] [spider.worker] [TIMING] worker_id=c24cc8ec-862b-4f21-b519-0a82097cf7ec task_id=none get_next_task request_start=501817662 connect_end=501817662 send_end=501817662 receive_end=501817664 connect_duration_ms=0 send_duration_ms=0 receive_duration_ms=1 total_duration_ms=1
[2026-02-02 22:49:35.559] [info] [spider.worker] [TIMING] worker_id=c24cc8ec-862b-4f21-b519-0a82097cf7ec task_id=none get_next_task request_start=501817765 connect_end=501817766 send_end=501817766 receive_end=501817768 connect_duration_ms=0 send_duration_ms=0 receive_duration_ms=1 total_duration_ms=2
[2026-02-02 22:49:35.666] [info] [spider.worker] [TIMING] worker_id=c24cc8ec-862b-4f21-b519-0a82097cf7ec task_id=none get_next_task request_start=501817870 connect_end=501817870 send_end=501817871 receive_end=501817874 connect_duration_ms=0 send_duration_ms=0 receive_duration_ms=3 total_duration_ms=4
[2026-02-02 22:49:35.770] [info] [spider.worker] [TIMING] worker_id=c24cc8ec-862b-4f21-b519-0a82097cf7ec task_id=none get_next_task request_start=501817976 connect_end=501817976 send_end=501817976 receive_end=501817979 connect_duration_ms=0 send_duration_ms=0 receive_duration_ms=2 total_duration_ms=3
[2026-02-02 22:49:35.880] [info] [spider.worker] [TIMING] worker_id=c24cc8ec-862b-4f21-b519-0a82097cf7ec task_id=none get_next_task request_start=501818081 connect_end=501818082 send_end=501818082 receive_end=501818089 connect_duration_ms=1 send_duration_ms=0 receive_duration_ms=6 total_duration_ms=7
[2026-02-02 22:49:35.988] [info] [spider.worker] [TIMING] worker_id=c24cc8ec-862b-4f21-b519-0a82097cf7ec task_id=none get_next_task request_start=501818191 connect_end=501818193 send_end=501818193 receive_end=501818197 connect_duration_ms=1 send_duration_ms=0 receive_duration_ms=4 total_duration_ms=5
[2026-02-02 22:49:36.095] [info] [spider.worker] [TIMING] worker_id=c24cc8ec-862b-4f21-b519-0a82097cf7ec task_id=none get_next_task request_start=501818299 connect_end=501818300 send_end=501818300 receive_end=501818303 connect_duration_ms=1 send_duration_ms=0 receive_duration_ms=2 total_duration_ms=3
[2026-02-02 22:49:36.200] [info] [spider.worker] [TIMING] worker_id=c24cc8ec-862b-4f21-b519-0a82097cf7ec task_id=none get_next_task request_start=501818406 connect_end=501818407 send_end=501818407 receive_end=501818409 connect_duration_ms=1 send_duration_ms=0 receive_duration_ms=1 total_duration_ms=2
[2026-02-02 22:49:36.307] [info] [spider.worker] [TIMING] worker_id=c24cc8ec-862b-4f21-b519-0a82097cf7ec task_id=none get_next_task request_start=501818511 connect_end=501818512 send_end=501818512 receive_end=501818515 connect_duration_ms=1 send_duration_ms=0 receive_duration_ms=3 total_duration_ms=4
[2026-02-02 22:49:36.414] [info] [spider.worker] [TIMING] worker_id=c24cc8ec-862b-4f21-b519-0a82097cf7ec task_id=none get_next_task request_start=501818618 connect_end=501818619 send_end=501818619 receive_end=501818622 connect_duration_ms=1 send_duration_ms=0 receive_duration_ms=3 total_duration_ms=4
[2026-02-02 22:49:36.525] [info] [spider.worker] [TIMING] worker_id=c24cc8ec-862b-4f21-b519-0a82097cf7ec task_id=none get_next_task request_start=501818732 connect_end=501818732 send_end=501818732 receive_end=501818734 connect_duration_ms=0 send_duration_ms=0 receive_duration_ms=1 total_duration_ms=2
[2026-02-02 22:49:36.629] [info] [spider.worker] [TIMING] worker_id=c24cc8ec-862b-4f21-b519-0a82097cf7ec task_id=none get_next_task request_start=501818835 connect_end=501818836 send_end=501818836 receive_end=501818838 connect_duration_ms=0 send_duration_ms=0 receive_duration_ms=1 total_duration_ms=2
[2026-02-02 22:49:36.734] [info] [spider.worker] [TIMING] worker_id=c24cc8ec-862b-4f21-b519-0a82097cf7ec task_id=none get_next_task request_start=501818939 connect_end=501818940 send_end=501818940 receive_end=501818942 connect_duration_ms=0 send_duration_ms=0 receive_duration_ms=2 total_duration_ms=2
[2026-02-02 22:49:36.838] [info] [spider.worker] [TIMING] worker_id=c24cc8ec-862b-4f21-b519-0a82097cf7ec task_id=none get_next_task request_start=501819044 connect_end=501819045 send_end=501819045 receive_end=501819046 connect_duration_ms=0 send_duration_ms=0 receive_duration_ms=1 total_duration_ms=2
[2026-02-02 22:49:36.942] [info] [spider.worker] [TIMING] worker_id=c24cc8ec-862b-4f21-b519-0a82097cf7ec task_id=none get_next_task request_start=501819148 connect_end=501819148 send_end=501819148 receive_end=501819150 connect_duration_ms=0 send_duration_ms=0 receive_duration_ms=1 total_duration_ms=2
[2026-02-02 22:49:37.046] [info] [spider.worker] [TIMING] worker_id=c24cc8ec-862b-4f21-b519-0a82097cf7ec task_id=none get_next_task request_start=501819252 connect_end=501819253 send_end=501819253 receive_end=501819255 connect_duration_ms=0 send_duration_ms=0 receive_duration_ms=1 total_duration_ms=2
[2026-02-02 22:49:37.151] [info] [spider.worker] [TIMING] worker_id=c24cc8ec-862b-4f21-b519-0a82097cf7ec task_id=none get_next_task request_start=501819356 connect_end=501819357 send_end=501819357 receive_end=501819359 connect_duration_ms=0 send_duration_ms=0 receive_duration_ms=1 total_duration_ms=2
[2026-02-02 22:49:37.255] [info] [spider.worker] [TIMING] worker_id=c24cc8ec-862b-4f21-b519-0a82097cf7ec task_id=none get_next_task request_start=501819461 connect_end=501819462 send_end=501819462 receive_end=501819463 connect_duration_ms=0 send_duration_ms=0 receive_duration_ms=1 total_duration_ms=2
[2026-02-02 22:49:37.360] [info] [spider.worker] [TIMING] worker_id=c24cc8ec-862b-4f21-b519-0a82097cf7ec task_id=none get_next_task request_start=501819565 connect_end=501819566 send_end=501819567 receive_end=501819568 connect_duration_ms=1 send_duration_ms=0 receive_duration_ms=1 total_duration_ms=2
[2026-02-02 22:49:37.466] [info] [spider.worker] [TIMING] worker_id=c24cc8ec-862b-4f21-b519-0a82097cf7ec task_id=none get_next_task request_start=501819671 connect_end=501819671 send_end=501819671 receive_end=501819674 connect_duration_ms=0 send_duration_ms=0 receive_duration_ms=2 total_duration_ms=3
[2026-02-02 22:49:37.573] [info] [spider.worker] [TIMING] worker_id=c24cc8ec-862b-4f21-b519-0a82097cf7ec task_id=none get_next_task request_start=501819777 connect_end=501819778 send_end=501819778 receive_end=501819781 connect_duration_ms=1 send_duration_ms=0 receive_duration_ms=3 total_duration_ms=4
[2026-02-02 22:49:37.679] [info] [spider.worker] [TIMING] worker_id=c24cc8ec-862b-4f21-b519-0a82097cf7ec task_id=none get_next_task request_start=501819883 connect_end=501819885 send_end=501819885 receive_end=501819888 connect_duration_ms=1 send_duration_ms=0 receive_duration_ms=2 total_duration_ms=4
[2026-02-02 22:49:37.786] [info] [spider.worker] [TIMING] worker_id=c24cc8ec-862b-4f21-b519-0a82097cf7ec task_id=none get_next_task request_start=501819989 connect_end=501819990 send_end=501819991 receive_end=501819994 connect_duration_ms=0 send_duration_ms=0 receive_duration_ms=3 total_duration_ms=4
[2026-02-02 22:49:37.893] [info] [spider.worker] [TIMING] worker_id=c24cc8ec-862b-4f21-b519-0a82097cf7ec task_id=none get_next_task request_start=501820097 connect_end=501820098 send_end=501820098 receive_end=501820101 connect_duration_ms=1 send_duration_ms=0 receive_duration_ms=3 total_duration_ms=4
[2026-02-02 22:49:38.000] [info] [spider.worker] [TIMING] worker_id=c24cc8ec-862b-4f21-b519-0a82097cf7ec task_id=none get_next_task request_start=501820204 connect_end=501820205 send_end=501820205 receive_end=501820208 connect_duration_ms=1 send_duration_ms=0 receive_duration_ms=2 total_duration_ms=4
[2026-02-02 22:49:38.106] [info] [spider.worker] [TIMING] worker_id=c24cc8ec-862b-4f21-b519-0a82097cf7ec task_id=none get_next_task request_start=501820310 connect_end=501820311 send_end=501820311 receive_end=501820314 connect_duration_ms=0 send_duration_ms=0 receive_duration_ms=2 total_duration_ms=3
[2026-02-02 22:49:38.213] [info] [spider.worker] [TIMING] worker_id=c24cc8ec-862b-4f21-b519-0a82097cf7ec task_id=none get_next_task request_start=501820417 connect_end=501820418 send_end=501820418 receive_end=501820421 connect_duration_ms=1 send_duration_ms=0 receive_duration_ms=2 total_duration_ms=4
[2026-02-02 22:49:38.319] [info] [spider.worker] [TIMING] worker_id=c24cc8ec-862b-4f21-b519-0a82097cf7ec task_id=none get_next_task request_start=501820523 connect_end=501820524 send_end=501820524 receive_end=501820527 connect_duration_ms=0 send_duration_ms=0 receive_duration_ms=3 total_duration_ms=4
[2026-02-02 22:49:38.424] [info] [spider.worker] [TIMING] worker_id=c24cc8ec-862b-4f21-b519-0a82097cf7ec task_id=none get_next_task request_start=501820629 connect_end=501820629 send_end=501820629 receive_end=501820632 connect_duration_ms=0 send_duration_ms=0 receive_duration_ms=2 total_duration_ms=3
[2026-02-02 22:49:38.528] [info] [spider.worker] [TIMING] worker_id=c24cc8ec-862b-4f21-b519-0a82097cf7ec task_id=none get_next_task request_start=501820734 connect_end=501820735 send_end=501820735 receive_end=501820737 connect_duration_ms=0 send_duration_ms=0 receive_duration_ms=1 total_duration_ms=2
[2026-02-02 22:49:38.634] [info] [spider.worker] [TIMING] worker_id=c24cc8ec-862b-4f21-b519-0a82097cf7ec task_id=none get_next_task request_start=501820838 connect_end=501820839 send_end=501820839 receive_end=501820842 connect_duration_ms=0 send_duration_ms=0 receive_duration_ms=3 total_duration_ms=3
[2026-02-02 22:49:38.744] [info] [spider.worker] [TIMING] worker_id=c24cc8ec-862b-4f21-b519-0a82097cf7ec task_id=none get_next_task request_start=501820945 connect_end=501820946 send_end=501820946 receive_end=501820953 connect_duration_ms=1 send_duration_ms=0 receive_duration_ms=6 total_duration_ms=7
[2026-02-02 22:49:38.851] [info] [spider.worker] [TIMING] worker_id=c24cc8ec-862b-4f21-b519-0a82097cf7ec task_id=none get_next_task request_start=501821055 connect_end=501821056 send_end=501821056 receive_end=501821060 connect_duration_ms=0 send_duration_ms=0 receive_duration_ms=3 total_duration_ms=4
[2026-02-02 22:49:38.958] [info] [spider.worker] [TIMING] worker_id=c24cc8ec-862b-4f21-b519-0a82097cf7ec task_id=none get_next_task request_start=501821161 connect_end=501821162 send_end=501821162 receive_end=501821166 connect_duration_ms=0 send_duration_ms=0 receive_duration_ms=4 total_duration_ms=4
[2026-02-02 22:49:39.066] [info] [spider.worker] [TIMING] worker_id=c24cc8ec-862b-4f21-b519-0a82097cf7ec task_id=none get_next_task request_start=501821269 connect_end=501821270 send_end=501821270 receive_end=501821274 connect_duration_ms=0 send_duration_ms=0 receive_duration_ms=4 total_duration_ms=5
[2026-02-02 22:49:39.173] [info] [spider.worker] [TIMING] worker_id=c24cc8ec-862b-4f21-b519-0a82097cf7ec task_id=none get_next_task request_start=501821377 connect_end=501821378 send_end=501821378 receive_end=501821381 connect_duration_ms=1 send_duration_ms=0 receive_duration_ms=3 total_duration_ms=4
[2026-02-02 22:49:39.281] [info] [spider.worker] [TIMING] worker_id=c24cc8ec-862b-4f21-b519-0a82097cf7ec task_id=none get_next_task request_start=501821483 connect_end=501821484 send_end=501821484 receive_end=501821489 connect_duration_ms=0 send_duration_ms=0 receive_duration_ms=5 total_duration_ms=6
[2026-02-02 22:49:39.387] [info] [spider.worker] [TIMING] worker_id=c24cc8ec-862b-4f21-b519-0a82097cf7ec task_id=none get_next_task request_start=501821592 connect_end=501821592 send_end=501821592 receive_end=501821596 connect_duration_ms=0 send_duration_ms=0 receive_duration_ms=3 total_duration_ms=3
[2026-02-02 22:49:39.495] [info] [spider.worker] [TIMING] worker_id=c24cc8ec-862b-4f21-b519-0a82097cf7ec task_id=none get_next_task request_start=501821698 connect_end=501821699 send_end=501821699 receive_end=501821703 connect_duration_ms=0 send_duration_ms=0 receive_duration_ms=4 total_duration_ms=5
[2026-02-02 22:49:39.604] [info] [spider.worker] [TIMING] worker_id=c24cc8ec-862b-4f21-b519-0a82097cf7ec task_id=none get_next_task request_start=501821805 connect_end=501821807 send_end=501821807 receive_end=501821812 connect_duration_ms=1 send_duration_ms=0 receive_duration_ms=5 total_duration_ms=6
[2026-02-02 22:49:39.712] [info] [spider.worker] [TIMING] worker_id=c24cc8ec-862b-4f21-b519-0a82097cf7ec task_id=none get_next_task request_start=501821915 connect_end=501821916 send_end=501821916 receive_end=501821921 connect_duration_ms=1 send_duration_ms=0 receive_duration_ms=4 total_duration_ms=5
[2026-02-02 22:49:39.819] [info] [spider.worker] [TIMING] worker_id=c24cc8ec-862b-4f21-b519-0a82097cf7ec task_id=none get_next_task request_start=501822023 connect_end=501822024 send_end=501822025 receive_end=501822027 connect_duration_ms=1 send_duration_ms=0 receive_duration_ms=2 total_duration_ms=4
[2026-02-02 22:49:39.927] [info] [spider.worker] [TIMING] worker_id=c24cc8ec-862b-4f21-b519-0a82097cf7ec task_id=none get_next_task request_start=501822130 connect_end=501822131 send_end=501822131 receive_end=501822135 connect_duration_ms=1 send_duration_ms=0 receive_duration_ms=4 total_duration_ms=5
[2026-02-02 22:49:40.036] [info] [spider.worker] [TIMING] worker_id=c24cc8ec-862b-4f21-b519-0a82097cf7ec task_id=none get_next_task request_start=501822238 connect_end=501822239 send_end=501822239 receive_end=501822244 connect_duration_ms=1 send_duration_ms=0 receive_duration_ms=5 total_duration_ms=6
[2026-02-02 22:49:40.143] [info] [spider.worker] [TIMING] worker_id=c24cc8ec-862b-4f21-b519-0a82097cf7ec task_id=none get_next_task request_start=501822346 connect_end=501822347 send_end=501822347 receive_end=501822352 connect_duration_ms=0 send_duration_ms=0 receive_duration_ms=4 total_duration_ms=5
[2026-02-02 22:49:40.248] [info] [spider.worker] [TIMING] worker_id=c24cc8ec-862b-4f21-b519-0a82097cf7ec task_id=none get_next_task request_start=501822454 connect_end=501822455 send_end=501822455 receive_end=501822457 connect_duration_ms=1 send_duration_ms=0 receive_duration_ms=1 total_duration_ms=2
[2026-02-02 22:49:40.357] [info] [spider.worker] [TIMING] worker_id=c24cc8ec-862b-4f21-b519-0a82097cf7ec task_id=none get_next_task request_start=501822559 connect_end=501822560 send_end=501822560 receive_end=501822565 connect_duration_ms=1 send_duration_ms=0 receive_duration_ms=4 total_duration_ms=5
[2026-02-02 22:49:40.464] [info] [spider.worker] [TIMING] worker_id=c24cc8ec-862b-4f21-b519-0a82097cf7ec task_id=none get_next_task request_start=501822668 connect_end=501822669 send_end=501822669 receive_end=501822673 connect_duration_ms=1 send_duration_ms=0 receive_duration_ms=3 total_duration_ms=4
[2026-02-02 22:49:40.572] [info] [spider.worker] [TIMING] worker_id=c24cc8ec-862b-4f21-b519-0a82097cf7ec task_id=none get_next_task request_start=501822775 connect_end=501822776 send_end=501822776 receive_end=501822780 connect_duration_ms=1 send_duration_ms=0 receive_duration_ms=3 total_duration_ms=4
[2026-02-02 22:49:40.679] [info] [spider.worker] [TIMI