[2026-02-02 22:47:52.121] [warning] [spider.worker] Prefer using `SPIDER_STORAGE_URL` environment variable over `--storage_url` argument.
[2026-02-02 22:47:52.181] [info] [spider.worker] [TIMING] worker_id=3cd5416e-e337-415b-9960-fb26f427746a task_id=none get_next_task request_start=501714387 connect_end=501714387 send_end=501714388 receive_end=501714389 connect_duration_ms=0 send_duration_ms=0 receive_duration_ms=1 total_duration_ms=2
[2026-02-02 22:47:52.286] [info] [spider.worker] [TIMING] worker_id=3cd5416e-e337-415b-9960-fb26f427746a task_id=none get_next_task request_start=501714491 connect_end=501714491 send_end=501714491 receive_end=501714494 connect_duration_ms=0 send_duration_ms=0 receive_duration_ms=2 total_duration_ms=3
[2026-02-02 22:47:52.390] [info] [spider.worker] [TIMING] worker_id=3cd5416e-e337-415b-9960-fb26f427746a task_id=none get_next_task request_start=501714596 connect_end=501714597 send_end=501714597 receive_end=501714599 connect_duration_ms=0 send_duration_ms=0 receive_duration_ms=1 total_duration_ms=2
[2026-02-02 22:47:52.496] [info] [spider.worker] [TIMING] worker_id=3cd5416e-e337-415b-9960-fb26f427746a task_id=none get_next_task request_start=501714701 connect_end=501714702 send_end=501714702 receive_end=501714705 connect_duration_ms=0 send_duration_ms=0 receive_duration_ms=2 total_duration_ms=3
[2026-02-02 22:47:52.603] [info] [spider.worker] [TIMING] worker_id=3cd5416e-e337-415b-9960-fb26f427746a task_id=none get_next_task request_start=501714807 connect_end=501714808 send_end=501714808 receive_end=501714811 connect_duration_ms=0 send_duration_ms=0 receive_duration_ms=3 total_duration_ms=4
[2026-02-02 22:47:52.716] [info] [spider.worker] [TIMING] worker_id=3cd5416e-e337-415b-9960-fb26f427746a task_id=none get_next_task request_start=501714913 connect_end=501714914 send_end=501714914 receive_end=501714924 connect_duration_ms=1 send_duration_ms=0 receive_duration_ms=9 total_duration_ms=10
[2026-02-02 22:47:52.822] [info] [spider.worker] [TIMING] worker_id=3cd5416e-e337-415b-9960-fb26f427746a task_id=none get_next_task request_start=501715027 connect_end=501715028 send_end=501715028 receive_end=501715030 connect_duration_ms=1 send_duration_ms=0 receive_duration_ms=2 total_duration_ms=3
[2026-02-02 22:47:52.926] [info] [spider.worker] [TIMING] worker_id=3cd5416e-e337-415b-9960-fb26f427746a task_id=none get_next_task request_start=501715132 connect_end=501715133 send_end=501715133 receive_end=501715134 connect_duration_ms=1 send_duration_ms=0 receive_duration_ms=1 total_duration_ms=2
[2026-02-02 22:47:53.030] [info] [spider.worker] [TIMING] worker_id=3cd5416e-e337-415b-9960-fb26f427746a task_id=none get_next_task request_start=501715236 connect_end=501715237 send_end=501715237 receive_end=501715239 connect_duration_ms=0 send_duration_ms=0 receive_duration_ms=2 total_duration_ms=2
[2026-02-02 22:47:53.139] [info] [spider.worker] [TIMING] worker_id=3cd5416e-e337-415b-9960-fb26f427746a task_id=none get_next_task request_start=501715341 connect_end=501715341 send_end=501715341 receive_end=501715347 connect_duration_ms=0 send_duration_ms=0 receive_duration_ms=5 total_duration_ms=6
[2026-02-02 22:47:53.247] [info] [spider.worker] [TIMING] worker_id=3cd5416e-e337-415b-9960-fb26f427746a task_id=none get_next_task request_start=501715449 connect_end=501715450 send_end=501715450 receive_end=501715455 connect_duration_ms=0 send_duration_ms=0 receive_duration_ms=4 total_duration_ms=5
[2026-02-02 22:47:53.353] [info] [spider.worker] [TIMING] worker_id=3cd5416e-e337-415b-9960-fb26f427746a task_id=none get_next_task request_start=501715557 connect_end=501715558 send_end=501715558 receive_end=501715562 connect_duration_ms=1 send_duration_ms=0 receive_duration_ms=3 total_duration_ms=4
[2026-02-02 22:47:53.460] [info] [spider.worker] [TIMING] worker_id=3cd5416e-e337-415b-9960-fb26f427746a task_id=none get_next_task request_start=501715664 connect_end=501715665 send_end=501715665 receive_end=501715668 connect_duration_ms=0 send_duration_ms=0 receive_duration_ms=3 total_duration_ms=3
[2026-02-02 22:47:53.563] [info] [spider.worker] [TIMING] worker_id=3cd5416e-e337-415b-9960-fb26f427746a task_id=none get_next_task request_start=501715769 connect_end=501715770 send_end=501715770 receive_end=501715771 connect_duration_ms=0 send_duration_ms=0 receive_duration_ms=1 total_duration_ms=1
[2026-02-02 22:47:53.668] [info] [spider.worker] [TIMING] worker_id=3cd5416e-e337-415b-9960-fb26f427746a task_id=none get_next_task request_start=501715873 connect_end=501715874 send_end=501715874 receive_end=501715876 connect_duration_ms=0 send_duration_ms=0 receive_duration_ms=1 total_duration_ms=2
[2026-02-02 22:47:53.771] [info] [spider.worker] [TIMING] worker_id=3cd5416e-e337-415b-9960-fb26f427746a task_id=none get_next_task request_start=501715977 connect_end=501715978 send_end=501715978 receive_end=501715979 connect_duration_ms=0 send_duration_ms=0 receive_duration_ms=1 total_duration_ms=1
[2026-02-02 22:47:53.880] [info] [spider.worker] [TIMING] worker_id=3cd5416e-e337-415b-9960-fb26f427746a task_id=none get_next_task request_start=501716081 connect_end=501716082 send_end=501716082 receive_end=501716089 connect_duration_ms=0 send_duration_ms=0 receive_duration_ms=6 total_duration_ms=7
[2026-02-02 22:47:53.987] [info] [spider.worker] [TIMING] worker_id=3cd5416e-e337-415b-9960-fb26f427746a task_id=none get_next_task request_start=501716191 connect_end=501716192 send_end=501716192 receive_end=501716195 connect_duration_ms=1 send_duration_ms=0 receive_duration_ms=2 total_duration_ms=4
[2026-02-02 22:47:54.095] [info] [spider.worker] [TIMING] worker_id=3cd5416e-e337-415b-9960-fb26f427746a task_id=none get_next_task request_start=501716298 connect_end=501716299 send_end=501716299 receive_end=501716303 connect_duration_ms=1 send_duration_ms=0 receive_duration_ms=4 total_duration_ms=5
[2026-02-02 22:47:54.209] [info] [spider.worker] [TIMING] worker_id=3cd5416e-e337-415b-9960-fb26f427746a task_id=none get_next_task request_start=501716405 connect_end=501716406 send_end=501716406 receive_end=501716417 connect_duration_ms=1 send_duration_ms=0 receive_duration_ms=11 total_duration_ms=12
[2026-02-02 22:47:54.317] [info] [spider.worker] [TIMING] worker_id=3cd5416e-e337-415b-9960-fb26f427746a task_id=none get_next_task request_start=501716520 connect_end=501716521 send_end=501716521 receive_end=501716525 connect_duration_ms=1 send_duration_ms=0 receive_duration_ms=4 total_duration_ms=5
[2026-02-02 22:47:54.420] [info] [spider.worker] [TIMING] worker_id=3cd5416e-e337-415b-9960-fb26f427746a task_id=none get_next_task request_start=501716627 connect_end=501716628 send_end=501716628 receive_end=501716629 connect_duration_ms=0 send_duration_ms=0 receive_duration_ms=1 total_duration_ms=2
[2026-02-02 22:47:54.524] [info] [spider.worker] [TIMING] worker_id=3cd5416e-e337-415b-9960-fb26f427746a task_id=none get_next_task request_start=501716731 connect_end=501716731 send_end=501716731 receive_end=501716733 connect_duration_ms=0 send_duration_ms=0 receive_duration_ms=1 total_duration_ms=1
[2026-02-02 22:47:54.629] [info] [spider.worker] [TIMING] worker_id=3cd5416e-e337-415b-9960-fb26f427746a task_id=none get_next_task request_start=501716835 connect_end=501716836 send_end=501716836 receive_end=501716837 connect_duration_ms=1 send_duration_ms=0 receive_duration_ms=1 total_duration_ms=2
[2026-02-02 22:47:54.740] [info] [spider.worker] [TIMING] worker_id=3cd5416e-e337-415b-9960-fb26f427746a task_id=none get_next_task request_start=501716940 connect_end=501716941 send_end=501716941 receive_end=501716949 connect_duration_ms=1 send_duration_ms=0 receive_duration_ms=7 total_duration_ms=8
[2026-02-02 22:47:54.847] [info] [spider.worker] [TIMING] worker_id=3cd5416e-e337-415b-9960-fb26f427746a task_id=none get_next_task request_start=501717051 connect_end=501717053 send_end=501717053 receive_end=501717055 connect_duration_ms=1 send_duration_ms=0 receive_duration_ms=2 total_duration_ms=3
[2026-02-02 22:47:54.951] [info] [spider.worker] [TIMING] worker_id=3cd5416e-e337-415b-9960-fb26f427746a task_id=none get_next_task request_start=501717157 connect_end=501717158 send_end=501717158 receive_end=501717159 connect_duration_ms=0 send_duration_ms=0 receive_duration_ms=1 total_duration_ms=2
[2026-02-02 22:47:55.056] [info] [spider.worker] [TIMING] worker_id=3cd5416e-e337-415b-9960-fb26f427746a task_id=none get_next_task request_start=501717261 connect_end=501717262 send_end=501717262 receive_end=501717264 connect_duration_ms=0 send_duration_ms=0 receive_duration_ms=2 total_duration_ms=3
[2026-02-02 22:47:55.167] [info] [spider.worker] [TIMING] worker_id=3cd5416e-e337-415b-9960-fb26f427746a task_id=none get_next_task request_start=501717367 connect_end=501717368 send_end=501717368 receive_end=501717376 connect_duration_ms=1 send_duration_ms=0 receive_duration_ms=7 total_duration_ms=8
[2026-02-02 22:47:55.272] [info] [spider.worker] [TIMING] worker_id=3cd5416e-e337-415b-9960-fb26f427746a task_id=none get_next_task request_start=501717478 connect_end=501717479 send_end=501717479 receive_end=501717480 connect_duration_ms=1 send_duration_ms=0 receive_duration_ms=1 total_duration_ms=2
[2026-02-02 22:47:55.379] [info] [spider.worker] [TIMING] worker_id=3cd5416e-e337-415b-9960-fb26f427746a task_id=none get_next_task request_start=501717582 connect_end=501717583 send_end=501717583 receive_end=501717587 connect_duration_ms=0 send_duration_ms=0 receive_duration_ms=3 total_duration_ms=4
[2026-02-02 22:47:55.486] [info] [spider.worker] [TIMING] worker_id=3cd5416e-e337-415b-9960-fb26f427746a task_id=none get_next_task request_start=501717689 connect_end=501717690 send_end=501717690 receive_end=501717695 connect_duration_ms=0 send_duration_ms=0 receive_duration_ms=4 total_duration_ms=5
[2026-02-02 22:47:55.593] [info] [spider.worker] [TIMING] worker_id=3cd5416e-e337-415b-9960-fb26f427746a task_id=none get_next_task request_start=501717797 connect_end=501717798 send_end=501717798 receive_end=501717801 connect_duration_ms=1 send_duration_ms=0 receive_duration_ms=3 total_duration_ms=4
[2026-02-02 22:47:55.701] [info] [spider.worker] [TIMING] worker_id=3cd5416e-e337-415b-9960-fb26f427746a task_id=none get_next_task request_start=501717904 connect_end=501717905 send_end=501717905 receive_end=501717910 connect_duration_ms=1 send_duration_ms=0 receive_duration_ms=4 total_duration_ms=5
[2026-02-02 22:47:55.808] [info] [spider.worker] [TIMING] worker_id=3cd5416e-e337-415b-9960-fb26f427746a task_id=none get_next_task request_start=501718012 connect_end=501718013 send_end=501718013 receive_end=501718017 connect_duration_ms=1 send_duration_ms=0 receive_duration_ms=3 total_duration_ms=4
[2026-02-02 22:47:55.915] [info] [spider.worker] [TIMING] worker_id=3cd5416e-e337-415b-9960-fb26f427746a task_id=none get_next_task request_start=501718119 connect_end=501718120 send_end=501718120 receive_end=501718123 connect_duration_ms=1 send_duration_ms=0 receive_duration_ms=2 total_duration_ms=4
[2026-02-02 22:47:56.027] [info] [spider.worker] [TIMING] worker_id=3cd5416e-e337-415b-9960-fb26f427746a task_id=none get_next_task request_start=501718226 connect_end=501718227 send_end=501718228 receive_end=501718236 connect_duration_ms=1 send_duration_ms=0 receive_duration_ms=8 total_duration_ms=9
[2026-02-02 22:47:56.135] [info] [spider.worker] [TIMING] worker_id=3cd5416e-e337-415b-9960-fb26f427746a task_id=none get_next_task request_start=501718339 connect_end=501718340 send_end=501718340 receive_end=501718343 connect_duration_ms=1 send_duration_ms=0 receive_duration_ms=3 total_duration_ms=4
[2026-02-02 22:47:56.241] [info] [spider.worker] [TIMING] worker_id=3cd5416e-e337-415b-9960-fb26f427746a task_id=none get_next_task request_start=501718446 connect_end=501718447 send_end=501718447 receive_end=501718450 connect_duration_ms=1 send_duration_ms=0 receive_duration_ms=2 total_duration_ms=4
[2026-02-02 22:47:56.346] [info] [spider.worker] [TIMING] worker_id=3cd5416e-e337-415b-9960-fb26f427746a task_id=none get_next_task request_start=501718552 connect_end=501718553 send_end=501718553 receive_end=501718554 connect_duration_ms=0 send_duration_ms=0 receive_duration_ms=1 total_duration_ms=2
[2026-02-02 22:47:56.454] [info] [spider.worker] [TIMING] worker_id=3cd5416e-e337-415b-9960-fb26f427746a task_id=none get_next_task request_start=501718656 connect_end=501718658 send_end=501718658 receive_end=501718662 connect_duration_ms=1 send_duration_ms=0 receive_duration_ms=4 total_duration_ms=5
[2026-02-02 22:47:56.562] [info] [spider.worker] [TIMING] worker_id=3cd5416e-e337-415b-9960-fb26f427746a task_id=none get_next_task request_start=501718765 connect_end=501718766 send_end=501718766 receive_end=501718771 connect_duration_ms=1 send_duration_ms=0 receive_duration_ms=4 total_duration_ms=5
[2026-02-02 22:47:56.669] [info] [spider.worker] [TIMING] worker_id=3cd5416e-e337-415b-9960-fb26f427746a task_id=none get_next_task request_start=501718873 connect_end=501718875 send_end=501718875 receive_end=501718877 connect_duration_ms=1 send_duration_ms=0 receive_duration_ms=2 total_duration_ms=3
[2026-02-02 22:47:56.775] [info] [spider.worker] [TIMING] worker_id=3cd5416e-e337-415b-9960-fb26f427746a task_id=none get_next_task request_start=501718979 connect_end=501718981 send_end=501718981 receive_end=501718984 connect_duration_ms=1 send_duration_ms=0 receive_duration_ms=3 total_duration_ms=4
[2026-02-02 22:47:56.882] [info] [spider.worker] [TIMING] worker_id=3cd5416e-e337-415b-9960-fb26f427746a task_id=none get_next_task request_start=501719086 connect_end=501719087 send_end=501719087 receive_end=501719090 connect_duration_ms=1 send_duration_ms=0 receive_duration_ms=2 total_duration_ms=4
[2026-02-02 22:47:56.988] [info] [spider.worker] [TIMING] worker_id=3cd5416e-e337-415b-9960-fb26f427746a task_id=none get_next_task request_start=501719193 connect_end=501719194 send_end=501719194 receive_end=501719197 connect_duration_ms=1 send_duration_ms=0 receive_duration_ms=2 total_duration_ms=4
[2026-02-02 22:47:57.095] [info] [spider.worker] [TIMING] worker_id=3cd5416e-e337-415b-9960-fb26f427746a task_id=none get_next_task request_start=501719299 connect_end=501719301 send_end=501719301 receive_end=501719303 connect_duration_ms=1 send_duration_ms=0 receive_duration_ms=2 total_duration_ms=3
[2026-02-02 22:47:57.200] [info] [spider.worker] [TIMING] worker_id=3cd5416e-e337-415b-9960-fb26f427746a task_id=none get_next_task request_start=501719405 connect_end=501719405 send_end=501719405 receive_end=501719408 connect_duration_ms=0 send_duration_ms=0 receive_duration_ms=2 total_duration_ms=3
[2026-02-02 22:47:57.317] [info] [spider.worker] [TIMING] worker_id=3cd5416e-e337-415b-9960-fb26f427746a task_id=none get_next_task request_start=501719510 connect_end=501719511 send_end=501719511 receive_end=501719525 connect_duration_ms=1 send_duration_ms=0 receive_duration_ms=14 total_duration_ms=15
[2026-02-02 22:47:57.424] [info] [spider.worker] [TIMING] worker_id=3cd5416e-e337-415b-9960-fb26f427746a task_id=none get_next_task request_start=501719627 connect_end=501719628 send_end=501719628 receive_end=501719633 connect_duration_ms=0 send_duration_ms=0 receive_duration_ms=4 total_duration_ms=5
[2026-02-02 22:47:57.532] [info] [spider.worker] [TIMING] worker_id=3cd5416e-e337-415b-9960-fb26f427746a task_id=none get_next_task request_start=501719735 connect_end=501719736 send_end=501719736 receive_end=501719740 connect_duration_ms=1 send_duration_ms=0 receive_duration_ms=4 total_duration_ms=5
[2026-02-02 22:47:57.639] [info] [spider.worker] [TIMING] worker_id=3cd5416e-e337-415b-9960-fb26f427746a task_id=none get_next_task request_start=501719842 connect_end=501719843 send_end=501719843 receive_end=501719847 connect_duration_ms=0 send_duration_ms=0 receive_duration_ms=3 total_duration_ms=4
[2026-02-02 22:47:57.746] [info] [spider.worker] [TIMING] worker_id=3cd5416e-e337-415b-9960-fb26f427746a task_id=none get_next_task request_start=501719950 connect_end=501719951 send_end=501719951 receive_end=501719955 connect_duration_ms=1 send_duration_ms=0 receive_duration_ms=3 total_duration_ms=5
[2026-02-02 22:47:57.856] [info] [spider.worker] [TIMING] worker_id=3cd5416e-e337-415b-9960-fb26f427746a task_id=none get_next_task request_start=501720057 connect_end=501720058 send_end=501720058 receive_end=501720064 connect_duration_ms=1 send_duration_ms=0 receive_duration_ms=5 total_duration_ms=6
[2026-02-02 22:47:57.964] [info] [spider.worker] [TIMING] worker_id=3cd5416e-e337-415b-9960-fb26f427746a task_id=none get_next_task request_start=501720166 connect_end=501720168 send_end=501720168 receive_end=501720172 connect_duration_ms=1 send_duration_ms=0 receive_duration_ms=4 total_duration_ms=6
[2026-02-02 22:47:58.071] [info] [spider.worker] [TIMING] worker_id=3cd5416e-e337-415b-9960-fb26f427746a task_id=none get_next_task request_start=501720275 connect_end=501720276 send_end=501720276 receive_end=501720279 connect_duration_ms=1 send_duration_ms=0 receive_duration_ms=2 total_duration_ms=3
[2026-02-02 22:47:58.175] [info] [spider.worker] [TIMING] worker_id=3cd5416e-e337-415b-9960-fb26f427746a task_id=none get_next_task request_start=501720381 connect_end=501720382 send_end=501720382 receive_end=501720383 connect_duration_ms=0 send_duration_ms=0 receive_duration_ms=1 total_duration_ms=1
[2026-02-02 22:47:58.281] [info] [spider.worker] [TIMING] worker_id=3cd5416e-e337-415b-9960-fb26f427746a task_id=none get_next_task request_start=501720486 connect_end=501720487 send_end=501720487 receive_end=501720489 connect_duration_ms=0 send_duration_ms=0 receive_duration_ms=2 total_duration_ms=3
[2026-02-02 22:47:58.386] [info] [spider.worker] [TIMING] worker_id=3cd5416e-e337-415b-9960-fb26f427746a task_id=none get_next_task request_start=501720590 connect_end=501720591 send_end=501720591 receive_end=501720595 connect_duration_ms=0 send_duration_ms=0 receive_duration_ms=3 total_duration_ms=4
[2026-02-02 22:47:58.490] [info] [spider.worker] [TIMING] worker_id=3cd5416e-e337-415b-9960-fb26f427746a task_id=none get_next_task request_start=501720696 connect_end=501720697 send_end=501720697 receive_end=501720699 connect_duration_ms=0 send_duration_ms=0 receive_duration_ms=1 total_duration_ms=2
[2026-02-02 22:47:58.594] [info] [spider.worker] [TIMING] worker_id=3cd5416e-e337-415b-9960-fb26f427746a task_id=none get_next_task request_start=501720800 connect_end=501720801 send_end=501720801 receive_end=501720802 connect_duration_ms=0 send_duration_ms=0 receive_duration_ms=1 total_duration_ms=2
[2026-02-02 22:47:58.698] [info] [spider.worker] [TIMING] worker_id=3cd5416e-e337-415b-9960-fb26f427746a task_id=none get_next_task request_start=501720904 connect_end=501720905 send_end=501720905 receive_end=501720906 connect_duration_ms=0 send_duration_ms=0 receive_duration_ms=1 total_duration_ms=2
[2026-02-02 22:47:58.803] [info] [spider.worker] [TIMING] worker_id=3cd5416e-e337-415b-9960-fb26f427746a task_id=none get_next_task request_start=501721009 connect_end=501721010 send_end=501721010 receive_end=501721011 connect_duration_ms=1 send_duration_ms=0 receive_duration_ms=1 total_duration_ms=2
[2026-02-02 22:47:58.908] [info] [spider.worker] [TIMING] worker_id=3cd5416e-e337-415b-9960-fb26f427746a task_id=none get_next_task request_start=501721114 connect_end=501721115 send_end=501721115 receive_end=501721117 connect_duration_ms=1 send_duration_ms=0 receive_duration_ms=1 total_duration_ms=2
[2026-02-02 22:47:59.016] [info] [spider.worker] [TIMING] worker_id=3cd5416e-e337-415b-9960-fb26f427746a task_id=none get_next_task request_start=501721219 connect_end=501721220 send_end=501721220 receive_end=501721225 connect_duration_ms=0 send_duration_ms=0 receive_duration_ms=5 total_duration_ms=5
[2026-02-02 22:47:59.122] [info] [spider.worker] [TIMING] worker_id=3cd5416e-e337-415b-9960-fb26f427746a task_id=none get_next_task request_start=501721327 connect_end=501721327 send_end=501721327 receive_end=501721331 connect_duration_ms=0 send_duration_ms=0 receive_duration_ms=3 total_duration_ms=4
[2026-02-02 22:47:59.227] [info] [spider.worker] [TIMING] worker_id=3cd5416e-e337-415b-9960-fb26f427746a task_id=none get_next_task request_start=501721433 connect_end=501721434 send_end=501721434 receive_end=501721435 connect_duration_ms=0 send_duration_ms=0 receive_duration_ms=1 total_duration_ms=2
[2026-02-02 22:47:59.332] [info] [spider.worker] [TIMING] worker_id=3cd5416e-e337-415b-9960-fb26f427746a task_id=none get_next_task request_start=501721537 connect_end=501721538 send_end=501721538 receive_end=501721541 connect_duration_ms=0 send_duration_ms=0 receive_duration_ms=2 total_duration_ms=3
[2026-02-02 22:47:59.440] [info] [spider.worker] [TIMING] worker_id=3cd5416e-e337-415b-9960-fb26f427746a task_id=none get_next_task request_start=501721642 connect_end=501721643 send_end=501721643 receive_end=501721649 connect_duration_ms=0 send_duration_ms=0 receive_duration_ms=5 total_duration_ms=6
[2026-02-02 22:47:59.547] [info] [spider.worker] [TIMING] worker_id=3cd5416e-e337-415b-9960-fb26f427746a task_id=none get_next_task request_start=501721751 connect_end=501721752 send_end=501721752 receive_end=501721755 connect_duration_ms=1 send_duration_ms=0 receive_duration_ms=3 total_duration_ms=4
[2026-02-02 22:47:59.661] [info] [spider.worker] [TIMING] worker_id=3cd5416e-e337-415b-9960-fb26f427746a task_id=none get_next_task request_start=501721857 connect_end=501721858 send_end=501721859 receive_end=501721870 connect_duration_ms=1 send_duration_ms=0 receive_duration_ms=11 total_duration_ms=12
[2026-02-02 22:47:59.764] [info] [spider.worker] [TIMING] worker_id=3cd5416e-e337-415b-9960-fb26f427746a task_id=none get_next_task request_start=501721971 connect_end=501721971 send_end=501721971 receive_end=501721973 connect_duration_ms=0 send_duration_ms=0 receive_duration_ms=1 total_duration_ms=1
[2026-02-02 22:47:59.869] [info] [spider.worker] [TIMING] worker_id=3cd5416e-e337-415b-9960-fb26f427746a task_id=none get_next_task request_start=501722075 connect_end=501722076 send_end=501722076 receive_end=501722077 connect_duration_ms=0 send_duration_ms=0 receive_duration_ms=1 total_duration_ms=2
[2026-02-02 22:47:59.976] [info] [spider.worker] [TIMING] worker_id=3cd5416e-e337-415b-9960-fb26f427746a task_id=none get_next_task request_start=501722179 connect_end=501722181 send_end=501722181 receive_end=501722184 connect_duration_ms=1 send_duration_ms=0 receive_duration_ms=3 total_duration_ms=4
[2026-02-02 22:48:00.082] [info] [spider.worker] [TIMING] worker_id=3cd5416e-e337-415b-9960-fb26f427746a task_id=none get_next_task request_start=501722286 connect_end=501722287 send_end=501722287 receive_end=501722290 connect_duration_ms=1 send_duration_ms=0 receive_duration_ms=2 total_duration_ms=3
[2026-02-02 22:48:00.196] [info] [spider.worker] [TIMING] worker_id=3cd5416e-e337-415b-9960-fb26f427746a task_id=none get_next_task request_start=501722392 connect_end=501722393 send_end=501722393 receive_end=501722404 connect_duration_ms=1 send_duration_ms=0 receive_duration_ms=11 total_duration_ms=12
[2026-02-02 22:48:00.302] [info] [spider.worker] [TIMING] worker_id=3cd5416e-e337-415b-9960-fb26f427746a task_id=none get_next_task request_start=501722506 connect_end=501722508 send_end=501722508 receive_end=501722510 connect_duration_ms=1 send_duration_ms=0 receive_duration_ms=2 total_duration_ms=3
[2026-02-02 22:48:00.427] [info] [spider.worker] [TIMING] worker_id=3cd5416e-e337-415b-9960-fb26f427746a task_id=none get_next_task request_start=501722612 connect_end=501722613 send_end=501722613 receive_end=501722636 connect_duration_ms=1 send_duration_ms=0 receive_duration_ms=22 total_duration_ms=23
[2026-02-02 22:48:00.537] [info] [spider.worker] [TIMING] worker_id=3cd5416e-e337-415b-9960-fb26f427746a task_id=none get_next_task request_start=501722738 connect_end=501722739 send_end=501722739 receive_end=501722746 connect_duration_ms=1 send_duration_ms=0 receive_duration_ms=6 total_duration_ms=7
[2026-02-02 22:48:00.643] [info] [spider.worker] [TIMING] worker_id=3cd5416e-e337-415b-9960-fb26f427746a task_id=none get_next_task request_start=501722848 connect_end=501722849 send_end=501722849 receive_end=501722851 connect_duration_ms=1 send_duration_ms=0 receive_duration_ms=2 total_duration_ms=3
[2026-02-02 22:48:00.750] [info] [spider.worker] [TIMING] worker_id=3cd5416e-e337-415b-9960-fb26f427746a task_id=none get_next_task request_start=501722954 connect_end=501722955 send_end=501722955 receive_end=501722958 connect_duration_ms=1 send_duration_ms=0 receive_duration_ms=3 total_duration_ms=4
[2026-02-02 22:48:00.858] [info] [spider.worker] [TIMING] worker_id=3cd5416e-e337-415b-9960-fb26f427746a task_id=none get_next_task request_start=501723061 connect_end=501723062 send_end=501723062 receive_end=501723066 connect_duration_ms=1 send_duration_ms=0 receive_duration_ms=4 total_duration_ms=5
[2026-02-02 22:48:00.965] [info] [spider.worker] [TIMING] worker_id=3cd5416e-e337-415b-9960-fb26f427746a task_id=none get_next_task request_start=501723170 connect_end=501723171 send_end=501723171 receive_end=501723173 connect_duration_ms=1 send_duration_ms=0 receive_duration_ms=2 total_duration_ms=3
[2026-02-02 22:48:01.072] [info] [spider.worker] [TIMING] worker_id=3cd5416e-e337-415b-9960-fb26f427746a task_id=none get_next_task request_start=501723276 connect_end=501723277 send_end=501723277 receive_end=501723280 connect_duration_ms=1 send_duration_ms=0 receive_duration_ms=2 total_duration_ms=3
[2026-02-02 22:48:01.178] [info] [spider.worker] [TIMING] worker_id=3cd5416e-e337-415b-9960-fb26f427746a task_id=none get_next_task request_start=501723383 connect_end=501723384 send_end=501723384 receive_end=501723387 connect_duration_ms=1 send_duration_ms=0 receive_duration_ms=2 total_duration_ms=4
[2026-02-02 22:48:01.285] [info] [spider.worker] [TIMING] worker_id=3cd5416e-e337-415b-9960-fb26f427746a task_id=none get_next_task request_start=501723489 connect_end=501723490 send_end=501723490 receive_end=501723493 connect_duration_ms=1 send_duration_ms=0 receive_duration_ms=2 total_duration_ms=3
[2026-02-02 22:48:01.390] [info] [spider.worker] [TIMING] worker_id=3cd5416e-e337-415b-9960-fb26f427746a task_id=none get_next_task request_start=501723595 connect_end=501723597 send_end=501723597 receive_end=501723599 connect_duration_ms=1 send_duration_ms=0 receive_duration_ms=2 total_duration_ms=3
[2026-02-02 22:48:01.498] [info] [spider.worker] [TIMING] worker_id=3cd5416e-e337-415b-9960-fb26f427746a task_id=none get_next_task request_start=501723702 connect_end=501723703 send_end=501723703 receive_end=501723706 connect_duration_ms=1 send_duration_ms=0 receive_duration_ms=3 total_duration_ms=4
[2026-02-02 22:48:01.605] [info] [spider.worker] [TIMING] worker_id=3cd5416e-e337-415b-9960-fb26f427746a task_id=none get_next_task request_start=501723809 connect_end=501723810 send_end=501723810 receive_end=501723813 connect_duration_ms=1 send_duration_ms=0 receive_duration_ms=2 total_duration_ms=3
[2026-02-02 22:48:01.711] [info] [spider.worker] [TIMING] worker_id=3cd5416e-e337-415b-9960-fb26f427746a task_id=none get_next_task request_start=501723915 connect_end=501723916 send_end=501723916 receive_end=501723919 connect_duration_ms=1 send_duration_ms=0 receive_duration_ms=2 total_duration_ms=3
[2026-02-02 22:48:01.817] [info] [spider.worker] [TIMING] worker_id=3cd5416e-e337-415b-9960-fb26f427746a task_id=none get_next_task request_start=501724022 connect_end=501724023 send_end=501724023 receive_end=501724026 connect_duration_ms=1 send_duration_ms=0 receive_duration_ms=2 total_duration_ms=3
[2026-02-02 22:48:01.924] [info] [spider.worker] [TIMING] worker_id=3cd5416e-e337-415b-9960-fb26f427746a task_id=none get_next_task request_start=501724128 connect_end=501724129 send_end=501724129 receive_end=501724132 connect_duration_ms=1 send_duration_ms=0 receive_duration_ms=2 total_duration_ms=3
[2026-02-02 22:48:02.030] [info] [spider.worker] [TIMING] worker_id=3cd5416e-e337-415b-9960-fb26f427746a task_id=none get_next_task request_start=501724235 connect_end=501724237 send_end=501724237 receive_end=501724239 connect_duration_ms=1 send_duration_ms=0 receive_duration_ms=2 total_duration_ms=3
[2026-02-02 22:48:02.138] [info] [spider.worker] [TIMING] worker_id=3cd5416e-e337-415b-9960-fb26f427746a task_id=none get_next_task request_start=501724342 connect_end=501724343 send_end=501724343 receive_end=501724346 connect_duration_ms=1 send_duration_ms=0 receive_duration_ms=3 total_duration_ms=4
[2026-02-02 22:48:02.389] [info] [spider.worker] [TIMING] worker_id=3cd5416e-e337-415b-9960-fb26f427746a task_id=none get_next_task request_start=501724456 connect_end=501724457 send_end=501724457 receive_end=501724598 connect_duration_ms=1 send_duration_ms=0 receive_duration_ms=140 total_duration_ms=141
[2026-02-02 22:48:02.650] [info] [spider.worker] [TIMING] worker_id=3cd5416e-e337-415b-9960-fb26f427746a task_id=none get_next_task request_start=501724708 connect_end=501724709 send_end=501724709 receive_end=501724859 connect_duration_ms=1 send_duration_ms=0 receive_duration_ms=149 total_duration_ms=150
[2026-02-02 22:48:02.765] [info] [spider.worker] [TIMING] worker_id=3cd5416e-e337-415b-9960-fb26f427746a task_id=none get_next_task request_start=501724969 connect_end=501724970 send_end=501724970 receive_end=501724973 connect_duration_ms=1 send_duration_ms=0 receive_duration_ms=3 total_duration_ms=4
[2026-02-02 22:48:02.872] [info] [spider.worker] [TIMING] worker_id=3cd5416e-e337-415b-9960-fb26f427746a task_id=none get_next_task request_start=501725076 connect_end=501725077 send_end=501725077 receive_end=501725080 connect_duration_ms=1 send_duration_ms=0 receive_duration_ms=3 total_duration_ms=4
[2026-02-02 22:48:03.027] [info] [spider.worker] [TIMING] worker_id=3cd5416e-e337-415b-9960-fb26f427746a task_id=none get_next_task request_start=501725182 connect_end=501725183 send_end=501725183 receive_end=501725235 connect_duration_ms=1 send_duration_ms=0 receive_duration_ms=51 total_duration_ms=52
[2026-02-02 22:48:03.196] [info] [spider.worker] [TIMING] worker_id=3cd5416e-e337-415b-9960-fb26f427746a task_id=none get_next_task request_start=501725338 connect_end=501725339 send_end=501725339 receive_end=501725404 connect_duration_ms=1 send_duration_ms=0 receive_duration_ms=65 total_duration_ms=66
[2026-02-02 22:48:03.311] [info] [spider.worker] [TIMING] worker_id=3cd5416e-e337-415b-9960-fb26f427746a task_id=none get_next_task request_start=501725507 connect_end=501725508 send_end=501725509 receive_end=501725520 connect_duration_ms=1 send_duration_ms=0 receive_duration_ms=11 total_duration_ms=12
[2026-02-02 22:48:03.433] [info] [spider.worker] [TIMING] worker_id=3cd5416e-e337-415b-9960-fb26f427746a task_id=none get_next_task request_start=501725635 connect_end=501725636 send_end=501725636 receive_end=501725641 connect_duration_ms=1 send_duration_ms=0 receive_duration_ms=4 total_duration_ms=5
[2026-02-02 22:48:03.540] [info] [spider.worker] [TIMING] worker_id=3cd5416e-e337-415b-9960-fb26f427746a task_id=none get_next_task request_start=501725744 connect_end=501725746 send_end=501725746 receive_end=501725749 connect_duration_ms=1 send_duration_ms=0 receive_duration_ms=3 total_duration_ms=4
[2026-02-02 22:48:03.645] [info] [spider.worker] [TIMING] worker_id=3cd5416e-e337-415b-9960-fb26f427746a task_id=none get_next_task request_start=501725851 connect_end=501725851 send_end=501725851 receive_end=501725853 connect_duration_ms=0 send_duration_ms=0 receive_duration_ms=1 total_duration_ms=2
[2026-02-02 22:48:03.757] [info] [spider.worker] [TIMING] worker_id=3cd5416e-e337-415b-9960-fb26f427746a task_id=none get_next_task request_start=501725955 connect_end=501725955 send_end=501725955 receive_end=501725966 connect_duration_ms=0 send_duration_ms=0 receive_duration_ms=10 total_duration_ms=10
[2026-02-02 22:48:04.029] [info] [spider.worker] [TIMING] worker_id=3cd5416e-e337-415b-9960-fb26f427746a task_id=0d0f5e08-0d73-4d14-9b87-fd0d10f5256e get_next_task request_start=501726067 connect_end=501726068 send_end=501726068 receive_end=501726130 connect_duration_ms=0 send_duration_ms=0 receive_duration_ms=62 total_duration_ms=62
[2026-02-02 22:48:04.033] [info] [spider.worker] [TIMING] task_id=0d0f5e08-0d73-4d14-9b87-fd0d10f5256e func=job_orchestration.executor.query.spider_search_task.search_without_channel fetch_input_start=501726240 fetch_input_end=501726241 fetch_input_duration_ms=1
[2026-02-02 22:48:04.034] [info] [spider.worker] [TIMING] task_id=0d0f5e08-0d73-4d14-9b87-fd0d10f5256e func=job_orchestration.executor.query.spider_search_task.search_without_channel input_send_start=501726242 input_send_end=501726242 input_send_duration_ms=0 bytes=612
[2026-02-02 22:48:04.034] [info] [spider.worker] [TIMING] task_id=0d0f5e08-0d73-4d14-9b87-fd0d10f5256e func=job_orchestration.executor.query.spider_search_task.search_without_channel spawn_start=501726242 spawn_end=501726242 spawn_duration_ms=0
[2026-02-02 22:48:05.341] [info] [spider.worker] [TIMING] task_id=0d0f5e08-0d73-4d14-9b87-fd0d10f5256e func=job_orchestration.executor.query.spider_search_task.search_without_channel execution_start=501726242 execution_end=501727549 execution_duration_ms=1306
[2026-02-02 22:48:05.423] [info] [spider.worker] [TIMING] task_id=0d0f5e08-0d73-4d14-9b87-fd0d10f5256e func=job_orchestration.executor.query.spider_search_task.search_without_channel submit_output_start=501727551 submit_output_end=501727631 submit_output_duration_ms=79
[2026-02-02 22:48:05.464] [info] [spider.worker] [TIMING] worker_id=3cd5416e-e337-415b-9960-fb26f427746a task_id=2a382862-7814-4de4-97ee-bf6c6a117fc7 get_next_task request_start=501727633 connect_end=501727634 send_end=501727634 receive_end=501727634 connect_duration_ms=0 send_duration_ms=0 receive_duration_ms=0 total_duration_ms=0
[2026-02-02 22:48:05.467] [info] [spider.worker] [TIMING] task_id=2a382862-7814-4de4-97ee-bf6c6a117fc7 func=job_orchestration.executor.query.spider_search_task.search_without_channel fetch_input_start=501727675 fetch_input_end=501727675 fetch_input_duration_ms=0
[2026-02-02 22:48:05.468] [info] [spider.worker] [TIMING] task_id=2a382862-7814-4de4-97ee-bf6c6a117fc7 func=job_orchestration.executor.query.spider_search_task.search_without_channel input_send_start=501727676 input_send_end=501727676 input_send_duration_ms=0 bytes=612
[2026-02-02 22:48:05.468] [info] [spider.worker] [TIMING] task_id=2a382862-7814-4de4-97ee-bf6c6a117fc7 func=job_orchestration.executor.query.spider_search_task.search_without_channel spawn_start=501727676 spawn_end=501727676 spawn_duration_ms=0
[2026-02-02 22:48:06.826] [info] [spider.worker] [TIMING] task_id=2a382862-7814-4de4-97ee-bf6c6a117fc7 func=job_orchestration.executor.query.spider_search_task.search_without_channel execution_start=501727676 execution_end=501729035 execution_duration_ms=1358
[2026-02-02 22:48:06.876] [info] [spider.worker] [TIMING] task_id=2a382862-7814-4de4-97ee-bf6c6a117fc7 func=job_orchestration.executor.query.spider_search_task.search_without_channel submit_output_start=501729037 submit_output_end=501729084 submit_output_duration_ms=47
[2026-02-02 22:48:06.926] [info] [spider.worker] [TIMING] worker_id=3cd5416e-e337-415b-9960-fb26f427746a task_id=a052ef7c-d367-44a7-b561-8f957244796a get_next_task request_start=501729086 connect_end=501729087 send_end=501729087 receive_end=501729087 connect_duration_ms=0 send_duration_ms=0 receive_duration_ms=0 total_duration_ms=0
[2026-02-02 22:48:06.929] [info] [spider.worker] [TIMING] task_id=a052ef7c-d367-44a7-b561-8f957244796a func=job_orchestration.executor.query.spider_search_task.search_without_channel fetch_input_start=501729136 fetch_input_end=501729137 fetch_input_duration_ms=1
[2026-02-02 22:48:06.930] [info] [spider.worker] [TIMING] task_id=a052ef7c-d367-44a7-b561-8f957244796a func=job_orchestration.executor.query.spider_search_task.search_without_channel input_send_start=501729138 input_send_end=501729138 input_send_duration_ms=0 bytes=612
[2026-02-02 22:48:06.930] [info] [spider.worker] [TIMING] task_id=a052ef7c-d367-44a7-b561-8f957244796a func=job_orchestration.executor.query.spider_search_task.search_without_channel spawn_start=501729137 spawn_end=501729138 spawn_duration_ms=0
[2026-02-02 22:48:08.247] [info] [spider.worker] [TIMING] task_id=a052ef7c-d367-44a7-b561-8f957244796a func=job_orchestration.executor.query.spider_search_task.search_without_channel execution_start=501729138 execution_end=501730456 execution_duration_ms=1317
[2026-02-02 22:48:08.301] [info] [spider.worker] [TIMING] task_id=a052ef7c-d367-44a7-b561-8f957244796a func=job_orchestration.executor.query.spider_search_task.search_without_channel submit_output_start=501730462 submit_output_end=501730510 submit_output_duration_ms=47
[2026-02-02 22:48:08.331] [info] [spider.worker] [TIMING] worker_id=3cd5416e-e337-415b-9960-fb26f427746a task_id=fe0484a7-e9e6-4b06-9252-71f5f2d0647e get_next_task request_start=501730512 connect_end=501730512 send_end=501730512 receive_end=501730512 connect_duration_ms=0 send_duration_ms=0 receive_duration_ms=0 total_duration_ms=0
[2026-02-02 22:48:08.333] [info] [spider.worker] [TIMING] task_id=fe0484a7-e9e6-4b06-9252-71f5f2d0647e func=job_orchestration.executor.query.spider_search_task.search_without_channel fetch_input_start=501730541 fetch_input_end=501730542 fetch_input_duration_ms=0
[2026-02-02 22:48:08.334] [info] [spider.worker] [TIMING] task_id=fe0484a7-e9e6-4b06-9252-71f5f2d0647e func=job_orchestration.executor.query.spider_search_task.search_without_channel input_send_start=501730542 input_send_end=501730542 input_send_duration_ms=0 bytes=612
[2026-02-02 22:48:08.334] [info] [spider.worker] [TIMING] task_id=fe0484a7-e9e6-4b06-9252-71f5f2d0647e func=job_orchestration.executor.query.spider_search_task.search_without_channel spawn_start=501730542 spawn_end=501730542 spawn_duration_ms=0
[2026-02-02 22:48:09.598] [info] [spider.worker] [TIMING] task_id=fe0484a7-e9e6-4b06-9252-71f5f2d0647e func=job_orchestration.executor.query.spider_search_task.search_without_channel execution_start=501730543 execution_end=501731807 execution_duration_ms=1263
[2026-02-02 22:48:09.625] [info] [spider.worker] [TIMING] task_id=fe0484a7-e9e6-4b06-9252-71f5f2d0647e func=job_orchestration.executor.query.spider_search_task.search_without_channel submit_output_start=501731808 submit_output_end=501731833 submit_output_duration_ms=24
[2026-02-02 22:48:09.643] [info] [spider.worker] [TIMING] worker_id=3cd5416e-e337-415b-9960-fb26f427746a task_id=8d3e3ba0-e41d-4a48-9622-6f206b5a8485 get_next_task request_start=501731835 connect_end=501731836 send_end=501731836 receive_end=501731836 connect_duration_ms=0 send_duration_ms=0 receive_duration_ms=0 total_duration_ms=1
[2026-02-02 22:48:09.646] [info] [spider.worker] [TIMING] task_id=8d3e3ba0-e41d-4a48-9622-6f206b5a8485 func=job_orchestration.executor.query.spider_search_task.search_without_channel fetch_input_start=501731853 fetch_input_end=501731854 fetch_input_duration_ms=1
[2026-02-02 22:48:09.646] [info] [spider.worker] [TIMING] task_id=8d3e3ba0-e41d-4a48-9622-6f206b5a8485 func=job_orchestration.executor.query.spider_search_task.search_without_channel input_send_start=501731855 input_send_end=501731855 input_send_duration_ms=0 bytes=612
[2026-02-02 22:48:09.646] [info] [spider.worker] [TIMING] task_id=8d3e3ba0-e41d-4a48-9622-6f206b5a8485 func=job_orchestration.executor.query.spider_search_task.search_without_channel spawn_start=501731854 spawn_end=501731855 spawn_duration_ms=0
[2026-02-02 22:48:10.859] [info] [spider.worker] [TIMING] task_id=8d3e3ba0-e41d-4a48-9622-6f206b5a8485 func=job_orchestration.executor.query.spider_search_task.search_without_channel execution_start=501731855 execution_end=501733067 execution_duration_ms=1212
[2026-02-02 22:48:10.885] [info] [spider.worker] [TIMING] task_id=8d3e3ba0-e41d-4a48-9622-6f206b5a8485 func=job_orchestration.executor.query.spider_search_task.search_without_channel submit_output_start=501733069 submit_output_end=501733094 submit_output_duration_ms=24
[2026-02-02 22:48:10.902] [info] [spider.worker] [TIMING] worker_id=3cd5416e-e337-415b-9960-fb26f427746a task_id=bae17f78-e4ce-4e89-9054-9ce26f386230 get_next_task request_start=501733096 connect_end=501733097 send_end=501733097 receive_end=501733097 connect_duration_ms=0 send_duration_ms=0 receive_duration_ms=0 total_duration_ms=1
[2026-02-02 22:48:10.904] [info] [spider.worker] [TIMING] task_id=bae17f78-e4ce-4e89-9054-9ce26f386230 func=job_orchestration.executor.query.spider_search_task.search_without_channel fetch_input_start=501733111 fetch_input_end=501733112 fetch_input_duration_ms=0
[2026-02-02 22:48:10.905] [info] [spider.worker] [TIMING] task_id=bae17f78-e4ce-4e89-9054-9ce26f386230 func=job_orchestration.executor.query.spider_search_task.search_without_channel input_send_start=501733113 input_send_end=501733113 input_send_duration_ms=0 bytes=612
[2026-02-02 22:48:10.905] [info] [spider.worker] [TIMING] task_id=bae17f78-e4ce-4e89-9054-9ce26f386230 func=job_orchestration.executor.query.spider_search_task.search_without_channel spawn_start=501733113 spawn_end=501733113 spawn_duration_ms=0
[2026-02-02 22:48:12.029] [info] [spider.worker] [TIMING] task_id=bae17f78-e4ce-4e89-9054-9ce26f386230 func=job_orchestration.executor.query.spider_search_task.search_without_channel execution_start=501733113 execution_end=501734237 execution_duration_ms=1123
[2026-02-02 22:48:12.044] [info] [spider.worker] [TIMING] task_id=bae17f78-e4ce-4e89-9054-9ce26f386230 func=job_orchestration.executor.query.spider_search_task.search_without_channel submit_output_start=501734238 submit_output_end=501734252 submit_output_duration_ms=13
[2026-02-02 22:48:12.060] [info] [spider.worker] [TIMING] worker_id=3cd5416e-e337-415b-9960-fb26f427746a task_id=e43582d5-56b2-4225-a057-5088949c4c59 get_next_task request_start=501734255 connect_end=501734255 send_end=501734256 receive_end=501734256 connect_duration_ms=0 send_duration_ms=0 receive_duration_ms=0 total_duration_ms=1
[2026-02-02 22:48:12.064] [info] [spider.worker] [TIMING] task_id=e43582d5-56b2-4225-a057-5088949c4c59 func=job_orchestration.executor.query.spider_search_task.search_without_channel fetch_input_start=501734271 fetch_input_end=501734272 fetch_input_duration_ms=1
[2026-02-02 22:48:12.064] [info] [spider.worker] [TIMING] task_id=e43582d5-56b2-4225-a057-5088949c4c59 func=job_orchestration.executor.query.spider_search_task.search_without_channel input_send_start=501734273 input_send_end=501734273 input_send_duration_ms=0 bytes=612
[2026-02-02 22:48:12.064] [info] [spider.worker] [TIMING] task_id=e43582d5-56b2-4225-a057-5088949c4c59 func=job_orchestration.executor.query.spider_search_task.search_without_channel spawn_start=501734272 spawn_end=501734273 spawn_duration_ms=0
[2026-02-02 22:48:13.266] [info] [spider.worker] [TIMING] task_id=e43582d5-56b2-4225-a057-5088949c4c59 func=job_orchestration.executor.query.spider_search_task.search_without_channel execution_start=501734273 execution_end=501735474 execution_duration_ms=1201
[2026-02-02 22:48:13.277] [info] [spider.worker] [TIMING] task_id=e43582d5-56b2-4225-a057-5088949c4c59 func=job_orchestration.executor.query.spider_search_task.search_without_channel submit_output_start=501735476 submit_output_end=501735485 submit_output_duration_ms=9
[2026-02-02 22:48:13.294] [info] [spider.worker] [TIMING] worker_id=3cd5416e-e337-415b-9960-fb26f427746a task_id=caea391a-172b-46ac-abf3-a2709efbad47 get_next_task request_start=501735488 connect_end=501735489 send_end=501735489 receive_end=501735489 connect_duration_ms=0 send_duration_ms=0 receive_duration_ms=0 total_duration_ms=0
[2026-02-02 22:48:13.297] [info] [spider.worker] [TIMING] task_id=caea391a-172b-46ac-abf3-a2709efbad47 func=job_orchestration.executor.query.spider_search_task.search_without_channel fetch_input_start=501735504 fetch_input_end=501735505 fetch_input_duration_ms=1
[2026-02-02 22:48:13.297] [info] [spider.worker] [TIMING] task_id=caea391a-172b-46ac-abf3-a2709efbad47 func=job_orchestration.executor.query.spider_search_task.search_without_channel input_send_start=501735506 input_send_end=501735506 input_send_duration_ms=0 bytes=612
[2026-02-02 22:48:13.298] [info] [spider.worker] [TIMING] task_id=caea391a-172b-46ac-abf3-a2709efbad47 func=job_orchestration.executor.query.spider_search_task.search_without_channel spawn_start=501735505 spawn_end=501735506 spawn_duration_ms=0
[2026-02-02 22:48:14.801] [info] [spider.worker] [TIMING] task_id=caea391a-172b-46ac-abf3-a2709efbad47 func=job_orchestration.executor.query.spider_search_task.search_without_channel execution_start=501735506 execution_end=501737010 execution_duration_ms=1503
[2026-02-02 22:48:14.811] [info] [spider.worker] [TIMING] task_id=caea391a-172b-46ac-abf3-a2709efbad47 func=job_orchestration.executor.query.spider_search_task.search_without_channel submit_output_start=501737012 submit_output_end=501737019 submit_output_duration_ms=7
[2026-02-02 22:48:14.843] [info] [spider.worker] [TIMING] worker_id=3cd5416e-e337-415b-9960-fb26f427746a task_id=2623b5f1-a8dd-44bf-a715-a55fe2c32b7f get_next_task request_start=501737021 connect_end=501737022 send_end=501737022 receive_end=501737022 connect_duration_ms=0 send_duration_ms=0 receive_duration_ms=0 total_duration_ms=1
[2026-02-02 22:48:14.846] [info] [spider.worker] [TIMING] task_id=2623b5f1-a8dd-44bf-a715-a55fe2c32b7f func=job_orchestration.executor.query.spider_search_task.search_without_channel fetch_input_start=501737053 fetch_input_end=501737054 fetch_input_duration_ms=1
[2026-02-02 22:48:14.846] [info] [spider.worker] [TIMING] task_id=2623b5f1-a8dd-44bf-a715-a55fe2c32b7f func=job_orchestration.executor.query.spider_search_task.search_without_channel input_send_start=501737055 input_send_end=501737055 input_send_duration_ms=0 bytes=612
[2026-02-02 22:48:14.846] [info] [spider.worker] [TIMING] task_id=2623b5f1-a8dd-44bf-a715-a55fe2c32b7f func=job_orchestration.executor.query.spider_search_task.search_without_channel spawn_start=501737054 spawn_end=501737055 spawn_duration_ms=0
[2026-02-02 22:48:16.211] [info] [spider.worker] [TIMING] task_id=2623b5f1-a8dd-44bf-a715-a55fe2c32b7f func=job_orchestration.executor.query.spider_search_task.search_without_channel execution_start=501737055 execution_end=501738419 execution_duration_ms=1364
[2026-02-02 22:48:16.244] [info] [spider.worker] [TIMING] task_id=2623b5f1-a8dd-44bf-a715-a55fe2c32b7f func=job_orchestration.executor.query.spider_search_task.search_without_channel submit_output_start=501738421 submit_output_end=501738453 submit_output_duration_ms=31
[2026-02-02 22:48:16.286] [info] [spider.worker] [TIMING] worker_id=3cd5416e-e337-415b-9960-fb26f427746a task_id=ebcb7dc1-e867-4ddc-97bd-178a39abb810 get_next_task request_start=501738455 connect_end=501738456 send_end=501738456 receive_end=501738456 connect_duration_ms=0 send_duration_ms=0 receive_duration_ms=0 total_duration_ms=0
[2026-02-02 22:48:16.289] [info] [spider.worker] [TIMING] task_id=ebcb7dc1-e867-4ddc-97bd-178a39abb810 func=job_orchestration.executor.query.spider_search_task.search_without_channel fetch_input_start=501738496 fetch_input_end=501738497 fetch_input_duration_ms=0
[2026-02-02 22:48:16.290] [info] [spider.worker] [TIMING] task_id=ebcb7dc1-e867-4ddc-97bd-178a39abb810 func=job_orchestration.executor.query.spider_search_task.search_without_channel input_send_start=501738498 input_send_end=501738498 input_send_duration_ms=0 bytes=612
[2026-02-02 22:48:16.290] [info] [spider.worker] [TIMING] task_id=ebcb7dc1-e867-4ddc-97bd-178a39abb810 func=job_orchestration.executor.query.spider_search_task.search_without_channel spawn_start=501738498 spawn_end=501738498 spawn_duration_ms=0
[2026-02-02 22:48:17.588] [info] [spider.worker] [TIMING] task_id=ebcb7dc1-e867-4ddc-97bd-178a39abb810 func=job_orchestration.executor.query.spider_search_task.search_without_channel execution_start=501738498 execution_end=501739797 execution_duration_ms=1298
[2026-02-02 22:48:17.636] [info] [spider.worker] [TIMING] task_id=ebcb7dc1-e867-4ddc-97bd-178a39abb810 func=job_orchestration.executor.query.spider_search_task.search_without_channel submit_output_start=501739798 submit_output_end=501739845 submit_output_duration_ms=46
[2026-02-02 22:48:17.653] [info] [spider.worker] [TIMING] worker_id=3cd5416e-e337-415b-9960-fb26f427746a task_id=75077c34-7cac-4a63-921d-4191575b6cb6 get_next_task request_start=501739846 connect_end=501739847 send_end=501739847 receive_end=501739847 connect_duration_ms=0 send_duration_ms=0 receive_duration_ms=0 total_duration_ms=0
[2026-02-02 22:48:17.657] [info] [spider.worker] [TIMING] task_id=75077c34-7cac-4a63-921d-4191575b6cb6 func=job_orchestration.executor.query.spider_search_task.search_without_channel fetch_input_start=501739863 fetch_input_end=501739865 fetch_input_duration_ms=2
[2026-02-02 22:48:17.657] [info] [spider.worker] [TIMING] task_id=75077c34-7cac-4a63-921d-4191575b6cb6 func=job_orchestration.executor.query.spider_search_task.search_without_channel input_send_start=501739866 input_send_end=501739866 input_send_duration_ms=0 bytes=612
[2026-02-02 22:48:17.657] [info] [spider.worker] [TIMING] task_id=75077c34-7cac-4a63-921d-4191575b6cb6 func=job_orchestration.executor.query.spider_search_task.search_without_channel spawn_start=501739865 spawn_end=501739866 spawn_duration_ms=0
[2026-02-02 22:48:18.935] [info] [spider.worker] [TIMING] task_id=75077c34-7cac-4a63-921d-4191575b6cb6 func=job_orchestration.executor.query.spider_search_task.search_without_channel execution_start=501739866 execution_end=501741143 execution_duration_ms=1276
[2026-02-02 22:48:18.961] [info] [spider.worker] [TIMING] task_id=75077c34-7cac-4a63-921d-4191575b6cb6 func=job_orchestration.executor.query.spider_search_task.search_without_channel submit_output_start=501741144 submit_output_end=501741169 submit_output_duration_ms=24
[2026-02-02 22:48:18.978] [info] [spider.worker] [TIMING] worker_id=3cd5416e-e337-415b-9960-fb26f427746a task_id=38cdeda3-bc2d-4745-9fbc-4070f403b7d6 get_next_task request_start=501741171 connect_end=501741172 send_end=501741172 receive_end=501741172 connect_duration_ms=0 send_duration_ms=0 receive_duration_ms=0 total_duration_ms=0
[2026-02-02 22:48:18.981] [info] [spider.worker] [TIMING] task_id=38cdeda3-bc2d-4745-9fbc-4070f403b7d6 func=job_orchestration.executor.query.spider_search_task.search_without_channel fetch_input_start=501741188 fetch_input_end=501741189 fetch_input_duration_ms=1
[2026-02-02 22:48:18.982] [info] [spider.worker] [TIMING] task_id=38cdeda3-bc2d-4745-9fbc-4070f403b7d6 func=job_orchestration.executor.query.spider_search_task.search_without_channel input_send_start=501741190 input_send_end=501741190 input_send_duration_ms=0 bytes=612
[2026-02-02 22:48:18.982] [info] [spider.worker] [TIMING] task_id=38cdeda3-bc2d-4745-9fbc-4070f403b7d6 func=job_orchestration.executor.query.spider_search_task.search_without_channel spawn_start=501741189 spawn_end=501741190 spawn_duration_ms=0
[2026-02-02 22:48:20.212] [info] [spider.worker] [TIMING] task_id=38cdeda3-bc2d-4745-9fbc-4070f403b7d6 func=job_orchestration.executor.query.spider_search_task.search_without_channel execution_start=501741190 execution_end=501742420 execution_duration_ms=1229
[2026-02-02 22:48:20.257] [info] [spider.worker] [TIMING] task_id=38cdeda3-bc2d-4745-9fbc-4070f403b7d6 func=job_orchestration.executor.query.spider_search_task.search_without_channel submit_output_start=501742424 submit_output_end=501742465 submit_output_duration_ms=41
[2026-02-02 22:48:20.278] [info] [spider.worker] [TIMING] worker_id=3cd5416e-e337-415b-9960-fb26f427746a task_id=4062e6b6-ff7e-4b7f-a1bb-50cbb21e5455 get_next_task request_start=501742468 connect_end=501742469 send_end=501742469 receive_end=501742469 connect_duration_ms=1 send_duration_ms=0 receive_duration_ms=0 total_duration_ms=1
[2026-02-02 22:48:20.281] [info] [spider.worker] [TIMING] task_id=4062e6b6-ff7e-4b7f-a1bb-50cbb21e5455 func=job_orchestration.executor.query.spider_search_task.search_without_channel fetch_input_start=501742489 fetch_input_end=501742490 fetch_input_duration_ms=1
[2026-02-02 22:48:20.282] [info] [spider.worker] [TIMING] task_id=4062e6b6-ff7e-4b7f-a1bb-50cbb21e5455 func=job_orchestration.executor.query.spider_search_task.search_without_channel input_send_start=501742490 input_send_end=501742490 input_send_duration_ms=0 bytes=612
[2026-02-02 22:48:20.282] [info] [spider.worker] [TIMING] task_id=4062e6b6-ff7e-4b7f-a1bb-50cbb21e5455 func=job_orchestration.executor.query.spider_search_task.search_without_channel spawn_start=501742490 spawn_end=501742490 spawn_duration_ms=0
[2026-02-02 22:48:21.793] [info] [spider.worker] [TIMING] task_id=4062e6b6-ff7e-4b7f-a1bb-50cbb21e5455 func=job_orchestration.executor.query.spider_search_task.search_without_channel execution_start=501742490 execution_end=501744001 execution_duration_ms=1510
[2026-02-02 22:48:21.820] [info] [spider.worker] [TIMING] task_id=4062e6b6-ff7e-4b7f-a1bb-50cbb21e5455 func=job_orchestration.executor.query.spider_search_task.search_without_channel submit_output_start=501744003 submit_output_end=501744028 submit_output_duration_ms=25
[2026-02-02 22:48:21.837] [info] [spider.worker] [TIMING] worker_id=3cd5416e-e337-415b-9960-fb26f427746a task_id=8c7a07a0-35e5-4def-9b9e-7b6a45d90cd7 get_next_task request_start=501744031 connect_end=501744032 send_end=501744032 receive_end=501744032 connect_duration_ms=1 send_duration_ms=0 receive_duration_ms=0 total_duration_ms=1
[2026-02-02 22:48:21.840] [info] [spider.worker] [TIMING] task_id=8c7a07a0-35e5-4def-9b9e-7b6a45d90cd7 func=job_orchestration.executor.query.spider_search_task.search_without_channel fetch_input_start=501744047 fetch_input_end=501744048 fetch_input_duration_ms=1
[2026-02-02 22:48:21.841] [info] [spider.worker] [TIMING] task_id=8c7a07a0-35e5-4def-9b9e-7b6a45d90cd7 func=job_orchestration.executor.query.spider_search_task.search_without_channel input_send_start=501744049 input_send_end=501744049 input_send_duration_ms=0 bytes=612
[2026-02-02 22:48:21.841] [info] [spider.worker] [TIMING] task_id=8c7a07a0-35e5-4def-9b9e-7b6a45d90cd7 func=job_orchestration.executor.query.spider_search_task.search_without_channel spawn_start=501744049 spawn_end=501744049 spawn_duration_ms=0
[2026-02-02 22:48:23.250] [info] [spider.worker] [TIMING] task_id=8c7a07a0-35e5-4def-9b9e-7b6a45d90cd7 func=job_orchestration.executor.query.spider_search_task.search_without_channel execution_start=501744049 execution_end=501745459 execution_duration_ms=1409
[2026-02-02 22:48:23.282] [info] [spider.worker] [TIMING] task_id=8c7a07a0-35e5-4def-9b9e-7b6a45d90cd7 func=job_orchestration.executor.query.spider_search_task.search_without_channel submit_output_start=501745460 submit_output_end=501745490 submit_output_duration_ms=29
[2026-02-02 22:48:23.304] [info] [spider.worker] [TIMING] worker_id=3cd5416e-e337-415b-9960-fb26f427746a task_id=666a8432-3054-47bf-9681-d6e4c1c11d8d get_next_task request_start=501745492 connect_end=501745493 send_end=501745493 receive_end=501745493 connect_duration_ms=0 send_duration_ms=0 receive_duration_ms=0 total_duration_ms=0
[2026-02-02 22:48:23.306] [info] [spider.worker] [TIMING] task_id=666a8432-3054-47bf-9681-d6e4c1c11d8d func=job_orchestration.executor.query.spider_search_task.search_without_channel fetch_input_start=501745514 fetch_input_end=501745515 fetch_input_duration_ms=0
[2026-02-02 22:48:23.307] [info] [spider.worker] [TIMING] task_id=666a8432-3054-47bf-9681-d6e4c1c11d8d func=job_orchestration.executor.query.spider_search_task.search_without_channel input_send_start=501745515 input_send_end=501745515 input_send_duration_ms=0 bytes=612
[2026-02-02 22:48:23.307] [info] [spider.worker] [TIMING] task_id=666a8432-3054-47bf-9681-d6e4c1c11d8d func=job_orchestration.executor.query.spider_search_task.search_without_channel spawn_start=501745515 spawn_end=501745515 spawn_duration_ms=0
[2026-02-02 22:48:24.724] [info] [spider.worker] [TIMING] task_id=666a8432-3054-47bf-9681-d6e4c1c11d8d func=job_orchestration.executor.query.spider_search_task.search_without_channel execution_start=501745515 execution_end=501746932 execution_duration_ms=1417
[2026-02-02 22:48:24.737] [info] [spider.worker] [TIMING] task_id=666a8432-3054-47bf-9681-d6e4c1c11d8d func=job_orchestration.executor.query.spider_search_task.search_without_channel submit_output_start=501746934 submit_output_end=501746946 submit_output_duration_ms=11
[2026-02-02 22:48:24.777] [info] [spider.worker] [TIMING] worker_id=3cd5416e-e337-415b-9960-fb26f427746a task_id=63d136dc-f9ef-4cf1-aa34-ef0f95f3eecb get_next_task request_start=501746948 connect_end=501746949 send_end=501746949 receive_end=501746949 connect_duration_ms=1 send_duration_ms=0 receive_duration_ms=0 total_duration_ms=1
[2026-02-02 22:48:24.779] [info] [spider.worker] [TIMING] task_id=63d136dc-f9ef-4cf1-aa34-ef0f95f3eecb func=job_orchestration.executor.query.spider_search_task.search_without_channel fetch_input_start=501746987 fetch_input_end=501746988 fetch_input_duration_ms=0
[2026-02-02 22:48:24.780] [info] [spider.worker] [TIMING] task_id=63d136dc-f9ef-4cf1-aa34-ef0f95f3eecb func=job_orchestration.executor.query.spider_search_task.search_without_channel input_send_start=501746988 input_send_end=501746988 input_send_duration_ms=0 bytes=612
[2026-02-02 22:48:24.780] [info] [spider.worker] [TIMING] task_id=63d136dc-f9ef-4cf1-aa34-ef0f95f3eecb func=job_orchestration.executor.query.spider_search_task.search_without_channel spawn_start=501746988 spawn_end=501746988 spawn_duration_ms=0
[2026-02-02 22:48:26.216] [info] [spider.worker] [TIMING] task_id=63d136dc-f9ef-4cf1-aa34-ef0f95f3eecb func=job_orchestration.executor.query.spider_search_task.search_without_channel execution_start=501746989 execution_end=501748425 execution_duration_ms=1436
[2026-02-02 22:48:26.229] [info] [spider.worker] [TIMING] task_id=63d136dc-f9ef-4cf1-aa34-ef0f95f3eecb func=job_orchestration.executor.query.spider_search_task.search_without_channel submit_output_start=501748427 submit_output_end=501748437 submit_output_duration_ms=10
[2026-02-02 22:48:26.264] [info] [spider.worker] [TIMING] worker_id=3cd5416e-e337-415b-9960-fb26f427746a task_id=5171617e-95ac-40a0-a0ad-8072b3ed9900 get_next_task request_start=501748440 connect_end=501748441 send_end=501748441 receive_end=501748441 connect_duration_ms=0 send_duration_ms=0 receive_duration_ms=0 total_duration_ms=1
[2026-02-02 22:48:26.267] [info] [spider.worker] [TIMING] task_id=5171617e-95ac-40a0-a0ad-8072b3ed9900 func=job_orchestration.executor.query.spider_search_task.search_without_channel fetch_input_start=501748474 fetch_input_end=501748475 fetch_input_duration_ms=1
[2026-02-02 22:48:26.267] [info] [spider.worker] [TIMING] task_id=5171617e-95ac-40a0-a0ad-8072b3ed9900 func=job_orchestration.executor.query.spider_search_task.search_without_channel input_send_start=501748476 input_send_end=501748476 input_send_duration_ms=0 bytes=612
[2026-02-02 22:48:26.267] [info] [spider.worker] [TIMING] task_id=5171617e-95ac-40a0-a0ad-8072b3ed9900 func=job_orchestration.executor.query.spider_search_task.search_without_channel spawn_start=501748475 spawn_end=501748476 spawn_duration_ms=0
[2026-02-02 22:48:27.528] [info] [spider.worker] [TIMING] task_id=5171617e-95ac-40a0-a0ad-8072b3ed9900 func=job_orchestration.executor.query.spider_search_task.search_without_channel execution_start=501748476 execution_end=501749736 execution_duration_ms=1260
[2026-02-02 22:48:27.608] [info] [spider.worker] [TIMING] task_id=5171617e-95ac-40a0-a0ad-8072b3ed9900 func=job_orchestration.executor.query.spider_search_task.search_without_channel submit_output_start=501749738 submit_output_end=501749817 submit_output_duration_ms=78
[2026-02-02 22:48:27.629] [info] [spider.worker] [TIMING] worker_id=3cd5416e-e337-415b-9960-fb26f427746a task_id=20d80228-04a3-4e9b-b769-f048bc8a1194 get_next_task request_start=501749819 connect_end=501749820 send_end=501749820 receive_end=501749820 connect_duration_ms=1 send_duration_ms=0 receive_duration_ms=0 total_duration_ms=1
[2026-02-02 22:48:27.632] [info] [spider.worker] [TIMING] task_id=20d80228-04a3-4e9b-b769-f048bc8a1194 func=job_orchestration.executor.query.spider_search_task.search_without_channel fetch_input_start=501749839 fetch_input_end=501749840 fetch_input_duration_ms=1
[2026-02-02 22:48:27.633] [info] [spider.worker] [TIMING] task_id=20d80228-04a3-4e9b-b769-f048bc8a1194 func=job_orchestration.executor.query.spider_search_task.search_without_channel input_send_start=501749841 input_send_end=501749841 input_send_duration_ms=0 bytes=612
[2026-02-02 22:48:27.633] [info] [spider.worker] [TIMING] task_id=20d80228-04a3-4e9b-b769-f048bc8a1194 func=job_orchestration.executor.query.spider_search_task.search_without_channel spawn_start=501749840 spawn_end=501749841 spawn_duration_ms=0
[2026-02-02 22:48:28.980] [info] [spider.worker] [TIMING] task_id=20d80228-04a3-4e9b-b769-f048bc8a1194 func=job_orchestration.executor.query.spider_search_task.search_without_channel execution_start=501749841 execution_end=501751188 execution_duration_ms=1347
[2026-02-02 22:48:28.996] [info] [spider.worker] [TIMING] task_id=20d80228-04a3-4e9b-b769-f048bc8a1194 func=job_orchestration.executor.query.spider_search_task.search_without_channel submit_output_start=501751190 submit_output_end=501751204 submit_output_duration_ms=14
[2026-02-02 22:48:29.004] [info] [spider.worker] [TIMING] worker_id=3cd5416e-e337-415b-9960-fb26f427746a task_id=468ccc6e-cbd9-4f46-8a01-8aa3adb48b5e get_next_task request_start=501751207 connect_end=501751207 send_end=501751207 receive_end=501751208 connect_duration_ms=0 send_duration_ms=0 receive_duration_ms=0 total_duration_ms=1
[2026-02-02 22:48:29.007] [info] [spider.worker] [TIMING] task_id=468ccc6e-cbd9-4f46-8a01-8aa3adb48b5e func=job_orchestration.executor.query.spider_search_task.search_without_channel fetch_input_start=501751214 fetch_input_end=501751215 fetch_input_duration_ms=1
[2026-02-02 22:48:29.007] [info] [spider.worker] [TIMING] task_id=468ccc6e-cbd9-4f46-8a01-8aa3adb48b5e func=job_orchestration.executor.query.spider_search_task.search_without_channel input_send_start=501751216 input_send_end=501751216 input_send_duration_ms=0 bytes=612
[2026-02-02 22:48:29.007] [info] [spider.worker] [TIMING] task_id=468ccc6e-cbd9-4f46-8a01-8aa3adb48b5e func=job_orchestration.executor.query.spider_search_task.search_without_channel spawn_start=501751215 spawn_end=501751216 spawn_duration_ms=0
[2026-02-02 22:48:30.441] [info] [spider.worker] [TIMING] task_id=468ccc6e-cbd9-4f46-8a01-8aa3adb48b5e func=job_orchestration.executor.query.spider_search_task.search_without_channel execution_start=501751216 execution_end=501752649 execution_duration_ms=1433
[2026-02-02 22:48:30.454] [info] [spider.worker] [TIMING] task_id=468ccc6e-cbd9-4f46-8a01-8aa3adb48b5e func=job_orchestration.executor.query.spider_search_task.search_without_channel submit_output_start=501752651 submit_output_end=501752663 submit_output_duration_ms=12
[2026-02-02 22:48:30.491] [info] [spider.worker] [TIMING] worker_id=3cd5416e-e337-415b-9960-fb26f427746a task_id=b1ac89fe-761a-4d7c-8851-68ad90e8e387 get_next_task request_start=501752665 connect_end=501752667 send_end=501752667 receive_end=501752667 connect_duration_ms=1 send_duration_ms=0 receive_duration_ms=0 total_duration_ms=1
[2026-02-02 22:48:30.493] [info] [spider.worker] [TIMING] task_id=b1ac89fe-761a-4d7c-8851-68ad90e8e387 func=job_orchestration.executor.query.spider_search_task.search_without_channel fetch_input_start=501752701 fetch_input_end=501752702 fetch_input_duration_ms=1
[2026-02-02 22:48:30.494] [info] [spider.worker] [TIMING] task_id=b1ac89fe-761a-4d7c-8851-68ad90e8e387 func=job_orchestration.executor.query.spider_search_task.search_without_channel input_send_start=501752702 input_send_end=501752702 input_send_duration_ms=0 bytes=612
[2026-02-02 22:48:30.494] [info] [spider.worker] [TIMING] task_id=b1ac89fe-761a-4d7c-8851-68ad90e8e387 func=job_orchestration.executor.query.spider_search_task.search_without_channel spawn_start=501752702 spawn_end=501752702 spawn_duration_ms=0
[2026-02-02 22:48:31.835] [info] [spider.worker] [TIMING] task_id=b1ac89fe-761a-4d7c-8851-68ad90e8e387 func=job_orchestration.executor.query.spider_search_task.search_without_channel execution_start=501752702 execution_end=501754043 execution_duration_ms=1340
[2026-02-02 22:48:31.879] [info] [spider.worker] [TIMING] task_id=b1ac89fe-761a-4d7c-8851-68ad90e8e387 func=job_orchestration.executor.query.spider_search_task.search_without_channel submit_output_start=501754045 submit_output_end=501754088 submit_output_duration_ms=42
[2026-02-02 22:48:31.954] [info] [spider.worker] [TIMING] worker_id=3cd5416e-e337-415b-9960-fb26f427746a task_id=3bded965-194c-4d8c-9a41-2248f7e71573 get_next_task request_start=501754108 connect_end=501754120 send_end=501754120 receive_end=501754124 connect_duration_ms=12 send_duration_ms=0 receive_duration_ms=3 total_duration_ms=15
[2026-02-02 22:48:31.962] [info] [spider.worker] [TIMING] task_id=3bded965-194c-4d8c-9a41-2248f7e71573 func=job_orchestration.executor.query.spider_search_task.search_without_channel fetch_input_start=501754170 fetch_input_end=501754171 fetch_input_duration_ms=1
[2026-02-02 22:48:31.963] [info] [spider.worker] [TIMING] task_id=3bded965-194c-4d8c-9a41-2248f7e71573 func=job_orchestration.executor.query.spider_search_task.search_without_channel input_send_start=501754171 input_send_end=501754171 input_send_duration_ms=0 bytes=612
[2026-02-02 22:48:31.963] [info] [spider.worker] [TIMING] task_id=3bded965-194c-4d8c-9a41-2248f7e71573 func=job_orchestration.executor.query.spider_search_task.search_without_channel spawn_start=501754171 spawn_end=501754171 spawn_duration_ms=0
[2026-02-02 22:48:33.236] [info] [spider.worker] [TIMING] task_id=3bded965-194c-4d8c-9a41-2248f7e71573 func=job_orchestration.executor.query.spider_search_task.search_without_channel execution_start=501754172 execution_end=501755444 execution_duration_ms=1272
[2026-02-02 22:48:33.271] [info] [spider.worker] [TIMING] task_id=3bded965-194c-4d8c-9a41-2248f7e71573 func=job_orchestration.executor.query.spider_search_task.search_without_channel submit_output_start=501755445 submit_output_end=501755480 submit_output_duration_ms=34
[2026-02-02 22:48:33.288] [info] [spider.worker] [TIMING] worker_id=3cd5416e-e337-415b-9960-fb26f427746a task_id=8c9644f9-03ef-4957-8514-0df3fc179f83 get_next_task request_start=501755482 connect_end=501755483 send_end=501755483 receive_end=501755483 connect_duration_ms=0 send_duration_ms=0 receive_duration_ms=0 total_duration_ms=1
[2026-02-02 22:48:33.291] [info] [spider.worker] [TIMING] task_id=8c9644f9-03ef-4957-8514-0df3fc179f83 func=job_orchestration.executor.query.spider_search_task.search_without_channel fetch_input_start=501755498 fetch_input_end=501755499 fetch_input_duration_ms=1
[2026-02-02 22:48:33.291] [info] [spider.worker] [TIMING] task_id=8c9644f9-03ef-4957-8514-0df3fc179f83 func=job_orchestration.executor.query.spider_search_task.search_without_channel input_send_start=501755500 input_send_end=501755500 input_send_duration_ms=0 bytes=612
[2026-02-02 22:48:33.291] [info] [spider.worker] [TIMING] task_id=8c9644f9-03ef-4957-8514-0df3fc179f83 func=job_orchestration.executor.query.spider_search_task.search_without_channel spawn_start=501755499 spawn_end=501755500 spawn_duration_ms=0
[2026-02-02 22:48:34.711] [info] [spider.worker] [TIMING] task_id=8c9644f9-03ef-4957-8514-0df3fc179f83 func=job_orchestration.executor.query.spider_search_task.search_without_channel execution_start=501755500 execution_end=501756920 execution_duration_ms=1419
[2026-02-02 22:48:34.759] [info] [spider.worker] [TIMING] task_id=8c9644f9-03ef-4957-8514-0df3fc179f83 func=job_orchestration.executor.query.spider_search_task.search_without_channel submit_output_start=501756922 submit_output_end=501756967 submit_output_duration_ms=45
[2026-02-02 22:48:34.780] [info] [spider.worker] [TIMING] worker_id=3cd5416e-e337-415b-9960-fb26f427746a task_id=1584e6df-6d5f-4508-89fb-6635ad6be286 get_next_task request_start=501756970 connect_end=501756971 send_end=501756971 receive_end=501756971 connect_duration_ms=0 send_duration_ms=0 receive_duration_ms=0 total_duration_ms=0
[2026-02-02 22:48:34.782] [info] [spider.worker] [TIMING] task_id=1584e6df-6d5f-4508-89fb-6635ad6be286 func=job_orchestration.executor.query.spider_search_task.search_without_channel fetch_input_start=501756990 fetch_input_end=501756991 fetch_input_duration_ms=1
[2026-02-02 22:48:34.783] [info] [spider.worker] [TIMING] task_id=1584e6df-6d5f-4508-89fb-6635ad6be286 func=job_orchestration.executor.query.spider_search_task.search_without_channel input_send_start=501756991 input_send_end=501756992 input_send_duration_ms=0 bytes=612
[2026-02-02 22:48:34.783] [info] [spider.worker] [TIMING] task_id=1584e6df-6d5f-4508-89fb-6635ad6be286 func=job_orchestration.executor.query.spider_search_task.search_without_channel spawn_start=501756991 spawn_end=501756992 spawn_duration_ms=0
[2026-02-02 22:48:36.183] [info] [spider.worker] [TIMING] task_id=1584e6df-6d5f-4508-89fb-6635ad6be286 func=job_orchestration.executor.query.spider_search_task.search_without_channel execution_start=501756992 execution_end=501758391 execution_duration_ms=1399
[2026-02-02 22:48:36.221] [info] [spider.worker] [TIMING] task_id=1584e6df-6d5f-4508-89fb-6635ad6be286 func=job_orchestration.executor.query.spider_search_task.search_without_channel submit_output_start=501758393 submit_output_end=501758429 submit_output_duration_ms=36
[2026-02-02 22:48:36.238] [info] [spider.worker] [TIMING] worker_id=3cd5416e-e337-415b-9960-fb26f427746a task_id=688641de-3408-486d-9e65-c96a84db6d53 get_next_task request_start=501758432 connect_end=501758433 send_end=501758433 receive_end=501758433 connect_duration_ms=1 send_duration_ms=0 receive_duration_ms=0 total_duration_ms=1
[2026-02-02 22:48:36.242] [info] [spider.worker] [TIMING] task_id=688641de-3408-486d-9e65-c96a84db6d53 func=job_orchestration.executor.query.spider_search_task.search_without_channel fetch_input_start=501758449 fetch_input_end=501758450 fetch_input_duration_ms=1
[2026-02-02 22:48:36.242] [info] [spider.worker] [TIMING] task_id=688641de-3408-486d-9e65-c96a84db6d53 func=job_orchestration.executor.query.spider_search_task.search_without_channel input_send_start=501758450 input_send_end=501758451 input_send_duration_ms=0 bytes=612
[2026-02-02 22:48:36.242] [info] [spider.worker] [TIMING] task_id=688641de-3408-486d-9e65-c96a84db6d53 func=job_orchestration.executor.query.spider_search_task.search_without_channel spawn_start=501758450 spawn_end=501758451 spawn_duration_ms=0
[2026-02-02 22:48:37.508] [info] [spider.worker] [TIMING] task_id=688641de-3408-486d-9e65-c96a84db6d53 func=job_orchestration.executor.query.spider_search_task.search_without_channel execution_start=501758451 execution_end=501759716 execution_duration_ms=1265
[2026-02-02 22:48:37.538] [info] [spider.worker] [TIMING] task_id=688641de-3408-486d-9e65-c96a84db6d53 func=job_orchestration.executor.query.spider_search_task.search_without_channel submit_output_start=501759718 submit_output_end=501759747 submit_output_duration_ms=28
[2026-02-02 22:48:37.547] [info] [spider.worker] [TIMING] worker_id=3cd5416e-e337-415b-9960-fb26f427746a task_id=4d0fc92e-71f0-4b6a-801e-858a023521d1 get_next_task request_start=501759749 connect_end=501759750 send_end=501759750 receive_end=501759750 connect_duration_ms=0 send_duration_ms=0 receive_duration_ms=0 total_duration_ms=1
[2026-02-02 22:48:37.549] [info] [spider.worker] [TIMING] task_id=4d0fc92e-71f0-4b6a-801e-858a023521d1 func=job_orchestration.executor.query.spider_search_task.search_without_channel fetch_input_start=501759757 fetch_input_end=501759758 fetch_input_duration_ms=1
[2026-02-02 22:48:37.550] [info] [spider.worker] [TIMING] task_id=4d0fc92e-71f0-4b6a-801e-858a023521d1 func=job_orchestration.executor.query.spider_search_task.search_without_channel input_send_start=501759758 input_send_end=501759758 input_send_duration_ms=0 bytes=612
[2026-02-02 22:48:37.550] [info] [spider.worker] [TIMING] task_id=4d0fc92e-71f0-4b6a-801e-858a023521d1 func=job_orchestration.executor.query.spider_search_task.search_without_channel spawn_start=501759758 spawn_end=501759758 spawn_duration_ms=0
[2026-02-02 22:48:38.838] [info] [spider.worker] [TIMING] task_id=4d0fc92e-71f0-4b6a-801e-858a023521d1 func=job_orchestration.executor.query.spider_search_task.search_without_channel execution_start=501759758 execution_end=501761046 execution_duration_ms=1287
[2026-02-02 22:48:38.847] [info] [spider.worker] [TIMING] task_id=4d0fc92e-71f0-4b6a-801e-858a023521d1 func=job_orchestration.executor.query.spider_search_task.search_without_channel submit_output_start=501761048 submit_output_end=501761055 submit_output_duration_ms=6
[2026-02-02 22:48:38.863] [info] [spider.worker] [TIMING] worker_id=3cd5416e-e337-415b-9960-fb26f427746a task_id=a3481bfc-2ce2-4b4d-880a-99cfef9ec8dc get_next_task request_start=501761057 connect_end=501761059 send_end=501761059 receive_end=501761059 connect_duration_ms=1 send_duration_ms=0 receive_duration_ms=0 total_duration_ms=1
[2026-02-02 22:48:38.866] [info] [spider.worker] [TIMING] task_id=a3481bfc-2ce2-4b4d-880a-99cfef9ec8dc func=job_orchestration.executor.query.spider_search_task.search_without_channel fetch_input_start=501761073 fetch_input_end=501761074 fetch_input_duration_ms=0
[2026-02-02 22:48:38.866] [info] [spider.worker] [TIMING] task_id=a3481bfc-2ce2-4b4d-880a-99cfef9ec8dc func=job_orchestration.executor.query.spider_search_task.search_without_channel input_send_start=501761074 input_send_end=501761074 input_send_duration_ms=0 bytes=612
[2026-02-02 22:48:38.866] [info] [spider.worker] [TIMING] task_id=a3481bfc-2ce2-4b4d-880a-99cfef9ec8dc func=job_orchestration.executor.query.spider_search_task.search_without_channel spawn_start=501761074 spawn_end=501761074 spawn_duration_ms=0
[2026-02-02 22:48:40.142] [info] [spider.worker] [TIMING] task_id=a3481bfc-2ce2-4b4d-880a-99cfef9ec8dc func=job_orchestration.executor.query.spider_search_task.search_without_channel execution_start=501761075 execution_end=501762350 execution_duration_ms=1275
[2026-02-02 22:48:40.172] [info] [spider.worker] [TIMING] task_id=a3481bfc-2ce2-4b4d-880a-99cfef9ec8dc func=job_orchestration.executor.query.spider_search_task.search_without_channel submit_output_start=501762351 submit_output_end=501762380 submit_output_duration_ms=28
[2026-02-02 22:48:40.189] [info] [spider.worker] [TIMING] worker_id=3cd5416e-e337-415b-9960-fb26f427746a task_id=1c967684-532e-410a-8da2-280f8bb86921 get_next_task request_start=501762383 connect_end=501762384 send_end=501762384 receive_end=501762384 connect_duration_ms=0 send_duration_ms=0 receive_duration_ms=0 total_duration_ms=1
[2026-02-02 22:48:40.192] [info] [spider.worker] [TIMING] task_id=1c967684-532e-410a-8da2-280f8bb86921 func=job_orchestration.executor.query.spider_search_task.search_without_channel fetch_input_start=501762399 fetch_input_end=501762400 fetch_input_duration_ms=1
[2026-02-02 22:48:40.192] [info] [spider.worker] [TIMING] task_id=1c967684-532e-410a-8da2-280f8bb86921 func=job_orchestration.executor.query.spider_search_task.search_without_channel input_send_start=501762401 input_send_end=501762401 input_send_duration_ms=0 bytes=612
[2026-02-02 22:48:40.193] [info] [spider.worker] [TIMING] task_id=1c967684-532e-410a-8da2-280f8bb86921 func=job_orchestration.executor.query.spider_search_task.search_without_channel spawn_start=501762400 spawn_end=501762401 spawn_duration_ms=0
[2026-02-02 22:48:41.503] [info] [spider.worker] [TIMING] task_id=1c967684-532e-410a-8da2-280f8bb86921 func=job_orchestration.executor.query.spider_search_task.search_without_channel execution_start=501762401 execution_end=501763711 execution_duration_ms=1309
[2026-02-02 22:48:41.534] [info] [spider.worker] [TIMING] task_id=1c967684-532e-410a-8da2-280f8bb86921 func=job_orchestration.executor.query.spider_search_task.search_without_channel submit_output_start=501763713 submit_output_end=501763742 submit_output_duration_ms=29
[2026-02-02 22:48:41.556] [info] [spider.worker] [TIMING] worker_id=3cd5416e-e337-415b-9960-fb26f427746a task_id=56875ce0-c65f-4891-9c02-f8c11c05286b get_next_task request_start=501763744 connect_end=501763745 send_end=501763745 receive_end=501763745 connect_duration_ms=0 send_duration_ms=0 receive_duration_ms=0 total_duration_ms=1
[2026-02-02 22:48:41.558] [info] [spider.worker] [TIMING] task_id=56875ce0-c65f-4891-9c02-f8c11c05286b func=job_orchestration.executor.query.spider_search_task.search_without_channel fetch_input_start=501763766 fetch_input_end=501763767 fetch_input_duration_ms=0
[2026-02-02 22:48:41.559] [info] [spider.worker] [TIMING] task_id=56875ce0-c65f-4891-9c02-f8c11c05286b func=job_orchestration.executor.query.spider_search_task.search_without_channel input_send_start=501763767 input_send_end=501763767 input_send_duration_ms=0 bytes=612
[2026-02-02 22:48:41.559] [info] [spider.worker] [TIMING] task_id=56875ce0-c65f-4891-9c02-f8c11c05286b func=job_orchestration.executor.query.spider_search_task.search_without_channel spawn_start=501763767 spawn_end=501763767 spawn_duration_ms=0
[2026-02-02 22:48:43.010] [info] [spider.worker] [TIMING] task_id=56875ce0-c65f-4891-9c02-f8c11c05286b func=job_orchestration.executor.query.spider_search_task.search_without_channel execution_start=501763767 execution_end=501765218 execution_duration_ms=1450
[2026-02-02 22:48:43.039] [info] [spider.worker] [TIMING] task_id=56875ce0-c65f-4891-9c02-f8c11c05286b func=job_orchestration.executor.query.spider_search_task.search_without_channel submit_output_start=501765230 submit_output_end=501765248 submit_output_duration_ms=18
[2026-02-02 22:48:43.056] [info] [spider.worker] [TIMING] worker_id=3cd5416e-e337-415b-9960-fb26f427746a task_id=4aa3d5ae-73b6-44ea-aefa-42d7681cf487 get_next_task request_start=501765250 connect_end=501765251 send_end=501765251 receive_end=501765251 connect_duration_ms=0 send_duration_ms=0 receive_duration_ms=0 total_duration_ms=1
[2026-02-02 22:48:43.060] [info] [spider.worker] [TIMING] task_id=4aa3d5ae-73b6-44ea-aefa-42d7681cf487 func=job_orchestration.executor.query.spider_search_task.search_without_channel fetch_input_start=501765267 fetch_input_end=501765268 fetch_input_duration_ms=1
[2026-02-02 22:48:43.060] [info] [spider.worker] [TIMING] task_id=4aa3d5ae-73b6-44ea-aefa-42d7681cf487 func=job_orchestration.executor.query.spider_search_task.search_without_channel input_send_start=501765268 input_send_end=501765268 input_send_duration_ms=0 bytes=612
[2026-02-02 22:48:43.060] [info] [spider.worker] [TIMING] task_id=4aa3d5ae-73b6-44ea-aefa-42d7681cf487 func=job_orchestration.executor.query.spider_search_task.search_without_channel spawn_start=501765268 spawn_end=501765268 spawn_duration_ms=0
[2026-02-02 22:48:44.397] [info] [spider.worker] [TIMING] task_id=4aa3d5ae-73b6-44ea-aefa-42d7681cf487 func=job_orchestration.executor.query.spider_search_task.search_without_channel execution_start=501765269 execution_end=501766605 execution_duration_ms=1336
[2026-02-02 22:48:44.415] [info] [spider.worker] [TIMING] task_id=4aa3d5ae-73b6-44ea-aefa-42d7681cf487 func=job_orchestration.executor.query.spider_search_task.search_without_channel submit_output_start=501766607 submit_output_end=501766623 submit_output_duration_ms=15
[2026-02-02 22:48:44.431] [info] [spider.worker] [TIMING] worker_id=3cd5416e-e337-415b-9960-fb26f427746a task_id=cd474e60-8276-4beb-a653-1cac77b68e76 get_next_task request_start=501766625 connect_end=501766626 send_end=501766626 receive_end=501766627 connect_duration_ms=0 send_duration_ms=0 receive_duration_ms=0 total_duration_ms=1
[2026-02-02 22:48:44.434] [info] [spider.worker] [TIMING] task_id=cd474e60-8276-4beb-a653-1cac77b68e76 func=job_orchestration.executor.query.spider_search_task.search_without_channel fetch_input_start=501766642 fetch_input_end=501766643 fetch_input_duration_ms=1
[2026-02-02 22:48:44.435] [info] [spider.worker] [TIMING] task_id=cd474e60-8276-4beb-a653-1cac77b68e76 func=job_orchestration.executor.query.spider_search_task.search_without_channel input_send_start=501766643 input_send_end=501766643 input_send_duration_ms=0 bytes=612
[2026-02-02 22:48:44.435] [info] [spider.worker] [TIMING] task_id=cd474e60-8276-4beb-a653-1cac77b68e76 func=job_orchestration.executor.query.spider_search_task.search_without_channel spawn_start=501766643 spawn_end=501766643 spawn_duration_ms=0
[2026-02-02 22:48:45.735] [info] [spider.worker] [TIMING] task_id=cd474e60-8276-4beb-a653-1cac77b68e76 func=job_orchestration.executor.query.spider_search_task.search_without_channel execution_start=501766644 execution_end=501767943 execution_duration_ms=1299
[2026-02-02 22:48:45.756] [info] [spider.worker] [TIMING] task_id=cd474e60-8276-4beb-a653-1cac77b68e76 func=job_orchestration.executor.query.spider_search_task.search_without_channel submit_output_start=501767945 submit_output_end=501767965 submit_output_duration_ms=19
[2026-02-02 22:48:45.785] [info] [spider.worker] [TIMING] worker_id=3cd5416e-e337-415b-9960-fb26f427746a task_id=61ed7e7f-a2ae-42b3-83d9-de0c4bc3782c get_next_task request_start=501767967 connect_end=501767968 send_end=501767968 receive_end=501767968 connect_duration_ms=0 send_duration_ms=0 receive_duration_ms=0 total_duration_ms=1
[2026-02-02 22:48:45.787] [info] [spider.worker] [TIMING] task_id=61ed7e7f-a2ae-42b3-83d9-de0c4bc3782c func=job_orchestration.executor.query.spider_search_task.search_without_channel fetch_input_start=501767995 fetch_input_end=501767996 fetch_input_duration_ms=0
[2026-02-02 22:48:45.788] [info] [spider.worker] [TIMING] task_id=61ed7e7f-a2ae-42b3-83d9-de0c4bc3782c func=job_orchestration.executor.query.spider_search_task.search_without_channel input_send_start=501767996 input_send_end=501767996 input_send_duration_ms=0 bytes=612
[2026-02-02 22:48:45.788] [info] [spider.worker] [TIMING] task_id=61ed7e7f-a2ae-42b3-83d9-de0c4bc3782c func=job_orchestration.executor.query.spider_search_task.search_without_channel spawn_start=501767996 spawn_end=501767996 spawn_duration_ms=0
[2026-02-02 22:48:47.248] [info] [spider.worker] [TIMING] task_id=61ed7e7f-a2ae-42b3-83d9-de0c4bc3782c func=job_orchestration.executor.query.spider_search_task.search_without_channel execution_start=501767996 execution_end=501769457 execution_duration_ms=1460
[2026-02-02 22:48:47.265] [info] [spider.worker] [TIMING] task_id=61ed7e7f-a2ae-42b3-83d9-de0c4bc3782c func=job_orchestration.executor.query.spider_search_task.search_without_channel submit_output_start=501769458 submit_output_end=501769474 submit_output_duration_ms=15
[2026-02-02 22:48:47.315] [info] [spider.worker] [TIMING] worker_id=3cd5416e-e337-415b-9960-fb26f427746a task_id=9c8aea71-e3d6-4e7b-a2d5-8b9b18158a02 get_next_task request_start=501769476 connect_end=501769477 send_end=501769477 receive_end=501769477 connect_duration_ms=0 send_duration_ms=0 receive_duration_ms=0 total_duration_ms=0
[2026-02-02 22:48:47.318] [info] [spider.worker] [TIMING] task_id=9c8aea71-e3d6-4e7b-a2d5-8b9b18158a02 func=job_orchestration.executor.query.spider_search_task.search_without_channel fetch_input_start=501769526 fetch_input_end=501769526 fetch_input_duration_ms=0
[2026-02-02 22:48:47.319] [info] [spider.worker] [TIMING] task_id=9c8aea71-e3d6-4e7b-a2d5-8b9b18158a02 func=job_orchestration.executor.query.spider_search_task.search_without_channel input_send_start=501769527 input_send_end=501769527 input_send_duration_ms=0 bytes=612
[2026-02-02 22:48:47.319] [info] [spider.worker] [TIMING] task_id=9c8aea71-e3d6-4e7b-a2d5-8b9b18158a02 func=job_orchestration.executor.query.spider_search_task.search_without_channel spawn_start=501769527 spawn_end=501769527 spawn_duration_ms=0
[2026-02-02 22:48:48.521] [info] [spider.worker] [TIMING] task_id=9c8aea71-e3d6-4e7b-a2d5-8b9b18158a02 func=job_orchestration.executor.query.spider_search_task.search_without_channel execution_start=501769527 execution_end=501770729 execution_duration_ms=1202
[2026-02-02 22:48:48.532] [info] [spider.worker] [TIMING] task_id=9c8aea71-e3d6-4e7b-a2d5-8b9b18158a02 func=job_orchestration.executor.query.spider_search_task.search_without_channel submit_output_start=501770731 submit_output_end=501770740 submit_output_duration_ms=9
[2026-02-02 22:48:48.574] [info] [spider.worker] [TIMING] worker_id=3cd5416e-e337-415b-9960-fb26f427746a task_id=5c283c0e-24fa-495a-aee0-c4fa70bef474 get_next_task request_start=501770743 connect_end=501770743 send_end=501770743 receive_end=501770744 connect_duration_ms=0 send_duration_ms=0 receive_duration_ms=0 total_duration_ms=0
[2026-02-02 22:48:48.576] [info] [spider.worker] [TIMING] task_id=5c283c0e-24fa-495a-aee0-c4fa70bef474 func=job_orchestration.executor.query.spider_search_task.search_without_channel fetch_input_start=501770784 fetch_input_end=501770785 fetch_input_duration_ms=1
[2026-02-02 22:48:48.577] [info] [spider.worker] [TIMING] task_id=5c283c0e-24fa-495a-aee0-c4fa70bef474 func=job_orchestration.executor.query.spider_search_task.search_without_channel input_send_start=501770785 input_send_end=501770785 input_send_duration_ms=0 bytes=612
[2026-02-02 22:48:48.577] [info] [spider.worker] [TIMING] task_id=5c283c0e-24fa-495a-aee0-c4fa70bef474 func=job_orchestration.executor.query.spider_search_task.search_without_channel spawn_start=501770785 spawn_end=501770785 spawn_duration_ms=0
[2026-02-02 22:48:49.829] [info] [spider.worker] [TIMING] task_id=5c283c0e-24fa-495a-aee0-c4fa70bef474 func=job_orchestration.executor.query.spider_search_task.search_without_channel execution_start=501770786 execution_end=501772038 execution_duration_ms=1252
[2026-02-02 22:48:49.872] [info] [spider.worker] [TIMING] task_id=5c283c0e-24fa-495a-aee0-c4fa70bef474 func=job_orchestration.executor.query.spider_search_task.search_without_channel submit_output_start=501772040 submit_output_end=501772081 submit_output_duration_ms=41
[2026-02-02 22:48:49.890] [info] [spider.worker] [TIMING] worker_id=3cd5416e-e337-415b-9960-fb26f427746a task_id=bfcdb905-c79c-4a4e-a066-9775b8f84b40 get_next_task request_start=501772083 connect_end=501772084 send_end=501772084 receive_end=501772084 connect_duration_ms=0 send_duration_ms=0 receive_duration_ms=0 total_duration_ms=0
[2026-02-02 22:48:49.892] [info] [spider.worker] [TIMING] task_id=bfcdb905-c79c-4a4e-a066-9775b8f84b40 func=job_orchestration.executor.query.spider_search_task.search_without_channel fetch_input_start=501772100 fetch_input_end=501772101 fetch_input_duration_ms=0
[2026-02-02 22:48:49.893] [info] [spider.worker] [TIMING] task_id=bfcdb905-c79c-4a4e-a066-9775b8f84b40 func=job_orchestration.executor.query.spider_search_task.search_without_channel input_send_start=501772101 input_send_end=501772101 input_send_duration_ms=0 bytes=612
[2026-02-02 22:48:49.893] [info] [spider.worker] [TIMING] task_id=bfcdb905-c79c-4a4e-a066-9775b8f84b40 func=job_orchestration.executor.query.spider_search_task.search_without_channel spawn_start=501772101 spawn_end=501772101 spawn_duration_ms=0
[2026-02-02 22:48:51.268] [info] [spider.worker] [TIMING] task_id=bfcdb905-c79c-4a4e-a066-9775b8f84b40 func=job_orchestration.executor.query.spider_search_task.search_without_channel execution_start=501772102 execution_end=501773476 execution_duration_ms=1374
[2026-02-02 22:48:51.282] [info] [spider.worker] [TIMING] task_id=bfcdb905-c79c-4a4e-a066-9775b8f84b40 func=job_orchestration.executor.query.spider_search_task.search_without_channel submit_output_start=501773478 submit_output_end=501773491 submit_output_duration_ms=12
[2026-02-02 22:48:51.308] [info] [spider.worker] [TIMING] worker_id=3cd5416e-e337-415b-9960-fb26f427746a task_id=b6c2403e-ac31-4fa6-a4c1-4ade9e2b51a8 get_next_task request_start=501773493 connect_end=501773493 send_end=501773493 receive_end=501773494 connect_duration_ms=0 send_duration_ms=0 receive_duration_ms=0 total_duration_ms=1
[2026-02-02 22:48:51.310] [info] [spider.worker] [TIMING] task_id=b6c2403e-ac31-4fa6-a4c1-4ade9e2b51a8 func=job_orchestration.executor.query.spider_search_task.search_without_channel fetch_input_start=501773518 fetch_input_end=501773518 fetch_input_duration_ms=0
[2026-02-02 22:48:51.311] [info] [spider.worker] [TIMING] task_id=b6c2403e-ac31-4fa6-a4c1-4ade9e2b51a8 func=job_orchestration.executor.query.spider_search_task.search_without_channel input_send_start=501773519 input_send_end=501773519 input_send_duration_ms=0 bytes=612
[2026-02-02 22:48:51.311] [info] [spider.worker] [TIMING] task_id=b6c2403e-ac31-4fa6-a4c1-4ade9e2b51a8 func=job_orchestration.executor.query.spider_search_task.search_without_channel spawn_start=501773519 spawn_end=501773519 spawn_duration_ms=0
[2026-02-02 22:48:52.568] [info] [spider.worker] [TIMING] task_id=b6c2403e-ac31-4fa6-a4c1-4ade9e2b51a8 func=job_orchestration.executor.query.spider_search_task.search_without_channel execution_start=501773519 execution_end=501774776 execution_duration_ms=1256
[2026-02-02 22:48:52.574] [info] [spider.worker] [TIMING] task_id=b6c2403e-ac31-4fa6-a4c1-4ade9e2b51a8 func=job_orchestration.executor.query.spider_search_task.search_without_channel submit_output_start=501774778 submit_output_end=501774782 submit_output_duration_ms=4
[2026-02-02 22:48:52.605] [info] [spider.worker] [TIMING] worker_id=3cd5416e-e337-415b-9960-fb26f427746a task_id=58583201-41ba-4eb3-a8b0-6fd8256742d8 get_next_task request_start=501774784 connect_end=501774785 send_end=501774785 receive_end=501774785 connect_duration_ms=0 send_duration_ms=0 receive_duration_ms=0 total_duration_ms=1
[2026-02-02 22:48:52.608] [info] [spider.worker] [TIMING] task_id=58583201-41ba-4eb3-a8b0-6fd8256742d8 func=job_orchestration.executor.query.spider_search_task.search_without_channel fetch_input_start=501774815 fetch_input_end=501774816 fetch_input_duration_ms=1
[2026-02-02 22:48:52.609] [info] [spider.worker] [TIMING] task_id=58583201-41ba-4eb3-a8b0-6fd8256742d8 func=job_orchestration.executor.query.spider_search_task.search_without_channel input_send_start=501774817 input_send_end=501774817 input_send_duration_ms=0 bytes=612
[2026-02-02 22:48:52.609] [info] [spider.worker] [TIMING] task_id=58583201-41ba-4eb3-a8b0-6fd8256742d8 func=job_orchestration.executor.query.spider_search_task.search_without_channel spawn_start=501774817 spawn_end=501774817 spawn_duration_ms=0
[2026-02-02 22:48:54.194] [info] [spider.worker] [TIMING] task_id=58583201-41ba-4eb3-a8b0-6fd8256742d8 func=job_orchestration.executor.query.spider_search_task.search_without_channel execution_start=501774817 execution_end=501776402 execution_duration_ms=1584
[2026-02-02 22:48:54.216] [info] [spider.worker] [TIMING] task_id=58583201-41ba-4eb3-a8b0-6fd8256742d8 func=job_orchestration.executor.query.spider_search_task.search_without_channel submit_output_start=501776409 submit_output_end=501776424 submit_output_duration_ms=15
[2026-02-02 22:48:54.233] [info] [spider.worker] [TIMING] worker_id=3cd5416e-e337-415b-9960-fb26f427746a task_id=aac00762-aa41-4610-8bce-02ade35f47e9 get_next_task request_start=501776427 connect_end=501776428 send_end=501776428 receive_end=501776428 connect_duration_ms=1 send_duration_ms=0 receive_duration_ms=0 total_duration_ms=1
[2026-02-02 22:48:54.236] [info] [spider.worker] [TIMING] task_id=aac00762-aa41-4610-8bce-02ade35f47e9 func=job_orchestration.executor.query.spider_search_task.search_without_channel fetch_input_start=501776443 fetch_input_end=501776444 fetch_input_duration_ms=1
[2026-02-02 22:48:54.236] [info] [spider.worker] [TIMING] task_id=aac00762-aa41-4610-8bce-02ade35f47e9 func=job_orchestration.executor.query.spider_search_task.search_without_channel input_send_start=501776445 input_send_end=501776445 input_send_duration_ms=0 bytes=612
[2026-02-02 22:48:54.236] [info] [spider.worker] [TIMING] task_id=aac00762-aa41-4610-8bce-02ade35f47e9 func=job_orchestration.executor.query.spider_search_task.search_without_channel spawn_start=501776444 spawn_end=501776445 spawn_duration_ms=0
[2026-02-02 22:48:55.437] [info] [spider.worker] [TIMING] task_id=aac00762-aa41-4610-8bce-02ade35f47e9 func=job_orchestration.executor.query.spider_search_task.search_without_channel execution_start=501776445 execution_end=501777645 execution_duration_ms=1200
[2026-02-02 22:48:55.470] [info] [spider.worker] [TIMING] task_id=aac00762-aa41-4610-8bce-02ade35f47e9 func=job_orchestration.executor.query.spider_search_task.search_without_channel submit_output_start=501777647 submit_output_end=501777678 submit_output_duration_ms=30
[2026-02-02 22:48:55.483] [info] [spider.worker] [TIMING] worker_id=3cd5416e-e337-415b-9960-fb26f427746a task_id=848a62ed-fe5a-4f81-a80d-4b0dcce4ac79 get_next_task request_start=501777680 connect_end=501777680 send_end=501777680 receive_end=501777680 connect_duration_ms=0 send_duration_ms=0 receive_duration_ms=0 total_duration_ms=0
[2026-02-02 22:48:55.486] [info] [spider.worker] [TIMING] task_id=848a62ed-fe5a-4f81-a80d-4b0dcce4ac79 func=job_orchestration.executor.query.spider_search_task.search_without_channel fetch_input_start=501777693 fetch_input_end=501777694 fetch_input_duration_ms=1
[2026-02-02 22:48:55.486] [info] [spider.worker] [TIMING] task_id=848a62ed-fe5a-4f81-a80d-4b0dcce4ac79 func=job_orchestration.executor.query.spider_search_task.search_without_channel input_send_start=501777695 input_send_end=501777695 input_send_duration_ms=0 bytes=612
[2026-02-02 22:48:55.486] [info] [spider.worker] [TIMING] task_id=848a62ed-fe5a-4f81-a80d-4b0dcce4ac79 func=job_orchestration.executor.query.spider_search_task.search_without_channel spawn_start=501777694 spawn_end=501777695 spawn_duration_ms=0
[2026-02-02 22:48:56.749] [info] [spider.worker] [TIMING] task_id=848a62ed-fe5a-4f81-a80d-4b0dcce4ac79 func=job_orchestration.executor.query.spider_search_task.search_without_channel execution_start=501777695 execution_end=501778957 execution_duration_ms=1262
[2026-02-02 22:48:56.758] [info] [spider.worker] [TIMING] task_id=848a62ed-fe5a-4f81-a80d-4b0dcce4ac79 func=job_orchestration.executor.query.spider_search_task.search_without_channel submit_output_start=501778959 submit_output_end=501778966 submit_output_duration_ms=7
[2026-02-02 22:48:56.766] [info] [spider.worker] [TIMING] worker_id=3cd5416e-e337-415b-9960-fb26f427746a task_id=2d6eef15-9c4a-4afa-ab45-5d8ff9f296c1 get_next_task request_start=501778969 connect_end=501778970 send_end=501778970 receive_end=501778970 connect_duration_ms=0 send_duration_ms=0 receive_duration_ms=0 total_duration_ms=1
[2026-02-02 22:48:56.768] [info] [spider.worker] [TIMING] task_id=2d6eef15-9c4a-4afa-ab45-5d8ff9f296c1 func=job_orchestration.executor.query.spider_search_task.search_without_channel fetch_input_start=501778976 fetch_input_end=501778976 fetch_input_duration_ms=0
[2026-02-02 22:48:56.769] [info] [spider.worker] [TIMING] task_id=2d6eef15-9c4a-4afa-ab45-5d8ff9f296c1 func=job_orchestration.executor.query.spider_search_task.search_without_channel input_send_start=501778977 input_send_end=501778977 input_send_duration_ms=0 bytes=612
[2026-02-02 22:48:56.769] [info] [spider.worker] [TIMING] task_id=2d6eef15-9c4a-4afa-ab45-5d8ff9f296c1 func=job_orchestration.executor.query.spider_search_task.search_without_channel spawn_start=501778977 spawn_end=501778977 spawn_duration_ms=0
[2026-02-02 22:48:58.234] [info] [spider.worker] [TIMING] task_id=2d6eef15-9c4a-4afa-ab45-5d8ff9f296c1 func=job_orchestration.executor.query.spider_search_task.search_without_channel execution_start=501778977 execution_end=501780442 execution_duration_ms=1465
[2026-02-02 22:48:58.242] [info] [spider.worker] [TIMING] task_id=2d6eef15-9c4a-4afa-ab45-5d8ff9f296c1 func=job_orchestration.executor.query.spider_search_task.search_without_channel submit_output_start=501780445 submit_output_end=501780450 submit_output_duration_ms=5
[2026-02-02 22:48:58.258] [info] [spider.worker] [TIMING] worker_id=3cd5416e-e337-415b-9960-fb26f427746a task_id=9ac8ff79-ba1d-414d-9a6e-bdf49bb525fe get_next_task request_start=501780453 connect_end=501780454 send_end=501780454 receive_end=501780454 connect_duration_ms=1 send_duration_ms=0 receive_duration_ms=0 total_duration_ms=1
[2026-02-02 22:48:58.261] [info] [spider.worker] [TIMING] task_id=9ac8ff79-ba1d-414d-9a6e-bdf49bb525fe func=job_orchestration.executor.query.spider_search_task.search_without_channel fetch_input_start=501780469 fetch_input_end=501780470 fetch_input_duration_ms=1
[2026-02-02 22:48:58.262] [info] [spider.worker] [TIMING] task_id=9ac8ff79-ba1d-414d-9a6e-bdf49bb525fe func=job_orchestration.executor.query.spider_search_task.search_without_channel input_send_start=501780470 input_send_end=501780470 input_send_duration_ms=0 bytes=612
[2026-02-02 22:48:58.262] [info] [spider.worker] [TIMING] task_id=9ac8ff79-ba1d-414d-9a6e-bdf49bb525fe func=job_orchestration.executor.query.spider_search_task.search_without_channel spawn_start=501780470 spawn_end=501780470 spawn_duration_ms=0
[2026-02-02 22:48:59.487] [info] [spider.worker] [TIMING] task_id=9ac8ff79-ba1d-414d-9a6e-bdf49bb525fe func=job_orchestration.executor.query.spider_search_task.search_without_channel execution_start=501780470 execution_end=501781695 execution_duration_ms=1224
[2026-02-02 22:48:59.500] [info] [spider.worker] [TIMING] task_id=9ac8ff79-ba1d-414d-9a6e-bdf49bb525fe func=job_orchestration.executor.query.spider_search_task.search_without_channel submit_output_start=501781697 submit_output_end=501781708 submit_output_duration_ms=11
[2026-02-02 22:48:59.517] [info] [spider.worker] [TIMING] worker_id=3cd5416e-e337-415b-9960-fb26f427746a task_id=08599742-51e9-4239-bf16-c98a8fef34d0 get_next_task request_start=501781710 connect_end=501781711 send_end=501781711 receive_end=501781711 connect_duration_ms=0 send_duration_ms=0 receive_duration_ms=0 total_duration_ms=0
[2026-02-02 22:48:59.519] [info] [spider.worker] [TIMING] task_id=08599742-51e9-4239-bf16-c98a8fef34d0 func=job_orchestration.executor.query.spider_search_task.search_without_channel fetch_input_start=501781726 fetch_input_end=501781727 fetch_input_duration_ms=0
[2026-02-02 22:48:59.519] [info] [spider.worker] [TIMING] task_id=08599742-51e9-4239-bf16-c98a8fef34d0 func=job_orchestration.executor.query.spider_search_task.search_without_channel input_send_start=501781728 input_send_end=501781728 input_send_duration_ms=0 bytes=612
[2026-02-02 22:48:59.519] [info] [spider.worker] [TIMING] task_id=08599742-51e9-4239-bf16-c98a8fef34d0 func=job_orchestration.executor.query.spider_search_task.search_without_channel spawn_start=501781727 spawn_end=501781728 spawn_duration_ms=0
[2026-02-02 22:49:00.735] [info] [spider.worker] [TIMING] task_id=08599742-51e9-4239-bf16-c98a8fef34d0 func=job_orchestration.executor.query.spider_search_task.search_without_channel execution_start=501781728 execution_end=501782944 execution_duration_ms=1215
[2026-02-02 22:49:00.742] [info] [spider.worker] [TIMING] task_id=08599742-51e9-4239-bf16-c98a8fef34d0 func=job_orchestration.executor.query.spider_search_task.search_without_channel submit_output_start=501782945 submit_output_end=501782950 submit_output_duration_ms=5
[2026-02-02 22:49:00.758] [info] [spider.worker] [TIMING] worker_id=3cd5416e-e337-415b-9960-fb26f427746a task_id=18a3d4da-c959-44df-b2c7-ee594e7bf4bd get_next_task request_start=501782952 connect_end=501782953 send_end=501782953 receive_end=501782953 connect_duration_ms=0 send_duration_ms=0 receive_duration_ms=0 total_duration_ms=1
[2026-02-02 22:49:00.761] [info] [spider.worker] [TIMING] task_id=18a3d4da-c959-44df-b2c7-ee594e7bf4bd func=job_orchestration.executor.query.spider_search_task.search_without_channel fetch_input_start=501782969 fetch_input_end=501782969 fetch_input_duration_ms=0
[2026-02-02 22:49:00.762] [info] [spider.worker] [TIMING] task_id=18a3d4da-c959-44df-b2c7-ee594e7bf4bd func=job_orchestration.executor.query.spider_search_task.search_without_channel input_send_start=501782970 input_send_end=501782970 input_send_duration_ms=0 bytes=612
[2026-02-02 22:49:00.762] [info] [spider.worker] [TIMING] task_id=18a3d4da-c959-44df-b2c7-ee594e7bf4bd func=job_orchestration.executor.query.spider_search_task.search_without_channel spawn_start=501782969 spawn_end=501782970 spawn_duration_ms=0
[2026-02-02 22:49:01.984] [info] [spider.worker] [TIMING] task_id=18a3d4da-c959-44df-b2c7-ee594e7bf4bd func=job_orchestration.executor.query.spider_search_task.search_without_channel execution_start=501782970 execution_end=501784193 execution_duration_ms=1222
[2026-02-02 22:49:01.992] [info] [spider.worker] [TIMING] task_id=18a3d4da-c959-44df-b2c7-ee594e7bf4bd func=job_orchestration.executor.query.spider_search_task.search_without_channel submit_output_start=501784194 submit_output_end=501784200 submit_output_duration_ms=6
[2026-02-02 22:49:02.000] [info] [spider.worker] [TIMING] worker_id=3cd5416e-e337-415b-9960-fb26f427746a task_id=d11f8380-8d06-4c8a-a9e8-61118dbe2c30 get_next_task request_start=501784202 connect_end=501784203 send_end=501784203 receive_end=501784203 connect_duration_ms=0 send_duration_ms=0 receive_duration_ms=0 total_duration_ms=0
[2026-02-02 22:49:02.003] [info] [spider.worker] [TIMING] task_id=d11f8380-8d06-4c8a-a9e8-61118dbe2c30 func=job_orchestration.executor.query.spider_search_task.search_without_channel fetch_input_start=501784211 fetch_input_end=501784212 fetch_input_duration_ms=1
[2026-02-02 22:49:02.004] [info] [spider.worker] [TIMING] task_id=d11f8380-8d06-4c8a-a9e8-61118dbe2c30 func=job_orchestration.executor.query.spider_search_task.search_without_channel input_send_start=501784212 input_send_end=501784212 input_send_duration_ms=0 bytes=612
[2026-02-02 22:49:02.004] [info] [spider.worker] [TIMING] task_id=d11f8380-8d06-4c8a-a9e8-61118dbe2c30 func=job_orchestration.executor.query.spider_search_task.search_without_channel spawn_start=501784212 spawn_end=501784212 spawn_duration_ms=0
[2026-02-02 22:49:03.338] [info] [spider.worker] [TIMING] task_id=d11f8380-8d06-4c8a-a9e8-61118dbe2c30 func=job_orchestration.executor.query.spider_search_task.search_without_channel execution_start=501784213 execution_end=501785546 execution_duration_ms=1333
[2026-02-02 22:49:03.367] [info] [spider.worker] [TIMING] task_id=d11f8380-8d06-4c8a-a9e8-61118dbe2c30 func=job_orchestration.executor.query.spider_search_task.search_without_channel submit_output_start=501785554 submit_output_end=501785576 submit_output_duration_ms=21
[2026-02-02 22:49:03.384] [info] [spider.worker] [TIMING] worker_id=3cd5416e-e337-415b-9960-fb26f427746a task_id=88d462e8-0818-4bde-9e57-727b12951499 get_next_task request_start=501785578 connect_end=501785579 send_end=501785579 receive_end=501785579 connect_duration_ms=0 send_duration_ms=0 receive_duration_ms=0 total_duration_ms=1
[2026-02-02 22:49:03.387] [info] [spider.worker] [TIMING] task_id=88d462e8-0818-4bde-9e57-727b12951499 func=job_orchestration.executor.query.spider_search_task.search_without_channel fetch_input_start=501785594 fetch_input_end=501785595 fetch_input_duration_ms=1
[2026-02-02 22:49:03.387] [info] [spider.worker] [TIMING] task_id=88d462e8-0818-4bde-9e57-727b12951499 func=job_orchestration.executor.query.spider_search_task.search_without_channel input_send_start=501785596 input_send_end=501785596 input_send_duration_ms=0 bytes=612
[2026-02-02 22:49:03.387] [info] [spider.worker] [TIMING] task_id=88d462e8-0818-4bde-9e57-727b12951499 func=job_orchestration.executor.query.spider_search_task.search_without_channel spawn_start=501785595 spawn_end=501785596 spawn_duration_ms=0
[2026-02-02 22:49:04.510] [info] [spider.worker] [TIMING] task_id=88d462e8-0818-4bde-9e57-727b12951499 func=job_orchestration.executor.query.spider_search_task.search_without_channel execution_start=501785596 execution_end=501786718 execution_duration_ms=1122
[2026-02-02 22:49:04.517] [info] [spider.worker] [TIMING] task_id=88d462e8-0818-4bde-9e57-727b12951499 func=job_orchestration.executor.query.spider_search_task.search_without_channel submit_output_start=501786720 submit_output_end=501786726 submit_output_duration_ms=5
[2026-02-02 22:49:04.559] [info] [spider.worker] [TIMING] worker_id=3cd5416e-e337-415b-9960-fb26f427746a task_id=d0713a4b-c456-4cd0-bcfe-a7782301410b get_next_task request_start=501786728 connect_end=501786729 send_end=501786729 receive_end=501786729 connect_duration_ms=0 send_duration_ms=0 receive_duration_ms=0 total_duration_ms=1
[2026-02-02 22:49:04.561] [info] [spider.worker] [TIMING] task_id=d0713a4b-c456-4cd0-bcfe-a7782301410b func=job_orchestration.executor.query.spider_search_task.search_without_channel fetch_input_start=501786769 fetch_input_end=501786770 fetch_input_duration_ms=0
[2026-02-02 22:49:04.562] [info] [spider.worker] [TIMING] task_id=d0713a4b-c456-4cd0-bcfe-a7782301410b func=job_orchestration.executor.query.spider_search_task.search_without_channel input_send_start=501786770 input_send_end=501786770 input_send_duration_ms=0 bytes=612
[2026-02-02 22:49:04.562] [info] [spider.worker] [TIMING] task_id=d0713a4b-c456-4cd0-bcfe-a7782301410b func=job_orchestration.executor.query.spider_search_task.search_without_channel spawn_start=501786770 spawn_end=501786770 spawn_duration_ms=0
[2026-02-02 22:49:05.833] [info] [spider.worker] [TIMING] task_id=d0713a4b-c456-4cd0-bcfe-a7782301410b func=job_orchestration.executor.query.spider_search_task.search_without_channel execution_start=501786770 execution_end=501788041 execution_duration_ms=1270
[2026-02-02 22:49:05.884] [info] [spider.worker] [TIMING] task_id=d0713a4b-c456-4cd0-bcfe-a7782301410b func=job_orchestration.executor.query.spider_search_task.search_without_channel submit_output_start=501788043 submit_output_end=501788092 submit_output_duration_ms=49
[2026-02-02 22:49:05.917] [info] [spider.worker] [TIMING] worker_id=3cd5416e-e337-415b-9960-fb26f427746a task_id=719ff02e-e8f2-48c8-b853-ff4db01fee40 get_next_task request_start=501788094 connect_end=501788095 send_end=501788095 receive_end=501788095 connect_duration_ms=0 send_duration_ms=0 receive_duration_ms=0 total_duration_ms=0
[2026-02-02 22:49:05.920] [info] [spider.worker] [TIMING] task_id=719ff02e-e8f2-48c8-b853-ff4db01fee40 func=job_orchestration.executor.query.spider_search_task.search_without_channel fetch_input_start=501788127 fetch_input_end=501788128 fetch_input_duration_ms=0
[2026-02-02 22:49:05.921] [info] [spider.worker] [TIMING] task_id=719ff02e-e8f2-48c8-b853-ff4db01fee40 func=job_orchestration.executor.query.spider_search_task.search_without_channel input_send_start=501788129 input_send_end=501788129 input_send_duration_ms=0 bytes=612
[2026-02-02 22:49:05.921] [info] [spider.worker] [TIMING] task_id=719ff02e-e8f2-48c8-b853-ff4db01fee40 func=job_orchestration.executor.query.spider_search_task.search_without_channel spawn_start=501788128 spawn_end=501788129 spawn_duration_ms=0
[2026-02-02 22:49:07.384] [info] [spider.worker] [TIMING] task_id=719ff02e-e8f2-48c8-b853-ff4db01fee40 func=job_orchestration.executor.query.spider_search_task.search_without_channel execution_start=501788129 execution_end=501789592 execution_duration_ms=1462
[2026-02-02 22:49:07.418] [info] [spider.worker] [TIMING] task_id=719ff02e-e8f2-48c8-b853-ff4db01fee40 func=job_orchestration.executor.query.spider_search_task.search_without_channel submit_output_start=501789605 submit_output_end=501789626 submit_output_duration_ms=21
[2026-02-02 22:49:07.455] [info] [spider.worker] [TIMING] worker_id=3cd5416e-e337-415b-9960-fb26f427746a task_id=307e27eb-939f-4cc6-afee-a2d495c78a6d get_next_task request_start=501789628 connect_end=501789630 send_end=501789630 receive_end=501789630 connect_duration_ms=1 send_duration_ms=0 receive_duration_ms=0 total_duration_ms=1
[2026-02-02 22:49:07.458] [info] [spider.worker] [TIMING] task_id=307e27eb-939f-4cc6-afee-a2d495c78a6d func=job_orchestration.executor.query.spider_search_task.search_without_channel fetch_input_start=501789665 fetch_input_end=501789666 fetch_input_duration_ms=0
[2026-02-02 22:49:07.458] [info] [spider.worker] [TIMING] task_id=307e27eb-939f-4cc6-afee-a2d495c78a6d func=job_orchestration.executor.query.spider_search_task.search_without_channel input_send_start=501789667 input_send_end=501789667 input_send_duration_ms=0 bytes=612
[2026-02-02 22:49:07.458] [info] [spider.worker] [TIMING] task_id=307e27eb-939f-4cc6-afee-a2d495c78a6d func=job_orchestration.executor.query.spider_search_task.search_without_channel spawn_start=501789666 spawn_end=501789667 spawn_duration_ms=0
[2026-02-02 22:49:09.149] [info] [spider.worker] [TIMING] task_id=307e27eb-939f-4cc6-afee-a2d495c78a6d func=job_orchestration.executor.query.spider_search_task.search_without_channel execution_start=501789667 execution_end=501791358 execution_duration_ms=1690
[2026-02-02 22:49:09.175] [info] [spider.worker] [TIMING] task_id=307e27eb-939f-4cc6-afee-a2d495c78a6d func=job_orchestration.executor.query.spider_search_task.search_without_channel submit_output_start=501791360 submit_output_end=501791384 submit_output_duration_ms=23
[2026-02-02 22:49:09.193] [info] [spider.worker] [TIMING] worker_id=3cd5416e-e337-415b-9960-fb26f427746a task_id=cb80cd78-9a79-4beb-8623-bb81e8df7b32 get_next_task request_start=501791387 connect_end=501791388 send_end=501791388 receive_end=501791388 connect_duration_ms=1 send_duration_ms=0 receive_duration_ms=0 total_duration_ms=1
[2026-02-02 22:49:09.196] [info] [spider.worker] [TIMING] task_id=cb80cd78-9a79-4beb-8623-bb81e8df7b32 func=job_orchestration.executor.query.spider_search_task.search_without_channel fetch_input_start=501791403 fetch_input_end=501791404 fetch_input_duration_ms=1
[2026-02-02 22:49:09.197] [info] [spider.worker] [TIMING] task_id=cb80cd78-9a79-4beb-8623-bb81e8df7b32 func=job_orchestration.executor.query.spider_search_task.search_without_channel input_send_start=501791405 input_send_end=501791405 input_send_duration_ms=0 bytes=612
[2026-02-02 22:49:09.197] [info] [spider.worker] [TIMING] task_id=cb80cd78-9a79-4beb-8623-bb81e8df7b32 func=job_orchestration.executor.query.spider_search_task.search_without_channel spawn_start=501791405 spawn_end=501791405 spawn_duration_ms=0
[2026-02-02 22:49:10.439] [info] [spider.worker] [TIMING] task_id=cb80cd78-9a79-4beb-8623-bb81e8df7b32 func=job_orchestration.executor.query.spider_search_task.search_without_channel execution_start=501791405 execution_end=501792648 execution_duration_ms=1242
[2026-02-02 22:49:10.477] [info] [spider.worker] [TIMING] task_id=cb80cd78-9a79-4beb-8623-bb81e8df7b32 func=job_orchestration.executor.query.spider_search_task.search_without_channel submit_output_start=501792649 submit_output_end=501792685 submit_output_duration_ms=35
[2026-02-02 22:49:10.529] [info] [spider.worker] [TIMING] worker_id=3cd5416e-e337-415b-9960-fb26f427746a task_id=575c86eb-2fdb-43bb-b95c-fadfb97ee641 get_next_task request_start=501792688 connect_end=501792688 send_end=501792688 receive_end=501792689 connect_duration_ms=0 send_duration_ms=0 receive_duration_ms=0 total_duration_ms=1
[2026-02-02 22:49:10.532] [info] [spider.worker] [TIMING] task_id=575c86eb-2fdb-43bb-b95c-fadfb97ee641 func=job_orchestration.executor.query.spider_search_task.search_without_channel fetch_input_start=501792740 fetch_input_end=501792741 fetch_input_duration_ms=1
[2026-02-02 22:49:10.533] [info] [spider.worker] [TIMING] task_id=575c86eb-2fdb-43bb-b95c-fadfb97ee641 func=job_orchestration.executor.query.spider_search_task.search_without_channel input_send_start=501792741 input_send_end=501792741 input_send_duration_ms=0 bytes=612
[2026-02-02 22:49:10.533] [info] [spider.worker] [TIMING] task_id=575c86eb-2fdb-43bb-b95c-fadfb97ee641 func=job_orchestration.executor.query.spider_search_task.search_without_channel spawn_start=501792741 spawn_end=501792741 spawn_duration_ms=0
[2026-02-02 22:49:11.797] [info] [spider.worker] [TIMING] task_id=575c86eb-2fdb-43bb-b95c-fadfb97ee641 func=job_orchestration.executor.query.spider_search_task.search_without_channel execution_start=501792742 execution_end=501794005 execution_duration_ms=1263
[2026-02-02 22:49:11.841] [info] [spider.worker] [TIMING] task_id=575c86eb-2fdb-43bb-b95c-fadfb97ee641 func=job_orchestration.executor.query.spider_search_task.search_without_channel submit_output_start=501794006 submit_output_end=501794049 submit_output_duration_ms=42
[2026-02-02 22:49:11.860] [info] [spider.worker] [TIMING] worker_id=3cd5416e-e337-415b-9960-fb26f427746a task_id=ac6ed53f-1ecf-421b-b888-0b845bc45bd3 get_next_task request_start=501794052 connect_end=501794053 send_end=501794053 receive_end=501794053 connect_duration_ms=0 send_duration_ms=0 receive_duration_ms=0 total_duration_ms=1
[2026-02-02 22:49:11.862] [info] [spider.worker] [TIMING] task_id=ac6ed53f-1ecf-421b-b888-0b845bc45bd3 func=job_orchestration.executor.query.spider_search_task.search_without_channel fetch_input_start=501794070 fetch_input_end=501794071 fetch_input_duration_ms=0
[2026-02-02 22:49:11.863] [info] [spider.worker] [TIMING] task_id=ac6ed53f-1ecf-421b-b888-0b845bc45bd3 func=job_orchestration.executor.query.spider_search_task.search_without_channel input_send_start=501794071 input_send_end=501794071 input_send_duration_ms=0 bytes=612
[2026-02-02 22:49:11.863] [info] [spider.worker] [TIMING] task_id=ac6ed53f-1ecf-421b-b888-0b845bc45bd3 func=job_orchestration.executor.query.spider_search_task.search_without_channel spawn_start=501794071 spawn_end=501794071 spawn_duration_ms=0
[2026-02-02 22:49:13.332] [info] [spider.worker] [TIMING] task_id=ac6ed53f-1ecf-421b-b888-0b845bc45bd3 func=job_orchestration.executor.query.spider_search_task.search_without_channel execution_start=501794071 execution_end=501795540 execution_duration_ms=1469
[2026-02-02 22:49:13.369] [info] [spider.worker] [TIMING] task_id=ac6ed53f-1ecf-421b-b888-0b845bc45bd3 func=job_orchestration.executor.query.spider_search_task.search_without_channel submit_output_start=501795544 submit_output_end=501795577 submit_output_duration_ms=33
[2026-02-02 22:49:13.385] [info] [spider.worker] [TIMING] worker_id=3cd5416e-e337-415b-9960-fb26f427746a task_id=2a4fb234-1c16-4559-bd20-8e02e940a3e9 get_next_task request_start=501795580 connect_end=501795581 send_end=501795581 receive_end=501795581 connect_duration_ms=0 send_duration_ms=0 receive_duration_ms=0 total_duration_ms=1
[2026-02-02 22:49:13.388] [info] [spider.worker] [TIMING] task_id=2a4fb234-1c16-4559-bd20-8e02e940a3e9 func=job_orchestration.executor.query.spider_search_task.search_without_channel fetch_input_start=501795596 fetch_input_end=501795597 fetch_input_duration_ms=1
[2026-02-02 22:49:13.389] [info] [spider.worker] [TIMING] task_id=2a4fb234-1c16-4559-bd20-8e02e940a3e9 func=job_orchestration.executor.query.spider_search_task.search_without_channel input_send_start=501795597 input_send_end=501795597 input_send_duration_ms=0 bytes=612
[2026-02-02 22:49:13.389] [info] [spider.worker] [TIMING] task_id=2a4fb234-1c16-4559-bd20-8e02e940a3e9 func=job_orchestration.executor.query.spider_search_task.search_without_channel spawn_start=501795597 spawn_end=501795597 spawn_duration_ms=0
[2026-02-02 22:49:14.558] [info] [spider.worker] [TIMING] task_id=2a4fb234-1c16-4559-bd20-8e02e940a3e9 func=job_orchestration.executor.query.spider_search_task.search_without_channel execution_start=501795598 execution_end=501796767 execution_duration_ms=1169
[2026-02-02 22:49:14.577] [info] [spider.worker] [TIMING] task_id=2a4fb234-1c16-4559-bd20-8e02e940a3e9 func=job_orchestration.executor.query.spider_search_task.search_without_channel submit_output_start=501796768 submit_output_end=501796785 submit_output_duration_ms=17
[2026-02-02 22:49:14.619] [info] [spider.worker] [TIMING] worker_id=3cd5416e-e337-415b-9960-fb26f427746a task_id=dd9a94e0-a10a-4a71-bba0-797d1ce24516 get_next_task request_start=501796787 connect_end=501796788 send_end=501796788 receive_end=501796788 connect_duration_ms=0 send_duration_ms=0 receive_duration_ms=0 total_duration_ms=1
[2026-02-02 22:49:14.621] [info] [spider.worker] [TIMING] task_id=dd9a94e0-a10a-4a71-bba0-797d1ce24516 func=job_orchestration.executor.query.spider_search_task.search_without_channel fetch_input_start=501796829 fetch_input_end=501796830 fetch_input_duration_ms=0
[2026-02-02 22:49:14.622] [info] [spider.worker] [TIMING] task_id=dd9a94e0-a10a-4a71-bba0-797d1ce24516 func=job_orchestration.executor.query.spider_search_task.search_without_channel input_send_start=501796830 input_send_end=501796830 input_send_duration_ms=0 bytes=612
[2026-02-02 22:49:14.622] [info] [spider.worker] [TIMING] task_id=dd9a94e0-a10a-4a71-bba0-797d1ce24516 func=job_orchestration.executor.query.spider_search_task.search_without_channel spawn_start=501796830 spawn_end=501796830 spawn_duration_ms=0
[2026-02-02 22:49:15.839] [info] [spider.worker] [TIMING] task_id=dd9a94e0-a10a-4a71-bba0-797d1ce24516 func=job_orchestration.executor.query.spider_search_task.search_without_channel execution_start=501796830 execution_end=501798047 execution_duration_ms=1216
[2026-02-02 22:49:15.852] [info] [spider.worker] [TIMING] task_id=dd9a94e0-a10a-4a71-bba0-797d1ce24516 func=job_orchestration.executor.query.spider_search_task.search_without_channel submit_output_start=501798049 submit_output_end=501798060 submit_output_duration_ms=11
[2026-02-02 22:49:15.894] [info] [spider.worker] [TIMING] worker_id=3cd5416e-e337-415b-9960-fb26f427746a task_id=eea9b063-c23e-477b-a69c-63e2c8fc1a0b get_next_task request_start=501798062 connect_end=501798063 send_end=501798063 receive_end=501798063 connect_duration_ms=0 send_duration_ms=0 receive_duration_ms=0 total_duration_ms=0
[2026-02-02 22:49:15.897] [info] [spider.worker] [TIMING] task_id=eea9b063-c23e-477b-a69c-63e2c8fc1a0b func=job_orchestration.executor.query.spider_search_task.search_without_channel fetch_input_start=501798104 fetch_input_end=501798105 fetch_input_duration_ms=1
[2026-02-02 22:49:15.897] [info] [spider.worker] [TIMING] task_id=eea9b063-c23e-477b-a69c-63e2c8fc1a0b func=job_orchestration.executor.query.spider_search_task.search_without_channel input_send_start=501798106 input_send_end=501798106 input_send_duration_ms=0 bytes=612
[2026-02-02 22:49:15.897] [info] [spider.worker] [TIMING] task_id=eea9b063-c23e-477b-a69c-63e2c8fc1a0b func=job_orchestration.executor.query.spider_search_task.search_without_channel spawn_start=501798105 spawn_end=501798106 spawn_duration_ms=0
[2026-02-02 22:49:17.385] [info] [spider.worker] [TIMING] task_id=eea9b063-c23e-477b-a69c-63e2c8fc1a0b func=job_orchestration.executor.query.spider_search_task.search_without_channel execution_start=501798106 execution_end=501799593 execution_duration_ms=1486
[2026-02-02 22:49:17.419] [info] [spider.worker] [TIMING] task_id=eea9b063-c23e-477b-a69c-63e2c8fc1a0b func=job_orchestration.executor.query.spider_search_task.search_without_channel submit_output_start=501799595 submit_output_end=501799628 submit_output_duration_ms=32
[2026-02-02 22:49:17.477] [info] [spider.worker] [TIMING] worker_id=3cd5416e-e337-415b-9960-fb26f427746a task_id=3da26d91-32fe-4e62-8cb8-ff3dc72c1399 get_next_task request_start=501799630 connect_end=501799631 send_end=501799631 receive_end=501799631 connect_duration_ms=0 send_duration_ms=0 receive_duration_ms=0 total_duration_ms=0
[2026-02-02 22:49:17.480] [info] [spider.worker] [TIMING] task_id=3da26d91-32fe-4e62-8cb8-ff3dc72c1399 func=job_orchestration.executor.query.spider_search_task.search_without_channel fetch_input_start=501799688 fetch_input_end=501799689 fetch_input_duration_ms=1
[2026-02-02 22:49:17.481] [info] [spider.worker] [TIMING] task_id=3da26d91-32fe-4e62-8cb8-ff3dc72c1399 func=job_orchestration.executor.query.spider_search_task.search_without_channel input_send_start=501799689 input_send_end=501799689 input_send_duration_ms=0 bytes=612
[2026-02-02 22:49:17.481] [info] [spider.worker] [TIMING] task_id=3da26d91-32fe-4e62-8cb8-ff3dc72c1399 func=job_orchestration.executor.query.spider_search_task.search_without_channel spawn_start=501799689 spawn_end=501799689 spawn_duration_ms=0
[2026-02-02 22:49:18.633] [info] [spider.worker] [TIMING] task_id=3da26d91-32fe-4e62-8cb8-ff3dc72c1399 func=job_orchestration.executor.query.spider_search_task.search_without_channel execution_start=501799690 execution_end=501800842 execution_duration_ms=1151
[2026-02-02 22:49:18.672] [info] [spider.worker] [TIMING] task_id=3da26d91-32fe-4e62-8cb8-ff3dc72c1399 func=job_orchestration.executor.query.spider_search_task.search_without_channel submit_output_start=501800843 submit_output_end=501800881 submit_output_duration_ms=37
[2026-02-02 22:49:18.694] [info] [spider.worker] [TIMING] worker_id=3cd5416e-e337-415b-9960-fb26f427746a task_id=19b63a60-c3f5-4f8a-a30e-b85d07cf99c5 get_next_task request_start=501800883 connect_end=501800884 send_end=501800884 receive_end=501800884 connect_duration_ms=0 send_duration_ms=0 receive_duration_ms=0 total_duration_ms=0
[2026-02-02 22:49:18.698] [info] [spider.worker] [TIMING] task_id=19b63a60-c3f5-4f8a-a30e-b85d07cf99c5 func=job_orchestration.executor.query.spider_search_task.search_without_channel fetch_input_start=501800905 fetch_input_end=501800906 fetch_input_duration_ms=1
[2026-02-02 22:49:18.698] [info] [spider.worker] [TIMING] task_id=19b63a60-c3f5-4f8a-a30e-b85d07cf99c5 func=job_orchestration.executor.query.spider_search_task.search_without_channel input_send_start=501800907 input_send_end=501800907 input_send_duration_ms=0 bytes=612
[2026-02-02 22:49:18.698] [info] [spider.worker] [TIMING] task_id=19b63a60-c3f5-4f8a-a30e-b85d07cf99c5 func=job_orchestration.executor.query.spider_search_task.search_without_channel spawn_start=501800906 spawn_end=501800907 spawn_duration_ms=0
[2026-02-02 22:49:19.966] [info] [spider.worker] [TIMING] task_id=19b63a60-c3f5-4f8a-a30e-b85d07cf99c5 func=job_orchestration.executor.query.spider_search_task.search_without_channel execution_start=501800907 execution_end=501802174 execution_duration_ms=1267
[2026-02-02 22:49:19.978] [info] [spider.worker] [TIMING] task_id=19b63a60-c3f5-4f8a-a30e-b85d07cf99c5 func=job_orchestration.executor.query.spider_search_task.search_without_channel submit_output_start=501802176 submit_output_end=501802186 submit_output_duration_ms=10
[2026-02-02 22:49:19.986] [info] [spider.worker] [TIMING] worker_id=3cd5416e-e337-415b-9960-fb26f427746a task_id=b7ec32c9-9987-4cd1-943a-2cd8ef73ad01 get_next_task request_start=501802188 connect_end=501802189 send_end=501802189 receive_end=501802189 connect_duration_ms=0 send_duration_ms=0 receive_duration_ms=0 total_duration_ms=0
[2026-02-02 22:49:19.988] [info] [spider.worker] [TIMING] task_id=b7ec32c9-9987-4cd1-943a-2cd8ef73ad01 func=job_orchestration.executor.query.spider_search_task.search_without_channel fetch_input_start=501802196 fetch_input_end=501802197 fetch_input_duration_ms=0
[2026-02-02 22:49:19.989] [info] [spider.worker] [TIMING] task_id=b7ec32c9-9987-4cd1-943a-2cd8ef73ad01 func=job_orchestration.executor.query.spider_search_task.search_without_channel input_send_start=501802197 input_send_end=501802197 input_send_duration_ms=0 bytes=612
[2026-02-02 22:49:19.989] [info] [spider.worker] [TIMING] task_id=b7ec32c9-9987-4cd1-943a-2cd8ef73ad01 func=job_orchestration.executor.query.spider_search_task.search_without_channel spawn_start=501802197 spawn_end=501802197 spawn_duration_ms=0
[2026-02-02 22:49:21.559] [info] [spider.worker] [TIMING] task_id=b7ec32c9-9987-4cd1-943a-2cd8ef73ad01 func=job_orchestration.executor.query.spider_search_task.search_without_channel execution_start=501802197 execution_end=501803767 execution_duration_ms=1569
[2026-02-02 22:49:21.570] [info] [spider.worker] [TIMING] task_id=b7ec32c9-9987-4cd1-943a-2cd8ef73ad01 func=job_orchestration.executor.query.spider_search_task.search_without_channel submit_output_start=501803769 submit_output_end=501803778 submit_output_duration_ms=9
[2026-02-02 22:49:21.586] [info] [spider.worker] [TIMING] worker_id=3cd5416e-e337-415b-9960-fb26f427746a task_id=16d11e9b-6f65-4f7e-b178-55b07f2a9abe get_next_task request_start=501803781 connect_end=501803782 send_end=501803782 receive_end=501803782 connect_duration_ms=1 send_duration_ms=0 receive_duration_ms=0 total_duration_ms=1
[2026-02-02 22:49:21.589] [info] [spider.worker] [TIMING] task_id=16d11e9b-6f65-4f7e-b178-55b07f2a9abe func=job_orchestration.executor.query.spider_search_task.search_without_channel fetch_input_start=501803797 fetch_input_end=501803798 fetch_input_duration_ms=1
[2026-02-02 22:49:21.590] [info] [spider.worker] [TIMING] task_id=16d11e9b-6f65-4f7e-b178-55b07f2a9abe func=job_orchestration.executor.query.spider_search_task.search_without_channel input_send_start=501803798 input_send_end=501803798 input_send_duration_ms=0 bytes=612
[2026-02-02 22:49:21.590] [info] [spider.worker] [TIMING] task_id=16d11e9b-6f65-4f7e-b178-55b07f2a9abe func=job_orchestration.executor.query.spider_search_task.search_without_channel spawn_start=501803798 spawn_end=501803798 spawn_duration_ms=0
[2026-02-02 22:49:23.155] [info] [spider.worker] [TIMING] task_id=16d11e9b-6f65-4f7e-b178-55b07f2a9abe func=job_orchestration.executor.query.spider_search_task.search_without_channel execution_start=501803799 execution_end=501805363 execution_duration_ms=1564
[2026-02-02 22:49:23.170] [info] [spider.worker] [TIMING] task_id=16d11e9b-6f65-4f7e-b178-55b07f2a9abe func=job_orchestration.executor.query.spider_search_task.search_without_channel submit_output_start=501805364 submit_output_end=501805378 submit_output_duration_ms=13
[2026-02-02 22:49:23.187] [info] [spider.worker] [TIMING] worker_id=3cd5416e-e337-415b-9960-fb26f427746a task_id=feae7ec9-1f3a-42b6-97e8-6e5532779f59 get_next_task request_start=501805380 connect_end=501805381 send_end=501805381 receive_end=501805381 connect_duration_ms=0 send_duration_ms=0 receive_duration_ms=0 total_duration_ms=1
[2026-02-02 22:49:23.190] [info] [spider.worker] [TIMING] task_id=feae7ec9-1f3a-42b6-97e8-6e5532779f59 func=job_orchestration.executor.query.spider_search_task.search_without_channel fetch_input_start=501805397 fetch_input_end=501805398 fetch_input_duration_ms=1
[2026-02-02 22:49:23.190] [info] [spider.worker] [TIMING] task_id=feae7ec9-1f3a-42b6-97e8-6e5532779f59 func=job_orchestration.executor.query.spider_search_task.search_without_channel input_send_start=501805399 input_send_end=501805399 input_send_duration_ms=0 bytes=612
[2026-02-02 22:49:23.190] [info] [spider.worker] [TIMING] task_id=feae7ec9-1f3a-42b6-97e8-6e5532779f59 func=job_orchestration.executor.query.spider_search_task.search_without_channel spawn_start=501805398 spawn_end=501805399 spawn_duration_ms=0
[2026-02-02 22:49:24.521] [info] [spider.worker] [TIMING] task_id=feae7ec9-1f3a-42b6-97e8-6e5532779f59 func=job_orchestration.executor.query.spider_search_task.search_without_channel execution_start=501805399 execution_end=501806729 execution_duration_ms=1330
[2026-02-02 22:49:24.537] [info] [spider.worker] [TIMING] task_id=feae7ec9-1f3a-42b6-97e8-6e5532779f59 func=job_orchestration.executor.query.spider_search_task.search_without_channel submit_output_start=501806730 submit_output_end=501806745 submit_output_duration_ms=14
[2026-02-02 22:49:24.543] [info] [spider.worker] [TIMING] worker_id=3cd5416e-e337-415b-9960-fb26f427746a task_id=none get_next_task request_start=501806747 connect_end=501806748 send_end=501806748 receive_end=501806751 connect_duration_ms=0 send_duration_ms=0 receive_duration_ms=2 total_duration_ms=3
[2026-02-02 22:49:24.654] [info] [spider.worker] [TIMING] worker_id=3cd5416e-e337-415b-9960-fb26f427746a task_id=none get_next_task request_start=501806856 connect_end=501806858 send_end=501806858 receive_end=501806862 connect_duration_ms=1 send_duration_ms=0 receive_duration_ms=4 total_duration_ms=6
[2026-02-02 22:49:24.764] [info] [spider.worker] [TIMING] worker_id=3cd5416e-e337-415b-9960-fb26f427746a task_id=none get_next_task request_start=501806964 connect_end=501806965 send_end=501806965 receive_end=501806973 connect_duration_ms=0 send_duration_ms=0 receive_duration_ms=7 total_duration_ms=8
[2026-02-02 22:49:24.937] [info] [spider.worker] [TIMING] worker_id=3cd5416e-e337-415b-9960-fb26f427746a task_id=none get_next_task request_start=501807075 connect_end=501807076 send_end=501807076 receive_end=501807145 connect_duration_ms=0 send_duration_ms=0 receive_duration_ms=69 total_duration_ms=70
[2026-02-02 22:49:25.044] [info] [spider.worker] [TIMING] worker_id=3cd5416e-e337-415b-9960-fb26f427746a task_id=none get_next_task request_start=501807248 connect_end=501807249 send_end=501807249 receive_end=501807252 connect_duration_ms=0 send_duration_ms=0 receive_duration_ms=3 total_duration_ms=4
[2026-02-02 22:49:25.154] [info] [spider.worker] [TIMING] worker_id=3cd5416e-e337-415b-9960-fb26f427746a task_id=none get_next_task request_start=501807355 connect_end=501807356 send_end=501807356 receive_end=501807362 connect_duration_ms=1 send_duration_ms=0 receive_duration_ms=6 total_duration_ms=7
[2026-02-02 22:49:25.263] [info] [spider.worker] [TIMING] worker_id=3cd5416e-e337-415b-9960-fb26f427746a task_id=none get_next_task request_start=501807465 connect_end=501807466 send_end=501807466 receive_end=501807471 connect_duration_ms=1 send_duration_ms=0 receive_duration_ms=5 total_duration_ms=6
[2026-02-02 22:49:25.369] [info] [spider.worker] [TIMING] worker_id=3cd5416e-e337-415b-9960-fb26f427746a task_id=none get_next_task request_start=501807574 connect_end=501807575 send_end=501807575 receive_end=501807578 connect_duration_ms=1 send_duration_ms=0 receive_duration_ms=2 total_duration_ms=3
[2026-02-02 22:49:25.476] [info] [spider.worker] [TIMING] worker_id=3cd5416e-e337-415b-9960-fb26f427746a task_id=none get_next_task request_start=501807680 connect_end=501807681 send_end=501807681 receive_end=501807684 connect_duration_ms=1 send_duration_ms=0 receive_duration_ms=2 total_duration_ms=3
[2026-02-02 22:49:25.581] [info] [spider.worker] [TIMING] worker_id=3cd5416e-e337-415b-9960-fb26f427746a task_id=none get_next_task request_start=501807786 connect_end=501807786 send_end=501807787 receive_end=501807789 connect_duration_ms=0 send_duration_ms=0 receive_duration_ms=2 total_duration_ms=3
[2026-02-02 22:49:25.685] [info] [spider.worker] [TIMING] worker_id=3cd5416e-e337-415b-9960-fb26f427746a task_id=none get_next_task request_start=501807891 connect_end=501807892 send_end=501807892 receive_end=501807893 connect_duration_ms=0 send_duration_ms=0 receive_duration_ms=1 total_duration_ms=2
[2026-02-02 22:49:25.789] [info] [spider.worker] [TIMING] worker_id=3cd5416e-e337-415b-9960-fb26f427746a task_id=none get_next_task request_start=501807995 connect_end=501807995 send_end=501807995 receive_end=501807997 connect_duration_ms=0 send_duration_ms=0 receive_duration_ms=1 total_duration_ms=2
[2026-02-02 22:49:25.894] [info] [spider.worker] [TIMING] worker_id=3cd5416e-e337-415b-9960-fb26f427746a task_id=none get_next_task request_start=501808099 connect_end=501808100 send_end=501808100 receive_end=501808103 connect_duration_ms=0 send_duration_ms=0 receive_duration_ms=2 total_duration_ms=3
[2026-02-02 22:49:26.004] [info] [spider.worker] [TIMING] worker_id=3cd5416e-e337-415b-9960-fb26f427746a task_id=none get_next_task request_start=501808208 connect_end=501808209 send_end=501808209 receive_end=501808212 connect_duration_ms=1 send_duration_ms=0 receive_duration_ms=3 total_duration_ms=4
[2026-02-02 22:49:26.111] [info] [spider.worker] [TIMING] worker_id=3cd5416e-e337-415b-9960-fb26f427746a task_id=none get_next_task request_start=501808315 connect_end=501808316 send_end=501808316 receive_end=501808319 connect_duration_ms=1 send_duration_ms=0 receive_duration_ms=3 total_duration_ms=4
[2026-02-02 22:49:26.217] [info] [spider.worker] [TIMING] worker_id=3cd5416e-e337-415b-9960-fb26f427746a task_id=none get_next_task request_start=501808422 connect_end=501808423 send_end=501808423 receive_end=501808426 connect_duration_ms=0 send_duration_ms=0 receive_duration_ms=2 total_duration_ms=3
[2026-02-02 22:49:26.325] [info] [spider.worker] [TIMING] worker_id=3cd5416e-e337-415b-9960-fb26f427746a task_id=none get_next_task request_start=501808529 connect_end=501808530 send_end=501808530 receive_end=501808534 connect_duration_ms=1 send_duration_ms=0 receive_duration_ms=3 total_duration_ms=5
[2026-02-02 22:49:26.432] [info] [spider.worker] [TIMING] worker_id=3cd5416e-e337-415b-9960-fb26f427746a task_id=none get_next_task request_start=501808635 connect_end=501808636 send_end=501808636 receive_end=501808640 connect_duration_ms=0 send_duration_ms=0 receive_duration_ms=4 total_duration_ms=5
[2026-02-02 22:49:26.537] [info] [spider.worker] [TIMING] worker_id=3cd5416e-e337-415b-9960-fb26f427746a task_id=none get_next_task request_start=501808742 connect_end=501808743 send_end=501808743 receive_end=501808745 connect_duration_ms=0 send_duration_ms=0 receive_duration_ms=2 total_duration_ms=3
[2026-02-02 22:49:26.643] [info] [spider.worker] [TIMING] worker_id=3cd5416e-e337-415b-9960-fb26f427746a task_id=none get_next_task request_start=501808847 connect_end=501808848 send_end=501808848 receive_end=501808851 connect_duration_ms=1 send_duration_ms=0 receive_duration_ms=3 total_duration_ms=4
[2026-02-02 22:49:26.750] [info] [spider.worker] [TIMING] worker_id=3cd5416e-e337-415b-9960-fb26f427746a task_id=none get_next_task request_start=501808954 connect_end=501808955 send_end=501808955 receive_end=501808958 connect_duration_ms=1 send_duration_ms=0 receive_duration_ms=3 total_duration_ms=4
[2026-02-02 22:49:26.856] [info] [spider.worker] [TIMING] worker_id=3cd5416e-e337-415b-9960-fb26f427746a task_id=none get_next_task request_start=501809060 connect_end=501809061 send_end=501809061 receive_end=501809065 connect_duration_ms=0 send_duration_ms=0 receive_duration_ms=3 total_duration_ms=4
[2026-02-02 22:49:26.964] [info] [spider.worker] [TIMING] worker_id=3cd5416e-e337-415b-9960-fb26f427746a task_id=none get_next_task request_start=501809167 connect_end=501809168 send_end=501809168 receive_end=501809172 connect_duration_ms=1 send_duration_ms=0 receive_duration_ms=3 total_duration_ms=5
[2026-02-02 22:49:27.068] [info] [spider.worker] [TIMING] worker_id=3cd5416e-e337-415b-9960-fb26f427746a task_id=none get_next_task request_start=501809274 connect_end=501809275 send_end=501809275 receive_end=501809277 connect_duration_ms=0 send_duration_ms=0 receive_duration_ms=1 total_duration_ms=2
[2026-02-02 22:49:27.174] [info] [spider.worker] [TIMING] worker_id=3cd5416e-e337-415b-9960-fb26f427746a task_id=none get_next_task request_start=501809379 connect_end=501809380 send_end=501809380 receive_end=501809382 connect_duration_ms=0 send_duration_ms=0 receive_duration_ms=2 total_duration_ms=3
[2026-02-02 22:49:27.281] [info] [spider.worker] [TIMING] worker_id=3cd5416e-e337-415b-9960-fb26f427746a task_id=none get_next_task request_start=501809484 connect_end=501809485 send_end=501809485 receive_end=501809489 connect_duration_ms=0 send_duration_ms=0 receive_duration_ms=4 total_duration_ms=5
[2026-02-02 22:49:27.387] [info] [spider.worker] [TIMING] worker_id=3cd5416e-e337-415b-9960-fb26f427746a task_id=none get_next_task request_start=501809591 connect_end=501809592 send_end=501809592 receive_end=501809595 connect_duration_ms=0 send_duration_ms=0 receive_duration_ms=3 total_duration_ms=4
[2026-02-02 22:49:27.491] [info] [spider.worker] [TIMING] worker_id=3cd5416e-e337-415b-9960-fb26f427746a task_id=none get_next_task request_start=501809697 connect_end=501809698 send_end=501809698 receive_end=501809699 connect_duration_ms=0 send_duration_ms=0 receive_duration_ms=1 total_duration_ms=2
[2026-02-02 22:49:27.597] [info] [spider.worker] [TIMING] worker_id=3cd5416e-e337-415b-9960-fb26f427746a task_id=none get_next_task request_start=501809801 connect_end=501809802 send_end=501809802 receive_end=501809805 connect_duration_ms=0 send_duration_ms=0 receive_duration_ms=3 total_duration_ms=4
[2026-02-02 22:49:27.704] [info] [spider.worker] [TIMING] worker_id=3cd5416e-e337-415b-9960-fb26f427746a task_id=none get_next_task request_start=501809908 connect_end=501809908 send_end=501809908 receive_end=501809913 connect_duration_ms=0 send_duration_ms=0 receive_duration_ms=4 total_duration_ms=5
[2026-02-02 22:49:27.811] [info] [spider.worker] [TIMING] worker_id=3cd5416e-e337-415b-9960-fb26f427746a task_id=none get_next_task request_start=501810015 connect_end=501810016 send_end=501810016 receive_end=501810020 connect_duration_ms=1 send_duration_ms=0 receive_duration_ms=3 total_duration_ms=4
[2026-02-02 22:49:27.918] [info] [spider.worker] [TIMING] worker_id=3cd5416e-e337-415b-9960-fb26f427746a task_id=none get_next_task request_start=501810122 connect_end=501810123 send_end=501810123 receive_end=501810126 connect_duration_ms=0 send_duration_ms=0 receive_duration_ms=2 total_duration_ms=3
[2026-02-02 22:49:28.024] [info] [spider.worker] [TIMING] worker_id=3cd5416e-e337-415b-9960-fb26f427746a task_id=none get_next_task request_start=501810228 connect_end=501810229 send_end=501810229 receive_end=501810233 connect_duration_ms=0 send_duration_ms=0 receive_duration_ms=4 total_duration_ms=4
[2026-02-02 22:49:28.129] [info] [spider.worker] [TIMING] worker_id=3cd5416e-e337-415b-9960-fb26f427746a task_id=none get_next_task request_start=501810335 connect_end=501810336 send_end=501810336 receive_end=501810338 connect_duration_ms=0 send_duration_ms=0 receive_duration_ms=2 total_duration_ms=2
[2026-02-02 22:49:28.234] [info] [spider.worker] [TIMING] worker_id=3cd5416e-e337-415b-9960-fb26f427746a task_id=none get_next_task request_start=501810439 connect_end=501810440 send_end=501810440 receive_end=501810443 connect_duration_ms=0 send_duration_ms=0 receive_duration_ms=2 total_duration_ms=3
[2026-02-02 22:49:28.338] [info] [spider.worker] [TIMING] worker_id=3cd5416e-e337-415b-9960-fb26f427746a task_id=none get_next_task request_start=501810544 connect_end=501810545 send_end=501810545 receive_end=501810546 connect_duration_ms=0 send_duration_ms=0 receive_duration_ms=1 total_duration_ms=2
[2026-02-02 22:49:28.441] [info] [spider.worker] [TIMING] worker_id=3cd5416e-e337-415b-9960-fb26f427746a task_id=none get_next_task request_start=501810648 connect_end=501810648 send_end=501810648 receive_end=501810650 connect_duration_ms=0 send_duration_ms=0 receive_duration_ms=1 total_duration_ms=2
[2026-02-02 22:49:28.548] [info] [spider.worker] [TIMING] worker_id=3cd5416e-e337-415b-9960-fb26f427746a task_id=none get_next_task request_start=501810751 connect_end=501810752 send_end=501810752 receive_end=501810756 connect_duration_ms=0 send_duration_ms=0 receive_duration_ms=4 total_duration_ms=4
[2026-02-02 22:49:28.653] [info] [spider.worker] [TIMING] worker_id=3cd5416e-e337-415b-9960-fb26f427746a task_id=none get_next_task request_start=501810858 connect_end=501810860 send_end=501810860 receive_end=501810861 connect_duration_ms=1 send_duration_ms=0 receive_duration_ms=1 total_duration_ms=2
[2026-02-02 22:49:28.759] [info] [spider.worker] [TIMING] worker_id=3cd5416e-e337-415b-9960-fb26f427746a task_id=none get_next_task request_start=501810963 connect_end=501810965 send_end=501810965 receive_end=501810967 connect_duration_ms=1 send_duration_ms=0 receive_duration_ms=2 total_duration_ms=3
[2026-02-02 22:49:28.863] [info] [spider.worker] [TIMING] worker_id=3cd5416e-e337-415b-9960-fb26f427746a task_id=none get_next_task request_start=501811069 connect_end=501811070 send_end=501811070 receive_end=501811072 connect_duration_ms=0 send_duration_ms=0 receive_duration_ms=1 total_duration_ms=2
[2026-02-02 22:49:28.969] [info] [spider.worker] [TIMING] worker_id=3cd5416e-e337-415b-9960-fb26f427746a task_id=none get_next_task request_start=501811174 connect_end=501811174 send_end=501811174 receive_end=501811177 connect_duration_ms=0 send_duration_ms=0 receive_duration_ms=3 total_duration_ms=3
[2026-02-02 22:49:29.073] [info] [spider.worker] [TIMING] worker_id=3cd5416e-e337-415b-9960-fb26f427746a task_id=none get_next_task request_start=501811279 connect_end=501811279 send_end=501811279 receive_end=501811281 connect_duration_ms=0 send_duration_ms=0 receive_duration_ms=1 total_duration_ms=2
[2026-02-02 22:49:29.181] [info] [spider.worker] [TIMING] worker_id=3cd5416e-e337-415b-9960-fb26f427746a task_id=none get_next_task request_start=501811383 connect_end=501811384 send_end=501811384 receive_end=501811389 connect_duration_ms=0 send_duration_ms=0 receive_duration_ms=5 total_duration_ms=6
[2026-02-02 22:49:29.288] [info] [spider.worker] [TIMING] worker_id=3cd5416e-e337-415b-9960-fb26f427746a task_id=none get_next_task request_start=501811491 connect_end=501811493 send_end=501811493 receive_end=501811496 connect_duration_ms=1 send_duration_ms=0 receive_duration_ms=3 total_duration_ms=4
[2026-02-02 22:49:29.395] [info] [spider.worker] [TIMING] worker_id=3cd5416e-e337-415b-9960-fb26f427746a task_id=none get_next_task request_start=501811598 connect_end=501811599 send_end=501811599 receive_end=501811603 connect_duration_ms=0 send_duration_ms=0 receive_duration_ms=3 total_duration_ms=4
[2026-02-02 22:49:29.501] [info] [spider.worker] [TIMING] worker_id=3cd5416e-e337-415b-9960-fb26f427746a task_id=none get_next_task request_start=501811705 connect_end=501811706 send_end=501811706 receive_end=501811709 connect_duration_ms=1 send_duration_ms=0 receive_duration_ms=2 total_duration_ms=4
[2026-02-02 22:49:29.607] [info] [spider.worker] [TIMING] worker_id=3cd5416e-e337-415b-9960-fb26f427746a task_id=none get_next_task request_start=501811812 connect_end=501811813 send_end=501811813 receive_end=501811815 connect_duration_ms=0 send_duration_ms=0 receive_duration_ms=2 total_duration_ms=3
[2026-02-02 22:49:29.713] [info] [spider.worker] [TIMING] worker_id=3cd5416e-e337-415b-9960-fb26f427746a task_id=none get_next_task request_start=501811918 connect_end=501811919 send_end=501811919 receive_end=501811922 connect_duration_ms=0 send_duration_ms=0 receive_duration_ms=3 total_duration_ms=4
[2026-02-02 22:49:29.835] [info] [spider.worker] [TIMING] worker_id=3cd5416e-e337-415b-9960-fb26f427746a task_id=none get_next_task request_start=501812037 connect_end=501812038 send_end=501812038 receive_end=501812044 connect_duration_ms=1 send_duration_ms=0 receive_duration_ms=5 total_duration_ms=6
[2026-02-02 22:49:29.940] [info] [spider.worker] [TIMING] worker_id=3cd5416e-e337-415b-9960-fb26f427746a task_id=none get_next_task request_start=501812146 connect_end=501812147 send_end=501812147 receive_end=501812149 connect_duration_ms=0 send_duration_ms=0 receive_duration_ms=2 total_duration_ms=3
[2026-02-02 22:49:30.048] [info] [spider.worker] [TIMING] worker_id=3cd5416e-e337-415b-9960-fb26f427746a task_id=none get_next_task request_start=501812251 connect_end=501812253 send_end=501812253 receive_end=501812257 connect_duration_ms=1 send_duration_ms=0 receive_duration_ms=4 total_duration_ms=5
[2026-02-02 22:49:30.154] [info] [spider.worker] [TIMING] worker_id=3cd5416e-e337-415b-9960-fb26f427746a task_id=none get_next_task request_start=501812359 connect_end=501812360 send_end=501812360 receive_end=501812362 connect_duration_ms=1 send_duration_ms=0 receive_duration_ms=1 total_duration_ms=3
[2026-02-02 22:49:30.260] [info] [spider.worker] [TIMING] worker_id=3cd5416e-e337-415b-9960-fb26f427746a task_id=none get_next_task request_start=501812465 connect_end=501812466 send_end=501812466 receive_end=501812468 connect_duration_ms=1 send_duration_ms=0 receive_duration_ms=1 total_duration_ms=3
[2026-02-02 22:49:30.366] [info] [spider.worker] [TIMING] worker_id=3cd5416e-e337-415b-9960-fb26f427746a task_id=none get_next_task request_start=501812571 connect_end=501812572 send_end=501812572 receive_end=501812575 connect_duration_ms=0 send_duration_ms=0 receive_duration_ms=2 total_duration_ms=3
[2026-02-02 22:49:30.472] [info] [spider.worker] [TIMING] worker_id=3cd5416e-e337-415b-9960-fb26f427746a task_id=none get_next_task request_start=501812677 connect_end=501812678 send_end=501812678 receive_end=501812681 connect_duration_ms=0 send_duration_ms=0 receive_duration_ms=2 total_duration_ms=3
[2026-02-02 22:49:30.579] [info] [spider.worker] [TIMING] worker_id=3cd5416e-e337-415b-9960-fb26f427746a task_id=none get_next_task request_start=501812783 connect_end=501812784 send_end=501812784 receive_end=501812787 connect_duration_ms=0 send_duration_ms=0 receive_duration_ms=3 total_duration_ms=4
[2026-02-02 22:49:30.684] [info] [spider.worker] [TIMING] worker_id=3cd5416e-e337-415b-9960-fb26f427746a task_id=none get_next_task request_start=501812889 connect_end=501812890 send_end=501812890 receive_end=501812892 connect_duration_ms=0 send_duration_ms=0 receive_duration_ms=1 total_duration_ms=3
[2026-02-02 22:49:30.791] [info] [spider.worker] [TIMING] worker_id=3cd5416e-e337-415b-9960-fb26f427746a task_id=none get_next_task request_start=501812994 connect_end=501812995 send_end=501812995 receive_end=501813000 connect_duration_ms=0 send_duration_ms=0 receive_duration_ms=4 total_duration_ms=5
[2026-02-02 22:49:30.898] [info] [spider.worker] [TIMING] worker_id=3cd5416e-e337-415b-9960-fb26f427746a task_id=none get_next_task request_start=501813102 connect_end=501813103 send_end=501813103 receive_end=501813106 connect_duration_ms=0 send_duration_ms=0 receive_duration_ms=3 total_duration_ms=4
[2026-02-02 22:49:31.004] [info] [spider.worker] [TIMING] worker_id=3cd5416e-e337-415b-9960-fb26f427746a task_id=none get_next_task request_start=501813208 connect_end=501813209 send_end=501813209 receive_end=501813213 connect_duration_ms=1 send_duration_ms=0 receive_duration_ms=3 total_duration_ms=4
[2026-02-02 22:49:31.108] [info] [spider.worker] [TIMING] worker_id=3cd5416e-e337-415b-9960-fb26f427746a task_id=none get_next_task request_start=501813314 connect_end=501813315 send_end=501813315 receive_end=501813317 connect_duration_ms=0 send_duration_ms=0 receive_duration_ms=1 total_duration_ms=2
[2026-02-02 22:49:31.213] [info] [spider.worker] [TIMING] worker_id=3cd5416e-e337-415b-9960-fb26f427746a task_id=none get_next_task request_start=501813418 connect_end=501813420 send_end=501813420 receive_end=501813421 connect_duration_ms=1 send_duration_ms=0 receive_duration_ms=1 total_duration_ms=2
[2026-02-02 22:49:31.323] [info] [spider.worker] [TIMING] worker_id=3cd5416e-e337-415b-9960-fb26f427746a task_id=none get_next_task request_start=501813524 connect_end=501813525 send_end=501813525 receive_end=501813531 connect_duration_ms=0 send_duration_ms=0 receive_duration_ms=6 total_duration_ms=7
[2026-02-02 22:49:31.427] [info] [spider.worker] [TIMING] worker_id=3cd5416e-e337-415b-9960-fb26f427746a task_id=none get_next_task request_start=501813633 connect_end=501813634 send_end=501813634 receive_end=501813635 connect_duration_ms=0 send_duration_ms=0 receive_duration_ms=1 total_duration_ms=2
[2026-02-02 22:49:31.531] [info] [spider.worker] [TIMING] worker_id=3cd5416e-e337-415b-9960-fb26f427746a task_id=none get_next_task request_start=501813737 connect_end=501813737 send_end=501813737 receive_end=501813740 connect_duration_ms=0 send_duration_ms=0 receive_duration_ms=2 total_duration_ms=2
[2026-02-02 22:49:31.641] [info] [spider.worker] [TIMING] worker_id=3cd5416e-e337-415b-9960-fb26f427746a task_id=none get_next_task request_start=501813842 connect_end=501813843 send_end=501813843 receive_end=501813849 connect_duration_ms=0 send_duration_ms=0 receive_duration_ms=6 total_duration_ms=7
[2026-02-02 22:49:31.747] [info] [spider.worker] [TIMING] worker_id=3cd5416e-e337-415b-9960-fb26f427746a task_id=none get_next_task request_start=501813952 connect_end=501813953 send_end=501813953 receive_end=501813956 connect_duration_ms=1 send_duration_ms=0 receive_duration_ms=2 total_duration_ms=4
[2026-02-02 22:49:31.853] [info] [spider.worker] [TIMING] worker_id=3cd5416e-e337-415b-9960-fb26f427746a task_id=none get_next_task request_start=501814058 connect_end=501814059 send_end=501814059 receive_end=501814062 connect_duration_ms=0 send_duration_ms=0 receive_duration_ms=2 total_duration_ms=3
[2026-02-02 22:49:31.960] [info] [spider.worker] [TIMING] worker_id=3cd5416e-e337-415b-9960-fb26f427746a task_id=none get_next_task request_start=501814164 connect_end=501814165 send_end=501814165 receive_end=501814168 connect_duration_ms=0 send_duration_ms=0 receive_duration_ms=3 total_duration_ms=4
[2026-02-02 22:49:32.066] [info] [spider.worker] [TIMING] worker_id=3cd5416e-e337-415b-9960-fb26f427746a task_id=none get_next_task request_start=501814271 connect_end=501814272 send_end=501814272 receive_end=501814275 connect_duration_ms=0 send_duration_ms=0 receive_duration_ms=2 total_duration_ms=3
[2026-02-02 22:49:32.173] [info] [spider.worker] [TIMING] worker_id=3cd5416e-e337-415b-9960-fb26f427746a task_id=none get_next_task request_start=501814377 connect_end=501814378 send_end=501814378 receive_end=501814382 connect_duration_ms=1 send_duration_ms=0 receive_duration_ms=3 total_duration_ms=4
[2026-02-02 22:49:32.281] [info] [spider.worker] [TIMING] worker_id=3cd5416e-e337-415b-9960-fb26f427746a task_id=none get_next_task request_start=501814484 connect_end=501814485 send_end=501814485 receive_end=501814490 connect_duration_ms=1 send_duration_ms=0 receive_duration_ms=4 total_duration_ms=5
[2026-02-02 22:49:32.390] [info] [spider.worker] [TIMING] worker_id=3cd5416e-e337-415b-9960-fb26f427746a task_id=none get_next_task request_start=501814593 connect_end=501814594 send_end=501814594 receive_end=501814598 connect_duration_ms=1 send_duration_ms=0 receive_duration_ms=4 total_duration_ms=5
[2026-02-02 22:49:32.497] [info] [spider.worker] [TIMING] worker_id=3cd5416e-e337-415b-9960-fb26f427746a task_id=none get_next_task request_start=501814701 connect_end=501814702 send_end=501814702 receive_end=501814705 connect_duration_ms=1 send_duration_ms=0 receive_duration_ms=3 total_duration_ms=4
[2026-02-02 22:49:32.604] [info] [spider.worker] [TIMING] worker_id=3cd5416e-e337-415b-9960-fb26f427746a task_id=none get_next_task request_start=501814808 connect_end=501814809 send_end=501814809 receive_end=501814812 connect_duration_ms=1 send_duration_ms=0 receive_duration_ms=3 total_duration_ms=4
[2026-02-02 22:49:32.712] [info] [spider.worker] [TIMING] worker_id=3cd5416e-e337-415b-9960-fb26f427746a task_id=none get_next_task request_start=501814915 connect_end=501814916 send_end=501814916 receive_end=501814920 connect_duration_ms=1 send_duration_ms=0 receive_duration_ms=4 total_duration_ms=5
[2026-02-02 22:49:32.819] [info] [spider.worker] [TIMING] worker_id=3cd5416e-e337-415b-9960-fb26f427746a task_id=none get_next_task request_start=501815023 connect_end=501815024 send_end=501815024 receive_end=501815027 connect_duration_ms=1 send_duration_ms=0 receive_duration_ms=3 total_duration_ms=4
[2026-02-02 22:49:32.925] [info] [spider.worker] [TIMING] worker_id=3cd5416e-e337-415b-9960-fb26f427746a task_id=none get_next_task request_start=501815130 connect_end=501815131 send_end=501815131 receive_end=501815134 connect_duration_ms=1 send_duration_ms=0 receive_duration_ms=2 total_duration_ms=4
[2026-02-02 22:49:33.033] [info] [spider.worker] [TIMING] worker_id=3cd5416e-e337-415b-9960-fb26f427746a task_id=none get_next_task request_start=501815236 connect_end=501815238 send_end=501815238 receive_end=501815242 connect_duration_ms=1 send_duration_ms=0 receive_duration_ms=4 total_duration_ms=5
[2026-02-02 22:49:33.142] [info] [spider.worker] [TIMING] worker_id=3cd5416e-e337-415b-9960-fb26f427746a task_id=none get_next_task request_start=501815345 connect_end=501815346 send_end=501815346 receive_end=501815350 connect_duration_ms=1 send_duration_ms=0 receive_duration_ms=4 total_duration_ms=5
[2026-02-02 22:49:33.251] [info] [spider.worker] [TIMING] worker_id=3cd5416e-e337-415b-9960-fb26f427746a task_id=none get_next_task request_start=501815452 connect_end=501815454 send_end=501815454 receive_end=501815459 connect_duration_ms=1 send_duration_ms=0 receive_duration_ms=5 total_duration_ms=6
[2026-02-02 22:49:33.357] [info] [spider.worker] [TIMING] worker_id=3cd5416e-e337-415b-9960-fb26f427746a task_id=none get_next_task request_start=501815561 connect_end=501815563 send_end=501815563 receive_end=501815566 connect_duration_ms=1 send_duration_ms=0 receive_duration_ms=3 total_duration_ms=4
[2026-02-02 22:49:33.465] [info] [spider.worker] [TIMING] worker_id=3cd5416e-e337-415b-9960-fb26f427746a task_id=none get_next_task request_start=501815669 connect_end=501815670 send_end=501815670 receive_end=501815674 connect_duration_ms=1 send_duration_ms=0 receive_duration_ms=3 total_duration_ms=5
[2026-02-02 22:49:33.574] [info] [spider.worker] [TIMING] worker_id=3cd5416e-e337-415b-9960-fb26f427746a task_id=none get_next_task request_start=501815776 connect_end=501815778 send_end=501815778 receive_end=501815782 connect_duration_ms=1 send_duration_ms=0 receive_duration_ms=4 total_duration_ms=5
[2026-02-02 22:49:33.682] [info] [spider.worker] [TIMING] worker_id=3cd5416e-e337-415b-9960-fb26f427746a task_id=none get_next_task request_start=501815884 connect_end=501815886 send_end=501815886 receive_end=501815891 connect_duration_ms=1 send_duration_ms=0 receive_duration_ms=4 total_duration_ms=6
[2026-02-02 22:49:33.790] [info] [spider.worker] [TIMING] worker_id=3cd5416e-e337-415b-9960-fb26f427746a task_id=none get_next_task request_start=501815993 connect_end=501815994 send_end=501815994 receive_end=501815998 connect_duration_ms=1 send_duration_ms=0 receive_duration_ms=3 total_duration_ms=4
[2026-02-02 22:49:33.896] [info] [spider.worker] [TIMING] worker_id=3cd5416e-e337-415b-9960-fb26f427746a task_id=none get_next_task request_start=501816101 connect_end=501816102 send_end=501816102 receive_end=501816105 connect_duration_ms=1 send_duration_ms=0 receive_duration_ms=3 total_duration_ms=4
[2026-02-02 22:49:34.007] [info] [spider.worker] [TIMING] worker_id=3cd5416e-e337-415b-9960-fb26f427746a task_id=none get_next_task request_start=501816208 connect_end=501816209 send_end=501816209 receive_end=501816215 connect_duration_ms=1 send_duration_ms=0 receive_duration_ms=6 total_duration_ms=7
[2026-02-02 22:49:34.114] [info] [spider.worker] [TIMING] worker_id=3cd5416e-e337-415b-9960-fb26f427746a task_id=none get_next_task request_start=501816318 connect_end=501816319 send_end=501816319 receive_end=501816322 connect_duration_ms=0 send_duration_ms=0 receive_duration_ms=3 total_duration_ms=4
[2026-02-02 22:49:34.220] [info] [spider.worker] [TIMING] worker_id=3cd5416e-e337-415b-9960-fb26f427746a task_id=none get_next_task request_start=501816424 connect_end=501816425 send_end=501816425 receive_end=501816428 connect_duration_ms=0 send_duration_ms=0 receive_duration_ms=3 total_duration_ms=4
[2026-02-02 22:49:34.327] [info] [spider.worker] [TIMING] worker_id=3cd5416e-e337-415b-9960-fb26f427746a task_id=none get_next_task request_start=501816531 connect_end=501816533 send_end=501816533 receive_end=501816535 connect_duration_ms=1 send_duration_ms=0 receive_duration_ms=2 total_duration_ms=4
[2026-02-02 22:49:34.434] [info] [spider.worker] [TIMING] worker_id=3cd5416e-e337-415b-9960-fb26f427746a task_id=none get_next_task request_start=501816638 connect_end=501816639 send_end=501816639 receive_end=501816643 connect_duration_ms=1 send_duration_ms=0 receive_duration_ms=3 total_duration_ms=4
[2026-02-02 22:49:34.540] [info] [spider.worker] [TIMING] worker_id=3cd5416e-e337-415b-9960-fb26f427746a task_id=none get_next_task request_start=501816745 connect_end=501816746 send_end=501816747 receive_end=501816749 connect_duration_ms=1 send_duration_ms=0 receive_duration_ms=2 total_duration_ms=3
[2026-02-02 22:49:34.646] [info] [spider.worker] [TIMING] worker_id=3cd5416e-e337-415b-9960-fb26f427746a task_id=none get_next_task request_start=501816851 connect_end=501816852 send_end=501816852 receive_end=501816855 connect_duration_ms=1 send_duration_ms=0 receive_duration_ms=2 total_duration_ms=3
[2026-02-02 22:49:34.753] [info] [spider.worker] [TIMING] worker_id=3cd5416e-e337-415b-9960-fb26f427746a task_id=none get_next_task request_start=501816957 connect_end=501816958 send_end=501816958 receive_end=501816961 connect_duration_ms=1 send_duration_ms=0 receive_duration_ms=2 total_duration_ms=4
[2026-02-02 22:49:34.859] [info] [spider.worker] [TIMING] worker_id=3cd5416e-e337-415b-9960-fb26f427746a task_id=none get_next_task request_start=501817063 connect_end=501817065 send_end=501817065 receive_end=501817068 connect_duration_ms=1 send_duration_ms=0 receive_duration_ms=3 total_duration_ms=4
[2026-02-02 22:49:34.966] [info] [spider.worker] [TIMING] worker_id=3cd5416e-e337-415b-9960-fb26f427746a task_id=none get_next_task request_start=501817170 connect_end=501817171 send_end=501817171 receive_end=501817174 connect_duration_ms=1 send_duration_ms=0 receive_duration_ms=2 total_duration_ms=4
[2026-02-02 22:49:35.072] [info] [spider.worker] [TIMING] worker_id=3cd5416e-e337-415b-9960-fb26f427746a task_id=none get_next_task request_start=501817277 connect_end=501817278 send_end=501817278 receive_end=501817281 connect_duration_ms=1 send_duration_ms=0 receive_duration_ms=2 total_duration_ms=4
[2026-02-02 22:49:35.180] [info] [spider.worker] [TIMING] worker_id=3cd5416e-e337-415b-9960-fb26f427746a task_id=none get_next_task request_start=501817383 connect_end=501817384 send_end=501817384 receive_end=501817388 connect_duration_ms=1 send_duration_ms=0 receive_duration_ms=3 total_duration_ms=5
[2026-02-02 22:49:35.287] [info] [spider.worker] [TIMING] worker_id=3cd5416e-e337-415b-9960-fb26f427746a task_id=none get_next_task request_start=501817491 connect_end=501817492 send_end=501817492 receive_end=501817496 connect_duration_ms=1 send_duration_ms=0 receive_duration_ms=3 total_duration_ms=4
[2026-02-02 22:49:35.391] [info] [spider.worker] [TIMING] worker_id=3cd5416e-e337-415b-9960-fb26f427746a task_id=none get_next_task request_start=501817597 connect_end=501817598 send_end=501817598 receive_end=501817600 connect_duration_ms=0 send_duration_ms=0 receive_duration_ms=1 total_duration_ms=2
[2026-02-02 22:49:35.502] [info] [spider.worker] [TIMING] worker_id=3cd5416e-e337-415b-9960-fb26f427746a task_id=none get_next_task request_start=501817704 connect_end=501817705 send_end=501817705 receive_end=501817711 connect_duration_ms=1 send_duration_ms=0 receive_duration_ms=5 total_duration_ms=6
[2026-02-02 22:49:35.609] [info] [spider.worker] [TIMING] worker_id=3cd5416e-e337-415b-9960-fb26f427746a task_id=none get_next_task request_start=501817812 connect_end=501817813 send_end=501817813 receive_end=501817818 connect_duration_ms=0 send_duration_ms=0 receive_duration_ms=4 total_duration_ms=5
[2026-02-02 22:49:35.716] [info] [spider.worker] [TIMING] worker_id=3cd5416e-e337-415b-9960-fb26f427746a task_id=none get_next_task request_start=501817919 connect_end=501817920 send_end=501817920 receive_end=501817925 connect_duration_ms=0 send_duration_ms=0 receive_duration_ms=4 total_duration_ms=5
[2026-02-02 22:49:35.825] [info] [spider.worker] [TIMING] worker_id=3cd5416e-e337-415b-9960-fb26f427746a task_id=none get_next_task request_start=501818026 connect_end=501818027 send_end=501818027 receive_end=501818033 connect_duration_ms=0 send_duration_ms=0 receive_duration_ms=6 total_duration_ms=7
[2026-02-02 22:49:35.933] [info] [spider.worker] [TIMING] worker_id=3cd5416e-e337-415b-9960-fb26f427746a task_id=none get_next_task request_start=501818135 connect_end=501818136 send_end=501818136 receive_end=501818141 connect_duration_ms=0 send_duration_ms=0 receive_duration_ms=4 total_duration_ms=5
[2026-02-02 22:49:36.036] [info] [spider.worker] [TIMING] worker_id=3cd5416e-e337-415b-9960-fb26f427746a task_id=none get_next_task request_start=501818243 connect_end=501818243 send_end=501818243 receive_end=501818245 connect_duration_ms=0 send_duration_ms=0 receive_duration_ms=1 total_duration_ms=1
[2026-02-02 22:49:36.146] [info] [spider.worker] [TIMING] worker_id=3cd5416e-e337-415b-9960-fb26f427746a task_id=none get_next_task request_start=501818347 connect_end=501818348 send_end=501818348 receive_end=501818354 connect_duration_ms=0 send_duration_ms=0 receive_duration_ms=5 total_duration_ms=6
[2026-02-02 22:49:36.252] [info] [spider.worker] [TIMING] worker_id=3cd5416e-e337-415b-9960-fb26f427746a task_id=none get_next_task request_start=501818457 connect_end=501818458 send_end=501818458 receive_end=501818461 connect_duration_ms=0 send_duration_ms=0 receive_duration_ms=3 total_duration_ms=4
[2026-02-02 22:49:36.359] [info] [spider.worker] [TIMING] worker_id=3cd5416e-e337-415b-9960-fb26f427746a task_id=none get_next_task request_start=501818563 connect_end=501818564 send_end=501818564 receive_end=501818567 connect_duration_ms=1 send_duration_ms=0 receive_duration_ms=3 total_duration_ms=4
[2026-02-02 22:49:36.463] [info] [spider.worker] [TIMING] worker_id=3cd5416e-e337-415b-9960-fb26f427746a task_id=none get_next_task request_start=501818669 connect_end=501818670 send_end=501818670 receive_end=501818672 connect_duration_ms=0 send_duration_ms=0 receive_duration_ms=1 total_duration_ms=2
[2026-02-02 22:49:36.567] [info] [spider.worker] [TIMING] worker_id=3cd5416e-e337-415b-9960-fb26f427746a task_id=none get_next_task request_start=501818773 connect_end=501818774 send_end=501818774 receive_end=501818775 connect_duration_ms=0 send_duration_ms=0 receive_duration_ms=1 total_duration_ms=2
[2026-02-02 22:49:36.670] [info] [spider.worker] [TIMING] worker_id=3cd5416e-e337-415b-9960-fb26f427746a task_id=none get_next_task request_start=501818877 connect_end=501818877 send_end=501818877 receive_end=501818879 connect_duration_ms=0 send_duration_ms=0 receive_duration_ms=1 total_duration_ms=2
[2026-02-02 22:49:36.774] [info] [spider.worker] [TIMING] worker_id=3cd5416e-e337-415b-9960-fb26f427746a task_id=none get_next_task request_start=501818980 connect_end=501818981 send_end=501818981 receive_end=501818982 connect_duration_ms=0 send_duration_ms=0 receive_duration_ms=1 total_duration_ms=2
[2026-02-02 22:49:36.878] [info] [spider.worker] [TIMING] worker_id=3cd5416e-e337-415b-9960-fb26f427746a task_id=none get_next_task request_start=501819084 connect_end=501819085 send_end=501819085 receive_end=501819086 connect_duration_ms=0 send_duration_ms=0 receive_duration_ms=1 total_duration_ms=1
[2026-02-02 22:49:36.986] [info] [spider.worker] [TIMING] worker_id=3cd5416e-e337-415b-9960-fb26f427746a task_id=none get_next_task request_start=501819188 connect_end=501819189 send_end=501819189 receive_end=501819194 connect_duration_ms=0 send_duration_ms=0 receive_duration_ms=5 total_duration_ms=6
[2026-02-02 22:49:37.094] [info] [spider.worker] [TIMING] worker_id=3cd5416e-e337-415b-9960-fb26f427746a task_id=none get_next_task request_start=501819296 connect_end=501819297 send_end=501819297 receive_end=501819302 connect_duration_ms=0 send_duration_ms=0 receive_duration_ms=5 total_duration_ms=6
[2026-02-02 22:49:37.198] [info] [spider.worker] [TIMING] worker_id=3cd5416e-e337-415b-9960-fb26f427746a task_id=none get_next_task request_start=501819404 connect_end=501819405 send_end=501819405 receive_end=501819406 connect_duration_ms=0 send_duration_ms=0 receive_duration_ms=1 total_duration_ms=2
[2026-02-02 22:49:37.302] [info] [spider.worker] [TIMING] worker_id=3cd5416e-e337-415b-9960-fb26f427746a task_id=none get_next_task request_start=501819508 connect_end=501819508 send_end=501819508 receive_end=501819510 connect_duration_ms=0 send_duration_ms=0 receive_duration_ms=1 total_duration_ms=2
[2026-02-02 22:49:37.407] [info] [spider.worker] [TIMING] worker_id=3cd5416e-e337-415b-9960-fb26f427746a task_id=none get_next_task request_start=501819611 connect_end=501819612 send_end=501819612 receive_end=501819615 connect_duration_ms=0 send_duration_ms=0 receive_duration_ms=2 total_duration_ms=3
[2026-02-02 22:49:37.524] [info] [spider.worker] [TIMING] worker_id=3cd5416e-e337-415b-9960-fb26f427746a task_id=none get_next_task request_start=501819717 connect_end=501819718 send_end=501819719 receive_end=501819732 connect_duration_ms=1 send_duration_ms=0 receive_duration_ms=13 total_duration_ms=14
[2026-02-02 22:49:37.630] [info] [spider.worker] [TIMING] worker_id=3cd5416e-e337-415b-9960-fb26f427746a task_id=none get_next_task request_start=501819834 connect_end=501819835 send_end=501819835 receive_end=501819838 connect_duration_ms=1 send_duration_ms=0 receive_duration_ms=3 total_duration_ms=4
[2026-02-02 22:49:37.736] [info] [spider.worker] [TIMING] worker_id=3cd5416e-e337-415b-9960-fb26f427746a task_id=none get_next_task request_start=501819940 connect_end=501819941 send_end=501819941 receive_end=501819944 connect_duration_ms=0 send_duration_ms=0 receive_duration_ms=2 total_duration_ms=3
[2026-02-02 22:49:37.843] [info] [spider.worker] [TIMING] worker_id=3cd5416e-e337-415b-9960-fb26f427746a task_id=none get_next_task request_start=501820047 connect_end=501820048 send_end=501820048 receive_end=501820052 connect_duration_ms=1 send_duration_ms=0 receive_duration_ms=3 total_duration_ms=4
[2026-02-02 22:49:37.950] [info] [spider.worker] [TIMING] worker_id=3cd5416e-e337-415b-9960-fb26f427746a task_id=none get_next_task request_start=501820154 connect_end=501820155 send_end=501820155 receive_end=501820158 connect_duration_ms=1 send_duration_ms=0 receive_duration_ms=3 total_duration_ms=4
[2026-02-02 22:49:38.057] [info] [spider.worker] [TIMING] worker_id=3cd5416e-e337-415b-9960-fb26f427746a task_id=none get_next_task request_start=501820261 connect_end=501820262 send_end=501820262 receive_end=501820265 connect_duration_ms=1 send_duration_ms=0 receive_duration_ms=3 total_duration_ms=4
[2026-02-02 22:49:38.164] [info] [spider.worker] [TIMING] worker_id=3cd5416e-e337-415b-9960-fb26f427746a task_id=none get_next_task request_start=501820368 connect_end=501820369 send_end=501820369 receive_end=501820372 connect_duration_ms=1 send_duration_ms=0 receive_duration_ms=3 total_duration_ms=4
[2026-02-02 22:49:38.270] [info] [spider.worker] [TIMING] worker_id=3cd5416e-e337-415b-9960-fb26f427746a task_id=none get_next_task request_start=501820474 connect_end=501820476 send_end=501820476 receive_end=501820479 connect_duration_ms=1 send_duration_ms=0 receive_duration_ms=3 total_duration_ms=4
[2026-02-02 22:49:38.376] [info] [spider.worker] [TIMING] worker_id=3cd5416e-e337-415b-9960-fb26f427746a task_id=none get_next_task request_start=501820580 connect_end=501820581 send_end=501820581 receive_end=501820584 connect_duration_ms=0 send_duration_ms=0 receive_duration_ms=2 total_duration_ms=3
[2026-02-02 22:49:38.481] [info] [spider.worker] [TIMING] worker_id=3cd5416e-e337-415b-9960-fb26f427746a task_id=none get_next_task request_start=501820687 connect_end=501820687 send_end=501820687 receive_end=501820689 connect_duration_ms=0 send_duration_ms=0 receive_duration_ms=1 total_duration_ms=2
[2026-02-02 22:49:38.586] [info] [spider.worker] [TIMING] worker_id=3cd5416e-e337-415b-9960-fb26f427746a task_id=none get_next_task request_start=501820791 connect_end=501820792 send_end=501820792 receive_end=501820794 connect_duration_ms=1 send_duration_ms=0 receive_duration_ms=2 total_duration_ms=3
[2026-02-02 22:49:38.691] [info] [spider.worker] [TIMING] worker_id=3cd5416e-e337-415b-9960-fb26f427746a task_id=none get_next_task request_start=501820896 connect_end=501820897 send_end=501820897 receive_end=501820899 connect_duration_ms=0 send_duration_ms=0 receive_duration_ms=1 total_duration_ms=2
[2026-02-02 22:49:38.797] [info] [spider.worker] [TIMING] worker_id=3cd5416e-e337-415b-9960-fb26f427746a task_id=none get_next_task request_start=501821001 connect_end=501821002 send_end=501821002 receive_end=501821005 connect_duration_ms=0 send_duration_ms=0 receive_duration_ms=2 total_duration_ms=3
[2026-02-02 22:49:38.902] [info] [spider.worker] [TIMING] worker_id=3cd5416e-e337-415b-9960-fb26f427746a task_id=none get_next_task request_start=501821107 connect_end=501821108 send_end=501821108 receive_end=501821111 connect_duration_ms=0 send_duration_ms=0 receive_duration_ms=2 total_duration_ms=3
[2026-02-02 22:49:39.009] [info] [spider.worker] [TIMING] worker_id=3cd5416e-e337-415b-9960-fb26f427746a task_id=none get_next_task request_start=501821213 connect_end=501821214 send_end=501821215 receive_end=501821218 connect_duration_ms=1 send_duration_ms=0 receive_duration_ms=3 total_duration_ms=4
[2026-02-02 22:49:39.115] [info] [spider.worker] [TIMING] worker_id=3cd5416e-e337-415b-9960-fb26f427746a task_id=none get_next_task request_start=501821320 connect_end=501821321 send_end=501821321 receive_end=501821324 connect_duration_ms=0 send_duration_ms=0 receive_duration_ms=3 total_duration_ms=4
[2026-02-02 22:49:39.232] [info] [spider.worker] [TIMING] worker_id=3cd5416e-e337-415b-9960-fb26f427746a task_id=none get_next_task request_start=501821434 connect_end=501821435 send_end=501821435 receive_end=501821440 connect_duration_ms=1 send_duration_ms=0 receive_duration_ms=4 total_duration_ms=6
[2026-02-02 22:49:39.340] [info] [spider.worker] [TIMING] worker_id=3cd5416e-e337-415b-9960-fb26f427746a task_id=none get_next_task request_start=501821542 connect_end=501821543 send_end=501821543 receive_end=501821548 connect_duration_ms=1 send_duration_ms=0 receive_duration_ms=5 total_duration_ms=6
[2026-02-02 22:49:39.447] [info] [spider.worker] [TIMING] worker_id=3cd5416e-e337-415b-9960-fb26f427746a task_id=none get_next_task request_start=501821651 connect_end=501821652 send_end=501821652 receive_end=501821655 connect_duration_ms=1 send_duration_ms=0 receive_duration_ms=2 total_duration_ms=4
[2026-02-02 22:49:39.553] [info] [spider.worker] [TIMING] worker_id=3cd5416e-e337-415b-9960-fb26f427746a task_id=none get_next_task request_start=501821757 connect_end=501821758 send_end=501821758 receive_end=501821762 connect_duration_ms=1 send_duration_ms=0 receive_duration_ms=3 total_duration_ms=4
[2026-02-02 22:49:39.661] [info] [spider.worker] [TIMING] worker_id=3cd5416e-e337-415b-9960-fb26f427746a task_id=none get_next_task request_start=501821864 connect_end=501821865 send_end=501821865 receive_end=501821870 connect_duration_ms=1 send_duration_ms=0 receive_duration_ms=4 total_duration_ms=5
[2026-02-02 22:49:39.768] [info] [spider.worker] [TIMING] worker_id=3cd5416e-e337-415b-9960-fb26f427746a task_id=none get_next_task request_start=501821972 connect_end=501821973 send_end=501821973 receive_end=501821977 connect_duration_ms=1 send_duration_ms=0 receive_duration_ms=3 total_duration_ms=4
[2026-02-02 22:49:39.877] [info] [spider.worker] [TIMING] worker_id=3cd5416e-e337-415b-9960-fb26f427746a task_id=none get_next_task request_start=501822080 connect_end=501822081 send_end=501822081 receive_end=501822085 connect_duration_ms=1 send_duration_ms=0 receive_duration_ms=4 total_duration_ms=5
[2026-02-02 22:49:39.984] [info] [spider.worker] [TIMING] worker_id=3cd5416e-e337-415b-9960-fb26f427746a task_id=none get_next_task request_start=501822188 connect_end=501822189 send_end=501822189 receive_end=501822192 connect_duration_ms=1 send_duration_ms=0 receive_duration_ms=3 total_duration_ms=4
[2026-02-02 22:49:40.091] [info] [spider.worker] [TIMING] worker_id=3cd5416e-e337-415b-9960-fb26f427746a task_id=none get_next_task request_start=501822295 connect_end=501822296 send_end=501822296 receive_end=501822299 connect_duration_ms=1 send_duration_ms=0 receive_duration_ms=2 total_duration_ms=4
[2026-02-02 22:49:40.196] [info] [spider.worker] [TIMING] worker_id=3cd5416e-e337-415b-9960-fb26f427746a task_id=none get_next_task request_start=501822402 connect_end=501822403 send_end=501822403 receive_end=501822405 connect_duration_ms=1 send_duration_ms=0 receive_duration_ms=1 total_duration_ms=2
[2026-02-02 22:49:40.303] [info] [spider.worker] [TIMING] worker_id=3cd5416e-e337-415b-9960-fb26f427746a task_id=none get_next_task request_start=501822507 connect_end=501822508 send_end=501822508 receive_end=501822511 connect_duration_ms=1 send_duration_ms=0 receive_duration_ms=2 total_duration_ms=4
[2026-02-02 22:49:40.408] [info] [spider.worker] [TIMING] worker_id=3cd5416e-e337-415b-9960-fb26f427746a task_id=none get_next_task request_start=501822614 connect_end=501822615 send_end=501822615 receive_end=501822617 connect_duration_ms=1 send_duration_ms=0 receive_duration_ms=1 total_duration_ms=3
[2026-02-02 22:49:40.516] [info] [spider.worker] [TIMING] worker_id=3cd5416e-e337-415b-9960-fb26f427746a task_id=none get_next_task request_start=501822720 connect_end=501822721 send_end=501822721 receive_end=501822725 connect_duration_ms=1 send_duration_ms=0 receive_duration_ms=4 total_duration_ms=5
[2026-02-02 22:49:40.624] [info] [spider.worker] [TIMING] worker_id=3cd5416e-e337-415b-9960-fb26f427746a task_id=none get_next_task request_start=501822827 connect_end=501822829 send_end=501822829 receive_end=501822832 connect_duration_ms=1 send_duration_ms=0 receive_duration_ms=3 total_duration_ms=4
[2026-02-02 22:49:40.731] [info] [spider.worker] [TIMING] worker_id=3cd5416e-e337-415b-9960-fb26f427746a task_id=none get_next_task request_start=501822934 connect_end=501822935 send_end=501822935 receive_end=501822939 connect_duration_ms=1 send_duration_ms=0 receive_duration_ms=3 total_duration_ms=4
[2026-02-02 22:49:40.835] [info] [spider.worker] [TIMING] worker_id=3cd5416e-e337-415b-9960-fb26f427746a task_id=none get_next_task request_start=501823041 connect_end=501823041 send_end=501823041 receive_end=501823043 connect_duration_ms=0 send_duration_ms=0 receive_duration_ms=2 total_duration_ms=2
[2026-02-02 22:49:40.940] [info] [spider.worker] [TIMING] worker_id=3cd5416e-e337-415b-9960-fb26f427746a task_id=none get_next_task request_start=501823145 connect_end=501823146 send_end=501823146 receive_end=501823148 connect_duration_ms=0 send_duration_ms=0 receive_duration_ms=2 total_duration_ms=3
[2026-02-02 22:49:41.044] [info] [spider.worker] [TIMING] worker_id=3cd5416e-e337-415b-9960-fb26f427746a task_id=none get_next_task request_start=501823250 connect_end=501823251 send_end=501823251 receive_end=501823252 connect_duration_ms=0 send_duration_ms=0 receive_duration_ms=1 total_duration_ms=2
[2026-02-02 22:49:41.148] [info] [spider.worker] [TIMING] worker_id=3cd5416e-e337-415b-9960-fb26f427746a task_id=none get_next_task request_start=501823354 connect_end=501823355 send_end=501823355 receive_end=501823356 connect_duration_ms=0 send_duration_ms=0 receive_duration_ms=1 total_duration_ms=2
[2026-02-02 22:49:41.254] [info] [spider.worker] [TIMING] worker_id=3cd5416e-e337-415b-9960-fb26f427746a task_id=none get_next_task request_start=501823457 connect_end=501823458 send_end=501823458 receive_end=501823463 connect_duration_ms=0 send_duration_ms=0 receive_duration_ms=4 total_duration_ms=5
[2026-02-02 22:49:41.368] [info] [spider.worker] [TIMING] worker_id=3cd5416e-e337-415b-9960-fb26f427746a task_id=none get_next_task request_start=501823564 connect_end=501823565 send_end=501823565 receive_end=501823576 connect_duration_ms=0 send_duration_ms=0 receive_duration_ms=11 total_duration_ms=12
[2026-02-02 22:49:41.478] [info] [spider.worker] [TIMING] worker_id=3cd5416e-e337-415b-9960-fb26f427746a task_id=none get_next_task request_start=501823678 connect_end=501823678 send_end=501823678 receive_end=501823686 connect_duration_ms=0 send_duration_ms=0 receive_duration_ms=8 total_duration_ms=8
[2026-02-02 22:49:41.583] [info] [spider.worker] [TIMING] worker_id=3cd5416e-e337-415b-9960-fb26f427746a task_id=none get_next_task request_start=501823788 connect_end=501823788 send_end=501823788 receive_end=501823791 connect_duration_ms=0 send_duration_ms=0 receive_duration_ms=2 total_duration_ms=3
[2026-02-02 22:49:41.688] [info] [spider.worker] [TIMING] worker_id=3cd5416e-e337-415b-9960-fb26f427746a task_id=none get_next_task request_start=501823893 connect_end=501823894 send_end=501823894 receive_end=501823896 connect_duration_ms=0 send_duration_ms=0 receive_duration_ms=1 total_duration_ms=2
[2026-02-02 22:49:41.793] [info] [spider.worker] [TIMING] worker_id=3cd5416e-e337-415b-9960-fb26f427746a task_id=none get_next_task request_start=501823999 connect_end=501824000 send_end=501824000 receive_end=501824001 connect_duration_ms=1 send_duration_ms=0 receive_duration_ms=1 total_duration_ms=2
[2026-02-02 22:49:41.898] [info] [spider.worker] [TIMING] worker_id=3cd5416e-e337-415b-9960-fb26f427746a task_id=none get_next_task request_start=501824104 connect_end=501824104 send_end=501824104 receive_end=501824106 connect_duration_ms=0 send_duration_ms=0 receive_duration_ms=1 total_duration_ms=2
[2026-02-02 22:49:42.004] [info] [spider.worker] [TIMING] worker_id=3cd5416e-e337-415b-9960-fb26f427746a task_id=none get_next_task request_start=501824208 connect_end=501824209 send_end=501824209 receive_end=501824212 connect_duration_ms=0 send_duration_ms=0 receive_duration_ms=2 total_duration_ms=3
[2026-02-02 22:49:42.111] [info] [spider.worker] [TIMING] worker_id=3cd5416e-e337-415b-9960-fb26f427746a task_id=none get_next_task request_start=501824314 connect_end=501824315 send_end=501824315 receive_end=501824320 connect_duration_ms=1 send_duration_ms=0 receive_duration_ms=4 total_duration_ms=6
[2026-02-02 22:49:42.220] [info] [spider.worker] [TIMING] worker_id=3cd5416e-e337-415b-9960-fb26f427746a task_id=none get_next_task request_start=501824422 connect_end=501824423 send_end=501824423 receive_end=501824428 connect_duration_ms=1 send_duration_ms=0 receive_duration_ms=4 total_duration_ms=5
[2026-02-02 22:49:42.327] [info] [spider.worker] [TIMING] worker_id=3cd5416e-e337-415b-9960-fb26f427746a task_id=none get_next_task request_start=501824531 connect_end=501824532 send_end=501824532 receive_end=501824535 connect_duration_ms=1 send_duration_ms=0 receive_duration_ms=2 total_duration_ms=4
[2026-02-02 22:49:42.434] [info] [spider.worker] [TIMING] worker_id=3cd5416e-e337-415b-9960-fb26f427746a task_id=none get_next_task request_start=501824638 connect_end=501824639 send_end=501824639 receive_end=501824643 connect_duration_ms=1 send_duration_ms=0 receive_duration_ms=3 total_duration_ms=5
[2026-02-02 22:49:42.542] [info] [spider.worker] [TIMING] worker_id=3cd5416e-e337-415b-9960-fb26f427746a task_id=none get_next_task request_start=501824746 connect_end=501824747 send_end=501824747 receive_end=501824750 connect_duration_ms=1 send_duration_ms=0 receive_duration_ms=3 total_duration_ms=4
[2026-02-02 22:49:42.649] [info] [spider.worker] [TIMING] worker_id=3cd5416e-e337-415b-9960-fb26f427746a task_id=none get_next_task request_start=501824853 connect_end=501824854 send_end=501824854 receive_end=501824857 connect_duration_ms=1 send_duration_ms=0 receive_duration_ms=3 total_duration_ms=4
[2026-02-02 22:49:42.756] [info] [spider.worker] [TIMING] worker_id=3cd5416e-e337-415b-9960-fb26f427746a task_id=none get_next_task request_start=501824960 connect_end=501824961 send_end=501824961 receive_end=501824964 connect_duration_ms=1 send_duration_ms=0 receive_duration_ms=3 total_duration_ms=4
[2026-02-02 22:49:42.864] [info] [spider.worker] [TIMING] worker_id=3cd5416e-e337-415b-9960-fb26f427746a task_id=none get_next_task request_start=501825067 connect_end=501825068 send_end=501825068 receive_end=501825072 connect_duration_ms=1 send_duration_ms=0 receive_duration_ms=4 total_duration_ms=5
[2026-02-02 22:49:42.972] [info] [spider.worker] [TIMING] worker_id=3cd5416e-e337-415b-9960-fb26f427746a task_id=none get_next_task request_start=501825175 connect_end=501825176 send_end=501825176 receive_end=501825180 connect_duration_ms=1 send_duration_ms=0 receive_duration_ms=4 total_duration_ms=5
[2026-02-02 22:49:43.078] [info] [spider.worker] [TIMING] worker_id=3cd5416e-e337-415b-9960-fb26f427746a task_id=none get_next_task request_start=501825282 connect_end=501825283 send_end=501825283 receive_end=501825287 connect_duration_ms=1 send_duration_ms=0 receive_duration_ms=3 total_duration_ms=4
[2026-02-02 22:49:43.185] [info] [spider.worker] [TIMING] worker_id=3cd5416e-e337-415b-9960-fb26f427746a task_id=none get_next_task request_start=501825390 connect_end=501825391 send_end=501825391 receive_end=501825394 connect_duration_ms=1 send_duration_ms=0 receive_duration_ms=2 total_duration_ms=4
[2026-02-02 22:49:43.292] [info] [spider.worker] [TIMING] worker_id=3cd5416e-e337-415b-9960-fb26f427746a task_id=none get_next_task request_start=501825496 connect_end=501825497 send_end=501825497 receive_end=501825501 connect_duration_ms=0 send_duration_ms=0 receive_duration_ms=3 total_duration_ms=4
[2026-02-02 22:49:43.399] [info] [spider.worker] [TIMING] worker_id=3cd5416e-e337-415b-9960-fb26f427746a task_id=none get_next_task request_start=501825603 connect_end=501825604 send_end=501825604 receive_end=501825607 connect_duration_ms=0 send_duration_ms=0 receive_duration_ms=3 total_duration_ms=4
[2026-02-02 22:49:43.507] [info] [spider.worker] [TIMING] worker_id=3cd5416e-e337-415b-9960-fb26f427746a task_id=none get_next_task request_start=501825710 connect_end=501825711 send_end=501825711 receive_end=501825715 connect_duration_ms=1 send_duration_ms=0 receive_duration_ms=4 total_duration_ms=5
[2026-02-02 22:49:43.621] [info] [spider.worker] [TIMING] worker_id=3cd5416e-e337-415b-9960-fb26f427746a task_id=none get_next_task request_start=501825817 connect_end=501825818 send_end=501825818 receive_end=501825829 connect_duration_ms=1 send_duration_ms=0 receive_duration_ms=10 total_duration_ms=11
[2026-02-02 22:49:43.728] [info] [spider.worker] [TIMING] worker_id=3cd5416e-e337-415b-9960-fb26f427746a task_id=none get_next_task request_start=501825932 connect_end=501825933 send_end=501825933 receive_end=501825936 connect_duration_ms=1 send_duration_ms=0 receive_duration_ms=3 total_duration_ms=4
[2026-02-02 22:49:43.836] [info] [spider.worker] [TIMING] worker_id=3cd5416e-e337-415b-9960-fb26f427746a task_id=none get_next_task request_start=501826039 connect_end=501826040 send_end=501826040 receive_end=501826044 connect_duration_ms=1 send_duration_ms=0 receive_duration_ms=3 total_duration_ms=5
[2026-02-02 22:49:43.942] [info] [spider.worker] [TIMING] worker_id=3cd5416e-e337-415b-9960-fb26f427746a task_id=none get_next_task request_start=501826146 connect_end=501826147 send_end=501826147 receive_end=501826151 connect_duration_ms=1 send_duration_ms=0 receive_duration_ms=3 total_duration_ms=4
[2026-02-02 22:49:44.049] [info] [spider.worker] [TIMING] worker_id=3cd5416e-e337-415b-9960-fb26f427746a task_id=none get_next_task request_start=501826253 connect_end=501826254 send_end=501826254 receive_end=501826258 connect_duration_ms=1 send_duration_ms=0 receive_duration_ms=3 total_duration_ms=4
[2026-02-02 22:49:44.157] [info] [spider.worker] [TIMING] worker_id=3cd5416e-e337-415b-9960-fb26f427746a task_id=none get_next_task request_start=501826361 connect_end=501826362 send_end=501826362 receive_end=501826365 connect_duration_ms=1 send_duration_ms=0 receive_duration_ms=2 total_duration_ms=4
[2026-02-02 22:49:44.263] [info] [spider.worker] [TIMING] worker_id=3cd5416e-e337-415b-9960-fb26f427746a task_id=none get_next_task request_start=501826468 connect_end=501826469 send_end=501826469 receive_end=501826472 connect_duration_ms=1 send_duration_ms=0 receive_duration_ms=2 total_duration_ms=3
[2026-02-02 22:49:44.372] [info] [spider.worker] [TIMING] worker_id=3cd5416e-e337-415b-9960-fb26f427746a task_id=none get_next_task request_start=501826575 connect_end=501826576 send_end=501826576 receive_end=501826580 connect_duration_ms=1 send_duration_ms=0 receive_duration_ms=4 total_duration_ms=5
[2026-02-02 22:49:44.479] [info] [spider.worker] [TIMING] worker_id=3cd5416e-e337-415b-9960-fb26f427746a task_id=none get_next_task request_start=501826683 connect_end=501826684 send_end=501826684 receive_end=501826687 connect_duration_ms=1 send_duration_ms=0 receive_duration_ms=3 total_duration_ms=4
[2026-02-02 22:49:44.586] [info] [spider.worker] [TIMING] worker_id=3cd5416e-e337-415b-9960-fb26f427746a task_id=none get_next_task request_start=501826790 connect_end=501826791 send_end=501826791 receive_end=501826794 connect_duration_ms=1 send_duration_ms=0 receive_duration_ms=3 total_duration_ms=4
[2026-02-02 22:49:44.693] [info] [spider.worker] [TIMING] worker_id=3cd5416e-e337-415b-9960-fb26f427746a task_id=none get_next_task request_start=501826897 connect_end=501826898 send_end=501826898 receive_end=501826901 connect_duration_ms=1 send_duration_ms=0 receive_duration_ms=2 total_duration_ms=4
[2026-02-02 22:49:44.799] [info] [spider.worker] [TIMING] worker_id=3cd5416e-e337-415b-9960-fb26f427746a task_id=none get_next_task request_start=501827003 connect_end=501827005 send_end=501827005 receive_end=501827008 connect_duration_ms=1 send_duration_ms=0 receive_duration_ms=3 total_duration_ms=4
[2026-02-02 22:49:44.905] [info] [spider.worker] [TIMING] worker_id=3cd5416e-e337-415b-9960-fb26f427746a task_id=none get_next_task request_start=501827110 connect_end=501827111 send_end=501827111 receive_end=501827114 connect_duration_ms=1 send_duration_ms=0 receive_duration_ms=2 total_duration_ms=3
[2026-02-02 22:49:45.012] [info] [spider.worker] [TIMING] worker_id=3cd5416e-e337-415b-9960-fb26f427746a task_id=none get_next_task request_start=501827216 connect_end=501827218 send_end=501827218 receive_end=501827221 connect_duration_ms=1 send_duration_ms=0 receive_duration_ms=3 total_duration_ms=4
[2026-02-02 22:49:45.119] [info] [spider.worker] [TIMING] worker_id=3cd5416e-e337-415b-9960-fb26f427746a task_id=none get_next_task request_start=501827323 connect_end=501827324 send_end=501827324 receive_end=501827327 connect_duration_ms=0 send_duration_ms=0 receive_duration_ms=2 total_duration_ms=3
[2026-02-02 22:49:45.226] [info] [spider.worker] [TIMING] worker_id=3cd5416e-e337-415b-9960-fb26f427746a task_id=none get_next_task request_start=501827430 connect_end=501827431 send_end=501827431 receive_end=501827434 connect_duration_ms=1 send_duration_ms=0 receive_duration_ms=3 total_duration_ms=4
[2026-02-02 22:49:45.334] [info] [spider.worker] [TIMING] worker_id=3cd5416e-e337-415b-9960-fb26f427746a task_id=none get_next_task request_start=501827537 connect_end=501827538 send_end=501827538 receive_end=501827542 connect_duration_ms=1 send_duration_ms=0 receive_duration_ms=3 total_duration_ms=4
[2026-02-02 22:49:45.440] [info] [spider.worker] [TIMING] worker_id=3cd5416e-e337-415b-9960-fb26f427746a task_id=none get_next_task request_start=501827644 connect_end=501827646 send_end=501827646 receive_end=501827649 connect_duration_ms=1 send_duration_ms=0 receive_duration_ms=2 total_duration_ms=4
[2026-02-02 22:49:45.548] [info] [spider.worker] [TIMING] worker_id=3cd5416e-e337-415b-9960-fb26f427746a task_id=none get_next_task request_start=501827751 connect_end=501827752 send_end=501827752 receive_end=501827756 connect_duration_ms=1 send_duration_ms=0 receive_duration_ms=3 total_duration_ms=5
[2026-02-02 22:49:45.655] [info] [spider.worker] [TIMING] worker_id=3cd5416e-e337-415b-9960-fb26f427746a task_id=none get_next_task request_start=501827859 connect_end=501827860 send_end=501827860 receive_end=501827863 connect_duration_ms=1 send_duration_ms=0 receive_duration_ms=3 total_duration_ms=4
[2026-02-02 22:49:45.761] [info] [spider.worker] [TIMING] worker_id=3cd5416e-e337-415b-9960-fb26f427746a task_id=none get_next_task request_start=501827965 connect_end=501827966 send_end=501827966 receive_end=501827970 connect_duration_ms=1 send_duration_ms=0 receive_duration_ms=3 total_duration_ms=4
[2026-02-02 22:49:45.866] [info] [spider.worker] [TIMING] worker_id=3cd5416e-e337-415b-9960-fb26f427746a task_id=none get_next_task request_start=501828071 connect_end=501828072 send_end=501828072 receive_end=501828074 connect_duration_ms=0 send_duration_ms=0 receive_duration_ms=2 total_duration_ms=2
[2026-02-02 22:49:45.969] [info] [spider.worker] [TIMING] worker_id=3cd5416e-e337-415b-9960-fb26f427746a task_id=none get_next_task request_start=501828175 connect_end=501828176 send_end=501828176 receive_end=501828178 connect_duration_ms=0 send_duration_ms=0 receive_duration_ms=1 total_duration_ms=2
[2026-02-02 22:49:46.077] [info] [spider.worker] [TIMING] worker_id=3cd5416e-e337-415b-9960-fb26f427746a task_id=none get_next_task request_start=501828279 connect_end=501828280 send_end=501828281 receive_end=501828285 connect_duration_ms=1 send_duration_ms=0 receive_duration_ms=4 total_duration_ms=5
[2026-02-02 22:49:46.183] [info] [spider.worker] [TIMING] worker_id=3cd5416e-e337-415b-9960-fb26f427746a task_id=none get_next_task request_start=501828387 connect_end=501828388 send_end=501828388 receive_end=501828392 connect_duration_ms=0 send_duration_ms=0 receive_duration_ms=3 total_duration_ms=4
[2026-02-02 22:49:46.290] [info] [spider.worker] [TIMING] worker_id=3cd5416e-e337-415b-9960-fb26f427746a task_id=none get_next_task request_start=501828494 connect_end=501828495 send_end=501828495 receive_end=501828498 connect_duration_ms=0 send_duration_ms=0 receive_duration_ms=3 total_duration_ms=4
[2026-02-02 22:49:46.394] [info] [spider.worker] [TIMING] worker_id=3cd5416e-e337-415b-9960-fb26f427746a task_id=none get_next_task request_start=501828600 connect_end=501828601 send_end=501828601 receive_end=501828602 connect_duration_ms=0 send_duration_ms=0 receive_duration_ms=1 total_duration_ms=2
[2026-02-02 22:49:46.503] [info] [spider.worker] [TIMING] worker_id=3cd5416e-e337-415b-9960-fb26f427746a task_id=none get_next_task request_start=501828704 connect_end=501828705 send_end=501828705 receive_end=501828712 connect_duration_ms=1 send_duration_ms=0 receive_duration_ms=6 total_duration_ms=7
[2026-02-02 22:49:46.610] [info] [spider.worker] [TIMING] worker_id=3cd5416e-e337-415b-9960-fb26f427746a task_id=none get_next_task request_start=501828814 connect_end=501828815 send_end=501828815 receive_end=501828818 connect_duration_ms=1 send_duration_ms=0 receive_duration_ms=3 total_duration_ms=4
[2026-02-02 22:49:46.717] [info] [spider.worker] [TIMING] worker_id=3cd5416e-e337-415b-9960-fb26f427746a task_id=none get_next_task request_start=501828920 connect_end=501828921 send_end=501828921 receive_end=501828925 connect_duration_ms=1 send_duration_ms=0 receive_duration_ms=3 total_duration_ms=5
[2026-02-02 22:49:46.823] [info] [spider.worker] [TIMING] worker_id=3cd5416e-e337-415b-9960-fb26f427746a task_id=none get_next_task request_start=501829027 connect_end=501829028 send_end=501829028 receive_end=501829031 connect_duration_ms=0 send_duration_ms=0 receive_duration_ms=3 total_duration_ms=4
[2026-02-02 22:49:46.929] [info] [spider.worker] [TIMING] worker_id=3cd5416e-e337-415b-9960-fb26f427746a task_id=none get_next_task request_start=501829133 connect_end=501829135 send_end=501829135 receive_end=501829138 connect_duration_ms=1 send_duration_ms=0 receive_duration_ms=3 total_duration_ms=4
[2026-02-02 22:49:47.035] [info] [spider.worker] [TIMING] worker_id=3cd5416e-e337-415b-9960-fb26f427746a task_id=none get_next_task request_start=501829240 connect_end=501829240 send_end=501829240 receive_end=501829244 connect_duration_ms=0 send_duration_ms=0 receive_duration_ms=3 total_duration_ms=4
[2026-02-02 22:49:47.139] [info] [spider.worker] [TIMING] worker_id=3cd5416e-e337-415b-9960-fb26f427746a task_id=none get_next_task request_start=501829345 connect_end=501829346 send_end=501829346 receive_end=501829347 connect_duration_ms=0 send_duration_ms=0 receive_duration_ms=1 total_duration_ms=1
[2026-02-02 22:49:47.243] [info] [spider.worker] [TIMING] worker_id=3cd5416e-e337-415b-9960-fb26f427746a task_id=none get_next_task request_start=501829449 connect_end=501829449 send_end=501829449 receive_end=501829451 connect_duration_ms=0 send_duration_ms=0 receive_duration_ms=2 total_duration_ms=2
[2026-02-02 22:49:47.357] [info] [spider.worker] [TIMING] worker_id=3cd5416e-e337-415b-9960-fb26f427746a task_id=none get_next_task request_start=501829554 connect_end=501829555 send_end=501829555 receive_end=501829566 connect_duration_ms=0 send_duration_ms=0 receive_duration_ms=10 total_duration_ms=11
[2026-02-02 22:49:47.466] [info] [spider.worker] [TIMING] worker_id=3cd5416e-e337-415b-9960-fb26f427746a task_id=none get_next_task request_start=501829668 connect_end=501829669 send_end=501829669 receive_end=501829674 connect_duration_ms=0 send_duration_ms=0 receive_duration_ms=5 total_duration_ms=6
[2026-02-02 22:49:47.573] [info] [spider.worker] [TIMING] worker_id=3cd5416e-e337-415b-9960-fb26f427746a task_id=none get_next_task request_start=501829776 connect_end=501829777 send_end=501829777 receive_end=501829782 connect_duration_ms=1 send_duration_ms=0 receive_duration_ms=4 total_duration_ms=5
[2026-02-02 22:49:47.681] [info] [spider.worker] [TIMING] worker_id=3cd5416e-e337-415b-9960-fb26f427746a task_id=none get_next_task request_start=501829883 connect_end=501829884 send_end=501829884 receive_end=501829889 connect_duration_ms=0 send_duration_ms=0 receive_duration_ms=5 total_duration_ms=6
[2026-02-02 22:49:47.799] [info] [spider.worker] [TIMING] worker_id=3cd5416e-e337-415b-9960-fb26f427746a task_id=none get_next_task request_start=501830004 connect_end=501830005 send_end=501830005 receive_end=501830008 connect_duration_ms=0 send_duration_ms=0 receive_duration_ms=3 total_duration_ms=4
[2026-02-02 22:49:47.904] [info] [spider.worker] [TIMING] worker_id=3cd5416e-e337-415b-9960-fb26f427746a task_id=none get_next_task request_start=501830109 connect_end=501830110 send_end=501830110 receive_end=501830112 connect_duration_ms=0 send_duration_ms=0 receive_duration_ms=2 total_duration_ms=2
[2026-02-02 22:49:48.012] [info] [spider.worker] [TIMING] worker_id=3cd5416e-e337-415b-9960-fb26f427746a task_id=none get_next_task request_start=501830214 connect_end=501830215 send_end=501830215 receive_end=501830220 connect_duration_ms=0 send_duration_ms=0 receive_duration_ms=5 total_duration_ms=6
[2026-02-02 22:49:48.120] [info] [spider.worker] [TIMING] worker_id=3cd5416e-e337-415b-9960-fb26f427746a task_id=none get_next_task request_start=501830323 connect_end=501830324 send_end=501830324 receive_end=501830328 connect_duration_ms=1 send_duration_ms=0 receive_duration_ms=4 total_duration_ms=5
[2026-02-02 22:49:48.265] [info] [spider.worker] [TIMING] worker_id=3cd5416e-e337-415b-9960-fb26f427746a task_id=none get_next_task request_start=501830465 connect_end=501830467 send_end=501830467 receive_end=501830473 connect_duration_ms=1 send_duration_ms=0 receive_duration_ms=6 total_duration_ms=8
[2026-02-02 22:49:48.378] [info] [spider.worker] [TIMING] worker_id=3cd5416e-e337-415b-9960-fb26f427746a task_id=none get_next_task request_start=501830576 connect_end=501830577 send_end=501830577 receive_end=501830586 connect_duration_ms=0 send_duration_ms=0 receive_duration_ms=9 total_duration_ms=10
[2026-02-02 22:49:48.484] [info] [spider.worker] [TIMING] worker_id=3cd5416e-e337-415b-9960-fb26f427746a task_id=none get_next_task request_start=501830688 connect_end=501830689 send_end=501830689 receive_end=501830692 connect_duration_ms=0 send_duration_ms=0 receive_duration_ms=3 total_duration_ms=3
[2026-02-02 22:49:48.590] [info] [spider.worker] [TIMING] worker_id=3cd5416e-e337-415b-9960-fb26f427746a task_id=none get_next_task request_start=501830794 connect_end=501830795 send_end=501830795 receive_end=501830798 connect_duration_ms=0 send_duration_ms=0 receive_duration_ms=3 total_duration_ms=4
[2026-02-02 22:49:48.695] [info] [spider.worker] [TIMING] worker_id=3cd5416e-e337-415b-9960-fb26f427746a task_id=none get_next_task request_start=501830900 connect_end=501830901 send_end=501830901 receive_end=501830904 connect_duration_ms=1 send_duration_ms=0 receive_duration_ms=2 total_duration_ms=3
[2026-02-02 22:49:48.802] [info] [spider.worker] [TIMING] worker_id=3cd5416e-e337-415b-9960-fb26f427746a task_id=none get_next_task request_start=501831007 connect_end=501831008 send_end=501831008 receive_end=501831011 connect_duration_ms=1 send_duration_ms=0 receive_duration_ms=2 total_duration_ms=4
[2026-02-02 22:49:48.909] [info] [spider.worker] [TIMING] worker_id=3cd5416e-e337-415b-9960-fb26f427746a task_id=none get_next_task request_start=501831114 connect_end=501831115 send_end=501831115 receive_end=501831118 connect_duration_ms=0 send_duration_ms=0 receive_duration_ms=2 total_duration_ms=3
[2026-02-02 22:49:49.015] [info] [spider.worker] [TIMING] worker_id=3cd5416e-e337-415b-9960-fb26f427746a task_id=none get_next_task request_start=501831221 connect_end=501831222 send_end=501831222 receive_end=501831224 connect_duration_ms=1 send_duration_ms=0 receive_duration_ms=1 total_duration_ms=3
[2026-02-02 22:49:49.120] [info] [spider.worker] [TIMING] worker_id=3cd5416e-e337-415b-9960-fb26f427746a task_id=none get_next_task request_start=501831326 connect_end=501831326 send_end=501831326 receive_end=501831329 connect_duration_ms=0 send_duration_ms=0 receive_duration_ms=2 total_duration_ms=3
[2026-02-02 22:49:49.224] [info] [spider.worker] [TIMING] worker_id=3cd5416e-e337-415b-9960-fb26f427746a task_id=none get_next_task request_start=501831430 connect_end=501831431 send_end=501831431 receive_end=501831433 connect_duration_ms=0 send_duration_ms=0 receive_duration_ms=1 total_duration_ms=2
[2026-02-02 22:49:49.329] [info] [spider.worker] [TIMING] worker_id=3cd5416e-e337-415b-9960-fb26f427746a task_id=none get_next_task request_start=501831534 connect_end=501831535 send_end=501831535 receive_end=501831538 connect_duration_ms=0 send_duration_ms=0 receive_duration_ms=2 total_duration_ms=3
[2026-02-02 22:49:49.435] [info] [spider.worker] [TIMING] worker_id=3cd5416e-e337-415b-9960-fb26f427746a task_id=none get_next_task request_start=501831640 connect_end=501831641 send_end=501831641 receive_end=501831644 connect_duration_ms=0 send_duration_ms=0 receive_duration_ms=2 total_duration_ms=3
[2026-02-02 22:49:49.540] [info] [spider.worker] [TIMING] worker_id=3cd5416e-e337-415b-9960-fb26f427746a task_id=none get_next_task request_start=501831746 connect_end=501831747 send_end=501831747 receive_end=501831748 connect_duration_ms=0 send_duration_ms=0 receive_duration_ms=1 total_duration_ms=2
[2026-02-02 22:49:49.645] [info] [spider.worker] [TIMING] worker_id=3cd5416e-e337-415b-9960-fb26f427746a task_id=none get_next_task request_start=501831851 connect_end=501831851 send_end=501831851 receive_end=501831853 connect_duration_ms=0 send_duration_ms=0 receive_duration_ms=1 total_duration_ms=2
[2026-02-02 22:49:49.754] [info] [spider.worker] [TIMING] worker_id=3cd5416e-e337-415b-9960-fb26f427746a task_id=none get_next_task request_start=501831955 connect_end=501831956 send_end=501831956 receive_end=501831962 connect_duration_ms=1 send_duration_ms=0 receive_duration_ms=6 total_duration_ms=7
[2026-02-02 22:49:49.861] [info] [spider.worker] [TIMING] worker_id=3cd5416e-e337-415b-9960-fb26f427746a task_id=none get_next_task request_start=501832065 connect_end=501832066 send_end=501832066 receive_end=501832069 connect_duration_ms=1 send_duration_ms=0 receive_duration_ms=3 total_duration_ms=4
[2026-02-02 22:49:49.968] [info] [spider.worker] [TIMING] worker_id=3cd5416e-e337-415b-9960-fb26f427746a task_id=none get_next_task request_start=501832172 connect_end=501832173 send_end=501832173 receive_end=501832176 connect_duration_ms=0 send_duration_ms=0 receive_duration_ms=3 total_duration_ms=4
[2026-02-02 22:49:50.075] [info] [spider.worker] [TIMING] worker_id=3cd5416e-e337-415b-9960-fb26f427746a task_id=none get_next_task request_start=501832278 connect_end=501832279 send_end=501832279 receive_end=501832283 connect_duration_ms=0 send_duration_ms=0 receive_duration_ms=3 total_duration_ms=4
[2026-02-02 22:49:50.182] [info] [spider.worker] [TIMING] worker_id=3cd5416e-e337-415b-9960-fb26f427746a task_id=none get_next_task request_start=501832386 connect_end=501832387 send_end=501832387 receive_end=501832390 connect_duration_ms=1 send_duration_ms=0 receive_duration_ms=3 total_duration_ms=4
[2026-02-02 22:49:50.289] [info] [spider.worker] [TIMING] worker_id=3cd5416e-e337-415b-9960-fb26f427746a task_id=none get_next_task request_start=501832492 connect_end=501832494 send_end=501832494 receive_end=501832497 connect_duration_ms=1 send_duration_ms=0 receive_duration_ms=3 total_duration_ms=4
[2026-02-02 22:49:50.395] [info] [spider.worker] [TIMING] worker_id=3cd5416e-e337-415b-9960-fb26f427746a task_id=none get_next_task request_start=501832599 connect_end=501832600 send_end=501832600 receive_end=501832603 connect_duration_ms=1 send_duration_ms=0 receive_duration_ms=2 total_duration_ms=3
[2026-02-02 22:49:50.502] [info] [spider.worker] [TIMING] worker_id=3cd5416e-e337-415b-9960-fb26f427746a task_id=none get_next_task request_start=501832706 connect_end=501832707 send_end=501832707 receive_end=501832710 connect_duration_ms=0 send_duration_ms=0 receive_duration_ms=3 total_duration_ms=4
[2026-02-02 22:49:50.608] [info] [spider.worker] [TIMING] worker_id=3cd5416e-e337-415b-9960-fb26f427746a task_id=none get_next_task request_start=501832812 connect_end=501832813 send_end=501832813 receive_end=501832816 connect_duration_ms=1 send_duration_ms=0 receive_duration_ms=2 total_duration_ms=4
[2026-02-02 22:49:50.716] [info] [spider.worker] [TIMING] worker_id=3cd5416e-e337-415b-9960-fb26f427746a task_id=none get_next_task request_start=501832919 connect_end=501832920 send_end=501832921 receive_end=501832924 connect_duration_ms=1 send_duration_ms=0 receive_duration_ms=3 total_duration_ms=4
[2026-02-02 22:49:50.826] [info] [spider.worker] [TIMING] worker_id=3cd5416e-e337-415b-9960-fb26f427746a task_id=none get_next_task request_start=501833027 connect_end=501833028 send_end=501833028 receive_end=501833034 connect_duration_ms=1 send_duration_ms=0 receive_duration_ms=6 total_duration_ms=7
[2026-02-02 22:49:50.930] [info] [spider.worker] [TIMING] worker_id=3cd5416e-e337-415b-9960-fb26f427746a task_id=none get_next_task request_start=501833136 connect_end=501833137 send_end=501833137 receive_end=501833139 connect_duration_ms=0 send_duration_ms=0 receive_duration_ms=1 total_duration_ms=2
[2026-02-02 22:49:51.036] [info] [spider.worker] [TIMING] worker_id=3cd5416e-e337-415b-9960-fb26f427746a task_id=none get_next_task request_start=501833241 connect_end=501833242 send_end=501833242 receive_end=501833244 connect_duration_ms=1 send_duration_ms=0 receive_duration_ms=1 total_duration_ms=2
[2026-02-02 22:49:51.141] [info] [spider.worker] [TIMING] worker_id=3cd5416e-e337-415b-9960-fb26f427746a task_id=none get_next_task request_start=501833346 connect_end=501833348 send_end=501833348 receive_end=501833350 connect_duration_ms=1 send_duration_ms=0 receive_duration_ms=1 total_duration_ms=3
[2026-02-02 22:49:51.247] [info] [spider.worker] [TIMING] worker_id=3cd5416e-e337-415b-9960-fb26f427746a task_id=none get_next_task request_start=501833452 connect_end=501833453 send_end=501833453 receive_end=501833455 connect_duration_ms=1 send_duration_ms=0 receive_duration_ms=2 total_duration_ms=3
[2026-02-02 22:49:51.353] [info] [spider.worker] [TIMING] worker_id=3cd5416e-e337-415b-9960-fb26f427746a task_id=none get_next_task request_start=501833558 connect_end=501833559 send_end=501833559 receive_end=501833561 connect_duration_ms=1 send_duration_ms=0 receive_duration_ms=2 total_duration_ms=3
[2026-02-02 22:49:51.460] [info] [spider.worker] [TIMING] worker_id=3cd5416e-e337-415b-9960-fb26f427746a task_id=none get_next_task request_start=501833664 connect_end=501833665 send_end=501833665 receive_end=501833669 connect_duration_ms=1 send_duration_ms=0 receive_duration_ms=3 total_duration_ms=4
[2026-02-02 22:49:51.567] [info] [spider.worker] [TIMING] worker_id=3cd5416e-e337-415b-9960-fb26f427746a task_id=none get_next_task request_start=501833771 connect_end=501833772 send_end=501833772 receive_end=501833775 connect_duration_ms=1 send_duration_ms=0 receive_duration_ms=2 total_duration_ms=4
[2026-02-02 22:49:51.674] [info] [spider.worker] [TIMING] worker_id=3cd5416e-e337-415b-9960-fb26f427746a task_id=none get_next_task request_start=501833878 connect_end=501833879 send_end=501833879 receive_end=501833882 connect_duration_ms=1 send_duration_ms=0 receive_duration_ms=2 total_duration_ms=3
[2026-02-02 22:49:51.780] [info] [spider.worker] [TIMING] worker_id=3cd5416e-e337-415b-9960-fb26f427746a task_id=none get_next_task request_start=501833985 connect_end=501833986 send_end=501833986 receive_end=501833989 connect_duration_ms=1 send_duration_ms=0 receive_duration_ms=2 total_duration_ms=4
[2026-02-02 22:49:51.887] [info] [spider.worker] [TIMING] worker_id=3cd5416e-e337-415b-9960-fb26f427746a task_id=none get_next_task request_start=501834091 connect_end=501834092 send_end=501834092 receive_end=501834095 connect_duration_ms=1 send_duration_ms=0 receive_duration_ms=3 total_duration_ms=4
[2026-02-02 22:49:51.994] [info] [spider.worker] [TIMING] worker_id=3cd5416e-e337-415b-9960-fb26f427746a task_id=none get_next_task request_start=501834198 connect_end=501834199 send_end=501834199 receive_end=501834202 connect_duration_ms=1 send_duration_ms=0 receive_duration_ms=2 total_duration_ms=4
[2026-02-02 22:49:52.101] [info] [spider.worker] [TIMING] worker_id=3cd5416e-e337-415b-9960-fb26f427746a task_id=none get_next_task request_start=501834305 connect_end=501834306 send_end=501834306 receive_end=501834309 connect_duration_ms=1 send_duration_ms=0 receive_duration_ms=2 total_duration_ms=4
[2026-02-02 22:49:52.207] [info] [spider.worker] [TIMING] worker_id=3cd5416e-e337-415b-9960-fb26f427746a task_id=none get_next_task request_start=501834412 connect_end=501834413 send_end=501834413 receive_end=501834416 connect_duration_ms=1 send_duration_ms=0 receive_duration_ms=2 total_duration_ms=4
[2026-02-02 22:49:52.314] [info] [spider.worker] [TIMING] worker_id=3cd5416e-e337-415b-9960-fb26f427746a task_id=none get_next_task request_start=501834518 connect_end=501834519 send_end=501834519 receive_end=501834522 connect_duration_ms=1 send_duration_ms=0 receive_duration_ms=3 total_duration_ms=4
[2026-02-02 22:49:52.424] [info] [spider.worker] [TIMING] worker_id=3cd5416e-e337-415b-9960-fb26f427746a task_id=none get_next_task request_start=501834625 connect_end=501834626 send_end=501834626 receive_end=501834632 connect_duration_ms=1 send_duration_ms=0 receive_duration_ms=6 total_duration_ms=7
[2026-02-02 22:49:52.532] [info] [spider.worker] [TIMING] worker_id=3cd5416e-e337-415b-9960-fb26f427746a task_id=none get_next_task request_start=501834735 connect_end=501834736 send_end=501834736 receive_end=501834740 connect_duration_ms=0 send_duration_ms=0 receive_duration_ms=4 total_duration_ms=5
[2026-02-02 22:49:52.639] [info] [spider.worker] [TIMING] worker_id=3cd5416e-e337-415b-9960-fb26f427746a task_id=none get_next_task request_start=501834842 connect_end=501834843 send_end=501834843 receive_end=501834847 connect_duration_ms=0 send_duration_ms=0 receive_duration_ms=4 total_duration_ms=4
[2026-02-02 22:49:52.747] [info] [spider.worker] [TIMING] worker_id=3cd5416e-e337-415b-9960-fb26f427746a task_id=none get_next_task request_start=501834950 connect_end=501834951 send_end=501834951 receive_end=501834955 connect_duration_ms=1 send_duration_ms=0 receive_duration_ms=4 total_duration_ms=5
[2026-02-02 22:49:52.854] [info] [spider.worker] [TIMING] worker_id=3cd5416e-e337-415b-9960-fb26f427746a task_id=none get_next_task request_start=501835058 connect_end=501835059 send_end=501835059 receive_end=501835063 connect_duration_ms=1 send_duration_ms=0 receive_duration_ms=3 total_duration_ms=4
[2026-02-02 22:49:52.961] [info] [spider.worker] [TIMING] worker_id=3cd5416e-e337-415b-9960-fb26f427746a task_id=none get_next_task request_start=501835165 connect_end=501835166 send_end=501835166 receive_end=501835170 connect_duration_ms=0 send_duration_ms=0 receive_duration_ms=3 total_duration_ms=4
[2026-02-02 22:49:53.067] [info] [spider.worker] [TIMING] worker_id=3cd5416e-e337-415b-9960-fb26f427746a task_id=none get_next_task request_start=501835272 connect_end=501835273 send_end=501835273 receive_end=501835276 connect_duration_ms=0 send_duration_ms=0 receive_duration_ms=2 total_duration_ms=3
[2026-02-02 22:49:53.174] [info] [spider.worker] [TIMING] worker_id=3cd5416e-e337-415b-9960-fb26f427746a task_id=none get_next_task request_start=501835378 connect_end=501835379 send_end=501835379 receive_end=501835382 connect_duration_ms=0 send_duration_ms=0 receive_duration_ms=2 total_duration_ms=4
[2026-02-02 22:49:53.280] [info] [spider.worker] [TIMING] worker_id=3cd5416e-e337-415b-9960-fb26f427746a task_id=none get_next_task request_start=501835484 connect_end=501835485 send_end=501835485 receive_end=501835489 connect_duration_ms=0 send_duration_ms=0 receive_duration_ms=4 total_duration_ms=4
[2026-02-02 22:49:53.387] [info] [spider.worker] [TIMING] worker_id=3cd5416e-e337-415b-9960-fb26f427746a task_id=none get_next_task request_start=501835591 connect_end=501835592 send_end=501835593 receive_end=501835595 connect_duration_ms=1 send_duration_ms=0 receive_duration_ms=2 total_duration_ms=4
[2026-02-02 22:49:53.494] [info] [spider.worker] [TIMING] worker_id=3cd5416e-e337-415b-9960-fb26f427746a task_id=none get_next_task request_start=501835697 connect_end=501835698 send_end=501835698 receive_end=501835702 connect_duration_ms=1 send_duration_ms=0 receive_duration_ms=3 total_duration_ms=4
[2026-02-02 22:49:53.602] [info] [spider.worker] [TIMING] worker_id=3cd5416e-e337-415b-9960-fb26f427746a task_id=none get_next_task request_start=501835805 connect_end=501835806 send_end=501835806 receive_end=501835810 connect_duration_ms=1 send_duration_ms=0 receive_duration_ms=4 total_duration_ms=5
[2026-02-02 22:49:53.709] [info] [spider.worker] [TIMING] worker_id=3cd5416e-e337-415b-9960-fb26f427746a task_id=none get_next_task request_start=501835913 connect_end=501835914 send_end=501835914 receive_end=501835917 connect_duration_ms=1 send_duration_ms=0 receive_duration_ms=3 total_duration_ms=4
[2026-02-02 22:49:53.816] [info] [spider.worker] [TIMING] worker_id=3cd5416e-e337-415b-9960-fb26f427746a task_id=none get_next_task request_start=501836020 connect_end=501836021 send_end=501836021 receive_end=501836025 connect_duration_ms=1 send_duration_ms=0 receive_duration_ms=3 total_duration_ms=4
[2026-02-02 22:49:53.924] [info] [spider.worker] [TIMING] worker_id=3cd5416e-e337-415b-9960-fb26f427746a task_id=none get_next_task request_start=501836127 connect_end=501836128 send_end=501836128 receive_end=501836133 connect_duration_ms=1 send_duration_ms=0 receive_duration_ms=4 total_duration_ms=5
[2026-02-02 22:49:54.032] [info] [spider.worker] [TIMING] worker_id=3cd5416e-e337-415b-9960-fb26f427746a task_id=none get_next_task request_start=501836235 connect_end=501836236 send_end=501836236 receive_end=501836240 connect_duration_ms=1 send_duration_ms=0 receive_duration_ms=3 total_duration_ms=4
[2026-02-02 22:49:54.139] [info] [spider.worker] [TIMING] worker_id=3cd5416e-e337-415b-9960-fb26f427746a task_id=none get_next_task request_start=501836343 connect_end=501836344 send_end=501836344 receive_end=501836348 connect_duration_ms=1 send_duration_ms=0 receive_duration_ms=3 total_duration_ms=4
[2026-02-02 22:49:54.247] [info] [spider.worker] [TIMING] worker_id=3cd5416e-e337-415b-9960-fb26f427746a task_id=none get_next_task request_start=501836450 connect_end=501836452 send_end=501836452 receive_end=501836455 connect_duration_ms=1 send_duration_ms=0 receive_duration_ms=3 total_duration_ms=5
[2026-02-02 22:49:54.354] [info] [spider.worker] [TIMING] worker_id=3cd5416e-e337-415b-9960-fb26f427746a task_id=none get_next_task request_start=501836558 connect_end=501836559 send_end=501836559 receive_end=501836562 connect_duration_ms=1 send_duration_ms=0 receive_duration_ms=3 total_duration_ms=4
[2026-02-02 22:49:54.462] [info] [spider.worker] [TIMING] worker_id=3cd5416e-e337-415b-9960-fb26f427746a task_id=none get_next_task request_start=501836665 connect_end=501836667 send_end=501836667 receive_end=501836670 connect_duration_ms=1 send_duration_ms=0 receive_duration_ms=3 total_duration_ms=4
[2026-02-02 22:49:54.568] [info] [spider.worker] [TIMING] worker_id=3cd5416e-e337-415b-9960-fb26f427746a task_id=none get_next_task request_start=501836773 connect_end=501836774 send_end=501836774 receive_end=501836777 connect_duration_ms=1 send_duration_ms=0 receive_duration_ms=3 total_duration_ms=4
[2026-02-02 22:49:54.675] [info] [spider.worker] [TIMING] worker_id=3cd5416e-e337-415b-9960-fb26f427746a task_id=none get_next_task request_start=501836879 connect_end=501836880 send_end=501836880 receive_end=501836883 connect_duration_ms=1 send_duration_ms=0 receive_duration_ms=2 total_duration_ms=3
[2026-02-02 22:49:54.786] [info] [spider.worker] [TIMING] worker_id=3cd5416e-e337-415b-9960-fb26f427746a task_id=none get_next_task request_start=501836986 connect_end=501836987 send_end=501836987 receive_end=501836994 connect_duration_ms=1 send_duration_ms=0 receive_duration_ms=7 total_duration_ms=8
[2026-02-02 22:49:54.895] [info] [spider.worker] [TIMING] worker_id=3cd5416e-e337-415b-9960-fb26f427746a task_id=none get_next_task request_start=501837097 connect_end=501837098 send_end=501837098 receive_end=501837103 connect_duration_ms=1 send_duration_ms=0 receive_duration_ms=5 total_duration_ms=6
[2026-02-02 22:49:55.003] [info] [spider.worker] [TIMING] worker_id=3cd5416e-e337-415b-9960-fb26f427746a task_id=none get_next_task request_start=501837206 connect_end=501837207 send_end=501837207 receive_end=501837211 connect_duration_ms=1 send_duration_ms=0 receive_duration_ms=4 total_duration_ms=5
[2026-02-02 22:49:55.110] [info] [spider.worker] [TIMING] worker_id=3cd5416e-e337-415b-9960-fb26f427746a task_id=none get_next_task request_start=501837314 connect_end=501837315 send_end=501837315 receive_end=501837319 connect_duration_ms=1 send_duration_ms=0 receive_duration_ms=3 total_duration_ms=4
[2026-02-02 22:49:55.216] [info] [spider.worker] [TIMING] worker_id=3cd5416e-e337-415b-9960-fb26f427746a task_id=none get_next_task request_start=501837421 connect_end=501837422 send_end=501837422 receive_end=501837425 connect_duration_ms=1 send_duration_ms=0 receive_duration_ms=2 total_duration_ms=3
[2026-02-02 22:49:55.324] [info] [spider.worker] [TIMING] worker_id=3cd5416e-e337-415b-9960-fb26f427746a task_id=none get_next_task request_start=501837527 connect_end=501837528 send_end=501837528 receive_end=501837533 connect_duration_ms=1 send_duration_ms=0 receive_duration_ms=4 total_duration_ms=5
[2026-02-02 22:49:55.432] [info] [spider.worker] [TIMING] worker_id=3cd5416e-e337-415b-9960-fb26f427746a task_id=none get_next_task request_start=501837635 connect_end=501837636 send_end=501837636 receive_end=501837640 connect_duration_ms=1 send_duration_ms=0 receive_duration_ms=4 total_duration_ms=5
[2026-02-02 22:49:55.538] [info] [spider.worker] [TIMING] worker_id=3cd5416e-e337-415b-9960-fb26f427746a task_id=none get_next_task request_start=501837743 connect_end=501837744 send_end=501837744 receive_end=501837746 connect_duration_ms=1 send_duration_ms=0 receive_duration_ms=2 total_duration_ms=3
[2026-02-02 22:49:55.646] [info] [spider.worker] [TIMING] worker_id=3cd5416e-e337-415b-9960-fb26f427746a task_id=none get_next_task request_start=501837849 connect_end=501837850 send_end=501837851 receive_end=501837854 connect_duration_ms=1 send_duration_ms=0 receive_duration_ms=3 total_duration_ms=5
[2026-02-02 22:49:55.766] [info] [spider.worker] [TIMING] worker_id=3cd5416e-e337-415b-9960-fb26f427746a task_id=none get_next_task request_start=501837962 connect_end=501837963 send_end=501837963 receive_end=501837974 connect_duration_ms=1 send_duration_ms=0 receive_duration_ms=10 total_duration_ms=12
[2026-02-02 22:49:55.871] [info] [spider.worker] [TIMING] worker_id=3cd5416e-e337-415b-9960-fb26f427746a task_id=none get_next_task request_start=501838076 connect_end=501838078 send_end=501838078 receive_end=501838079 connect_duration_ms=1 send_duration_ms=0 receive_duration_ms=1 total_duration_ms=2
[2026-02-02 22:49:55.979] [info] [spider.worker] [TIMING] worker_id=3cd5416e-e337-415b-9960-fb26f427746a task_id=none get_next_task request_start=501838182 connect_end=501838183 send_end=501838183 receive_end=501838187 connect_duration_ms=1 send_duration_ms=0 receive_duration_ms=3 total_duration_ms=4
[2026-02-02 22:49:56.082] [info] [spider.worker] [TIMING] worker_id=3cd5416e-e337-415b-9960-fb26f427746a task_id=none get_next_task request_start=501838288 connect_end=501838289 send_end=501838289 receive_end=501838290 connect_duration_ms=0 send_duration_ms=0 receive_duration_ms=1 total_duration_ms=2
[2026-02-02 22:49:56.187] [info] [spider.worker] [TIMING] worker_id=3cd5416e-e337-415b-9960-fb26f427746a task_id=none get_next_task request_start=501838392 connect_end=501838393 send_end=501838393 receive_end=501838395 connect_duration_ms=0 send_duration_ms=0 receive_duration_ms=2 total_duration_ms=3
[2026-02-02 22:49:56.293] [info] [spider.worker] [TIMING] worker_id=3cd5416e-e337-415b-9960-fb26f427746a task_id=none get_next_task request_start=501838497 connect_end=501838498 send_end=501838498 receive_end=501838501 connect_duration_ms=0 send_duration_ms=0 receive_duration_ms=3 total_duration_ms=3
[2026-02-02 22:49:56.399] [info] [spider.worker] [TIMING] worker_id=3cd5416e-e337-415b-9960-fb26f427746a task_id=none get_next_task request_start=501838603 connect_end=501838604 send_end=501838604 receive_end=501838608 connect_duration_ms=0 send_duration_ms=0 receive_duration_ms=3 total_duration_ms=4
[2026-02-02 22:49:56.503] [info] [spider.worker] [TIMING] worker_id=3cd5416e-e337-415b-9960-fb26f427746a task_id=none get_next_task request_start=501838709 connect_end=501838710 send_end=501838710 receive_end=501838711 connect_duration_ms=0 send_duration_ms=0 receive_duration_ms=1 total_duration_ms=2
[2026-02-02 22:49:56.607] [info] [spider.worker] [TIMING] worker_id=3cd5416e-e337-415b-9960-fb26f427746a task_id=none get_next_task request_start=501838813 connect_end=501838814 send_end=501838814 receive_end=501838816 connect_duration_ms=1 send_duration_ms=0 receive_duration_ms=1 total_duration_ms=2
[2026-02-02 22:49:56.712] [info] [spider.worker] [TIMING] worker_id=3cd5416e-e337-415b-9960-fb26f427746a task_id=none get_next_task request_start=501838918 connect_end=501838919 send_end=501838919 receive_end=501838921 connect_duration_ms=0 send_duration_ms=0 receive_duration_ms=1 total_duration_ms=2
[2026-02-02 22:49:56.819] [info] [spider.worker] [TIMING] worker_id=3cd5416e-e337-415b-9960-fb26f427746a task_id=none get_next_task request_start=501839023 connect_end=501839024 send_end=501839024 receive_end=501839027 connect_duration_ms=1 send_duration_ms=0 receive_duration_ms=2 total_duration_ms=4
[2026-02-02 22:49:56.925] [info] [spider.worker] [TIMING] worker_id=3cd5416e-e337-415b-9960-fb26f427746a task_id=none get_next_task request_start=501839130 connect_end=501839131 send_end=501839131 receive_end=501839133 connect_duration_ms=1 send_duration_ms=0 receive_duration_ms=2 total_duration_ms=3
[2026-02-02 22:49:57.032] [info] [spider.worker] [TIMING] worker_id=3cd5416e-e337-415b-9960-fb26f427746a task_id=none get_next_task request_start=501839236 connect_end=501839237 send_end=501839237 receive_end=501839240 connect_duration_ms=1 send_duration_ms=0 receive_duration_ms=2 total_duration_ms=3
[2026-02-02 22:49:57.138] [info] [spider.worker] [TIMING] worker_id=3cd5416e-e337-415b-9960-fb26f427746a task_id=none get_next_task request_start=501839342 connect_end=501839344 send_end=501839344 receive_end=501839347 connect_duration_ms=1 send_duration_ms=0 receive_duration_ms=2 total_duration_ms=4
[2026-02-02 22:49:57.245] [info] [spider.worker] [TIMING] worker_id=3cd5416e-e337-415b-9960-fb26f427746a task_id=none get_next_task request_start=501839449 connect_end=501839451 send_end=501839451 receive_end=501839454 connect_duration_ms=1 send_duration_ms=0 receive_duration_ms=3 total_duration_ms=4
[2026-02-02 22:49:57.352] [info] [spider.worker] [TIMING] worker_id=3cd5416e-e337-415b-9960-fb26f427746a task_id=none get_next_task request_start=501839556 connect_end=501839557 send_end=501839557 receive_end=501839560 connect_duration_ms=1 send_duration_ms=0 receive_duration_ms=2 total_duration_ms=4
[2026-02-02 22:49:57.458] [info] [spider.worker] [TIMING] worker_id=3cd5416e-e337-415b-9960-fb26f427746a task_id=none get_next_task request_start=501839662 connect_end=501839663 send_end=501839663 receive_end=501839666 connect_duration_ms=1 send_duration_ms=0 receive_duration_ms=3 total_duration_ms=4
[2026-02-02 22:49:57.565] [info] [spider.worker] [TIMING] worker_id=3cd5416e-e337-415b-9960-fb26f427746a task_id=none get_next_task request_start=501839769 connect_end=501839770 send_end=501839770 receive_end=501839773 connect_duration_ms=1 send_duration_ms=0 receive_duration_ms=3 total_duration_ms=4
[2026-02-02 22:49:57.672] [info] [spider.worker] [TIMING] worker_id=3cd5416e-e337-415b-9960-fb26f427746a task_id=none get_next_task request_start=501839875 connect_end=501839876 send_end=501839876 receive_end=501839880 connect_duration_ms=1 send_duration_ms=0 receive_duration_ms=3 total_duration_ms=4
[2026-02-02 22:49:57.778] [info] [spider.worker] [TIMING] worker_id=3cd5416e-e337-415b-9960-fb26f427746a task_id=none get_next_task request_start=501839982 connect_end=501839983 send_end=501839983 receive_end=501839986 connect_duration_ms=1 send_duration_ms=0 receive_duration_ms=2 total_duration_ms=4
[2026-02-02 22:49:57.884] [info] [spider.worker] [TIMING] worker_id=3cd5416e-e337-415b-9960-fb26f427746a task_id=none get_next_task request_start=501840089 connect_end=501840090 send_end=501840090 receive_end=501840093 connect_duration_ms=1 send_duration_ms=0 receive_duration_ms=2 total_duration_ms=3
[2026-02-02 22:49:57.991] [info] [spider.worker] [TIMING] worker_id=3cd5416e-e337-415b-9960-fb26f427746a task_id=none get_next_task request_start=501840195 connect_end=501840196 send_end=501840196 receive_end=501840199 connect_duration_ms=1 send_duration_ms=0 receive_duration_ms=3 total_duration_ms=4
[2026-02-02 22:49:58.096] [info] [spider.worker] [TIMING] worker_id=3cd5416e-e337-415b-9960-fb26f427746a task_id=none get_next_task request_start=501840302 connect_end=501840303 send_end=501840303 receive_end=501840304 connect_duration_ms=0 send_duration_ms=0 receive_duration_ms=1 total_duration_ms=2
[2026-02-02 22:49:58.203] [info] [spider.worker] [TIMING] worker_id=3cd5416e-e337-415b-9960-fb26f427746a task_id=none get_next_task request_start=501840407 connect_end=501840408 send_end=501840408 receive_end=501840412 connect_duration_ms=1 send_duration_ms=0 receive_duration_ms=4 total_duration_ms=5
[2026-02-02 22:49:58.312] [info] [spider.worker] [TIMING] worker_id=3cd5416e-e337-415b-9960-fb26f427746a task_id=none get_next_task request_start=501840514 connect_end=501840516 send_end=501840516 receive_end=501840520 connect_duration_ms=1 send_duration_ms=0 receive_duration_ms=4 total_duration_ms=5
[2026-02-02 22:49:58.416] [info] [spider.worker] [TIMING] worker_id=3cd5416e-e337-415b-9960-fb26f427746a task_id=none get_next_task request_start=501840622 connect_end=501840623 send_end=501840623 receive_end=501840624 connect_duration_ms=0 send_duration_ms=0 receive_duration_ms=1 total_duration_ms=2
[2026-02-02 22:49:58.520] [info] [spider.worker] [TIMING] worker_id=3cd5416e-e337-415b-9960-fb26f427746a task_id=none get_next_task request_start=501840726 connect_end=501840726 send_end=501840726 receive_end=501840728 connect_duration_ms=0 send_duration_ms=0 receive_duration_ms=1 total_duration_ms=2
[2026-02-02 22:49:58.628] [info] [spider.worker] [TIMING] worker_id=3cd5416e-e337-415b-9960-fb26f427746a task_id=none get_next_task request_start=501840830 connect_end=501840831 send_end=501840831 receive_end=501840837 connect_duration_ms=0 send_duration_ms=0 receive_duration_ms=5 total_duration_ms=6
[2026-02-02 22:49:58.735] [info] [spider.worker] [TIMING] worker_id=3cd5416e-e337-415b-9960-fb26f427746a task_id=none get_next_task request_start=501840939 connect_end=501840940 send_end=501840940 receive_end=501840943 connect_duration_ms=1 send_duration_ms=0 receive_duration_ms=3 total_duration_ms=4
[2026-02-02 22:49:58.843] [info] [spider.worker] [TIMING] worker_id=3cd5416e-e337-415b-9960-fb26f427746a task_id=none get_next_task request_start=501841046 connect_end=501841048 send_end=501841048 receive_end=501841051 connect_duration_ms=1 send_duration_ms=0 receive_duration_ms=3 total_duration_ms=4
[2026-02-02 22:49:58.950] [info] [spider.worker] [TIMING] worker_id=3cd5416e-e337-415b-9960-fb26f427746a task_id=none get_next_task request_start=501841154 connect_end=501841155 send_end=501841155 receive_end=501841158 connect_duration_ms=1 send_duration_ms=0 receive_duration_ms=3 total_duration_ms=4
[2026-02-02 22:49:59.058] [info] [spider.worker] [TIMING] worker_id=3cd5416e-e337-415b-9960-fb26f427746a task_id=none get_next_task request_start=501841261 connect_end=501841262 send_end=501841262 receive_end=501841266 connect_duration_ms=1 send_duration_ms=0 receive_duration_ms=4 total_duration_ms=5
[2026-02-02 22:49:59.165] [info] [spider.worker] [TIMING] worker_id=3cd5416e-e337-415b-9960-fb26f427746a task_id=none get_next_task request_start=501841368 connect_end=501841370 send_end=501841370 receive_end=501841373 connect_duration_ms=1 send_duration_ms=0 receive_duration_ms=3 total_duration_ms=4
[2026-02-02 22:49:59.272] [info] [spider.worker] [TIMING] worker_id=3cd5416e-e337-415b-9960-fb26f427746a task_id=none get_next_task request_start=501841476 connect_end=501841477 send_end=501841477 receive_end=501841481 connect_duration_ms=1 send_duration_ms=0 receive_duration_ms=3 total_duration_ms=4
[2026-02-02 22:49:59.379] [info] [spider.worker] [TIMING] worker_id=3cd5416e-e337-415b-9960-fb26f427746a task_id=none get_next_task request_start=501841583 connect_end=501841584 send_end=501841585 receive_end=501841588 connect_duration_ms=1 send_duration_ms=0 receive_duration_ms=3 total_duration_ms=4
[2026-02-02 22:49:59.483] [info] [spider.worker] [TIMING] worker_id=3cd5416e-e337-415b-9960-fb26f427746a task_id=none get_next_task request_start=501841689 connect_end=501841690 send_end=501841690 receive_end=501841692 connect_duration_ms=0 send_duration_ms=0 receive_duration_ms=1 total_duration_ms=2
[2026-02-02 22:49:59.587] [info] [spider.worker] [TIMING] worker_id=3cd5416e-e337-415b-9960-fb26f427746a task_id=none get_next_task request_start=501841793 connect_end=501841794 send_end=501841794 receive_end=501841795 connect_duration_ms=0 send_duration_ms=0 receive_duration_ms=1 total_duration_ms=2
[2026-02-02 22:49:59.696] [info] [spider.worker] [TIMING] worker_id=3cd5416e-e337-415b-9960-fb26f427746a task_id=none get_next_task request_start=501841897 connect_end=501841898 send_end=501841898 receive_end=501841904 connect_duration_ms=0 send_duration_ms=0 receive_duration_ms=6 total_duration_ms=7
[2026-02-02 22:49:59.803] [info] [spider.worker] [TIMING] worker_id=3cd5416e-e337-415b-9960-fb26f427746a task_id=none get_next_task request_start=501842006 connect_end=501842007 send_end=501842007 receive_end=501842011 connect_duration_ms=0 send_duration_ms=0 receive_duration_ms=4 total_duration_ms=5
[2026-02-02 22:49:59.909] [info] [spider.worker] [TIMING] worker_id=3cd5416e-e337-415b-9960-fb26f427746a task_id=none get_next_task request_start=501842114 connect_end=501842115 send_end=501842115 receive_end=501842117 connect_duration_ms=1 send_duration_ms=0 receive_duration_ms=2 total_duration_ms=3
[2026-02-02 22:50:00.017] [info] [spider.worker] [TIMING] worker_id=3cd5416e-e337-415b-9960-fb26f427746a task_id=none get_next_task request_start=501842220 connect_end=501842221 send_end=501842221 receive_end=501842225 connect_duration_ms=1 send_duration_ms=0 receive_duration_ms=4 total_duration_ms=5
[2026-02-02 22:50:00.123] [info] [spider.worker] [TIMING] worker_id=3cd5416e-e337-415b-9960-fb26f427746a task_id=none get_next_task request_start=501842327 connect_end=501842328 send_end=501842328 receive_end=501842331 connect_duration_ms=1 send_duration_ms=0 receive_duration_ms=2 total_duration_ms=4
[2026-02-02 22:50:00.233] [info] [spider.worker] [TIMING] worker_id=3cd5416e-e337-415b-9960-fb26f427746a task_id=none get_next_task request_start=501842434 connect_end=501842435 send_end=501842435 receive_end=501842441 connect_duration_ms=1 send_duration_ms=0 receive_duration_ms=6 total_duration_ms=7
[2026-02-02 22:50:00.340] [info] [spider.worker] [TIMING] worker_id=3cd5416e-e337-415b-9960-fb26f427746a task_id=none get_next_task request_start=501842544 connect_end=501842544 send_end=501842544 receive_end=501842548 connect_duration_ms=0 send_duration_ms=0 receive_duration_ms=3 total_duration_ms=4
[2026-02-02 22:50:00.447] [info] [spider.worker] [TIMING] worker_id=3cd5416e-e337-415b-9960-fb26f427746a task_id=none get_next_task request_start=501842651 connect_end=501842652 send_end=501842652 receive_end=501842655 connect_duration_ms=1 send_duration_ms=0 receive_duration_ms=2 total_duration_ms=4
[2026-02-02 22:50:00.554] [info] [spider.worker] [TIMING] worker_id=3cd5416e-e337-415b-9960-fb26f427746a task_id=none get_next_task request_start=501842758 connect_end=501842759 send_end=501842759 receive_end=501842762 connect_duration_ms=1 send_duration_ms=0 receive_duration_ms=3 total_duration_ms=4
[2026-02-02 22:50:00.670] [info] [spider.worker] [TIMING] worker_id=3cd5416e-e337-415b-9960-fb26f427746a task_id=none get_next_task request_start=501842865 connect_end=501842866 send_end=501842866 receive_end=501842878 connect_duration_ms=1 send_duration_ms=0 receive_duration_ms=12 total_duration_ms=13
[2026-02-02 22:50:00.777] [info] [spider.worker] [TIMING] worker_id=3cd5416e-e337-415b-9960-fb26f427746a task_id=none get_next_task request_start=501842981 connect_end=501842982 send_end=501842982 receive_end=501842985 connect_duration_ms=1 send_duration_ms=0 receive_duration_ms=3 total_duration_ms=4
[2026-02-02 22:50:00.885] [info] [spider.worker] [TIMING] worker_id=3cd5416e-e337-415b-9960-fb26f427746a task_id=none get_next_task request_start=501843088 connect_end=501843089 send_end=501843089 receive_end=501843094 connect_duration_ms=0 send_duration_ms=0 receive_duration_ms=4 total_duration_ms=5
[2026-02-02 22:50:00.993] [info] [spider.worker] [TIMING] worker_id=3cd5416e-e337-415b-9960-fb26f427746a task_id=none get_next_task request_start=501843196 connect_end=501843197 send_end=501843197 receive_end=501843202 connect_duration_ms=1 send_duration_ms=0 receive_duration_ms=4 total_duration_ms=5
[2026-02-02 22:50:01.103] [info] [spider.worker] [TIMING] worker_id=3cd5416e-e337-415b-9960-fb26f427746a task_id=none get_next_task request_start=501843304 connect_end=501843305 send_end=501843305 receive_end=501843311 connect_duration_ms=1 send_duration_ms=0 receive_duration_ms=5 total_duration_ms=6
[2026-02-02 22:50:01.209] [info] [spider.worker] [TIMING] worker_id=3cd5416e-e337-415b-9960-fb26f427746a task_id=none get_next_task request_start=501843414 connect_end=501843415 send_end=501843415 receive_end=501843417 connect_duration_ms=0 send_duration_ms=0 receive_duration_ms=2 total_duration_ms=3
[2026-02-02 22:50:01.316] [info] [spider.worker] [TIMING] worker_id=3cd5416e-e337-415b-9960-fb26f427746a task_id=none get_next_task request_start=501843519 connect_end=501843521 send_end=501843521 receive_end=501843524 connect_duration_ms=1 send_duration_ms=0 receive_duration_ms=3 total_duration_ms=4
[2026-02-02 22:50:01.422] [info] [spider.worker] [TIMING] worker_id=3cd5416e-e337-415b-9960-fb26f427746a task_id=none get_next_task request_start=501843626 connect_end=501843627 send_end=501843627 receive_end=501843630 connect_duration_ms=1 send_duration_ms=0 receive_duration_ms=2 total_duration_ms=3
[2026-02-02 22:50:01.530] [info] [spider.worker] [TIMING] worker_id=3cd5416e-e337-415b-9960-fb26f427746a task_id=none get_next_task request_start=501843733 connect_end=501843734 send_end=501843734 receive_end=501843738 connect_duration_ms=1 send_duration_ms=0 receive_duration_ms=4 total_duration_ms=5
[2026-02-02 22:50:01.636] [info] [spider.worker] [TIMING] worker_id=3cd5416e-e337-415b-9960-fb26f427746a task_id=none get_next_task request_start=501843840 connect_end=501843842 send_end=501843842 receive_end=501843845 connect_duration_ms=1 send_duration_ms=0 receive_duration_ms=3 total_duration_ms=4
[2026-02-02 22:50:01.743] [info] [spider.worker] [TIMING] worker_id=3cd5416e-e337-415b-9960-fb26f427746a task_id=none get_next_task request_start=501843947 connect_end=501843948 send_end=501843948 receive_end=501843952 connect_duration_ms=1 send_duration_ms=0 receive_duration_ms=3 total_duration_ms=4
[2026-02-02 22:50:01.850] [info] [spider.worker] [TIMING] worker_id=3cd5416e-e337-415b-9960-fb26f427746a task_id=none get_next_task request_start=501844054 connect_end=501844055 send_end=501844055 receive_end=501844058 connect_duration_ms=0 send_duration_ms=0 receive_duration_ms=3 total_duration_ms=4
[2026-02-02 22:50:01.958] [info] [spider.worker] [TIMING] worker_id=3cd5416e-e337-415b-9960-fb26f427746a task_id=none get_next_task request_start=501844161 connect_end=501844162 send_end=501844162 receive_end=501844166 connect_duration_ms=1 send_duration_ms=0 receive_duration_ms=4 total_duration_ms=5
[2026-02-02 22:50:02.066] [info] [spider.worker] [TIMING] worker_id=3cd5416e-e337-415b-9960-fb26f427746a task_id=none get_next_task request_start=501844269 connect_end=501844270 send_end=501844270 receive_end=501844275 connect_duration_ms=1 send_duration_ms=0 receive_duration_ms=4 total_duration_ms=5
[2026-02-02 22:50:02.173] [info] [spider.worker] [TIMING] worker_id=3cd5416e-e337-415b-9960-fb26f427746a task_id=none get_next_task request_start=501844377 connect_end=501844379 send_end=501844379 receive_end=501844382 connect_duration_ms=1 send_duration_ms=0 receive_duration_ms=3 total_duration_ms=4
[2026-02-02 22:50:02.282] [info] [spider.worker] [TIMING] worker_id=3cd5416e-e337-415b-9960-fb26f427746a task_id=none get_next_task request_start=501844484 connect_end=501844485 send_end=501844485 receive_end=501844490 connect_duration_ms=1 send_duration_ms=0 receive_duration_ms=4 total_duration_ms=5
[2026-02-02 22:50:02.389] [info] [spider.worker] [TIMING] worker_id=3cd5416e-e337-415b-9960-fb26f427746a task_id=none get_next_task request_start=501844593 connect_end=501844594 send_end=501844594 receive_end=501844597 connect_duration_ms=1 send_duration_ms=0 receive_duration_ms=3 total_duration_ms=4
[2026-02-02 22:50:02.496] [info] [spider.worker] [TIMING] worker_id=3cd5416e-e337-415b-9960-fb26f427746a task_id=none get_next_task request_start=501844700 connect_end=501844701 send_end=501844701 receive_end=501844704 connect_duration_ms=1 send_duration_ms=0 receive_duration_ms=3 total_duration_ms=4
[2026-02-02 22:50:02.604] [info] [spider.worker] [TIMING] worker_id=3cd5416e-e337-415b-9960-fb26f427746a task_id=none get_next_task request_start=501844807 connect_end=501844808 send_end=501844808 receive_end=501844812 connect_duration_ms=1 send_duration_ms=0 receive_duration_ms=4 total_duration_ms=5
[2026-02-02 22:50:02.713] [info] [spider.worker] [TIMING] worker_id=3cd5416e-e337-415b-9960-fb26f427746a task_id=none get_next_task request_start=501844915 connect_end=501844916 send_end=501844916 receive_end=501844921 connect_duration_ms=1 send_duration_ms=0 receive_duration_ms=5 total_duration_ms=6
[2026-02-02 22:50:02.848] [info] [spider.worker] [TIMING] worker_id=3cd5416e-e337-415b-9960-fb26f427746a task_id=none get_next_task request_start=501845048 connect_end=501845049 send_end=501845049 receive_end=501845056 connect_duration_ms=1 send_duration_ms=0 receive_duration_ms=7 total_duration_ms=8
[2026-02-02 22:50:02.957] [info] [spider.worker] [TIMING] worker_id=3cd5416e-e337-415b-9960-fb26f427746a task_id=none get_next_task request_start=501845159 connect_end=501845160 send_end=501845161 receive_end=501845165 connect_duration_ms=1 send_duration_ms=0 receive_duration_ms=4 total_duration_ms=6
[2026-02-02 22:50:03.065] [info] [spider.worker] [TIMING] worker_id=3cd5416e-e337-415b-9960-fb26f427746a task_id=none get_next_task request_start=501845268 connect_end=501845269 send_end=501845269 receive_end=501845273 connect_duration_ms=1 send_duration_ms=0 receive_duration_ms=4 total_duration_ms=5
[2026-02-02 22:50:03.173] [info] [spider.worker] [TIMING] worker_id=3cd5416e-e337-415b-9960-fb26f427746a task_id=none get_next_task request_start=501845376 connect_end=501845377 send_end=501845377 receive_end=501845382 connect_duration_ms=1 send_duration_ms=0 receive_duration_ms=4 total_duration_ms=5
[2026-02-02 22:50:03.282] [info] [spider.worker] [TIMING] worker_id=3cd5416e-e337-415b-9960-fb26f427746a task_id=none get_next_task request_start=501845484 connect_end=501845486 send_end=501845486 receive_end=501845490 connect_duration_ms=1 send_duration_ms=0 receive_duration_ms=4 total_duration_ms=6
[2026-02-02 22:50:03.390] [info] [spider.worker] [TIMING] worker_id=3cd5416e-e337-415b-9960-fb26f427746a task_id=none get_next_task request_start=501845593 connect_end=501845595 send_end=501845595 receive_end=501845599 connect_duration_ms=1 send_duration_ms=0 receive_duration_ms=3 total_duration_ms=5
[2026-02-02 22:50:03.499] [info] [spider.worker] [TIMING] worker_id=3cd5416e-e337-415b-9960-fb26f427746a task_id=none get_next_task request_start=501845701 connect_end=501845702 send_end=501845702 receive_end=501845707 connect_duration_ms=1 send_duration_ms=0 receive_duration_ms=5 total_duration_ms=6
[2026-02-02 22:50:03.607] [info] [spider.worker] [TIMING] worker_id=3cd5416e-e337-415b-9960-fb26f427746a task_id=none get_next_task request_start=501845810 connect_end=501845811 send_end=501845811 receive_end=501845815 connect_duration_ms=1 send_duration_ms=0 receive_duration_ms=3 total_duration_ms=5
[2026-02-02 22:50:03.714] [info] [spider.worker] [TIMING] worker_id=3cd5416e-e337-415b-9960-fb26f427746a task_id=none get_next_task request_start=501845918 connect_end=501845919 send_end=501845919 receive_end=501845923 connect_duration_ms=1 send_duration_ms=0 receive_duration_ms=3 total_duration_ms=4
[2026-02-02 22:50:03.822] [info] [spider.worker] [TIMING] worker_id=3cd5416e-e337-415b-9960-fb26f427746a task_id=none get_next_task request_start=501846025 connect_end=501846027 send_end=501846027 receive_end=501846031 connect_duration_ms=1 send_duration_ms=0 receive_duration_ms=3 total_duration_ms=5
[2026-02-02 22:50:03.931] [info] [spider.worker] [TIMING] worker_id=3cd5416e-e337-415b-9960-fb26f427746a task_id=none get_next_task request_start=501846133 connect_end=501846135 send_end=501846135 receive_end=501846139 connect_duration_ms=1 send_duration_ms=0 receive_duration_ms=4 total_duration_ms=5
[2026-02-02 22:50:04.038] [info] [spider.worker] [TIMING] worker_id=3cd5416e-e337-415b-9960-fb26f427746a task_id=none get_next_task request_start=501846242 connect_end=501846243 send_end=501846243 receive_end=501846247 connect_duration_ms=1 send_duration_ms=0 receive_duration_ms=3 total_duration_ms=4
[2026-02-02 22:50:04.146] [info] [spider.worker] [TIMING] worker_id=3cd5416e-e337-415b-9960-fb26f427746a task_id=none get_next_task request_start=501846350 connect_end=501846351 send_end=501846351 receive_end=501846354 connect_duration_ms=1 send_duration_ms=0 receive_duration_ms=3 total_duration_ms=4
[2026-02-02 22:50:04.254] [info] [spider.worker] [TIMING] worker_id=3cd5416e-e337-415b-9960-fb26f427746a task_id=none get_next_task request_start=501846457 connect_end=501846458 send_end=501846458 receive_end=501846463 connect_duration_ms=1 send_duration_ms=0 receive_duration_ms=4 total_duration_ms=5
[2026-02-02 22:50:04.362] [info] [spider.worker] [TIMING] worker_id=3cd5416e-e337-415b-9960-fb26f427746a task_id=none get_next_task request_start=501846565 connect_end=501846567 send_end=501846567 receive_end=501846570 connect_duration_ms=1 send_duration_ms=0 receive_duration_ms=3 total_duration_ms=4
[2026-02-02 22:50:04.469] [info] [spider.worker] [TIMING] worker_id=3cd5416e-e337-415b-9960-fb26f427746a task_id=none get_next_task request_start=501846673 connect_end=501846674 send_end=501846674 receive_end=501846678 connect_duration_ms=1 send_duration_ms=0 receive_duration_ms=3 total_duration_ms=4
[2026-02-02 22:50:04.576] [info] [spider.worker] [TIMING] worker_id=3cd5416e-e337-415b-9960-fb26f427746a task_id=none get_next_task request_start=501846780 connect_end=501846781 send_end=501846781 receive_end=501846784 connect_duration_ms=1 send_duration_ms=0 receive_duration_ms=3 total_duration_ms=4
[2026-02-02 22:50:04.683] [info] [spider.worker] [TIMING] worker_id=3cd5416e-e337-415b-9960-fb26f427746a task_id=none get_next_task request_start=501846887 connect_end=501846888 send_end=501846888 receive_end=501846891 connect_duration_ms=0 send_duration_ms=0 receive_duration_ms=3 total_duration_ms=4
[2026-02-02 22:50:04.790] [info] [spider.worker] [TIMING] worker_id=3cd5416e-e337-415b-9960-fb26f427746a task_id=none get_next_task request_start=501846994 connect_end=501846995 send_end=501846995 receive_end=501846998 connect_duration_ms=1 send_duration_ms=0 receive_duration_ms=3 total_duration_ms=4
[2026-02-02 22:50:04.897] [info] [spider.worker] [TIMING] worker_id=3cd5416e-e337-415b-9960-fb26f427746a task_id=none get_next_task request_start=501847101 connect_end=501847102 send_end=501847102 receive_end=501847106 connect_duration_ms=1 send_duration_ms=0 receive_duration_ms=3 total_duration_ms=4
[2026-02-02 22:50:05.005] [info] [spider.worker] [TIMING] worker_id=3cd5416e-e337-415b-9960-fb26f427746a task_id=none get_next_task request_start=501847208 connect_end=501847210 send_end=501847210 receive_end=501847213 connect_duration_ms=1 send_duration_ms=0 receive_duration_ms=3 total_duration_ms=4
[2026-02-02 22:50:05.112] [info] [spider.worker] [TIMING] worker_id=3cd5416e-e337-415b-9960-fb26f427746a task_id=none get_next_task request_start=501847316 connect_end=501847317 send_end=501847317 receive_end=501847320 connect_duration_ms=1 send_duration_ms=0 receive_duration_ms=2 total_duration_ms=4
[2026-02-02 22:50:05.220] [info] [spider.worker] [TIMING] worker_id=3cd5416e-e337-415b-9960-fb26f427746a task_id=none get_next_task request_start=501847423 connect_end=501847424 send_end=501847424 receive_end=501847428 connect_duration_ms=1 send_duration_ms=0 receive_duration_ms=4 total_duration_ms=5
[2026-02-02 22:50:05.327] [info] [spider.worker] [TIMING] worker_id=3cd5416e-e337-415b-9960-fb26f427746a task_id=none get_next_task request_start=501847531 connect_end=501847532 send_end=501847532 receive_end=501847535 connect_duration_ms=1 send_duration_ms=0 receive_duration_ms=2 total_duration_ms=4
[2026-02-02 22:50:05.435] [info] [spider.worker] [TIMING] worker_id=3cd5416e-e337-415b-9960-fb26f427746a task_id=none get_next_task request_start=501847638 connect_end=501847639 send_end=501847639 receive_end=501847643 connect_duration_ms=1 send_duration_ms=0 receive_duration_ms=4 total_duration_ms=5
[2026-02-02 22:50:05.542] [info] [spider.worker] [TIMING] worker_id=3cd5416e-e337-415b-9960-fb26f427746a task_id=none get_next_task request_start=501847746 connect_end=501847747 send_end=501847747 receive_end=501847750 connect_duration_ms=1 send_duration_ms=0 receive_duration_ms=2 total_duration_ms=4
[2026-02-02 22:50:05.649] [info] [spider.worker] [TIMING] worker_id=3cd5416e-e337-415b-9960-fb26f427746a task_id=none get_next_task request_start=501847853 connect_end=501847854 send_end=501847854 receive_end=501847857 connect_duration_ms=1 send_duration_ms=0 receive_duration_ms=2 total_duration_ms=4
[2026-02-02 22:50:05.757] [info] [spider.worker] [TIMING] worker_id=3cd5416e-e337-415b-9960-fb26f427746a task_id=none get_next_task request_start=501847960 connect_end=501847961 send_end=501847961 receive_end=501847965 connect_duration_ms=1 send_duration_ms=0 receive_duration_ms=3 total_duration_ms=5
[2026-02-02 22:50:05.863] [info] [spider.worker] [TIMING] worker_id=3cd5416e-e337-415b-9960-fb26f427746a task_id=none get_next_task request_start=501848068 connect_end=501848069 send_end=501848069 receive_end=501848072 connect_duration_ms=1 send_duration_ms=0 receive_duration_ms=2 total_duration_ms=4
[2026-02-02 22:50:05.984] [info] [spider.worker] [TIMING] worker_id=3cd5416e-e337-415b-9960-fb26f427746a task_id=none get_next_task request_start=501848182 connect_end=501848183 send_end=501848183 receive_end=501848192 connect_duration_ms=1 send_duration_ms=0 receive_duration_ms=9 total_duration_ms=10
[2026-02-02 22:50:06.093] [info] [spider.worker] [TIMING] worker_id=3cd5416e-e337-415b-9960-fb26f427746a task_id=none get_next_task request_start=501848295 connect_end=501848296 send_end=501848296 receive_end=501848301 connect_duration_ms=0 send_duration_ms=0 receive_duration_ms=5 total_duration_ms=6
[2026-02-02 22:50:06.200] [info] [spider.worker] [TIMING] worker_id=3cd5416e-e337-415b-9960-fb26f427746a task_id=none get_next_task request_start=501848403 connect_end=501848403 send_end=501848403 receive_end=501848408 connect_duration_ms=0 send_duration_ms=0 receive_duration_ms=4 total_duration_ms=5
[2026-02-02 22:50:06.304] [info] [spider.worker] [TIMING] worker_id=3cd5416e-e337-415b-9960-fb26f427746a task_id=none get_next_task request_start=501848509 connect_end=501848510 send_end=501848510 receive_end=501848513 connect_duration_ms=0 send_duration_ms=0 receive_duration_ms=2 total_duration_ms=3
[2026-02-02 22:50:06.412] [info] [spider.worker] [TIMING] worker_id=3cd5416e-e337-415b-9960-fb26f427746a task_id=none get_next_task request_start=501848614 connect_end=501848615 send_end=501848615 receive_end=501848620 connect_duration_ms=0 send_duration_ms=0 receive_duration_ms=4 total_duration_ms=5
[2026-02-02 22:50:06.515] [info] [spider.worker] [TIMING] worker_id=3cd5416e-e337-415b-9960-fb26f427746a task_id=none get_next_task request_start=501848721 connect_end=501848722 send_end=501848722 receive_end=501848723 connect_duration_ms=0 send_duration_ms=0 receive_duration_ms=1 total_duration_ms=1
[2026-02-02 22:50:06.624] [info] [spider.worker] [TIMING] worker_id=3cd5416e-e337-415b-9960-fb26f427746a task_id=none get_next_task request_start=501848825 connect_end=501848826 send_end=501848826 receive_end=501848832 connect_duration_ms=1 send_duration_ms=0 receive_duration_ms=6 total_duration_ms=7
[2026-02-02 22:50:06.733] [info] [spider.worker] [TIMING] worker_id=3cd5416e-e337-415b-9960-fb26f427746a task_id=none get_next_task request_start=501848935 connect_end=501848936 send_end=501848936 receive_end=501848941 connect_duration_ms=1 send_duration_ms=0 receive_duration_ms=5 total_duration_ms=6
[2026-02-02 22:50:06.841] [info] [spider.worker] [TIMING] worker_id=3cd5416e-e337-415b-9960-fb26f427746a task_id=none get_next_task request_start=501849044 connect_end=501849045 send_end=501849045 receive_end=501849049 connect_duration_ms=1 send_duration_ms=0 receive_duration_ms=4 total_duration_ms=5
[2026-02-02 22:50:06.949] [info] [spider.worker] [TIMING] worker_id=3cd5416e-e337-415b-9960-fb26f427746a task_id=none get_next_task request_start=501849152 connect_end=501849153 send_end=501849153 receive_end=501849157 connect_duration_ms=1 send_duration_ms=0 receive_duration_ms=4 total_duration_ms=5
[2026-02-02 22:50:07.057] [info] [spider.worker] [TIMING] worker_id=3cd5416e-e337-415b-9960-fb26f427746a task_id=none get_next_task request_start=501849260 connect_end=501849261 send_end=501849261 receive_end=501849265 connect_duration_ms=0 send_duration_ms=0 receive_duration_ms=4 total_duration_ms=5
[2026-02-02 22:50:07.162] [info] [spider.worker] [TIMING] worker_id=3cd5416e-e337-415b-9960-fb26f427746a task_id=none get_next_task request_start=501849366 connect_end=501849367 send_end=501849367 receive_end=501849370 connect_duration_ms=0 send_duration_ms=0 receive_duration_ms=3 total_duration_ms=3
[2026-02-02 22:50:07.266] [info] [spider.worker] [TIMING] worker_id=3cd5416e-e337-415b-9960-fb26f427746a task_id=none get_next_task request_start=501849472 connect_end=501849473 send_end=501849473 receive_end=501849475 connect_duration_ms=0 send_duration_ms=0 receive_duration_ms=1 total_duration_ms=2
[2026-02-02 22:50:07.376] [info] [spider.worker] [TIMING] worker_id=3cd5416e-e337-415b-9960-fb26f427746a task_id=none get_next_task request_start=501849577 connect_end=501849579 send_end=501849579 receive_end=501849584 connect_duration_ms=1 send_duration_ms=0 receive_duration_ms=5 total_duration_ms=6
[2026-02-02 22:50:07.484] [info] [spider.worker] [TIMING] worker_id=3cd5416e-e337-415b-9960-fb26f427746a task_id=none get_next_task request_start=501849687 connect_end=501849688 send_end=501849688 receive_end=501849692 connect_duration_ms=1 send_duration_ms=0 receive_duration_ms=3 total_duration_ms=5
[2026-02-02 22:50:07.592] [info] [spider.worker] [TIMING] worker_id=3cd5416e-e337-415b-9960-fb26f427746a task_id=none get_next_task request_start=501849795 connect_end=501849796 send_end=501849796 receive_end=501849800 connect_duration_ms=1 send_duration_ms=0 receive_duration_ms=3 total_duration_ms=5
[2026-02-02 22:50:07.699] [info] [spider.worker] [TIMING] worker_id=3cd5416e-e337-415b-9960-fb26f427746a task_id=none get_next_task request_start=501849903 connect_end=501849904 send_end=501849904 receive_end=501849907 connect_duration_ms=1 send_duration_ms=0 receive_duration_ms=3 total_duration_ms=4
[2026-02-02 22:50:07.807] [info] [spider.worker] [TIMING] worker_id=3cd5416e-e337-415b-9960-fb26f427746a task_id=none get_next_task request_start=501850010 connect_end=501850011 send_end=501850011 receive_end=501850015 connect_duration_ms=1 send_duration_ms=0 receive_duration_ms=3 total_duration_ms=4
[2026-02-02 22:50:07.915] [info] [spider.worker] [TIMING] worker_id=3cd5416e-e337-415b-9960-fb26f427746a task_id=none get_next_task request_start=501850118 connect_end=501850119 send_end=501850119 receive_end=501850123 connect_duration_ms=1 send_duration_ms=0 receive_duration_ms=4 total_duration_ms=5
[2026-02-02 22:50:08.022] [info] [spider.worker] [TIMING] worker_id=3cd5416e-e337-415b-9960-fb26f427746a task_id=none get_next_task request_start=501850226 connect_end=501850227 send_end=501850227 receive_end=501850230 connect_duration_ms=0 send_duration_ms=0 receive_duration_ms=3 total_duration_ms=4
[2026-02-02 22:50:08.130] [info] [spider.worker] [TIMING] worker_id=3cd5416e-e337-415b-9960-fb26f427746a task_id=none get_next_task request_start=501850333 connect_end=501850334 send_end=501850334 receive_end=501850338 connect_duration_ms=1 send_duration_ms=0 receive_duration_ms=4 total_duration_ms=5
[2026-02-02 22:50:08.238] [info] [spider.worker] [TIMING] worker_id=3cd5416e-e337-415b-9960-fb26f427746a task_id=none get_next_task request_start=501850441 connect_end=501850442 send_end=501850442 receive_end=501850446 connect_duration_ms=0 send_duration_ms=0 receive_duration_ms=4 total_duration_ms=5
[2026-02-02 22:50:08.346] [info] [spider.worker] [TIMING] worker_id=3cd5416e-e337-415b-9960-fb26f427746a task_id=none get_next_task request_start=501850549 connect_end=501850550 send_end=501850550 receive_end=501850554 connect_duration_ms=1 send_duration_ms=0 receive_duration_ms=3 total_duration_ms=4
[2026-02-02 22:50:08.454] [info] [spider.worker] [TIMING] worker_id=3cd5416e-e337-415b-9960-fb26f427746a task_id=none get_next_task request_start=501850657 connect_end=501850658 send_end=501850658 receive_end=501850662 connect_duration_ms=1 send_duration_ms=0 receive_duration_ms=4 total_duration_ms=5
[2026-02-02 22:50:08.562] [info] [spider.worker] [TIMING] worker_id=3cd5416e-e337-415b-9960-fb26f427746a task_id=none get_next_task request_start=501850765 connect_end=501850767 send_end=501850767 receive_end=501850770 connect_duration_ms=1 send_duration_ms=0 receive_duration_ms=3 total_duration_ms=5
[2026-02-02 22:50:08.670] [info] [spider.worker] [TIMING] worker_id=3cd5416e-e337-415b-9960-fb26f427746a task_id=none get_next_task request_start=501850873 connect_end=501850874 send_end=501850874 receive_end=501850878 connect_duration_ms=1 send_duration_ms=0 receive_duration_ms=3 total_duration_ms=5
[2026-02-02 22:50:08.777] [info] [spider.worker] [TIMING] worker_id=3cd5416e-e337-415b-9960-fb26f427746a task_id=none get_next_task request_start=501850981 connect_end=501850982 send_end=501850982 receive_end=501850985 connect_duration_ms=1 send_duration_ms=0 receive_duration_ms=3 total_duration_ms=4
[2026-02-02 22:50:08.881] [info] [spider.worker] [TIMING] worker_id=3cd5416e-e337-415b-9960-fb26f427746a task_id=none get_next_task request_start=501851087 connect_end=501851088 send_end=501851088 receive_end=501851089 connect_duration_ms=0 send_duration_ms=0 receive_duration_ms=1 total_duration_ms=2
[2026-02-02 22:50:08.985] [info] [spider.worker] [TIMING] worker_id=3cd5416e-e337-415b-9960-fb26f427746a task_id=none get_next_task request_start=501851191 connect_end=501851192 send_end=501851192 receive_end=501851194 connect_duration_ms=0 send_duration_ms=0 receive_duration_ms=1 total_duration_ms=2
[2026-02-02 22:50:09.094] [info] [spider.worker] [TIMING] worker_id=3cd5416e-e337-415b-9960-fb26f427746a task_id=none get_next_task request_start=501851295 connect_end=501851296 send_end=501851296 receive_end=501851303 connect_duration_ms=0 send_duration_ms=0 receive_duration_ms=6 total_duration_ms=7
[2026-02-02 22:50:09.201] [info] [spider.worker] [TIMING] worker_id=3cd5416e-e337-415b-9960-fb26f427746a task_id=none get_next_task request_start=501851405 connect_end=501851406 send_end=501851406 receive_end=501851410 connect_duration_ms=0 send_duration_ms=0 receive_duration_ms=3 total_duration_ms=4
[2026-02-02 22:50:09.308] [info] [spider.worker] [TIMING] worker_id=3cd5416e-e337-415b-9960-fb26f427746a task_id=none get_next_task request_start=501851512 connect_end=501851513 send_end=501851513 receive_end=501851517 connect_duration_ms=1 send_duration_ms=0 receive_duration_ms=3 total_duration_ms=4
[2026-02-02 22:50:09.417] [info] [spider.worker] [TIMING] worker_id=3cd5416e-e337-415b-9960-fb26f427746a task_id=none get_next_task request_start=501851620 connect_end=501851621 send_end=501851621 receive_end=501851625 connect_duration_ms=1 send_duration_ms=0 receive_duration_ms=4 total_duration_ms=5
[2026-02-02 22:50:09.524] [info] [spider.worker] [TIMING] worker_id=3cd5416e-e337-415b-9960-fb26f427746a task_id=none get_next_task request_start=501851727 connect_end=501851728 send_end=501851729 receive_end=501851732 connect_duration_ms=1 send_duration_ms=0 receive_duration_ms=3 total_duration_ms=4
[2026-02-02 22:50:09.631] [info] [spider.worker] [TIMING] worker_id=3cd5416e-e337-415b-9960-fb26f427746a task_id=none get_next_task request_start=501851835 connect_end=501851836 send_end=501851836 receive_end=501851839 connect_duration_ms=1 send_duration_ms=0 receive_duration_ms=3 total_duration_ms=4
[2026-02-02 22:50:09.740] [info] [spider.worker] [TIMING] worker_id=3cd5416e-e337-415b-9960-fb26f427746a task_id=none get_next_task request_start=501851942 connect_end=501851943 send_end=501851943 receive_end=501851948 connect_duration_ms=1 send_duration_ms=0 receive_duration_ms=5 total_duration_ms=6
[2026-02-02 22:50:09.848] [info] [spider.worker] [TIMING] worker_id=3cd5416e-e337-415b-9960-fb26f427746a task_id=none get_next_task request_start=501852051 connect_end=501852052 send_end=501852052 receive_end=501852056 connect_duration_ms=1 send_duration_ms=0 receive_duration_ms=4 total_duration_ms=5
[2026-02-02 22:50:09.955] [info] [spider.worker] [TIMING] worker_id=3cd5416e-e337-415b-9960-fb26f427746a task_id=none get_next_task request_start=501852158 connect_end=501852160 send_end=501852160 receive_end=501852163 connect_duration_ms=1 send_duration_ms=0 receive_duration_ms=3 total_duration_ms=4
[2026-02-02 22:50:10.064] [info] [spider.worker] [TIMING] worker_id=3cd5416e-e337-415b-9960-fb26f427746a task_id=none get_next_task request_start=501852266 connect_end=501852267 send_end=501852267 receive_end=501852272 connect_duration_ms=1 send_duration_ms=0 receive_duration_ms=5 total_duration_ms=6
[2026-02-02 22:50:10.172] [info] [spider.worker] [TIMING] worker_id=3cd5416e-e337-415b-9960-fb26f427746a task_id=none get_next_task request_start=501852375 connect_end=501852376 send_end=501852376 receive_end=501852380 connect_duration_ms=0 send_duration_ms=0 receive_duration_ms=4 total_duration_ms=5
[2026-02-02 22:50:10.281] [info] [spider.worker] [TIMING] worker_id=3cd5416e-e337-415b-9960-fb26f427746a task_id=none get_next_task request_start=501852483 connect_end=501852485 send_end=501852485 receive_end=501852489 connect_duration_ms=1 send_duration_ms=0 receive_duration_ms=4 total_duration_ms=5
[2026-02-02 22:50:10.390] [info] [spider.worker] [TIMING] worker_id=3cd5416e-e337-415b-9960-fb26f427746a task_id=none get_next_task request_start=501852592 connect_end=501852593 send_end=501852593 receive_end=501852598 connect_duration_ms=1 send_duration_ms=0 receive_duration_ms=5 total_duration_ms=6
[2026-02-02 22:50:10.498] [info] [spider.worker] [TIMING] worker_id=3cd5416e-e337-415b-9960-fb26f427746a task_id=none get_next_task request_start=501852701 connect_end=501852702 send_end=501852702 receive_end=501852706 connect_duration_ms=1 send_duration_ms=0 receive_duration_ms=4 total_duration_ms=5
[2026-02-02 22:50:10.607] [info] [spider.worker] [TIMING] worker_id=3cd5416e-e337-415b-9960-fb26f427746a task_id=none get_next_task request_start=501852809 connect_end=501852810 send_end=501852810 receive_end=501852816 connect_duration_ms=1 send_duration_ms=0 receive_duration_ms=5 total_duration_ms=6
[2026-02-02 22:50:10.715] [info] [spider.worker] [TIMING] worker_id=3cd5416e-e337-415b-9960-fb26f427746a task_id=none get_next_task request_start=501852918 connect_end=501852919 send_end=501852919 receive_end=501852923 connect_duration_ms=0 send_duration_ms=0 receive_duration_ms=4 total_duration_ms=5
[2026-02-02 22:50:10.823] [info] [spider.worker] [TIMING] worker_id=3cd5416e-e337-415b-9960-fb26f427746a task_id=none get_next_task request_start=501853026 connect_end=501853028 send_end=501853028 receive_end=501853031 connect_duration_ms=1 send_duration_ms=0 receive_duration_ms=3 total_duration_ms=4
[2026-02-02 22:50:10.930] [info] [spider.worker] [TIMING] worker_id=3cd5416e-e337-415b-9960-fb26f427746a task_id=none get_next_task request_start=501853134 connect_end=501853135 send_end=501853135 receive_end=501853138 connect_duration_ms=1 send_duration_ms=0 receive_duration_ms=2 total_duration_ms=4
[2026-02-02 22:50:11.036] [info] [spider.worker] [TIMING] worker_id=3cd5416e-e337-415b-9960-fb26f427746a task_id=none get_next_task request_start=501853241 connect_end=501853242 send_end=501853242 receive_end=501853245 connect_duration_ms=1 send_duration_ms=0 receive_duration_ms=2 total_duration_ms=4
[2026-02-02 22:50:11.145] [info] [spider.worker] [TIMING] worker_id=3cd5416e-e337-415b-9960-fb26f427746a task_id=none get_next_task request_start=501853347 connect_end=501853348 send_end=501853348 receive_end=501853353 connect_duration_ms=0 send_duration_ms=0 receive_duration_ms=5 total_duration_ms=6
[2026-02-02 22:50:11.250] [info] [spider.worker] [TIMING] worker_id=3cd5416e-e337-415b-9960-fb26f427746a task_id=none get_next_task request_start=501853456 connect_end=501853457 send_end=501853457 receive_end=501853459 connect_duration_ms=0 send_duration_ms=0 receive_duration_ms=1 total_duration_ms=2
[2026-02-02 22:50:11.359] [info] [spider.worker] [TIMING] worker_id=3cd5416e-e337-415b-9960-fb26f427746a task_id=none get_next_task request_start=501853561 connect_end=501853562 send_end=501853562 receive_end=501853567 connect_duration_ms=1 send_duration_ms=0 receive_duration_ms=5 total_duration_ms=6
[2026-02-02 22:50:11.467] [info] [spider.worker] [TIMING] worker_id=3cd5416e-e337-415b-9960-fb26f427746a task_id=none get_next_task request_start=501853670 connect_end=501853671 send_end=501853671 receive_end=501853676 connect_duration_ms=1 send_duration_ms=0 receive_duration_ms=4 total_duration_ms=5
[2026-02-02 22:50:11.575] [info] [spider.worker] [TIMING] worker_id=3cd5416e-e337-415b-9960-fb26f427746a task_id=none get_next_task request_start=501853778 connect_end=501853780 send_end=501853780 receive_end=501853783 connect_duration_ms=1 send_duration_ms=0 receive_duration_ms=3 total_duration_ms=4
[2026-02-02 22:50:11.684] [info] [spider.worker] [TIMING] worker_id=3cd5416e-e337-415b-9960-fb26f427746a task_id=none get_next_task request_start=501853886 connect_end=501853887 send_end=501853887 receive_end=501853892 connect_duration_ms=1 send_duration_ms=0 receive_duration_ms=5 total_duration_ms=6
[2026-02-02 22:50:11.792] [info] [spider.worker] [TIMING] worker_id=3cd5416e-e337-415b-9960-fb26f427746a task_id=none get_next_task request_start=501853995 connect_end=501853996 send_end=501853996 receive_end=501854000 connect_duration_ms=1 send_duration_ms=0 receive_duration_ms=3 total_duration_ms=5
[2026-02-02 22:50:11.899] [info] [spider.worker] [TIMING] worker_id=3cd5416e-e337-415b-9960-fb26f427746a task_id=none get_next_task request_start=501854103 connect_end=501854104 send_end=501854104 receive_end=501854108 connect_duration_ms=1 send_duration_ms=0 receive_duration_ms=3 total_duration_ms=5
[2026-02-02 22:50:12.017] [info] [spider.worker] [TIMING] worker_id=3cd5416e-e337-415b-9960-fb26f427746a task_id=none get_next_task request_start=501854216 connect_end=501854217 send_end=501854217 receive_end=501854225 connect_duration_ms=1 send_duration_ms=0 receive_duration_ms=7 total_duration_ms=9
[2026-02-02 22:50:12.126] [info] [spider.worker] [TIMING] worker_id=3cd5416e-e337-415b-9960-fb26f427746a task_id=none get_next_task request_start=501854328 connect_end=501854329 send_end=501854329 receive_end=501854334 connect_duration_ms=1 send_duration_ms=0 receive_duration_ms=5 total_duration_ms=6
[2026-02-02 22:50:12.234] [info] [spider.worker] [TIMING] worker_id=3cd5416e-e337-415b-9960-fb26f427746a task_id=none get_next_task request_start=501854437 connect_end=501854438 send_end=501854438 receive_end=501854442 connect_duration_ms=1 send_duration_ms=0 receive_duration_ms=3 total_duration_ms=4
[2026-02-02 22:50:12.341] [info] [spider.worker] [TIMING] worker_id=3cd5416e-e337-415b-9960-fb26f427746a task_id=none get_next_task request_start=501854545 connect_end=501854546 send_end=501854546 receive_end=501854549 connect_duration_ms=1 send_duration_ms=0 receive_duration_ms=2 total_duration_ms=4
[2026-02-02 22:50:12.448] [info] [spider.worker] [TIMING] worker_id=3cd5416e-e337-415b-9960-fb26f427746a task_id=none get_next_task request_start=501854652 connect_end=501854653 send_end=501854653 receive_end=501854657 connect_duration_ms=1 send_duration_ms=0 receive_duration_ms=3 total_duration_ms=4
[2026-02-02 22:50:12.557] [info] [spider.worker] [TIMING] worker_id=3cd5416e-e337-415b-9960-fb26f427746a task_id=none get_next_task request_start=501854759 connect_end=501854761 send_end=501854761 receive_end=501854765 connect_duration_ms=1 send_duration_ms=0 receive_duration_ms=4 total_duration_ms=5
[2026-02-02 22:50:12.665] [info] [spider.worker] [TIMING] worker_id=3cd5416e-e337-415b-9960-fb26f427746a task_id=none get_next_task request_start=501854868 connect_end=501854869 send_end=501854869 receive_end=501854873 connect_duration_ms=1 send_duration_ms=0 receive_duration_ms=3 total_duration_ms=4
[2026-02-02 22:50:12.773] [info] [spider.worker] [TIMING] worker_id=3cd5416e-e337-415b-9960-fb26f427746a task_id=none get_next_task request_start=501854976 connect_end=501854977 send_end=501854977 receive_end=501854981 connect_duration_ms=1 send_duration_ms=0 receive_duration_ms=4 total_duration_ms=5
[2026-02-02 22:50:12.881] [info] [spider.worker] [TIMING] worker_id=3cd5416e-e337-415b-9960-fb26f427746a task_id=none get_next_task request_start=501855084 connect_end=501855085 send_end=501855085 receive_end=501855089 connect_duration_ms=1 send_duration_ms=0 receive_duration_ms=3 total_duration_ms=5
[2026-02-02 22:50:12.988] [info] [spider.worker] [TIMING] worker_id=3cd5416e-e337-415b-9960-fb26f427746a task_id=none get_next_task request_start=501855192 connect_end=501855193 send_end=501855193 receive_end=501855196 connect_duration_ms=1 send_duration_ms=0 receive_duration_ms=3 total_duration_ms=4
[2026-02-02 22:50:13.098] [info] [spider.worker] [TIMING] worker_id=3cd5416e-e337-415b-9960-fb26f427746a task_id=none get_next_task request_start=501855299 connect_end=501855300 send_end=501855300 receive_end=501855306 connect_duration_ms=1 send_duration_ms=0 receive_duration_ms=6 total_duration_ms=7
[2026-02-02 22:50:13.204] [info] [spider.worker] [TIMING] worker_id=3cd5416e-e337-415b-9960-fb26f427746a task_id=none get_next_task request_start=501855408 connect_end=501855409 send_end=501855409 receive_end=501855413 connect_duration_ms=1 send_duration_ms=0 receive_duration_ms=3 total_duration_ms=4
[2026-02-02 22:50:13.311] [info] [spider.worker] [TIMING] worker_id=3cd5416e-e337-415b-9960-fb26f427746a task_id=none get_next_task request_start=501855515 connect_end=501855516 send_end=501855516 receive_end=501855520 connect_duration_ms=1 send_duration_ms=0 receive_duration_ms=3 total_duration_ms=4
[2026-02-02 22:50:13.419] [info] [spider.worker] [TIMING] worker_id=3cd5416e-e337-415b-9960-fb26f427746a task_id=none get_next_task request_start=501855623 connect_end=501855624 send_end=501855624 receive_end=501855627 connect_duration_ms=1 send_duration_ms=0 receive_duration_ms=3 total_duration_ms=4
[2026-02-02 22:50:13.528] [info] [spider.worker] [TIMING] worker_id=3cd5416e-e337-415b-9960-fb26f427746a task_id=none get_next_task request_start=501855729 connect_end=501855730 send_end=501855730 receive_end=501855737 connect_duration_ms=0 send_duration_ms=0 receive_duration_ms=6 total_duration_ms=7
[2026-02-02 22:50:13.636] [info] [spider.worker] [TIMING] worker_id=3cd5416e-e337-415b-9960-fb26f427746a task_id=none get_next_task request_start=501855839 connect_end=501855840 send_end=501855840 receive_end=501855845 connect_duration_ms=1 send_duration_ms=0 receive_duration_ms=4 total_duration_ms=5
[2026-02-02 22:50:13.744] [info] [spider.worker] [TIMING] worker_id=3cd5416e-e337-415b-9960-fb26f427746a task_id=none get_next_task request_start=501855947 connect_end=501855948 send_end=501855948 receive_end=501855952 connect_duration_ms=1 send_duration_ms=0 receive_duration_ms=4 total_duration_ms=5
[2026-02-02 22:50:13.851] [info] [spider.worker] [TIMING] worker_id=3cd5416e-e337-415b-9960-fb26f427746a task_id=none get_next_task request_start=501856055 connect_end=501856056 send_end=501856056 receive_end=501856060 connect_duration_ms=1 send_duration_ms=0 receive_duration_ms=3 total_duration_ms=4
[2026-02-02 22:50:13.958] [info] [spider.worker] [TIMING] worker_id=3cd5416e-e337-415b-9960-fb26f427746a task_id=none get_next_task request_start=501856162 connect_end=501856164 send_end=501856164 receive_end=501856167 connect_duration_ms=1 send_duration_ms=0 receive_duration_ms=3 total_duration_ms=4
[2026-02-02 22:50:14.068] [info] [spider.worker] [TIMING] worker_id=3cd5416e-e337-415b-9960-fb26f427746a task_id=none get_next_task request_start=501856269 connect_end=501856270 send_end=501856270 receive_end=501856276 connect_duration_ms=1 send_duration_ms=0 receive_duration_ms=5 total_duration_ms=6
[2026-02-02 22:50:14.175] [info] [spider.worker] [TIMING] worker_id=3cd5416e-e337-415b-9960-fb26f427746a task_id=none get_next_task request_start=501856379 connect_end=501856380 send_end=501856380 receive_end=501856383 connect_duration_ms=1 send_duration_ms=0 receive_duration_ms=3 total_duration_ms=4
[2026-02-02 22:50:14.282] [info] [spider.worker] [TIMING] worker_id=3cd5416e-e337-415b-9960-fb26f427746a task_id=none get_next_task request_start=501856486 connect_end=501856487 send_end=501856487 receive_end=501856491 connect_duration_ms=1 send_duration_ms=0 receive_duration_ms=3 total_duration_ms=4
[2026-02-02 22:50:14.392] [info] [spider.worker] [TIMING] worker_id=3cd5416e-e337-415b-9960-fb26f427746a task_id=none get_next_task request_start=501856593 connect_end=501856594 send_end=501856594 receive_end=501856601 connect_duration_ms=1 send_duration_ms=0 receive_duration_ms=6 total_duration_ms=7
[2026-02-02 22:50:14.501] [info] [spider.worker] [TIMING] worker_id=3cd5416e-e337-415b-9960-fb26f427746a task_id=none get_next_task request_start=501856703 connect_end=501856705 send_end=501856705 receive_end=501856709 connect_duration_ms=1 send_duration_ms=0 receive_duration_ms=4 total_duration_ms=5
[2026-02-02 22:50:14.605] [info] [spider.worker] [TIMING] worker_id=3cd5416e-e337-415b-9960-fb26f427746a task_id=none get_next_task request_start=501856811 connect_end=501856812 send_end=501856812 receive_end=501856813 connect_duration_ms=0 send_duration_ms=0 receive_duration_ms=1 total_duration_ms=2
[2026-02-02 22:50:14.710] [info] [spider.worker] [TIMING] worker_id=3cd5416e-e337-415b-9960-fb26f427746a task_id=none get_next_task request_start=501856915 connect_end=501856916 send_end=501856916 receive_end=501856919 connect_duration_ms=0 send_duration_ms=0 receive_duration_ms=2 total_duration_ms=3
[2026-02-02 22:50:14.814] [info] [spider.worker] [TIMING] worker_id=3cd5416e-e337-415b-9960-fb26f427746a task_id=none get_next_task request_start=501857020 connect_end=501857021 send_end=501857021 receive_end=501857023 connect_duration_ms=0 send_duration_ms=0 receive_duration_ms=1 total_duration_ms=2
[2026-02-02 22:50:14.920] [info] [spider.worker] [TIMING] worker_id=3cd5416e-e337-415b-9960-fb26f427746a task_id=none get_next_task request_start=501857124 connect_end=501857125 send_end=501857125 receive_end=501857128 connect_duration_ms=0 send_duration_ms=0 receive_duration_ms=3 total_duration_ms=4
[2026-02-02 22:50:15.028] [info] [spider.worker] [TIMING] worker_id=3cd5416e-e337-415b-9960-fb26f427746a task_id=none get_next_task request_start=501857231 connect_end=501857232 send_end=501857232 receive_end=501857237 connect_duration_ms=1 send_duration_ms=0 receive_duration_ms=4 total_duration_ms=5
[2026-02-02 22:50:15.137] [info] [spider.worker] [TIMING] worker_id=3cd5416e-e337-415b-9960-fb26f427746a task_id=none get_next_task request_start=501857339 connect_end=501857340 send_end=501857340 receive_end=501857345 connect_duration_ms=0 send_duration_ms=0 receive_duration_ms=4 total_duration_ms=5
[2026-02-02 22:50:15.247] [info] [spider.worker] [TIMING] worker_id=3cd5416e-e337-415b-9960-fb26f427746a task_id=none get_next_task request_start=501857447 connect_end=501857448 send_end=501857448 receive_end=501857455 connect_duration_ms=1 send_duration_ms=0 receive_duration_ms=6 total_duration_ms=8
[2026-02-02 22:50:15.353] [info] [spider.worker] [TIMING] worker_id=3cd5416e-e337-415b-9960-fb26f427746a task_id=none get_next_task request_start=501857557 connect_end=501857558 send_end=501857559 receive_end=501857561 connect_duration_ms=1 send_duration_ms=0 receive_duration_ms=2 total_duration_ms=3
[2026-02-02 22:50:15.461] [info] [spider.worker] [TIMING] worker_id=3cd5416e-e337-415b-9960-fb26f427746a task_id=none get_next_task request_start=501857665 connect_end=501857666 send_end=501857666 receive_end=501857669 connect_duration_ms=1 send_duration_ms=0 receive_duration_ms=3 total_duration_ms=4
[2026-02-02 22:50:15.568] [info] [spider.worker] [TIMING] worker_id=3cd5416e-e337-415b-9960-fb26f427746a task_id=none get_next_task request_start=501857772 connect_end=501857773 send_end=501857773 receive_end=501857776 connect_duration_ms=1 send_duration_ms=0 receive_duration_ms=3 total_duration_ms=4
[2026-02-02 22:50:15.676] [info] [spider.worker] [TIMING] worker_id=3cd5416e-e337-415b-9960-fb26f427746a task_id=none get_next_task request_start=501857879 connect_end=501857880 send_end=501857880 receive_end=501857885 connect_duration_ms=1 send_duration_ms=0 receive_duration_ms=4 total_duration_ms=6
[2026-02-02 22:50:15.785] [info] [spider.worker] [TIMING] worker_id=3cd5416e-e337-415b-9960-fb26f427746a task_id=none get_next_task request_start=501857987 connect_end=501857989 send_end=501857989 receive_end=501857993 connect_duration_ms=1 send_duration_ms=0 receive_duration_ms=4 total_duration_ms=5
[2026-02-02 22:50:15.892] [info] [spider.worker] [TIMING] worker_id=3cd5416e-e337-415b-9960-fb26f427746a task_id=none get_next_task request_start=501858096 connect_end=501858097 send_end=501858097 receive_end=501858101 connect_duration_ms=1 send_duration_ms=0 receive_duration_ms=3 total_duration_ms=4
[2026-02-02 22:50:15.999] [info] [spider.worker] [TIMING] worker_id=3cd5416e-e337-415b-9960-fb26f427746a task_id=none get_next_task request_start=501858203 connect_end=501858205 send_end=501858205 receive_end=501858208 connect_duration_ms=1 send_duration_ms=0 receive_duration_ms=3 total_duration_ms=4
[2026-02-02 22:50:16.108] [info] [spider.worker] [TIMING] worker_id=3cd5416e-e337-415b-9960-fb26f427746a task_id=none get_next_task request_start=501858311 connect_end=501858312 send_end=501858312 receive_end=501858317 connect_duration_ms=1 send_duration_ms=0 receive_duration_ms=4 total_duration_ms=6
[2026-02-02 22:50:16.214] [info] [spider.worker] [TIMING] worker_id=3cd5416e-e337-415b-9960-fb26f427746a task_id=none get_next_task request_start=501858419 connect_end=501858420 send_end=501858420 receive_end=501858423 connect_duration_ms=1 send_duration_ms=0 receive_duration_ms=3 total_duration_ms=4
[2026-02-02 22:50:16.320] [info] [spider.worker] [TIMING] worker_id=3cd5416e-e337-415b-9960-fb26f427746a task_id=none get_next_task request_start=501858525 connect_end=501858526 send_end=501858526 receive_end=501858529 connect_duration_ms=0 send_duration_ms=0 receive_duration_ms=2 total_duration_ms=3
[2026-02-02 22:50:16.426] [info] [spider.worker] [TIMING] worker_id=3cd5416e-e337-415b-9960-fb26f427746a task_id=none get_next_task request_start=501858631 connect_end=501858631 send_end=501858631 receive_end=501858634 connect_duration_ms=0 send_duration_ms=0 receive_duration_ms=3 total_duration_ms=3
[2026-02-02 22:50:16.533] [info] [spider.worker] [TIMING] worker_id=3cd5416e-e337-415b-9960-fb26f427746a task_id=none get_next_task request_start=501858736 connect_end=501858737 send_end=501858737 receive_end=501858741 connect_duration_ms=0 send_duration_ms=0 receive_duration_ms=4 total_duration_ms=4
[2026-02-02 22:50:16.640] [info] [spider.worker] [TIMING] worker_id=3cd5416e-e337-415b-9960-fb26f427746a task_id=none get_next_task request_start=501858843 connect_end=501858844 send_end=501858844 receive_end=501858848 connect_duration_ms=1 send_duration_ms=0 receive_duration_ms=3 total_duration_ms=4
[2026-02-02 22:50:16.746] [info] [spider.worker] [TIMING] worker_id=3cd5416e-e337-415b-9960-fb26f427746a task_id=none get_next_task request_start=501858950 connect_end=501858952 send_end=501858952 receive_end=501858955 connect_duration_ms=1 send_duration_ms=0 receive_duration_ms=3 total_duration_ms=4
[2026-02-02 22:50:16.852] [info] [spider.worker] [TIMING] worker_id=3cd5416e-e337-415b-9960-fb26f427746a task_id=none get_next_task request_start=501859057 connect_end=501859058 send_end=501859058 receive_end=501859061 connect_duration_ms=1 send_duration_ms=0 receive_duration_ms=2 total_duration_ms=3
[2026-02-02 22:50:16.960] [info] [spider.worker] [TIMING] worker_id=3cd5416e-e337-415b-9960-fb26f427746a task_id=none get_next_task request_start=501859163 connect_end=501859164 send_end=501859164 receive_end=501859168 connect_duration_ms=1 send_duration_ms=0 receive_duration_ms=3 total_duration_ms=5
[2026-02-02 22:50:17.068] [info] [spider.worker] [TIMING] worker_id=3cd5416e-e337-415b-9960-fb26f427746a task_id=none get_next_task request_start=501859271 connect_end=501859272 send_end=501859272 receive_end=501859276 connect_duration_ms=1 send_duration_ms=0 receive_duration_ms=4 total_duration_ms=5
[2026-02-02 22:50:17.174] [info] [spider.worker] [TIMING] worker_id=3cd5416e-e337-415b-9960-fb26f427746a task_id=none get_next_task request_start=501859378 connect_end=501859379 send_end=501859379 receive_end=501859382 connect_duration_ms=0 send_duration_ms=0 receive_duration_ms=3 total_duration_ms=4
[2026-02-02 22:50:17.279] [info] [spider.worker] [TIMING] worker_id=3cd5416e-e337-415b-9960-fb26f427746a task_id=none get_next_task request_start=501859485 connect_end=501859486 send_end=501859486 receive_end=501859488 connect_duration_ms=1 send_duration_ms=0 receive_duration_ms=1 total_duration_ms=2
[2026-02-02 22:50:17.388] [info] [spider.worker] [TIMING] worker_id=3cd5416e-e337-415b-9960-fb26f427746a task_id=none get_next_task request_start=501859590 connect_end=501859591 send_end=501859591 receive_end=501859596 connect_duration_ms=1 send_duration_ms=0 receive_duration_ms=4 total_duration_ms=5
[2026-02-02 22:50:17.496] [info] [spider.worker] [TIMING] worker_id=3cd5416e-e337-415b-9960-fb26f427746a task_id=none get_next_task request_start=501859699 connect_end=501859700 send_end=501859700 receive_end=501859704 connect_duration_ms=1 send_duration_ms=0 receive_duration_ms=3 total_duration_ms=5
[2026-02-02 22:50:17.604] [info] [spider.worker] [TIMING] worker_id=3cd5416e-e337-415b-9960-fb26f427746a task_id=none get_next_task request_start=501859807 connect_end=501859808 send_end=501859808 receive_end=501859812 connect_duration_ms=1 send_duration_ms=0 receive_duration_ms=4 total_duration_ms=5
[2026-02-02 22:50:17.711] [info] [spider.worker] [TIMING] worker_id=3cd5416e-e337-415b-9960-fb26f427746a task_id=none get_next_task request_start=501859915 connect_end=501859916 send_end=501859916 receive_end=501859919 connect_duration_ms=1 send_duration_ms=0 receive_duration_ms=3 total_duration_ms=4
[2026-02-02 22:50:17.815] [info] [spider.worker] [TIMING] worker_id=3cd5416e-e337-415b-9960-fb26f427746a task_id=none get_next_task request_start=501860021 connect_end=501860022 send_end=501860022 receive_end=501860023 connect_duration_ms=0 send_duration_ms=0 receive_duration_ms=1 total_duration_ms=2
[2026-02-02 22:50:17.920] [info] [spider.worker] [TIMING] worker_id=3cd5416e-e337-415b-9960-fb26f427746a task_id=none get_next_task request_start=501860125 connect_end=501860126 send_end=501860126 receive_end=501860129 connect_duration_ms=0 send_duration_ms=0 receive_duration_ms=2 total_duration_ms=3
[2026-02-02 22:50:18.025] [info] [spider.worker] [TIMING] worker_id=3cd5416e-e337-415b-9960-fb26f427746a task_id=none get_next_task request_start=501860230 connect_end=501860231 send_end=501860231 receive_end=501860233 connect_duration_ms=0 send_duration_ms=0 receive_duration_ms=2 total_duration_ms=2
[2026-02-02 22:50:18.135] [info] [spider.worker] [TIMING] worker_id=3cd5416e-e337-415b-9960-fb26f427746a task_id=none get_next_task request_start=501860336 connect_end=501860337 send_end=501860337 receive_end=501860343 connect_duration_ms=1 send_duration_ms=0 receive_duration_ms=6 total_duration_ms=7
[2026-02-02 22:50:18.245] [info] [spider.worker] [TIMING] worker_id=3cd5416e-e337-415b-9960-fb26f427746a task_id=none get_next_task request_start=501860446 connect_end=501860447 send_end=501860448 receive_end=501860453 connect_duration_ms=1 send_duration_ms=0 receive_duration_ms=5 total_duration_ms=6
[2026-02-02 22:50:18.351] [info] [spider.worker] [TIMING] worker_id=3cd5416e-e337-415b-9960-fb26f427746a task_id=none get_next_task request_start=501860555 connect_end=501860556 send_end=501860557 receive_end=501860559 connect_duration_ms=1 send_duration_ms=0 receive_duration_ms=2 total_duration_ms=3
[2026-02-02 22:50:18.459] [info] [spider.worker] [TIMING] worker_id=3cd5416e-e337-415b-9960-fb26f427746a task_id=none get_next_task request_start=501860661 connect_end=501860662 send_end=501860662 receive_end=501860667 connect_duration_ms=0 send_duration_ms=0 receive_duration_ms=5 total_duration_ms=5
[2026-02-02 22:50:18.563] [info] [spider.worker] [TIMING] worker_id=3cd5416e-e337-415b-9960-fb26f427746a task_id=none get_next_task request_start=501860769 connect_end=501860770 send_end=501860770 receive_end=501860772 connect_duration_ms=0 send_duration_ms=0 receive_duration_ms=1 total_duration_ms=2
[2026-02-02 22:50:18.670] [info] [spider.worker] [TIMING] worker_id=3cd5416e-e337-415b-9960-fb26f427746a task_id=none get_next_task request_start=501860874 connect_end=501860875 send_end=501860875 receive_end=501860878 connect_duration_ms=1 send_duration_ms=0 receive_duration_ms=3 total_duration_ms=4
[2026-02-02 22:50:18.779] [info] [spider.worker] [TIMING] worker_id=3cd5416e-e337-415b-9960-fb26f427746a task_id=none get_next_task request_start=501860981 connect_end=501860982 send_end=501860982 receive_end=501860987 connect_duration_ms=1 send_duration_ms=0 receive_duration_ms=5 total_duration_ms=6
[2026-02-02 22:50:18.887] [info] [spider.worker] [TIMING] worker_id=3cd5416e-e337-415b-9960-fb26f427746a task_id=none get_next_task request_start=501861090 connect_end=501861091 send_end=501861091 receive_end=501861095 connect_duration_ms=1 send_duration_ms=0 receive_duration_ms=3 total_duration_ms=4
[2026-02-02 22:50:18.995] [info] [spider.worker] [TIMING] worker_id=3cd5416e-e337-415b-9960-fb26f427746a task_id=none get_next_task request_start=501861198 connect_end=501861199 send_end=501861200 receive_end=501861204 connect_duration_ms=1 send_duration_ms=0 receive_duration_ms=4 total_duration_ms=5
[2026-02-02 22:50:19.103] [info] [spider.worker] [TIMING] worker_id=3cd5416e-e337-415b-9960-fb26f427746a task_id=none get_next_task request_start=501861306 connect_end=501861307 send_end=501861307 receive_end=501861311 connect_duration_ms=1 send_duration_ms=0 receive_duration_ms=3 total_duration_ms=4
[2026-02-02 22:50:19.211] [info] [spider.worker] [TIMING] worker_id=3cd5416e-e337-415b-9960-fb26f427746a task_id=none get_next_task request_start=501861413 connect_end=501861414 send_end=501861414 receive_end=501861420 connect_duration_ms=1 send_duration_ms=0 receive_duration_ms=5 total_duration_ms=6
[2026-02-02 22:50:19.319] [info] [spider.worker] [TIMING] worker_id=3cd5416e-e337-415b-9960-fb26f427746a task_id=none get_next_task request_start=501861522 connect_end=501861523 send_end=501861524 receive_end=501861527 connect_duration_ms=1 send_duration_ms=0 receive_duration_ms=3 total_duration_ms=5
[2026-02-02 22:50:19.429] [info] [spider.worker] [TIMING] worker_id=3cd5416e-e337-415b-9960-fb26f427746a task_id=none get_next_task request_start=501861630 connect_end=501861631 send_end=501861631 receive_end=501861637 connect_duration_ms=1 send_duration_ms=0 receive_duration_ms=6 total_duration_ms=7
[2026-02-02 22:50:19.538] [info] [spider.worker] [TIMING] worker_id=3cd5416e-e337-415b-9960-fb26f427746a task_id=none get_next_task request_start=501861740 connect_end=501861741 send_end=501861741 receive_end=501861746 connect_duration_ms=1 send_duration_ms=0 receive_duration_ms=4 total_duration_ms=5
[2026-02-02 22:50:19.645] [info] [spider.worker] [TIMING] worker_id=3cd5416e-e337-415b-9960-fb26f427746a task_id=none get_next_task request_start=501861849 connect_end=501861850 send_end=501861850 receive_end=501861854 connect_duration_ms=1 send_duration_ms=0 receive_duration_ms=3 total_duration_ms=4
[2026-02-02 22:50:19.753] [info] [spider.worker] [TIMING] worker_id=3cd5416e-e337-415b-9960-fb26f427746a task_id=none get_next_task request_start=501861956 connect_end=501861957 send_end=501861957 receive_end=501861962 connect_duration_ms=1 send_duration_ms=0 receive_duration_ms=4 total_duration_ms=5
[2026-02-02 22:50:19.860] [info] [spider.worker] [TIMING] worker_id=3cd5416e-e337-415b-9960-fb26f427746a task_id=none get_next_task request_start=501862064 connect_end=501862065 send_end=501862065 receive_end=501862068 connect_duration_ms=0 send_duration_ms=0 receive_duration_ms=2 total_duration_ms=3
[2026-02-02 22:50:19.968] [info] [spider.worker] [TIMING] worker_id=3cd5416e-e337-415b-9960-fb26f427746a task_id=none get_next_task request_start=501862171 connect_end=501862173 send_end=501862173 receive_end=501862176 connect_duration_ms=1 send_duration_ms=0 receive_duration_ms=3 total_duration_ms=4
[2026-02-02 22:50:20.076] [info] [spider.worker] [TIMING] worker_id=3cd5416e-e337-415b-9960-fb26f427746a task_id=none get_next_task request_start=501862278 connect_end=501862279 send_end=501862279 receive_end=501862284 connect_duration_ms=1 send_duration_ms=0 receive_duration_ms=5 total_duration_ms=6
[2026-02-02 22:50:20.184] [info] [spider.worker] [TIMING] worker_id=3cd5416e-e337-415b-9960-fb26f427746a task_id=none get_next_task request_start=501862387 connect_end=501862389 send_end=501862389 receive_end=501862392 connect_duration_ms=1 send_duration_ms=0 receive_duration_ms=3 total_duration_ms=4
[2026-02-02 22:50:20.292] [info] [spider.worker] [TIMING] worker_id=3cd5416e-e337-415b-9960-fb26f427746a task_id=none get_next_task request_start=501862495 connect_end=501862496 send_end=501862496 receive_end=501862500 connect_duration_ms=1 send_duration_ms=0 receive_duration_ms=3 total_duration_ms=5
[2026-02-02 22:50:20.400] [info] [spider.worker] [TIMING] worker_id=3cd5416e-e337-415b-9960-fb26f427746a task_id=none get_next_task request_start=501862602 connect_end=501862603 send_end=501862603 receive_end=501862608 connect_duration_ms=0 send_duration_ms=0 receive_duration_ms=4 total_duration_ms=5
[2026-02-02 22:50:20.508] [info] [spider.worker] [TIMING] worker_id=3cd5416e-e337-415b-9960-fb26f427746a task_id=none get_next_task request_start=501862710 connect_end=501862711 send_end=501862711 receive_end=501862716 connect_duration_ms=0 send_duration_ms=0 receive_duration_ms=4 total_duration_ms=5
[2026-02-02 22:50:20.617] [info] [spider.worker] [TIMING] worker_id=3cd5416e-e337-415b-9960-fb26f427746a task_id=none get_next_task request_start=501862819 connect_end=501862820 send_end=501862820 receive_end=501862825 connect_duration_ms=1 send_duration_ms=0 receive_duration_ms=5 total_duration_ms=6
[2026-02-02 22:50:20.724] [info] [spider.worker] [TIMING] worker_id=3cd5416e-e337-415b-9960-fb26f427746a task_id=none get_next_task request_start=501862927 connect_end=501862929 send_end=501862929 receive_end=501862933 connect_duration_ms=1 send_duration_ms=0 receive_duration_ms=3 total_duration_ms=5
[2026-02-02 22:50:20.831] [info] [spider.worker] [TIMING] worker_id=3cd5416e-e337-415b-9960-fb26f427746a task_id=none get_next_task request_start=501863035 connect_end=501863036 send_end=501863036 receive_end=501863040 connect_duration_ms=1 send_duration_ms=0 receive_duration_ms=3 total_duration_ms=4
[2026-02-02 22:50:20.938] [info] [spider.worker] [TIMING] worker_id=3cd5416e-e337-415b-9960-fb26f427746a task_id=none get_next_task request_start=501863142 connect_end=501863144 send_end=501863144 receive_end=501863147 connect_duration_ms=1 send_duration_ms=0 receive_duration_ms=3 total_duration_ms=4
[2026-02-02 22:50:21.047] [info] [spider.worker] [TIMING] worker_id=3cd5416e-e337-415b-9960-fb26f427746a task_id=none get_next_task request_start=501863249 connect_end=501863250 send_end=501863250 receive_end=501863256 connect_duration_ms=1 send_duration_ms=0 receive_duration_ms=5 total_duration_ms=6
[2026-02-02 22:50:21.155] [info] [spider.worker] [TIMING] worker_id=3cd5416e-e337-415b-9960-fb26f427746a task_id=none get_next_task request_start=501863358 connect_end=501863359 send_end=501863359 receive_end=501863364 connect_duration_ms=1 send_duration_ms=0 receive_duration_ms=4 total_duration_ms=5
[2026-02-02 22:50:21.262] [info] [spider.worker] [TIMING] worker_id=3cd5416e-e337-415b-9960-fb26f427746a task_id=none get_next_task request_start=501863466 connect_end=501863467 send_end=501863467 receive_end=501863471 connect_duration_ms=1 send_duration_ms=0 receive_duration_ms=3 