[2026-02-03 01:10:37.183] [warning] [spider.worker] Prefer using `SPIDER_STORAGE_URL` environment variable over `--storage_url` argument.
[2026-02-03 01:10:37.369] [info] [spider.worker] [TIMING] worker_id=1f902afc-ec89-467f-a98b-64b46f06ec46 task_id=none get_next_task request_start=510279566 connect_end=510279567 send_end=510279567 receive_end=510279577 connect_duration_ms=1 send_duration_ms=0 receive_duration_ms=9 total_duration_ms=11
[2026-02-03 01:10:37.475] [info] [spider.worker] [TIMING] worker_id=1f902afc-ec89-467f-a98b-64b46f06ec46 task_id=none get_next_task request_start=510279679 connect_end=510279680 send_end=510279680 receive_end=510279683 connect_duration_ms=1 send_duration_ms=0 receive_duration_ms=2 total_duration_ms=4
[2026-02-03 01:10:37.583] [info] [spider.worker] [TIMING] worker_id=1f902afc-ec89-467f-a98b-64b46f06ec46 task_id=none get_next_task request_start=510279786 connect_end=510279787 send_end=510279787 receive_end=510279791 connect_duration_ms=1 send_duration_ms=0 receive_duration_ms=4 total_duration_ms=5
[2026-02-03 01:10:37.690] [info] [spider.worker] [TIMING] worker_id=1f902afc-ec89-467f-a98b-64b46f06ec46 task_id=none get_next_task request_start=510279894 connect_end=510279896 send_end=510279896 receive_end=510279899 connect_duration_ms=1 send_duration_ms=0 receive_duration_ms=2 total_duration_ms=4
[2026-02-03 01:10:37.798] [info] [spider.worker] [TIMING] worker_id=1f902afc-ec89-467f-a98b-64b46f06ec46 task_id=none get_next_task request_start=510280001 connect_end=510280003 send_end=510280003 receive_end=510280006 connect_duration_ms=1 send_duration_ms=0 receive_duration_ms=3 total_duration_ms=4
[2026-02-03 01:10:37.903] [info] [spider.worker] [TIMING] worker_id=1f902afc-ec89-467f-a98b-64b46f06ec46 task_id=none get_next_task request_start=510280108 connect_end=510280109 send_end=510280109 receive_end=510280111 connect_duration_ms=1 send_duration_ms=0 receive_duration_ms=2 total_duration_ms=3
[2026-02-03 01:10:38.010] [info] [spider.worker] [TIMING] worker_id=1f902afc-ec89-467f-a98b-64b46f06ec46 task_id=none get_next_task request_start=510280213 connect_end=510280215 send_end=510280215 receive_end=510280218 connect_duration_ms=1 send_duration_ms=0 receive_duration_ms=3 total_duration_ms=4
[2026-02-03 01:10:38.119] [info] [spider.worker] [TIMING] worker_id=1f902afc-ec89-467f-a98b-64b46f06ec46 task_id=none get_next_task request_start=510280320 connect_end=510280321 send_end=510280321 receive_end=510280327 connect_duration_ms=1 send_duration_ms=0 receive_duration_ms=5 total_duration_ms=6
[2026-02-03 01:10:38.225] [info] [spider.worker] [TIMING] worker_id=1f902afc-ec89-467f-a98b-64b46f06ec46 task_id=none get_next_task request_start=510280429 connect_end=510280430 send_end=510280430 receive_end=510280433 connect_duration_ms=1 send_duration_ms=0 receive_duration_ms=2 total_duration_ms=3
[2026-02-03 01:10:38.330] [info] [spider.worker] [TIMING] worker_id=1f902afc-ec89-467f-a98b-64b46f06ec46 task_id=none get_next_task request_start=510280535 connect_end=510280536 send_end=510280536 receive_end=510280538 connect_duration_ms=1 send_duration_ms=0 receive_duration_ms=2 total_duration_ms=3
[2026-02-03 01:10:38.436] [info] [spider.worker] [TIMING] worker_id=1f902afc-ec89-467f-a98b-64b46f06ec46 task_id=none get_next_task request_start=510280640 connect_end=510280641 send_end=510280641 receive_end=510280644 connect_duration_ms=0 send_duration_ms=0 receive_duration_ms=3 total_duration_ms=4
[2026-02-03 01:10:38.546] [info] [spider.worker] [TIMING] worker_id=1f902afc-ec89-467f-a98b-64b46f06ec46 task_id=none get_next_task request_start=510280747 connect_end=510280748 send_end=510280748 receive_end=510280754 connect_duration_ms=1 send_duration_ms=0 receive_duration_ms=6 total_duration_ms=7
[2026-02-03 01:10:38.651] [info] [spider.worker] [TIMING] worker_id=1f902afc-ec89-467f-a98b-64b46f06ec46 task_id=none get_next_task request_start=510280856 connect_end=510280857 send_end=510280858 receive_end=510280860 connect_duration_ms=1 send_duration_ms=0 receive_duration_ms=2 total_duration_ms=3
[2026-02-03 01:10:38.759] [info] [spider.worker] [TIMING] worker_id=1f902afc-ec89-467f-a98b-64b46f06ec46 task_id=none get_next_task request_start=510280961 connect_end=510280963 send_end=510280963 receive_end=510280968 connect_duration_ms=1 send_duration_ms=0 receive_duration_ms=4 total_duration_ms=6
[2026-02-03 01:10:38.868] [info] [spider.worker] [TIMING] worker_id=1f902afc-ec89-467f-a98b-64b46f06ec46 task_id=none get_next_task request_start=510281070 connect_end=510281072 send_end=510281072 receive_end=510281076 connect_duration_ms=1 send_duration_ms=0 receive_duration_ms=4 total_duration_ms=6
[2026-02-03 01:10:38.977] [info] [spider.worker] [TIMING] worker_id=1f902afc-ec89-467f-a98b-64b46f06ec46 task_id=none get_next_task request_start=510281179 connect_end=510281181 send_end=510281181 receive_end=510281185 connect_duration_ms=1 send_duration_ms=0 receive_duration_ms=4 total_duration_ms=5
[2026-02-03 01:10:39.086] [info] [spider.worker] [TIMING] worker_id=1f902afc-ec89-467f-a98b-64b46f06ec46 task_id=none get_next_task request_start=510281288 connect_end=510281290 send_end=510281290 receive_end=510281294 connect_duration_ms=2 send_duration_ms=0 receive_duration_ms=4 total_duration_ms=6
[2026-02-03 01:10:39.194] [info] [spider.worker] [TIMING] worker_id=1f902afc-ec89-467f-a98b-64b46f06ec46 task_id=none get_next_task request_start=510281397 connect_end=510281399 send_end=510281399 receive_end=510281403 connect_duration_ms=2 send_duration_ms=0 receive_duration_ms=3 total_duration_ms=5
[2026-02-03 01:10:39.305] [info] [spider.worker] [TIMING] worker_id=1f902afc-ec89-467f-a98b-64b46f06ec46 task_id=none get_next_task request_start=510281505 connect_end=510281507 send_end=510281507 receive_end=510281514 connect_duration_ms=1 send_duration_ms=0 receive_duration_ms=7 total_duration_ms=8
[2026-02-03 01:10:39.421] [info] [spider.worker] [TIMING] worker_id=1f902afc-ec89-467f-a98b-64b46f06ec46 task_id=none get_next_task request_start=510281625 connect_end=510281626 send_end=510281626 receive_end=510281629 connect_duration_ms=1 send_duration_ms=0 receive_duration_ms=3 total_duration_ms=4
[2026-02-03 01:10:39.526] [info] [spider.worker] [TIMING] worker_id=1f902afc-ec89-467f-a98b-64b46f06ec46 task_id=none get_next_task request_start=510281731 connect_end=510281732 send_end=510281732 receive_end=510281734 connect_duration_ms=1 send_duration_ms=0 receive_duration_ms=1 total_duration_ms=2
[2026-02-03 01:10:39.633] [info] [spider.worker] [TIMING] worker_id=1f902afc-ec89-467f-a98b-64b46f06ec46 task_id=none get_next_task request_start=510281836 connect_end=510281838 send_end=510281838 receive_end=510281842 connect_duration_ms=1 send_duration_ms=0 receive_duration_ms=3 total_duration_ms=5
[2026-02-03 01:10:39.741] [info] [spider.worker] [TIMING] worker_id=1f902afc-ec89-467f-a98b-64b46f06ec46 task_id=none get_next_task request_start=510281944 connect_end=510281945 send_end=510281945 receive_end=510281949 connect_duration_ms=1 send_duration_ms=0 receive_duration_ms=3 total_duration_ms=5
[2026-02-03 01:10:39.848] [info] [spider.worker] [TIMING] worker_id=1f902afc-ec89-467f-a98b-64b46f06ec46 task_id=none get_next_task request_start=510282052 connect_end=510282053 send_end=510282053 receive_end=510282057 connect_duration_ms=1 send_duration_ms=0 receive_duration_ms=3 total_duration_ms=5
[2026-02-03 01:10:39.954] [info] [spider.worker] [TIMING] worker_id=1f902afc-ec89-467f-a98b-64b46f06ec46 task_id=none get_next_task request_start=510282159 connect_end=510282160 send_end=510282160 receive_end=510282162 connect_duration_ms=1 send_duration_ms=0 receive_duration_ms=2 total_duration_ms=3
[2026-02-03 01:10:40.059] [info] [spider.worker] [TIMING] worker_id=1f902afc-ec89-467f-a98b-64b46f06ec46 task_id=none get_next_task request_start=510282264 connect_end=510282265 send_end=510282265 receive_end=510282267 connect_duration_ms=0 send_duration_ms=0 receive_duration_ms=2 total_duration_ms=3
[2026-02-03 01:10:40.165] [info] [spider.worker] [TIMING] worker_id=1f902afc-ec89-467f-a98b-64b46f06ec46 task_id=none get_next_task request_start=510282369 connect_end=510282370 send_end=510282370 receive_end=510282373 connect_duration_ms=0 send_duration_ms=0 receive_duration_ms=2 total_duration_ms=3
[2026-02-03 01:10:40.271] [info] [spider.worker] [TIMING] worker_id=1f902afc-ec89-467f-a98b-64b46f06ec46 task_id=none get_next_task request_start=510282475 connect_end=510282476 send_end=510282476 receive_end=510282479 connect_duration_ms=0 send_duration_ms=0 receive_duration_ms=3 total_duration_ms=4
[2026-02-03 01:10:40.381] [info] [spider.worker] [TIMING] worker_id=1f902afc-ec89-467f-a98b-64b46f06ec46 task_id=none get_next_task request_start=510282586 connect_end=510282588 send_end=510282588 receive_end=510282589 connect_duration_ms=1 send_duration_ms=0 receive_duration_ms=1 total_duration_ms=3
[2026-02-03 01:10:40.487] [info] [spider.worker] [TIMING] worker_id=1f902afc-ec89-467f-a98b-64b46f06ec46 task_id=none get_next_task request_start=510282692 connect_end=510282693 send_end=510282693 receive_end=510282695 connect_duration_ms=1 send_duration_ms=0 receive_duration_ms=1 total_duration_ms=3
[2026-02-03 01:10:40.592] [info] [spider.worker] [TIMING] worker_id=1f902afc-ec89-467f-a98b-64b46f06ec46 task_id=none get_next_task request_start=510282797 connect_end=510282798 send_end=510282798 receive_end=510282800 connect_duration_ms=1 send_duration_ms=0 receive_duration_ms=2 total_duration_ms=3
[2026-02-03 01:10:40.699] [info] [spider.worker] [TIMING] worker_id=1f902afc-ec89-467f-a98b-64b46f06ec46 task_id=none get_next_task request_start=510282903 connect_end=510282904 send_end=510282904 receive_end=510282908 connect_duration_ms=1 send_duration_ms=0 receive_duration_ms=3 total_duration_ms=5
[2026-02-03 01:10:40.808] [info] [spider.worker] [TIMING] worker_id=1f902afc-ec89-467f-a98b-64b46f06ec46 task_id=none get_next_task request_start=510283010 connect_end=510283012 send_end=510283012 receive_end=510283016 connect_duration_ms=1 send_duration_ms=0 receive_duration_ms=3 total_duration_ms=5
[2026-02-03 01:10:40.915] [info] [spider.worker] [TIMING] worker_id=1f902afc-ec89-467f-a98b-64b46f06ec46 task_id=none get_next_task request_start=510283119 connect_end=510283121 send_end=510283121 receive_end=510283123 connect_duration_ms=1 send_duration_ms=0 receive_duration_ms=2 total_duration_ms=4
[2026-02-03 01:10:41.023] [info] [spider.worker] [TIMING] worker_id=1f902afc-ec89-467f-a98b-64b46f06ec46 task_id=none get_next_task request_start=510283226 connect_end=510283228 send_end=510283228 receive_end=510283232 connect_duration_ms=1 send_duration_ms=0 receive_duration_ms=3 total_duration_ms=5
[2026-02-03 01:10:41.132] [info] [spider.worker] [TIMING] worker_id=1f902afc-ec89-467f-a98b-64b46f06ec46 task_id=none get_next_task request_start=510283335 connect_end=510283336 send_end=510283336 receive_end=510283340 connect_duration_ms=1 send_duration_ms=0 receive_duration_ms=3 total_duration_ms=5
[2026-02-03 01:10:41.242] [info] [spider.worker] [TIMING] worker_id=1f902afc-ec89-467f-a98b-64b46f06ec46 task_id=none get_next_task request_start=510283443 connect_end=510283445 send_end=510283445 receive_end=510283450 connect_duration_ms=1 send_duration_ms=0 receive_duration_ms=4 total_duration_ms=6
[2026-02-03 01:10:41.361] [info] [spider.worker] [TIMING] worker_id=1f902afc-ec89-467f-a98b-64b46f06ec46 task_id=none get_next_task request_start=510283553 connect_end=510283555 send_end=510283555 receive_end=510283570 connect_duration_ms=1 send_duration_ms=0 receive_duration_ms=14 total_duration_ms=16
[2026-02-03 01:10:41.469] [info] [spider.worker] [TIMING] worker_id=1f902afc-ec89-467f-a98b-64b46f06ec46 task_id=none get_next_task request_start=510283673 connect_end=510283674 send_end=510283674 receive_end=510283678 connect_duration_ms=1 send_duration_ms=0 receive_duration_ms=3 total_duration_ms=4
[2026-02-03 01:10:41.578] [info] [spider.worker] [TIMING] worker_id=1f902afc-ec89-467f-a98b-64b46f06ec46 task_id=none get_next_task request_start=510283781 connect_end=510283783 send_end=510283783 receive_end=510283787 connect_duration_ms=1 send_duration_ms=0 receive_duration_ms=3 total_duration_ms=5
[2026-02-03 01:10:41.687] [info] [spider.worker] [TIMING] worker_id=1f902afc-ec89-467f-a98b-64b46f06ec46 task_id=none get_next_task request_start=510283890 connect_end=510283891 send_end=510283891 receive_end=510283895 connect_duration_ms=1 send_duration_ms=0 receive_duration_ms=3 total_duration_ms=5
[2026-02-03 01:10:41.796] [info] [spider.worker] [TIMING] worker_id=1f902afc-ec89-467f-a98b-64b46f06ec46 task_id=none get_next_task request_start=510283998 connect_end=510284000 send_end=510284000 receive_end=510284005 connect_duration_ms=1 send_duration_ms=0 receive_duration_ms=4 total_duration_ms=6
[2026-02-03 01:10:41.905] [info] [spider.worker] [TIMING] worker_id=1f902afc-ec89-467f-a98b-64b46f06ec46 task_id=none get_next_task request_start=510284107 connect_end=510284109 send_end=510284109 receive_end=510284114 connect_duration_ms=1 send_duration_ms=0 receive_duration_ms=4 total_duration_ms=6
[2026-02-03 01:10:42.015] [info] [spider.worker] [TIMING] worker_id=1f902afc-ec89-467f-a98b-64b46f06ec46 task_id=none get_next_task request_start=510284217 connect_end=510284219 send_end=510284219 receive_end=510284223 connect_duration_ms=2 send_duration_ms=0 receive_duration_ms=3 total_duration_ms=6
[2026-02-03 01:10:42.124] [info] [spider.worker] [TIMING] worker_id=1f902afc-ec89-467f-a98b-64b46f06ec46 task_id=none get_next_task request_start=510284327 connect_end=510284329 send_end=510284329 receive_end=510284332 connect_duration_ms=2 send_duration_ms=0 receive_duration_ms=3 total_duration_ms=5
[2026-02-03 01:10:42.233] [info] [spider.worker] [TIMING] worker_id=1f902afc-ec89-467f-a98b-64b46f06ec46 task_id=none get_next_task request_start=510284435 connect_end=510284437 send_end=510284437 receive_end=510284441 connect_duration_ms=1 send_duration_ms=0 receive_duration_ms=4 total_duration_ms=6
[2026-02-03 01:10:42.342] [info] [spider.worker] [TIMING] worker_id=1f902afc-ec89-467f-a98b-64b46f06ec46 task_id=none get_next_task request_start=510284545 connect_end=510284547 send_end=510284547 receive_end=510284551 connect_duration_ms=2 send_duration_ms=0 receive_duration_ms=4 total_duration_ms=6
[2026-02-03 01:10:42.451] [info] [spider.worker] [TIMING] worker_id=1f902afc-ec89-467f-a98b-64b46f06ec46 task_id=none get_next_task request_start=510284654 connect_end=510284655 send_end=510284655 receive_end=510284659 connect_duration_ms=1 send_duration_ms=0 receive_duration_ms=3 total_duration_ms=5
[2026-02-03 01:10:42.559] [info] [spider.worker] [TIMING] worker_id=1f902afc-ec89-467f-a98b-64b46f06ec46 task_id=none get_next_task request_start=510284762 connect_end=510284764 send_end=510284764 receive_end=510284768 connect_duration_ms=1 send_duration_ms=0 receive_duration_ms=3 total_duration_ms=5
[2026-02-03 01:10:42.669] [info] [spider.worker] [TIMING] worker_id=1f902afc-ec89-467f-a98b-64b46f06ec46 task_id=none get_next_task request_start=510284871 connect_end=510284873 send_end=510284873 receive_end=510284878 connect_duration_ms=1 send_duration_ms=0 receive_duration_ms=4 total_duration_ms=6
[2026-02-03 01:10:42.779] [info] [spider.worker] [TIMING] worker_id=1f902afc-ec89-467f-a98b-64b46f06ec46 task_id=none get_next_task request_start=510284981 connect_end=510284983 send_end=510284983 receive_end=510284987 connect_duration_ms=1 send_duration_ms=0 receive_duration_ms=4 total_duration_ms=6
[2026-02-03 01:10:42.888] [info] [spider.worker] [TIMING] worker_id=1f902afc-ec89-467f-a98b-64b46f06ec46 task_id=none get_next_task request_start=510285090 connect_end=510285092 send_end=510285092 receive_end=510285096 connect_duration_ms=1 send_duration_ms=0 receive_duration_ms=4 total_duration_ms=6
[2026-02-03 01:10:42.993] [info] [spider.worker] [TIMING] worker_id=1f902afc-ec89-467f-a98b-64b46f06ec46 task_id=none get_next_task request_start=510285198 connect_end=510285199 send_end=510285199 receive_end=510285202 connect_duration_ms=1 send_duration_ms=0 receive_duration_ms=2 total_duration_ms=3
[2026-02-03 01:10:43.100] [info] [spider.worker] [TIMING] worker_id=1f902afc-ec89-467f-a98b-64b46f06ec46 task_id=none get_next_task request_start=510285303 connect_end=510285304 send_end=510285305 receive_end=510285308 connect_duration_ms=1 send_duration_ms=0 receive_duration_ms=3 total_duration_ms=4
[2026-02-03 01:10:43.207] [info] [spider.worker] [TIMING] worker_id=1f902afc-ec89-467f-a98b-64b46f06ec46 task_id=none get_next_task request_start=510285410 connect_end=510285412 send_end=510285412 receive_end=510285415 connect_duration_ms=1 send_duration_ms=0 receive_duration_ms=3 total_duration_ms=4
[2026-02-03 01:10:43.313] [info] [spider.worker] [TIMING] worker_id=1f902afc-ec89-467f-a98b-64b46f06ec46 task_id=none get_next_task request_start=510285518 connect_end=510285519 send_end=510285519 receive_end=510285521 connect_duration_ms=1 send_duration_ms=0 receive_duration_ms=2 total_duration_ms=3
[2026-02-03 01:10:43.432] [info] [spider.worker] [TIMING] worker_id=1f902afc-ec89-467f-a98b-64b46f06ec46 task_id=none get_next_task request_start=510285624 connect_end=510285625 send_end=510285625 receive_end=510285640 connect_duration_ms=1 send_duration_ms=0 receive_duration_ms=14 total_duration_ms=16
[2026-02-03 01:10:43.541] [info] [spider.worker] [TIMING] worker_id=1f902afc-ec89-467f-a98b-64b46f06ec46 task_id=none get_next_task request_start=510285743 connect_end=510285745 send_end=510285745 receive_end=510285750 connect_duration_ms=2 send_duration_ms=0 receive_duration_ms=4 total_duration_ms=6
[2026-02-03 01:10:43.649] [info] [spider.worker] [TIMING] worker_id=1f902afc-ec89-467f-a98b-64b46f06ec46 task_id=none get_next_task request_start=510285852 connect_end=510285854 send_end=510285854 receive_end=510285857 connect_duration_ms=1 send_duration_ms=0 receive_duration_ms=3 total_duration_ms=5
[2026-02-03 01:10:43.755] [info] [spider.worker] [TIMING] worker_id=1f902afc-ec89-467f-a98b-64b46f06ec46 task_id=none get_next_task request_start=510285960 connect_end=510285961 send_end=510285961 receive_end=510285963 connect_duration_ms=1 send_duration_ms=0 receive_duration_ms=1 total_duration_ms=3
[2026-02-03 01:10:43.861] [info] [spider.worker] [TIMING] worker_id=1f902afc-ec89-467f-a98b-64b46f06ec46 task_id=none get_next_task request_start=510286066 connect_end=510286067 send_end=510286067 receive_end=510286070 connect_duration_ms=1 send_duration_ms=0 receive_duration_ms=2 total_duration_ms=3
[2026-02-03 01:10:43.966] [info] [spider.worker] [TIMING] worker_id=1f902afc-ec89-467f-a98b-64b46f06ec46 task_id=none get_next_task request_start=510286171 connect_end=510286173 send_end=510286173 receive_end=510286175 connect_duration_ms=1 send_duration_ms=0 receive_duration_ms=2 total_duration_ms=3
[2026-02-03 01:10:44.072] [info] [spider.worker] [TIMING] worker_id=1f902afc-ec89-467f-a98b-64b46f06ec46 task_id=none get_next_task request_start=510286277 connect_end=510286278 send_end=510286278 receive_end=510286280 connect_duration_ms=1 send_duration_ms=0 receive_duration_ms=2 total_duration_ms=3
[2026-02-03 01:10:44.181] [info] [spider.worker] [TIMING] worker_id=1f902afc-ec89-467f-a98b-64b46f06ec46 task_id=none get_next_task request_start=510286383 connect_end=510286385 send_end=510286385 receive_end=510286389 connect_duration_ms=1 send_duration_ms=0 receive_duration_ms=4 total_duration_ms=6
[2026-02-03 01:10:44.288] [info] [spider.worker] [TIMING] worker_id=1f902afc-ec89-467f-a98b-64b46f06ec46 task_id=none get_next_task request_start=510286492 connect_end=510286494 send_end=510286494 receive_end=510286497 connect_duration_ms=1 send_duration_ms=0 receive_duration_ms=2 total_duration_ms=4
[2026-02-03 01:10:44.397] [info] [spider.worker] [TIMING] worker_id=1f902afc-ec89-467f-a98b-64b46f06ec46 task_id=none get_next_task request_start=510286600 connect_end=510286601 send_end=510286601 receive_end=510286605 connect_duration_ms=1 send_duration_ms=0 receive_duration_ms=3 total_duration_ms=5
[2026-02-03 01:10:44.516] [info] [spider.worker] [TIMING] worker_id=1f902afc-ec89-467f-a98b-64b46f06ec46 task_id=none get_next_task request_start=510286708 connect_end=510286709 send_end=510286709 receive_end=510286724 connect_duration_ms=1 send_duration_ms=0 receive_duration_ms=15 total_duration_ms=16
[2026-02-03 01:10:44.622] [info] [spider.worker] [TIMING] worker_id=1f902afc-ec89-467f-a98b-64b46f06ec46 task_id=none get_next_task request_start=510286827 connect_end=510286828 send_end=510286828 receive_end=510286830 connect_duration_ms=1 send_duration_ms=0 receive_duration_ms=1 total_duration_ms=3
[2026-02-03 01:10:44.728] [info] [spider.worker] [TIMING] worker_id=1f902afc-ec89-467f-a98b-64b46f06ec46 task_id=none get_next_task request_start=510286933 connect_end=510286934 send_end=510286934 receive_end=510286936 connect_duration_ms=1 send_duration_ms=0 receive_duration_ms=2 total_duration_ms=3
[2026-02-03 01:10:44.842] [info] [spider.worker] [TIMING] worker_id=1f902afc-ec89-467f-a98b-64b46f06ec46 task_id=none get_next_task request_start=510287039 connect_end=510287040 send_end=510287040 receive_end=510287050 connect_duration_ms=1 send_duration_ms=0 receive_duration_ms=9 total_duration_ms=11
[2026-02-03 01:10:44.950] [info] [spider.worker] [TIMING] worker_id=1f902afc-ec89-467f-a98b-64b46f06ec46 task_id=none get_next_task request_start=510287153 connect_end=510287155 send_end=510287155 receive_end=510287159 connect_duration_ms=1 send_duration_ms=0 receive_duration_ms=4 total_duration_ms=5
[2026-02-03 01:10:45.074] [info] [spider.worker] [TIMING] worker_id=1f902afc-ec89-467f-a98b-64b46f06ec46 task_id=none get_next_task request_start=510287261 connect_end=510287263 send_end=510287263 receive_end=510287282 connect_duration_ms=1 send_duration_ms=0 receive_duration_ms=19 total_duration_ms=20
[2026-02-03 01:10:45.181] [info] [spider.worker] [TIMING] worker_id=1f902afc-ec89-467f-a98b-64b46f06ec46 task_id=none get_next_task request_start=510287385 connect_end=510287387 send_end=510287387 receive_end=510287390 connect_duration_ms=1 send_duration_ms=0 receive_duration_ms=2 total_duration_ms=4
[2026-02-03 01:10:45.289] [info] [spider.worker] [TIMING] worker_id=1f902afc-ec89-467f-a98b-64b46f06ec46 task_id=none get_next_task request_start=510287493 connect_end=510287495 send_end=510287495 receive_end=510287497 connect_duration_ms=2 send_duration_ms=0 receive_duration_ms=2 total_duration_ms=4
[2026-02-03 01:10:45.395] [info] [spider.worker] [TIMING] worker_id=1f902afc-ec89-467f-a98b-64b46f06ec46 task_id=none get_next_task request_start=510287600 connect_end=510287601 send_end=510287601 receive_end=510287603 connect_duration_ms=1 send_duration_ms=0 receive_duration_ms=2 total_duration_ms=3
[2026-02-03 01:10:45.502] [info] [spider.worker] [TIMING] worker_id=1f902afc-ec89-467f-a98b-64b46f06ec46 task_id=none get_next_task request_start=510287706 connect_end=510287708 send_end=510287708 receive_end=510287711 connect_duration_ms=1 send_duration_ms=0 receive_duration_ms=2 total_duration_ms=4
[2026-02-03 01:10:45.611] [info] [spider.worker] [TIMING] worker_id=1f902afc-ec89-467f-a98b-64b46f06ec46 task_id=none get_next_task request_start=510287813 connect_end=510287814 send_end=510287814 receive_end=510287819 connect_duration_ms=1 send_duration_ms=0 receive_duration_ms=4 total_duration_ms=5
[2026-02-03 01:10:45.720] [info] [spider.worker] [TIMING] worker_id=1f902afc-ec89-467f-a98b-64b46f06ec46 task_id=none get_next_task request_start=510287921 connect_end=510287923 send_end=510287923 receive_end=510287928 connect_duration_ms=1 send_duration_ms=0 receive_duration_ms=4 total_duration_ms=6
[2026-02-03 01:10:45.828] [info] [spider.worker] [TIMING] worker_id=1f902afc-ec89-467f-a98b-64b46f06ec46 task_id=none get_next_task request_start=510288030 connect_end=510288032 send_end=510288032 receive_end=510288036 connect_duration_ms=1 send_duration_ms=0 receive_duration_ms=4 total_duration_ms=6
[2026-02-03 01:10:45.936] [info] [spider.worker] [TIMING] worker_id=1f902afc-ec89-467f-a98b-64b46f06ec46 task_id=none get_next_task request_start=510288139 connect_end=510288141 send_end=510288141 receive_end=510288145 connect_duration_ms=2 send_duration_ms=0 receive_duration_ms=3 total_duration_ms=5
[2026-02-03 01:10:46.045] [info] [spider.worker] [TIMING] worker_id=1f902afc-ec89-467f-a98b-64b46f06ec46 task_id=none get_next_task request_start=510288247 connect_end=510288249 send_end=510288249 receive_end=510288254 connect_duration_ms=1 send_duration_ms=0 receive_duration_ms=4 total_duration_ms=6
[2026-02-03 01:10:46.153] [info] [spider.worker] [TIMING] worker_id=1f902afc-ec89-467f-a98b-64b46f06ec46 task_id=none get_next_task request_start=510288356 connect_end=510288357 send_end=510288357 receive_end=510288361 connect_duration_ms=1 send_duration_ms=0 receive_duration_ms=3 total_duration_ms=5
[2026-02-03 01:10:46.260] [info] [spider.worker] [TIMING] worker_id=1f902afc-ec89-467f-a98b-64b46f06ec46 task_id=none get_next_task request_start=510288463 connect_end=510288465 send_end=510288465 receive_end=510288468 connect_duration_ms=1 send_duration_ms=0 receive_duration_ms=3 total_duration_ms=5
[2026-02-03 01:10:46.368] [info] [spider.worker] [TIMING] worker_id=1f902afc-ec89-467f-a98b-64b46f06ec46 task_id=none get_next_task request_start=510288571 connect_end=510288573 send_end=510288573 receive_end=510288577 connect_duration_ms=1 send_duration_ms=0 receive_duration_ms=3 total_duration_ms=5
[2026-02-03 01:10:46.476] [info] [spider.worker] [TIMING] worker_id=1f902afc-ec89-467f-a98b-64b46f06ec46 task_id=none get_next_task request_start=510288679 connect_end=510288681 send_end=510288681 receive_end=510288685 connect_duration_ms=1 send_duration_ms=0 receive_duration_ms=3 total_duration_ms=5
[2026-02-03 01:10:46.767] [info] [spider.worker] [TIMING] worker_id=1f902afc-ec89-467f-a98b-64b46f06ec46 task_id=none get_next_task request_start=510288875 connect_end=510288877 send_end=510288877 receive_end=510288975 connect_duration_ms=2 send_duration_ms=0 receive_duration_ms=98 total_duration_ms=100
[2026-02-03 01:10:46.885] [info] [spider.worker] [TIMING] worker_id=1f902afc-ec89-467f-a98b-64b46f06ec46 task_id=none get_next_task request_start=510289078 connect_end=510289079 send_end=510289080 receive_end=510289094 connect_duration_ms=1 send_duration_ms=0 receive_duration_ms=14 total_duration_ms=15
[2026-02-03 01:10:47.029] [info] [spider.worker] [TIMING] worker_id=1f902afc-ec89-467f-a98b-64b46f06ec46 task_id=none get_next_task request_start=510289204 connect_end=510289206 send_end=510289207 receive_end=510289237 connect_duration_ms=2 send_duration_ms=0 receive_duration_ms=30 total_duration_ms=32
[2026-02-03 01:10:47.188] [info] [spider.worker] [TIMING] worker_id=1f902afc-ec89-467f-a98b-64b46f06ec46 task_id=none get_next_task request_start=510289346 connect_end=510289347 send_end=510289347 receive_end=510289397 connect_duration_ms=1 send_duration_ms=0 receive_duration_ms=49 total_duration_ms=51
[2026-02-03 01:10:47.326] [info] [spider.worker] [TIMING] worker_id=1f902afc-ec89-467f-a98b-64b46f06ec46 task_id=none get_next_task request_start=510289506 connect_end=510289508 send_end=510289508 receive_end=510289534 connect_duration_ms=1 send_duration_ms=0 receive_duration_ms=26 total_duration_ms=28
[2026-02-03 01:10:47.464] [info] [spider.worker] [TIMING] worker_id=1f902afc-ec89-467f-a98b-64b46f06ec46 task_id=1d6b0ae2-8df1-4308-8658-1b8f8f606cd2 get_next_task request_start=510289636 connect_end=510289638 send_end=510289638 receive_end=510289638 connect_duration_ms=1 send_duration_ms=0 receive_duration_ms=0 total_duration_ms=1
[2026-02-03 01:10:47.466] [info] [spider.worker] [TIMING] task_id=1d6b0ae2-8df1-4308-8658-1b8f8f606cd2 storage_connect_start=510289672 storage_connect_end=510289674 storage_connect_duration_ms=2 phase=pre_execution
[2026-02-03 01:10:47.468] [info] [spider.worker] [TIMING] task_id=1d6b0ae2-8df1-4308-8658-1b8f8f606cd2 func=job_orchestration.executor.query.spider_search_task.search_without_channel fetch_input_start=510289674 fetch_input_end=510289676 fetch_input_duration_ms=1
[2026-02-03 01:10:47.468] [info] [spider.worker] [TIMING] task_id=1d6b0ae2-8df1-4308-8658-1b8f8f606cd2 func=job_orchestration.executor.query.spider_search_task.search_without_channel input_send_start=510289677 input_send_end=510289677 input_send_duration_ms=0 bytes=612
[2026-02-03 01:10:47.468] [info] [spider.worker] [TIMING] task_id=1d6b0ae2-8df1-4308-8658-1b8f8f606cd2 func=job_orchestration.executor.query.spider_search_task.search_without_channel spawn_start=510289676 spawn_end=510289677 spawn_duration_ms=0
[2026-02-03 01:10:48.988] [info] [spider.worker] [TIMING] task_id=1d6b0ae2-8df1-4308-8658-1b8f8f606cd2 func=job_orchestration.executor.query.spider_search_task.search_without_channel execution_start=510289677 execution_end=510291196 execution_duration_ms=1518
[2026-02-03 01:10:48.989] [info] [spider.worker] [TIMING] task_id=1d6b0ae2-8df1-4308-8658-1b8f8f606cd2 func=job_orchestration.executor.query.spider_search_task.search_without_channel storage_connect_start=510291196 storage_connect_end=510291198 storage_connect_duration_ms=1 phase=handle_result
[2026-02-03 01:10:49.024] [info] [spider.worker] [TIMING] task_id=1d6b0ae2-8df1-4308-8658-1b8f8f606cd2 func=job_orchestration.executor.query.spider_search_task.search_without_channel submit_output_start=510291198 submit_output_end=510291233 submit_output_duration_ms=34
[2026-02-03 01:10:49.040] [info] [spider.worker] [TIMING] worker_id=1f902afc-ec89-467f-a98b-64b46f06ec46 task_id=671e2e0c-7abb-4314-b573-947bb17554bd get_next_task request_start=510291235 connect_end=510291236 send_end=510291236 receive_end=510291236 connect_duration_ms=1 send_duration_ms=0 receive_duration_ms=0 total_duration_ms=1
[2026-02-03 01:10:49.042] [info] [spider.worker] [TIMING] task_id=671e2e0c-7abb-4314-b573-947bb17554bd storage_connect_start=510291249 storage_connect_end=510291251 storage_connect_duration_ms=1 phase=pre_execution
[2026-02-03 01:10:49.044] [info] [spider.worker] [TIMING] task_id=671e2e0c-7abb-4314-b573-947bb17554bd func=job_orchestration.executor.query.spider_search_task.search_without_channel fetch_input_start=510291251 fetch_input_end=510291252 fetch_input_duration_ms=1
[2026-02-03 01:10:49.044] [info] [spider.worker] [TIMING] task_id=671e2e0c-7abb-4314-b573-947bb17554bd func=job_orchestration.executor.query.spider_search_task.search_without_channel input_send_start=510291252 input_send_end=510291252 input_send_duration_ms=0 bytes=612
[2026-02-03 01:10:49.044] [info] [spider.worker] [TIMING] task_id=671e2e0c-7abb-4314-b573-947bb17554bd func=job_orchestration.executor.query.spider_search_task.search_without_channel spawn_start=510291252 spawn_end=510291252 spawn_duration_ms=0
[2026-02-03 01:10:50.284] [info] [spider.worker] [TIMING] task_id=671e2e0c-7abb-4314-b573-947bb17554bd func=job_orchestration.executor.query.spider_search_task.search_without_channel execution_start=510291253 execution_end=510292492 execution_duration_ms=1239
[2026-02-03 01:10:50.295] [info] [spider.worker] [TIMING] task_id=671e2e0c-7abb-4314-b573-947bb17554bd func=job_orchestration.executor.query.spider_search_task.search_without_channel storage_connect_start=510292492 storage_connect_end=510292504 storage_connect_duration_ms=11 phase=handle_result
[2026-02-03 01:10:50.315] [info] [spider.worker] [TIMING] task_id=671e2e0c-7abb-4314-b573-947bb17554bd func=job_orchestration.executor.query.spider_search_task.search_without_channel submit_output_start=510292504 submit_output_end=510292524 submit_output_duration_ms=19
[2026-02-03 01:10:50.357] [info] [spider.worker] [TIMING] worker_id=1f902afc-ec89-467f-a98b-64b46f06ec46 task_id=0835f9a8-507e-4cc1-9a10-33ac539be641 get_next_task request_start=510292525 connect_end=510292527 send_end=510292527 receive_end=510292527 connect_duration_ms=1 send_duration_ms=0 receive_duration_ms=0 total_duration_ms=1
[2026-02-03 01:10:50.359] [info] [spider.worker] [TIMING] task_id=0835f9a8-507e-4cc1-9a10-33ac539be641 storage_connect_start=510292566 storage_connect_end=510292568 storage_connect_duration_ms=1 phase=pre_execution
[2026-02-03 01:10:50.360] [info] [spider.worker] [TIMING] task_id=0835f9a8-507e-4cc1-9a10-33ac539be641 func=job_orchestration.executor.query.spider_search_task.search_without_channel fetch_input_start=510292568 fetch_input_end=510292569 fetch_input_duration_ms=1
[2026-02-03 01:10:50.361] [info] [spider.worker] [TIMING] task_id=0835f9a8-507e-4cc1-9a10-33ac539be641 func=job_orchestration.executor.query.spider_search_task.search_without_channel input_send_start=510292569 input_send_end=510292569 input_send_duration_ms=0 bytes=612
[2026-02-03 01:10:50.361] [info] [spider.worker] [TIMING] task_id=0835f9a8-507e-4cc1-9a10-33ac539be641 func=job_orchestration.executor.query.spider_search_task.search_without_channel spawn_start=510292569 spawn_end=510292569 spawn_duration_ms=0
[2026-02-03 01:10:51.905] [info] [spider.worker] [TIMING] task_id=0835f9a8-507e-4cc1-9a10-33ac539be641 func=job_orchestration.executor.query.spider_search_task.search_without_channel execution_start=510292569 execution_end=510294114 execution_duration_ms=1544
[2026-02-03 01:10:51.908] [info] [spider.worker] [TIMING] task_id=0835f9a8-507e-4cc1-9a10-33ac539be641 func=job_orchestration.executor.query.spider_search_task.search_without_channel storage_connect_start=510294114 storage_connect_end=510294116 storage_connect_duration_ms=2 phase=handle_result
[2026-02-03 01:10:51.957] [info] [spider.worker] [TIMING] task_id=0835f9a8-507e-4cc1-9a10-33ac539be641 func=job_orchestration.executor.query.spider_search_task.search_without_channel submit_output_start=510294116 submit_output_end=510294166 submit_output_duration_ms=49
[2026-02-03 01:10:51.974] [info] [spider.worker] [TIMING] worker_id=1f902afc-ec89-467f-a98b-64b46f06ec46 task_id=c09a1103-0a0b-48f5-a190-ab443b8b4b92 get_next_task request_start=510294168 connect_end=510294169 send_end=510294169 receive_end=510294170 connect_duration_ms=1 send_duration_ms=0 receive_duration_ms=0 total_duration_ms=1
[2026-02-03 01:10:51.976] [info] [spider.worker] [TIMING] task_id=c09a1103-0a0b-48f5-a190-ab443b8b4b92 storage_connect_start=510294183 storage_connect_end=510294184 storage_connect_duration_ms=1 phase=pre_execution
[2026-02-03 01:10:51.977] [info] [spider.worker] [TIMING] task_id=c09a1103-0a0b-48f5-a190-ab443b8b4b92 func=job_orchestration.executor.query.spider_search_task.search_without_channel fetch_input_start=510294184 fetch_input_end=510294185 fetch_input_duration_ms=0
[2026-02-03 01:10:51.978] [info] [spider.worker] [TIMING] task_id=c09a1103-0a0b-48f5-a190-ab443b8b4b92 func=job_orchestration.executor.query.spider_search_task.search_without_channel input_send_start=510294186 input_send_end=510294186 input_send_duration_ms=0 bytes=612
[2026-02-03 01:10:51.978] [info] [spider.worker] [TIMING] task_id=c09a1103-0a0b-48f5-a190-ab443b8b4b92 func=job_orchestration.executor.query.spider_search_task.search_without_channel spawn_start=510294186 spawn_end=510294186 spawn_duration_ms=0
[2026-02-03 01:10:53.328] [info] [spider.worker] [TIMING] task_id=c09a1103-0a0b-48f5-a190-ab443b8b4b92 func=job_orchestration.executor.query.spider_search_task.search_without_channel execution_start=510294186 execution_end=510295536 execution_duration_ms=1350
[2026-02-03 01:10:53.330] [info] [spider.worker] [TIMING] task_id=c09a1103-0a0b-48f5-a190-ab443b8b4b92 func=job_orchestration.executor.query.spider_search_task.search_without_channel storage_connect_start=510295536 storage_connect_end=510295538 storage_connect_duration_ms=1 phase=handle_result
[2026-02-03 01:10:53.360] [info] [spider.worker] [TIMING] task_id=c09a1103-0a0b-48f5-a190-ab443b8b4b92 func=job_orchestration.executor.query.spider_search_task.search_without_channel submit_output_start=510295538 submit_output_end=510295568 submit_output_duration_ms=29
[2026-02-03 01:10:53.393] [info] [spider.worker] [TIMING] worker_id=1f902afc-ec89-467f-a98b-64b46f06ec46 task_id=05279f30-35e5-46d0-becc-921b99a0f606 get_next_task request_start=510295571 connect_end=510295572 send_end=510295572 receive_end=510295572 connect_duration_ms=1 send_duration_ms=0 receive_duration_ms=0 total_duration_ms=1
[2026-02-03 01:10:53.395] [info] [spider.worker] [TIMING] task_id=05279f30-35e5-46d0-becc-921b99a0f606 storage_connect_start=510295602 storage_connect_end=510295604 storage_connect_duration_ms=1 phase=pre_execution
[2026-02-03 01:10:53.396] [info] [spider.worker] [TIMING] task_id=05279f30-35e5-46d0-becc-921b99a0f606 func=job_orchestration.executor.query.spider_search_task.search_without_channel fetch_input_start=510295604 fetch_input_end=510295605 fetch_input_duration_ms=1
[2026-02-03 01:10:53.397] [info] [spider.worker] [TIMING] task_id=05279f30-35e5-46d0-becc-921b99a0f606 func=job_orchestration.executor.query.spider_search_task.search_without_channel input_send_start=510295605 input_send_end=510295605 input_send_duration_ms=0 bytes=612
[2026-02-03 01:10:53.397] [info] [spider.worker] [TIMING] task_id=05279f30-35e5-46d0-becc-921b99a0f606 func=job_orchestration.executor.query.spider_search_task.search_without_channel spawn_start=510295605 spawn_end=510295605 spawn_duration_ms=0
[2026-02-03 01:10:54.954] [info] [spider.worker] [TIMING] task_id=05279f30-35e5-46d0-becc-921b99a0f606 func=job_orchestration.executor.query.spider_search_task.search_without_channel execution_start=510295606 execution_end=510297163 execution_duration_ms=1557
[2026-02-03 01:10:54.956] [info] [spider.worker] [TIMING] task_id=05279f30-35e5-46d0-becc-921b99a0f606 func=job_orchestration.executor.query.spider_search_task.search_without_channel storage_connect_start=510297163 storage_connect_end=510297164 storage_connect_duration_ms=1 phase=handle_result
[2026-02-03 01:10:54.967] [info] [spider.worker] [TIMING] task_id=05279f30-35e5-46d0-becc-921b99a0f606 func=job_orchestration.executor.query.spider_search_task.search_without_channel submit_output_start=510297164 submit_output_end=510297175 submit_output_duration_ms=10
[2026-02-03 01:10:54.992] [info] [spider.worker] [TIMING] worker_id=1f902afc-ec89-467f-a98b-64b46f06ec46 task_id=c17d0d6f-59c0-4a7d-b736-1113967a02bd get_next_task request_start=510297178 connect_end=510297179 send_end=510297179 receive_end=510297180 connect_duration_ms=1 send_duration_ms=0 receive_duration_ms=0 total_duration_ms=1
[2026-02-03 01:10:54.994] [info] [spider.worker] [TIMING] task_id=c17d0d6f-59c0-4a7d-b736-1113967a02bd storage_connect_start=510297201 storage_connect_end=510297202 storage_connect_duration_ms=1 phase=pre_execution
[2026-02-03 01:10:54.995] [info] [spider.worker] [TIMING] task_id=c17d0d6f-59c0-4a7d-b736-1113967a02bd func=job_orchestration.executor.query.spider_search_task.search_without_channel fetch_input_start=510297202 fetch_input_end=510297203 fetch_input_duration_ms=1
[2026-02-03 01:10:54.996] [info] [spider.worker] [TIMING] task_id=c17d0d6f-59c0-4a7d-b736-1113967a02bd func=job_orchestration.executor.query.spider_search_task.search_without_channel input_send_start=510297204 input_send_end=510297204 input_send_duration_ms=0 bytes=612
[2026-02-03 01:10:54.996] [info] [spider.worker] [TIMING] task_id=c17d0d6f-59c0-4a7d-b736-1113967a02bd func=job_orchestration.executor.query.spider_search_task.search_without_channel spawn_start=510297203 spawn_end=510297204 spawn_duration_ms=0
[2026-02-03 01:10:56.534] [info] [spider.worker] [TIMING] task_id=c17d0d6f-59c0-4a7d-b736-1113967a02bd func=job_orchestration.executor.query.spider_search_task.search_without_channel execution_start=510297204 execution_end=510298742 execution_duration_ms=1537
[2026-02-03 01:10:56.536] [info] [spider.worker] [TIMING] task_id=c17d0d6f-59c0-4a7d-b736-1113967a02bd func=job_orchestration.executor.query.spider_search_task.search_without_channel storage_connect_start=510298742 storage_connect_end=510298744 storage_connect_duration_ms=2 phase=handle_result
[2026-02-03 01:10:56.558] [info] [spider.worker] [TIMING] task_id=c17d0d6f-59c0-4a7d-b736-1113967a02bd func=job_orchestration.executor.query.spider_search_task.search_without_channel submit_output_start=510298744 submit_output_end=510298766 submit_output_duration_ms=22
[2026-02-03 01:10:56.576] [info] [spider.worker] [TIMING] worker_id=1f902afc-ec89-467f-a98b-64b46f06ec46 task_id=1ec79a50-8b17-4e59-9ec3-26fb3cff86cf get_next_task request_start=510298768 connect_end=510298769 send_end=510298769 receive_end=510298769 connect_duration_ms=0 send_duration_ms=0 receive_duration_ms=0 total_duration_ms=1
[2026-02-03 01:10:56.577] [info] [spider.worker] [TIMING] task_id=1ec79a50-8b17-4e59-9ec3-26fb3cff86cf storage_connect_start=510298784 storage_connect_end=510298786 storage_connect_duration_ms=1 phase=pre_execution
[2026-02-03 01:10:56.578] [info] [spider.worker] [TIMING] task_id=1ec79a50-8b17-4e59-9ec3-26fb3cff86cf func=job_orchestration.executor.query.spider_search_task.search_without_channel fetch_input_start=510298786 fetch_input_end=510298787 fetch_input_duration_ms=1
[2026-02-03 01:10:56.579] [info] [spider.worker] [TIMING] task_id=1ec79a50-8b17-4e59-9ec3-26fb3cff86cf func=job_orchestration.executor.query.spider_search_task.search_without_channel input_send_start=510298787 input_send_end=510298787 input_send_duration_ms=0 bytes=612
[2026-02-03 01:10:56.579] [info] [spider.worker] [TIMING] task_id=1ec79a50-8b17-4e59-9ec3-26fb3cff86cf func=job_orchestration.executor.query.spider_search_task.search_without_channel spawn_start=510298787 spawn_end=510298787 spawn_duration_ms=0
[2026-02-03 01:10:58.103] [info] [spider.worker] [TIMING] task_id=1ec79a50-8b17-4e59-9ec3-26fb3cff86cf func=job_orchestration.executor.query.spider_search_task.search_without_channel execution_start=510298788 execution_end=510300311 execution_duration_ms=1523
[2026-02-03 01:10:58.104] [info] [spider.worker] [TIMING] task_id=1ec79a50-8b17-4e59-9ec3-26fb3cff86cf func=job_orchestration.executor.query.spider_search_task.search_without_channel storage_connect_start=510300311 storage_connect_end=510300312 storage_connect_duration_ms=1 phase=handle_result
[2026-02-03 01:10:58.136] [info] [spider.worker] [TIMING] task_id=1ec79a50-8b17-4e59-9ec3-26fb3cff86cf func=job_orchestration.executor.query.spider_search_task.search_without_channel submit_output_start=510300312 submit_output_end=510300344 submit_output_duration_ms=31
[2026-02-03 01:10:58.151] [info] [spider.worker] [TIMING] worker_id=1f902afc-ec89-467f-a98b-64b46f06ec46 task_id=26691a1d-585f-4e57-8128-59757f8b1259 get_next_task request_start=510300346 connect_end=510300348 send_end=510300348 receive_end=510300348 connect_duration_ms=1 send_duration_ms=0 receive_duration_ms=0 total_duration_ms=1
[2026-02-03 01:10:58.152] [info] [spider.worker] [TIMING] task_id=26691a1d-585f-4e57-8128-59757f8b1259 storage_connect_start=510300359 storage_connect_end=510300361 storage_connect_duration_ms=1 phase=pre_execution
[2026-02-03 01:10:58.153] [info] [spider.worker] [TIMING] task_id=26691a1d-585f-4e57-8128-59757f8b1259 func=job_orchestration.executor.query.spider_search_task.search_without_channel fetch_input_start=510300361 fetch_input_end=510300362 fetch_input_duration_ms=0
[2026-02-03 01:10:58.154] [info] [spider.worker] [TIMING] task_id=26691a1d-585f-4e57-8128-59757f8b1259 func=job_orchestration.executor.query.spider_search_task.search_without_channel input_send_start=510300362 input_send_end=510300362 input_send_duration_ms=0 bytes=612
[2026-02-03 01:10:58.154] [info] [spider.worker] [TIMING] task_id=26691a1d-585f-4e57-8128-59757f8b1259 func=job_orchestration.executor.query.spider_search_task.search_without_channel spawn_start=510300362 spawn_end=510300362 spawn_duration_ms=0
[2026-02-03 01:10:59.391] [info] [spider.worker] [TIMING] task_id=26691a1d-585f-4e57-8128-59757f8b1259 func=job_orchestration.executor.query.spider_search_task.search_without_channel execution_start=510300362 execution_end=510301599 execution_duration_ms=1237
[2026-02-03 01:10:59.393] [info] [spider.worker] [TIMING] task_id=26691a1d-585f-4e57-8128-59757f8b1259 func=job_orchestration.executor.query.spider_search_task.search_without_channel storage_connect_start=510301599 storage_connect_end=510301601 storage_connect_duration_ms=1 phase=handle_result
[2026-02-03 01:10:59.401] [info] [spider.worker] [TIMING] task_id=26691a1d-585f-4e57-8128-59757f8b1259 func=job_orchestration.executor.query.spider_search_task.search_without_channel submit_output_start=510301601 submit_output_end=510301610 submit_output_duration_ms=8
[2026-02-03 01:10:59.418] [info] [spider.worker] [TIMING] worker_id=1f902afc-ec89-467f-a98b-64b46f06ec46 task_id=ccb63126-0d40-4142-938a-38aad6070565 get_next_task request_start=510301612 connect_end=510301613 send_end=510301613 receive_end=510301614 connect_duration_ms=1 send_duration_ms=0 receive_duration_ms=0 total_duration_ms=1
[2026-02-03 01:10:59.420] [info] [spider.worker] [TIMING] task_id=ccb63126-0d40-4142-938a-38aad6070565 storage_connect_start=510301627 storage_connect_end=510301629 storage_connect_duration_ms=2 phase=pre_execution
[2026-02-03 01:10:59.422] [info] [spider.worker] [TIMING] task_id=ccb63126-0d40-4142-938a-38aad6070565 func=job_orchestration.executor.query.spider_search_task.search_without_channel fetch_input_start=510301629 fetch_input_end=510301630 fetch_input_duration_ms=1
[2026-02-03 01:10:59.422] [info] [spider.worker] [TIMING] task_id=ccb63126-0d40-4142-938a-38aad6070565 func=job_orchestration.executor.query.spider_search_task.search_without_channel input_send_start=510301631 input_send_end=510301631 input_send_duration_ms=0 bytes=612
[2026-02-03 01:10:59.422] [info] [spider.worker] [TIMING] task_id=ccb63126-0d40-4142-938a-38aad6070565 func=job_orchestration.executor.query.spider_search_task.search_without_channel spawn_start=510301630 spawn_end=510301631 spawn_duration_ms=0
[2026-02-03 01:11:00.716] [info] [spider.worker] [TIMING] task_id=ccb63126-0d40-4142-938a-38aad6070565 func=job_orchestration.executor.query.spider_search_task.search_without_channel execution_start=510301631 execution_end=510302924 execution_duration_ms=1293
[2026-02-03 01:11:00.717] [info] [spider.worker] [TIMING] task_id=ccb63126-0d40-4142-938a-38aad6070565 func=job_orchestration.executor.query.spider_search_task.search_without_channel storage_connect_start=510302924 storage_connect_end=510302926 storage_connect_duration_ms=1 phase=handle_result
[2026-02-03 01:11:00.742] [info] [spider.worker] [TIMING] task_id=ccb63126-0d40-4142-938a-38aad6070565 func=job_orchestration.executor.query.spider_search_task.search_without_channel submit_output_start=510302926 submit_output_end=510302950 submit_output_duration_ms=24
[2026-02-03 01:11:00.760] [info] [spider.worker] [TIMING] worker_id=1f902afc-ec89-467f-a98b-64b46f06ec46 task_id=fb37eeb7-5929-4674-90e7-cb223d24ad0e get_next_task request_start=510302952 connect_end=510302954 send_end=510302954 receive_end=510302954 connect_duration_ms=1 send_duration_ms=0 receive_duration_ms=0 total_duration_ms=1
[2026-02-03 01:11:00.762] [info] [spider.worker] [TIMING] task_id=fb37eeb7-5929-4674-90e7-cb223d24ad0e storage_connect_start=510302968 storage_connect_end=510302970 storage_connect_duration_ms=1 phase=pre_execution
[2026-02-03 01:11:00.763] [info] [spider.worker] [TIMING] task_id=fb37eeb7-5929-4674-90e7-cb223d24ad0e func=job_orchestration.executor.query.spider_search_task.search_without_channel fetch_input_start=510302970 fetch_input_end=510302971 fetch_input_duration_ms=1
[2026-02-03 01:11:00.764] [info] [spider.worker] [TIMING] task_id=fb37eeb7-5929-4674-90e7-cb223d24ad0e func=job_orchestration.executor.query.spider_search_task.search_without_channel input_send_start=510302972 input_send_end=510302972 input_send_duration_ms=0 bytes=612
[2026-02-03 01:11:00.764] [info] [spider.worker] [TIMING] task_id=fb37eeb7-5929-4674-90e7-cb223d24ad0e func=job_orchestration.executor.query.spider_search_task.search_without_channel spawn_start=510302971 spawn_end=510302972 spawn_duration_ms=0
[2026-02-03 01:11:02.141] [info] [spider.worker] [TIMING] task_id=fb37eeb7-5929-4674-90e7-cb223d24ad0e func=job_orchestration.executor.query.spider_search_task.search_without_channel execution_start=510302972 execution_end=510304349 execution_duration_ms=1376
[2026-02-03 01:11:02.142] [info] [spider.worker] [TIMING] task_id=fb37eeb7-5929-4674-90e7-cb223d24ad0e func=job_orchestration.executor.query.spider_search_task.search_without_channel storage_connect_start=510304349 storage_connect_end=510304350 storage_connect_duration_ms=1 phase=handle_result
[2026-02-03 01:11:02.160] [info] [spider.worker] [TIMING] task_id=fb37eeb7-5929-4674-90e7-cb223d24ad0e func=job_orchestration.executor.query.spider_search_task.search_without_channel submit_output_start=510304350 submit_output_end=510304368 submit_output_duration_ms=18
[2026-02-03 01:11:02.177] [info] [spider.worker] [TIMING] worker_id=1f902afc-ec89-467f-a98b-64b46f06ec46 task_id=01510ba2-a2b6-4b43-8456-5892c5096ec1 get_next_task request_start=510304371 connect_end=510304372 send_end=510304372 receive_end=510304372 connect_duration_ms=1 send_duration_ms=0 receive_duration_ms=0 total_duration_ms=1
[2026-02-03 01:11:02.178] [info] [spider.worker] [TIMING] task_id=01510ba2-a2b6-4b43-8456-5892c5096ec1 storage_connect_start=510304385 storage_connect_end=510304387 storage_connect_duration_ms=1 phase=pre_execution
[2026-02-03 01:11:02.179] [info] [spider.worker] [TIMING] task_id=01510ba2-a2b6-4b43-8456-5892c5096ec1 func=job_orchestration.executor.query.spider_search_task.search_without_channel fetch_input_start=510304387 fetch_input_end=510304388 fetch_input_duration_ms=0
[2026-02-03 01:11:02.180] [info] [spider.worker] [TIMING] task_id=01510ba2-a2b6-4b43-8456-5892c5096ec1 func=job_orchestration.executor.query.spider_search_task.search_without_channel input_send_start=510304388 input_send_end=510304388 input_send_duration_ms=0 bytes=612
[2026-02-03 01:11:02.180] [info] [spider.worker] [TIMING] task_id=01510ba2-a2b6-4b43-8456-5892c5096ec1 func=job_orchestration.executor.query.spider_search_task.search_without_channel spawn_start=510304388 spawn_end=510304388 spawn_duration_ms=0
[2026-02-03 01:11:03.494] [info] [spider.worker] [TIMING] task_id=01510ba2-a2b6-4b43-8456-5892c5096ec1 func=job_orchestration.executor.query.spider_search_task.search_without_channel execution_start=510304388 execution_end=510305702 execution_duration_ms=1314
[2026-02-03 01:11:03.496] [info] [spider.worker] [TIMING] task_id=01510ba2-a2b6-4b43-8456-5892c5096ec1 func=job_orchestration.executor.query.spider_search_task.search_without_channel storage_connect_start=510305702 storage_connect_end=510305704 storage_connect_duration_ms=1 phase=handle_result
[2026-02-03 01:11:03.510] [info] [spider.worker] [TIMING] task_id=01510ba2-a2b6-4b43-8456-5892c5096ec1 func=job_orchestration.executor.query.spider_search_task.search_without_channel submit_output_start=510305704 submit_output_end=510305718 submit_output_duration_ms=14
[2026-02-03 01:11:03.539] [info] [spider.worker] [TIMING] worker_id=1f902afc-ec89-467f-a98b-64b46f06ec46 task_id=79385eda-782a-45a6-bd7d-ceb15b33690c get_next_task request_start=510305721 connect_end=510305722 send_end=510305722 receive_end=510305722 connect_duration_ms=1 send_duration_ms=0 receive_duration_ms=0 total_duration_ms=1
[2026-02-03 01:11:03.541] [info] [spider.worker] [TIMING] task_id=79385eda-782a-45a6-bd7d-ceb15b33690c storage_connect_start=510305747 storage_connect_end=510305749 storage_connect_duration_ms=1 phase=pre_execution
[2026-02-03 01:11:03.542] [info] [spider.worker] [TIMING] task_id=79385eda-782a-45a6-bd7d-ceb15b33690c func=job_orchestration.executor.query.spider_search_task.search_without_channel fetch_input_start=510305749 fetch_input_end=510305750 fetch_input_duration_ms=0
[2026-02-03 01:11:03.542] [info] [spider.worker] [TIMING] task_id=79385eda-782a-45a6-bd7d-ceb15b33690c func=job_orchestration.executor.query.spider_search_task.search_without_channel input_send_start=510305750 input_send_end=510305750 input_send_duration_ms=0 bytes=612
[2026-02-03 01:11:03.542] [info] [spider.worker] [TIMING] task_id=79385eda-782a-45a6-bd7d-ceb15b33690c func=job_orchestration.executor.query.spider_search_task.search_without_channel spawn_start=510305750 spawn_end=510305750 spawn_duration_ms=0
[2026-02-03 01:11:04.790] [info] [spider.worker] [TIMING] task_id=79385eda-782a-45a6-bd7d-ceb15b33690c func=job_orchestration.executor.query.spider_search_task.search_without_channel execution_start=510305751 execution_end=510306999 execution_duration_ms=1248
[2026-02-03 01:11:04.792] [info] [spider.worker] [TIMING] task_id=79385eda-782a-45a6-bd7d-ceb15b33690c func=job_orchestration.executor.query.spider_search_task.search_without_channel storage_connect_start=510306999 storage_connect_end=510307001 storage_connect_duration_ms=2 phase=handle_result
[2026-02-03 01:11:04.818] [info] [spider.worker] [TIMING] task_id=79385eda-782a-45a6-bd7d-ceb15b33690c func=job_orchestration.executor.query.spider_search_task.search_without_channel submit_output_start=510307001 submit_output_end=510307026 submit_output_duration_ms=25
[2026-02-03 01:11:04.835] [info] [spider.worker] [TIMING] worker_id=1f902afc-ec89-467f-a98b-64b46f06ec46 task_id=812439bb-efde-404f-8fcc-7a05092605c4 get_next_task request_start=510307029 connect_end=510307030 send_end=510307030 receive_end=510307030 connect_duration_ms=1 send_duration_ms=0 receive_duration_ms=0 total_duration_ms=1
[2026-02-03 01:11:04.838] [info] [spider.worker] [TIMING] task_id=812439bb-efde-404f-8fcc-7a05092605c4 storage_connect_start=510307044 storage_connect_end=510307046 storage_connect_duration_ms=1 phase=pre_execution
[2026-02-03 01:11:04.839] [info] [spider.worker] [TIMING] task_id=812439bb-efde-404f-8fcc-7a05092605c4 func=job_orchestration.executor.query.spider_search_task.search_without_channel fetch_input_start=510307046 fetch_input_end=510307047 fetch_input_duration_ms=0
[2026-02-03 01:11:04.839] [info] [spider.worker] [TIMING] task_id=812439bb-efde-404f-8fcc-7a05092605c4 func=job_orchestration.executor.query.spider_search_task.search_without_channel input_send_start=510307047 input_send_end=510307047 input_send_duration_ms=0 bytes=612
[2026-02-03 01:11:04.839] [info] [spider.worker] [TIMING] task_id=812439bb-efde-404f-8fcc-7a05092605c4 func=job_orchestration.executor.query.spider_search_task.search_without_channel spawn_start=510307047 spawn_end=510307047 spawn_duration_ms=0
[2026-02-03 01:11:06.632] [info] [spider.worker] [TIMING] task_id=812439bb-efde-404f-8fcc-7a05092605c4 func=job_orchestration.executor.query.spider_search_task.search_without_channel execution_start=510307048 execution_end=510308840 execution_duration_ms=1792
[2026-02-03 01:11:06.640] [info] [spider.worker] [TIMING] task_id=812439bb-efde-404f-8fcc-7a05092605c4 func=job_orchestration.executor.query.spider_search_task.search_without_channel storage_connect_start=510308840 storage_connect_end=510308848 storage_connect_duration_ms=8 phase=handle_result
[2026-02-03 01:11:06.669] [info] [spider.worker] [TIMING] task_id=812439bb-efde-404f-8fcc-7a05092605c4 func=job_orchestration.executor.query.spider_search_task.search_without_channel submit_output_start=510308848 submit_output_end=510308878 submit_output_duration_ms=29
[2026-02-03 01:11:06.686] [info] [spider.worker] [TIMING] worker_id=1f902afc-ec89-467f-a98b-64b46f06ec46 task_id=6d25d1a2-4172-47b7-93dc-6b10cbce2516 get_next_task request_start=510308881 connect_end=510308882 send_end=510308882 receive_end=510308883 connect_duration_ms=1 send_duration_ms=0 receive_duration_ms=0 total_duration_ms=1
[2026-02-03 01:11:06.688] [info] [spider.worker] [TIMING] task_id=6d25d1a2-4172-47b7-93dc-6b10cbce2516 storage_connect_start=510308894 storage_connect_end=510308896 storage_connect_duration_ms=1 phase=pre_execution
[2026-02-03 01:11:06.689] [info] [spider.worker] [TIMING] task_id=6d25d1a2-4172-47b7-93dc-6b10cbce2516 func=job_orchestration.executor.query.spider_search_task.search_without_channel fetch_input_start=510308896 fetch_input_end=510308897 fetch_input_duration_ms=1
[2026-02-03 01:11:06.690] [info] [spider.worker] [TIMING] task_id=6d25d1a2-4172-47b7-93dc-6b10cbce2516 func=job_orchestration.executor.query.spider_search_task.search_without_channel input_send_start=510308898 input_send_end=510308898 input_send_duration_ms=0 bytes=612
[2026-02-03 01:11:06.690] [info] [spider.worker] [TIMING] task_id=6d25d1a2-4172-47b7-93dc-6b10cbce2516 func=job_orchestration.executor.query.spider_search_task.search_without_channel spawn_start=510308898 spawn_end=510308898 spawn_duration_ms=0
[2026-02-03 01:11:08.083] [info] [spider.worker] [TIMING] task_id=6d25d1a2-4172-47b7-93dc-6b10cbce2516 func=job_orchestration.executor.query.spider_search_task.search_without_channel execution_start=510308898 execution_end=510310291 execution_duration_ms=1392
[2026-02-03 01:11:08.085] [info] [spider.worker] [TIMING] task_id=6d25d1a2-4172-47b7-93dc-6b10cbce2516 func=job_orchestration.executor.query.spider_search_task.search_without_channel storage_connect_start=510310291 storage_connect_end=510310294 storage_connect_duration_ms=2 phase=handle_result
[2026-02-03 01:11:08.118] [info] [spider.worker] [TIMING] task_id=6d25d1a2-4172-47b7-93dc-6b10cbce2516 func=job_orchestration.executor.query.spider_search_task.search_without_channel submit_output_start=510310294 submit_output_end=510310327 submit_output_duration_ms=33
[2026-02-03 01:11:08.136] [info] [spider.worker] [TIMING] worker_id=1f902afc-ec89-467f-a98b-64b46f06ec46 task_id=2cbb2e42-f1e4-464e-a712-0005883a7538 get_next_task request_start=510310330 connect_end=510310331 send_end=510310331 receive_end=510310331 connect_duration_ms=1 send_duration_ms=0 receive_duration_ms=0 total_duration_ms=1
[2026-02-03 01:11:08.138] [info] [spider.worker] [TIMING] task_id=2cbb2e42-f1e4-464e-a712-0005883a7538 storage_connect_start=510310344 storage_connect_end=510310346 storage_connect_duration_ms=1 phase=pre_execution
[2026-02-03 01:11:08.139] [info] [spider.worker] [TIMING] task_id=2cbb2e42-f1e4-464e-a712-0005883a7538 func=job_orchestration.executor.query.spider_search_task.search_without_channel fetch_input_start=510310346 fetch_input_end=510310347 fetch_input_duration_ms=1
[2026-02-03 01:11:08.140] [info] [spider.worker] [TIMING] task_id=2cbb2e42-f1e4-464e-a712-0005883a7538 func=job_orchestration.executor.query.spider_search_task.search_without_channel input_send_start=510310348 input_send_end=510310348 input_send_duration_ms=0 bytes=612
[2026-02-03 01:11:08.140] [info] [spider.worker] [TIMING] task_id=2cbb2e42-f1e4-464e-a712-0005883a7538 func=job_orchestration.executor.query.spider_search_task.search_without_channel spawn_start=510310347 spawn_end=510310348 spawn_duration_ms=0
[2026-02-03 01:11:09.510] [info] [spider.worker] [TIMING] task_id=2cbb2e42-f1e4-464e-a712-0005883a7538 func=job_orchestration.executor.query.spider_search_task.search_without_channel execution_start=510310348 execution_end=510311719 execution_duration_ms=1370
[2026-02-03 01:11:09.512] [info] [spider.worker] [TIMING] task_id=2cbb2e42-f1e4-464e-a712-0005883a7538 func=job_orchestration.executor.query.spider_search_task.search_without_channel storage_connect_start=510311719 storage_connect_end=510311720 storage_connect_duration_ms=1 phase=handle_result
[2026-02-03 01:11:09.561] [info] [spider.worker] [TIMING] task_id=2cbb2e42-f1e4-464e-a712-0005883a7538 func=job_orchestration.executor.query.spider_search_task.search_without_channel submit_output_start=510311720 submit_output_end=510311769 submit_output_duration_ms=48
[2026-02-03 01:11:09.578] [info] [spider.worker] [TIMING] worker_id=1f902afc-ec89-467f-a98b-64b46f06ec46 task_id=6e0cd3d0-d336-49b1-812c-bf8e754c82dc get_next_task request_start=510311771 connect_end=510311773 send_end=510311773 receive_end=510311773 connect_duration_ms=1 send_duration_ms=0 receive_duration_ms=0 total_duration_ms=1
[2026-02-03 01:11:09.579] [info] [spider.worker] [TIMING] task_id=6e0cd3d0-d336-49b1-812c-bf8e754c82dc storage_connect_start=510311786 storage_connect_end=510311788 storage_connect_duration_ms=1 phase=pre_execution
[2026-02-03 01:11:09.580] [info] [spider.worker] [TIMING] task_id=6e0cd3d0-d336-49b1-812c-bf8e754c82dc func=job_orchestration.executor.query.spider_search_task.search_without_channel fetch_input_start=510311788 fetch_input_end=510311789 fetch_input_duration_ms=0
[2026-02-03 01:11:09.581] [info] [spider.worker] [TIMING] task_id=6e0cd3d0-d336-49b1-812c-bf8e754c82dc func=job_orchestration.executor.query.spider_search_task.search_without_channel input_send_start=510311789 input_send_end=510311789 input_send_duration_ms=0 bytes=612
[2026-02-03 01:11:09.581] [info] [spider.worker] [TIMING] task_id=6e0cd3d0-d336-49b1-812c-bf8e754c82dc func=job_orchestration.executor.query.spider_search_task.search_without_channel spawn_start=510311789 spawn_end=510311789 spawn_duration_ms=0
[2026-02-03 01:11:10.974] [info] [spider.worker] [TIMING] task_id=6e0cd3d0-d336-49b1-812c-bf8e754c82dc func=job_orchestration.executor.query.spider_search_task.search_without_channel execution_start=510311789 execution_end=510313183 execution_duration_ms=1393
[2026-02-03 01:11:10.976] [info] [spider.worker] [TIMING] task_id=6e0cd3d0-d336-49b1-812c-bf8e754c82dc func=job_orchestration.executor.query.spider_search_task.search_without_channel storage_connect_start=510313183 storage_connect_end=510313184 storage_connect_duration_ms=1 phase=handle_result
[2026-02-03 01:11:11.067] [info] [spider.worker] [TIMING] task_id=6e0cd3d0-d336-49b1-812c-bf8e754c82dc func=job_orchestration.executor.query.spider_search_task.search_without_channel submit_output_start=510313185 submit_output_end=510313275 submit_output_duration_ms=90
[2026-02-03 01:11:11.109] [info] [spider.worker] [TIMING] worker_id=1f902afc-ec89-467f-a98b-64b46f06ec46 task_id=65ca0039-00be-4dcb-ab9c-0dc184cfb566 get_next_task request_start=510313277 connect_end=510313279 send_end=510313279 receive_end=510313279 connect_duration_ms=1 send_duration_ms=0 receive_duration_ms=0 total_duration_ms=1
[2026-02-03 01:11:11.110] [info] [spider.worker] [TIMING] task_id=65ca0039-00be-4dcb-ab9c-0dc184cfb566 storage_connect_start=510313317 storage_connect_end=510313319 storage_connect_duration_ms=1 phase=pre_execution
[2026-02-03 01:11:11.112] [info] [spider.worker] [TIMING] task_id=65ca0039-00be-4dcb-ab9c-0dc184cfb566 func=job_orchestration.executor.query.spider_search_task.search_without_channel fetch_input_start=510313319 fetch_input_end=510313320 fetch_input_duration_ms=1
[2026-02-03 01:11:11.112] [info] [spider.worker] [TIMING] task_id=65ca0039-00be-4dcb-ab9c-0dc184cfb566 func=job_orchestration.executor.query.spider_search_task.search_without_channel input_send_start=510313320 input_send_end=510313320 input_send_duration_ms=0 bytes=612
[2026-02-03 01:11:11.112] [info] [spider.worker] [TIMING] task_id=65ca0039-00be-4dcb-ab9c-0dc184cfb566 func=job_orchestration.executor.query.spider_search_task.search_without_channel spawn_start=510313320 spawn_end=510313320 spawn_duration_ms=0
[2026-02-03 01:11:12.475] [info] [spider.worker] [TIMING] task_id=65ca0039-00be-4dcb-ab9c-0dc184cfb566 func=job_orchestration.executor.query.spider_search_task.search_without_channel execution_start=510313321 execution_end=510314683 execution_duration_ms=1362
[2026-02-03 01:11:12.476] [info] [spider.worker] [TIMING] task_id=65ca0039-00be-4dcb-ab9c-0dc184cfb566 func=job_orchestration.executor.query.spider_search_task.search_without_channel storage_connect_start=510314683 storage_connect_end=510314685 storage_connect_duration_ms=1 phase=handle_result
[2026-02-03 01:11:12.520] [info] [spider.worker] [TIMING] task_id=65ca0039-00be-4dcb-ab9c-0dc184cfb566 func=job_orchestration.executor.query.spider_search_task.search_without_channel submit_output_start=510314685 submit_output_end=510314728 submit_output_duration_ms=43
[2026-02-03 01:11:12.553] [info] [spider.worker] [TIMING] worker_id=1f902afc-ec89-467f-a98b-64b46f06ec46 task_id=12d9a98f-02b4-41c6-b736-55d9e5e4ac7c get_next_task request_start=510314730 connect_end=510314732 send_end=510314732 receive_end=510314732 connect_duration_ms=1 send_duration_ms=0 receive_duration_ms=0 total_duration_ms=1
[2026-02-03 01:11:12.555] [info] [spider.worker] [TIMING] task_id=12d9a98f-02b4-41c6-b736-55d9e5e4ac7c storage_connect_start=510314762 storage_connect_end=510314763 storage_connect_duration_ms=1 phase=pre_execution
[2026-02-03 01:11:12.555] [info] [spider.worker] [TIMING] task_id=12d9a98f-02b4-41c6-b736-55d9e5e4ac7c func=job_orchestration.executor.query.spider_search_task.search_without_channel fetch_input_start=510314763 fetch_input_end=510314764 fetch_input_duration_ms=0
[2026-02-03 01:11:12.556] [info] [spider.worker] [TIMING] task_id=12d9a98f-02b4-41c6-b736-55d9e5e4ac7c func=job_orchestration.executor.query.spider_search_task.search_without_channel input_send_start=510314764 input_send_end=510314764 input_send_duration_ms=0 bytes=612
[2026-02-03 01:11:12.556] [info] [spider.worker] [TIMING] task_id=12d9a98f-02b4-41c6-b736-55d9e5e4ac7c func=job_orchestration.executor.query.spider_search_task.search_without_channel spawn_start=510314764 spawn_end=510314764 spawn_duration_ms=0
[2026-02-03 01:11:13.729] [info] [spider.worker] [TIMING] task_id=12d9a98f-02b4-41c6-b736-55d9e5e4ac7c func=job_orchestration.executor.query.spider_search_task.search_without_channel execution_start=510314764 execution_end=510315937 execution_duration_ms=1172
[2026-02-03 01:11:13.731] [info] [spider.worker] [TIMING] task_id=12d9a98f-02b4-41c6-b736-55d9e5e4ac7c func=job_orchestration.executor.query.spider_search_task.search_without_channel storage_connect_start=510315937 storage_connect_end=510315939 storage_connect_duration_ms=2 phase=handle_result
[2026-02-03 01:11:13.737] [info] [spider.worker] [TIMING] task_id=12d9a98f-02b4-41c6-b736-55d9e5e4ac7c func=job_orchestration.executor.query.spider_search_task.search_without_channel submit_output_start=510315939 submit_output_end=510315945 submit_output_duration_ms=5
[2026-02-03 01:11:13.807] [info] [spider.worker] [TIMING] worker_id=1f902afc-ec89-467f-a98b-64b46f06ec46 task_id=c5afbedc-d8ea-47ee-96cb-b7b9c476e9dc get_next_task request_start=510315947 connect_end=510315949 send_end=510315949 receive_end=510315949 connect_duration_ms=1 send_duration_ms=0 receive_duration_ms=0 total_duration_ms=1
[2026-02-03 01:11:13.808] [info] [spider.worker] [TIMING] task_id=c5afbedc-d8ea-47ee-96cb-b7b9c476e9dc storage_connect_start=510316015 storage_connect_end=510316017 storage_connect_duration_ms=1 phase=pre_execution
[2026-02-03 01:11:13.809] [info] [spider.worker] [TIMING] task_id=c5afbedc-d8ea-47ee-96cb-b7b9c476e9dc func=job_orchestration.executor.query.spider_search_task.search_without_channel fetch_input_start=510316017 fetch_input_end=510316018 fetch_input_duration_ms=1
[2026-02-03 01:11:13.810] [info] [spider.worker] [TIMING] task_id=c5afbedc-d8ea-47ee-96cb-b7b9c476e9dc func=job_orchestration.executor.query.spider_search_task.search_without_channel input_send_start=510316018 input_send_end=510316018 input_send_duration_ms=0 bytes=612
[2026-02-03 01:11:13.810] [info] [spider.worker] [TIMING] task_id=c5afbedc-d8ea-47ee-96cb-b7b9c476e9dc func=job_orchestration.executor.query.spider_search_task.search_without_channel spawn_start=510316018 spawn_end=510316018 spawn_duration_ms=0
[2026-02-03 01:11:15.128] [info] [spider.worker] [TIMING] task_id=c5afbedc-d8ea-47ee-96cb-b7b9c476e9dc func=job_orchestration.executor.query.spider_search_task.search_without_channel execution_start=510316019 execution_end=510317336 execution_duration_ms=1317
[2026-02-03 01:11:15.130] [info] [spider.worker] [TIMING] task_id=c5afbedc-d8ea-47ee-96cb-b7b9c476e9dc func=job_orchestration.executor.query.spider_search_task.search_without_channel storage_connect_start=510317336 storage_connect_end=510317338 storage_connect_duration_ms=2 phase=handle_result
[2026-02-03 01:11:15.145] [info] [spider.worker] [TIMING] task_id=c5afbedc-d8ea-47ee-96cb-b7b9c476e9dc func=job_orchestration.executor.query.spider_search_task.search_without_channel submit_output_start=510317338 submit_output_end=510317354 submit_output_duration_ms=15
[2026-02-03 01:11:15.162] [info] [spider.worker] [TIMING] worker_id=1f902afc-ec89-467f-a98b-64b46f06ec46 task_id=01123a97-dd44-454e-a74b-bb59af0d2bbd get_next_task request_start=510317356 connect_end=510317358 send_end=510317358 receive_end=510317358 connect_duration_ms=1 send_duration_ms=0 receive_duration_ms=0 total_duration_ms=1
[2026-02-03 01:11:15.164] [info] [spider.worker] [TIMING] task_id=01123a97-dd44-454e-a74b-bb59af0d2bbd storage_connect_start=510317371 storage_connect_end=510317373 storage_connect_duration_ms=1 phase=pre_execution
[2026-02-03 01:11:15.165] [info] [spider.worker] [TIMING] task_id=01123a97-dd44-454e-a74b-bb59af0d2bbd func=job_orchestration.executor.query.spider_search_task.search_without_channel fetch_input_start=510317373 fetch_input_end=510317374 fetch_input_duration_ms=1
[2026-02-03 01:11:15.166] [info] [spider.worker] [TIMING] task_id=01123a97-dd44-454e-a74b-bb59af0d2bbd func=job_orchestration.executor.query.spider_search_task.search_without_channel input_send_start=510317374 input_send_end=510317374 input_send_duration_ms=0 bytes=612
[2026-02-03 01:11:15.166] [info] [spider.worker] [TIMING] task_id=01123a97-dd44-454e-a74b-bb59af0d2bbd func=job_orchestration.executor.query.spider_search_task.search_without_channel spawn_start=510317374 spawn_end=510317374 spawn_duration_ms=0
[2026-02-03 01:11:16.482] [info] [spider.worker] [TIMING] task_id=01123a97-dd44-454e-a74b-bb59af0d2bbd func=job_orchestration.executor.query.spider_search_task.search_without_channel execution_start=510317374 execution_end=510318691 execution_duration_ms=1316
[2026-02-03 01:11:16.484] [info] [spider.worker] [TIMING] task_id=01123a97-dd44-454e-a74b-bb59af0d2bbd func=job_orchestration.executor.query.spider_search_task.search_without_channel storage_connect_start=510318691 storage_connect_end=510318692 storage_connect_duration_ms=1 phase=handle_result
[2026-02-03 01:11:16.496] [info] [spider.worker] [TIMING] task_id=01123a97-dd44-454e-a74b-bb59af0d2bbd func=job_orchestration.executor.query.spider_search_task.search_without_channel submit_output_start=510318692 submit_output_end=510318704 submit_output_duration_ms=11
[2026-02-03 01:11:16.513] [info] [spider.worker] [TIMING] worker_id=1f902afc-ec89-467f-a98b-64b46f06ec46 task_id=0f6099b4-c945-44f6-9fa8-031efa4741ef get_next_task request_start=510318706 connect_end=510318708 send_end=510318708 receive_end=510318708 connect_duration_ms=1 send_duration_ms=0 receive_duration_ms=0 total_duration_ms=1
[2026-02-03 01:11:16.515] [info] [spider.worker] [TIMING] task_id=0f6099b4-c945-44f6-9fa8-031efa4741ef storage_connect_start=510318721 storage_connect_end=510318723 storage_connect_duration_ms=1 phase=pre_execution
[2026-02-03 01:11:16.516] [info] [spider.worker] [TIMING] task_id=0f6099b4-c945-44f6-9fa8-031efa4741ef func=job_orchestration.executor.query.spider_search_task.search_without_channel fetch_input_start=510318723 fetch_input_end=510318724 fetch_input_duration_ms=1
[2026-02-03 01:11:16.516] [info] [spider.worker] [TIMING] task_id=0f6099b4-c945-44f6-9fa8-031efa4741ef func=job_orchestration.executor.query.spider_search_task.search_without_channel input_send_start=510318725 input_send_end=510318725 input_send_duration_ms=0 bytes=612
[2026-02-03 01:11:16.517] [info] [spider.worker] [TIMING] task_id=0f6099b4-c945-44f6-9fa8-031efa4741ef func=job_orchestration.executor.query.spider_search_task.search_without_channel spawn_start=510318724 spawn_end=510318725 spawn_duration_ms=0
[2026-02-03 01:11:17.746] [info] [spider.worker] [TIMING] task_id=0f6099b4-c945-44f6-9fa8-031efa4741ef func=job_orchestration.executor.query.spider_search_task.search_without_channel execution_start=510318725 execution_end=510319955 execution_duration_ms=1229
[2026-02-03 01:11:17.748] [info] [spider.worker] [TIMING] task_id=0f6099b4-c945-44f6-9fa8-031efa4741ef func=job_orchestration.executor.query.spider_search_task.search_without_channel storage_connect_start=510319955 storage_connect_end=510319956 storage_connect_duration_ms=1 phase=handle_result
[2026-02-03 01:11:17.754] [info] [spider.worker] [TIMING] task_id=0f6099b4-c945-44f6-9fa8-031efa4741ef func=job_orchestration.executor.query.spider_search_task.search_without_channel submit_output_start=510319956 submit_output_end=510319963 submit_output_duration_ms=6
[2026-02-03 01:11:17.783] [info] [spider.worker] [TIMING] worker_id=1f902afc-ec89-467f-a98b-64b46f06ec46 task_id=2d448a6e-e1cc-4847-81ba-73fe885d76d0 get_next_task request_start=510319964 connect_end=510319965 send_end=510319965 receive_end=510319966 connect_duration_ms=1 send_duration_ms=0 receive_duration_ms=0 total_duration_ms=1
[2026-02-03 01:11:17.785] [info] [spider.worker] [TIMING] task_id=2d448a6e-e1cc-4847-81ba-73fe885d76d0 storage_connect_start=510319992 storage_connect_end=510319994 storage_connect_duration_ms=1 phase=pre_execution
[2026-02-03 01:11:17.786] [info] [spider.worker] [TIMING] task_id=2d448a6e-e1cc-4847-81ba-73fe885d76d0 func=job_orchestration.executor.query.spider_search_task.search_without_channel fetch_input_start=510319994 fetch_input_end=510319995 fetch_input_duration_ms=0
[2026-02-03 01:11:17.787] [info] [spider.worker] [TIMING] task_id=2d448a6e-e1cc-4847-81ba-73fe885d76d0 func=job_orchestration.executor.query.spider_search_task.search_without_channel input_send_start=510319995 input_send_end=510319995 input_send_duration_ms=0 bytes=612
[2026-02-03 01:11:17.787] [info] [spider.worker] [TIMING] task_id=2d448a6e-e1cc-4847-81ba-73fe885d76d0 func=job_orchestration.executor.query.spider_search_task.search_without_channel spawn_start=510319995 spawn_end=510319995 spawn_duration_ms=0
[2026-02-03 01:11:19.184] [info] [spider.worker] [TIMING] task_id=2d448a6e-e1cc-4847-81ba-73fe885d76d0 func=job_orchestration.executor.query.spider_search_task.search_without_channel execution_start=510319995 execution_end=510321393 execution_duration_ms=1397
[2026-02-03 01:11:19.186] [info] [spider.worker] [TIMING] task_id=2d448a6e-e1cc-4847-81ba-73fe885d76d0 func=job_orchestration.executor.query.spider_search_task.search_without_channel storage_connect_start=510321393 storage_connect_end=510321395 storage_connect_duration_ms=1 phase=handle_result
[2026-02-03 01:11:19.196] [info] [spider.worker] [TIMING] task_id=2d448a6e-e1cc-4847-81ba-73fe885d76d0 func=job_orchestration.executor.query.spider_search_task.search_without_channel submit_output_start=510321395 submit_output_end=510321404 submit_output_duration_ms=9
[2026-02-03 01:11:19.213] [info] [spider.worker] [TIMING] worker_id=1f902afc-ec89-467f-a98b-64b46f06ec46 task_id=8ac36bad-6116-48c2-97ab-0127baf8bf83 get_next_task request_start=510321407 connect_end=510321408 send_end=510321408 receive_end=510321409 connect_duration_ms=1 send_duration_ms=0 receive_duration_ms=0 total_duration_ms=1
[2026-02-03 01:11:19.214] [info] [spider.worker] [TIMING] task_id=8ac36bad-6116-48c2-97ab-0127baf8bf83 storage_connect_start=510321421 storage_connect_end=510321423 storage_connect_duration_ms=1 phase=pre_execution
[2026-02-03 01:11:19.215] [info] [spider.worker] [TIMING] task_id=8ac36bad-6116-48c2-97ab-0127baf8bf83 func=job_orchestration.executor.query.spider_search_task.search_without_channel fetch_input_start=510321423 fetch_input_end=510321424 fetch_input_duration_ms=1
[2026-02-03 01:11:19.216] [info] [spider.worker] [TIMING] task_id=8ac36bad-6116-48c2-97ab-0127baf8bf83 func=job_orchestration.executor.query.spider_search_task.search_without_channel input_send_start=510321424 input_send_end=510321424 input_send_duration_ms=0 bytes=612
[2026-02-03 01:11:19.216] [info] [spider.worker] [TIMING] task_id=8ac36bad-6116-48c2-97ab-0127baf8bf83 func=job_orchestration.executor.query.spider_search_task.search_without_channel spawn_start=510321424 spawn_end=510321424 spawn_duration_ms=0
[2026-02-03 01:11:20.486] [info] [spider.worker] [TIMING] task_id=8ac36bad-6116-48c2-97ab-0127baf8bf83 func=job_orchestration.executor.query.spider_search_task.search_without_channel execution_start=510321425 execution_end=510322694 execution_duration_ms=1269
[2026-02-03 01:11:20.488] [info] [spider.worker] [TIMING] task_id=8ac36bad-6116-48c2-97ab-0127baf8bf83 func=job_orchestration.executor.query.spider_search_task.search_without_channel storage_connect_start=510322694 storage_connect_end=510322696 storage_connect_duration_ms=2 phase=handle_result
[2026-02-03 01:11:20.538] [info] [spider.worker] [TIMING] task_id=8ac36bad-6116-48c2-97ab-0127baf8bf83 func=job_orchestration.executor.query.spider_search_task.search_without_channel submit_output_start=510322696 submit_output_end=510322747 submit_output_duration_ms=50
[2026-02-03 01:11:20.607] [info] [spider.worker] [TIMING] worker_id=1f902afc-ec89-467f-a98b-64b46f06ec46 task_id=14e6e616-1039-4d70-a906-b7953455f369 get_next_task request_start=510322749 connect_end=510322750 send_end=510322750 receive_end=510322750 connect_duration_ms=1 send_duration_ms=0 receive_duration_ms=0 total_duration_ms=1
[2026-02-03 01:11:20.609] [info] [spider.worker] [TIMING] task_id=14e6e616-1039-4d70-a906-b7953455f369 storage_connect_start=510322815 storage_connect_end=510322817 storage_connect_duration_ms=1 phase=pre_execution
[2026-02-03 01:11:20.610] [info] [spider.worker] [TIMING] task_id=14e6e616-1039-4d70-a906-b7953455f369 func=job_orchestration.executor.query.spider_search_task.search_without_channel fetch_input_start=510322817 fetch_input_end=510322818 fetch_input_duration_ms=0
[2026-02-03 01:11:20.610] [info] [spider.worker] [TIMING] task_id=14e6e616-1039-4d70-a906-b7953455f369 func=job_orchestration.executor.query.spider_search_task.search_without_channel input_send_start=510322818 input_send_end=510322818 input_send_duration_ms=0 bytes=612
[2026-02-03 01:11:20.610] [info] [spider.worker] [TIMING] task_id=14e6e616-1039-4d70-a906-b7953455f369 func=job_orchestration.executor.query.spider_search_task.search_without_channel spawn_start=510322818 spawn_end=510322818 spawn_duration_ms=0
[2026-02-03 01:11:22.313] [info] [spider.worker] [TIMING] task_id=14e6e616-1039-4d70-a906-b7953455f369 func=job_orchestration.executor.query.spider_search_task.search_without_channel execution_start=510322819 execution_end=510324521 execution_duration_ms=1702
[2026-02-03 01:11:22.315] [info] [spider.worker] [TIMING] task_id=14e6e616-1039-4d70-a906-b7953455f369 func=job_orchestration.executor.query.spider_search_task.search_without_channel storage_connect_start=510324521 storage_connect_end=510324523 storage_connect_duration_ms=1 phase=handle_result
[2026-02-03 01:11:22.330] [info] [spider.worker] [TIMING] task_id=14e6e616-1039-4d70-a906-b7953455f369 func=job_orchestration.executor.query.spider_search_task.search_without_channel submit_output_start=510324523 submit_output_end=510324538 submit_output_duration_ms=15
[2026-02-03 01:11:22.347] [info] [spider.worker] [TIMING] worker_id=1f902afc-ec89-467f-a98b-64b46f06ec46 task_id=d2e44e27-b59c-4ecc-b733-88dc60ce716f get_next_task request_start=510324541 connect_end=510324542 send_end=510324542 receive_end=510324542 connect_duration_ms=1 send_duration_ms=0 receive_duration_ms=0 total_duration_ms=1
[2026-02-03 01:11:22.349] [info] [spider.worker] [TIMING] task_id=d2e44e27-b59c-4ecc-b733-88dc60ce716f storage_connect_start=510324555 storage_connect_end=510324557 storage_connect_duration_ms=1 phase=pre_execution
[2026-02-03 01:11:22.350] [info] [spider.worker] [TIMING] task_id=d2e44e27-b59c-4ecc-b733-88dc60ce716f func=job_orchestration.executor.query.spider_search_task.search_without_channel fetch_input_start=510324557 fetch_input_end=510324558 fetch_input_duration_ms=1
[2026-02-03 01:11:22.351] [info] [spider.worker] [TIMING] task_id=d2e44e27-b59c-4ecc-b733-88dc60ce716f func=job_orchestration.executor.query.spider_search_task.search_without_channel input_send_start=510324559 input_send_end=510324559 input_send_duration_ms=0 bytes=612
[2026-02-03 01:11:22.351] [info] [spider.worker] [TIMING] task_id=d2e44e27-b59c-4ecc-b733-88dc60ce716f func=job_orchestration.executor.query.spider_search_task.search_without_channel spawn_start=510324558 spawn_end=510324559 spawn_duration_ms=0
[2026-02-03 01:11:23.755] [info] [spider.worker] [TIMING] task_id=d2e44e27-b59c-4ecc-b733-88dc60ce716f func=job_orchestration.executor.query.spider_search_task.search_without_channel execution_start=510324559 execution_end=510325963 execution_duration_ms=1403
[2026-02-03 01:11:23.757] [info] [spider.worker] [TIMING] task_id=d2e44e27-b59c-4ecc-b733-88dc60ce716f func=job_orchestration.executor.query.spider_search_task.search_without_channel storage_connect_start=510325963 storage_connect_end=510325965 storage_connect_duration_ms=1 phase=handle_result
[2026-02-03 01:11:23.797] [info] [spider.worker] [TIMING] task_id=d2e44e27-b59c-4ecc-b733-88dc60ce716f func=job_orchestration.executor.query.spider_search_task.search_without_channel submit_output_start=510325965 submit_output_end=510326005 submit_output_duration_ms=40
[2026-02-03 01:11:23.848] [info] [spider.worker] [TIMING] worker_id=1f902afc-ec89-467f-a98b-64b46f06ec46 task_id=287ccce5-e067-4fdf-8bbb-92a2e69140a2 get_next_task request_start=510326007 connect_end=510326009 send_end=510326009 receive_end=510326009 connect_duration_ms=1 send_duration_ms=0 receive_duration_ms=0 total_duration_ms=1
[2026-02-03 01:11:23.850] [info] [spider.worker] [TIMING] task_id=287ccce5-e067-4fdf-8bbb-92a2e69140a2 storage_connect_start=510326057 storage_connect_end=510326058 storage_connect_duration_ms=1 phase=pre_execution
[2026-02-03 01:11:23.850] [info] [spider.worker] [TIMING] task_id=287ccce5-e067-4fdf-8bbb-92a2e69140a2 func=job_orchestration.executor.query.spider_search_task.search_without_channel fetch_input_start=510326058 fetch_input_end=510326059 fetch_input_duration_ms=0
[2026-02-03 01:11:23.851] [info] [spider.worker] [TIMING] task_id=287ccce5-e067-4fdf-8bbb-92a2e69140a2 func=job_orchestration.executor.query.spider_search_task.search_without_channel input_send_start=510326059 input_send_end=510326059 input_send_duration_ms=0 bytes=612
[2026-02-03 01:11:23.851] [info] [spider.worker] [TIMING] task_id=287ccce5-e067-4fdf-8bbb-92a2e69140a2 func=job_orchestration.executor.query.spider_search_task.search_without_channel spawn_start=510326059 spawn_end=510326059 spawn_duration_ms=0
[2026-02-03 01:11:25.142] [info] [spider.worker] [TIMING] task_id=287ccce5-e067-4fdf-8bbb-92a2e69140a2 func=job_orchestration.executor.query.spider_search_task.search_without_channel execution_start=510326059 execution_end=510327350 execution_duration_ms=1290
[2026-02-03 01:11:25.144] [info] [spider.worker] [TIMING] task_id=287ccce5-e067-4fdf-8bbb-92a2e69140a2 func=job_orchestration.executor.query.spider_search_task.search_without_channel storage_connect_start=510327350 storage_connect_end=510327352 storage_connect_duration_ms=1 phase=handle_result
[2026-02-03 01:11:25.185] [info] [spider.worker] [TIMING] task_id=287ccce5-e067-4fdf-8bbb-92a2e69140a2 func=job_orchestration.executor.query.spider_search_task.search_without_channel submit_output_start=510327352 submit_output_end=510327394 submit_output_duration_ms=41
[2026-02-03 01:11:25.236] [info] [spider.worker] [TIMING] worker_id=1f902afc-ec89-467f-a98b-64b46f06ec46 task_id=519b2e00-77a4-45b2-b76b-f8526e263176 get_next_task request_start=510327396 connect_end=510327398 send_end=510327398 receive_end=510327398 connect_duration_ms=1 send_duration_ms=0 receive_duration_ms=0 total_duration_ms=1
[2026-02-03 01:11:25.237] [info] [spider.worker] [TIMING] task_id=519b2e00-77a4-45b2-b76b-f8526e263176 storage_connect_start=510327444 storage_connect_end=510327446 storage_connect_duration_ms=1 phase=pre_execution
[2026-02-03 01:11:25.238] [info] [spider.worker] [TIMING] task_id=519b2e00-77a4-45b2-b76b-f8526e263176 func=job_orchestration.executor.query.spider_search_task.search_without_channel fetch_input_start=510327446 fetch_input_end=510327447 fetch_input_duration_ms=1
[2026-02-03 01:11:25.239] [info] [spider.worker] [TIMING] task_id=519b2e00-77a4-45b2-b76b-f8526e263176 func=job_orchestration.executor.query.spider_search_task.search_without_channel input_send_start=510327447 input_send_end=510327447 input_send_duration_ms=0 bytes=612
[2026-02-03 01:11:25.239] [info] [spider.worker] [TIMING] task_id=519b2e00-77a4-45b2-b76b-f8526e263176 func=job_orchestration.executor.query.spider_search_task.search_without_channel spawn_start=510327447 spawn_end=510327447 spawn_duration_ms=0
[2026-02-03 01:11:26.542] [info] [spider.worker] [TIMING] task_id=519b2e00-77a4-45b2-b76b-f8526e263176 func=job_orchestration.executor.query.spider_search_task.search_without_channel execution_start=510327448 execution_end=510328750 execution_duration_ms=1302
[2026-02-03 01:11:26.544] [info] [spider.worker] [TIMING] task_id=519b2e00-77a4-45b2-b76b-f8526e263176 func=job_orchestration.executor.query.spider_search_task.search_without_channel storage_connect_start=510328750 storage_connect_end=510328752 storage_connect_duration_ms=2 phase=handle_result
[2026-02-03 01:11:26.572] [info] [spider.worker] [TIMING] task_id=519b2e00-77a4-45b2-b76b-f8526e263176 func=job_orchestration.executor.query.spider_search_task.search_without_channel submit_output_start=510328752 submit_output_end=510328781 submit_output_duration_ms=28
[2026-02-03 01:11:26.589] [info] [spider.worker] [TIMING] worker_id=1f902afc-ec89-467f-a98b-64b46f06ec46 task_id=c9757ef2-10c4-4322-8f2b-95758db38b88 get_next_task request_start=510328783 connect_end=510328785 send_end=510328785 receive_end=510328785 connect_duration_ms=1 send_duration_ms=0 receive_duration_ms=0 total_duration_ms=1
[2026-02-03 01:11:26.591] [info] [spider.worker] [TIMING] task_id=c9757ef2-10c4-4322-8f2b-95758db38b88 storage_connect_start=510328798 storage_connect_end=510328799 storage_connect_duration_ms=1 phase=pre_execution
[2026-02-03 01:11:26.592] [info] [spider.worker] [TIMING] task_id=c9757ef2-10c4-4322-8f2b-95758db38b88 func=job_orchestration.executor.query.spider_search_task.search_without_channel fetch_input_start=510328799 fetch_input_end=510328800 fetch_input_duration_ms=1
[2026-02-03 01:11:26.593] [info] [spider.worker] [TIMING] task_id=c9757ef2-10c4-4322-8f2b-95758db38b88 func=job_orchestration.executor.query.spider_search_task.search_without_channel input_send_start=510328801 input_send_end=510328801 input_send_duration_ms=0 bytes=612
[2026-02-03 01:11:26.593] [info] [spider.worker] [TIMING] task_id=c9757ef2-10c4-4322-8f2b-95758db38b88 func=job_orchestration.executor.query.spider_search_task.search_without_channel spawn_start=510328801 spawn_end=510328801 spawn_duration_ms=0
[2026-02-03 01:11:27.985] [info] [spider.worker] [TIMING] task_id=c9757ef2-10c4-4322-8f2b-95758db38b88 func=job_orchestration.executor.query.spider_search_task.search_without_channel execution_start=510328801 execution_end=510330193 execution_duration_ms=1391
[2026-02-03 01:11:27.986] [info] [spider.worker] [TIMING] task_id=c9757ef2-10c4-4322-8f2b-95758db38b88 func=job_orchestration.executor.query.spider_search_task.search_without_channel storage_connect_start=510330193 storage_connect_end=510330194 storage_connect_duration_ms=1 phase=handle_result
[2026-02-03 01:11:27.998] [info] [spider.worker] [TIMING] task_id=c9757ef2-10c4-4322-8f2b-95758db38b88 func=job_orchestration.executor.query.spider_search_task.search_without_channel submit_output_start=510330194 submit_output_end=510330206 submit_output_duration_ms=11
[2026-02-03 01:11:28.014] [info] [spider.worker] [TIMING] worker_id=1f902afc-ec89-467f-a98b-64b46f06ec46 task_id=00e9f97c-0a95-40d8-93d7-af7fc9a011e9 get_next_task request_start=510330209 connect_end=510330210 send_end=510330210 receive_end=510330210 connect_duration_ms=1 send_duration_ms=0 receive_duration_ms=0 total_duration_ms=1
[2026-02-03 01:11:28.016] [info] [spider.worker] [TIMING] task_id=00e9f97c-0a95-40d8-93d7-af7fc9a011e9 storage_connect_start=510330223 storage_connect_end=510330225 storage_connect_duration_ms=1 phase=pre_execution
[2026-02-03 01:11:28.017] [info] [spider.worker] [TIMING] task_id=00e9f97c-0a95-40d8-93d7-af7fc9a011e9 func=job_orchestration.executor.query.spider_search_task.search_without_channel fetch_input_start=510330225 fetch_input_end=510330226 fetch_input_duration_ms=1
[2026-02-03 01:11:28.018] [info] [spider.worker] [TIMING] task_id=00e9f97c-0a95-40d8-93d7-af7fc9a011e9 func=job_orchestration.executor.query.spider_search_task.search_without_channel input_send_start=510330226 input_send_end=510330226 input_send_duration_ms=0 bytes=612
[2026-02-03 01:11:28.018] [info] [spider.worker] [TIMING] task_id=00e9f97c-0a95-40d8-93d7-af7fc9a011e9 func=job_orchestration.executor.query.spider_search_task.search_without_channel spawn_start=510330226 spawn_end=510330226 spawn_duration_ms=0
[2026-02-03 01:11:29.463] [info] [spider.worker] [TIMING] task_id=00e9f97c-0a95-40d8-93d7-af7fc9a011e9 func=job_orchestration.executor.query.spider_search_task.search_without_channel execution_start=510330227 execution_end=510331671 execution_duration_ms=1444
[2026-02-03 01:11:29.465] [info] [spider.worker] [TIMING] task_id=00e9f97c-0a95-40d8-93d7-af7fc9a011e9 func=job_orchestration.executor.query.spider_search_task.search_without_channel storage_connect_start=510331671 storage_connect_end=510331673 storage_connect_duration_ms=1 phase=handle_result
[2026-02-03 01:11:29.545] [info] [spider.worker] [TIMING] task_id=00e9f97c-0a95-40d8-93d7-af7fc9a011e9 func=job_orchestration.executor.query.spider_search_task.search_without_channel submit_output_start=510331673 submit_output_end=510331754 submit_output_duration_ms=80
[2026-02-03 01:11:29.565] [info] [spider.worker] [TIMING] worker_id=1f902afc-ec89-467f-a98b-64b46f06ec46 task_id=e5947401-005e-4963-a00a-4d9d7b532ce2 get_next_task request_start=510331756 connect_end=510331757 send_end=510331757 receive_end=510331758 connect_duration_ms=1 send_duration_ms=0 receive_duration_ms=0 total_duration_ms=1
[2026-02-03 01:11:29.567] [info] [spider.worker] [TIMING] task_id=e5947401-005e-4963-a00a-4d9d7b532ce2 storage_connect_start=510331773 storage_connect_end=510331775 storage_connect_duration_ms=1 phase=pre_execution
[2026-02-03 01:11:29.568] [info] [spider.worker] [TIMING] task_id=e5947401-005e-4963-a00a-4d9d7b532ce2 func=job_orchestration.executor.query.spider_search_task.search_without_channel fetch_input_start=510331775 fetch_input_end=510331776 fetch_input_duration_ms=0
[2026-02-03 01:11:29.568] [info] [spider.worker] [TIMING] task_id=e5947401-005e-4963-a00a-4d9d7b532ce2 func=job_orchestration.executor.query.spider_search_task.search_without_channel input_send_start=510331777 input_send_end=510331777 input_send_duration_ms=0 bytes=612
[2026-02-03 01:11:29.568] [info] [spider.worker] [TIMING] task_id=e5947401-005e-4963-a00a-4d9d7b532ce2 func=job_orchestration.executor.query.spider_search_task.search_without_channel spawn_start=510331776 spawn_end=510331777 spawn_duration_ms=0
[2026-02-03 01:11:30.894] [info] [spider.worker] [TIMING] task_id=e5947401-005e-4963-a00a-4d9d7b532ce2 func=job_orchestration.executor.query.spider_search_task.search_without_channel execution_start=510331777 execution_end=510333102 execution_duration_ms=1325
[2026-02-03 01:11:30.896] [info] [spider.worker] [TIMING] task_id=e5947401-005e-4963-a00a-4d9d7b532ce2 func=job_orchestration.executor.query.spider_search_task.search_without_channel storage_connect_start=510333102 storage_connect_end=510333104 storage_connect_duration_ms=2 phase=handle_result
[2026-02-03 01:11:30.907] [info] [spider.worker] [TIMING] task_id=e5947401-005e-4963-a00a-4d9d7b532ce2 func=job_orchestration.executor.query.spider_search_task.search_without_channel submit_output_start=510333104 submit_output_end=510333115 submit_output_duration_ms=11
[2026-02-03 01:11:30.924] [info] [spider.worker] [TIMING] worker_id=1f902afc-ec89-467f-a98b-64b46f06ec46 task_id=fd4ed94e-b8fd-48a5-b8d7-17cdb567054d get_next_task request_start=510333118 connect_end=510333119 send_end=510333119 receive_end=510333120 connect_duration_ms=1 send_duration_ms=0 receive_duration_ms=0 total_duration_ms=1
[2026-02-03 01:11:30.925] [info] [spider.worker] [TIMING] task_id=fd4ed94e-b8fd-48a5-b8d7-17cdb567054d storage_connect_start=510333132 storage_connect_end=510333134 storage_connect_duration_ms=1 phase=pre_execution
[2026-02-03 01:11:30.927] [info] [spider.worker] [TIMING] task_id=fd4ed94e-b8fd-48a5-b8d7-17cdb567054d func=job_orchestration.executor.query.spider_search_task.search_without_channel fetch_input_start=510333134 fetch_input_end=510333135 fetch_input_duration_ms=1
[2026-02-03 01:11:30.927] [info] [spider.worker] [TIMING] task_id=fd4ed94e-b8fd-48a5-b8d7-17cdb567054d func=job_orchestration.executor.query.spider_search_task.search_without_channel input_send_start=510333136 input_send_end=510333136 input_send_duration_ms=0 bytes=612
[2026-02-03 01:11:30.927] [info] [spider.worker] [TIMING] task_id=fd4ed94e-b8fd-48a5-b8d7-17cdb567054d func=job_orchestration.executor.query.spider_search_task.search_without_channel spawn_start=510333135 spawn_end=510333136 spawn_duration_ms=0
[2026-02-03 01:11:32.226] [info] [spider.worker] [TIMING] task_id=fd4ed94e-b8fd-48a5-b8d7-17cdb567054d func=job_orchestration.executor.query.spider_search_task.search_without_channel execution_start=510333136 execution_end=510334434 execution_duration_ms=1298
[2026-02-03 01:11:32.228] [info] [spider.worker] [TIMING] task_id=fd4ed94e-b8fd-48a5-b8d7-17cdb567054d func=job_orchestration.executor.query.spider_search_task.search_without_channel storage_connect_start=510334434 storage_connect_end=510334436 storage_connect_duration_ms=1 phase=handle_result
[2026-02-03 01:11:32.265] [info] [spider.worker] [TIMING] task_id=fd4ed94e-b8fd-48a5-b8d7-17cdb567054d func=job_orchestration.executor.query.spider_search_task.search_without_channel submit_output_start=510334436 submit_output_end=510334474 submit_output_duration_ms=37
[2026-02-03 01:11:32.301] [info] [spider.worker] [TIMING] worker_id=1f902afc-ec89-467f-a98b-64b46f06ec46 task_id=2ebb7f8b-c1f3-4333-8c1a-cf6b8d8c39d6 get_next_task request_start=510334476 connect_end=510334478 send_end=510334478 receive_end=510334478 connect_duration_ms=1 send_duration_ms=0 receive_duration_ms=0 total_duration_ms=1
[2026-02-03 01:11:32.303] [info] [spider.worker] [TIMING] task_id=2ebb7f8b-c1f3-4333-8c1a-cf6b8d8c39d6 storage_connect_start=510334510 storage_connect_end=510334512 storage_connect_duration_ms=1 phase=pre_execution
[2026-02-03 01:11:32.304] [info] [spider.worker] [TIMING] task_id=2ebb7f8b-c1f3-4333-8c1a-cf6b8d8c39d6 func=job_orchestration.executor.query.spider_search_task.search_without_channel fetch_input_start=510334512 fetch_input_end=510334513 fetch_input_duration_ms=0
[2026-02-03 01:11:32.305] [info] [spider.worker] [TIMING] task_id=2ebb7f8b-c1f3-4333-8c1a-cf6b8d8c39d6 func=job_orchestration.executor.query.spider_search_task.search_without_channel input_send_start=510334513 input_send_end=510334513 input_send_duration_ms=0 bytes=612
[2026-02-03 01:11:32.305] [info] [spider.worker] [TIMING] task_id=2ebb7f8b-c1f3-4333-8c1a-cf6b8d8c39d6 func=job_orchestration.executor.query.spider_search_task.search_without_channel spawn_start=510334513 spawn_end=510334513 spawn_duration_ms=0
[2026-02-03 01:11:33.665] [info] [spider.worker] [TIMING] task_id=2ebb7f8b-c1f3-4333-8c1a-cf6b8d8c39d6 func=job_orchestration.executor.query.spider_search_task.search_without_channel execution_start=510334513 execution_end=510335873 execution_duration_ms=1360
[2026-02-03 01:11:33.682] [info] [spider.worker] [TIMING] task_id=2ebb7f8b-c1f3-4333-8c1a-cf6b8d8c39d6 func=job_orchestration.executor.query.spider_search_task.search_without_channel storage_connect_start=510335873 storage_connect_end=510335891 storage_connect_duration_ms=17 phase=handle_result
[2026-02-03 01:11:33.699] [info] [spider.worker] [TIMING] task_id=2ebb7f8b-c1f3-4333-8c1a-cf6b8d8c39d6 func=job_orchestration.executor.query.spider_search_task.search_without_channel submit_output_start=510335891 submit_output_end=510335907 submit_output_duration_ms=16
[2026-02-03 01:11:33.723] [info] [spider.worker] [TIMING] worker_id=1f902afc-ec89-467f-a98b-64b46f06ec46 task_id=29b4c28b-029e-491c-b463-bf50dd97d4ab get_next_task request_start=510335910 connect_end=510335911 send_end=510335911 receive_end=510335911 connect_duration_ms=1 send_duration_ms=0 receive_duration_ms=0 total_duration_ms=1
[2026-02-03 01:11:33.724] [info] [spider.worker] [TIMING] task_id=29b4c28b-029e-491c-b463-bf50dd97d4ab storage_connect_start=510335932 storage_connect_end=510335933 storage_connect_duration_ms=1 phase=pre_execution
[2026-02-03 01:11:33.725] [info] [spider.worker] [TIMING] task_id=29b4c28b-029e-491c-b463-bf50dd97d4ab func=job_orchestration.executor.query.spider_search_task.search_without_channel fetch_input_start=510335933 fetch_input_end=510335933 fetch_input_duration_ms=0
[2026-02-03 01:11:33.726] [info] [spider.worker] [TIMING] task_id=29b4c28b-029e-491c-b463-bf50dd97d4ab func=job_orchestration.executor.query.spider_search_task.search_without_channel input_send_start=510335934 input_send_end=510335934 input_send_duration_ms=0 bytes=612
[2026-02-03 01:11:33.726] [info] [spider.worker] [TIMING] task_id=29b4c28b-029e-491c-b463-bf50dd97d4ab func=job_orchestration.executor.query.spider_search_task.search_without_channel spawn_start=510335934 spawn_end=510335934 spawn_duration_ms=0
[2026-02-03 01:11:35.107] [info] [spider.worker] [TIMING] task_id=29b4c28b-029e-491c-b463-bf50dd97d4ab func=job_orchestration.executor.query.spider_search_task.search_without_channel execution_start=510335934 execution_end=510337315 execution_duration_ms=1381
[2026-02-03 01:11:35.109] [info] [spider.worker] [TIMING] task_id=29b4c28b-029e-491c-b463-bf50dd97d4ab func=job_orchestration.executor.query.spider_search_task.search_without_channel storage_connect_start=510337315 storage_connect_end=510337317 storage_connect_duration_ms=1 phase=handle_result
[2026-02-03 01:11:35.149] [info] [spider.worker] [TIMING] task_id=29b4c28b-029e-491c-b463-bf50dd97d4ab func=job_orchestration.executor.query.spider_search_task.search_without_channel submit_output_start=510337317 submit_output_end=510337358 submit_output_duration_ms=40
[2026-02-03 01:11:35.166] [info] [spider.worker] [TIMING] worker_id=1f902afc-ec89-467f-a98b-64b46f06ec46 task_id=ea17e9d5-ca31-44e4-9c54-bb400c9d19aa get_next_task request_start=510337360 connect_end=510337362 send_end=510337362 receive_end=510337362 connect_duration_ms=1 send_duration_ms=0 receive_duration_ms=0 total_duration_ms=1
[2026-02-03 01:11:35.168] [info] [spider.worker] [TIMING] task_id=ea17e9d5-ca31-44e4-9c54-bb400c9d19aa storage_connect_start=510337375 storage_connect_end=510337377 storage_connect_duration_ms=1 phase=pre_execution
[2026-02-03 01:11:35.169] [info] [spider.worker] [TIMING] task_id=ea17e9d5-ca31-44e4-9c54-bb400c9d19aa func=job_orchestration.executor.query.spider_search_task.search_without_channel fetch_input_start=510337377 fetch_input_end=510337378 fetch_input_duration_ms=1
[2026-02-03 01:11:35.170] [info] [spider.worker] [TIMING] task_id=ea17e9d5-ca31-44e4-9c54-bb400c9d19aa func=job_orchestration.executor.query.spider_search_task.search_without_channel input_send_start=510337378 input_send_end=510337378 input_send_duration_ms=0 bytes=612
[2026-02-03 01:11:35.170] [info] [spider.worker] [TIMING] task_id=ea17e9d5-ca31-44e4-9c54-bb400c9d19aa func=job_orchestration.executor.query.spider_search_task.search_without_channel spawn_start=510337378 spawn_end=510337378 spawn_duration_ms=0
[2026-02-03 01:11:36.767] [info] [spider.worker] [TIMING] task_id=ea17e9d5-ca31-44e4-9c54-bb400c9d19aa func=job_orchestration.executor.query.spider_search_task.search_without_channel execution_start=510337379 execution_end=510338976 execution_duration_ms=1597
[2026-02-03 01:11:36.769] [info] [spider.worker] [TIMING] task_id=ea17e9d5-ca31-44e4-9c54-bb400c9d19aa func=job_orchestration.executor.query.spider_search_task.search_without_channel storage_connect_start=510338976 storage_connect_end=510338978 storage_connect_duration_ms=1 phase=handle_result
[2026-02-03 01:11:36.775] [info] [spider.worker] [TIMING] task_id=ea17e9d5-ca31-44e4-9c54-bb400c9d19aa func=job_orchestration.executor.query.spider_search_task.search_without_channel submit_output_start=510338978 submit_output_end=510338983 submit_output_duration_ms=5
[2026-02-03 01:11:36.791] [info] [spider.worker] [TIMING] worker_id=1f902afc-ec89-467f-a98b-64b46f06ec46 task_id=94069565-16e7-4369-8842-22df9c8e8ebd get_next_task request_start=510338987 connect_end=510338988 send_end=510338989 receive_end=510338989 connect_duration_ms=1 send_duration_ms=0 receive_duration_ms=0 total_duration_ms=1
[2026-02-03 01:11:36.793] [info] [spider.worker] [TIMING] task_id=94069565-16e7-4369-8842-22df9c8e8ebd storage_connect_start=510339000 storage_connect_end=510339002 storage_connect_duration_ms=1 phase=pre_execution
[2026-02-03 01:11:36.794] [info] [spider.worker] [TIMING] task_id=94069565-16e7-4369-8842-22df9c8e8ebd func=job_orchestration.executor.query.spider_search_task.search_without_channel fetch_input_start=510339002 fetch_input_end=510339003 fetch_input_duration_ms=0
[2026-02-03 01:11:36.795] [info] [spider.worker] [TIMING] task_id=94069565-16e7-4369-8842-22df9c8e8ebd func=job_orchestration.executor.query.spider_search_task.search_without_channel input_send_start=510339003 input_send_end=510339003 input_send_duration_ms=0 bytes=612
[2026-02-03 01:11:36.795] [info] [spider.worker] [TIMING] task_id=94069565-16e7-4369-8842-22df9c8e8ebd func=job_orchestration.executor.query.spider_search_task.search_without_channel spawn_start=510339003 spawn_end=510339003 spawn_duration_ms=0
[2026-02-03 01:11:38.166] [info] [spider.worker] [TIMING] task_id=94069565-16e7-4369-8842-22df9c8e8ebd func=job_orchestration.executor.query.spider_search_task.search_without_channel execution_start=510339004 execution_end=510340374 execution_duration_ms=1370
[2026-02-03 01:11:38.167] [info] [spider.worker] [TIMING] task_id=94069565-16e7-4369-8842-22df9c8e8ebd func=job_orchestration.executor.query.spider_search_task.search_without_channel storage_connect_start=510340374 storage_connect_end=510340375 storage_connect_duration_ms=1 phase=handle_result
[2026-02-03 01:11:38.183] [info] [spider.worker] [TIMING] task_id=94069565-16e7-4369-8842-22df9c8e8ebd func=job_orchestration.executor.query.spider_search_task.search_without_channel submit_output_start=510340375 submit_output_end=510340391 submit_output_duration_ms=16
[2026-02-03 01:11:38.225] [info] [spider.worker] [TIMING] worker_id=1f902afc-ec89-467f-a98b-64b46f06ec46 task_id=802ea268-42b0-4110-81c9-ef8f4287097d get_next_task request_start=510340394 connect_end=510340395 send_end=510340395 receive_end=510340395 connect_duration_ms=1 send_duration_ms=0 receive_duration_ms=0 total_duration_ms=1
[2026-02-03 01:11:38.227] [info] [spider.worker] [TIMING] task_id=802ea268-42b0-4110-81c9-ef8f4287097d storage_connect_start=510340433 storage_connect_end=510340435 storage_connect_duration_ms=1 phase=pre_execution
[2026-02-03 01:11:38.228] [info] [spider.worker] [TIMING] task_id=802ea268-42b0-4110-81c9-ef8f4287097d func=job_orchestration.executor.query.spider_search_task.search_without_channel fetch_input_start=510340435 fetch_input_end=510340436 fetch_input_duration_ms=1
[2026-02-03 01:11:38.228] [info] [spider.worker] [TIMING] task_id=802ea268-42b0-4110-81c9-ef8f4287097d func=job_orchestration.executor.query.spider_search_task.search_without_channel input_send_start=510340436 input_send_end=510340436 input_send_duration_ms=0 bytes=612
[2026-02-03 01:11:38.228] [info] [spider.worker] [TIMING] task_id=802ea268-42b0-4110-81c9-ef8f4287097d func=job_orchestration.executor.query.spider_search_task.search_without_channel spawn_start=510340436 spawn_end=510340437 spawn_duration_ms=0
[2026-02-03 01:11:39.738] [info] [spider.worker] [TIMING] task_id=802ea268-42b0-4110-81c9-ef8f4287097d func=job_orchestration.executor.query.spider_search_task.search_without_channel execution_start=510340437 execution_end=510341947 execution_duration_ms=1510
[2026-02-03 01:11:39.740] [info] [spider.worker] [TIMING] task_id=802ea268-42b0-4110-81c9-ef8f4287097d func=job_orchestration.executor.query.spider_search_task.search_without_channel storage_connect_start=510341947 storage_connect_end=510341948 storage_connect_duration_ms=1 phase=handle_result
[2026-02-03 01:11:39.750] [info] [spider.worker] [TIMING] task_id=802ea268-42b0-4110-81c9-ef8f4287097d func=job_orchestration.executor.query.spider_search_task.search_without_channel submit_output_start=510341948 submit_output_end=510341958 submit_output_duration_ms=10
[2026-02-03 01:11:39.767] [info] [spider.worker] [TIMING] worker_id=1f902afc-ec89-467f-a98b-64b46f06ec46 task_id=72935208-f6ca-4b60-88b1-410f912bda19 get_next_task request_start=510341961 connect_end=510341962 send_end=510341962 receive_end=510341962 connect_duration_ms=1 send_duration_ms=0 receive_duration_ms=0 total_duration_ms=1
[2026-02-03 01:11:39.768] [info] [spider.worker] [TIMING] task_id=72935208-f6ca-4b60-88b1-410f912bda19 storage_connect_start=510341975 storage_connect_end=510341977 storage_connect_duration_ms=1 phase=pre_execution
[2026-02-03 01:11:39.769] [info] [spider.worker] [TIMING] task_id=72935208-f6ca-4b60-88b1-410f912bda19 func=job_orchestration.executor.query.spider_search_task.search_without_channel fetch_input_start=510341977 fetch_input_end=510341978 fetch_input_duration_ms=0
[2026-02-03 01:11:39.770] [info] [spider.worker] [TIMING] task_id=72935208-f6ca-4b60-88b1-410f912bda19 func=job_orchestration.executor.query.spider_search_task.search_without_channel input_send_start=510341978 input_send_end=510341978 input_send_duration_ms=0 bytes=612
[2026-02-03 01:11:39.770] [info] [spider.worker] [TIMING] task_id=72935208-f6ca-4b60-88b1-410f912bda19 func=job_orchestration.executor.query.spider_search_task.search_without_channel spawn_start=510341978 spawn_end=510341978 spawn_duration_ms=0
[2026-02-03 01:11:41.186] [info] [spider.worker] [TIMING] task_id=72935208-f6ca-4b60-88b1-410f912bda19 func=job_orchestration.executor.query.spider_search_task.search_without_channel execution_start=510341978 execution_end=510343394 execution_duration_ms=1416
[2026-02-03 01:11:41.188] [info] [spider.worker] [TIMING] task_id=72935208-f6ca-4b60-88b1-410f912bda19 func=job_orchestration.executor.query.spider_search_task.search_without_channel storage_connect_start=510343395 storage_connect_end=510343397 storage_connect_duration_ms=2 phase=handle_result
[2026-02-03 01:11:41.200] [info] [spider.worker] [TIMING] task_id=72935208-f6ca-4b60-88b1-410f912bda19 func=job_orchestration.executor.query.spider_search_task.search_without_channel submit_output_start=510343397 submit_output_end=510343409 submit_output_duration_ms=11
[2026-02-03 01:11:41.236] [info] [spider.worker] [TIMING] worker_id=1f902afc-ec89-467f-a98b-64b46f06ec46 task_id=11b19f47-bdbe-48dc-b040-4b607e97a38f get_next_task request_start=510343411 connect_end=510343412 send_end=510343412 receive_end=510343412 connect_duration_ms=1 send_duration_ms=0 receive_duration_ms=0 total_duration_ms=1
[2026-02-03 01:11:41.237] [info] [spider.worker] [TIMING] task_id=11b19f47-bdbe-48dc-b040-4b607e97a38f storage_connect_start=510343444 storage_connect_end=510343446 storage_connect_duration_ms=1 phase=pre_execution
[2026-02-03 01:11:41.238] [info] [spider.worker] [TIMING] task_id=11b19f47-bdbe-48dc-b040-4b607e97a38f func=job_orchestration.executor.query.spider_search_task.search_without_channel fetch_input_start=510343446 fetch_input_end=510343446 fetch_input_duration_ms=0
[2026-02-03 01:11:41.239] [info] [spider.worker] [TIMING] task_id=11b19f47-bdbe-48dc-b040-4b607e97a38f func=job_orchestration.executor.query.spider_search_task.search_without_channel input_send_start=510343447 input_send_end=510343447 input_send_duration_ms=0 bytes=612
[2026-02-03 01:11:41.239] [info] [spider.worker] [TIMING] task_id=11b19f47-bdbe-48dc-b040-4b607e97a38f func=job_orchestration.executor.query.spider_search_task.search_without_channel spawn_start=510343447 spawn_end=510343447 spawn_duration_ms=0
[2026-02-03 01:11:42.666] [info] [spider.worker] [TIMING] task_id=11b19f47-bdbe-48dc-b040-4b607e97a38f func=job_orchestration.executor.query.spider_search_task.search_without_channel execution_start=510343447 execution_end=510344874 execution_duration_ms=1426
[2026-02-03 01:11:42.667] [info] [spider.worker] [TIMING] task_id=11b19f47-bdbe-48dc-b040-4b607e97a38f func=job_orchestration.executor.query.spider_search_task.search_without_channel storage_connect_start=510344874 storage_connect_end=510344875 storage_connect_duration_ms=1 phase=handle_result
[2026-02-03 01:11:42.709] [info] [spider.worker] [TIMING] task_id=11b19f47-bdbe-48dc-b040-4b607e97a38f func=job_orchestration.executor.query.spider_search_task.search_without_channel submit_output_start=510344875 submit_output_end=510344918 submit_output_duration_ms=42
[2026-02-03 01:11:42.747] [info] [spider.worker] [TIMING] worker_id=1f902afc-ec89-467f-a98b-64b46f06ec46 task_id=2ca937b3-0fbc-4bb2-8ce3-4733d000aca6 get_next_task request_start=510344920 connect_end=510344921 send_end=510344921 receive_end=510344921 connect_duration_ms=1 send_duration_ms=0 receive_duration_ms=0 total_duration_ms=1
[2026-02-03 01:11:42.748] [info] [spider.worker] [TIMING] task_id=2ca937b3-0fbc-4bb2-8ce3-4733d000aca6 storage_connect_start=510344955 storage_connect_end=510344957 storage_connect_duration_ms=1 phase=pre_execution
[2026-02-03 01:11:42.749] [info] [spider.worker] [TIMING] task_id=2ca937b3-0fbc-4bb2-8ce3-4733d000aca6 func=job_orchestration.executor.query.spider_search_task.search_without_channel fetch_input_start=510344957 fetch_input_end=510344958 fetch_input_duration_ms=0
[2026-02-03 01:11:42.750] [info] [spider.worker] [TIMING] task_id=2ca937b3-0fbc-4bb2-8ce3-4733d000aca6 func=job_orchestration.executor.query.spider_search_task.search_without_channel input_send_start=510344958 input_send_end=510344958 input_send_duration_ms=0 bytes=612
[2026-02-03 01:11:42.750] [info] [spider.worker] [TIMING] task_id=2ca937b3-0fbc-4bb2-8ce3-4733d000aca6 func=job_orchestration.executor.query.spider_search_task.search_without_channel spawn_start=510344958 spawn_end=510344958 spawn_duration_ms=0
[2026-02-03 01:11:43.992] [info] [spider.worker] [TIMING] task_id=2ca937b3-0fbc-4bb2-8ce3-4733d000aca6 func=job_orchestration.executor.query.spider_search_task.search_without_channel execution_start=510344959 execution_end=510346200 execution_duration_ms=1241
[2026-02-03 01:11:43.993] [info] [spider.worker] [TIMING] task_id=2ca937b3-0fbc-4bb2-8ce3-4733d000aca6 func=job_orchestration.executor.query.spider_search_task.search_without_channel storage_connect_start=510346200 storage_connect_end=510346202 storage_connect_duration_ms=1 phase=handle_result
[2026-02-03 01:11:44.001] [info] [spider.worker] [TIMING] task_id=2ca937b3-0fbc-4bb2-8ce3-4733d000aca6 func=job_orchestration.executor.query.spider_search_task.search_without_channel submit_output_start=510346202 submit_output_end=510346209 submit_output_duration_ms=7
[2026-02-03 01:11:44.017] [info] [spider.worker] [TIMING] worker_id=1f902afc-ec89-467f-a98b-64b46f06ec46 task_id=caf6d34c-e75a-4acd-85ed-693722e469b6 get_next_task request_start=510346211 connect_end=510346213 send_end=510346213 receive_end=510346213 connect_duration_ms=1 send_duration_ms=0 receive_duration_ms=0 total_duration_ms=1
[2026-02-03 01:11:44.019] [info] [spider.worker] [TIMING] task_id=caf6d34c-e75a-4acd-85ed-693722e469b6 storage_connect_start=510346226 storage_connect_end=510346228 storage_connect_duration_ms=1 phase=pre_execution
[2026-02-03 01:11:44.020] [info] [spider.worker] [TIMING] task_id=caf6d34c-e75a-4acd-85ed-693722e469b6 func=job_orchestration.executor.query.spider_search_task.search_without_channel fetch_input_start=510346228 fetch_input_end=510346228 fetch_input_duration_ms=0
[2026-02-03 01:11:44.021] [info] [spider.worker] [TIMING] task_id=caf6d34c-e75a-4acd-85ed-693722e469b6 func=job_orchestration.executor.query.spider_search_task.search_without_channel input_send_start=510346229 input_send_end=510346229 input_send_duration_ms=0 bytes=612
[2026-02-03 01:11:44.021] [info] [spider.worker] [TIMING] task_id=caf6d34c-e75a-4acd-85ed-693722e469b6 func=job_orchestration.executor.query.spider_search_task.search_without_channel spawn_start=510346228 spawn_end=510346229 spawn_duration_ms=0
[2026-02-03 01:11:45.283] [info] [spider.worker] [TIMING] task_id=caf6d34c-e75a-4acd-85ed-693722e469b6 func=job_orchestration.executor.query.spider_search_task.search_without_channel execution_start=510346229 execution_end=510347492 execution_duration_ms=1262
[2026-02-03 01:11:45.285] [info] [spider.worker] [TIMING] task_id=caf6d34c-e75a-4acd-85ed-693722e469b6 func=job_orchestration.executor.query.spider_search_task.search_without_channel storage_connect_start=510347492 storage_connect_end=510347493 storage_connect_duration_ms=1 phase=handle_result
[2026-02-03 01:11:45.328] [info] [spider.worker] [TIMING] task_id=caf6d34c-e75a-4acd-85ed-693722e469b6 func=job_orchestration.executor.query.spider_search_task.search_without_channel submit_output_start=510347493 submit_output_end=510347537 submit_output_duration_ms=43
[2026-02-03 01:11:45.409] [info] [spider.worker] [TIMING] worker_id=1f902afc-ec89-467f-a98b-64b46f06ec46 task_id=b704b176-b5b7-43b8-968d-7108bb08e03a get_next_task request_start=510347539 connect_end=510347540 send_end=510347540 receive_end=510347540 connect_duration_ms=1 send_duration_ms=0 receive_duration_ms=0 total_duration_ms=1
[2026-02-03 01:11:45.412] [info] [spider.worker] [TIMING] task_id=b704b176-b5b7-43b8-968d-7108bb08e03a storage_connect_start=510347618 storage_connect_end=510347620 storage_connect_duration_ms=1 phase=pre_execution
[2026-02-03 01:11:45.413] [info] [spider.worker] [TIMING] task_id=b704b176-b5b7-43b8-968d-7108bb08e03a func=job_orchestration.executor.query.spider_search_task.search_without_channel fetch_input_start=510347620 fetch_input_end=510347621 fetch_input_duration_ms=1
[2026-02-03 01:11:45.413] [info] [spider.worker] [TIMING] task_id=b704b176-b5b7-43b8-968d-7108bb08e03a func=job_orchestration.executor.query.spider_search_task.search_without_channel input_send_start=510347622 input_send_end=510347622 input_send_duration_ms=0 bytes=612
[2026-02-03 01:11:45.413] [info] [spider.worker] [TIMING] task_id=b704b176-b5b7-43b8-968d-7108bb08e03a func=job_orchestration.executor.query.spider_search_task.search_without_channel spawn_start=510347621 spawn_end=510347622 spawn_duration_ms=0
[2026-02-03 01:11:47.034] [info] [spider.worker] [TIMING] task_id=b704b176-b5b7-43b8-968d-7108bb08e03a func=job_orchestration.executor.query.spider_search_task.search_without_channel execution_start=510347622 execution_end=510349242 execution_duration_ms=1620
[2026-02-03 01:11:47.036] [info] [spider.worker] [TIMING] task_id=b704b176-b5b7-43b8-968d-7108bb08e03a func=job_orchestration.executor.query.spider_search_task.search_without_channel storage_connect_start=510349242 storage_connect_end=510349244 storage_connect_duration_ms=2 phase=handle_result
[2026-02-03 01:11:47.082] [info] [spider.worker] [TIMING] task_id=b704b176-b5b7-43b8-968d-7108bb08e03a func=job_orchestration.executor.query.spider_search_task.search_without_channel submit_output_start=510349244 submit_output_end=510349290 submit_output_duration_ms=46
[2026-02-03 01:11:47.124] [info] [spider.worker] [TIMING] worker_id=1f902afc-ec89-467f-a98b-64b46f06ec46 task_id=16fe838c-c568-4802-aa0c-a71e1146f135 get_next_task request_start=510349293 connect_end=510349294 send_end=510349294 receive_end=510349294 connect_duration_ms=1 send_duration_ms=0 receive_duration_ms=0 total_duration_ms=1
[2026-02-03 01:11:47.126] [info] [spider.worker] [TIMING] task_id=16fe838c-c568-4802-aa0c-a71e1146f135 storage_connect_start=510349332 storage_connect_end=510349334 storage_connect_duration_ms=1 phase=pre_execution
[2026-02-03 01:11:47.126] [info] [spider.worker] [TIMING] task_id=16fe838c-c568-4802-aa0c-a71e1146f135 func=job_orchestration.executor.query.spider_search_task.search_without_channel fetch_input_start=510349334 fetch_input_end=510349335 fetch_input_duration_ms=0
[2026-02-03 01:11:47.127] [info] [spider.worker] [TIMING] task_id=16fe838c-c568-4802-aa0c-a71e1146f135 func=job_orchestration.executor.query.spider_search_task.search_without_channel input_send_start=510349335 input_send_end=510349335 input_send_duration_ms=0 bytes=612
[2026-02-03 01:11:47.127] [info] [spider.worker] [TIMING] task_id=16fe838c-c568-4802-aa0c-a71e1146f135 func=job_orchestration.executor.query.spider_search_task.search_without_channel spawn_start=510349335 spawn_end=510349335 spawn_duration_ms=0
[2026-02-03 01:11:48.452] [info] [spider.worker] [TIMING] task_id=16fe838c-c568-4802-aa0c-a71e1146f135 func=job_orchestration.executor.query.spider_search_task.search_without_channel execution_start=510349336 execution_end=510350660 execution_duration_ms=1324
[2026-02-03 01:11:48.454] [info] [spider.worker] [TIMING] task_id=16fe838c-c568-4802-aa0c-a71e1146f135 func=job_orchestration.executor.query.spider_search_task.search_without_channel storage_connect_start=510350660 storage_connect_end=510350662 storage_connect_duration_ms=1 phase=handle_result
[2026-02-03 01:11:48.561] [info] [spider.worker] [TIMING] task_id=16fe838c-c568-4802-aa0c-a71e1146f135 func=job_orchestration.executor.query.spider_search_task.search_without_channel submit_output_start=510350662 submit_output_end=510350769 submit_output_duration_ms=107
[2026-02-03 01:11:48.635] [info] [spider.worker] [TIMING] worker_id=1f902afc-ec89-467f-a98b-64b46f06ec46 task_id=7516ac9d-6e50-4d66-a705-0ead0fb471eb get_next_task request_start=510350779 connect_end=510350781 send_end=510350781 receive_end=510350781 connect_duration_ms=1 send_duration_ms=0 receive_duration_ms=0 total_duration_ms=2
[2026-02-03 01:11:48.637] [info] [spider.worker] [TIMING] task_id=7516ac9d-6e50-4d66-a705-0ead0fb471eb storage_connect_start=510350844 storage_connect_end=510350846 storage_connect_duration_ms=1 phase=pre_execution
[2026-02-03 01:11:48.638] [info] [spider.worker] [TIMING] task_id=7516ac9d-6e50-4d66-a705-0ead0fb471eb func=job_orchestration.executor.query.spider_search_task.search_without_channel fetch_input_start=510350846 fetch_input_end=510350847 fetch_input_duration_ms=1
[2026-02-03 01:11:48.639] [info] [spider.worker] [TIMING] task_id=7516ac9d-6e50-4d66-a705-0ead0fb471eb func=job_orchestration.executor.query.spider_search_task.search_without_channel input_send_start=510350847 input_send_end=510350847 input_send_duration_ms=0 bytes=612
[2026-02-03 01:11:48.639] [info] [spider.worker] [TIMING] task_id=7516ac9d-6e50-4d66-a705-0ead0fb471eb func=job_orchestration.executor.query.spider_search_task.search_without_channel spawn_start=510350847 spawn_end=510350847 spawn_duration_ms=0
[2026-02-03 01:11:49.981] [info] [spider.worker] [TIMING] task_id=7516ac9d-6e50-4d66-a705-0ead0fb471eb func=job_orchestration.executor.query.spider_search_task.search_without_channel execution_start=510350848 execution_end=510352189 execution_duration_ms=1341
[2026-02-03 01:11:49.983] [info] [spider.worker] [TIMING] task_id=7516ac9d-6e50-4d66-a705-0ead0fb471eb func=job_orchestration.executor.query.spider_search_task.search_without_channel storage_connect_start=510352189 storage_connect_end=510352192 storage_connect_duration_ms=2 phase=handle_result
[2026-02-03 01:11:50.050] [info] [spider.worker] [TIMING] task_id=7516ac9d-6e50-4d66-a705-0ead0fb471eb func=job_orchestration.executor.query.spider_search_task.search_without_channel submit_output_start=510352192 submit_output_end=510352258 submit_output_duration_ms=66
[2026-02-03 01:11:50.069] [info] [spider.worker] [TIMING] worker_id=1f902afc-ec89-467f-a98b-64b46f06ec46 task_id=b0d77b9c-3337-49c2-bfa2-6d09b8c07ea4 get_next_task request_start=510352261 connect_end=510352262 send_end=510352262 receive_end=510352263 connect_duration_ms=1 send_duration_ms=0 receive_duration_ms=0 total_duration_ms=1
[2026-02-03 01:11:50.071] [info] [spider.worker] [TIMING] task_id=b0d77b9c-3337-49c2-bfa2-6d09b8c07ea4 storage_connect_start=510352278 storage_connect_end=510352279 storage_connect_duration_ms=1 phase=pre_execution
[2026-02-03 01:11:50.071] [info] [spider.worker] [TIMING] task_id=b0d77b9c-3337-49c2-bfa2-6d09b8c07ea4 func=job_orchestration.executor.query.spider_search_task.search_without_channel fetch_input_start=510352279 fetch_input_end=510352280 fetch_input_duration_ms=0
[2026-02-03 01:11:50.072] [info] [spider.worker] [TIMING] task_id=b0d77b9c-3337-49c2-bfa2-6d09b8c07ea4 func=job_orchestration.executor.query.spider_search_task.search_without_channel input_send_start=510352280 input_send_end=510352280 input_send_duration_ms=0 bytes=612
[2026-02-03 01:11:50.072] [info] [spider.worker] [TIMING] task_id=b0d77b9c-3337-49c2-bfa2-6d09b8c07ea4 func=job_orchestration.executor.query.spider_search_task.search_without_channel spawn_start=510352280 spawn_end=510352280 spawn_duration_ms=0
[2026-02-03 01:11:51.265] [info] [spider.worker] [TIMING] task_id=b0d77b9c-3337-49c2-bfa2-6d09b8c07ea4 func=job_orchestration.executor.query.spider_search_task.search_without_channel execution_start=510352281 execution_end=510353474 execution_duration_ms=1193
[2026-02-03 01:11:51.267] [info] [spider.worker] [TIMING] task_id=b0d77b9c-3337-49c2-bfa2-6d09b8c07ea4 func=job_orchestration.executor.query.spider_search_task.search_without_channel storage_connect_start=510353474 storage_connect_end=510353475 storage_connect_duration_ms=1 phase=handle_result
[2026-02-03 01:11:51.295] [info] [spider.worker] [TIMING] task_id=b0d77b9c-3337-49c2-bfa2-6d09b8c07ea4 func=job_orchestration.executor.query.spider_search_task.search_without_channel submit_output_start=510353475 submit_output_end=510353503 submit_output_duration_ms=28
[2026-02-03 01:11:51.310] [info] [spider.worker] [TIMING] worker_id=1f902afc-ec89-467f-a98b-64b46f06ec46 task_id=e4e0d309-6767-4850-8991-7c8ae15ff516 get_next_task request_start=510353506 connect_end=510353507 send_end=510353507 receive_end=510353507 connect_duration_ms=1 send_duration_ms=0 receive_duration_ms=0 total_duration_ms=1
[2026-02-03 01:11:51.312] [info] [spider.worker] [TIMING] task_id=e4e0d309-6767-4850-8991-7c8ae15ff516 storage_connect_start=510353519 storage_connect_end=510353521 storage_connect_duration_ms=1 phase=pre_execution
[2026-02-03 01:11:51.313] [info] [spider.worker] [TIMING] task_id=e4e0d309-6767-4850-8991-7c8ae15ff516 func=job_orchestration.executor.query.spider_search_task.search_without_channel fetch_input_start=510353521 fetch_input_end=510353522 fetch_input_duration_ms=1
[2026-02-03 01:11:51.314] [info] [spider.worker] [TIMING] task_id=e4e0d309-6767-4850-8991-7c8ae15ff516 func=job_orchestration.executor.query.spider_search_task.search_without_channel input_send_start=510353522 input_send_end=510353522 input_send_duration_ms=0 bytes=612
[2026-02-03 01:11:51.314] [info] [spider.worker] [TIMING] task_id=e4e0d309-6767-4850-8991-7c8ae15ff516 func=job_orchestration.executor.query.spider_search_task.search_without_channel spawn_start=510353522 spawn_end=510353522 spawn_duration_ms=0
[2026-02-03 01:11:52.590] [info] [spider.worker] [TIMING] task_id=e4e0d309-6767-4850-8991-7c8ae15ff516 func=job_orchestration.executor.query.spider_search_task.search_without_channel execution_start=510353523 execution_end=510354798 execution_duration_ms=1275
[2026-02-03 01:11:52.591] [info] [spider.worker] [TIMING] task_id=e4e0d309-6767-4850-8991-7c8ae15ff516 func=job_orchestration.executor.query.spider_search_task.search_without_channel storage_connect_start=510354798 storage_connect_end=510354800 storage_connect_duration_ms=1 phase=handle_result
[2026-02-03 01:11:52.602] [info] [spider.worker] [TIMING] task_id=e4e0d309-6767-4850-8991-7c8ae15ff516 func=job_orchestration.executor.query.spider_search_task.search_without_channel submit_output_start=510354800 submit_output_end=510354811 submit_output_duration_ms=11
[2026-02-03 01:11:52.611] [info] [spider.worker] [TIMING] worker_id=1f902afc-ec89-467f-a98b-64b46f06ec46 task_id=133ef649-28cc-445d-a10e-af3a98b5ebd7 get_next_task request_start=510354813 connect_end=510354814 send_end=510354814 receive_end=510354814 connect_duration_ms=1 send_duration_ms=0 receive_duration_ms=0 total_duration_ms=1
[2026-02-03 01:11:52.612] [info] [spider.worker] [TIMING] task_id=133ef649-28cc-445d-a10e-af3a98b5ebd7 storage_connect_start=510354819 storage_connect_end=510354821 storage_connect_duration_ms=1 phase=pre_execution
[2026-02-03 01:11:52.613] [info] [spider.worker] [TIMING] task_id=133ef649-28cc-445d-a10e-af3a98b5ebd7 func=job_orchestration.executor.query.spider_search_task.search_without_channel fetch_input_start=510354821 fetch_input_end=510354822 fetch_input_duration_ms=1
[2026-02-03 01:11:52.614] [info] [spider.worker] [TIMING] task_id=133ef649-28cc-445d-a10e-af3a98b5ebd7 func=job_orchestration.executor.query.spider_search_task.search_without_channel input_send_start=510354822 input_send_end=510354822 input_send_duration_ms=0 bytes=612
[2026-02-03 01:11:52.614] [info] [spider.worker] [TIMING] task_id=133ef649-28cc-445d-a10e-af3a98b5ebd7 func=job_orchestration.executor.query.spider_search_task.search_without_channel spawn_start=510354822 spawn_end=510354822 spawn_duration_ms=0
[2026-02-03 01:11:54.011] [info] [spider.worker] [TIMING] task_id=133ef649-28cc-445d-a10e-af3a98b5ebd7 func=job_orchestration.executor.query.spider_search_task.search_without_channel execution_start=510354823 execution_end=510356219 execution_duration_ms=1396
[2026-02-03 01:11:54.013] [info] [spider.worker] [TIMING] task_id=133ef649-28cc-445d-a10e-af3a98b5ebd7 func=job_orchestration.executor.query.spider_search_task.search_without_channel storage_connect_start=510356219 storage_connect_end=510356221 storage_connect_duration_ms=1 phase=handle_result
[2026-02-03 01:11:54.068] [info] [spider.worker] [TIMING] task_id=133ef649-28cc-445d-a10e-af3a98b5ebd7 func=job_orchestration.executor.query.spider_search_task.search_without_channel submit_output_start=510356221 submit_output_end=510356277 submit_output_duration_ms=55
[2026-02-03 01:11:54.086] [info] [spider.worker] [TIMING] worker_id=1f902afc-ec89-467f-a98b-64b46f06ec46 task_id=fe62ced1-152f-4e85-84a9-1ee0b68d62f5 get_next_task request_start=510356279 connect_end=510356280 send_end=510356280 receive_end=510356280 connect_duration_ms=1 send_duration_ms=0 receive_duration_ms=0 total_duration_ms=1
[2026-02-03 01:11:54.087] [info] [spider.worker] [TIMING] task_id=fe62ced1-152f-4e85-84a9-1ee0b68d62f5 storage_connect_start=510356295 storage_connect_end=510356296 storage_connect_duration_ms=1 phase=pre_execution
[2026-02-03 01:11:54.088] [info] [spider.worker] [TIMING] task_id=fe62ced1-152f-4e85-84a9-1ee0b68d62f5 func=job_orchestration.executor.query.spider_search_task.search_without_channel fetch_input_start=510356296 fetch_input_end=510356297 fetch_input_duration_ms=0
[2026-02-03 01:11:54.089] [info] [spider.worker] [TIMING] task_id=fe62ced1-152f-4e85-84a9-1ee0b68d62f5 func=job_orchestration.executor.query.spider_search_task.search_without_channel input_send_start=510356297 input_send_end=510356297 input_send_duration_ms=0 bytes=612
[2026-02-03 01:11:54.089] [info] [spider.worker] [TIMING] task_id=fe62ced1-152f-4e85-84a9-1ee0b68d62f5 func=job_orchestration.executor.query.spider_search_task.search_without_channel spawn_start=510356297 spawn_end=510356297 spawn_duration_ms=0
[2026-02-03 01:11:55.329] [info] [spider.worker] [TIMING] task_id=fe62ced1-152f-4e85-84a9-1ee0b68d62f5 func=job_orchestration.executor.query.spider_search_task.search_without_channel execution_start=510356297 execution_end=510357538 execution_duration_ms=1240
[2026-02-03 01:11:55.331] [info] [spider.worker] [TIMING] task_id=fe62ced1-152f-4e85-84a9-1ee0b68d62f5 func=job_orchestration.executor.query.spider_search_task.search_without_channel storage_connect_start=510357538 storage_connect_end=510357539 storage_connect_duration_ms=1 phase=handle_result
[2026-02-03 01:11:55.371] [info] [spider.worker] [TIMING] task_id=fe62ced1-152f-4e85-84a9-1ee0b68d62f5 func=job_orchestration.executor.query.spider_search_task.search_without_channel submit_output_start=510357539 submit_output_end=510357580 submit_output_duration_ms=40
[2026-02-03 01:11:55.386] [info] [spider.worker] [TIMING] worker_id=1f902afc-ec89-467f-a98b-64b46f06ec46 task_id=e8c26d6e-78ff-487e-a452-afe9efa425e7 get_next_task request_start=510357581 connect_end=510357582 send_end=510357582 receive_end=510357582 connect_duration_ms=1 send_duration_ms=0 receive_duration_ms=0 total_duration_ms=1
[2026-02-03 01:11:55.388] [info] [spider.worker] [TIMING] task_id=e8c26d6e-78ff-487e-a452-afe9efa425e7 storage_connect_start=510357595 storage_connect_end=510357597 storage_connect_duration_ms=1 phase=pre_execution
[2026-02-03 01:11:55.389] [info] [spider.worker] [TIMING] task_id=e8c26d6e-78ff-487e-a452-afe9efa425e7 func=job_orchestration.executor.query.spider_search_task.search_without_channel fetch_input_start=510357597 fetch_input_end=510357598 fetch_input_duration_ms=1
[2026-02-03 01:11:55.390] [info] [spider.worker] [TIMING] task_id=e8c26d6e-78ff-487e-a452-afe9efa425e7 func=job_orchestration.executor.query.spider_search_task.search_without_channel input_send_start=510357598 input_send_end=510357598 input_send_duration_ms=0 bytes=612
[2026-02-03 01:11:55.390] [info] [spider.worker] [TIMING] task_id=e8c26d6e-78ff-487e-a452-afe9efa425e7 func=job_orchestration.executor.query.spider_search_task.search_without_channel spawn_start=510357598 spawn_end=510357598 spawn_duration_ms=0
[2026-02-03 01:11:57.027] [info] [spider.worker] [TIMING] task_id=e8c26d6e-78ff-487e-a452-afe9efa425e7 func=job_orchestration.executor.query.spider_search_task.search_without_channel execution_start=510357598 execution_end=510359235 execution_duration_ms=1636
[2026-02-03 01:11:57.029] [info] [spider.worker] [TIMING] task_id=e8c26d6e-78ff-487e-a452-afe9efa425e7 func=job_orchestration.executor.query.spider_search_task.search_without_channel storage_connect_start=510359235 storage_connect_end=510359237 storage_connect_duration_ms=1 phase=handle_result
[2026-02-03 01:11:57.036] [info] [spider.worker] [TIMING] task_id=e8c26d6e-78ff-487e-a452-afe9efa425e7 func=job_orchestration.executor.query.spider_search_task.search_without_channel submit_output_start=510359237 submit_output_end=510359245 submit_output_duration_ms=7
[2026-02-03 01:11:57.053] [info] [spider.worker] [TIMING] worker_id=1f902afc-ec89-467f-a98b-64b46f06ec46 task_id=34e54574-e548-4b5e-9a20-6cc63d6560e1 get_next_task request_start=510359247 connect_end=510359249 send_end=510359249 receive_end=510359249 connect_duration_ms=1 send_duration_ms=0 receive_duration_ms=0 total_duration_ms=1
[2026-02-03 01:11:57.055] [info] [spider.worker] [TIMING] task_id=34e54574-e548-4b5e-9a20-6cc63d6560e1 storage_connect_start=510359262 storage_connect_end=510359264 storage_connect_duration_ms=1 phase=pre_execution
[2026-02-03 01:11:57.057] [info] [spider.worker] [TIMING] task_id=34e54574-e548-4b5e-9a20-6cc63d6560e1 func=job_orchestration.executor.query.spider_search_task.search_without_channel fetch_input_start=510359264 fetch_input_end=510359265 fetch_input_duration_ms=1
[2026-02-03 01:11:57.058] [info] [spider.worker] [TIMING] task_id=34e54574-e548-4b5e-9a20-6cc63d6560e1 func=job_orchestration.executor.query.spider_search_task.search_without_channel input_send_start=510359267 input_send_end=510359267 input_send_duration_ms=0 bytes=612
[2026-02-03 01:11:57.058] [info] [spider.worker] [TIMING] task_id=34e54574-e548-4b5e-9a20-6cc63d6560e1 func=job_orchestration.executor.query.spider_search_task.search_without_channel spawn_start=510359266 spawn_end=510359267 spawn_duration_ms=0
[2026-02-03 01:11:58.183] [info] [spider.worker] [TIMING] task_id=34e54574-e548-4b5e-9a20-6cc63d6560e1 func=job_orchestration.executor.query.spider_search_task.search_without_channel execution_start=510359267 execution_end=510360392 execution_duration_ms=1124
[2026-02-03 01:11:58.185] [info] [spider.worker] [TIMING] task_id=34e54574-e548-4b5e-9a20-6cc63d6560e1 func=job_orchestration.executor.query.spider_search_task.search_without_channel storage_connect_start=510360392 storage_connect_end=510360393 storage_connect_duration_ms=1 phase=handle_result
[2026-02-03 01:11:58.220] [info] [spider.worker] [TIMING] task_id=34e54574-e548-4b5e-9a20-6cc63d6560e1 func=job_orchestration.executor.query.spider_search_task.search_without_channel submit_output_start=510360393 submit_output_end=510360428 submit_output_duration_ms=34
[2026-02-03 01:11:58.237] [info] [spider.worker] [TIMING] worker_id=1f902afc-ec89-467f-a98b-64b46f06ec46 task_id=b267bd03-687c-46fa-ac5b-11414c30bae6 get_next_task request_start=510360431 connect_end=510360432 send_end=510360432 receive_end=510360432 connect_duration_ms=1 send_duration_ms=0 receive_duration_ms=0 total_duration_ms=1
[2026-02-03 01:11:58.239] [info] [spider.worker] [TIMING] task_id=b267bd03-687c-46fa-ac5b-11414c30bae6 storage_connect_start=510360446 storage_connect_end=510360448 storage_connect_duration_ms=2 phase=pre_execution
[2026-02-03 01:11:58.241] [info] [spider.worker] [TIMING] task_id=b267bd03-687c-46fa-ac5b-11414c30bae6 func=job_orchestration.executor.query.spider_search_task.search_without_channel fetch_input_start=510360448 fetch_input_end=510360449 fetch_input_duration_ms=1
[2026-02-03 01:11:58.241] [info] [spider.worker] [TIMING] task_id=b267bd03-687c-46fa-ac5b-11414c30bae6 func=job_orchestration.executor.query.spider_search_task.search_without_channel input_send_start=510360450 input_send_end=510360450 input_send_duration_ms=0 bytes=612
[2026-02-03 01:11:58.241] [info] [spider.worker] [TIMING] task_id=b267bd03-687c-46fa-ac5b-11414c30bae6 func=job_orchestration.executor.query.spider_search_task.search_without_channel spawn_start=510360449 spawn_end=510360450 spawn_duration_ms=0
[2026-02-03 01:11:59.631] [info] [spider.worker] [TIMING] task_id=b267bd03-687c-46fa-ac5b-11414c30bae6 func=job_orchestration.executor.query.spider_search_task.search_without_channel execution_start=510360450 execution_end=510361840 execution_duration_ms=1389
[2026-02-03 01:11:59.634] [info] [spider.worker] [TIMING] task_id=b267bd03-687c-46fa-ac5b-11414c30bae6 func=job_orchestration.executor.query.spider_search_task.search_without_channel storage_connect_start=510361840 storage_connect_end=510361842 storage_connect_duration_ms=2 phase=handle_result
[2026-02-03 01:11:59.654] [info] [spider.worker] [TIMING] task_id=b267bd03-687c-46fa-ac5b-11414c30bae6 func=job_orchestration.executor.query.spider_search_task.search_without_channel submit_output_start=510361842 submit_output_end=510361862 submit_output_duration_ms=20
[2026-02-03 01:11:59.689] [info] [spider.worker] [TIMING] worker_id=1f902afc-ec89-467f-a98b-64b46f06ec46 task_id=af52df1e-447f-4a46-9349-00160cdca35e get_next_task request_start=510361865 connect_end=510361866 send_end=510361866 receive_end=510361866 connect_duration_ms=1 send_duration_ms=0 receive_duration_ms=0 total_duration_ms=1
[2026-02-03 01:11:59.692] [info] [spider.worker] [TIMING] task_id=af52df1e-447f-4a46-9349-00160cdca35e storage_connect_start=510361898 storage_connect_end=510361900 storage_connect_duration_ms=1 phase=pre_execution
[2026-02-03 01:11:59.693] [info] [spider.worker] [TIMING] task_id=af52df1e-447f-4a46-9349-00160cdca35e func=job_orchestration.executor.query.spider_search_task.search_without_channel fetch_input_start=510361900 fetch_input_end=510361901 fetch_input_duration_ms=1
[2026-02-03 01:11:59.693] [info] [spider.worker] [TIMING] task_id=af52df1e-447f-4a46-9349-00160cdca35e func=job_orchestration.executor.query.spider_search_task.search_without_channel input_send_start=510361902 input_send_end=510361902 input_send_duration_ms=0 bytes=612
[2026-02-03 01:11:59.693] [info] [spider.worker] [TIMING] task_id=af52df1e-447f-4a46-9349-00160cdca35e func=job_orchestration.executor.query.spider_search_task.search_without_channel spawn_start=510361901 spawn_end=510361902 spawn_duration_ms=0
[2026-02-03 01:12:01.374] [info] [spider.worker] [TIMING] task_id=af52df1e-447f-4a46-9349-00160cdca35e func=job_orchestration.executor.query.spider_search_task.search_without_channel execution_start=510361902 execution_end=510363583 execution_duration_ms=1680
[2026-02-03 01:12:01.376] [info] [spider.worker] [TIMING] task_id=af52df1e-447f-4a46-9349-00160cdca35e func=job_orchestration.executor.query.spider_search_task.search_without_channel storage_connect_start=510363583 storage_connect_end=510363584 storage_connect_duration_ms=1 phase=handle_result
[2026-02-03 01:12:01.410] [info] [spider.worker] [TIMING] task_id=af52df1e-447f-4a46-9349-00160cdca35e func=job_orchestration.executor.query.spider_search_task.search_without_channel submit_output_start=510363584 submit_output_end=510363619 submit_output_duration_ms=34
[2026-02-03 01:12:01.461] [info] [spider.worker] [TIMING] worker_id=1f902afc-ec89-467f-a98b-64b46f06ec46 task_id=90347c99-b0c2-4bce-953c-775955634ead get_next_task request_start=510363621 connect_end=510363623 send_end=510363623 receive_end=510363623 connect_duration_ms=1 send_duration_ms=0 receive_duration_ms=0 total_duration_ms=1
[2026-02-03 01:12:01.462] [info] [spider.worker] [TIMING] task_id=90347c99-b0c2-4bce-953c-775955634ead storage_connect_start=510363669 storage_connect_end=510363671 storage_connect_duration_ms=1 phase=pre_execution
[2026-02-03 01:12:01.463] [info] [spider.worker] [TIMING] task_id=90347c99-b0c2-4bce-953c-775955634ead func=job_orchestration.executor.query.spider_search_task.search_without_channel fetch_input_start=510363671 fetch_input_end=510363672 fetch_input_duration_ms=0
[2026-02-03 01:12:01.464] [info] [spider.worker] [TIMING] task_id=90347c99-b0c2-4bce-953c-775955634ead func=job_orchestration.executor.query.spider_search_task.search_without_channel input_send_start=510363672 input_send_end=510363672 input_send_duration_ms=0 bytes=612
[2026-02-03 01:12:01.464] [info] [spider.worker] [TIMING] task_id=90347c99-b0c2-4bce-953c-775955634ead func=job_orchestration.executor.query.spider_search_task.search_without_channel spawn_start=510363672 spawn_end=510363672 spawn_duration_ms=0
[2026-02-03 01:12:02.965] [info] [spider.worker] [TIMING] task_id=90347c99-b0c2-4bce-953c-775955634ead func=job_orchestration.executor.query.spider_search_task.search_without_channel execution_start=510363672 execution_end=510365174 execution_duration_ms=1501
[2026-02-03 01:12:02.968] [info] [spider.worker] [TIMING] task_id=90347c99-b0c2-4bce-953c-775955634ead func=job_orchestration.executor.query.spider_search_task.search_without_channel storage_connect_start=510365174 storage_connect_end=510365176 storage_connect_duration_ms=2 phase=handle_result
[2026-02-03 01:12:02.997] [info] [spider.worker] [TIMING] task_id=90347c99-b0c2-4bce-953c-775955634ead func=job_orchestration.executor.query.spider_search_task.search_without_channel submit_output_start=510365176 submit_output_end=510365206 submit_output_duration_ms=29
[2026-02-03 01:12:03.038] [info] [spider.worker] [TIMING] worker_id=1f902afc-ec89-467f-a98b-64b46f06ec46 task_id=014a9798-58a1-4ac7-89ec-4bd5c7486637 get_next_task request_start=510365207 connect_end=510365209 send_end=510365209 receive_end=510365209 connect_duration_ms=1 send_duration_ms=0 receive_duration_ms=0 total_duration_ms=1
[2026-02-03 01:12:03.039] [info] [spider.worker] [TIMING] task_id=014a9798-58a1-4ac7-89ec-4bd5c7486637 storage_connect_start=510365246 storage_connect_end=510365247 storage_connect_duration_ms=1 phase=pre_execution
[2026-02-03 01:12:03.040] [info] [spider.worker] [TIMING] task_id=014a9798-58a1-4ac7-89ec-4bd5c7486637 func=job_orchestration.executor.query.spider_search_task.search_without_channel fetch_input_start=510365247 fetch_input_end=510365248 fetch_input_duration_ms=0
[2026-02-03 01:12:03.041] [info] [spider.worker] [TIMING] task_id=014a9798-58a1-4ac7-89ec-4bd5c7486637 func=job_orchestration.executor.query.spider_search_task.search_without_channel input_send_start=510365249 input_send_end=510365249 input_send_duration_ms=0 bytes=612
[2026-02-03 01:12:03.041] [info] [spider.worker] [TIMING] task_id=014a9798-58a1-4ac7-89ec-4bd5c7486637 func=job_orchestration.executor.query.spider_search_task.search_without_channel spawn_start=510365249 spawn_end=510365249 spawn_duration_ms=0
[2026-02-03 01:12:04.523] [info] [spider.worker] [TIMING] task_id=014a9798-58a1-4ac7-89ec-4bd5c7486637 func=job_orchestration.executor.query.spider_search_task.search_without_channel execution_start=510365249 execution_end=510366732 execution_duration_ms=1482
[2026-02-03 01:12:04.535] [info] [spider.worker] [TIMING] task_id=014a9798-58a1-4ac7-89ec-4bd5c7486637 func=job_orchestration.executor.query.spider_search_task.search_without_channel storage_connect_start=510366732 storage_connect_end=510366743 storage_connect_duration_ms=11 phase=handle_result
[2026-02-03 01:12:04.555] [info] [spider.worker] [TIMING] task_id=014a9798-58a1-4ac7-89ec-4bd5c7486637 func=job_orchestration.executor.query.spider_search_task.search_without_channel submit_output_start=510366743 submit_output_end=510366763 submit_output_duration_ms=19
[2026-02-03 01:12:04.571] [info] [spider.worker] [TIMING] worker_id=1f902afc-ec89-467f-a98b-64b46f06ec46 task_id=679ab301-4371-4bbb-872f-b3868bdb33a8 get_next_task request_start=510366765 connect_end=510366766 send_end=510366766 receive_end=510366767 connect_duration_ms=1 send_duration_ms=0 receive_duration_ms=0 total_duration_ms=1
[2026-02-03 01:12:04.573] [info] [spider.worker] [TIMING] task_id=679ab301-4371-4bbb-872f-b3868bdb33a8 storage_connect_start=510366780 storage_connect_end=510366782 storage_connect_duration_ms=1 phase=pre_execution
[2026-02-03 01:12:04.574] [info] [spider.worker] [TIMING] task_id=679ab301-4371-4bbb-872f-b3868bdb33a8 func=job_orchestration.executor.query.spider_search_task.search_without_channel fetch_input_start=510366782 fetch_input_end=510366783 fetch_input_duration_ms=1
[2026-02-03 01:12:04.575] [info] [spider.worker] [TIMING] task_id=679ab301-4371-4bbb-872f-b3868bdb33a8 func=job_orchestration.executor.query.spider_search_task.search_without_channel input_send_start=510366783 input_send_end=510366783 input_send_duration_ms=0 bytes=612
[2026-02-03 01:12:04.575] [info] [spider.worker] [TIMING] task_id=679ab301-4371-4bbb-872f-b3868bdb33a8 func=job_orchestration.executor.query.spider_search_task.search_without_channel spawn_start=510366783 spawn_end=510366783 spawn_duration_ms=0
[2026-02-03 01:12:05.978] [info] [spider.worker] [TIMING] task_id=679ab301-4371-4bbb-872f-b3868bdb33a8 func=job_orchestration.executor.query.spider_search_task.search_without_channel execution_start=510366783 execution_end=510368186 execution_duration_ms=1402
[2026-02-03 01:12:05.979] [info] [spider.worker] [TIMING] task_id=679ab301-4371-4bbb-872f-b3868bdb33a8 func=job_orchestration.executor.query.spider_search_task.search_without_channel storage_connect_start=510368186 storage_connect_end=510368187 storage_connect_duration_ms=1 phase=handle_result
[2026-02-03 01:12:06.013] [info] [spider.worker] [TIMING] task_id=679ab301-4371-4bbb-872f-b3868bdb33a8 func=job_orchestration.executor.query.spider_search_task.search_without_channel submit_output_start=510368187 submit_output_end=510368221 submit_output_duration_ms=33
[2026-02-03 01:12:06.030] [info] [spider.worker] [TIMING] worker_id=1f902afc-ec89-467f-a98b-64b46f06ec46 task_id=aac23550-681f-41c4-9092-e186025e9b4e get_next_task request_start=510368223 connect_end=510368225 send_end=510368225 receive_end=510368225 connect_duration_ms=1 send_duration_ms=0 receive_duration_ms=0 total_duration_ms=1
[2026-02-03 01:12:06.031] [info] [spider.worker] [TIMING] task_id=aac23550-681f-41c4-9092-e186025e9b4e storage_connect_start=510368238 storage_connect_end=510368240 storage_connect_duration_ms=1 phase=pre_execution
[2026-02-03 01:12:06.032] [info] [spider.worker] [TIMING] task_id=aac23550-681f-41c4-9092-e186025e9b4e func=job_orchestration.executor.query.spider_search_task.search_without_channel fetch_input_start=510368240 fetch_input_end=510368241 fetch_input_duration_ms=0
[2026-02-03 01:12:06.033] [info] [spider.worker] [TIMING] task_id=aac23550-681f-41c4-9092-e186025e9b4e func=job_orchestration.executor.query.spider_search_task.search_without_channel input_send_start=510368241 input_send_end=510368241 input_send_duration_ms=0 bytes=612
[2026-02-03 01:12:06.033] [info] [spider.worker] [TIMING] task_id=aac23550-681f-41c4-9092-e186025e9b4e func=job_orchestration.executor.query.spider_search_task.search_without_channel spawn_start=510368241 spawn_end=510368241 spawn_duration_ms=0
[2026-02-03 01:12:07.521] [info] [spider.worker] [TIMING] task_id=aac23550-681f-41c4-9092-e186025e9b4e func=job_orchestration.executor.query.spider_search_task.search_without_channel execution_start=510368241 execution_end=510369729 execution_duration_ms=1487
[2026-02-03 01:12:07.523] [info] [spider.worker] [TIMING] task_id=aac23550-681f-41c4-9092-e186025e9b4e func=job_orchestration.executor.query.spider_search_task.search_without_channel storage_connect_start=510369729 storage_connect_end=510369731 storage_connect_duration_ms=1 phase=handle_result
[2026-02-03 01:12:07.551] [info] [spider.worker] [TIMING] task_id=aac23550-681f-41c4-9092-e186025e9b4e func=job_orchestration.executor.query.spider_search_task.search_without_channel submit_output_start=510369731 submit_output_end=510369759 submit_output_duration_ms=28
[2026-02-03 01:12:07.571] [info] [spider.worker] [TIMING] worker_id=1f902afc-ec89-467f-a98b-64b46f06ec46 task_id=bea11e5d-9dc0-4d72-ade4-66acd55d73b9 get_next_task request_start=510369762 connect_end=510369763 send_end=510369763 receive_end=510369763 connect_duration_ms=1 send_duration_ms=0 receive_duration_ms=0 total_duration_ms=1
[2026-02-03 01:12:07.574] [info] [spider.worker] [TIMING] task_id=bea11e5d-9dc0-4d72-ade4-66acd55d73b9 storage_connect_start=510369780 storage_connect_end=510369782 storage_connect_duration_ms=1 phase=pre_execution
[2026-02-03 01:12:07.575] [info] [spider.worker] [TIMING] task_id=bea11e5d-9dc0-4d72-ade4-66acd55d73b9 func=job_orchestration.executor.query.spider_search_task.search_without_channel fetch_input_start=510369782 fetch_input_end=510369783 fetch_input_duration_ms=1
[2026-02-03 01:12:07.575] [info] [spider.worker] [TIMING] task_id=bea11e5d-9dc0-4d72-ade4-66acd55d73b9 func=job_orchestration.executor.query.spider_search_task.search_without_channel input_send_start=510369784 input_send_end=510369784 input_send_duration_ms=0 bytes=612
[2026-02-03 01:12:07.575] [info] [spider.worker] [TIMING] task_id=bea11e5d-9dc0-4d72-ade4-66acd55d73b9 func=job_orchestration.executor.query.spider_search_task.search_without_channel spawn_start=510369783 spawn_end=510369784 spawn_duration_ms=0
[2026-02-03 01:12:09.266] [info] [spider.worker] [TIMING] task_id=bea11e5d-9dc0-4d72-ade4-66acd55d73b9 func=job_orchestration.executor.query.spider_search_task.search_without_channel execution_start=510369784 execution_end=510371474 execution_duration_ms=1689
[2026-02-03 01:12:09.267] [info] [spider.worker] [TIMING] task_id=bea11e5d-9dc0-4d72-ade4-66acd55d73b9 func=job_orchestration.executor.query.spider_search_task.search_without_channel storage_connect_start=510371474 storage_connect_end=510371475 storage_connect_duration_ms=1 phase=handle_result
[2026-02-03 01:12:09.297] [info] [spider.worker] [TIMING] task_id=bea11e5d-9dc0-4d72-ade4-66acd55d73b9 func=job_orchestration.executor.query.spider_search_task.search_without_channel submit_output_start=510371475 submit_output_end=510371506 submit_output_duration_ms=30
[2026-02-03 01:12:09.302] [info] [spider.worker] [TIMING] worker_id=1f902afc-ec89-467f-a98b-64b46f06ec46 task_id=none get_next_task request_start=510371507 connect_end=510371508 send_end=510371508 receive_end=510371510 connect_duration_ms=0 send_duration_ms=0 receive_duration_ms=2 total_duration_ms=3
[2026-02-03 01:12:09.407] [info] [spider.worker] [TIMING] worker_id=1f902afc-ec89-467f-a98b-64b46f06ec46 task_id=none get_next_task request_start=510371612 connect_end=510371613 send_end=510371613 receive_end=510371615 connect_duration_ms=0 send_duration_ms=0 receive_duration_ms=2 total_duration_ms=3
[2026-02-03 01:12:09.521] [info] [spider.worker] [TIMING] worker_id=1f902afc-ec89-467f-a98b-64b46f06ec46 task_id=none get_next_task request_start=510371717 connect_end=510371718 send_end=510371718 receive_end=510371729 connect_duration_ms=0 send_duration_ms=0 receive_duration_ms=11 total_duration_ms=12
[2026-02-03 01:12:09.630] [info] [spider.worker] [TIMING] worker_id=1f902afc-ec89-467f-a98b-64b46f06ec46 task_id=none get_next_task request_start=510371831 connect_end=510371833 send_end=510371833 receive_end=510371839 connect_duration_ms=1 send_duration_ms=0 receive_duration_ms=5 total_duration_ms=7
[2026-02-03 01:12:09.824] [info] [spider.worker] [TIMING] worker_id=1f902afc-ec89-467f-a98b-64b46f06ec46 task_id=none get_next_task request_start=510371949 connect_end=510371951 send_end=510371951 receive_end=510372033 connect_duration_ms=1 send_duration_ms=0 receive_duration_ms=81 total_duration_ms=83
[2026-02-03 01:12:09.936] [info] [spider.worker] [TIMING] worker_id=1f902afc-ec89-467f-a98b-64b46f06ec46 task_id=none get_next_task request_start=510372135 connect_end=510372136 send_end=510372136 receive_end=510372144 connect_duration_ms=1 send_duration_ms=0 receive_duration_ms=8 total_duration_ms=9
[2026-02-03 01:12:10.047] [info] [spider.worker] [TIMING] worker_id=1f902afc-ec89-467f-a98b-64b46f06ec46 task_id=none get_next_task request_start=510372247 connect_end=510372248 send_end=510372248 receive_end=510372255 connect_duration_ms=1 send_duration_ms=0 receive_duration_ms=6 total_duration_ms=8
[2026-02-03 01:12:10.158] [info] [spider.worker] [TIMING] worker_id=1f902afc-ec89-467f-a98b-64b46f06ec46 task_id=none get_next_task request_start=510372358 connect_end=510372359 send_end=510372359 receive_end=510372366 connect_duration_ms=1 send_duration_ms=0 receive_duration_ms=6 total_duration_ms=8
[2026-02-03 01:12:10.266] [info] [spider.worker] [TIMING] worker_id=1f902afc-ec89-467f-a98b-64b46f06ec46 task_id=none get_next_task request_start=510372469 connect_end=510372471 send_end=510372471 receive_end=510372475 connect_duration_ms=1 send_duration_ms=0 receive_duration_ms=4 total_duration_ms=5
[2026-02-03 01:12:10.385] [info] [spider.worker] [TIMING] worker_id=1f902afc-ec89-467f-a98b-64b46f06ec46 task_id=none get_next_task request_start=510372577 connect_end=510372579 send_end=510372579 receive_end=510372593 connect_duration_ms=1 send_duration_ms=0 receive_duration_ms=14 total_duration_ms=15
[2026-02-03 01:12:10.493] [info] [spider.worker] [TIMING] worker_id=1f902afc-ec89-467f-a98b-64b46f06ec46 task_id=none get_next_task request_start=510372695 connect_end=510372696 send_end=510372697 receive_end=510372701 connect_duration_ms=1 send_duration_ms=0 receive_duration_ms=4 total_duration_ms=6
[2026-02-03 01:12:10.602] [info] [spider.worker] [TIMING] worker_id=1f902afc-ec89-467f-a98b-64b46f06ec46 task_id=none get_next_task request_start=510372804 connect_end=510372805 send_end=510372805 receive_end=510372810 connect_duration_ms=1 send_duration_ms=0 receive_duration_ms=5 total_duration_ms=6
[2026-02-03 01:12:10.706] [info] [spider.worker] [TIMING] worker_id=1f902afc-ec89-467f-a98b-64b46f06ec46 task_id=none get_next_task request_start=510372911 connect_end=510372912 send_end=510372912 receive_end=510372915 connect_duration_ms=0 send_duration_ms=0 receive_duration_ms=2 total_duration_ms=3
[2026-02-03 01:12:10.812] [info] [spider.worker] [TIMING] worker_id=1f902afc-ec89-467f-a98b-64b46f06ec46 task_id=none get_next_task request_start=510373016 connect_end=510373017 send_end=510373017 receive_end=510373020 connect_duration_ms=1 send_duration_ms=0 receive_duration_ms=2 total_duration_ms=4
[2026-02-03 01:12:10.917] [info] [spider.worker] [TIMING] worker_id=1f902afc-ec89-467f-a98b-64b46f06ec46 task_id=none get_next_task request_start=510373122 connect_end=510373123 send_end=510373123 receive_end=510373125 connect_duration_ms=1 send_duration_ms=0 receive_duration_ms=1 total_duration_ms=3
[2026-02-03 01:12:11.022] [info] [spider.worker] [TIMING] worker_id=1f902afc-ec89-467f-a98b-64b46f06ec46 task_id=none get_next_task request_start=510373226 connect_end=510373227 send_end=510373227 receive_end=510373231 connect_duration_ms=0 send_duration_ms=0 receive_duration_ms=3 total_duration_ms=4
[2026-02-03 01:12:11.129] [info] [spider.worker] [TIMING] worker_id=1f902afc-ec89-467f-a98b-64b46f06ec46 task_id=none get_next_task request_start=510373332 connect_end=510373334 send_end=510373334 receive_end=510373337 connect_duration_ms=1 send_duration_ms=0 receive_duration_ms=3 total_duration_ms=5
[2026-02-03 01:12:11.242] [info] [spider.worker] [TIMING] worker_id=1f902afc-ec89-467f-a98b-64b46f06ec46 task_id=none get_next_task request_start=510373439 connect_end=510373441 send_end=510373441 receive_end=510373450 connect_duration_ms=1 send_duration_ms=0 receive_duration_ms=9 total_duration_ms=10
[2026-02-03 01:12:11.347] [info] [spider.worker] [TIMING] worker_id=1f902afc-ec89-467f-a98b-64b46f06ec46 task_id=none get_next_task request_start=510373552 connect_end=510373553 send_end=510373553 receive_end=510373555 connect_duration_ms=1 send_duration_ms=0 receive_duration_ms=2 total_duration_ms=3
[2026-02-03 01:12:11.453] [info] [spider.worker] [TIMING] worker_id=1f902afc-ec89-467f-a98b-64b46f06ec46 task_id=none get_next_task request_start=510373657 connect_end=510373658 send_end=510373658 receive_end=510373661 connect_duration_ms=1 send_duration_ms=0 receive_duration_ms=3 total_duration_ms=4
[2026-02-03 01:12:11.560] [info] [spider.worker] [TIMING] worker_id=1f902afc-ec89-467f-a98b-64b46f06ec46 task_id=none get_next_task request_start=510373763 connect_end=510373764 send_end=510373764 receive_end=510373768 connect_duration_ms=1 send_duration_ms=0 receive_duration_ms=3 total_duration_ms=5
[2026-02-03 01:12:11.676] [info] [spider.worker] [TIMING] worker_id=1f902afc-ec89-467f-a98b-64b46f06ec46 task_id=none get_next_task request_start=510373870 connect_end=510373871 send_end=510373871 receive_end=510373885 connect_duration_ms=1 send_duration_ms=0 receive_duration_ms=13 total_duration_ms=14
[2026-02-03 01:12:11.781] [info] [spider.worker] [TIMING] worker_id=1f902afc-ec89-467f-a98b-64b46f06ec46 task_id=none get_next_task request_start=510373986 connect_end=510373987 send_end=510373987 receive_end=510373989 connect_duration_ms=1 send_duration_ms=0 receive_duration_ms=2 total_duration_ms=3
[2026-02-03 01:12:11.888] [info] [spider.worker] [TIMING] worker_id=1f902afc-ec89-467f-a98b-64b46f06ec46 task_id=none get_next_task request_start=510374091 connect_end=510374092 send_end=510374092 receive_end=510374096 connect_duration_ms=0 send_duration_ms=0 receive_duration_ms=3 total_duration_ms=4
[2026-02-03 01:12:11.995] [info] [spider.worker] [TIMING] worker_id=1f902afc-ec89-467f-a98b-64b46f06ec46 task_id=none get_next_task request_start=510374198 connect_end=510374199 send_end=510374199 receive_end=510374203 connect_duration_ms=1 send_duration_ms=0 receive_duration_ms=3 total_duration_ms=5
[2026-02-03 01:12:12.099] [info] [spider.worker] [TIMING] worker_id=1f902afc-ec89-467f-a98b-64b46f06ec46 task_id=none get_next_task request_start=510374304 connect_end=510374305 send_end=510374305 receive_end=510374307 connect_duration_ms=0 send_duration_ms=0 receive_duration_ms=2 total_duration_ms=3
[2026-02-03 01:12:12.204] [info] [spider.worker] [TIMING] worker_id=1f902afc-ec89-467f-a98b-64b46f06ec46 task_id=none get_next_task request_start=510374409 connect_end=510374410 send_end=510374410 receive_end=510374413 connect_duration_ms=0 send_duration_ms=0 receive_duration_ms=2 total_duration_ms=3
[2026-02-03 01:12:12.308] [info] [spider.worker] [TIMING] worker_id=1f902afc-ec89-467f-a98b-64b46f06ec46 task_id=none get_next_task request_start=510374514 connect_end=510374515 send_end=510374515 receive_end=510374517 connect_duration_ms=0 send_duration_ms=0 receive_duration_ms=1 total_duration_ms=2
[2026-02-03 01:12:12.413] [info] [spider.worker] [TIMING] worker_id=1f902afc-ec89-467f-a98b-64b46f06ec46 task_id=none get_next_task request_start=510374618 connect_end=510374619 send_end=510374619 receive_end=510374621 connect_duration_ms=0 send_duration_ms=0 receive_duration_ms=1 total_duration_ms=2
[2026-02-03 01:12:12.518] [info] [spider.worker] [TIMING] worker_id=1f902afc-ec89-467f-a98b-64b46f06ec46 task_id=none get_next_task request_start=510374723 connect_end=510374724 send_end=510374724 receive_end=510374726 connect_duration_ms=0 send_duration_ms=0 receive_duration_ms=2 total_duration_ms=3
[2026-02-03 01:12:12.623] [info] [spider.worker] [TIMING] worker_id=1f902afc-ec89-467f-a98b-64b46f06ec46 task_id=none get_next_task request_start=510374828 connect_end=510374829 send_end=510374829 receive_end=510374831 connect_duration_ms=0 send_duration_ms=0 receive_duration_ms=1 total_duration_ms=2
[2026-02-03 01:12:12.727] [info] [spider.worker] [TIMING] worker_id=1f902afc-ec89-467f-a98b-64b46f06ec46 task_id=none get_next_task request_start=510374932 connect_end=510374933 send_end=510374933 receive_end=510374935 connect_duration_ms=0 send_duration_ms=0 receive_duration_ms=1 total_duration_ms=2
[2026-02-03 01:12:12.835] [info] [spider.worker] [TIMING] worker_id=1f902afc-ec89-467f-a98b-64b46f06ec46 task_id=none get_next_task request_start=510375037 connect_end=510375039 send_end=510375039 receive_end=510375043 connect_duration_ms=1 send_duration_ms=0 receive_duration_ms=4 total_duration_ms=5
[2026-02-03 01:12:12.946] [info] [spider.worker] [TIMING] worker_id=1f902afc-ec89-467f-a98b-64b46f06ec46 task_id=none get_next_task request_start=510375145 connect_end=510375147 send_end=510375147 receive_end=510375155 connect_duration_ms=1 send_duration_ms=0 receive_duration_ms=7 total_duration_ms=9
[2026-02-03 01:12:13.054] [info] [spider.worker] [TIMING] worker_id=1f902afc-ec89-467f-a98b-64b46f06ec46 task_id=none get_next_task request_start=510375257 connect_end=510375258 send_end=510375258 receive_end=510375262 connect_duration_ms=1 send_duration_ms=0 receive_duration_ms=3 total_duration_ms=5
[2026-02-03 01:12:13.163] [info] [spider.worker] [TIMING] worker_id=1f902afc-ec89-467f-a98b-64b46f06ec46 task_id=none get_next_task request_start=510375364 connect_end=510375366 send_end=510375366 receive_end=510375371 connect_duration_ms=1 send_duration_ms=0 receive_duration_ms=5 total_duration_ms=6
[2026-02-03 01:12:13.267] [info] [spider.worker] [TIMING] worker_id=1f902afc-ec89-467f-a98b-64b46f06ec46 task_id=none get_next_task request_start=510375473 connect_end=510375474 send_end=510375474 receive_end=510375476 connect_duration_ms=1 send_duration_ms=0 receive_duration_ms=2 total_duration_ms=3
[2026-02-03 01:12:13.372] [info] [spider.worker] [TIMING] worker_id=1f902afc-ec89-467f-a98b-64b46f06ec46 task_id=none get_next_task request_start=510375577 connect_end=510375579 send_end=510375579 receive_end=510375581 connect_duration_ms=1 send_duration_ms=0 receive_duration_ms=2 total_duration_ms=3
[2026-02-03 01:12:13.478] [info] [spider.worker] [TIMING] worker_id=1f902afc-ec89-467f-a98b-64b46f06ec46 task_id=none get_next_task request_start=510375683 connect_end=510375684 send_end=510375684 receive_end=510375686 connect_duration_ms=1 send_duration_ms=0 receive_duration_ms=1 total_duration_ms=3
[2026-02-03 01:12:13.586] [info] [spider.worker] [TIMING] worker_id=1f902afc-ec89-467f-a98b-64b46f06ec46 task_id=none get_next_task request_start=510375788 connect_end=510375790 send_end=510375790 receive_end=510375794 connect_duration_ms=1 send_duration_ms=0 receive_duration_ms=4 total_duration_ms=6
[2026-02-03 01:12:13.693] [info] [spider.worker] [TIMING] worker_id=1f902afc-ec89-467f-a98b-64b46f06ec46 task_id=none get_next_task request_start=510375896 connect_end=510375897 send_end=510375897 receive_end=510375901 connect_duration_ms=0 send_duration_ms=0 receive_duration_ms=4 total_duration_ms=5
[2026-02-03 01:12:13.800] [info] [spider.worker] [TIMING] worker_id=1f902afc-ec89-467f-a98b-64b46f06ec46 task_id=none get_next_task request_start=510376003 connect_end=510376005 send_end=510376005 receive_end=510376008 connect_duration_ms=1 send_duration_ms=0 receive_duration_ms=3 total_duration_ms=5
[2026-02-03 01:12:13.907] [info] [spider.worker] [TIMING] worker_id=1f902afc-ec89-467f-a98b-64b46f06ec46 task_id=none get_next_task request_start=510376110 connect_end=510376112 send_end=510376112 receive_end=510376116 connect_duration_ms=1 send_duration_ms=0 receive_duration_ms=3 total_duration_ms=5
[2026-02-03 01:12:14.015] [info] [spider.worker] [TIMING] worker_id=1f902afc-ec89-467f-a98b-64b46f06ec46 task_id=none get_next_task request_start=510376218 connect_end=510376220 send_end=510376220 receive_end=510376224 connect_duration_ms=1 send_duration_ms=0 receive_duration_ms=3 total_duration_ms=5
[2026-02-03 01:12:14.123] [info] [spider.worker] [TIMING] worker_id=1f902afc-ec89-467f-a98b-64b46f06ec46 task_id=none get_next_task request_start=510376326 connect_end=510376328 send_end=510376328 receive_end=510376332 connect_duration_ms=1 send_duration_ms=0 receive_duration_ms=3 total_duration_ms=5
[2026-02-03 01:12:14.231] [info] [spider.worker] [TIMING] worker_id=1f902afc-ec89-467f-a98b-64b46f06ec46 task_id=none get_next_task request_start=510376434 connect_end=510376435 send_end=510376435 receive_end=510376439 connect_duration_ms=1 send_duration_ms=0 receive_duration_ms=4 total_duration_ms=5
[2026-02-03 01:12:14.339] [info] [spider.worker] [TIMING] worker_id=1f902afc-ec89-467f-a98b-64b46f06ec46 task_id=none get_next_task request_start=510376542 connect_end=510376543 send_end=510376543 receive_end=510376547 connect_duration_ms=1 send_duration_ms=0 receive_duration_ms=3 total_duration_ms=5
[2026-02-03 01:12:14.449] [info] [spider.worker] [TIMING] worker_id=1f902afc-ec89-467f-a98b-64b46f06ec46 task_id=none get_next_task request_start=510376650 connect_end=510376651 send_end=510376651 receive_end=510376658 connect_duration_ms=1 send_duration_ms=0 receive_duration_ms=6 total_duration_ms=8
[2026-02-03 01:12:14.558] [info] [spider.worker] [TIMING] worker_id=1f902afc-ec89-467f-a98b-64b46f06ec46 task_id=none get_next_task request_start=510376760 connect_end=510376761 send_end=510376761 receive_end=510376766 connect_duration_ms=1 send_duration_ms=0 receive_duration_ms=4 total_duration_ms=6
[2026-02-03 01:12:14.671] [info] [spider.worker] [TIMING] worker_id=1f902afc-ec89-467f-a98b-64b46f06ec46 task_id=none get_next_task request_start=510376870 connect_end=510376872 send_end=510376872 receive_end=510376880 connect_duration_ms=1 send_duration_ms=0 receive_duration_ms=7 total_duration_ms=9
[2026-02-03 01:12:14.779] [info] [spider.worker] [TIMING] worker_id=1f902afc-ec89-467f-a98b-64b46f06ec46 task_id=none get_next_task request_start=510376983 connect_end=510376985 send_end=510376985 receive_end=510376987 connect_duration_ms=1 send_duration_ms=0 receive_duration_ms=2 total_duration_ms=3
[2026-02-03 01:12:14.885] [info] [spider.worker] [TIMING] worker_id=1f902afc-ec89-467f-a98b-64b46f06ec46 task_id=none get_next_task request_start=510377089 connect_end=510377091 send_end=510377091 receive_end=510377093 connect_duration_ms=1 send_duration_ms=0 receive_duration_ms=2 total_duration_ms=3
[2026-02-03 01:12:14.993] [info] [spider.worker] [TIMING] worker_id=1f902afc-ec89-467f-a98b-64b46f06ec46 task_id=none get_next_task request_start=510377196 connect_end=510377198 send_end=510377198 receive_end=510377202 connect_duration_ms=1 send_duration_ms=0 receive_duration_ms=3 total_duration_ms=5
[2026-02-03 01:12:15.099] [info] [spider.worker] [TIMING] worker_id=1f902afc-ec89-467f-a98b-64b46f06ec46 task_id=none get_next_task request_start=510377304 connect_end=510377305 send_end=510377305 receive_end=510377307 connect_duration_ms=1 send_duration_ms=0 receive_duration_ms=2 total_duration_ms=3
[2026-02-03 01:12:15.207] [info] [spider.worker] [TIMING] worker_id=1f902afc-ec89-467f-a98b-64b46f06ec46 task_id=none get_next_task request_start=510377410 connect_end=510377412 send_end=510377412 receive_end=510377416 connect_duration_ms=1 send_duration_ms=0 receive_duration_ms=3 total_duration_ms=5
[2026-02-03 01:12:15.320] [info] [spider.worker] [TIMING] worker_id=1f902afc-ec89-467f-a98b-64b46f06ec46 task_id=none get_next_task request_start=510377518 connect_end=510377520 send_end=510377520 receive_end=510377529 connect_duration_ms=1 send_duration_ms=0 receive_duration_ms=8 total_duration_ms=10
[2026-02-03 01:12:15.430] [info] [spider.worker] [TIMING] worker_id=1f902afc-ec89-467f-a98b-64b46f06ec46 task_id=none get_next_task request_start=510377631 connect_end=510377632 send_end=510377632 receive_end=510377638 connect_duration_ms=1 send_duration_ms=0 receive_duration_ms=5 total_duration_ms=7
[2026-02-03 01:12:15.539] [info] [spider.worker] [TIMING] worker_id=1f902afc-ec89-467f-a98b-64b46f06ec46 task_id=none get_next_task request_start=510377740 connect_end=510377742 send_end=510377742 receive_end=510377747 connect_duration_ms=1 send_duration_ms=0 receive_duration_ms=4 total_duration_ms=6
[2026-02-03 01:12:15.647] [info] [spider.worker] [TIMING] worker_id=1f902afc-ec89-467f-a98b-64b46f06ec46 task_id=none get_next_task request_start=510377849 connect_end=510377851 send_end=510377851 receive_end=510377855 connect_duration_ms=1 send_duration_ms=0 receive_duration_ms=4 total_duration_ms=6
[2026-02-03 01:12:15.755] [info] [spider.worker] [TIMING] worker_id=1f902afc-ec89-467f-a98b-64b46f06ec46 task_id=none get_next_task request_start=510377958 connect_end=510377959 send_end=510377959 receive_end=510377963 connect_duration_ms=1 send_duration_ms=0 receive_duration_ms=3 total_duration_ms=5
[2026-02-03 01:12:15.864] [info] [spider.worker] [TIMING] worker_id=1f902afc-ec89-467f-a98b-64b46f06ec46 task_id=none get_next_task request_start=510378066 connect_end=510378067 send_end=510378067 receive_end=510378072 connect_duration_ms=1 send_duration_ms=0 receive_duration_ms=5 total_duration_ms=6
[2026-02-03 01:12:15.973] [info] [spider.worker] [TIMING] worker_id=1f902afc-ec89-467f-a98b-64b46f06ec46 task_id=none get_next_task request_start=510378174 connect_end=510378175 send_end=510378175 receive_end=510378181 connect_duration_ms=1 send_duration_ms=0 receive_duration_ms=5 total_duration_ms=7
[2026-02-03 01:12:16.081] [info] [spider.worker] [TIMING] worker_id=1f902afc-ec89-467f-a98b-64b46f06ec46 task_id=none get_next_task request_start=510378283 connect_end=510378285 send_end=510378285 receive_end=510378289 connect_duration_ms=1 send_duration_ms=0 receive_duration_ms=3 total_duration_ms=5
[2026-02-03 01:12:16.189] [info] [spider.worker] [TIMING] worker_id=1f902afc-ec89-467f-a98b-64b46f06ec46 task_id=none get_next_task request_start=510378391 connect_end=510378393 send_end=510378393 receive_end=510378397 connect_duration_ms=1 send_duration_ms=0 receive_duration_ms=4 total_duration_ms=5
[2026-02-03 01:12:16.297] [info] [spider.worker] [TIMING] worker_id=1f902afc-ec89-467f-a98b-64b46f06ec46 task_id=none get_next_task request_start=510378500 connect_end=510378501 send_end=510378501 receive_end=510378506 connect_duration_ms=1 send_duration_ms=0 receive_duration_ms=4 total_duration_ms=6
[2026-02-03 01:12:16.407] [info] [spider.worker] [TIMING] worker_id=1f902afc-ec89-467f-a98b-64b46f06ec46 task_id=none get_next_task request_start=510378608 connect_end=510378610 send_end=510378610 receive_end=510378615 connect_duration_ms=1 send_duration_ms=0 receive_duration_ms=5 total_duration_ms=6
[2026-02-03 01:12:16.515] [info] [spider.worker] [TIMING] worker_id=1f902afc-ec89-467f-a98b-64b46f06ec46 task_id=none get_next_task request_start=510378717 connect_end=510378719 send_end=510378719 receive_end=510378723 connect_duration_ms=1 send_duration_ms=0 receive_duration_ms=3 total_duration_ms=5
[2026-02-03 01:12:16.620] [info] [spider.worker] [TIMING] worker_id=1f902afc-ec89-467f-a98b-64b46f06ec46 task_id=none get_next_task request_start=510378826 connect_end=510378827 send_end=510378827 receive_end=510378829 connect_duration_ms=1 send_duration_ms=0 receive_duration_ms=1 total_duration_ms=3
[2026-02-03 01:12:16.730] [info] [spider.worker] [TIMING] worker_id=1f902afc-ec89-467f-a98b-64b46f06ec46 task_id=none get_next_task request_start=510378931 connect_end=510378932 send_end=510378932 receive_end=510378939 connect_duration_ms=1 send_duration_ms=0 receive_duration_ms=6 total_duration_ms=7
[2026-02-03 01:12:16.839] [info] [spider.worker] [TIMING] worker_id=1f902afc-ec89-467f-a98b-64b46f06ec46 task_id=none get_next_task request_start=510379040 connect_end=510379042 send_end=510379042 receive_end=510379047 connect_duration_ms=1 send_duration_ms=0 receive_duration_ms=5 total_duration_ms=6
[2026-02-03 01:12:16.948] [info] [spider.worker] [TIMING] worker_id=1f902afc-ec89-467f-a98b-64b46f06ec46 task_id=none get_next_task request_start=510379150 connect_end=510379151 send_end=510379151 receive_end=510379156 connect_duration_ms=1 send_duration_ms=0 receive_duration_ms=4 total_duration_ms=6
[2026-02-03 01:12:17.056] [info] [spider.worker] [TIMING] worker_id=1f902afc-ec89-467f-a98b-64b46f06ec46 task_id=none get_next_task request_start=510379259 connect_end=510379261 send_end=510379261 receive_end=510379265 connect_duration_ms=1 send_duration_ms=0 receive_duration_ms=4 total_duration_ms=5
[2026-02-03 01:12:17.168] [info] [spider.worker] [TIMING] worker_id=1f902afc-ec89-467f-a98b-64b46f06ec46 task_id=none get_next_task request_start=510379367 connect_end=510379369 send_end=510379369 receive_end=510379376 connect_duration_ms=2 send_duration_ms=0 receive_duration_ms=6 total_duration_ms=9
[2026-02-03 01:12:17.278] [info] [spider.worker] [TIMING] worker_id=1f902afc-ec89-467f-a98b-64b46f06ec46 task_id=none get_next_task request_start=510379479 connect_end=510379481 send_end=510379481 receive_end=510379486 connect_duration_ms=1 send_duration_ms=0 receive_duration_ms=5 total_duration_ms=7
[2026-02-03 01:12:17.387] [info] [spider.worker] [TIMING] worker_id=1f902afc-ec89-467f-a98b-64b46f06ec46 task_id=none get_next_task request_start=510379589 connect_end=510379591 send_end=510379591 receive_end=510379595 connect_duration_ms=1 send_duration_ms=0 receive_duration_ms=4 total_duration_ms=6
[2026-02-03 01:12:17.496] [info] [spider.worker] [TIMING] worker_id=1f902afc-ec89-467f-a98b-64b46f06ec46 task_id=none get_next_task request_start=510379697 connect_end=510379698 send_end=510379698 receive_end=510379705 connect_duration_ms=1 send_duration_ms=0 receive_duration_ms=6 total_duration_ms=7
[2026-02-03 01:12:17.605] [info] [spider.worker] [TIMING] worker_id=1f902afc-ec89-467f-a98b-64b46f06ec46 task_id=none get_next_task request_start=510379807 connect_end=510379809 send_end=510379809 receive_end=510379813 connect_duration_ms=1 send_duration_ms=0 receive_duration_ms=4 total_duration_ms=6
[2026-02-03 01:12:17.713] [info] [spider.worker] [TIMING] worker_id=1f902afc-ec89-467f-a98b-64b46f06ec46 task_id=none get_next_task request_start=510379916 connect_end=510379918 send_end=510379918 receive_end=510379922 connect_duration_ms=1 send_duration_ms=0 receive_duration_ms=3 total_duration_ms=5
[2026-02-03 01:12:17.823] [info] [spider.worker] [TIMING] worker_id=1f902afc-ec89-467f-a98b-64b46f06ec46 task_id=none get_next_task request_start=510380024 connect_end=510380026 send_end=510380026 receive_end=510380031 connect_duration_ms=1 send_duration_ms=0 receive_duration_ms=4 total_duration_ms=6
[2026-02-03 01:12:17.932] [info] [spider.worker] [TIMING] worker_id=1f902afc-ec89-467f-a98b-64b46f06ec46 task_id=none get_next_task request_start=510380134 connect_end=510380135 send_end=510380135 receive_end=510380141 connect_duration_ms=1 send_duration_ms=0 receive_duration_ms=5 total_duration_ms=6
[2026-02-03 01:12:18.042] [info] [spider.worker] [TIMING] worker_id=1f902afc-ec89-467f-a98b-64b46f06ec46 task_id=none get_next_task request_start=510380244 connect_end=510380246 send_end=510380246 receive_end=510380250 connect_duration_ms=1 send_duration_ms=0 receive_duration_ms=4 total_duration_ms=6
[2026-02-03 01:12:18.151] [info] [spider.worker] [TIMING] worker_id=1f902afc-ec89-467f-a98b-64b46f06ec46 task_id=none get_next_task request_start=510380352 connect_end=510380354 send_end=510380354 receive_end=510380359 connect_duration_ms=1 send_duration_ms=0 receive_duration_ms=4 total_duration_ms=6
[2026-02-03 01:12:18.259] [info] [spider.worker] [TIMING] worker_id=1f902afc-ec89-467f-a98b-64b46f06ec46 task_id=none get_next_task request_start=510380462 connect_end=510380463 send_end=510380463 receive_end=510380467 connect_duration_ms=1 send_duration_ms=0 receive_duration_ms=4 total_duration_ms=5
[2026-02-03 01:12:18.368] [info] [spider.worker] [TIMING] worker_id=1f902afc-ec89-467f-a98b-64b46f06ec46 task_id=none get_next_task request_start=510380570 connect_end=510380572 send_end=510380572 receive_end=510380576 connect_duration_ms=1 send_duration_ms=0 receive_duration_ms=4 total_duration_ms=5
[2026-02-03 01:12:18.481] [info] [spider.worker] [TIMING] worker_id=1f902afc-ec89-467f-a98b-64b46f06ec46 task_id=none get_next_task request_start=510380678 connect_end=510380680 send_end=510380680 receive_end=510380690 connect_duration_ms=1 send_duration_ms=0 receive_duration_ms=9 total_duration_ms=11
[2026-02-03 01:12:18.592] [info] [spider.worker] [TIMING] worker_id=1f902afc-ec89-467f-a98b-64b46f06ec46 task_id=none get_next_task request_start=510380792 connect_end=510380794 send_end=510380794 receive_end=510380800 connect_duration_ms=1 send_duration_ms=0 receive_duration_ms=5 total_duration_ms=7
[2026-02-03 01:12:18.700] [info] [spider.worker] [TIMING] worker_id=1f902afc-ec89-467f-a98b-64b46f06ec46 task_id=none get_next_task request_start=510380903 connect_end=510380904 send_end=510380904 receive_end=510380909 connect_duration_ms=1 send_duration_ms=0 receive_duration_ms=4 total_duration_ms=6
[2026-02-03 01:12:18.809] [info] [spider.worker] [TIMING] worker_id=1f902afc-ec89-467f-a98b-64b46f06ec46 task_id=none get_next_task request_start=510381011 connect_end=510381013 send_end=510381013 receive_end=510381017 connect_duration_ms=1 send_duration_ms=0 receive_duration_ms=4 total_duration_ms=6
[2026-02-03 01:12:18.919] [info] [spider.worker] [TIMING] worker_id=1f902afc-ec89-467f-a98b-64b46f06ec46 task_id=none get_next_task request_start=510381120 connect_end=510381122 send_end=510381122 receive_end=510381127 connect_duration_ms=2 send_duration_ms=0 receive_duration_ms=5 total_duration_ms=7
[2026-02-03 01:12:19.024] [info] [spider.worker] [TIMING] worker_id=1f902afc-ec89-467f-a98b-64b46f06ec46 task_id=none get_next_task request_start=510381229 connect_end=510381230 send_end=510381230 receive_end=510381232 connect_duration_ms=1 send_duration_ms=0 receive_duration_ms=2 total_duration_ms=3
[2026-02-03 01:12:19.128] [info] [spider.worker] [TIMING] worker_id=1f902afc-ec89-467f-a98b-64b46f06ec46 task_id=none get_next_task request_start=510381334 connect_end=510381334 send_end=510381335 receive_end=510381336 connect_duration_ms=0 send_duration_ms=0 receive_duration_ms=1 total_duration_ms=2
[2026-02-03 01:12:19.233] [info] [spider.worker] [TIMING] worker_id=1f902afc-ec89-467f-a98b-64b46f06ec46 task_id=none get_next_task request_start=510381438 connect_end=510381439 send_end=510381439 receive_end=510381442 connect_duration_ms=1 send_duration_ms=0 receive_duration_ms=2 total_duration_ms=3
[2026-02-03 01:12:19.343] [info] [spider.worker] [TIMING] worker_id=1f902afc-ec89-467f-a98b-64b46f06ec46 task_id=none get_next_task request_start=510381544 connect_end=510381546 send_end=510381546 receive_end=510381552 connect_duration_ms=1 send_duration_ms=0 receive_duration_ms=5 total_duration_ms=7
[2026-02-03 01:12:19.453] [info] [spider.worker] [TIMING] worker_id=1f902afc-ec89-467f-a98b-64b46f06ec46 task_id=none get_next_task request_start=510381653 connect_end=510381654 send_end=510381654 receive_end=510381661 connect_duration_ms=1 send_duration_ms=0 receive_duration_ms=6 total_duration_ms=8
[2026-02-03 01:12:19.559] [info] [spider.worker] [TIMING] worker_id=1f902afc-ec89-467f-a98b-64b46f06ec46 task_id=none get_next_task request_start=510381763 connect_end=510381764 send_end=510381764 receive_end=510381767 connect_duration_ms=1 send_duration_ms=0 receive_duration_ms=3 total_duration_ms=4
[2026-02-03 01:12:19.668] [info] [spider.worker] [TIMING] worker_id=1f902afc-ec89-467f-a98b-64b46f06ec46 task_id=none get_next_task request_start=510381869 connect_end=510381871 send_end=510381871 receive_end=510381876 connect_duration_ms=1 send_duration_ms=0 receive_duration_ms=5 total_duration_ms=6
[2026-02-03 01:12:19.772] [info] [spider.worker] [TIMING] worker_id=1f902afc-ec89-467f-a98b-64b46f06ec46 task_id=none get_next_task request_start=510381978 connect_end=510381979 send_end=510381979 receive_end=510381981 connect_duration_ms=0 send_duration_ms=0 receive_duration_ms=2 total_duration_ms=2
[2026-02-03 01:12:19.876] [info] [spider.worker] [TIMING] worker_id=1f902afc-ec89-467f-a98b-64b46f06ec46 task_id=none get_next_task request_start=510382082 connect_end=510382083 send_end=510382083 receive_end=510382085 connect_duration_ms=0 send_duration_ms=0 receive_duration_ms=1 total_duration_ms=2
[2026-02-03 01:12:19.981] [info] [spider.worker] [TIMING] worker_id=1f902afc-ec89-467f-a98b-64b46f06ec46 task_id=none get_next_task request_start=510382186 connect_end=510382187 send_end=510382187 receive_end=510382189 connect_duration_ms=0 send_duration_ms=0 receive_duration_ms=1 total_duration_ms=2
[2026-02-03 01:12:20.086] [info] [spider.worker] [TIMING] worker_id=1f902afc-ec89-467f-a98b-64b46f06ec46 task_id=none get_next_task request_start=510382291 connect_end=510382292 send_end=510382292 receive_end=510382294 connect_duration_ms=0 send_duration_ms=0 receive_duration_ms=1 total_duration_ms=2
[2026-02-03 01:12:20.193] [info] [spider.worker] [TIMING] worker_id=1f902afc-ec89-467f-a98b-64b46f06ec46 task_id=none get_next_task request_start=510382396 connect_end=510382397 send_end=510382398 receive_end=510382402 connect_duration_ms=1 send_duration_ms=0 receive_duration_ms=3 total_duration_ms=5
[2026-02-03 01:12:20.299] [info] [spider.worker] [TIMING] worker_id=1f902afc-ec89-467f-a98b-64b46f06ec46 task_id=none get_next_task request_start=510382503 connect_end=510382505 send_end=510382505 receive_end=510382507 connect_duration_ms=1 send_duration_ms=0 receive_duration_ms=2 total_duration_ms=3
[2026-02-03 01:12:20.406] [info] [spider.worker] [TIMING] worker_id=1f902afc-ec89-467f-a98b-64b46f06ec46 task_id=none get_next_task request_start=510382610 connect_end=510382611 send_end=510382612 receive_end=510382614 connect_duration_ms=1 send_duration_ms=0 receive_duration_ms=2 total_duration_ms=3
[2026-02-03 01:12:20.511] [info] [spider.worker] [TIMING] worker_id=1f902afc-ec89-467f-a98b-64b46f06ec46 task_id=none get_next_task request_start=510382716 connect_end=510382717 send_end=510382717 receive_end=510382719 connect_duration_ms=1 send_duration_ms=0 receive_duration_ms=2 total_duration_ms=3
[2026-02-03 01:12:20.619] [info] [spider.worker] [TIMING] worker_id=1f902afc-ec89-467f-a98b-64b46f06ec46 task_id=none get_next_task request_start=510382822 connect_end=510382823 send_end=510382823 receive_end=510382828 connect_duration_ms=1 send_duration_ms=0 receive_duration_ms=4 total_duration_ms=5
[2026-02-03 01:12:20.726] [info] [spider.worker] [TIMING] worker_id=1f902afc-ec89-467f-a98b-64b46f06ec46 task_id=none get_next_task request_start=510382929 connect_end=510382931 send_end=510382931 receive_end=510382935 connect_duration_ms=1 send_duration_ms=0 receive_duration_ms=4 total_duration_ms=5
[2026-02-03 01:12:20.834] [info] [spider.worker] [TIMING] worker_id=1f902afc-ec89-467f-a98b-64b46f06ec46 task_id=none get_next_task request_start=510383037 connect_end=510383038 send_end=510383038 receive_end=510383042 connect_duration_ms=1 send_duration_ms=0 receive_duration_ms=3 total_duration_ms=5
[2026-02-03 01:12:20.939] [info] [spider.worker] [TIMING] worker_id=1f902afc-ec89-467f-a98b-64b46f06ec46 task_id=none get_next_task request_start=510383144 connect_end=510383145 send_end=510383145 receive_end=510383148 connect_duration_ms=1 send_duration_ms=0 receive_duration_ms=2 total_duration_ms=3
[2026-02-03 01:12:21.045] [info] [spider.worker] [TIMING] worker_id=1f902afc-ec89-467f-a98b-64b46f06ec46 task_id=none get_next_task request_start=510383249 connect_end=510383250 send_end=510383250 receive_end=510383253 connect_duration_ms=0 send_duration_ms=0 receive_duration_ms=3 total_duration_ms=3
[2026-02-03 01:12:21.152] [info] [spider.worker] [TIMING] worker_id=1f902afc-ec89-467f-a98b-64b46f06ec46 task_id=none get_next_task request_start=510383355 connect_end=510383356 send_end=510383356 receive_end=510383360 connect_duration_ms=1 send_duration_ms=0 receive_duration_ms=3 total_duration_ms=5
[2026-02-03 01:12:21.259] [info] [spider.worker] [TIMING] worker_id=1f902afc-ec89-467f-a98b-64b46f06ec46 task_id=none get_next_task request_start=510383462 connect_end=510383463 send_end=510383463 receive_end=510383467 connect_duration_ms=1 send_duration_ms=0 receive_duration_ms=3 total_duration_ms=5
[2026-02-03 01:12:21.366] [info] [spider.worker] [TIMING] worker_id=1f902afc-ec89-467f-a98b-64b46f06ec46 task_id=none get_next_task request_start=510383569 connect_end=510383570 send_end=510383570 receive_end=510383574 connect_duration_ms=1 send_duration_ms=0 receive_duration_ms=4 total_duration_ms=5
[2026-02-03 01:12:21.471] [info] [spider.worker] [TIMING] worker_id=1f902afc-ec89-467f-a98b-64b46f06ec46 task_id=none get_next_task request_start=510383676 connect_end=510383677 send_end=510383677 receive_end=510383679 connect_duration_ms=0 send_duration_ms=0 receive_duration_ms=1 total_duration_ms=2
[2026-02-03 01:12:21.577] [info] [spider.worker] [TIMING] worker_id=1f902afc-ec89-467f-a98b-64b46f06ec46 task_id=none get_next_task request_start=510383781 connect_end=510383782 send_end=510383782 receive_end=510383785 connect_duration_ms=1 send_duration_ms=0 receive_duration_ms=2 total_duration_ms=4
[2026-02-03 01:12:21.685] [info] [spider.worker] [TIMING] worker_id=1f902afc-ec89-467f-a98b-64b46f06ec46 task_id=none get_next_task request_start=510383887 connect_end=510383889 send_end=510383889 receive_end=510383894 connect_duration_ms=1 send_duration_ms=0 receive_duration_ms=5 total_duration_ms=6
[2026-02-03 01:12:21.794] [info] [spider.worker] [TIMING] worker_id=1f902afc-ec89-467f-a98b-64b46f06ec46 task_id=none get_next_task request_start=510383996 connect_end=510383998 send_end=510383998 receive_end=510384002 connect_duration_ms=1 send_duration_ms=0 receive_duration_ms=4 total_duration_ms=6
[2026-02-03 01:12:21.902] [info] [spider.worker] [TIMING] worker_id=1f902afc-ec89-467f-a98b-64b46f06ec46 task_id=none get_next_task request_start=510384105 connect_end=510384106 send_end=510384106 receive_end=510384110 connect_duration_ms=1 send_duration_ms=0 receive_duration_ms=3 total_duration_ms=5
[2026-02-03 01:12:22.010] [info] [spider.worker] [TIMING] worker_id=1f902afc-ec89-467f-a98b-64b46f06ec46 task_id=none get_next_task request_start=510384213 connect_end=510384214 send_end=510384214 receive_end=510384219 connect_duration_ms=1 send_duration_ms=0 receive_duration_ms=4 total_duration_ms=5
[2026-02-03 01:12:22.119] [info] [spider.worker] [TIMING] worker_id=1f902afc-ec89-467f-a98b-64b46f06ec46 task_id=none get_next_task request_start=510384322 connect_end=510384323 send_end=510384323 receive_end=510384327 connect_duration_ms=1 send_duration_ms=0 receive_duration_ms=4 total_duration_ms=5
[2026-02-03 01:12:22.228] [info] [spider.worker] [TIMING] worker_id=1f902afc-ec89-467f-a98b-64b46f06ec46 task_id=none get_next_task request_start=510384431 connect_end=510384432 send_end=510384432 receive_end=510384436 connect_duration_ms=1 send_duration_ms=0 receive_duration_ms=3 total_duration_ms=5
[2026-02-03 01:12:22.337] [info] [spider.worker] [TIMING] worker_id=1f902afc-ec89-467f-a98b-64b46f06ec46 task_id=none get_next_task request_start=510384539 connect_end=510384541 send_end=510384541 receive_end=510384545 connect_duration_ms=1 send_duration_ms=0 receive_duration_ms=4 total_duration_ms=6
[2026-02-03 01:12:22.445] [info] [spider.worker] [TIMING] worker_id=1f902afc-ec89-467f-a98b-64b46f06ec46 task_id=none get_next_task request_start=510384648 connect_end=510384650 send_end=510384650 receive_end=510384654 connect_duration_ms=1 send_duration_ms=0 receive_duration_ms=3 total_duration_ms=5
[2026-02-03 01:12:22.554] [info] [spider.worker] [TIMING] worker_id=1f902afc-ec89-467f-a98b-64b46f06ec46 task_id=none get_next_task request_start=510384756 connect_end=510384758 send_end=510384758 receive_end=510384762 connect_duration_ms=1 send_duration_ms=0 receive_duration_ms=4 total_duration_ms=5
[2026-02-03 01:12:22.663] [info] [spider.worker] [TIMING] worker_id=1f902afc-ec89-467f-a98b-64b46f06ec46 task_id=none get_next_task request_start=510384865 connect_end=510384867 send_end=510384867 receive_end=510384871 connect_duration_ms=1 send_duration_ms=0 receive_duration_ms=4 total_duration_ms=6
[2026-02-03 01:12:22.771] [info] [spider.worker] [TIMING] worker_id=1f902afc-ec89-467f-a98b-64b46f06ec46 task_id=none get_next_task request_start=510384974 connect_end=510384976 send_end=510384976 receive_end=510384980 connect_duration_ms=1 send_duration_ms=0 receive_duration_ms=4 total_duration_ms=5
[2026-02-03 01:12:22.880] [info] [spider.worker] [TIMING] worker_id=1f902afc-ec89-467f-a98b-64b46f06ec46 task_id=none get_next_task request_start=510385082 connect_end=510385084 send_end=510385084 receive_end=510385088 connect_duration_ms=1 send_duration_ms=0 receive_duration_ms=4 total_duration_ms=5
[2026-02-03 01:12:22.990] [info] [spider.worker] [TIMING] worker_id=1f902afc-ec89-467f-a98b-64b46f06ec46 task_id=none get_next_task request_start=510385191 connect_end=510385193 send_end=510385193 receive_end=510385198 connect_duration_ms=1 send_duration_ms=0 receive_duration_ms=5 total_duration_ms=7
[2026-02-03 01:12:23.099] [info] [spider.worker] [TIMING] worker_id=1f902afc-ec89-467f-a98b-64b46f06ec46 task_id=none get_next_task request_start=510385301 connect_end=510385303 send_end=510385303 receive_end=510385307 connect_duration_ms=1 send_duration_ms=0 receive_duration_ms=4 total_duration_ms=6
[2026-02-03 01:12:23.220] [info] [spider.worker] [TIMING] worker_id=1f902afc-ec89-467f-a98b-64b46f06ec46 task_id=none get_next_task request_start=510385409 connect_end=510385411 send_end=510385411 receive_end=510385428 connect_duration_ms=1 send_duration_ms=0 receive_duration_ms=17 total_duration_ms=18
[2026-02-03 01:12:23.325] [info] [spider.worker] [TIMING] worker_id=1f902afc-ec89-467f-a98b-64b46f06ec46 task_id=none get_next_task request_start=510385530 connect_end=510385531 send_end=510385531 receive_end=510385534 connect_duration_ms=1 send_duration_ms=0 receive_duration_ms=2 total_duration_ms=3
[2026-02-03 01:12:23.436] [info] [spider.worker] [TIMING] worker_id=1f902afc-ec89-467f-a98b-64b46f06ec46 task_id=none get_next_task request_start=510385636 connect_end=510385638 send_end=510385638 receive_end=510385644 connect_duration_ms=1 send_duration_ms=0 receive_duration_ms=6 total_duration_ms=7
[2026-02-03 01:12:23.545] [info] [spider.worker] [TIMING] worker_id=1f902afc-ec89-467f-a98b-64b46f06ec46 task_id=none get_next_task request_start=510385747 connect_end=510385749 send_end=510385749 receive_end=510385753 connect_duration_ms=1 send_duration_ms=0 receive_duration_ms=4 total_duration_ms=6
[2026-02-03 01:12:23.653] [info] [spider.worker] [TIMING] worker_id=1f902afc-ec89-467f-a98b-64b46f06ec46 task_id=none get_next_task request_start=510385856 connect_end=510385858 send_end=510385858 receive_end=510385861 connect_duration_ms=1 send_duration_ms=0 receive_duration_ms=3 total_duration_ms=5
[2026-02-03 01:12:23.763] [info] [spider.worker] [TIMING] worker_id=1f902afc-ec89-467f-a98b-64b46f06ec46 task_id=none get_next_task request_start=510385964 connect_end=510385965 send_end=510385965 receive_end=510385971 connect_duration_ms=1 send_duration_ms=0 receive_duration_ms=5 total_duration_ms=7
[2026-02-03 01:12:23.871] [info] [spider.worker] [TIMING] worker_id=1f902afc-ec89-467f-a98b-64b46f06ec46 task_id=none get_next_task request_start=510386073 connect_end=510386075 send_end=510386075 receive_end=510386080 connect_duration_ms=1 send_duration_ms=0 receive_duration_ms=4 total_duration_ms=6
[2026-02-03 01:12:23.981] [info] [spider.worker] [TIMING] worker_id=1f902afc-ec89-467f-a98b-64b46f06ec46 task_id=none get_next_task request_start=510386182 connect_end=510386184 send_end=510386184 receive_end=510386189 connect_duration_ms=1 send_duration_ms=0 receive_duration_ms=5 total_duration_ms=7
[2026-02-03 01:12:24.090] [info] [spider.worker] [TIMING] worker_id=1f902afc-ec89-467f-a98b-64b46f06ec46 task_id=none get_next_task request_start=510386292 connect_end=510386293 send_end=510386293 receive_end=510386299 connect_duration_ms=1 send_duration_ms=0 receive_duration_ms=5 total_duration_ms=6
[2026-02-03 01:12:24.199] [info] [spider.worker] [TIMING] worker_id=1f902afc-ec89-467f-a98b-64b46f06ec46 task_id=none get_next_task request_start=510386401 connect_end=510386403 send_end=510386403 receive_end=510386407 connect_duration_ms=1 send_duration_ms=0 receive_duration_ms=4 total_duration_ms=5
[2026-02-03 01:12:24.307] [info] [spider.worker] [TIMING] worker_id=1f902afc-ec89-467f-a98b-64b46f06ec46 task_id=none get_next_task request_start=510386510 connect_end=510386511 send_end=510386511 receive_end=510386515 connect_duration_ms=1 send_duration_ms=0 receive_duration_ms=3 total_duration_ms=5
[2026-02-03 01:12:24.414] [info] [spider.worker] [TIMING] worker_id=1f902afc-ec89-467f-a98b-64b46f06ec46 task_id=none get_next_task request_start=510386617 connect_end=510386618 send_end=510386618 receive_end=510386622 connect_duration_ms=1 send_duration_ms=0 receive_duration_ms=3 total_duration_ms=4
[2026-02-03 01:12:24.518] [info] [spider.worker] [TIMING] worker_id=1f902afc-ec89-467f-a98b-64b46f06ec46 task_id=none get_next_task request_start=510386723 connect_end=510386724 send_end=510386724 receive_end=510386726 connect_duration_ms=0 send_duration_ms=0 receive_duration_ms=1 total_duration_ms=2
[2026-02-03 01:12:24.625] [info] [spider.worker] [TIMING] worker_id=1f902afc-ec89-467f-a98b-64b46f06ec46 task_id=none get_next_task request_start=510386827 connect_end=510386828 send_end=510386828 receive_end=510386834 connect_duration_ms=1 send_duration_ms=0 receive_duration_ms=5 total_duration_ms=6
[2026-02-03 01:12:24.731] [info] [spider.worker] [TIMING] worker_id=1f902afc-ec89-467f-a98b-64b46f06ec46 task_id=none get_next_task request_start=510386936 connect_end=510386937 send_end=510386937 receive_end=510386939 connect_duration_ms=1 send_duration_ms=0 receive_duration_ms=1 total_duration_ms=3
[2026-02-03 01:12:24.840] [info] [spider.worker] [TIMING] worker_id=1f902afc-ec89-467f-a98b-64b46f06ec46 task_id=none get_next_task request_start=510387042 connect_end=510387043 send_end=510387043 receive_end=510387048 connect_duration_ms=1 send_duration_ms=0 receive_duration_ms=4 total_duration_ms=6
[2026-02-03 01:12:24.949] [info] [spider.worker] [TIMING] worker_id=1f902afc-ec89-467f-a98b-64b46f06ec46 task_id=none get_next_task request_start=510387150 connect_end=510387152 send_end=510387152 receive_end=510387157 connect_duration_ms=1 send_duration_ms=0 receive_duration_ms=5 total_duration_ms=6
[2026-02-03 01:12:25.055] [info] [spider.worker] [TIMING] worker_id=1f902afc-ec89-467f-a98b-64b46f06ec46 task_id=none get_next_task request_start=510387259 connect_end=510387260 send_end=510387260 receive_end=510387263 connect_duration_ms=1 send_duration_ms=0 receive_duration_ms=3 total_duration_ms=4
[2026-02-03 01:12:25.161] [info] [spider.worker] [TIMING] worker_id=1f902afc-ec89-467f-a98b-64b46f06ec46 task_id=none get_next_task request_start=510387366 connect_end=510387367 send_end=510387367 receive_end=510387370 connect_duration_ms=1 send_duration_ms=0 receive_duration_ms=2 total_duration_ms=4
[2026-02-03 01:12:25.268] [info] [spider.worker] [TIMING] worker_id=1f902afc-ec89-467f-a98b-64b46f06ec46 task_id=none get_next_task request_start=510387472 connect_end=510387473 send_end=510387473 receive_end=510387476 connect_duration_ms=1 send_duration_ms=0 receive_duration_ms=2 total_duration_ms=4
[2026-02-03 01:12:25.373] [info] [spider.worker] [TIMING] worker_id=1f902afc-ec89-467f-a98b-64b46f06ec46 task_id=none get_next_task request_start=510387578 connect_end=510387580 send_end=510387580 receive_end=510387582 connect_duration_ms=1 send_duration_ms=0 receive_duration_ms=2 total_duration_ms=3
[2026-02-03 01:12:25.482] [info] [spider.worker] [TIMING] worker_id=1f902afc-ec89-467f-a98b-64b46f06ec46 task_id=none get_next_task request_start=510387684 connect_end=510387686 send_end=510387686 receive_end=510387691 connect_duration_ms=1 send_duration_ms=0 receive_duration_ms=4 total_duration_ms=6
[2026-02-03 01:12:25.588] [info] [spider.worker] [TIMING] worker_id=1f902afc-ec89-467f-a98b-64b46f06ec46 task_id=none get_next_task request_start=510387793 connect_end=510387794 send_end=510387794 receive_end=510387797 connect_duration_ms=1 send_duration_ms=0 receive_duration_ms=2 total_duration_ms=3
[2026-02-03 01:12:25.699] [info] [spider.worker] [TIMING] worker_id=1f902afc-ec89-467f-a98b-64b46f06ec46 task_id=none get_next_task request_start=510387899 connect_end=510387901 send_end=510387901 receive_end=510387907 connect_duration_ms=1 send_duration_ms=0 receive_duration_ms=6 total_duration_ms=8
[2026-02-03 01:12:25.808] [info] [spider.worker] [TIMING] worker_id=1f902afc-ec89-467f-a98b-64b46f06ec46 task_id=none get_next_task request_start=510388010 connect_end=510388012 send_end=510388012 receive_end=510388016 connect_duration_ms=2 send_duration_ms=0 receive_duration_ms=3 total_duration_ms=6
[2026-02-03 01:12:25.917] [info] [spider.worker] [TIMING] worker_id=1f902afc-ec89-467f-a98b-64b46f06ec46 task_id=none get_next_task request_start=510388119 connect_end=510388121 send_end=510388121 receive_end=510388125 connect_duration_ms=1 send_duration_ms=0 receive_duration_ms=4 total_duration_ms=6
[2026-02-03 01:12:26.026] [info] [spider.worker] [TIMING] worker_id=1f902afc-ec89-467f-a98b-64b46f06ec46 task_id=none get_next_task request_start=510388228 connect_end=510388230 send_end=510388230 receive_end=510388235 connect_duration_ms=1 send_duration_ms=0 receive_duration_ms=4 total_duration_ms=6
[2026-02-03 01:12:26.132] [info] [spider.worker] [TIMING] worker_id=1f902afc-ec89-467f-a98b-64b46f06ec46 task_id=none get_next_task request_start=510388336 connect_end=510388338 send_end=510388338 receive_end=510388340 connect_duration_ms=1 send_duration_ms=0 receive_duration_ms=2 total_duration_ms=3
[2026-02-03 01:12:26.252] [info] [spider.worker] [TIMING] worker_id=1f902afc-ec89-467f-a98b-64b46f06ec46 task_id=none get_next_task request_start=510388442 connect_end=510388443 send_end=510388443 receive_end=510388460 connect_duration_ms=1 send_duration_ms=0 receive_duration_ms=16 total_duration_ms=18
[2026-02-03 01:12:26.358] [info] [spider.worker] [TIMING] worker_id=1f902afc-ec89-467f-a98b-64b46f06ec46 task_id=none get_next_task request_start=510388563 connect_end=510388564 send_end=510388564 receive_end=510388566 connect_duration_ms=1 send_duration_ms=0 receive_duration_ms=2 total_duration_ms=3
[2026-02-03 01:12:26.464] [info] [spider.worker] [TIMING] worker_id=1f902afc-ec89-467f-a98b-64b46f06ec46 task_id=none get_next_task request_start=510388669 connect_end=510388670 send_end=510388670 receive_end=510388673 connect_duration_ms=1 send_duration_ms=0 receive_duration_ms=2 total_duration_ms=3
[2026-02-03 01:12:26.570] [info] [spider.worker] [TIMING] worker_id=1f902afc-ec89-467f-a98b-64b46f06ec46 task_id=none get_next_task request_start=510388775 connect_end=510388776 send_end=510388776 receive_end=510388778 connect_duration_ms=1 send_duration_ms=0 receive_duration_ms=1 total_duration_ms=3
[2026-02-03 01:12:26.674] [info] [spider.worker] [TIMING] worker_id=1f902afc-ec89-467f-a98b-64b46f06ec46 task_id=none get_next_task request_start=510388879 connect_end=510388880 send_end=510388880 receive_end=510388883 connect_duration_ms=1 send_duration_ms=0 receive_duration_ms=2 total_duration_ms=3
[2026-02-03 01:12:26.780] [info] [spider.worker] [TIMING] worker_id=1f902afc-ec89-467f-a98b-64b46f06ec46 task_id=none get_next_task request_start=510388985 connect_end=510388986 send_end=510388986 receive_end=510388988 connect_duration_ms=1 send_duration_ms=0 receive_duration_ms=2 total_duration_ms=3
[2026-02-03 01:12:26.886] [info] [spider.worker] [TIMING] worker_id=1f902afc-ec89-467f-a98b-64b46f06ec46 task_id=none get_next_task request_start=510389090 connect_end=510389092 send_end=510389092 receive_end=510389094 connect_duration_ms=1 send_duration_ms=0 receive_duration_ms=2 total_duration_ms=3
[2026-02-03 01:12:26.992] [info] [spider.worker] [TIMING] worker_id=1f902afc-ec89-467f-a98b-64b46f06ec46 task_id=none get_next_task request_start=510389196 connect_end=510389198 send_end=510389198 receive_end=510389200 connect_duration_ms=1 send_duration_ms=0 receive_duration_ms=2 total_duration_ms=3
[2026-02-03 01:12:27.100] [info] [spider.worker] [TIMING] worker_id=1f902afc-ec89-467f-a98b-64b46f06ec46 task_id=none get_next_task request_start=510389303 connect_end=510389304 send_end=510389305 receive_end=510389309 connect_duration_ms=1 send_duration_ms=0 receive_duration_ms=4 total_duration_ms=5
[2026-02-03 01:12:27.219] [info] [spider.worker] [TIMING] worker_id=1f902afc-ec89-467f-a98b-64b46f06ec46 task_id=none get_next_task request_start=510389411 connect_end=510389413 send_end=510389413 receive_end=510389427 connect_duration_ms=1 send_duration_ms=0 receive_duration_ms=14 total_duration_ms=16
[2026-02-03 01:12:27.328] [info] [spider.worker] [TIMING] worker_id=1f902afc-ec89-467f-a98b-64b46f06ec46 task_id=none get_next_task request_start=510389530 connect_end=510389532 send_end=510389532 receive_end=510389536 connect_duration_ms=1 send_duration_ms=0 receive_duration_ms=4 total_duration_ms=5
[2026-02-03 01:12:27.437] [info] [spider.worker] [TIMING] worker_id=1f902afc-ec89-467f-a98b-64b46f06ec46 task_id=none get_next_task request_start=510389639 connect_end=510389640 send_end=510389640 receive_end=510389646 connect_duration_ms=1 send_duration_ms=0 receive_duration_ms=5 total_duration_ms=7
[2026-02-03 01:12:27.547] [info] [spider.worker] [TIMING] worker_id=1f902afc-ec89-467f-a98b-64b46f06ec46 task_id=none get_next_task request_start=510389748 connect_end=510389750 send_end=510389750 receive_end=510389755 connect_duration_ms=1 send_duration_ms=0 receive_duration_ms=4 total_duration_ms=6
[2026-02-03 01:12:27.717] [info] [spider.worker] [TIMING] worker_id=1f902afc-ec89-467f-a98b-64b46f06ec46 task_id=none get_next_task request_start=510389901 connect_end=510389904 send_end=510389904 receive_end=510389925 connect_duration_ms=2 send_duration_ms=0 receive_duration_ms=21 total_duration_ms=23
[2026-02-03 01:12:27.825] [info] [spider.worker] [TIMING] worker_id=1f902afc-ec89-467f-a98b-64b46f06ec46 task_id=none get_next_task request_start=510390028 connect_end=510390029 send_end=510390029 receive_end=510390034 connect_duration_ms=1 send_duration_ms=0 receive_duration_ms=4 total_duration_ms=6
[2026-02-03 01:12:27.936] [info] [spider.worker] [TIMING] worker_id=1f902afc-ec89-467f-a98b-64b46f06ec46 task_id=none get_next_task request_start=510390136 connect_end=510390138 send_end=510390138 receive_end=510390144 connect_duration_ms=1 send_duration_ms=0 receive_duration_ms=5 total_duration_ms=7
[2026-02-03 01:12:28.043] [info] [spider.worker] [TIMING] worker_id=1f902afc-ec89-467f-a98b-64b46f06ec46 task_id=none get_next_task request_start=510390246 connect_end=510390248 send_end=510390248 receive_end=510390251 connect_duration_ms=1 send_duration_ms=0 receive_duration_ms=2 total_duration_ms=4
[2026-02-03 01:12:28.153] [info] [spider.worker] [TIMING] worker_id=1f902afc-ec89-467f-a98b-64b46f06ec46 task_id=none get_next_task request_start=510390354 connect_end=510390356 send_end=510390356 receive_end=510390361 connect_duration_ms=1 send_duration_ms=0 receive_duration_ms=5 total_duration_ms=7
[2026-02-03 01:12:28.263] [info] [spider.worker] [TIMING] worker_id=1f902afc-ec89-467f-a98b-64b46f06ec46 task_id=none get_next_task request_start=510390464 connect_end=510390465 send_end=510390465 receive_end=510390471 connect_duration_ms=1 send_duration_ms=0 receive_duration_ms=6 total_duration_ms=7
[2026-02-03 01:12:28.372] [info] [spider.worker] [TIMING] worker_id=1f902afc-ec89-467f-a98b-64b46f06ec46 task_id=none get_next_task request_start=510390574 connect_end=510390576 send_end=510390576 receive_end=510390581 connect_duration_ms=1 send_duration_ms=0 receive_duration_ms=4 total_duration_ms=6
[2026-02-03 01:12:28.482] [info] [spider.worker] [TIMING] worker_id=1f902afc-ec89-467f-a98b-64b46f06ec46 task_id=none get_next_task request_start=510390683 connect_end=510390685 send_end=510390685 receive_end=510390691 connect_duration_ms=1 send_duration_ms=0 receive_duration_ms=5 total_duration_ms=7
[2026-02-03 01:12:28.590] [info] [spider.worker] [TIMING] worker_id=1f902afc-ec89-467f-a98b-64b46f06ec46 task_id=none get_next_task request_start=510390793 connect_end=510390795 send_end=510390795 receive_end=510390799 connect_duration_ms=1 send_duration_ms=0 receive_duration_ms=3 total_duration_ms=5
[2026-02-03 01:12:28.701] [info] [spider.worker] [TIMING] worker_id=1f902afc-ec89-467f-a98b-64b46f06ec46 task_id=none get_next_task request_start=510390902 connect_end=510390903 send_end=510390903 receive_end=510390909 connect_duration_ms=1 send_duration_ms=0 receive_duration_ms=6 total_duration_ms=7
[2026-02-03 01:12:28.810] [info] [spider.worker] [TIMING] worker_id=1f902afc-ec89-467f-a98b-64b46f06ec46 task_id=none get_next_task request_start=510391012 connect_end=510391014 send_end=510391014 receive_end=510391018 connect_duration_ms=1 send_duration_ms=0 receive_duration_ms=4 total_duration_ms=6
[2026-02-03 01:12:28.919] [info] [spider.worker] [TIMING] worker_id=1f902afc-ec89-467f-a98b-64b46f06ec46 task_id=none get_next_task request_start=510391121 connect_end=510391122 send_end=510391122 receive_end=510391128 connect_duration_ms=1 send_duration_ms=0 receive_duration_ms=5 total_duration_ms=6
[2026-02-03 01:12:29.028] [info] [spider.worker] [TIMING] worker_id=1f902afc-ec89-467f-a98b-64b46f06ec46 task_id=none get_next_task request_start=510391230 connect_end=510391232 send_end=510391232 receive_end=510391236 connect_duration_ms=1 send_duration_ms=0 receive_duration_ms=3 total_duration_ms=5
[2026-02-03 01:12:29.139] [info] [spider.worker] [TIMING] worker_id=1f902afc-ec89-467f-a98b-64b46f06ec46 task_id=none get_next_task request_start=510391339 connect_end=510391341 send_end=510391341 receive_end=510391347 connect_duration_ms=1 send_duration_ms=0 receive_duration_ms=6 total_duration_ms=8
[2026-02-03 01:12:29.250] [info] [spider.worker] [TIMING] worker_id=1f902afc-ec89-467f-a98b-64b46f06ec46 task_id=none get_next_task request_start=510391451 connect_end=510391453 send_end=510391453 receive_end=510391458 connect_duration_ms=1 send_duration_ms=0 receive_duration_ms=4 total_duration_ms=6
[2026-02-03 01:12:29.365] [info] [spider.worker] [TIMING] worker_id=1f902afc-ec89-467f-a98b-64b46f06ec46 task_id=none get_next_task request_start=510391561 connect_end=510391563 send_end=510391563 receive_end=510391574 connect_duration_ms=1 send_duration_ms=0 receive_duration_ms=10 total_duration_ms=12
[2026-02-03 01:12:29.475] [info] [spider.worker] [TIMING] worker_id=1f902afc-ec89-467f-a98b-64b46f06ec46 task_id=none get_next_task request_start=510391676 connect_end=510391678 send_end=510391678 receive_end=510391684 connect_duration_ms=1 send_duration_ms=0 receive_duration_ms=5 total_duration_ms=7
[2026-02-03 01:12:29.584] [info] [spider.worker] [TIMING] worker_id=1f902afc-ec89-467f-a98b-64b46f06ec46 task_id=none get_next_task request_start=510391786 connect_end=510391789 send_end=510391789 receive_end=510391793 connect_duration_ms=2 send_duration_ms=0 receive_duration_ms=4 total_duration_ms=6
[2026-02-03 01:12:29.692] [info] [spider.worker] [TIMING] worker_id=1f902afc-ec89-467f-a98b-64b46f06ec46 task_id=none get_next_task request_start=510391895 connect_end=510391897 send_end=510391897 receive_end=510391901 connect_duration_ms=1 send_duration_ms=0 receive_duration_ms=3 total_duration_ms=5
[2026-02-03 01:12:29.800] [info] [spider.worker] [TIMING] worker_id=1f902afc-ec89-467f-a98b-64b46f06ec46 task_id=none get_next_task request_start=510392003 connect_end=510392005 send_end=510392005 receive_end=510392009 connect_duration_ms=1 send_duration_ms=0 receive_duration_ms=3 total_duration_ms=5
[2026-02-03 01:12:29.908] [info] [spider.worker] [TIMING] worker_id=1f902afc-ec89-467f-a98b-64b46f06ec46 task_id=none get_next_task request_start=510392111 connect_end=510392112 send_end=510392112 receive_end=510392117 connect_duration_ms=1 send_duration_ms=0 receive_duration_ms=4 total_duration_ms=5
[2026-02-03 01:12:30.014] [info] [spider.worker] [TIMING] worker_id=1f902afc-ec89-467f-a98b-64b46f06ec46 task_id=none get_next_task request_start=510392219 connect_end=510392220 send_end=510392220 receive_end=510392222 connect_duration_ms=1 send_duration_ms=0 receive_duration_ms=2 total_duration_ms=3
[2026-02-03 01:12:30.119] [info] [spider.worker] [TIMING] worker_id=1f902afc-ec89-467f-a98b-64b46f06ec46 task_id=none get_next_task request_start=510392324 connect_end=510392326 send_end=510392326 receive_end=510392328 connect_duration_ms=1 send_duration_ms=0 receive_duration_ms=2 total_duration_ms=3
[2026-02-03 01:12:30.226] [info] [spider.worker] [TIMING] worker_id=1f902afc-ec89-467f-a98b-64b46f06ec46 task_id=none get_next_task request_start=510392430 connect_end=510392432 send_end=510392432 receive_end=510392435 connect_duration_ms=1 send_duration_ms=0 receive_duration_ms=2 total_duration_ms=4
[2026-02-03 01:12:30.333] [info] [spider.worker] [TIMING] worker_id=1f902afc-ec89-467f-a98b-64b46f06ec46 task_id=none get_next_task request_start=510392537 connect_end=510392538 send_end=510392538 receive_end=510392541 connect_duration_ms=1 send_duration_ms=0 receive_duration_ms=3 total_duration_ms=4
[2026-02-03 01:12:30.437] [info] [spider.worker] [TIMING] worker_id=1f902afc-ec89-467f-a98b-64b46f06ec46 task_id=none get_next_task request_start=510392642 connect_end=510392643 send_end=510392643 receive_end=510392645 connect_duration_ms=0 send_duration_ms=0 receive_duration_ms=1 total_duration_ms=2
[2026-02-03 01:12:30.545] [info] [spider.worker] [TIMING] worker_id=1f902afc-ec89-467f-a98b-64b46f06ec46 task_id=none get_next_task request_start=510392747 connect_end=510392748 send_end=510392748 receive_end=510392754 connect_duration_ms=1 send_duration_ms=0 receive_duration_ms=5 total_duration_ms=6
[2026-02-03 01:12:30.668] [info] [spider.worker] [TIMING] worker_id=1f902afc-ec89-467f-a98b-64b46f06ec46 task_id=none get_next_task request_start=510392856 connect_end=510392857 send_end=510392857 receive_end=510392876 connect_duration_ms=1 send_duration_ms=0 receive_duration_ms=19 total_duration_ms=20
[2026-02-03 01:12:30.774] [info] [spider.worker] [TIMING] worker_id=1f902afc-ec89-467f-a98b-64b46f06ec46 task_id=none get_next_task request_start=510392978 connect_end=510392979 send_end=510392979 receive_end=510392982 connect_duration_ms=1 send_duration_ms=0 receive_duration_ms=2 total_duration_ms=3
[2026-02-03 01:12:30.881] [info] [spider.worker] [TIMING] worker_id=1f902afc-ec89-467f-a98b-64b46f06ec46 task_id=none get_next_task request_start=510393084 connect_end=510393085 send_end=510393085 receive_end=510393089 connect_duration_ms=1 send_duration_ms=0 receive_duration_ms=3 total_duration_ms=4
[2026-02-03 01:12:30.989] [info] [spider.worker] [TIMING] worker_id=1f902afc-ec89-467f-a98b-64b46f06ec46 task_id=none get_next_task request_start=510393192 connect_end=510393193 send_end=510393193 receive_end=510393197 connect_duration_ms=1 send_duration_ms=0 receive_duration_ms=3 total_duration_ms=5
[2026-02-03 01:12:31.096] [info] [spider.worker] [TIMING] worker_id=1f902afc-ec89-467f-a98b-64b46f06ec46 task_id=none get_next_task request_start=510393299 connect_end=510393301 send_end=510393301 receive_end=510393305 connect_duration_ms=1 send_duration_ms=0 receive_duration_ms=3 total_duration_ms=5
[2026-02-03 01:12:31.205] [info] [spider.worker] [TIMING] worker_id=1f902afc-ec89-467f-a98b-64b46f06ec46 task_id=none get_next_task request_start=510393407 connect_end=510393409 send_end=510393409 receive_end=510393413 connect_duration_ms=1 send_duration_ms=0 receive_duration_ms=4 total_duration_ms=6
[2026-02-03 01:12:31.326] [info] [spider.worker] [TIMING] worker_id=1f902afc-ec89-467f-a98b-64b46f06ec46 task_id=none get_next_task request_start=510393522 connect_end=510393524 send_end=510393524 receive_end=510393534 connect_duration_ms=1 send_duration_ms=0 receive_duration_ms=9 total_duration_ms=11
[2026-02-03 01:12:31.449] [info] [spider.worker] [TIMING] worker_id=1f902afc-ec89-467f-a98b-64b46f06ec46 task_id=none get_next_task request_start=510393636 connect_end=510393638 send_end=510393638 receive_end=510393657 connect_duration_ms=1 send_duration_ms=0 receive_duration_ms=19 total_duration_ms=20
[2026-02-03 01:12:31.553] [info] [spider.worker] [TIMING] worker_id=1f902afc-ec89-467f-a98b-64b46f06ec46 task_id=none get_next_task request_start=510393759 connect_end=510393759 send_end=510393759 receive_end=510393761 connect_duration_ms=0 send_duration_ms=0 receive_duration_ms=2 total_duration_ms=2
[2026-02-03 01:12:31.658] [info] [spider.worker] [TIMING] worker_id=1f902afc-ec89-467f-a98b-64b46f06ec46 task_id=none get_next_task request_start=510393864 connect_end=510393865 send_end=510393865 receive_end=510393867 connect_duration_ms=1 send_duration_ms=0 receive_duration_ms=1 total_duration_ms=3
[2026-02-03 01:12:31.763] [info] [spider.worker] [TIMING] worker_id=1f902afc-ec89-467f-a98b-64b46f06ec46 task_id=none get_next_task request_start=510393968 connect_end=510393969 send_end=510393969 receive_end=510393972 connect_duration_ms=0 send_duration_ms=0 receive_duration_ms=2 total_duration_ms=3
[2026-02-03 01:12:31.869] [info] [spider.worker] [TIMING] worker_id=1f902afc-ec89-467f-a98b-64b46f06ec46 task_id=none get_next_task request_start=510394073 connect_end=510394074 send_end=510394074 receive_end=510394077 connect_duration_ms=1 send_duration_ms=0 receive_duration_ms=2 total_duration_ms=3
[2026-02-03 01:12:31.976] [info] [spider.worker] [TIMING] worker_id=1f902afc-ec89-467f-a98b-64b46f06ec46 task_id=none get_next_task request_start=510394179 connect_end=510394180 send_end=510394180 receive_end=510394184 connect_duration_ms=0 send_duration_ms=0 receive_duration_ms=4 total_duration_ms=4
[2026-02-03 01:12:32.082] [info] [spider.worker] [TIMING] worker_id=1f902afc-ec89-467f-a98b-64b46f06ec46 task_id=none get_next_task request_start=510394286 connect_end=510394288 send_end=510394288 receive_end=510394290 connect_duration_ms=1 send_duration_ms=0 receive_duration_ms=2 total_duration_ms=3
[2026-02-03 01:12:32.188] [info] [spider.worker] [TIMING] worker_id=1f902afc-ec89-467f-a98b-64b46f06ec46 task_id=none get_next_task request_start=510394392 connect_end=510394394 send_end=510394394 receive_end=510394396 connect_duration_ms=1 send_duration_ms=0 receive_duration_ms=2 total_duration_ms=4
[2026-02-03 01:12:32.304] [info] [spider.worker] [TIMING] worker_id=1f902afc-ec89-467f-a98b-64b46f06ec46 task_id=none get_next_task request_start=510394499 connect_end=510394500 send_end=510394500 receive_end=510394512 connect_duration_ms=1 send_duration_ms=0 receive_duration_ms=11 total_duration_ms=13
[2026-02-03 01:12:32.410] [info] [spider.worker] [TIMING] worker_id=1f902afc-ec89-467f-a98b-64b46f06ec46 task_id=none get_next_task request_start=510394614 connect_end=510394615 send_end=510394615 receive_end=510394618 connect_duration_ms=0 send_duration_ms=0 receive_duration_ms=3 total_duration_ms=4
[2026-02-03 01:12:32.524] [info] [spider.worker] [TIMING] worker_id=1f902afc-ec89-467f-a98b-64b46f06ec46 task_id=none get_next_task request_start=510394720 connect_end=510394721 send_end=510394721 receive_end=510394732 connect_duration_ms=0 send_duration_ms=0 receive_duration_ms=11 total_duration_ms=12
[2026-02-03 01:12:32.635] [info] [spider.worker] [TIMING] worker_id=1f902afc-ec89-467f-a98b-64b46f06ec46 task_id=none get_next_task request_start=510394835 connect_end=510394836 send_end=510394836 receive_end=510394843 connect_duration_ms=1 send_duration_ms=0 receive_duration_ms=7 total_duration_ms=8
[2026-02-03 01:12:32.745] [info] [spider.worker] [TIMING] worker_id=1f902afc-ec89-467f-a98b-64b46f06ec46 task_id=none get_next_task request_start=510394946 connect_end=510394948 send_end=510394948 receive_end=510394953 connect_duration_ms=1 send_duration_ms=0 receive_duration_ms=5 total_duration_ms=7
[2026-02-03 01:12:32.868] [info] [spider.worker] [TIMING] worker_id=1f902afc-ec89-467f-a98b-64b46f06ec46 task_id=none get_next_task request_start=510395056 connect_end=510395058 send_end=510395058 receive_end=510395076 connect_duration_ms=1 send_duration_ms=0 receive_duration_ms=18 total_duration_ms=20
[2026-02-03 01:12:32.979] [info] [spider.worker] [TIMING] worker_id=1f902afc-ec89-467f-a98b-64b46f06ec46 task_id=none get_next_task request_start=510395179 connect_end=510395181 send_end=510395181 receive_end=510395187 connect_duration_ms=1 send_duration_ms=0 receive_duration_ms=6 total_duration_ms=8
[2026-02-03 01:12:33.089] [info] [spider.worker] [TIMING] worker_id=1f902afc-ec89-467f-a98b-64b46f06ec46 task_id=none get_next_task request_start=510395290 connect_end=510395292 send_end=510395292 receive_end=510395297 connect_duration_ms=1 send_duration_ms=0 receive_duration_ms=4 total_duration_ms=6
[2026-02-03 01:12:33.198] [info] [spider.worker] [TIMING] worker_id=1f902afc-ec89-467f-a98b-64b46f06ec46 task_id=none get_next_task request_start=510395400 connect_end=510395402 send_end=510395402 receive_end=510395406 connect_duration_ms=1 send_duration_ms=0 receive_duration_ms=4 total_duration_ms=5
[2026-02-03 01:12:33.306] [info] [spider.worker] [TIMING] worker_id=1f902afc-ec89-467f-a98b-64b46f06ec46 task_id=none get_next_task request_start=510395509 connect_end=510395510 send_end=510395511 receive_end=510395515 connect_duration_ms=1 send_duration_ms=0 receive_duration_ms=4 total_duration_ms=5
[2026-02-03 01:12:33.415] [info] [spider.worker] [TIMING] worker_id=1f902afc-ec89-467f-a98b-64b46f06ec46 task_id=none get_next_task request_start=510395617 connect_end=510395619 send_end=510395619 receive_end=510395623 connect_duration_ms=1 send_duration_ms=0 receive_duration_ms=4 total_duration_ms=6
[2026-02-03 01:12:33.539] [info] [spider.worker] [TIMING] worker_id=1f902afc-ec89-467f-a98b-64b46f06ec46 task_id=none get_next_task request_start=510395726 connect_end=510395728 send_end=510395728 receive_end=510395747 connect_duration_ms=1 send_duration_ms=0 receive_duration_ms=18 total_duration_ms=20
[2026-02-03 01:12:33.647] [info] [spider.worker] [TIMING] worker_id=1f902afc-ec89-467f-a98b-64b46f06ec46 task_id=none get_next_task request_start=510395850 connect_end=510395851 send_end=510395851 receive_end=510395856 connect_duration_ms=1 send_duration_ms=0 receive_duration_ms=4 total_duration_ms=6
[2026-02-03 01:12:33.756] [info] [spider.worker] [TIMING] worker_id=1f902afc-ec89-467f-a98b-64b46f06ec46 task_id=none get_next_task request_start=510395958 connect_end=510395960 send_end=510395960 receive_end=510395964 connect_duration_ms=1 send_duration_ms=0 receive_duration_ms=4 total_duration_ms=6
[2026-02-03 01:12:33.865] [info] [spider.worker] [TIMING] worker_id=1f902afc-ec89-467f-a98b-64b46f06ec46 task_id=none get_next_task request_start=510396067 connect_end=510396069 send_end=510396069 receive_end=510396073 connect_duration_ms=1 send_duration_ms=0 receive_duration_ms=4 total_duration_ms=6
[2026-02-03 01:12:33.973] [info] [spider.worker] [TIMING] worker_id=1f902afc-ec89-467f-a98b-64b46f06ec46 task_id=none get_next_task request_start=510396175 connect_end=510396177 send_end=510396177 receive_end=510396181 connect_duration_ms=1 send_duration_ms=0 receive_duration_ms=4 total_duration_ms=5
[2026-02-03 01:12:34.082] [info] [spider.worker] [TIMING] worker_id=1f902afc-ec89-467f-a98b-64b46f06ec46 task_id=none get_next_task request_start=510396284 connect_end=510396286 send_end=510396286 receive_end=510396290 connect_duration_ms=1 send_duration_ms=0 receive_duration_ms=4 total_duration_ms=5
[2026-02-03 01:12:34.190] [info] [spider.worker] [TIMING] worker_id=1f902afc-ec89-467f-a98b-64b46f06ec46 task_id=none get_next_task request_start=510396393 connect_end=510396394 send_end=510396394 receive_end=510396399 connect_duration_ms=1 send_duration_ms=0 receive_duration_ms=4 total_duration_ms=6
[2026-02-03 01:12:34.300] [info] [spider.worker] [TIMING] worker_id=1f902afc-ec89-467f-a98b-64b46f06ec46 task_id=none get_next_task request_start=510396502 connect_end=510396504 send_end=510396504 receive_end=510396508 connect_duration_ms=2 send_duration_ms=0 receive_duration_ms=4 total_duration_ms=6
[2026-02-03 01:12:34.409] [info] [spider.worker] [TIMING] worker_id=1f902afc-ec89-467f-a98b-64b46f06ec46 task_id=none get_next_task request_start=510396611 connect_end=510396613 send_end=510396613 receive_end=510396617 connect_duration_ms=1 send_duration_ms=0 receive_duration_ms=4 total_duration_ms=6
[2026-02-03 01:12:34.518] [info] [spider.worker] [TIMING] worker_id=1f902afc-ec89-467f-a98b-64b46f06ec46 task_id=none get_next_task request_start=510396720 connect_end=510396722 send_end=510396722 receive_end=510396726 connect_duration_ms=1 send_duration_ms=0 receive_duration_ms=4 total_duration_ms=6
[2026-02-03 01:12:34.627] [info] [spider.worker] [TIMING] worker_id=1f902afc-ec89-467f-a98b-64b46f06ec46 task_id=none get_next_task request_start=510396829 connect_end=510396831 send_end=510396831 receive_end=510396836 connect_duration_ms=2 send_duration_ms=0 receive_duration_ms=4 total_duration_ms=6
[2026-02-03 01:12:34.737] [info] [spider.worker] [TIMING] worker_id=1f902afc-ec89-467f-a98b-64b46f06ec46 task_id=none get_next_task request_start=510396938 connect_end=510396940 send_end=510396940 receive_end=510396945 connect_duration_ms=1 send_duration_ms=0 receive_duration_ms=4 total_duration_ms=6
[2026-02-03 01:12:34.845] [info] [spider.worker] [TIMING] worker_id=1f902afc-ec89-467f-a98b-64b46f06ec46 task_id=none get_next_task request_start=510397048 connect_end=510397049 send_end=510397049 receive_end=510397054 connect_duration_ms=1 send_duration_ms=0 receive_duration_ms=4 total_duration_ms=6
[2026-02-03 01:12:34.954] [info] [spider.worker] [TIMING] worker_id=1f902afc-ec89-467f-a98b-64b46f06ec46 task_id=none get_next_task request_start=510397156 connect_end=510397158 send_end=510397158 receive_end=510397162 connect_duration_ms=1 send_duration_ms=0 receive_duration_ms=4 total_duration_ms=5
[2026-02-03 01:12:35.062] [info] [spider.worker] [TIMING] worker_id=1f902afc-ec89-467f-a98b-64b46f06ec46 task_id=none get_next_task request_start=510397265 connect_end=510397267 send_end=510397267 receive_end=510397271 connect_duration_ms=1 send_duration_ms=0 receive_duration_ms=4 total_duration_ms=5
[2026-02-03 01:12:35.171] [info] [spider.worker] [TIMING] worker_id=1f902afc-ec89-467f-a98b-64b46f06ec46 task_id=none get_next_task request_start=510397373 connect_end=510397375 send_end=510397375 receive_end=510397380 connect_duration_ms=1 send_duration_ms=0 receive_duration_ms=4 total_duration_ms=6
[2026-02-03 01:12:35.280] [info] [spider.worker] [TIMING] worker_id=1f902afc-ec89-467f-a98b-64b46f06ec46 task_id=none get_next_task request_start=510397482 connect_end=510397484 send_end=510397484 receive_end=510397488 connect_duration_ms=1 send_duration_ms=0 receive_duration_ms=4 total_duration_ms=6
[2026-02-03 01:12:35.388] [info] [spider.worker] [TIMING] worker_id=1f902afc-ec89-467f-a98b-64b46f06ec46 task_id=none get_next_task request_start=510397590 connect_end=510397592 send_end=510397592 receive_end=510397596 connect_duration_ms=1 send_duration_ms=0 receive_duration_ms=4 total_duration_ms=6
[2026-02-03 01:12:35.496] [info] [spider.worker] [TIMING] worker_id=1f902afc-ec89-467f-a98b-64b46f06ec46 task_id=none get_next_task request_start=510397699 connect_end=510397700 send_end=510397700 receive_end=510397704 connect_duration_ms=1 send_duration_ms=0 receive_duration_ms=4 total_duration_ms=5
[2026-02-03 01:12:35.605] [info] [spider.worker] [TIMING] worker_id=1f902afc-ec89-467f-a98b-64b46f06ec46 task_id=none get_next_task request_start=510397807 connect_end=510397809 send_end=510397809 receive_end=510397813 connect_duration_ms=1 send_duration_ms=0 receive_duration_ms=4 total_duration_ms=6
[2026-02-03 01:12:35.714] [info] [spider.worker] [TIMING] worker_id=1f902afc-ec89-467f-a98b-64b46f06ec46 task_id=none get_next_task request_start=510397916 connect_end=510397918 send_end=510397918 receive_end=510397922 connect_duration_ms=1 send_duration_ms=0 receive_duration_ms=4 total_duration_ms=6
[2026-02-03 01:12:35.822] [info] [spider.worker] [TIMING] worker_id=1f902afc-ec89-467f-a98b-64b46f06ec46 task_id=none get_next_task request_start=510398024 connect_end=510398026 send_end=510398026 receive_end=510398031 connect_duration_ms=1 send_duration_ms=0 receive_duration_ms=4 total_duration_ms=6
[2026-02-03 01:12:35.931] [info] [spider.worker] [TIMING] worker_id=1f902afc-ec89-467f-a98b-64b46f06ec46 task_id=none get_next_task request_start=510398133 connect_end=510398135 send_end=510398135 receive_end=510398140 connect_duration_ms=1 send_duration_ms=0 receive_duration_ms=4 total_duration_ms=6
[2026-02-03 01:12:36.037] [info] [spider.worker] [TIMING] worker_id=1f902afc-ec89-467f-a98b-64b46f06ec46 task_id=none get_next_task request_start=510398241 connect_end=510398242 send_end=510398242 receive_end=510398245 connect_duration_ms=0 send_duration_ms=0 receive_duration_ms=2 total_duration_ms=3
[2026-02-03 01:12:36.143] [info] [spider.worker] [TIMING] worker_id=1f902afc-ec89-467f-a98b-64b46f06ec46 task_id=none get_next_task request_start=510398347 connect_end=510398348 send_end=510398348 receive_end=510398351 connect_duration_ms=1 send_duration_ms=0 receive_duration_ms=3 total_duration_ms=4
[2026-02-03 01:12:36.247] [info] [spider.worker] [TIMING] worker_id=1f902afc-ec89-467f-a98b-64b46f06ec46 task_id=none get_next_task request_start=510398453 connect_end=510398454 send_end=510398454 receive_end=510398456 connect_duration_ms=1 send_duration_ms=0 receive_duration_ms=1 total_duration_ms=2
[2026-02-03 01:12:36.353] [info] [spider.worker] [TIMING] worker_id=1f902afc-ec89-467f-a98b-64b46f06ec46 task_id=none get_next_task request_start=510398557 connect_end=510398558 send_end=510398558 receive_end=510398561 connect_duration_ms=0 send_duration_ms=0 receive_duration_ms=3 total_duration_ms=4
[2026-02-03 01:12:36.560] [info] [spider.worker] [TIMING] worker_id=1f902afc-ec89-467f-a98b-64b46f06ec46 task_id=none get_next_task request_start=510398729 connect_end=510398732 send_end=510398732 receive_end=510398768 connect_duration_ms=2 send_duration_ms=0 receive_duration_ms=36 total_duration_ms=39
[2026-02-03 01:12:36.670] [info] [spider.worker] [TIMING] worker_id=1f902afc-ec89-467f-a98b-64b46f06ec46 task_id=none get_next_task request_start=510398870 connect_end=510398871 send_end=510398871 receive_end=510398879 connect_duration_ms=0 send_duration_ms=0 receive_duration_ms=7 total_duration_ms=8
[2026-02-03 01:12:36.779] [info] [spider.worker] [TIMING] worker_id=1f902afc-ec89-467f-a98b-64b46f06ec46 task_id=none get_next_task request_start=510398981 connect_end=510398982 send_end=510398982 receive_end=510398988 connect_duration_ms=1 send_duration_ms=0 receive_duration_ms=5 total_duration_ms=6
[2026-02-03 01:12:36.888] [info] [spider.worker] [TIMING] worker_id=1f902afc-ec89-467f-a98b-64b46f06ec46 task_id=none get_next_task request_start=510399090 connect_end=510399092 send_end=510399092 receive_end=510399097 connect_duration_ms=1 send_duration_ms=0 receive_duration_ms=4 total_duration_ms=6
[2026-02-03 01:12:36.997] [info] [spider.worker] [TIMING] worker_id=1f902afc-ec89-467f-a98b-64b46f06ec46 task_id=none get_next_task request_start=510399199 connect_end=510399200 send_end=510399200 receive_end=510399205 connect_duration_ms=1 send_duration_ms=0 receive_duration_ms=5 total_duration_ms=6
[2026-02-03 01:12:37.108] [info] [spider.worker] [TIMING] worker_id=1f902afc-ec89-467f-a98b-64b46f06ec46 task_id=none get_next_task request_start=510399308 connect_end=510399309 send_end=510399309 receive_end=510399317 connect_duration_ms=1 send_duration_ms=0 receive_duration_ms=7 total_duration_ms=9
[2026-02-03 01:12:37.216] [info] [spider.worker] [TIMING] worker_id=1f902afc-ec89-467f-a98b-64b46f06ec46 task_id=none get_next_task request_start=510399419 connect_end=510399420 send_end=510399420 receive_end=510399424 connect_duration_ms=1 send_duration_ms=0 receive_duration_ms=3 total_duration_ms=5
[2026-02-03 01:12:37.324] [info] [spider.worker] [TIMING] worker_id=1f902afc-ec89-467f-a98b-64b46f06ec46 task_id=none get_next_task request_start=510399526 connect_end=510399527 send_end=510399527 receive_end=510399532 connect_duration_ms=1 send_duration_ms=0 receive_duration_ms=5 total_duration_ms=6
[2026-02-03 01:12:37.440] [info] [spider.worker] [TIMING] worker_id=1f902afc-ec89-467f-a98b-64b46f06ec46 task_id=none get_next_task request_start=510399635 connect_end=510399636 send_end=510399636 receive_end=510399648 connect_duration_ms=1 send_duration_ms=0 receive_duration_ms=12 total_duration_ms=13
[2026-02-03 01:12:37.549] [info] [spider.worker] [TIMING] worker_id=1f902afc-ec89-467f-a98b-64b46f06ec46 task_id=none get_next_task request_start=510399751 connect_end=510399752 send_end=510399752 receive_end=510399758 connect_duration_ms=1 send_duration_ms=0 receive_duration_ms=5 total_duration_ms=7
[2026-02-03 01:12:37.660] [info] [spider.worker] [TIMING] worker_id=1f902afc-ec89-467f-a98b-64b46f06ec46 task_id=none get_next_task request_start=510399860 connect_end=510399862 send_end=510399862 receive_end=510399869 connect_duration_ms=1 send_duration_ms=0 receive_duration_ms=6 total_duration_ms=8
[2026-02-03 01:12:37.765] [info] [spider.worker] [TIMING] worker_id=1f902afc-ec89-467f-a98b-64b46f06ec46 task_id=none get_next_task request_start=510399971 connect_end=510399972 send_end=510399972 receive_end=510399974 connect_duration_ms=1 send_duration_ms=0 receive_duration_ms=1 total_duration_ms=2
[2026-02-03 01:12:37.872] [info] [spider.worker] [TIMING] worker_id=1f902afc-ec89-467f-a98b-64b46f06ec46 task_id=none get_next_task request_start=510400075 connect_end=510400076 send_end=510400076 receive_end=510400080 connect_duration_ms=0 send_duration_ms=0 receive_duration_ms=4 total_duration_ms=5
[2026-02-03 01:12:37.980] [info] [spider.worker] [TIMING] worker_id=1f902afc-ec89-467f-a98b-64b46f06ec46 task_id=none get_next_task request_start=510400183 connect_end=510400184 send_end=510400184 receive_end=510400188 connect_duration_ms=1 send_duration_ms=0 receive_duration_ms=4 total_duration_ms=5
[2026-02-03 01:12:38.090] [info] [spider.worker] [TIMING] worker_id=1f902afc-ec89-467f-a98b-64b46f06ec46 task_id=none get_next_task request_start=510400289 connect_end=510400290 send_end=510400290 receive_end=510400298 connect_duration_ms=0 send_duration_ms=0 receive_duration_ms=7 total_duration_ms=8
[2026-02-03 01:12:38.198] [info] [spider.worker] [TIMING] worker_id=1f902afc-ec89-467f-a98b-64b46f06ec46 task_id=none get_next_task request_start=510400400 connect_end=510400402 send_end=510400402 receive_end=510400407 connect_duration_ms=1 send_duration_ms=0 receive_duration_ms=4 total_duration_ms=6
[2026-02-03 01:12:38.307] [info] [spider.worker] [TIMING] worker_id=1f902afc-ec89-467f-a98b-64b46f06ec46 task_id=none get_next_task request_start=510400509 connect_end=510400511 send_end=510400511 receive_end=510400515 connect_duration_ms=1 send_duration_ms=0 receive_duration_ms=4 total_duration_ms=6
[2026-02-03 01:12:38.416] [info] [spider.worker] [TIMING] worker_id=1f902afc-ec89-467f-a98b-64b46f06ec46 task_id=none get_next_task request_start=510400619 connect_end=510400621 send_end=510400621 receive_end=510400625 connect_duration_ms=1 send_duration_ms=0 receive_duration_ms=3 total_duration_ms=5
[2026-02-03 01:12:38.526] [info] [spider.worker] [TIMING] worker_id=1f902afc-ec89-467f-a98b-64b46f06ec46 task_id=none get_next_task request_start=510400727 connect_end=510400729 send_end=510400729 receive_end=510400734 connect_duration_ms=1 send_duration_ms=0 receive_duration_ms=5 total_duration_ms=6
[2026-02-03 01:12:38.634] [info] [spider.worker] [TIMING] worker_id=1f902afc-ec89-467f-a98b-64b46f06ec46 task_id=none get_next_task request_start=510400836 connect_end=510400838 send_end=510400838 receive_end=510400843 connect_duration_ms=1 send_duration_ms=0 receive_duration_ms=4 total_duration_ms=6
[2026-02-03 01:12:38.743] [info] [spider.worker] [TIMING] worker_id=1f902afc-ec89-467f-a98b-64b46f06ec46 task_id=none get_next_task request_start=510400945 connect_end=510400947 send_end=510400947 receive_end=510400951 connect_duration_ms=1 send_duration_ms=0 receive_duration_ms=4 total_duration_ms=5
[2026-02-03 01:12:38.852] [info] [spider.worker] [TIMING] worker_id=1f902afc-ec89-467f-a98b-64b46f06ec46 task_id=none get_next_task request_start=510401054 connect_end=510401055 send_end=510401056 receive_end=510401061 connect_duration_ms=1 send_duration_ms=0 receive_duration_ms=5 total_duration_ms=6
[2026-02-03 01:12:38.961] [info] [spider.worker] [TIMING] worker_id=1f902afc-ec89-467f-a98b-64b46f06ec46 task_id=none get_next_task request_start=510401163 connect_end=510401165 send_end=510401165 receive_end=510401169 connect_duration_ms=1 send_duration_ms=0 receive_duration_ms=3 total_duration_ms=5
[2026-02-03 01:12:39.070] [info] [spider.worker] [TIMING] worker_id=1f902afc-ec89-467f-a98b-64b46f06ec46 task_id=none get_next_task request_start=510401271 connect_end=510401273 send_end=510401273 receive_end=510401278 connect_duration_ms=1 send_duration_ms=0 receive_duration_ms=4 total_duration_ms=6
[2026-02-03 01:12:39.178] [info] [spider.worker] [TIMING] worker_id=1f902afc-ec89-467f-a98b-64b46f06ec46 task_id=none get_next_task request_start=510401381 connect_end=510401382 send_end=510401382 receive_end=510401387 connect_duration_ms=1 send_duration_ms=0 receive_duration_ms=4 total_duration_ms=6
[2026-02-03 01:12:39.283] [info] [spider.worker] [TIMING] worker_id=1f902afc-ec89-467f-a98b-64b46f06ec46 task_id=none get_next_task request_start=510401488 connect_end=510401489 send_end=510401489 receive_end=510401491 connect_duration_ms=0 send_duration_ms=0 receive_duration_ms=2 total_duration_ms=2
[2026-02-03 01:12:39.394] [info] [spider.worker] [TIMING] worker_id=1f902afc-ec89-467f-a98b-64b46f06ec46 task_id=none get_next_task request_start=510401594 connect_end=510401595 send_end=510401595 receive_end=510401603 connect_duration_ms=1 send_duration_ms=0 receive_duration_ms=7 total_duration_ms=8
[2026-02-03 01:12:39.503] [info] [spider.worker] [TIMING] worker_id=1f902afc-ec89-467f-a98b-64b46f06ec46 task_id=none get_next_task request_start=510401705 connect_end=510401706 send_end=510401706 receive_end=510401712 connect_duration_ms=1 send_duration_ms=0 receive_duration_ms=5 total_duration_ms=6
[2026-02-03 01:12:39.613] [info] [spider.worker] [TIMING] worker_id=1f902afc-ec89-467f-a98b-64b46f06ec46 task_id=none get_next_task request_start=510401814 connect_end=510401816 send_end=510401816 receive_end=510401821 connect_duration_ms=1 send_duration_ms=0 receive_duration_ms=5 total_duration_ms=7
[2026-02-03 01:12:39.722] [info] [spider.worker] [TIMING] worker_id=1f902afc-ec89-467f-a98b-64b46f06ec46 task_id=none get_next_task request_start=510401923 connect_end=510401925 send_end=510401925 receive_end=510401931 connect_duration_ms=1 send_duration_ms=0 receive_duration_ms=6 total_duration_ms=7
[2026-02-03 01:12:39.830] [info] [spider.worker] [TIMING] worker_id=1f902afc-ec89-467f-a98b-64b46f06ec46 task_id=none get_next_task request_start=510402033 connect_end=510402035 send_end=510402035 receive_end=510402038 connect_duration_ms=1 send_duration_ms=0 receive_duration_ms=3 total_duration_ms=5
[2026-02-03 01:12:39.939] [info] [spider.worker] [TIMING] worker_id=1f902afc-ec89-467f-a98b-64b46f06ec46 task_id=none get_next_task request_start=510402141 connect_end=510402142 send_end=510402142 receive_end=510402147 connect_duration_ms=1 send_duration_ms=0 receive_duration_ms=4 total_duration_ms=6
[2026-02-03 01:12:40.054] [info] [spider.worker] [TIMING] worker_id=1f902afc-ec89-467f-a98b-64b46f06ec46 task_id=none get_next_task request_start=510402249 connect_end=510402250 send_end=510402250 receive_end=510402262 connect_duration_ms=1 send_duration_ms=0 receive_duration_ms=12 total_duration_ms=13
[2026-02-03 01:12:40.163] [info] [spider.worker] [TIMING] worker_id=1f902afc-ec89-467f-a98b-64b46f06ec46 task_id=none get_next_task request_start=510402365 connect_end=510402367 send_end=510402367 receive_end=510402372 connect_duration_ms=1 send_duration_ms=0 receive_duration_ms=5 total_duration_ms=6
[2026-02-03 01:12:40.272] [info] [spider.worker] [TIMING] worker_id=1f902afc-ec89-467f-a98b-64b46f06ec46 task_id=none get_next_task request_start=510402474 connect_end=510402475 send_end=510402475 receive_end=510402481 connect_duration_ms=1 send_duration_ms=0 receive_duration_ms=5 total_duration_ms=6
[2026-02-03 01:12:40.381] [info] [spider.worker] [TIMING] worker_id=1f902afc-ec89-467f-a98b-64b46f06ec46 task_id=none get_next_task request_start=510402584 connect_end=510402585 send_end=510402585 receive_end=510402589 connect_duration_ms=1 send_duration_ms=0 receive_duration_ms=3 total_duration_ms=5
[2026-02-03 01:12:40.491] [info] [spider.worker] [TIMING] worker_id=1f902afc-ec89-467f-a98b-64b46f06ec46 task_id=none get_next_task request_start=510402692 connect_end=510402693 send_end=510402693 receive_end=510402699 connect_duration_ms=1 send_duration_ms=0 receive_duration_ms=5 total_duration_ms=7
[2026-02-03 01:12:40.600] [info] [spider.worker] [TIMING] worker_id=1f902afc-ec89-467f-a98b-64b46f06ec46 task_id=none get_next_task request_start=510402802 connect_end=510402804 send_end=510402804 receive_end=510402809 connect_duration_ms=2 send_duration_ms=0 receive_duration_ms=4 total_duration_ms=6
[2026-02-03 01:12:40.717] [info] [spider.worker] [TIMING] worker_id=1f902afc-ec89-467f-a98b-64b46f06ec46 task_id=none get_next_task request_start=510402916 connect_end=510402918 send_end=510402918 receive_end=510402925 connect_duration_ms=1 send_duration_ms=0 receive_duration_ms=7 total_duration_ms=9
[2026-02-03 01:12:40.823] [info] [spider.worker] [TIMING] worker_id=1f902afc-ec89-467f-a98b-64b46f06ec46 task_id=none get_next_task request_start=510403027 connect_end=510403028 send_end=510403028 receive_end=510403031 connect_duration_ms=1 send_duration_ms=0 receive_duration_ms=3 total_duration_ms=4
[2026-02-03 01:12:40.928] [info] [spider.worker] [TIMING] worker_id=1f902afc-ec89-467f-a98b-64b46f06ec46 task_id=none get_next_task request_start=510403133 connect_end=510403134 send_end=510403134 receive_end=510403136 connect_duration_ms=0 send_duration_ms=0 receive_duration_ms=2 total_duration_ms=3
[2026-02-03 01:12:41.035] [info] [spider.worker] [TIMING] worker_id=1f902afc-ec89-467f-a98b-64b46f06ec46 task_id=none get_next_task request_start=510403238 connect_end=510403239 send_end=510403239 receive_end=510403243 connect_duration_ms=1 send_duration_ms=0 receive_duration_ms=3 total_duration_ms=4
[2026-02-03 01:12:41.150] [info] [spider.worker] [TIMING] worker_id=1f902afc-ec89-467f-a98b-64b46f06ec46 task_id=none get_next_task request_start=510403346 connect_end=510403347 send_end=510403347 receive_end=510403358 connect_duration_ms=1 send_duration_ms=0 receive_duration_ms=11 total_duration_ms=12
[2026-02-03 01:12:41.260] [info] [spider.worker] [TIMING] worker_id=1f902afc-ec89-467f-a98b-64b46f06ec46 task_id=none get_next_task request_start=510403460 connect_end=510403462 send_end=510403462 receive_end=510403468 connect_duration_ms=1 send_duration_ms=0 receive_duration_ms=6 total_duration_ms=7
[2026-02-03 01:12:41.366] [info] [spider.worker] [TIMING] worker_id=1f902afc-ec89-467f-a98b-64b46f06ec46 task_id=none get_next_task request_start=510403570 connect_end=510403571 send_end=510403571 receive_end=510403575 connect_duration_ms=1 send_duration_ms=0 receive_duration_ms=3 total_duration_ms=4
[2026-02-03 01:12:41.471] [info] [spider.worker] [TIMING] worker_id=1f902afc-ec89-467f-a98b-64b46f06ec46 task_id=none get_next_task request_start=510403676 connect_end=510403677 send_end=510403677 receive_end=510403680 connect_duration_ms=0 send_duration_ms=0 receive_duration_ms=2 total_duration_ms=3
[2026-02-03 01:12:41.579] [info] [spider.worker] [TIMING] worker_id=1f902afc-ec89-467f-a98b-64b46f06ec46 task_id=none get_next_task request_start=510403782 connect_end=510403783 send_end=510403783 receive_end=510403788 connect_duration_ms=1 send_duration_ms=0 receive_duration_ms=4 total_duration_ms=5
[2026-02-03 01:12:41.689] [info] [spider.worker] [TIMING] worker_id=1f902afc-ec89-467f-a98b-64b46f06ec46 task_id=none get_next_task request_start=510403889 connect_end=510403891 send_end=510403891 receive_end=510403897 connect_duration_ms=1 send_duration_ms=0 receive_duration_ms=6 total_duration_ms=7
[2026-02-03 01:12:41.796] [info] [spider.worker] [TIMING] worker_id=1f902afc-ec89-467f-a98b-64b46f06ec46 task_id=none get_next_task request_start=510403999 connect_end=510404000 send_end=510404000 receive_end=510404005 connect_duration_ms=1 send_duration_ms=0 receive_duration_ms=4 total_duration_ms=5
[2026-02-03 01:12:41.900] [info] [spider.worker] [TIMING] worker_id=1f902afc-ec89-467f-a98b-64b46f06ec46 task_id=none get_next_task request_start=510404106 connect_end=510404107 send_end=510404107 receive_end=510404109 connect_duration_ms=0 send_duration_ms=0 receive_duration_ms=1 total_duration_ms=2
[2026-02-03 01:12:42.013] [info] [spider.worker] [TIMING] worker_id=1f902afc-ec89-467f-a98b-64b46f06ec46 task_id=none get_next_task request_start=510404210 connect_end=510404211 send_end=510404211 receive_end=510404222 connect_duration_ms=1 send_duration_ms=0 receive_duration_ms=10 total_duration_ms=11
[2026-02-03 01:12:42.121] [info] [spider.worker] [TIMING] worker_id=1f902afc-ec89-467f-a98b-64b46f06ec46 task_id=none get_next_task request_start=510404323 connect_end=510404325 send_end=510404325 receive_end=510404329 connect_duration_ms=1 send_duration_ms=0 receive_duration_ms=4 total_duration_ms=6
[2026-02-03 01:12:42.230] [info] [spider.worker] [TIMING] worker_id=1f902afc-ec89-467f-a98b-64b46f06ec46 task_id=none get_next_task request_start=510404432 connect_end=510404434 send_end=510404434 receive_end=510404438 connect_duration_ms=1 send_duration_ms=0 receive_duration_ms=4 total_duration_ms=6
[2026-02-03 01:12:42.338] [info] [spider.worker] [TIMING] worker_id=1f902afc-ec89-467f-a98b-64b46f06ec46 task_id=none get_next_task request_start=510404541 connect_end=510404542 send_end=510404542 receive_end=510404546 connect_duration_ms=1 send_duration_ms=0 receive_duration_ms=3 total_duration_ms=5
[2026-02-03 01:12:42.448] [info] [spider.worker] [TIMING] worker_id=1f902afc-ec89-467f-a98b-64b46f06ec46 task_id=none get_next_task request_start=510404649 connect_end=510404651 send_end=510404651 receive_end=510404656 connect_duration_ms=1 send_duration_ms=0 receive_duration_ms=5 total_duration_ms=7
[2026-02-03 01:12:42.556] [info] [spider.worker] [TIMING] worker_id=1f902afc-ec89-467f-a98b-64b46f06ec46 task_id=none get_next_task request_start=510404759 connect_end=510404761 send_end=510404761 receive_end=510404765 connect_duration_ms=1 send_duration_ms=0 receive_duration_ms=3 total_duration_ms=5
[2026-02-03 01:12:42.674] [info] [spider.worker] [TIMING] worker_id=1f902afc-ec89-467f-a98b-64b46f06ec46 task_id=none get_next_task request_start=510404867 connect_end=510404869 send_end=510404869 receive_end=510404883 connect_duration_ms=2 send_duration_ms=0 receive_duration_ms=13 total_duration_ms=15
[2026-02-03 01:12:42.785] [info] [spider.worker] [TIMING] worker_id=1f902afc-ec89-467f-a98b-64b46f06ec46 task_id=none get_next_task request_start=510404985 connect_end=510404987 send_end=510404987 receive_end=510404993 connect_duration_ms=1 send_duration_ms=0 receive_duration_ms=6 total_duration_ms=7
[2026-02-03 01:12:42.893] [info] [spider.worker] [TIMING] worker_id=1f902afc-ec89-467f-a98b-64b46f06ec46 task_id=none get_next_task request_start=510405095 connect_end=510405097 send_end=510405097 receive_end=510405101 connect_duration_ms=1 send_duration_ms=0 receive_duration_ms=3 total_duration_ms=5
[2026-02-03 01:12:43.004] [info] [spider.worker] [TIMING] worker_id=1f902afc-ec89-467f-a98b-64b46f06ec46 task_id=none get_next_task request_start=510405204 connect_end=510405206 send_end=510405206 receive_end=510405213 connect_duration_ms=1 send_duration_ms=0 receive_duration_ms=6 total_duration_ms=8
[2026-02-03 01:12:43.113] [info] [spider.worker] [TIMING] worker_id=1f902afc-ec89-467f-a98b-64b46f06ec46 task_id=none get_next_task request_start=510405315 connect_end=510405317 send_end=510405317 receive_end=510405321 connect_duration_ms=1 send_duration_ms=0 receive_duration_ms=4 total_duration_ms=5
[2026-02-03 01:12:43.221] [info] [spider.worker] [TIMING] worker_id=1f902afc-ec89-467f-a98b-64b46f06ec46 task_id=none get_next_task request_start=510405423 connect_end=510405425 send_end=510405425 receive_end=510405429 connect_duration_ms=1 send_duration_ms=0 receive_duration_ms=4 total_duration_ms=5
[2026-02-03 01:12:43.326] [info] [spider.worker] [TIMING] worker_id=1f902afc-ec89-467f-a98b-64b46f06ec46 task_id=none get_next_task request_start=510405531 connect_end=510405532 send_end=510405532 receive_end=510405535 connect_duration_ms=1 send_duration_ms=0 receive_duration_ms=2 total_duration_ms=3
[2026-02-03 01:12:43.432] [info] [spider.worker] [TIMING] worker_id=1f902afc-ec89-467f-a98b-64b46f06ec46 task_id=none get_next_task request_start=510405636 connect_end=510405638 send_end=510405638 receive_end=510405640 connect_duration_ms=1 send_duration_ms=0 receive_duration_ms=2 total_duration_ms=3
[2026-02-03 01:12:43.540] [info] [spider.worker] [TIMING] worker_id=1f902afc-ec89-467f-a98b-64b46f06ec46 task_id=none get_next_task request_start=510405742 connect_end=510405744 send_end=510405744 receive_end=510405748 connect_duration_ms=1 send_duration_ms=0 receive_duration_ms=4 total_duration_ms=5
[2026-02-03 01:12:43.659] [info] [spider.worker] [TIMING] worker_id=1f902afc-ec89-467f-a98b-64b46f06ec46 task_id=none get_next_task request_start=510405851 connect_end=510405853 send_end=510405853 receive_end=510405867 connect_duration_ms=1 send_duration_ms=0 receive_duration_ms=14 total_duration_ms=16
[2026-02-03 01:12:43.767] [info] [spider.worker] [TIMING] worker_id=1f902afc-ec89-467f-a98b-64b46f06ec46 task_id=none get_next_task request_start=510405969 connect_end=510405971 send_end=510405971 receive_end=510405975 connect_duration_ms=1 send_duration_ms=0 receive_duration_ms=4 total_duration_ms=5
[2026-02-03 01:12:43.876] [info] [spider.worker] [TIMING] worker_id=1f902afc-ec89-467f-a98b-64b46f06ec46 task_id=none get_next_task request_start=510406078 connect_end=510406080 send_end=510406080 receive_end=510406084 connect_duration_ms=1 send_duration_ms=0 receive_duration_ms=4 total_duration_ms=6
[2026-02-03 01:12:43.984] [info] [spider.worker] [TIMING] worker_id=1f902afc-ec89-467f-a98b-64b46f06ec46 task_id=none get_next_task request_start=510406186 connect_end=510406188 send_end=510406188 receive_end=510406193 connect_duration_ms=1 send_duration_ms=0 receive_duration_ms=4 total_duration_ms=6
[2026-02-03 01:12:44.095] [info] [spider.worker] [TIMING] worker_id=1f902afc-ec89-467f-a98b-64b46f06ec46 task_id=none get_next_task request_start=510406296 connect_end=510406297 send_end=510406297 receive_end=510406303 connect_duration_ms=1 send_duration_ms=0 receive_duration_ms=5 total_duration_ms=7
[2026-02-03 01:12:44.204] [info] [spider.worker] [TIMING] worker_id=1f902afc-ec89-467f-a98b-64b46f06ec46 task_id=none get_next_task request_start=510406406 connect_end=510406408 send_end=510406408 receive_end=510406412 connect_duration_ms=1 send_duration_ms=0 receive_duration_ms=4 total_duration_ms=6
[2026-02-03 01:12:44.312] [info] [spider.worker] [TIMING] worker_id=1f902afc-ec89-467f-a98b-64b46f06ec46 task_id=none get_next_task request_start=510406515 connect_end=510406517 send_end=510406517 receive_end=510406521 connect_duration_ms=1 send_duration_ms=0 receive_duration_ms=4 total_duration_ms=5
[2026-02-03 01:12:44.421] [info] [spider.worker] [TIMING] worker_id=1f902afc-ec89-467f-a98b-64b46f06ec46 task_id=none get_next_task request_start=510406624 connect_end=510406625 send_end=510406625 receive_end=510406630 connect_duration_ms=1 send_duration_ms=0 receive_duration_ms=4 total_duration_ms=5
[2026-02-03 01:12:44.530] [info] [spider.worker] [TIMING] worker_id=1f902afc-ec89-467f-a98b-64b46f06ec46 task_id=none get_next_task request_start=510406732 connect_end=510406734 send_end=510406734 receive_end=510406738 connect_duration_ms=1 send_duration_ms=0 receive_duration_ms=4 total_duration_ms=6
[2026-02-03 01:12:44.639] [info] [spider.worker] [TIMING] worker_id=1f902afc-ec89-467f-a98b-64b46f06ec46 task_id=none get_next_task request_start=510406841 connect_end=510406843 send_end=510406843 receive_end=510406847 connect_duration_ms=1 send_duration_ms=0 receive_duration_ms=4 total_duration_ms=5
[2026-02-03 01:12:44.747] [info] [spider.worker] [TIMING] worker_id=1f902afc-ec89-467f-a98b-64b46f06ec46 task_id=none get_next_task request_start=510406949 connect_end=510406951 send_end=510406951 receive_end=510406955 connect_duration_ms=1 send_duration_ms=0 receive_duration_ms=4 total_duration_ms=5
[2026-02-03 01:12:44.855] [info] [spider.worker] [TIMING] worker_id=1f902afc-ec89-467f-a98b-64b46f06ec46 task_id=none get_next_task request_start=510407058 connect_end=510407060 send_end=510407060 receive_end=510407063 connect_duration_ms=1 send_duration_ms=0 receive_duration_ms=2 total_duration_ms=4
[2026-02-03 01:12:44.961] [info] [spider.worker] [TIMING] worker_id=1f902afc-ec89-467f-a98b-64b46f06ec46 task_id=none get_next_task request_start=510407165 connect_end=510407167 send_end=510407167 receive_end=510407170 connect_duration_ms=1 send_duration_ms=0 receive_duration_ms=3 total_duration_ms=4
[2026-02-03 01:12:45.069] [info] [spider.worker] [TIMING] worker_id=1f902afc-ec89-467f-a98b-64b46f06ec46 task_id=none get_next_task request_start=510407272 connect_end=510407274 send_end=510407274 receive_end=510407277 connect_duration_ms=1 send_duration_ms=0 receive_duration_ms=3 total_duration_ms=5
[2026-02-03 01:12:45.177] [info] [spider.worker] [TIMING] worker_id=1f902afc-ec89-467f-a98b-64b46f06ec46 task_id=none get_next_task request_start=510407380 connect_end=510407381 send_end=510407381 receive_end=510407385 connect_duration_ms=1 send_duration_ms=0 receive_duration_ms=4 total_duration_ms=5
[2026-02-03 01:12:45.291] [info] [spider.worker] [TIMING] worker_id=1f902afc-ec89-467f-a98b-64b46f06ec46 task_id=none get_next_task request_start=510407488 connect_end=510407490 send_end=510407490 receive_end=510407500 connect_duration_ms=1 send_duration_ms=0 receive_duration_ms=9 total_duration_ms=11
[2026-02-03 01:12:45.401] [info] [spider.worker] [TIMING] worker_id=1f902afc-ec89-467f-a98b-64b46f06ec46 task_id=none get_next_task request_start=510407602 connect_end=510407604 send_end=510407604 receive_end=510407609 connect_duration_ms=1 send_duration_ms=0 receive_duration_ms=5 total_duration_ms=7
[2026-02-03 01:12:45.511] [info] [spider.worker] [TIMING] worker_id=1f902afc-ec89-467f-a98b-64b46f06ec46 task_id=none get_next_task request_start=510407712 connect_end=510407714 send_end=510407714 receive_end=510407719 connect_duration_ms=1 send_duration_ms=0 receive_duration_ms=5 total_duration_ms=7
[2026-02-03 01:12:45.620] [info] [spider.worker] [TIMING] worker_id=1f902afc-ec89-467f-a98b-64b46f06ec46 task_id=none get_next_task request_start=510407822 connect_end=510407824 send_end=510407824 receive_end=510407828 connect_duration_ms=1 send_duration_ms=0 receive_duration_ms=4 total_duration_ms=6
[2026-02-03 01:12:45.732] [info] [spider.worker] [TIMING] worker_id=1f902afc-ec89-467f-a98b-64b46f06ec46 task_id=none get_next_task request_start=510407931 connect_end=510407933 send_end=510407933 receive_end=510407940 connect_duration_ms=1 send_duration_ms=0 receive_duration_ms=6 total_duration_ms=8
[2026-02-03 01:12:45.841] [info] [spider.worker] [TIMING] worker_id=1f902afc-ec89-467f-a98b-64b46f06ec46 task_id=none get_next_task request_start=510408043 connect_end=510408045 send_end=510408045 receive_end=510408049 connect_duration_ms=1 send_duration_ms=0 receive_duration_ms=4 total_duration_ms=6
[2026-02-03 01:12:45.951] [info] [spider.worker] [TIMING] worker_id=1f902afc-ec89-467f-a98b-64b46f06ec46 task_id=none get_next_task request_start=510408152 connect_end=510408154 send_end=510408154 receive_end=510408159 connect_duration_ms=1 send_duration_ms=0 receive_duration_ms=5 total_duration_ms=6
[2026-02-03 01:12:46.059] [info] [spider.worker] [TIMING] worker_id=1f902afc-ec89-467f-a98b-64b46f06ec46 task_id=none get_next_task request_start=510408262 connect_end=510408264 send_end=510408264 receive_end=510408268 connect_duration_ms=1 send_duration_ms=0 receive_duration_ms=4 total_duration_ms=5
[2026-02-03 01:12:46.168] [info] [spider.worker] [TIMING] worker_id=1f902afc-ec89-467f-a98b-64b46f06ec46 task_id=none get_next_task request_start=510408370 connect_end=510408372 send_end=510408372 receive_end=510408376 connect_duration_ms=1 send_duration_ms=0 receive_duration_ms=4 total_duration_ms=6
[2026-02-03 01:12:46.277] [info] [spider.worker] [TIMING] worker_id=1f902afc-ec89-467f-a98b-64b46f06ec46 task_id=none get_next_task request_start=510408479 connect_end=510408481 send_end=510408481 receive_end=510408485 connect_duration_ms=1 send_duration_ms=0 receive_duration_ms=4 total_duration_ms=6
[2026-02-03 01:12:46.385] [info] [spider.worker] [TIMING] worker_id=1f902afc-ec89-467f-a98b-64b46f06ec46 task_id=none get_next_task request_start=510408588 connect_end=510408589 send_end=510408590 receive_end=510408593 connect_duration_ms=1 send_duration_ms=0 receive_duration_ms=3 total_duration_ms=5
[2026-02-03 01:12:46.494] [info] [spider.worker] [TIMING] worker_id=1f902afc-ec89-467f-a98b-64b46f06ec46 task_id=none get_next_task request_start=510408696 connect_end=510408697 send_end=510408698 receive_end=510408702 connect_duration_ms=1 send_duration_ms=0 receive_duration_ms=4 total_duration_ms=6
[2026-02-03 01:12:46.603] [info] [spider.worker] [TIMING] worker_id=1f902afc-ec89-467f-a98b-64b46f06ec46 task_id=none get_next_task request_start=510408805 connect_end=510408806 send_end=510408807 receive_end=510408811 connect_duration_ms=1 send_duration_ms=0 receive_duration_ms=4 total_duration_ms=6
[2026-02-03 01:12:46.712] [info] [spider.worker] [TIMING] worker_id=1f902afc-ec89-467f-a98b-64b46f06ec46 task_id=none get_next_task request_start=510408914 connect_end=510408916 send_end=510408916 receive_end=510408920 connect_duration_ms=1 send_duration_ms=0 receive_duration_ms=4 total_duration_ms=5
[2026-02-03 01:12:46.820] [info] [spider.worker] [TIMING] worker_id=1f902afc-ec89-467f-a98b-64b46f06ec46 task_id=none get_next_task request_start=510409023 connect_end=510409024 send_end=510409024 receive_end=510409028 connect_duration_ms=1 send_duration_ms=0 receive_duration_ms=3 total_duration_ms=5
[2026-02-03 01:12:46.929] [info] [spider.worker] [TIMING] worker_id=1f902afc-ec89-467f-a98b-64b46f06ec46 task_id=none get_next_task request_start=510409130 connect_end=510409132 send_end=510409132 receive_end=510409137 connect_duration_ms=1 send_duration_ms=0 receive_duration_ms=5 total_duration_ms=7
[2026-02-03 01:12:47.037] [info] [spider.worker] [TIMING] worker_id=1f902afc-ec89-467f-a98b-64b46f06ec46 task_id=none get_next_task request_start=510409240 connect_end=510409241 send_end=510409241 receive_end=510409245 connect_duration_ms=1 send_duration_ms=0 receive_duration_ms=4 total_duration_ms=5
[2026-02-03 01:12:47.146] [info] [spider.worker] [TIMING] worker_id=1f902afc-ec89-467f-a98b-64b46f06ec46 task_id=none get_next_task request_start=510409348 connect_end=510409350 send_end=510409350 receive_end=510409354 connect_duration_ms=1 send_duration_ms=0 receive_duration_ms=4 total_duration_ms=6
[2026-02-03 01:12:47.257] [info] [spider.worker] [TIMING] worker_id=1f902afc-ec89-467f-a98b-64b46f06ec46 task_id=none get_next_task request_start=510409457 connect_end=510409459 send_end=510409459 receive_end=510409465 connect_duration_ms=1 send_duration_ms=0 receive_duration_ms=6 total_duration_ms=7
[2026-02-03 01:12:47.366] [info] [spider.worker] [TIMING] worker_id=1f902afc-ec89-467f-a98b-64b46f06ec46 task_id=none get_next_task request_start=510409568 connect_end=510409569 send_end=510409569 receive_end=510409574 connect_duration_ms=1 send_duration_ms=0 receive_duration_ms=4 total_duration_ms=6
[2026-02-03 01:12:47.474] [info] [spider.worker] [TIMING] worker_id=1f902afc-ec89-467f-a98b-64b46f06ec46 task_id=none get_next_task request_start=510409677 connect_end=510409678 send_end=510409678 receive_end=510409683 connect_duration_ms=1 send_duration_ms=0 receive_duration_ms=4 total_duration_ms=6
[2026-02-03 01:12:47.584] [info] [spider.worker] [TIMING] worker_id=1f902afc-ec89-467f-a98b-64b46f06ec46 task_id=none get_next_task request_start=510409785 connect_end=510409787 send_end=510409787 receive_end=510409792 connect_duration_ms=1 send_duration_ms=0 receive_duration_ms=5 total_duration_ms=6
[2026-02-03 01:12:47.695] [info] [spider.worker] [TIMING] worker_id=1f902afc-ec89-467f-a98b-64b46f06ec46 task_id=none get_next_task request_start=510409895 connect_end=510409897 send_end=510409897 receive_end=510409903 connect_duration_ms=1 send_duration_ms=0 receive_duration_ms=6 total_duration_ms=8
[2026-02-03 01:12:47.804] [info] [spider.worker] [TIMING] worker_id=1f902afc-ec89-467f-a98b-64b46f06ec46 task_id=none get_next_task request_start=510410006 connect_end=510410008 send_end=510410008 receive_end=510410012 connect_duration_ms=1 send_duration_ms=0 receive_duration_ms=4 total_duration_ms=6
[2026-02-03 01:12:47.928] [info] [spider.worker] [TIMING] worker_id=1f902afc-ec89-467f-a98b-64b46f06ec46 task_id=none get_next_task request_start=510410115 connect_end=510410117 send_end=510410117 receive_end=510410136 connect_duration_ms=1 send_duration_ms=0 receive_duration_ms=19 total_duration_ms=21
[2026-02-03 01:12:48.037] [info] [spider.worker] [TIMING] worker_id=1f902afc-ec89-467f-a98b-64b46f06ec46 task_id=none get_next_task request_start=510410239 connect_end=510410241 send_end=510410241 receive_end=510410245 connect_duration_ms=1 send_duration_ms=0 receive_duration_ms=4 total_duration_ms=6
[2026-02-03 01:12:48.145] [info] [spider.worker] [TIMING] worker_id=1f902afc-ec89-467f-a98b-64b46f06ec46 task_id=none get_next_task request_start=510410347 connect_end=510410349 send_end=510410349 receive_end=510410353 connect_duration_ms=1 send_duration_ms=0 receive_duration_ms=4 total_duration_ms=5
[2026-02-03 01:12:48.254] [info] [spider.worker] [TIMING] worker_id=1f902afc-ec89-467f-a98b-64b46f06ec46 task_id=none get_next_task request_start=510410456 connect_end=510410458 send_end=510410458 receive_end=510410463 connect_duration_ms=1 send_duration_ms=0 receive_duration_ms=5 total_duration_ms=6
[2026-02-03 01:12:48.363] [info] [spider.worker] [TIMING] worker_id=1f902afc-ec89-467f-a98b-64b46f06ec46 task_id=none get_next_task request_start=510410565 connect_end=510410566 send_end=510410566 receive_end=510410571 connect_duration_ms=1 send_duration_ms=0 receive_duration_ms=4 total_duration_ms=6
[2026-02-03 01:12:48.471] [info] [spider.worker] [TIMING] worker_id=1f902afc-ec89-467f-a98b-64b46f06ec46 task_id=none get_next_task request_start=510410674 connect_end=510410675 send_end=510410675 receive_end=510410679 connect_duration_ms=1 send_duration_ms=0 receive_duration_ms=4 total_duration_ms=5
[2026-02-03 01:12:48.580] [info] [spider.worker] [TIMING] worker_id=1f902afc-ec89-467f-a98b-64b46f06ec46 task_id=none get_next_task request_start=510410782 connect_end=510410783 send_end=510410784 receive_end=510410788 connect_duration_ms=1 send_duration_ms=0 receive_duration_ms=4 total_duration_ms=6
[2026-02-03 01:12:48.689] [info] [spider.worker] [TIMING] worker_id=1f902afc-ec89-467f-a98b-64b46f06ec46 task_id=none get_next_task request_start=510410891 connect_end=510410893 send_end=510410893 receive_end=510410897 connect_duration_ms=1 send_duration_ms=0 receive_duration_ms=4 total_duration_ms=6
[2026-02-03 01:12:48.798] [info] [spider.worker] [TIMING] worker_id=1f902afc-ec89-467f-a98b-64b46f06ec46 task_id=none get_next_task request_start=510411000 connect_end=510411001 send_end=510411001 receive_end=510411006 connect_duration_ms=1 send_duration_ms=0 receive_duration_ms=4 total_duration_ms=6
[2026-02-03 01:12:48.907] [info] [spider.worker] [TIMING] worker_id=1f902afc-ec89-467f-a98b-64b46f06ec46 task_id=none get_next_task request_start=510411109 connect_end=510411111 send_end=510411111 receive_end=510411115 connect_duration_ms=2 send_duration_ms=0 receive_duration_ms=3 total_duration_ms=6
[2026-02-03 01:12:49.016] [info] [spider.worker] [TIMING] worker_id=1f902afc-ec89-467f-a98b-64b46f06ec46 task_id=none get_next_task request_start=510411218 connect_end=510411220 send_end=510411220 receive_end=510411225 connect_duration_ms=1 send_duration_ms=0 receive_duration_ms=5 total_duration_ms=7
[2026-02-03 01:12:49.124] [info] [spider.worker] [TIMING] worker_id=1f902afc-ec89-467f-a98b-64b46f06ec46 task_id=none get_next_task request_start=510411327 connect_end=510411329 send_end=510411329 receive_end=510411333 connect_duration_ms=1 send_duration_ms=0 receive_duration_ms=3 total_duration_ms=5
[2026-02-03 01:12:49.236] [info] [spider.worker] [TIMING] worker_id=1f902afc-ec89-467f-a98b-64b46f06ec46 task_id=none get_next_task request_start=510411435 connect_end=510411437 send_end=510411437 receive_end=510411445 connect_duration_ms=1 send_duration_ms=0 receive_duration_ms=7 total_duration_ms=9
[2026-02-03 01:12:49.346] [info] [spider.worker] [TIMING] worker_id=1f902afc-ec89-467f-a98b-64b46f06ec46 task_id=none get_next_task request_start=510411548 connect_end=510411550 send_end=510411550 receive_end=510411555 connect_duration_ms=2 send_duration_ms=0 receive_duration_ms=4 total_duration_ms=6
[2026-02-03 01:12:49.455] [info] [spider.worker] [TIMING] worker_id=1f902afc-ec89-467f-a98b-64b46f06ec46 task_id=none get_next_task request_start=510411657 connect_end=510411659 send_end=510411659 receive_end=510411663 connect_duration_ms=1 send_duration_ms=0 receive_duration_ms=3 total_duration_ms=5
[2026-02-03 01:12:49.563] [info] [spider.worker] [TIMING] worker_id=1f902afc-ec89-467f-a98b-64b46f06ec46 task_id=none get_next_task request_start=510411766 connect_end=510411767 send_end=510411767 receive_end=510411772 connect_duration_ms=1 send_duration_ms=0 receive_duration_ms=4 total_duration_ms=6
[2026-02-03 01:12:49.673] [info] [spider.worker] [TIMING] worker_id=1f902afc-ec89-467f-a98b-64b46f06ec46 task_id=none get_next_task request_start=510411875 connect_end=510411876 send_end=510411876 receive_end=510411881 connect_duration_ms=1 send_duration_ms=0 receive_duration_ms=4 total_duration_ms=6
[2026-02-03 01:12:49.782] [info] [spider.worker] [TIMING] worker_id=1f902afc-ec89-467f-a98b-64b46f06ec46 task_id=none get_next_task request_start=510411984 connect_end=510411985 send_end=510411985 receive_end=510411990 connect_duration_ms=1 send_duration_ms=0 receive_duration_ms=4 total_duration_ms=6
[2026-02-03 01:12:49.890] [info] [spider.worker] [TIMING] worker_id=1f902afc-ec89-467f-a98b-64b46f06ec46 task_id=none get_next_task request_start=510412093 connect_end=510412094 send_end=510412094 receive_end=510412099 connect_duration_ms=1 send_duration_ms=0 receive_duration_ms=4 total_duration_ms=6
[2026-02-03 01:12:49.998] [info] [spider.worker] [TIMING] worker_id=1f902afc-ec89-467f-a98b-64b46f06ec46 task_id=none get_next_task request_start=510412201 connect_end=510412203 send_end=510412203 receive_end=510412207 connect_duration_ms=1 send_duration_ms=0 receive_duration_ms=3 total_duration_ms=5
[2026-02-03 01:12:50.107] [info] [spider.worker] [TIMING] worker_id=1f902afc-ec89-467f-a98b-64b46f06ec46 task_id=none get_next_task request_start=510412309 connect_end=510412311 send_end=510412311 receive_end=510412315 connect_duration_ms=1 send_duration_ms=0 receive_duration_ms=4 total_duration_ms=5
[2026-02-03 01:12:50.215] [info] [spider.worker] [TIMING] worker_id=1f902afc-ec89-467f-a98b-64b46f06ec46 task_id=none get_next_task request_start=510412418 connect_end=510412419 send_end=510412419 receive_end=510412424 connect_duration_ms=1 send_duration_ms=0 receive_duration_ms=4 total_duration_ms=5
[2026-02-03 01:12:50.325] [info] [spider.worker] [TIMING] worker_id=1f902afc-ec89-467f-a98b-64b46f06ec46 task_id=none get_next_task request_start=510412526 connect_end=510412528 send_end=510412528 receive_end=510412533 connect_duration_ms=1 send_duration_ms=0 receive_duration_ms=4 total_duration_ms=6
[2026-02-03 01:12:50.477] [info] [spider.worker] [TIMING] worker_id=1f902afc-ec89-467f-a98b-64b46f06ec46 task_id=none get_next_task request_start=510412666 connect_end=510412668 send_end=510412669 receive_end=510412685 connect_duration_ms=2 send_duration_ms=0 receive_duration_ms=16 total_duration_ms=18
[2026-02-03 01:12:50.598] [info] [spider.worker] [TIMING] worker_id=1f902afc-ec89-467f-a98b-64b46f06ec46 task_id=none get_next_task request_start=510412800 connect_end=510412802 send_end=510412802 receive_end=510412807 connect_duration_ms=2 send_duration_ms=0 receive_duration_ms=4 total_duration_ms=6
[2026-02-03 01:12:50.707] [info] [spider.worker] [TIMING] worker_id=1f902afc-ec89-467f-a98b-64b46f06ec46 task_id=none get_next_task request_start=510412910 connect_end=510412912 send_end=510412912 receive_end=510412916 connect_duration_ms=1 send_duration_ms=0 receive_duration_ms=4 total_duration_ms=5
[2026-02-03 01:12:50.816] [info] [spider.worker] [TIMING] worker_id=1f902afc-ec89-467f-a98b-64b46f06ec46 task_id=none get_next_task request_start=510413018 connect_end=510413020 send_end=510413020 receive_end=510413024 connect_duration_ms=1 send_duration_ms=0 receive_duration_ms=4 total_duration_ms=5
[2026-02-03 01:12:50.925] [info] [spider.worker] [TIMING] worker_id=1f902afc-ec89-467f-a98b-64b46f06ec46 task_id=none get_next_task request_start=510413127 connect_end=510413129 send_end=510413129 receive_end=510413134 connect_duration_ms=1 send_duration_ms=0 receive_duration_ms=4 total_duration_ms=6
[2026-02-03 01:12:51.036] [info] [spider.worker] [TIMING] worker_id=1f902afc-ec89-467f-a98b-64b46f06ec46 task_id=none get_next_task request_start=510413237 connect_end=510413239 send_end=510413239 receive_end=510413244 connect_duration_ms=1 send_duration_ms=0 receive_duration_ms=5 total_duration_ms=6
[2026-02-03 01:12:51.145] [info] [spider.worker] [TIMING] worker_id=1f902afc-ec89-467f-a98b-64b46f06ec46 task_id=none get_next_task request_start=510413347 connect_end=510413349 send_end=510413349 receive_end=510413353 connect_duration_ms=1 send_duration_ms=0 receive_duration_ms=4 total_duration_ms=6
[2026-02-03 01:12:51.253] [info] [spider.worker] [TIMING] worker_id=1f902afc-ec89-467f-a98b-64b46f06ec46 task_id=none get_next_task request_start=510413456 connect_end=510413458 send_end=510413458 receive_end=510413462 connect_duration_ms=1 send_duration_ms=0 receive_duration_ms=4 total_duration_ms=5
[2026-02-03 01:12:51.361] [info] [spider.worker] [TIMING] worker_id=1f902afc-ec89-467f-a98b-64b46f06ec46 task_id=none get_next_task request_start=510413564 connect_end=510413565 send_end=510413565 receive_end=510413570 connect_duration_ms=1 send_duration_ms=0 receive_duration_ms=4 total_duration_ms=5
[2026-02-03 01:12:51.469] [info] [spider.worker] [TIMING] worker_id=1f902afc-ec89-467f-a98b-64b46f06ec46 task_id=none get_next_task request_start=510413672 connect_end=510413673 send_end=510413673 receive_end=510413678 connect_duration_ms=1 send_duration_ms=0 receive_duration_ms=4 total_duration_ms=5
[2026-02-03 01:12:51.578] [info] [spider.worker] [TIMING] worker_id=1f902afc-ec89-467f-a98b-64b46f06ec46 task_id=none get_next_task request_start=510413780 connect_end=510413782 send_end=510413782 receive_end=510413786 connect_duration_ms=1 send_duration_ms=0 receive_duration_ms=4 total_duration_ms=5
[2026-02-03 01:12:51.686] [info] [spider.worker] [TIMING] worker_id=1f902afc-ec89-467f-a98b-64b46f06ec46 task_id=none get_next_task request_start=510413888 connect_end=510413890 send_end=510413890 receive_end=510413895 connect_duration_ms=1 send_duration_ms=0 receive_duration_ms=4 total_duration_ms=6
[2026-02-03 01:12:51.796] [info] [spider.worker] [TIMING] worker_id=1f902afc-ec89-467f-a98b-64b46f06ec46 task_id=none get_next_task request_start=510413998 connect_end=510414000 send_end=510414000 receive_end=510414004 connect_duration_ms=1 send_duration_ms=0 receive_duration_ms=4 total_duration_ms=6
[2026-02-03 01:12:51.908] [info] [spider.worker] [TIMING] worker_id=1f902afc-ec89-467f-a98b-64b46f06ec46 task_id=none get_next_task request_start=510414107 connect_end=510414109 send_end=510414109 receive_end=510414116 connect_duration_ms=1 send_duration_ms=0 receive_duration_ms=7 total_duration_ms=9
[2026-02-03 01:12:52.015] [info] [spider.worker] [TIMING] worker_id=1f902afc-ec89-467f-a98b-64b46f06ec46 task_id=none get_next_task request_start=510414219 connect_end=510414220 send_end=510414220 receive_end=510414223 connect_duration_ms=1 send_duration_ms=0 receive_duration_ms=3 total_duration_ms=4
[2026-02-03 01:12:52.121] [info] [spider.worker] [TIMING] worker_id=1f902afc-ec89-467f-a98b-64b46f06ec46 task_id=none get_next_task request_start=510414326 connect_end=510414327 send_end=510414327 receive_end=510414330 connect_duration_ms=1 send_duration_ms=0 receive_duration_ms=2 total_duration_ms=3
[2026-02-03 01:12:52.228] [info] [spider.worker] [TIMING] worker_id=1f902afc-ec89-467f-a98b-64b46f06ec46 task_id=none get_next_task request_start=510414432 connect_end=510414433 send_end=510414433 receive_end=510414437 connect_duration_ms=1 send_duration_ms=0 receive_duration_ms=3 total_duration_ms=4
[2026-02-03 01:12:52.337] [info] [spider.worker] [TIMING] worker_id=1f902afc-ec89-467f-a98b-64b46f06ec46 task_id=none get_next_task request_start=510414539 connect_end=510414541 send_end=510414541 receive_end=510414545 connect_duration_ms=1 send_duration_ms=0 receive_duration_ms=4 total_duration_ms=5
[2026-02-03 01:12:52.446] [info] [spider.worker] [TIMING] worker_id=1f902afc-ec89-467f-a98b-64b46f06ec46 task_id=none get_next_task request_start=510414649 connect_end=510414650 send_end=510414650 receive_end=510414654 connect_duration_ms=1 send_duration_ms=0 receive_duration_ms=4 total_duration_ms=5
[2026-02-03 01:12:52.553] [info] [spider.worker] [TIMING] worker_id=1f902afc-ec89-467f-a98b-64b46f06ec46 task_id=none get_next_task request_start=510414758 connect_end=510414759 send_end=510414759 receive_end=510414761 connect_duration_ms=1 send_duration_ms=0 receive_duration_ms=2 total_duration_ms=3
[2026-02-03 01:12:52.662] [info] [spider.worker] [TIMING] worker_id=1f902afc-ec89-467f-a98b-64b46f06ec46 task_id=none get_next_task request_start=510414864 connect_end=510414865 send_end=510414865 receive_end=510414870 connect_duration_ms=1 send_duration_ms=0 receive_duration_ms=4 total_duration_ms=6
[2026-02-03 01:12:52.771] [info] [spider.worker] [TIMING] worker_id=1f902afc-ec89-467f-a98b-64b46f06ec46 task_id=none get_next_task request_start=510414973 connect_end=510414975 send_end=510414975 receive_end=510414979 connect_duration_ms=1 send_duration_ms=0 receive_duration_ms=4 total_duration_ms=5
[2026-02-03 01:12:52.879] [info] [spider.worker] [TIMING] worker_id=1f902afc-ec89-467f-a98b-64b46f06ec46 task_id=none get_next_task request_start=510415082 connect_end=510415084 send_end=510415084 receive_end=510415088 connect_duration_ms=1 send_duration_ms=0 receive_duration_ms=4 total_duration_ms=5
[2026-02-03 01:12:52.988] [info] [spider.worker] [TIMING] worker_id=1f902afc-ec89-467f-a98b-64b46f06ec46 task_id=none get_next_task request_start=510415190 connect_end=510415192 send_end=510415192 receive_end=510415196 connect_duration_ms=1 send_duration_ms=0 receive_duration_ms=4 total_duration_ms=6
[2026-02-03 01:12:53.097] [info] [spider.worker] [TIMING] worker_id=1f902afc-ec89-467f-a98b-64b46f06ec46 task_id=none get_next_task request_start=510415299 connect_end=510415301 send_end=510415301 receive_end=510415305 connect_duration_ms=1 send_duration_ms=0 receive_duration_ms=4 total_duration_ms=5
[2026-02-03 01:12:53.206] [info] [spider.worker] [TIMING] worker_id=1f902afc-ec89-467f-a98b-64b46f06ec46 task_id=none get_next_task request_start=510415408 connect_end=510415410 send_end=510415410 receive_end=510415414 connect_duration_ms=1 send_duration_ms=0 receive_duration_ms=4 total_duration_ms=6
[2026-02-03 01:12:53.313] [info] [spider.worker] [TIMING] worker_id=1f902afc-ec89-467f-a98b-64b46f06ec46 task_id=none get_next_task request_start=510415517 connect_end=510415519 send_end=510415519 receive_end=510415522 connect_duration_ms=1 send_duration_ms=0 receive_duration_ms=2 total_duration_ms=4
[2026-02-03 01:12:53.419] [info] [spider.worker] [TIMING] worker_id=1f902afc-ec89-467f-a98b-64b46f06ec46 task_id=none get_next_task request_start=510415624 connect_end=510415625 send_end=510415625 receive_end=510415627 connect_duration_ms=1 send_duration_ms=0 receive_duration_ms=2 total_duration_ms=3
[2026-02-03 01:12:53.525] [info] [spider.worker] [TIMING] worker_id=1f902afc-ec89-467f-a98b-64b46f06ec46 task_id=none get_next_task request_start=510415730 connect_end=510415732 send_end=510415732 receive_end=510415734 connect_duration_ms=1 send_duration_ms=0 receive_duration_ms=2 total_duration_ms=4
[2026-02-03 01:12:53.633] [info] [spider.worker] [TIMING] worker_id=1f902afc-ec89-467f-a98b-64b46f06ec46 task_id=none get_next_task request_start=510415836 connect_end=510415838 send_end=510415838 receive_end=510415842 connect_duration_ms=1 send_duration_ms=0 receive_duration_ms=3 total_duration_ms=5
[2026-02-03 01:12:53.740] [info] [spider.worker] [TIMING] worker_id=1f902afc-ec89-467f-a98b-64b46f06ec46 task_id=none get_next_task request_start=510415944 connect_end=510415945 send_end=510415945 receive_end=510415949 connect_duration_ms=1 send_duration_ms=0 receive_duration_ms=3 total_duration_ms=4
[2026-02-03 01:12:53.849] [info] [spider.worker] [TIMING] worker_id=1f902afc-ec89-467f-a98b-64b46f06ec46 task_id=none get_next_task request_start=510416051 connect_end=510416053 send_end=510416053 receive_end=510416057 connect_duration_ms=1 send_duration_ms=0 receive_duration_ms=4 total_duration_ms=5
[2026-02-03 01:12:53.957] [info] [spider.worker] [TIMING] worker_id=1f902afc-ec89-467f-a98b-64b46f06ec46 task_id=none get_next_task request_start=510416160 connect_end=510416161 send_end=510416161 receive_end=510416165 connect_duration_ms=1 send_duration_ms=0 receive_duration_ms=3 total_duration_ms=5
[2026-02-03 01:12:54.065] [info] [spider.worker] [TIMING] worker_id=1f902afc-ec89-467f-a98b-64b46f06ec46 task_id=none get_next_task request_start=510416267 connect_end=510416269 send_end=510416269 receive_end=510416273 connect_duration_ms=1 send_duration_ms=0 receive_duration_ms=4 total_duration_ms=5
[2026-02-03 01:12:54.174] [info] [spider.worker] [TIMING] worker_id=1f902afc-ec89-467f-a98b-64b46f06ec46 task_id=none get_next_task request_start=510416376 connect_end=510416378 send_end=510416378 receive_end=510416382 connect_duration_ms=1 send_duration_ms=0 receive_duration_ms=4 total_duration_ms=5
[2026-02-03 01:12:54.282] [info] [spider.worker] [TIMING] worker_id=1f902afc-ec89-467f-a98b-64b46f06ec46 task_id=none get_next_task request_start=510416485 connect_end=510416487 send_end=510416487 receive_end=510416491 connect_duration_ms=1 send_duration_ms=0 receive_duration_ms=3 total_duration_ms=5
[2026-02-03 01:12:54.391] [info] [spider.worker] [TIMING] worker_id=1f902afc-ec89-467f-a98b-64b46f06ec46 task_id=none get_next_task request_start=510416593 connect_end=510416595 send_end=510416595 receive_end=510416599 connect_duration_ms=1 send_duration_ms=0 receive_duration_ms=4 total_duration_ms=5
[2026-02-03 01:12:54.499] [info] [spider.worker] [TIMING] worker_id=1f902afc-ec89-467f-a98b-64b46f06ec46 task_id=none get_next_task request_start=510416702 connect_end=510416703 send_end=510416703 receive_end=510416707 connect_duration_ms=1 send_duration_ms=0 receive_duration_ms=3 total_duration_ms=5
[2026-02-03 01:12:54.608] [info] [spider.worker] [TIMING] worker_id=1f902afc-ec89-467f-a98b-64b46f06ec46 task_id=none get_next_task request_start=510416810 connect_end=510416812 send_end=510416812 receive_end=510416816 connect_duration_ms=1 send_duration_ms=0 receive_duration_ms=4 total_duration_ms=6
[2026-02-03 01:12:54.716] [info] [spider.worker] [TIMING] worker_id=1f902afc-ec89-467f-a98b-64b46f06ec46 task_id=none get_next_task request_start=510416919 connect_end=510416921 send_end=510416921 receive_end=510416925 connect_duration_ms=1 send_duration_ms=0 receive_duration_ms=4 total_duration_ms=5
[2026-02-03 01:12:54.825] [info] [spider.worker] [TIMING] worker_id=1f902afc-ec89-467f-a98b-64b46f06ec46 task_id=none get_next_task request_start=510417027 connect_end=510417029 send_end=510417029 receive_end=510417033 connect_duration_ms=1 send_duration_ms=0 receive_duration_ms=4 total_duration_ms=5
[2026-02-03 01:12:54.933] [info] [spider.worker] [TIMING] worker_id=1f902afc-ec89-467f-a98b-64b46f06ec46 task_id=none get_next_task request_start=510417136 connect_end=510417138 send_end=510417138 receive_end=510417142 connect_duration_ms=1 send_duration_ms=0 receive_duration_ms=4 total_duration_ms=5
[2026-02-03 01:12:55.042] [info] [spider.worker] [TIMING] worker_id=1f902afc-ec89-467f-a98b-64b46f06ec46 task_id=none get_next_task request_start=510417245 connect_end=510417247 send_end=510417247 receive_end=510417251 connect_duration_ms=1 send_duration_ms=0 receive_duration_ms=4 total_duration_ms=6
[2026-02-03 01:12:55.152] [info] [spider.worker] [TIMING] worker_id=1f902afc-ec89-467f-a98b-64b46f06ec46 task_id=none get_next_task request_start=510417354 connect_end=510417356 send_end=510417356 receive_end=510417360 connect_duration_ms=1 send_duration_ms=0 receive_duration_ms=4 total_duration_ms=6
[2026-02-03 01:12:55.259] [info] [spider.worker] [TIMING] worker_id=1f902afc-ec89-467f-a98b-64b46f06ec46 task_id=none get_next_task request_start=510417462 connect_end=510417464 send_end=510417464 receive_end=510417468 connect_duration_ms=1 send_duration_ms=0 receive_duration_ms=3 total_duration_ms=5
[2026-02-03 01:12:55.368] [info] [spider.worker] [TIMING] worker_id=1f902afc-ec89-467f-a98b-64b46f06ec46 task_id=none get_next_task request_start=510417570 connect_end=510417572 send_end=510417572 receive_end=510417576 connect_duration_ms=1 send_duration_ms=0 receive_duration_ms=4 total_duration_ms=5
[2026-02-03 01:12:55.477] [info] [spider.worker] [TIMING] worker_id=1f902afc-ec89-467f-a98b-64b46f06ec46 task_id=none get_next_task request_start=510417679 connect_end=510417681 send_end=510417681 receive_end=510417685 connect_duration_ms=1 send_duration_ms=0 receive_duration_ms=4 total_duration_ms=6
[2026-02-03 01:12:55.586] [info] [spider.worker] [TIMING] worker_id=1f902afc-ec89-467f-a98b-64b46f06ec46 task_id=none get_next_task request_start=510417788 connect_end=510417790 send_end=510417790 receive_end=510417794 connect_duration_ms=1 send_duration_ms=0 receive_duration_ms=4 total_duration_ms=6
[2026-02-03 01:12:55.694] [info] [spider.worker] [TIMING] worker_id=1f902afc-ec89-467f-a98b-64b46f06ec46 task_id=none get_next_task request_start=510417897 connect_end=510417898 send_end=510417898 receive_end=510417902 connect_duration_ms=1 send_duration_ms=0 receive_duration_ms=3 total_duration_ms=5
[2026-02-03 01:12:55.802] [info] [spider.worker] [TIMING] worker_id=1f902afc-ec89-467f-a98b-64b46f06ec46 task_id=none get_next_task request_start=510418005 connect_end=510418006 send_end=510418006 receive_end=510418010 connect_duration_ms=1 send_duration_ms=0 receive_duration_ms=4 total_duration_ms=5
[2026-02-03 01:12:55.910] [info] [spider.worker] [TIMING] worker_id=1f902afc-ec89-467f-a98b-64b46f06ec46 task_id=none get_next_task request_start=510418113 connect_end=510418114 send_end=510418114 receive_end=510418119 connect_duration_ms=1 send_duration_ms=0 receive_duration_ms=4 total_duration_ms=5
[2026-02-03 01:12:56.020] [info] [spider.worker] [TIMING] worker_id=1f902afc-ec89-467f-a98b-64b46f06ec46 task_id=none get_next_task request_start=510418222 connect_end=510418224 send_end=510418224 receive_end=510418229 connect_duration_ms=1 send_duration_ms=0 receive_duration_ms=4 total_duration_ms=6
[2026-02-03 01:12:56.129] [info] [spider.worker] [TIMING] worker_id=1f902afc-ec89-467f-a98b-64b46f06ec46 task_id=none get_next_task request_start=510418332 connect_end=510418333 send_end=510418333 receive_end=510418338 connect_duration_ms=1 send_duration_ms=0 receive_duration_ms=4 total_duration_ms=6
[2026-02-03 01:12:56.239] [info] [spider.worker] [TIMING] worker_id=1f902afc-ec89-467f-a98b-64b46f06ec46 task_id=none get_next_task request_start=510418440 connect_end=510418443 send_end=510418443 receive_end=510418447 connect_duration_ms=2 send_duration_ms=0 receive_duration_ms=4 total_duration_ms=6
[2026-02-03 01:12:56.349] [info] [spider.worker] [TIMING] worker_id=1f902afc-ec89-467f-a98b-64b46f06ec46 task_id=none get_next_task request_start=510418550 connect_end=510418552 send_end=510418552 receive_end=510418557 connect_duration_ms=1 send_duration_ms=0 receive_duration_ms=4 total_duration_ms=6
[2026-02-03 01:12:56.458] [info] [spider.worker] [TIMING] worker_id=1f902afc-ec89-467f-a98b-64b46f06ec46 task_id=none get_next_task request_start=510418660 connect_end=510418662 send_end=510418662 receive_end=510418666 connect_duration_ms=1 send_duration_ms=0 receive_duration_ms=4 total_duration_ms=5
[2026-02-03 01:12:56.566] [info] [spider.worker] [TIMING] worker_id=1f902afc-ec89-467f-a98b-64b46f06ec46 task_id=none get_next_task request_start=510418769 connect_end=510418771 send_end=510418771 receive_end=510418775 connect_duration_ms=1 send_duration_ms=0 receive_duration_ms=4 total_duration_ms=5
[2026-02-03 01:12:56.675] [info] [spider.worker] [TIMING] worker_id=1f902afc-ec89-467f-a98b-64b46f06ec46 task_id=none get_next_task request_start=510418877 connect_end=510418879 send_end=510418879 receive_end=510418883 connect_duration_ms=1 send_duration_ms=0 receive_duration_ms=3 total_duration_ms=5
[2026-02-03 01:12:56.780] [info] [spider.worker] [TIMING] worker_id=1f902afc-ec89-467f-a98b-64b46f06ec46 task_id=none get_next_task request_start=510418985 connect_end=510418986 send_end=510418986 receive_end=510418988 connect_duration_ms=1 send_duration_ms=0 receive_duration_ms=2 total_duration_ms=3
[2026-02-03 01:12:56.886] [info] [spider.worker] [TIMING] worker_id=1f902afc-ec89-467f-a98b-64b46f06ec46 task_id=none get_next_task request_start=510419091 connect_end=510419092 send_end=510419092 receive_end=510419094 connect_duration_ms=1 send_duration_ms=0 receive_duration_ms=2 total_duration_ms=3
[2026-02-03 01:12:56.995] [info] [spider.worker] [TIMING] worker_id=1f902afc-ec89-467f-a98b-64b46f06ec46 task_id=none get_next_task request_start=510419198 connect_end=510419199 send_end=510419199 receive_end=510419203 connect_duration_ms=1 send_duration_ms=0 receive_duration_ms=4 total_duration_ms=5
[2026-02-03 01:12:57.104] [info] [spider.worker] [TIMING] worker_id=1f902afc-ec89-467f-a98b-64b46f06ec46 task_id=none get_next_task request_start=510419306 connect_end=510419308 send_end=510419308 receive_end=510419312 connect_duration_ms=1 send_duration_ms=0 receive_duration_ms=4 total_duration_ms=6
[2026-02-03 01:12:57.210] [info] [spider.worker] [TIMING] worker_id=1f902afc-ec89-467f-a98b-64b46f06ec46 task_id=none get_next_task request_start=510419414 connect_end=510419416 send_end=510419416 receive_end=510419418 connect_duration_ms=1 send_duration_ms=0 receive_duration_ms=2 total_duration_ms=4
[2026-02-03 01:12:57.319] [info] [spider.worker] [TIMING] worker_id=1f902afc-ec89-467f-a98b-64b46f06ec46 task_id=none get_next_task request_start=510419521 connect_end=510419523 send_end=510419523 receive_end=510419527 connect_duration_ms=1 send_duration_ms=0 receive_duration_ms=4 total_duration_ms=6
[2026-02-03 01:12:57.427] [info] [spider.worker] [TIMING] worker_id=1f902afc-ec89-467f-a98b-64b46f06ec46 task_id=none get_next_task request_start=510419630 connect_end=510419632 send_end=510419632 receive_end=510419636 connect_duration_ms=1 send_duration_ms=0 receive_duration_ms=4 total_duration_ms=5
[2026-02-03 01:12:57.537] [info] [spider.worker] [TIMING] worker_id=1f902afc-ec89-467f-a98b-64b46f06ec46 task_id=none get_next_task request_start=510419738 connect_end=510419740 send_end=510419740 receive_end=510419745 connect_duration_ms=1 send_duration_ms=0 receive_duration_ms=4 total_duration_ms=6
[2026-02-03 01:12:57.645] [info] [spider.worker] [TIMING] worker_id=1f902afc-ec89-467f-a98b-64b46f06ec46 task_id=none get_next_task request_start=510419848 connect_end=510419849 send_end=510419849 receive_end=510419853 connect_duration_ms=1 send_duration_ms=0 receive_duration_ms=4 total_duration_ms=5
[2026-02-03 01:12:57.755] [info] [spider.worker] [TIMING] worker_id=1f902afc-ec89-467f-a98b-64b46f06ec46 task_id=none get_next_task request_start=510419956 connect_end=510419958 send_end=510419958 receive_end=510419963 connect_duration_ms=1 send_duration_ms=0 receive_duration_ms=4 total_duration_ms=6
[2026-02-03 01:12:57.864] [info] [spider.worker] [TIMING] worker_id=1f902afc-ec89-467f-a98b-64b46f06ec46 task_id=none get_next_task request_start=510420066 connect_end=510420068 send_end=510420068 receive_end=510420072 connect_duration_ms=1 send_duration_ms=0 receive_duration_ms=4 total_duration_ms=6
[2026-02-03 01:12:57.973] [info] [spider.worker] [TIMING] worker_id=1f902afc-ec89-467f-a98b-64b46f06ec46 task_id=none get_next_task request_start=510420175 connect_end=510420177 send_end=510420177 receive_end=510420181 connect_duration_ms=1 send_duration_ms=0 receive_duration_ms=4 total_duration_ms=6
[2026-02-03 01:12:58.082] [info] [spider.worker] [TIMING] worker_id=1f902afc-ec89-467f-a98b-64b46f06ec46 task_id=none get_next_task request_start=510420284 connect_end=510420286 send_end=510420286 receive_end=510420291 connect_duration_ms=1 send_duration_ms=0 receive_duration_ms=4 total_duration_ms=6
[2026-02-03 01:12:58.191] [info] [spider.worker] [TIMING] worker_id=1f902afc-ec89-467f-a98b-64b46f06ec46 task_id=none get_next_task request_start=510420393 connect_end=510420395 send_end=510420395 receive_end=510420399 connect_duration_ms=1 send_duration_ms=0 receive_duration_ms=4 total_duration_ms=5
[2026-02-03 01:12:58.299] [info] [spider.worker] [TIMING] worker_id=1f902afc-ec89-467f-a98b-64b46f06ec46 task_id=none get_next_task request_start=510420501 connect_end=510420503 send_end=510420503 receive_end=510420507 connect_duration_ms=1 send_duration_ms=0 receive_duration_ms=4 total_duration_ms=5
[2026-02-03 01:12:58.407] [info] [spider.worker] [TIMING] worker_id=1f902afc-ec89-467f-a98b-64b46f06ec46 task_id=none get_next_task request_start=510420610 connect_end=510420612 send_end=510420612 receive_end=510420616 connect_duration_ms=1 send_duration_ms=0 receive_duration_ms=3 total_duration_ms=5
[2026-02-03 01:12:58.516] [info] [spider.worker] [TIMING] worker_id=1f902afc-ec89-467f-a98b-64b46f06ec46 task_id=none get_next_task request_start=510420718 connect_end=510420720 send_end=510420720 receive_end=510420724 connect_duration_ms=1 send_duration_ms=0 receive_duration_ms=3 total_duration_ms=5
[2026-02-03 01:12:58.625] [info] [spider.worker] [TIMING] worker_id=1f902afc-ec89-467f-a98b-64b46f06ec46 task_id=none get_next_task request_start=510420827 connect_end=510420829 send_end=510420829 receive_end=510420833 connect_duration_ms=1 send_duration_ms=0 receive_duration_ms=4 total_duration_ms=6
[2026-02-03 01:12:58.744] [info] [spider.worker] [TIMING] worker_id=1f902afc-ec89-467f-a98b-64b46f06ec46 task_id=none get_next_task request_start=510420936 connect_end=510420938 send_end=510420938 receive_end=510420952 connect_duration_ms=1 send_duration_ms=0 receive_duration_ms=14 total_duration_ms=15
[2026-02-03 01:12:58.852] [info] [spider.worker] [TIMING] worker_id=1f902afc-ec89-467f-a98b-64b46f06ec46 task_id=none get_next_task request_start=510421054 connect_end=510421056 send_end=510421056 receive_end=510421060 connect_duration_ms=1 send_duration_ms=0 receive_duration_ms=4 total_duration_ms=5
[2026-02-03 01:12:58.961] [info] [spider.worker] [TIMING] worker_id=1f902afc-ec89-467f-a98b-64b46f06ec46 task_id=none get_next_task request_start=510421163 connect_end=510421165 send_end=510421165 receive_end=510421169 connect_duration_ms=2 send_duration_ms=0 receive_duration_ms=4 total_duration_ms=6
[2026-02-03 01:12:59.070] [info] [spider.worker] [TIMING] worker_id=1f902afc-ec89-467f-a98b-64b46f06ec46 task_id=none get_next_task request_start=510421272 connect_end=510421274 send_end=510421274 receive_end=510421278 connect_duration_ms=1 send_duration_ms=0 receive_duration_ms=4 total_duration_ms=6
[2026-02-03 01:12:59.179] [info] [spider.worker] [TIMING] worker_id=1f902afc-ec89-467f-a98b-64b46f06ec46 task_id=none get_next_task request_start=510421381 connect_end=510421383 send_end=510421383 receive_end=510421387 connect_duration_ms=1 send_duration_ms=0 receive_duration_ms=4 total_duration_ms=6
[2026-02-03 01:12:59.289] [info] [spider.worker] [TIMING] worker_id=1f902afc-ec89-467f-a98b-64b46f06ec46 task_id=none get_next_task request_start=510421491 connect_end=510421493 send_end=510421493 receive_end=510421498 connect_duration_ms=2 send_duration_ms=0 receive_duration_ms=4 total_duration_ms=7
[2026-02-03 01:12:59.398] [info] [spider.worker] [TIMING] worker_id=1f902afc-ec89-467f-a98b-64b46f06ec46 task_id=none get_next_task request_start=510421600 connect_end=510421602 send_end=510421602 receive_end=510421606 connect_duration_ms=1 send_duration_ms=0 receive_duration_ms=4 total_duration_ms=5
[2026-02-03 01:12:59.507] [info] [spider.worker] [TIMING] worker_id=1f902afc-ec89-467f-a98b-64b46f06ec46 task_id=none get_next_task request_start=510421709 connect_end=510421711 send_end=510421711 receive_end=510421716 connect_duration_ms=1 send_duration_ms=0 receive_duration_ms=4 total_duration_ms=6
[2026-02-03 01:12:59.616] [info] [spider.worker] [TIMING] worker_id=1f902afc-ec89-467f-a98b-64b46f06ec46 task_id=none get_next_task request_start=510421819 connect_end=510421820 send_end=510421820 receive_end=510421825 connect_duration_ms=1 send_duration_ms=0 receive_duration_ms=4 total_duration_ms=6
[2026-02-03 01:12:59.725] [info] [spider.worker] [TIMING] worker_id=1f902afc-ec89-467f-a98b-64b46f06ec46 task_id=none get_next_task request_start=510421927 connect_end=510421929 send_end=510421929 receive_end=510421933 connect_duration_ms=1 send_duration_ms=0 receive_duration_ms=4 total_duration_ms=5
[2026-02-03 01:12:59.835] [info] [spider.worker] [TIMING] worker_id=1f902afc-ec89-467f-a98b-64b46f06ec46 task_id=none get_next_task request_start=510422037 connect_end=510422039 send_end=510422039 receive_end=510422043 connect_duration_ms=2 send_duration_ms=0 receive_duration_ms=4 total_duration_ms=6
[2026-02-03 01:12:59.943] [info] [spider.worker] [TIMING] worker_id=1f902afc-ec89-467f-a98b-64b46f06ec46 task_id=none get_next_task request_start=510422146 connect_end=510422148 send_end=510422148 receive_end=510422152 connect_duration_ms=1 send_duration_ms=0 receive_duration_ms=4 total_duration_ms=5
[2026-02-03 01:13:00.052] [info] [spider.worker] [TIMING] worker_id=1f902afc-ec89-467f-a98b-64b46f06ec46 task_id=none get_next_task request_start=510422254 connect_end=510422256 send_end=510422256 receive_end=510422260 connect_duration_ms=1 send_duration_ms=0 receive_duration_ms=4 total_duration_ms=5
[2026-02-03 01:13:00.161] [info] [spider.worker] [TIMING] worker_id=1f902afc-ec89-467f-a98b-64b46f06ec46 task_id=none get_next_task request_start=510422363 connect_end=510422365 send_end=510422365 receive_end=510422370 connect_duration_ms=1 send_duration_ms=0 receive_duration_ms=4 total_duration_ms=6
[2026-02-03 01:13:00.270] [info] [spider.worker] [TIMING] worker_id=1f902afc-ec89-467f-a98b-64b46f06ec46 task_id=none get_next_task request_start=510422473 connect_end=510422474 send_end=510422474 receive_end=510422478 connect_duration_ms=1 send_duration_ms=0 receive_duration_ms=4 total_duration_ms=5
[2026-02-03 01:13:00.379] [info] [spider.worker] [TIMING] worker_id=1f902afc-ec89-467f-a98b-64b46f06ec46 task_id=none get_next_task request_start=510422581 connect_end=510422583 send_end=510422583 receive_end=510422587 connect_duration_ms=1 send_duration_ms=0 receive_duration_ms=3 total_duration_ms=5
[2026-02-03 01:13:00.488] [info] [spider.worker] [TIMING] worker_id=1f902afc-ec89-467f-a98b-64b46f06ec46 task_id=none get_next_task request_start=510422690 connect_end=510422692 send_end=510422692 receive_end=510422696 connect_duration_ms=2 send_duration_ms=0 receive_duration_ms=4 total_duration_ms=6
[2026-02-03 01:13:00.596] [info] [spider.worker] [TIMING] worker_id=1f902afc-ec89-467f-a98b-64b46f06ec46 task_id=none get_next_task request_start=510422799 connect_end=510422801 send_end=510422801 receive_end=510422805 connect_duration_ms=1 send_duration_ms=0 receive_duration_ms=4 total_duration_ms=5
[2026-02-03 01:13:00.705] [info] [spider.worker] [TIMING] worker_id=1f902afc-ec89-467f-a98b-64b46f06ec46 task_id=none get_next_task request_start=510422907 connect_end=510422909 send_end=510422909 receive_end=510422914 connect_duration_ms=1 send_duration_ms=0 receive_duration_ms=4 total_duration_ms=6
[2026-02-03 01:13:00.814] [info] [spider.worker] [TIMING] worker_id=1f902afc-ec89-467f-a98b-64b46f06ec46 task_id=none get_next_task request_start=510423017 connect_end=510423018 send_end=510423018 receive_end=510423023 connect_duration_ms=1 send_duration_ms=0 receive_duration_ms=4 total_duration_ms=6
[2026-02-03 01:13:00.923] [info] [spider.worker] [TIMING] worker_id=1f902afc-ec89-467f-a98b-64b46f06ec46 task_id=none get_next_task request_start=510423126 connect_end=510423127 send_end=510423127 receive_end=510423132 connect_duration_ms=1 send_duration_ms=0 receive_duration_ms=4 total_duration_ms=5
[2026-02-03 01:13:01.033] [info] [spider.worker] [TIMING] worker_id=1f902afc-ec89-467f-a98b-64b46f06ec46 task_id=none get_next_task request_start=510423235 connect_end=510423237 send_end=510423237 receive_end=510423241 connect_duration_ms=2 send_duration_ms=0 receive_duration_ms=4 total_duration_ms=6
[2026-02-03 01:13:01.142] [info] [spider.worker] [TIMING] worker_id=1f902afc-ec89-467f-a98b-64b46f06ec46 task_id=none get_next_task request_start=510423344 connect_end=510423346 send_end=510423346 receive_end=510423351 connect_duration_ms=1 send_duration_ms=0 receive_duration_ms=4 total_duration_ms=6
[2026-02-03 01:13:01.251] [info] [spider.worker] [TIMING] worker_id=1f902afc-ec89-467f-a98b-64b46f06ec46 task_id=none get_next_task request_start=510423453 connect_end=510423455 send_end=510423455 receive_end=510423459 connect_duration_ms=1 send_duration_ms=0 receive_duration_ms=4 total_duration_ms=5
[2026-02-03 01:13:01.360] [info] [spider.worker] [TIMING] worker_id=1f902afc-ec89-467f-a98b-64b46f06ec46 task_id=none get_next_task request_start=510423562 connect_end=510423564 send_end=510423564 receive_end=510423568 connect_duration_ms=1 send_duration_ms=0 receive_duration_ms=4 total_duration_ms=6
[2026-02-03 01:13:01.468] [info] [spider.worker] [TIMING] worker_id=1f902afc-ec89-467f-a98b-64b46f06ec46 task_id=none get_next_task request_start=510423671 connect_end=510423672 send_end=510423672 receive_end=510423677 connect_duration_ms=1 send_duration_ms=0 receive_duration_ms=4 total_duration_ms=5
[2026-02-03 01:13:01.579] [info] [spider.worker] [TIMING] worker_id=1f902afc-ec89-467f-a98b-64b46f06ec46 task_id=none get_next_task request_start=510423780 connect_end=510423782 send_end=510423782 receive_end=510423787 connect_duration_ms=1 send_duration_ms=0 receive_duration_ms=4 total_duration_ms=6
[2026-02-03 01:13:01.688] [info] [spider.worker] [TIMING] worker_id=1f902afc-ec89-467f-a98b-64b46f06ec46 task_id=none get_next_task request_start=510423890 connect_end=510423892 send_end=510423892 receive_end=510423896 connect_duration_ms=1 send_duration_ms=0 receive_duration_ms=4 total_duration_ms=6
[2026-02-03 01:13:01.797] [info] [spider.worker] [TIMING] worker_id=1f902afc-ec89-467f-a98b-64b46f06ec46 task_id=none get_next_task request_start=510423999 connect_end=510424001 send_end=510424001 receive_end=510424005 connect_duration_ms=1 send_duration_ms=0 receive_duration_ms=4 total_duration_ms=6
[2026-02-03 01:13:01.905] [info] [spider.worker] [TIMING] worker_id=1f902afc-ec89-467f-a98b-64b46f06ec46 task_id=none get_next_task request_start=510424108 connect_end=510424109 send_end=510424109 receive_end=510424114 connect_duration_ms=1 send_duration_ms=0 receive_duration_ms=4 total_duration_ms=5
[2026-02-03 01:13:02.012] [info] [spider.worker] [TIMING] worker_id=1f902afc-ec89-467f-a98b-64b46f06ec46 task_id=none get_next_task request_start=510424215 connect_end=510424217 send_end=510424217 receive_end=510424220 connect_duration_ms=1 send_duration_ms=0 receive_duration_ms=3 total_duration_ms=4
[2026-02-03 01:13:02.120] [info] [spider.worker] [TIMING] worker_id=1f902afc-ec89-467f-a98b-64b46f06ec46 task_id=none get_next_task request_start=510424323 connect_end=510424324 send_end=510424324 receive_end=510424329 connect_duration_ms=1 send_duration_ms=0 receive_duration_ms=4 total_duration_ms=5
[2026-02-03 01:13:02.231] [info] [spider.worker] [TIMING] worker_id=1f902afc-ec89-467f-a98b-64b46f06ec46 task_id=none get_next_task request_start=510424432 connect_end=510424433 send_end=510424433 receive_end=510424440 connect_duration_ms=1 send_duration_ms=0 receive_duration_ms=6 total_duration_ms=7
[2026-02-03 01:13:02.340] [info] [spider.worker] [TIMING] worker_id=1f902afc-ec89-467f-a98b-64b46f06ec46 task_id=none get_next_task request_start=510424542 connect_end=510424544 send_end=510424544 receive_end=510424548 connect_duration_ms=1 send_duration_ms=0 receive_duration_ms=4 total_duration_ms=6
[2026-02-03 01:13:02.449] [info] [spider.worker] [TIMING] worker_id=1f902afc-ec89-467f-a98b-64b46f06ec46 task_id=none get_next_task request_start=510424652 connect_end=510424654 send_end=510424654 receive_end=510424658 connect_duration_ms=2 send_duration_ms=0 receive_duration_ms=4 total_duration_ms=6
[2026-02-03 01:13:02.558] [info] [spider.worker] [TIMING] worker_id=1f902afc-ec89-467f-a98b-64b46f06ec46 task_id=none get_next_task request_start=510424761 connect_end=510424763 send_end=510424763 receive_end=510424767 connect_duration_ms=1 send_duration_ms=0 receive_duration_ms=4 total_duration_ms=5
[2026-02-03 01:13:02.668] [info] [spider.worker] [TIMING] worker_id=1f902afc-ec89-467f-a98b-64b46f06ec46 task_id=none get_next_task request_start=510424870 connect_end=510424872 send_end=510424872 receive_end=510424876 connect_duration_ms=1 send_duration_ms=0 receive_duration_ms=4 total_duration_ms=6
[2026-02-03 01:13:02.777] [info] [spider.worker] [TIMING] worker_id=1f902afc-ec89-467f-a98b-64b46f06ec46 task_id=none get_next_task request_start=510424979 connect_end=510424981 send_end=510424981 receive_end=510424985 connect_duration_ms=2 send_duration_ms=0 receive_duration_ms=4 total_duration_ms=6
[2026-02-03 01:13:02.886] [info] [spider.worker] [TIMING] worker_id=1f902afc-ec89-467f-a98b-64b46f06ec46 task_id=none get_next_task request_start=510425088 connect_end=510425090 send_end=510425090 receive_end=510425094 connect_duration_ms=1 send_duration_ms=0 receive_duration_ms=4 total_duration_ms=6
[2026-02-03 01:13:02.994] [info] [spider.worker] [TIMING] worker_id=1f902afc-ec89-467f-a98b-64b46f06ec46 task_id=none get_next_task request_start=510425197 connect_end=510425198 send_end=510425198 receive_end=510425202 connect_duration_ms=1 send_duration_ms=0 receive_duration_ms=3 total_duration_ms=5
[2026-02-03 01:13:03.103] [info] [spider.worker] [TIMING] worker_id=1f902afc-ec89-467f-a98b-64b46f06ec46 task_id=none get_next_task request_start=510425305 connect_end=510425307 send_end=510425307 receive_end=510425311 connect_duration_ms=1 send_duration_ms=0 receive_duration_ms=3 total_duration_ms=5
[2026-02-03 01:13:03.209] [info] [spider.worker] [TIMING] worker_id=1f902afc-ec89-467f-a98b-64b46f06ec46 task_id=none get_next_task request_start=510425413 connect_end=510425414 send_end=510425414 receive_end=510425417 connect_duration_ms=0 send_duration_ms=0 receive_duration_ms=3 total_duration_ms=4
[2026-02-03 01:13:03.318] [info] [spider.worker] [TIMING] worker_id=1f902afc-ec89-467f-a98b-64b46f06ec46 task_id=none get_next_task request_start=510425520 connect_end=510425522 send_end=510425522 receive_end=510425526 connect_duration_ms=1 send_duration_ms=0 receive_duration_ms=4 total_duration_ms=5
[2026-02-03 01:13:03.427] [info] [spider.worker] [TIMING] worker_id=1f902afc-ec89-467f-a98b-64b46f06ec46 task_id=none get_next_task request_start=510425629 connect_end=510425631 send_end=510425631 receive_end=510425635 connect_duration_ms=1 send_duration_ms=0 receive_duration_ms=4 total_duration_ms=5
[2026-02-03 01:13:03.537] [info] [spider.worker] [TIMING] worker_id=1f902afc-ec89-467f-a98b-64b46f06ec46 task_id=none get_next_task request_start=510425738 connect_end=510425739 send_end=510425739 receive_end=510425745 connect_duration_ms=1 send_duration_ms=0 receive_duration_ms=6 total_duration_ms=7
[2026-02-03 01:13:03.646] [info] [spider.worker] [TIMING] worker_id=1f902afc-ec89-467f-a98b-64b46f06ec46 task_id=none get_next_task request_start=510425848 connect_end=510425850 send_end=510425850 receive_end=510425855 connect_duration_ms=1 send_duration_ms=0 receive_duration_ms=4 total_duration_ms=6
[2026-02-03 01:13:03.755] [info] [spider.worker] [TIMING] worker_id=1f902afc-ec89-467f-a98b-64b46f06ec46 task_id=none get_next_task request_start=510425958 connect_end=510425959 send_end=510425959 receive_end=510425963 connect_duration_ms=1 send_duration_ms=0 receive_duration_ms=3 total_duration_ms=5
[2026-02-03 01:13:03.864] [info] [spider.worker] [TIMING] worker_id=1f902afc-ec89-467f-a98b-64b46f06ec46 task_id=none get_next_task request_start=510426066 connect_end=510426068 send_end=510426068 receive_end=510426072 connect_duration_ms=1 send_duration_ms=0 receive_duration_ms=4 total_duration_ms=6
[2026-02-03 01:13:03.972] [info] [spider.worker] [TIMING] worker_id=1f902afc-ec89-467f-a98b-64b46f06ec46 task_id=none get_next_task request_start=510426175 connect_end=510426177 send_end=510426177 receive_end=510426181 connect_duration_ms=1 send_duration_ms=0 receive_duration_ms=4 total_duration_ms=5
[2026-02-03 01:13:04.081] [info] [spider.worker] [TIMING] worker_id=1f902afc-ec89-467f-a98b-64b46f06ec46 task_id=none get_next_task request_start=510426283 connect_end=510426285 send_end=510426285 receive_end=510426290 connect_duration_ms=1 send_duration_ms=0 receive_duration_ms=4 total_duration_ms=6
[2026-02-03 01:13:04.190] [info] [spider.worker] [TIMING] worker_id=1f902afc-ec89-467f-a98b-64b46f06ec46 task_id=none get_next_task request_start=510426392 connect_end=510426394 send_end=510426394 receive_end=510426398 connect_duration_ms=1 send_duration_ms=0 receive_duration_ms=4 total_duration_ms=5
[2026-02-03 01:13:04.299] [info] [spider.worker] [TIMING] worker_id=1f902afc-ec89-467f-a98b-64b46f06ec46 task_id=none get_next_task request_start=510426501 connect_end=510426503 send_end=510426503 receive_end=510426507 connect_duration_ms=1 send_duration_ms=0 receive_duration_ms=4 total_duration_ms=6
[2026-02-03 01:13:04.407] [info] [spider.worker] [TIMING] worker_id=1f902afc-ec89-467f-a98b-64b46f06ec46 task_id=none get_next_task request_start=510426610 connect_end=510426611 send_end=510426611 receive_end=510426615 connect_duration_ms=1 send_duration_ms=0 receive_duration_ms=4 total_duration_ms=5
[2026-02-03 01:13:04.516] [info] [spider.worker] [TIMING] worker_id=1f902afc-ec89-467f-a98b-64b46f06ec46 task_id=none get_next_task request_start=510426718 connect_end=510426720 send_end=510426720 receive_end=510426724 connect_duration_ms=1 send_duration_ms=0 receive_duration_ms=4 total_duration_ms=6
[2026-02-03 01:13:04.625] [info] [spider.worker] [TIMING] worker_id=1f902afc-ec89-467f-a98b-64b46f06ec46 task_id=none get_next_task request_start=510426827 connect_end=510426829 send_end=510426829 receive_end=510426833 connect_duration_ms=1 send_duration_ms=0 receive_duration_ms=4 total_duration_ms=6
[2026-02-03 01:13:04.734] [info] [spider.worker] [TIMING] worker_id=1f902afc-ec89-467f-a98b-64b46f06ec46 task_id=none get_next_task request_start=510426936 connect_end=510426938 send_end=510426938 receive_end=510426942 connect_duration_ms=2 send_duration_ms=0 receive_duration_ms=4 total_duration_ms=6
[2026-02-03 01:13:04.842] [info] [spider.worker] [TIMING] worker_id=1f902afc-ec89-467f-a98b-64b46f06ec46 task_id=none get_next_task request_start=510427045 connect_end=510427047 send_end=510427047 receive_end=510427051 connect_duration_ms=1 send_duration_ms=0 receive_duration_ms=4 total_duration_ms=5
[2026-02-03 01:13:04.950] [info] [spider.worker] [TIMING] worker_id=1f902afc-ec89-467f-a98b-64b46f06ec46 task_id=none get_next_task request_start=510427153 connect_end=510427155 send_end=510427155 receive_end=510427159 connect_duration_ms=1 send_duration_ms=0 receive_duration_ms=3 total_duration_ms=5
[2026-02-03 01:13:05.059] [info] [spider.worker] [TIMING] worker_id=1f902afc-ec89-467f-a98b-64b46f06ec46 task_id=none get_next_task request_start=510427261 connect_end=510427263 send_end=510427263 receive_end=510427267 connect_duration_ms=1 send_duration_ms=0 receive_duration_ms=4 total_duration_ms=5
[2026-02-03 01:13:05.168] [info] [spider.worker] [TIMING] worker_id=1f902afc-ec89-467f-a98b-64b46f06ec46 task_id=none get_next_task request_start=510427370 connect_end=510427372 send_end=510427372 receive_end=510427376 connect_duration_ms=1 send_duration_ms=0 receive_duration_ms=4 total_duration_ms=6
[2026-02-03 01:13:05.276] [info] [spider.worker] [TIMING] worker_id=1f902afc-ec89-467f-a98b-64b46f06ec46 task_id=none get_next_task request_start=510427479 connect_end=510427480 send_end=510427480 receive_end=510427484 connect_duration_ms=1 send_duration_ms=0 receive_duration_ms=3 total_duration_ms=5
[2026-02-03 01:13:05.384] [info] [spider.worker] [TIMING] worker_id=1f902afc-ec89-467f-a98b-64b46f06ec46 task_id=none get_next_task request_start=510427587 connect_end=510427588 send_end=510427588 receive_end=510427592 connect_duration_ms=1 send_duration_ms=0 receive_duration_ms=3 total_duration_ms=5
[2026-02-03 01:13:05.492] [info] [spider.worker] [TIMING] worker_id=1f902afc-ec89-467f-a98b-64b46f06ec46 task_id=none get_next_task request_start=510427695 connect_end=510427696 send_end=510427696 receive_end=510427700 connect_duration_ms=1 send_duration_ms=0 receive_duration_ms=3 total_duration_ms=5
[2026-02-03 01:13:05.600] [info] [spider.worker] [TIMING] worker_id=1f902afc-ec89-467f-a98b-64b46f06ec46 task_id=none get_next_task request_start=510427803 connect_end=510427805 send_end=510427805 receive_end=510427809 connect_duration_ms=1 send_duration_ms=0 receive_duration_ms=4 total_duration_ms=5
[2026-02-03 01:13:05.709] [info] [spider.worker] [TIMING] worker_id=1f902afc-ec89-467f-a98b-64b46f06ec46 task_id=none get_next_task request_start=510427911 connect_end=510427913 send_end=510427913 receive_end=510427917 connect_duration_ms=1 send_duration_ms=0 receive_duration_ms=4 total_duration_ms=5
[2026-02-03 01:13:05.817] [info] [spider.worker] [TIMING] worker_id=1f902afc-ec89-467f-a98b-64b46f06ec46 task_id=none get_next_task request_start=510428020 connect_end=510428021 send_end=510428022 receive_end=510428026 connect_duration_ms=1 send_duration_ms=0 receive_duration_ms=4 total_duration_ms=5
[2026-02-03 01:13:05.926] [info] [spider.worker] [TIMING] worker_id=1f902afc-ec89-467f-a98b-64b46f06ec46 task_id=none get_next_task request_start=510428128 connect_end=510428130 send_end=510428130 receive_end=510428134 connect_duration_ms=1 send_duration_ms=0 receive_duration_ms=4 total_duration_ms=5
[2026-02-03 01:13:06.031] [info] [spider.worker] [TIMING] worker_id=1f902afc-ec89-467f-a98b-64b46f06ec46 task_id=none get_next_task request_start=510428236 connect_end=510428238 send_end=510428238 receive_end=510428240 connect_duration_ms=1 send_duration_ms=0 receive_duration_ms=2 total_duration_ms=3
[2026-02-03 01:13:06.139] [info] [spider.worker] [TIMING] worker_id=1f902afc-ec89-467f-a98b-64b46f06ec46 task_id=none get_next_task request_start=510428342 connect_end=510428344 send_end=510428344 receive_end=510428347 connect_duration_ms=1 send_duration_ms=0 receive_duration_ms=2 total_duration_ms=4
[2026-02-03 01:13:06.246] [info] [spider.worker] [TIMING] worker_id=1f902afc-ec89-467f-a98b-64b46f06ec46 task_id=none get_next_task request_start=510428449 connect_end=510428451 send_end=510428451 receive_end=510428455 connect_duration_ms=1 send_duration_ms=0 receive_duration_ms=3 total_duration_ms=5
[2026-02-03 01:13:06.355] [info] [spider.worker] [TIMING] worker_id=1f902afc-ec89-467f-a98b-64b46f06ec46 task_id=none get_next_task request_start=510428558 connect_end=510428559 send_end=510428560 receive_end=510428564 connect_duration_ms=1 send_duration_ms=0 receive_duration_ms=3 total_duration_ms=5
[2026-02-03 01:13:06.463] [info] [spider.worker] [TIMING] worker_id=1f902afc-ec89-467f-a98b-64b46f06ec46 task_id=none get_next_task request_start=510428666 connect_end=510428667 send_end=510428667 receive_end=510428671 connect_duration_ms=1 send_duration_ms=0 receive_duration_ms=3 total_duration_ms=5
[2026-02-03 01:13:06.571] [info] [spider.worker] [TIMING] worker_id=1f902afc-ec89-467f-a98b-64b46f06ec46 task_id=none get_next_task request_start=510428774 connect_end=510428775 send_end=510428775 receive_end=510428779 connect_duration_ms=1 send_duration_ms=0 receive_duration_ms=3 total_duration_ms=5
[2026-02-03 01:13:06.679] [info] [spider.worker] [TIMING] worker_id=1f902afc-ec89-467f-a98b-64b46f06ec46 task_id=none get_next_task request_start=510428882 connect_end=510428883 send_end=510428883 receive_end=510428887 connect_duration_ms=1 send_duration_ms=0 receive_duration_ms=3 total_duration_ms=5
[2026-02-03 01:13:06.787] [info] [spider.worker] [TIMING] worker_id=1f902afc-ec89-467f-a98b-64b46f06ec46 task_id=none get_next_task request_start=510428990 connect_end=510428992 send_end=510428992 receive_end=510428996 connect_duration_ms=1 send_duration_ms=0 receive_duration_ms=4 total_duration_ms=5
[2026-02-03 01:13:06.896] [info] [spider.worker] [TIMING] worker_id=1f902afc-ec89-467f-a98b-64b46f06ec46 task_id=none get_next_task request_start=510429098 connect_end=510429100 send_end=510429100 receive_end=510429104 connect_duration_ms=1 send_duration_ms=0 receive_duration_ms=3 total_duration_ms=5
[2026-02-03 01:13:07.003] [info] [spider.worker] [TIMING] worker_id=1f902afc-ec89-467f-a98b-64b46f06ec46 task_id=none get_next_task request_start=510429206 connect_end=510429207 send_end=510429207 receive_end=510429211 connect_duration_ms=1 send_duration_ms=0 receive_duration_ms=3 total_duration_ms=4
[2026-02-03 01:13:07.110] [info] [spider.worker] [TIMING] worker_id=1f902afc-ec89-467f-a98b-64b46f06ec46 task_id=none get_next_task request_start=510429313 connect_end=510429315 send_end=510429315 receive_end=510429319 connect_duration_ms=1 send_duration_ms=0 receive_duration_ms=3 total_duration_ms=5
[2026-02-03 01:13:07.218] [info] [spider.worker] [TIMING] worker_id=1f902afc-ec89-467f-a98b-64b46f06ec46 task_id=none get_next_task request_start=510429421 connect_end=510429423 send_end=510429423 receive_end=510429427 connect_duration_ms=1 send_duration_ms=0 receive_duration_ms=3 total_duration_ms=5
[2026-02-03 01:13:07.326] [info] [spider.worker] [TIMING] worker_id=1f902afc-ec89-467f-a98b-64b46f06ec46 task_id=none get_next_task request_start=510429529 connect_end=510429530 send_end=510429530 receive_end=510429534 connect_duration_ms=1 send_duration_ms=0 receive_duration_ms=3 total_duration_ms=5
[2026-02-03 01:13:07.434] [info] [spider.worker] [TIMING] worker_id=1f902afc-ec89-467f-a98b-64b46f06ec46 task_id=none get_next_task request_start=510429637 connect_end=510429639 send_end=510429639 receive_end=510429643 connect_duration_ms=1 send_duration_ms=0 receive_duration_ms=3 total_duration_ms=5
[2026-02-03 01:13:07.544] [info] [spider.worker] [TIMING] worker_id=1f902afc-ec89-467f-a98b-64b46f06ec46 task_id=none get_next_task request_start=510429745 connect_end=510429747 send_end=510429747 receive_end=510429752 connect_duration_ms=1 send_duration_ms=0 receive_duration_ms=5 total_duration_ms=6
[2026-02-03 01:13:07.652] [info] [spider.worker] [TIMING] worker_id=1f902afc-ec89-467f-a98b-64b46f06ec46 task_id=none get_next_task request_start=510429855 connect_end=510429856 send_end=510429856 receive_end=510429861 connect_duration_ms=1 send_duration_ms=0 receive_duration_ms=4 total_duration_ms=6
[2026-02-03 01:13:07.760] [info] [spider.worker] [TIMING] worker_id=1f902afc-ec89-467f-a98b-64b46f06ec46 task_id=none get_next_task request_start=510429963 connect_end=510429965 send_end=510429965 receive_end=510429968 connect_duration_ms=1 send_duration_ms=0 receive_duration_ms=3 total_duration_ms=5
[2026-02-03 01:13:07.875] [info] [spider.worker] [TIMING] worker_id=1f902afc-ec89-467f-a98b-64b46f06ec46 task_id=none get_next_task request_start=510430071 connect_end=510430073 send_end=510430073 receive_end=510430084 connect_duration_ms=1 send_duration_ms=0 receive_duration_ms=11 total_duration_ms=12
[2026-02-03 01:13:07.986] [info] [spider.worker] [TIMING] worker_id=1f902afc-ec89-467f-a98b-64b46f06ec46 task_id=none get_next_task request_start=510430186 connect_end=510430188 send_end=510430188 receive_end=510430194 connect_duration_ms=1 send_duration_ms=0 receive_duration_ms=6 total_duration_ms=8
[2026-02-03 01:13:08.095] [info] [spider.worker] [TIMING] worker_id=1f902afc-ec89-467f-a98b-64b46f06ec46 task_id=none get_next_task request_start=510430297 connect_end=510430298 send_end=510430298 receive_end=510430303 connect_duration_ms=1 send_duration_ms=0 receive_duration_ms=4 total_duration_ms=6
[2026-02-03 01:13:08.204] [info] [spider.worker] [TIMING] worker_id=1f902afc-ec89-467f-a98b-64b46f06ec46 task_id=none get_next_task request_start=510430406 connect_end=510430407 send_end=510430407 receive_end=510430412 connect_duration_ms=1 send_duration_ms=0 receive_duration_ms=4 total_duration_ms=5
[2026-02-03 01:13:08.314] [info] [spider.worker] [TIMING] worker_id=1f902afc-ec89-467f-a98b-64b46f06ec46 task_id=none get_next_task request_start=510430515 connect_end=510430516 send_end=510430516 receive_end=510430522 connect_duration_ms=1 send_duration_ms=0 receive_duration_ms=5 total_duration_ms=7
[2026-02-03 01:13:08.424] [info] [spider.worker] [TIMING] worker_id=1f902afc-ec89-467f-a98b-64b46f06ec46 task_id=none get_next_task request_start=5