[2026-02-03 01:10:37.182] [warning] [spider.worker] Prefer using `SPIDER_STORAGE_URL` environment variable over `--storage_url` argument.
[2026-02-03 01:10:37.390] [info] [spider.worker] [TIMING] worker_id=7dda5562-a36c-47d3-bb98-3789c41bd55a task_id=none get_next_task request_start=510279567 connect_end=510279569 send_end=510279569 receive_end=510279599 connect_duration_ms=1 send_duration_ms=0 receive_duration_ms=30 total_duration_ms=31
[2026-02-03 01:10:37.502] [info] [spider.worker] [TIMING] worker_id=7dda5562-a36c-47d3-bb98-3789c41bd55a task_id=none get_next_task request_start=510279701 connect_end=510279701 send_end=510279701 receive_end=510279711 connect_duration_ms=0 send_duration_ms=0 receive_duration_ms=9 total_duration_ms=10
[2026-02-03 01:10:37.611] [info] [spider.worker] [TIMING] worker_id=7dda5562-a36c-47d3-bb98-3789c41bd55a task_id=none get_next_task request_start=510279813 connect_end=510279815 send_end=510279815 receive_end=510279819 connect_duration_ms=1 send_duration_ms=0 receive_duration_ms=4 total_duration_ms=6
[2026-02-03 01:10:37.719] [info] [spider.worker] [TIMING] worker_id=7dda5562-a36c-47d3-bb98-3789c41bd55a task_id=none get_next_task request_start=510279922 connect_end=510279923 send_end=510279923 receive_end=510279928 connect_duration_ms=1 send_duration_ms=0 receive_duration_ms=4 total_duration_ms=5
[2026-02-03 01:10:37.837] [info] [spider.worker] [TIMING] worker_id=7dda5562-a36c-47d3-bb98-3789c41bd55a task_id=none get_next_task request_start=510280030 connect_end=510280032 send_end=510280032 receive_end=510280046 connect_duration_ms=1 send_duration_ms=0 receive_duration_ms=14 total_duration_ms=15
[2026-02-03 01:10:37.951] [info] [spider.worker] [TIMING] worker_id=7dda5562-a36c-47d3-bb98-3789c41bd55a task_id=none get_next_task request_start=510280147 connect_end=510280149 send_end=510280149 receive_end=510280159 connect_duration_ms=1 send_duration_ms=0 receive_duration_ms=10 total_duration_ms=11
[2026-02-03 01:10:38.057] [info] [spider.worker] [TIMING] worker_id=7dda5562-a36c-47d3-bb98-3789c41bd55a task_id=none get_next_task request_start=510280260 connect_end=510280261 send_end=510280261 receive_end=510280265 connect_duration_ms=0 send_duration_ms=0 receive_duration_ms=4 total_duration_ms=5
[2026-02-03 01:10:38.162] [info] [spider.worker] [TIMING] worker_id=7dda5562-a36c-47d3-bb98-3789c41bd55a task_id=none get_next_task request_start=510280367 connect_end=510280369 send_end=510280369 receive_end=510280371 connect_duration_ms=1 send_duration_ms=0 receive_duration_ms=2 total_duration_ms=3
[2026-02-03 01:10:38.270] [info] [spider.worker] [TIMING] worker_id=7dda5562-a36c-47d3-bb98-3789c41bd55a task_id=none get_next_task request_start=510280472 connect_end=510280473 send_end=510280473 receive_end=510280479 connect_duration_ms=0 send_duration_ms=0 receive_duration_ms=5 total_duration_ms=6
[2026-02-03 01:10:38.377] [info] [spider.worker] [TIMING] worker_id=7dda5562-a36c-47d3-bb98-3789c41bd55a task_id=none get_next_task request_start=510280580 connect_end=510280581 send_end=510280581 receive_end=510280585 connect_duration_ms=0 send_duration_ms=0 receive_duration_ms=4 total_duration_ms=4
[2026-02-03 01:10:38.496] [info] [spider.worker] [TIMING] worker_id=7dda5562-a36c-47d3-bb98-3789c41bd55a task_id=none get_next_task request_start=510280687 connect_end=510280688 send_end=510280688 receive_end=510280704 connect_duration_ms=1 send_duration_ms=0 receive_duration_ms=16 total_duration_ms=17
[2026-02-03 01:10:38.601] [info] [spider.worker] [TIMING] worker_id=7dda5562-a36c-47d3-bb98-3789c41bd55a task_id=none get_next_task request_start=510280806 connect_end=510280808 send_end=510280808 receive_end=510280809 connect_duration_ms=1 send_duration_ms=0 receive_duration_ms=1 total_duration_ms=3
[2026-02-03 01:10:38.709] [info] [spider.worker] [TIMING] worker_id=7dda5562-a36c-47d3-bb98-3789c41bd55a task_id=none get_next_task request_start=510280911 connect_end=510280912 send_end=510280912 receive_end=510280918 connect_duration_ms=1 send_duration_ms=0 receive_duration_ms=5 total_duration_ms=6
[2026-02-03 01:10:38.821] [info] [spider.worker] [TIMING] worker_id=7dda5562-a36c-47d3-bb98-3789c41bd55a task_id=none get_next_task request_start=510281021 connect_end=510281022 send_end=510281022 receive_end=510281029 connect_duration_ms=1 send_duration_ms=0 receive_duration_ms=6 total_duration_ms=8
[2026-02-03 01:10:38.931] [info] [spider.worker] [TIMING] worker_id=7dda5562-a36c-47d3-bb98-3789c41bd55a task_id=none get_next_task request_start=510281131 connect_end=510281132 send_end=510281132 receive_end=510281139 connect_duration_ms=1 send_duration_ms=0 receive_duration_ms=6 total_duration_ms=8
[2026-02-03 01:10:39.040] [info] [spider.worker] [TIMING] worker_id=7dda5562-a36c-47d3-bb98-3789c41bd55a task_id=none get_next_task request_start=510281242 connect_end=510281244 send_end=510281244 receive_end=510281248 connect_duration_ms=2 send_duration_ms=0 receive_duration_ms=4 total_duration_ms=6
[2026-02-03 01:10:39.149] [info] [spider.worker] [TIMING] worker_id=7dda5562-a36c-47d3-bb98-3789c41bd55a task_id=none get_next_task request_start=510281351 connect_end=510281352 send_end=510281352 receive_end=510281357 connect_duration_ms=1 send_duration_ms=0 receive_duration_ms=5 total_duration_ms=6
[2026-02-03 01:10:39.259] [info] [spider.worker] [TIMING] worker_id=7dda5562-a36c-47d3-bb98-3789c41bd55a task_id=none get_next_task request_start=510281459 connect_end=510281461 send_end=510281461 receive_end=510281467 connect_duration_ms=1 send_duration_ms=0 receive_duration_ms=6 total_duration_ms=8
[2026-02-03 01:10:39.395] [info] [spider.worker] [TIMING] worker_id=7dda5562-a36c-47d3-bb98-3789c41bd55a task_id=none get_next_task request_start=510281600 connect_end=510281601 send_end=510281601 receive_end=510281604 connect_duration_ms=1 send_duration_ms=0 receive_duration_ms=3 total_duration_ms=4
[2026-02-03 01:10:39.500] [info] [spider.worker] [TIMING] worker_id=7dda5562-a36c-47d3-bb98-3789c41bd55a task_id=none get_next_task request_start=510281706 connect_end=510281707 send_end=510281707 receive_end=510281709 connect_duration_ms=1 send_duration_ms=0 receive_duration_ms=1 total_duration_ms=3
[2026-02-03 01:10:39.606] [info] [spider.worker] [TIMING] worker_id=7dda5562-a36c-47d3-bb98-3789c41bd55a task_id=none get_next_task request_start=510281810 connect_end=510281811 send_end=510281811 receive_end=510281815 connect_duration_ms=1 send_duration_ms=0 receive_duration_ms=3 total_duration_ms=4
[2026-02-03 01:10:39.714] [info] [spider.worker] [TIMING] worker_id=7dda5562-a36c-47d3-bb98-3789c41bd55a task_id=none get_next_task request_start=510281917 connect_end=510281919 send_end=510281919 receive_end=510281922 connect_duration_ms=1 send_duration_ms=0 receive_duration_ms=3 total_duration_ms=4
[2026-02-03 01:10:39.821] [info] [spider.worker] [TIMING] worker_id=7dda5562-a36c-47d3-bb98-3789c41bd55a task_id=none get_next_task request_start=510282024 connect_end=510282026 send_end=510282026 receive_end=510282030 connect_duration_ms=1 send_duration_ms=0 receive_duration_ms=3 total_duration_ms=5
[2026-02-03 01:10:39.929] [info] [spider.worker] [TIMING] worker_id=7dda5562-a36c-47d3-bb98-3789c41bd55a task_id=none get_next_task request_start=510282132 connect_end=510282134 send_end=510282134 receive_end=510282137 connect_duration_ms=1 send_duration_ms=0 receive_duration_ms=3 total_duration_ms=4
[2026-02-03 01:10:40.035] [info] [spider.worker] [TIMING] worker_id=7dda5562-a36c-47d3-bb98-3789c41bd55a task_id=none get_next_task request_start=510282240 connect_end=510282241 send_end=510282241 receive_end=510282243 connect_duration_ms=1 send_duration_ms=0 receive_duration_ms=2 total_duration_ms=3
[2026-02-03 01:10:40.139] [info] [spider.worker] [TIMING] worker_id=7dda5562-a36c-47d3-bb98-3789c41bd55a task_id=none get_next_task request_start=510282345 connect_end=510282346 send_end=510282346 receive_end=510282348 connect_duration_ms=0 send_duration_ms=0 receive_duration_ms=1 total_duration_ms=2
[2026-02-03 01:10:40.243] [info] [spider.worker] [TIMING] worker_id=7dda5562-a36c-47d3-bb98-3789c41bd55a task_id=none get_next_task request_start=510282449 connect_end=510282450 send_end=510282450 receive_end=510282452 connect_duration_ms=0 send_duration_ms=0 receive_duration_ms=1 total_duration_ms=2
[2026-02-03 01:10:40.350] [info] [spider.worker] [TIMING] worker_id=7dda5562-a36c-47d3-bb98-3789c41bd55a task_id=none get_next_task request_start=510282554 connect_end=510282555 send_end=510282555 receive_end=510282558 connect_duration_ms=1 send_duration_ms=0 receive_duration_ms=3 total_duration_ms=4
[2026-02-03 01:10:40.455] [info] [spider.worker] [TIMING] worker_id=7dda5562-a36c-47d3-bb98-3789c41bd55a task_id=none get_next_task request_start=510282660 connect_end=510282661 send_end=510282661 receive_end=510282663 connect_duration_ms=0 send_duration_ms=0 receive_duration_ms=2 total_duration_ms=2
[2026-02-03 01:10:40.560] [info] [spider.worker] [TIMING] worker_id=7dda5562-a36c-47d3-bb98-3789c41bd55a task_id=none get_next_task request_start=510282765 connect_end=510282766 send_end=510282766 receive_end=510282768 connect_duration_ms=1 send_duration_ms=0 receive_duration_ms=2 total_duration_ms=3
[2026-02-03 01:10:40.668] [info] [spider.worker] [TIMING] worker_id=7dda5562-a36c-47d3-bb98-3789c41bd55a task_id=none get_next_task request_start=510282871 connect_end=510282873 send_end=510282873 receive_end=510282876 connect_duration_ms=1 send_duration_ms=0 receive_duration_ms=3 total_duration_ms=5
[2026-02-03 01:10:40.776] [info] [spider.worker] [TIMING] worker_id=7dda5562-a36c-47d3-bb98-3789c41bd55a task_id=none get_next_task request_start=510282979 connect_end=510282981 send_end=510282981 receive_end=510282984 connect_duration_ms=1 send_duration_ms=0 receive_duration_ms=3 total_duration_ms=5
[2026-02-03 01:10:40.884] [info] [spider.worker] [TIMING] worker_id=7dda5562-a36c-47d3-bb98-3789c41bd55a task_id=none get_next_task request_start=510283087 connect_end=510283088 send_end=510283089 receive_end=510283092 connect_duration_ms=1 send_duration_ms=0 receive_duration_ms=3 total_duration_ms=5
[2026-02-03 01:10:40.991] [info] [spider.worker] [TIMING] worker_id=7dda5562-a36c-47d3-bb98-3789c41bd55a task_id=none get_next_task request_start=510283195 connect_end=510283196 send_end=510283196 receive_end=510283200 connect_duration_ms=1 send_duration_ms=0 receive_duration_ms=3 total_duration_ms=4
[2026-02-03 01:10:41.098] [info] [spider.worker] [TIMING] worker_id=7dda5562-a36c-47d3-bb98-3789c41bd55a task_id=none get_next_task request_start=510283302 connect_end=510283303 send_end=510283303 receive_end=510283307 connect_duration_ms=1 send_duration_ms=0 receive_duration_ms=3 total_duration_ms=4
[2026-02-03 01:10:41.206] [info] [spider.worker] [TIMING] worker_id=7dda5562-a36c-47d3-bb98-3789c41bd55a task_id=none get_next_task request_start=510283409 connect_end=510283411 send_end=510283411 receive_end=510283414 connect_duration_ms=1 send_duration_ms=0 receive_duration_ms=3 total_duration_ms=5
[2026-02-03 01:10:41.314] [info] [spider.worker] [TIMING] worker_id=7dda5562-a36c-47d3-bb98-3789c41bd55a task_id=none get_next_task request_start=510283517 connect_end=510283519 send_end=510283519 receive_end=510283522 connect_duration_ms=1 send_duration_ms=0 receive_duration_ms=3 total_duration_ms=5
[2026-02-03 01:10:41.423] [info] [spider.worker] [TIMING] worker_id=7dda5562-a36c-47d3-bb98-3789c41bd55a task_id=none get_next_task request_start=510283625 connect_end=510283627 send_end=510283627 receive_end=510283631 connect_duration_ms=1 send_duration_ms=0 receive_duration_ms=4 total_duration_ms=6
[2026-02-03 01:10:41.532] [info] [spider.worker] [TIMING] worker_id=7dda5562-a36c-47d3-bb98-3789c41bd55a task_id=none get_next_task request_start=510283734 connect_end=510283735 send_end=510283735 receive_end=510283740 connect_duration_ms=1 send_duration_ms=0 receive_duration_ms=5 total_duration_ms=6
[2026-02-03 01:10:41.641] [info] [spider.worker] [TIMING] worker_id=7dda5562-a36c-47d3-bb98-3789c41bd55a task_id=none get_next_task request_start=510283843 connect_end=510283844 send_end=510283844 receive_end=510283849 connect_duration_ms=1 send_duration_ms=0 receive_duration_ms=5 total_duration_ms=6
[2026-02-03 01:10:41.752] [info] [spider.worker] [TIMING] worker_id=7dda5562-a36c-47d3-bb98-3789c41bd55a task_id=none get_next_task request_start=510283952 connect_end=510283954 send_end=510283954 receive_end=510283960 connect_duration_ms=1 send_duration_ms=0 receive_duration_ms=6 total_duration_ms=8
[2026-02-03 01:10:41.860] [info] [spider.worker] [TIMING] worker_id=7dda5562-a36c-47d3-bb98-3789c41bd55a task_id=none get_next_task request_start=510284063 connect_end=510284065 send_end=510284065 receive_end=510284068 connect_duration_ms=1 send_duration_ms=0 receive_duration_ms=3 total_duration_ms=5
[2026-02-03 01:10:41.967] [info] [spider.worker] [TIMING] worker_id=7dda5562-a36c-47d3-bb98-3789c41bd55a task_id=none get_next_task request_start=510284171 connect_end=510284172 send_end=510284172 receive_end=510284176 connect_duration_ms=1 send_duration_ms=0 receive_duration_ms=3 total_duration_ms=5
[2026-02-03 01:10:42.076] [info] [spider.worker] [TIMING] worker_id=7dda5562-a36c-47d3-bb98-3789c41bd55a task_id=none get_next_task request_start=510284278 connect_end=510284279 send_end=510284279 receive_end=510284284 connect_duration_ms=1 send_duration_ms=0 receive_duration_ms=4 total_duration_ms=6
[2026-02-03 01:10:42.183] [info] [spider.worker] [TIMING] worker_id=7dda5562-a36c-47d3-bb98-3789c41bd55a task_id=none get_next_task request_start=510284386 connect_end=510284388 send_end=510284388 receive_end=510284391 connect_duration_ms=1 send_duration_ms=0 receive_duration_ms=3 total_duration_ms=5
[2026-02-03 01:10:42.291] [info] [spider.worker] [TIMING] worker_id=7dda5562-a36c-47d3-bb98-3789c41bd55a task_id=none get_next_task request_start=510284494 connect_end=510284496 send_end=510284496 receive_end=510284499 connect_duration_ms=1 send_duration_ms=0 receive_duration_ms=3 total_duration_ms=4
[2026-02-03 01:10:42.400] [info] [spider.worker] [TIMING] worker_id=7dda5562-a36c-47d3-bb98-3789c41bd55a task_id=none get_next_task request_start=510284602 connect_end=510284603 send_end=510284603 receive_end=510284608 connect_duration_ms=1 send_duration_ms=0 receive_duration_ms=4 total_duration_ms=6
[2026-02-03 01:10:42.509] [info] [spider.worker] [TIMING] worker_id=7dda5562-a36c-47d3-bb98-3789c41bd55a task_id=none get_next_task request_start=510284711 connect_end=510284712 send_end=510284712 receive_end=510284717 connect_duration_ms=1 send_duration_ms=0 receive_duration_ms=4 total_duration_ms=6
[2026-02-03 01:10:42.618] [info] [spider.worker] [TIMING] worker_id=7dda5562-a36c-47d3-bb98-3789c41bd55a task_id=none get_next_task request_start=510284820 connect_end=510284822 send_end=510284822 receive_end=510284826 connect_duration_ms=1 send_duration_ms=0 receive_duration_ms=4 total_duration_ms=5
[2026-02-03 01:10:42.726] [info] [spider.worker] [TIMING] worker_id=7dda5562-a36c-47d3-bb98-3789c41bd55a task_id=none get_next_task request_start=510284929 connect_end=510284930 send_end=510284930 receive_end=510284934 connect_duration_ms=1 send_duration_ms=0 receive_duration_ms=3 total_duration_ms=5
[2026-02-03 01:10:42.834] [info] [spider.worker] [TIMING] worker_id=7dda5562-a36c-47d3-bb98-3789c41bd55a task_id=none get_next_task request_start=510285037 connect_end=510285038 send_end=510285038 receive_end=510285042 connect_duration_ms=1 send_duration_ms=0 receive_duration_ms=3 total_duration_ms=5
[2026-02-03 01:10:42.939] [info] [spider.worker] [TIMING] worker_id=7dda5562-a36c-47d3-bb98-3789c41bd55a task_id=none get_next_task request_start=510285144 connect_end=510285145 send_end=510285145 receive_end=510285147 connect_duration_ms=1 send_duration_ms=0 receive_duration_ms=2 total_duration_ms=3
[2026-02-03 01:10:43.043] [info] [spider.worker] [TIMING] worker_id=7dda5562-a36c-47d3-bb98-3789c41bd55a task_id=none get_next_task request_start=510285249 connect_end=510285250 send_end=510285250 receive_end=510285251 connect_duration_ms=1 send_duration_ms=0 receive_duration_ms=1 total_duration_ms=2
[2026-02-03 01:10:43.147] [info] [spider.worker] [TIMING] worker_id=7dda5562-a36c-47d3-bb98-3789c41bd55a task_id=none get_next_task request_start=510285353 connect_end=510285354 send_end=510285354 receive_end=510285356 connect_duration_ms=1 send_duration_ms=0 receive_duration_ms=1 total_duration_ms=2
[2026-02-03 01:10:43.253] [info] [spider.worker] [TIMING] worker_id=7dda5562-a36c-47d3-bb98-3789c41bd55a task_id=none get_next_task request_start=510285457 connect_end=510285459 send_end=510285459 receive_end=510285462 connect_duration_ms=1 send_duration_ms=0 receive_duration_ms=2 total_duration_ms=4
[2026-02-03 01:10:43.358] [info] [spider.worker] [TIMING] worker_id=7dda5562-a36c-47d3-bb98-3789c41bd55a task_id=none get_next_task request_start=510285563 connect_end=510285564 send_end=510285564 receive_end=510285566 connect_duration_ms=1 send_duration_ms=0 receive_duration_ms=2 total_duration_ms=3
[2026-02-03 01:10:43.479] [info] [spider.worker] [TIMING] worker_id=7dda5562-a36c-47d3-bb98-3789c41bd55a task_id=none get_next_task request_start=510285668 connect_end=510285668 send_end=510285668 receive_end=510285688 connect_duration_ms=0 send_duration_ms=0 receive_duration_ms=19 total_duration_ms=19
[2026-02-03 01:10:43.594] [info] [spider.worker] [TIMING] worker_id=7dda5562-a36c-47d3-bb98-3789c41bd55a task_id=none get_next_task request_start=510285789 connect_end=510285791 send_end=510285791 receive_end=510285802 connect_duration_ms=1 send_duration_ms=0 receive_duration_ms=11 total_duration_ms=12
[2026-02-03 01:10:43.698] [info] [spider.worker] [TIMING] worker_id=7dda5562-a36c-47d3-bb98-3789c41bd55a task_id=none get_next_task request_start=510285904 connect_end=510285905 send_end=510285905 receive_end=510285907 connect_duration_ms=1 send_duration_ms=0 receive_duration_ms=1 total_duration_ms=2
[2026-02-03 01:10:43.803] [info] [spider.worker] [TIMING] worker_id=7dda5562-a36c-47d3-bb98-3789c41bd55a task_id=none get_next_task request_start=510286008 connect_end=510286009 send_end=510286009 receive_end=510286011 connect_duration_ms=0 send_duration_ms=0 receive_duration_ms=2 total_duration_ms=3
[2026-02-03 01:10:43.908] [info] [spider.worker] [TIMING] worker_id=7dda5562-a36c-47d3-bb98-3789c41bd55a task_id=none get_next_task request_start=510286113 connect_end=510286114 send_end=510286114 receive_end=510286116 connect_duration_ms=1 send_duration_ms=0 receive_duration_ms=1 total_duration_ms=3
[2026-02-03 01:10:44.014] [info] [spider.worker] [TIMING] worker_id=7dda5562-a36c-47d3-bb98-3789c41bd55a task_id=none get_next_task request_start=510286218 connect_end=510286220 send_end=510286220 receive_end=510286223 connect_duration_ms=1 send_duration_ms=0 receive_duration_ms=2 total_duration_ms=4
[2026-02-03 01:10:44.123] [info] [spider.worker] [TIMING] worker_id=7dda5562-a36c-47d3-bb98-3789c41bd55a task_id=none get_next_task request_start=510286324 connect_end=510286326 send_end=510286326 receive_end=510286332 connect_duration_ms=1 send_duration_ms=0 receive_duration_ms=5 total_duration_ms=7
[2026-02-03 01:10:44.229] [info] [spider.worker] [TIMING] worker_id=7dda5562-a36c-47d3-bb98-3789c41bd55a task_id=none get_next_task request_start=510286434 connect_end=510286436 send_end=510286436 receive_end=510286438 connect_duration_ms=1 send_duration_ms=0 receive_duration_ms=1 total_duration_ms=3
[2026-02-03 01:10:44.339] [info] [spider.worker] [TIMING] worker_id=7dda5562-a36c-47d3-bb98-3789c41bd55a task_id=none get_next_task request_start=510286540 connect_end=510286542 send_end=510286542 receive_end=510286547 connect_duration_ms=1 send_duration_ms=0 receive_duration_ms=5 total_duration_ms=6
[2026-02-03 01:10:44.447] [info] [spider.worker] [TIMING] worker_id=7dda5562-a36c-47d3-bb98-3789c41bd55a task_id=none get_next_task request_start=510286650 connect_end=510286651 send_end=510286651 receive_end=510286655 connect_duration_ms=1 send_duration_ms=0 receive_duration_ms=3 total_duration_ms=5
[2026-02-03 01:10:44.559] [info] [spider.worker] [TIMING] worker_id=7dda5562-a36c-47d3-bb98-3789c41bd55a task_id=none get_next_task request_start=510286758 connect_end=510286759 send_end=510286759 receive_end=510286767 connect_duration_ms=1 send_duration_ms=0 receive_duration_ms=8 total_duration_ms=9
[2026-02-03 01:10:44.664] [info] [spider.worker] [TIMING] worker_id=7dda5562-a36c-47d3-bb98-3789c41bd55a task_id=none get_next_task request_start=510286869 connect_end=510286870 send_end=510286870 receive_end=510286872 connect_duration_ms=0 send_duration_ms=0 receive_duration_ms=1 total_duration_ms=2
[2026-02-03 01:10:44.774] [info] [spider.worker] [TIMING] worker_id=7dda5562-a36c-47d3-bb98-3789c41bd55a task_id=none get_next_task request_start=510286974 connect_end=510286975 send_end=510286975 receive_end=510286982 connect_duration_ms=0 send_duration_ms=0 receive_duration_ms=7 total_duration_ms=8
[2026-02-03 01:10:44.927] [info] [spider.worker] [TIMING] worker_id=7dda5562-a36c-47d3-bb98-3789c41bd55a task_id=none get_next_task request_start=510287099 connect_end=510287101 send_end=510287101 receive_end=510287136 connect_duration_ms=1 send_duration_ms=0 receive_duration_ms=34 total_duration_ms=36
[2026-02-03 01:10:45.037] [info] [spider.worker] [TIMING] worker_id=7dda5562-a36c-47d3-bb98-3789c41bd55a task_id=none get_next_task request_start=510287238 connect_end=510287240 send_end=510287240 receive_end=510287246 connect_duration_ms=1 send_duration_ms=0 receive_duration_ms=5 total_duration_ms=7
[2026-02-03 01:10:45.144] [info] [spider.worker] [TIMING] worker_id=7dda5562-a36c-47d3-bb98-3789c41bd55a task_id=none get_next_task request_start=510287348 connect_end=510287349 send_end=510287350 receive_end=510287352 connect_duration_ms=1 send_duration_ms=0 receive_duration_ms=2 total_duration_ms=4
[2026-02-03 01:10:45.250] [info] [spider.worker] [TIMING] worker_id=7dda5562-a36c-47d3-bb98-3789c41bd55a task_id=none get_next_task request_start=510287455 connect_end=510287456 send_end=510287456 receive_end=510287458 connect_duration_ms=1 send_duration_ms=0 receive_duration_ms=1 total_duration_ms=3
[2026-02-03 01:10:45.355] [info] [spider.worker] [TIMING] worker_id=7dda5562-a36c-47d3-bb98-3789c41bd55a task_id=none get_next_task request_start=510287560 connect_end=510287561 send_end=510287561 receive_end=510287563 connect_duration_ms=1 send_duration_ms=0 receive_duration_ms=2 total_duration_ms=3
[2026-02-03 01:10:45.459] [info] [spider.worker] [TIMING] worker_id=7dda5562-a36c-47d3-bb98-3789c41bd55a task_id=none get_next_task request_start=510287665 connect_end=510287666 send_end=510287666 receive_end=510287668 connect_duration_ms=0 send_duration_ms=0 receive_duration_ms=2 total_duration_ms=3
[2026-02-03 01:10:45.584] [info] [spider.worker] [TIMING] worker_id=7dda5562-a36c-47d3-bb98-3789c41bd55a task_id=none get_next_task request_start=510287769 connect_end=510287771 send_end=510287771 receive_end=510287792 connect_duration_ms=1 send_duration_ms=0 receive_duration_ms=21 total_duration_ms=22
[2026-02-03 01:10:45.690] [info] [spider.worker] [TIMING] worker_id=7dda5562-a36c-47d3-bb98-3789c41bd55a task_id=none get_next_task request_start=510287894 connect_end=510287895 send_end=510287895 receive_end=510287899 connect_duration_ms=0 send_duration_ms=0 receive_duration_ms=4 total_duration_ms=5
[2026-02-03 01:10:45.802] [info] [spider.worker] [TIMING] worker_id=7dda5562-a36c-47d3-bb98-3789c41bd55a task_id=none get_next_task request_start=510288000 connect_end=510288001 send_end=510288001 receive_end=510288010 connect_duration_ms=0 send_duration_ms=0 receive_duration_ms=8 total_duration_ms=9
[2026-02-03 01:10:45.912] [info] [spider.worker] [TIMING] worker_id=7dda5562-a36c-47d3-bb98-3789c41bd55a task_id=none get_next_task request_start=510288112 connect_end=510288114 send_end=510288114 receive_end=510288121 connect_duration_ms=1 send_duration_ms=0 receive_duration_ms=6 total_duration_ms=8
[2026-02-03 01:10:46.023] [info] [spider.worker] [TIMING] worker_id=7dda5562-a36c-47d3-bb98-3789c41bd55a task_id=none get_next_task request_start=510288223 connect_end=510288225 send_end=510288225 receive_end=510288232 connect_duration_ms=1 send_duration_ms=0 receive_duration_ms=7 total_duration_ms=9
[2026-02-03 01:10:46.132] [info] [spider.worker] [TIMING] worker_id=7dda5562-a36c-47d3-bb98-3789c41bd55a task_id=none get_next_task request_start=510288334 connect_end=510288336 send_end=510288336 receive_end=510288340 connect_duration_ms=1 send_duration_ms=0 receive_duration_ms=4 total_duration_ms=6
[2026-02-03 01:10:46.240] [info] [spider.worker] [TIMING] worker_id=7dda5562-a36c-47d3-bb98-3789c41bd55a task_id=none get_next_task request_start=510288443 connect_end=510288444 send_end=510288444 receive_end=510288448 connect_duration_ms=1 send_duration_ms=0 receive_duration_ms=3 total_duration_ms=5
[2026-02-03 01:10:46.349] [info] [spider.worker] [TIMING] worker_id=7dda5562-a36c-47d3-bb98-3789c41bd55a task_id=none get_next_task request_start=510288551 connect_end=510288552 send_end=510288552 receive_end=510288557 connect_duration_ms=1 send_duration_ms=0 receive_duration_ms=4 total_duration_ms=6
[2026-02-03 01:10:46.457] [info] [spider.worker] [TIMING] worker_id=7dda5562-a36c-47d3-bb98-3789c41bd55a task_id=none get_next_task request_start=510288660 connect_end=510288661 send_end=510288661 receive_end=510288665 connect_duration_ms=1 send_duration_ms=0 receive_duration_ms=3 total_duration_ms=5
[2026-02-03 01:10:46.717] [info] [spider.worker] [TIMING] worker_id=7dda5562-a36c-47d3-bb98-3789c41bd55a task_id=none get_next_task request_start=510288768 connect_end=510288769 send_end=510288770 receive_end=510288925 connect_duration_ms=1 send_duration_ms=0 receive_duration_ms=155 total_duration_ms=157
[2026-02-03 01:10:46.843] [info] [spider.worker] [TIMING] worker_id=7dda5562-a36c-47d3-bb98-3789c41bd55a task_id=none get_next_task request_start=510289036 connect_end=510289037 send_end=510289038 receive_end=510289052 connect_duration_ms=1 send_duration_ms=0 receive_duration_ms=14 total_duration_ms=15
[2026-02-03 01:10:46.978] [info] [spider.worker] [TIMING] worker_id=7dda5562-a36c-47d3-bb98-3789c41bd55a task_id=none get_next_task request_start=510289154 connect_end=510289156 send_end=510289156 receive_end=510289186 connect_duration_ms=1 send_duration_ms=0 receive_duration_ms=30 total_duration_ms=31
[2026-02-03 01:10:47.085] [info] [spider.worker] [TIMING] worker_id=7dda5562-a36c-47d3-bb98-3789c41bd55a task_id=none get_next_task request_start=510289289 connect_end=510289290 send_end=510289290 receive_end=510289293 connect_duration_ms=1 send_duration_ms=0 receive_duration_ms=2 total_duration_ms=4
[2026-02-03 01:10:47.242] [info] [spider.worker] [TIMING] worker_id=7dda5562-a36c-47d3-bb98-3789c41bd55a task_id=none get_next_task request_start=510289396 connect_end=510289398 send_end=510289398 receive_end=510289450 connect_duration_ms=1 send_duration_ms=0 receive_duration_ms=52 total_duration_ms=54
[2026-02-03 01:10:47.463] [info] [spider.worker] [TIMING] worker_id=7dda5562-a36c-47d3-bb98-3789c41bd55a task_id=f177afed-b078-448c-b4a4-77a7921f0912 get_next_task request_start=510289553 connect_end=510289555 send_end=510289555 receive_end=510289606 connect_duration_ms=1 send_duration_ms=0 receive_duration_ms=51 total_duration_ms=52
[2026-02-03 01:10:47.466] [info] [spider.worker] [TIMING] task_id=f177afed-b078-448c-b4a4-77a7921f0912 storage_connect_start=510289672 storage_connect_end=510289674 storage_connect_duration_ms=2 phase=pre_execution
[2026-02-03 01:10:47.467] [info] [spider.worker] [TIMING] task_id=f177afed-b078-448c-b4a4-77a7921f0912 func=job_orchestration.executor.query.spider_search_task.search_without_channel fetch_input_start=510289675 fetch_input_end=510289676 fetch_input_duration_ms=1
[2026-02-03 01:10:47.468] [info] [spider.worker] [TIMING] task_id=f177afed-b078-448c-b4a4-77a7921f0912 func=job_orchestration.executor.query.spider_search_task.search_without_channel input_send_start=510289677 input_send_end=510289677 input_send_duration_ms=0 bytes=612
[2026-02-03 01:10:47.468] [info] [spider.worker] [TIMING] task_id=f177afed-b078-448c-b4a4-77a7921f0912 func=job_orchestration.executor.query.spider_search_task.search_without_channel spawn_start=510289676 spawn_end=510289677 spawn_duration_ms=0
[2026-02-03 01:10:48.705] [info] [spider.worker] [TIMING] task_id=f177afed-b078-448c-b4a4-77a7921f0912 func=job_orchestration.executor.query.spider_search_task.search_without_channel execution_start=510289677 execution_end=510290913 execution_duration_ms=1236
[2026-02-03 01:10:48.715] [info] [spider.worker] [TIMING] task_id=f177afed-b078-448c-b4a4-77a7921f0912 func=job_orchestration.executor.query.spider_search_task.search_without_channel storage_connect_start=510290913 storage_connect_end=510290923 storage_connect_duration_ms=9 phase=handle_result
[2026-02-03 01:10:48.748] [info] [spider.worker] [TIMING] task_id=f177afed-b078-448c-b4a4-77a7921f0912 func=job_orchestration.executor.query.spider_search_task.search_without_channel submit_output_start=510290923 submit_output_end=510290957 submit_output_duration_ms=33
[2026-02-03 01:10:48.841] [info] [spider.worker] [TIMING] worker_id=7dda5562-a36c-47d3-bb98-3789c41bd55a task_id=3fa1652b-ba60-492d-a761-f6746359b98d get_next_task request_start=510290959 connect_end=510290960 send_end=510290960 receive_end=510290960 connect_duration_ms=1 send_duration_ms=0 receive_duration_ms=0 total_duration_ms=1
[2026-02-03 01:10:48.842] [info] [spider.worker] [TIMING] task_id=3fa1652b-ba60-492d-a761-f6746359b98d storage_connect_start=510291049 storage_connect_end=510291050 storage_connect_duration_ms=1 phase=pre_execution
[2026-02-03 01:10:48.843] [info] [spider.worker] [TIMING] task_id=3fa1652b-ba60-492d-a761-f6746359b98d func=job_orchestration.executor.query.spider_search_task.search_without_channel fetch_input_start=510291051 fetch_input_end=510291051 fetch_input_duration_ms=0
[2026-02-03 01:10:48.843] [info] [spider.worker] [TIMING] task_id=3fa1652b-ba60-492d-a761-f6746359b98d func=job_orchestration.executor.query.spider_search_task.search_without_channel input_send_start=510291052 input_send_end=510291052 input_send_duration_ms=0 bytes=612
[2026-02-03 01:10:48.844] [info] [spider.worker] [TIMING] task_id=3fa1652b-ba60-492d-a761-f6746359b98d func=job_orchestration.executor.query.spider_search_task.search_without_channel spawn_start=510291052 spawn_end=510291052 spawn_duration_ms=0
[2026-02-03 01:10:50.026] [info] [spider.worker] [TIMING] task_id=3fa1652b-ba60-492d-a761-f6746359b98d func=job_orchestration.executor.query.spider_search_task.search_without_channel execution_start=510291052 execution_end=510292235 execution_duration_ms=1182
[2026-02-03 01:10:50.036] [info] [spider.worker] [TIMING] task_id=3fa1652b-ba60-492d-a761-f6746359b98d func=job_orchestration.executor.query.spider_search_task.search_without_channel storage_connect_start=510292235 storage_connect_end=510292244 storage_connect_duration_ms=9 phase=handle_result
[2026-02-03 01:10:50.078] [info] [spider.worker] [TIMING] task_id=3fa1652b-ba60-492d-a761-f6746359b98d func=job_orchestration.executor.query.spider_search_task.search_without_channel submit_output_start=510292244 submit_output_end=510292286 submit_output_duration_ms=41
[2026-02-03 01:10:50.124] [info] [spider.worker] [TIMING] worker_id=7dda5562-a36c-47d3-bb98-3789c41bd55a task_id=823008a1-f81c-48ca-b43b-0aa817815a1b get_next_task request_start=510292288 connect_end=510292289 send_end=510292289 receive_end=510292290 connect_duration_ms=1 send_duration_ms=0 receive_duration_ms=0 total_duration_ms=1
[2026-02-03 01:10:50.126] [info] [spider.worker] [TIMING] task_id=823008a1-f81c-48ca-b43b-0aa817815a1b storage_connect_start=510292332 storage_connect_end=510292334 storage_connect_duration_ms=1 phase=pre_execution
[2026-02-03 01:10:50.127] [info] [spider.worker] [TIMING] task_id=823008a1-f81c-48ca-b43b-0aa817815a1b func=job_orchestration.executor.query.spider_search_task.search_without_channel fetch_input_start=510292334 fetch_input_end=510292335 fetch_input_duration_ms=0
[2026-02-03 01:10:50.127] [info] [spider.worker] [TIMING] task_id=823008a1-f81c-48ca-b43b-0aa817815a1b func=job_orchestration.executor.query.spider_search_task.search_without_channel input_send_start=510292335 input_send_end=510292335 input_send_duration_ms=0 bytes=612
[2026-02-03 01:10:50.127] [info] [spider.worker] [TIMING] task_id=823008a1-f81c-48ca-b43b-0aa817815a1b func=job_orchestration.executor.query.spider_search_task.search_without_channel spawn_start=510292335 spawn_end=510292335 spawn_duration_ms=0
[2026-02-03 01:10:51.353] [info] [spider.worker] [TIMING] task_id=823008a1-f81c-48ca-b43b-0aa817815a1b func=job_orchestration.executor.query.spider_search_task.search_without_channel execution_start=510292336 execution_end=510293561 execution_duration_ms=1225
[2026-02-03 01:10:51.357] [info] [spider.worker] [TIMING] task_id=823008a1-f81c-48ca-b43b-0aa817815a1b func=job_orchestration.executor.query.spider_search_task.search_without_channel storage_connect_start=510293563 storage_connect_end=510293565 storage_connect_duration_ms=1 phase=handle_result
[2026-02-03 01:10:51.431] [info] [spider.worker] [TIMING] task_id=823008a1-f81c-48ca-b43b-0aa817815a1b func=job_orchestration.executor.query.spider_search_task.search_without_channel submit_output_start=510293565 submit_output_end=510293639 submit_output_duration_ms=74
[2026-02-03 01:10:51.489] [info] [spider.worker] [TIMING] worker_id=7dda5562-a36c-47d3-bb98-3789c41bd55a task_id=c2bff5fe-d09d-43a5-96e2-f1724aee4225 get_next_task request_start=510293641 connect_end=510293642 send_end=510293642 receive_end=510293642 connect_duration_ms=1 send_duration_ms=0 receive_duration_ms=0 total_duration_ms=1
[2026-02-03 01:10:51.490] [info] [spider.worker] [TIMING] task_id=c2bff5fe-d09d-43a5-96e2-f1724aee4225 storage_connect_start=510293697 storage_connect_end=510293699 storage_connect_duration_ms=1 phase=pre_execution
[2026-02-03 01:10:51.492] [info] [spider.worker] [TIMING] task_id=c2bff5fe-d09d-43a5-96e2-f1724aee4225 func=job_orchestration.executor.query.spider_search_task.search_without_channel fetch_input_start=510293699 fetch_input_end=510293700 fetch_input_duration_ms=1
[2026-02-03 01:10:51.492] [info] [spider.worker] [TIMING] task_id=c2bff5fe-d09d-43a5-96e2-f1724aee4225 func=job_orchestration.executor.query.spider_search_task.search_without_channel input_send_start=510293701 input_send_end=510293701 input_send_duration_ms=0 bytes=612
[2026-02-03 01:10:51.492] [info] [spider.worker] [TIMING] task_id=c2bff5fe-d09d-43a5-96e2-f1724aee4225 func=job_orchestration.executor.query.spider_search_task.search_without_channel spawn_start=510293700 spawn_end=510293701 spawn_duration_ms=0
[2026-02-03 01:10:52.861] [info] [spider.worker] [TIMING] task_id=c2bff5fe-d09d-43a5-96e2-f1724aee4225 func=job_orchestration.executor.query.spider_search_task.search_without_channel execution_start=510293701 execution_end=510295069 execution_duration_ms=1368
[2026-02-03 01:10:52.863] [info] [spider.worker] [TIMING] task_id=c2bff5fe-d09d-43a5-96e2-f1724aee4225 func=job_orchestration.executor.query.spider_search_task.search_without_channel storage_connect_start=510295069 storage_connect_end=510295071 storage_connect_duration_ms=1 phase=handle_result
[2026-02-03 01:10:52.892] [info] [spider.worker] [TIMING] task_id=c2bff5fe-d09d-43a5-96e2-f1724aee4225 func=job_orchestration.executor.query.spider_search_task.search_without_channel submit_output_start=510295071 submit_output_end=510295100 submit_output_duration_ms=29
[2026-02-03 01:10:52.908] [info] [spider.worker] [TIMING] worker_id=7dda5562-a36c-47d3-bb98-3789c41bd55a task_id=54082bb2-b055-4782-a84e-9bacfc5ed9a0 get_next_task request_start=510295103 connect_end=510295104 send_end=510295104 receive_end=510295104 connect_duration_ms=1 send_duration_ms=0 receive_duration_ms=0 total_duration_ms=1
[2026-02-03 01:10:52.910] [info] [spider.worker] [TIMING] task_id=54082bb2-b055-4782-a84e-9bacfc5ed9a0 storage_connect_start=510295117 storage_connect_end=510295119 storage_connect_duration_ms=1 phase=pre_execution
[2026-02-03 01:10:52.911] [info] [spider.worker] [TIMING] task_id=54082bb2-b055-4782-a84e-9bacfc5ed9a0 func=job_orchestration.executor.query.spider_search_task.search_without_channel fetch_input_start=510295119 fetch_input_end=510295120 fetch_input_duration_ms=1
[2026-02-03 01:10:52.912] [info] [spider.worker] [TIMING] task_id=54082bb2-b055-4782-a84e-9bacfc5ed9a0 func=job_orchestration.executor.query.spider_search_task.search_without_channel input_send_start=510295120 input_send_end=510295120 input_send_duration_ms=0 bytes=612
[2026-02-03 01:10:52.912] [info] [spider.worker] [TIMING] task_id=54082bb2-b055-4782-a84e-9bacfc5ed9a0 func=job_orchestration.executor.query.spider_search_task.search_without_channel spawn_start=510295120 spawn_end=510295120 spawn_duration_ms=0
[2026-02-03 01:10:54.330] [info] [spider.worker] [TIMING] task_id=54082bb2-b055-4782-a84e-9bacfc5ed9a0 func=job_orchestration.executor.query.spider_search_task.search_without_channel execution_start=510295120 execution_end=510296539 execution_duration_ms=1418
[2026-02-03 01:10:54.332] [info] [spider.worker] [TIMING] task_id=54082bb2-b055-4782-a84e-9bacfc5ed9a0 func=job_orchestration.executor.query.spider_search_task.search_without_channel storage_connect_start=510296539 storage_connect_end=510296541 storage_connect_duration_ms=2 phase=handle_result
[2026-02-03 01:10:54.387] [info] [spider.worker] [TIMING] task_id=54082bb2-b055-4782-a84e-9bacfc5ed9a0 func=job_orchestration.executor.query.spider_search_task.search_without_channel submit_output_start=510296541 submit_output_end=510296595 submit_output_duration_ms=54
[2026-02-03 01:10:54.429] [info] [spider.worker] [TIMING] worker_id=7dda5562-a36c-47d3-bb98-3789c41bd55a task_id=87ef1aa6-b735-4906-b059-b88253668bfb get_next_task request_start=510296597 connect_end=510296598 send_end=510296599 receive_end=510296599 connect_duration_ms=1 send_duration_ms=0 receive_duration_ms=0 total_duration_ms=1
[2026-02-03 01:10:54.430] [info] [spider.worker] [TIMING] task_id=87ef1aa6-b735-4906-b059-b88253668bfb storage_connect_start=510296637 storage_connect_end=510296639 storage_connect_duration_ms=1 phase=pre_execution
[2026-02-03 01:10:54.431] [info] [spider.worker] [TIMING] task_id=87ef1aa6-b735-4906-b059-b88253668bfb func=job_orchestration.executor.query.spider_search_task.search_without_channel fetch_input_start=510296639 fetch_input_end=510296639 fetch_input_duration_ms=0
[2026-02-03 01:10:54.432] [info] [spider.worker] [TIMING] task_id=87ef1aa6-b735-4906-b059-b88253668bfb func=job_orchestration.executor.query.spider_search_task.search_without_channel input_send_start=510296640 input_send_end=510296640 input_send_duration_ms=0 bytes=612
[2026-02-03 01:10:54.432] [info] [spider.worker] [TIMING] task_id=87ef1aa6-b735-4906-b059-b88253668bfb func=job_orchestration.executor.query.spider_search_task.search_without_channel spawn_start=510296640 spawn_end=510296640 spawn_duration_ms=0
[2026-02-03 01:10:55.632] [info] [spider.worker] [TIMING] task_id=87ef1aa6-b735-4906-b059-b88253668bfb func=job_orchestration.executor.query.spider_search_task.search_without_channel execution_start=510296640 execution_end=510297840 execution_duration_ms=1200
[2026-02-03 01:10:55.640] [info] [spider.worker] [TIMING] task_id=87ef1aa6-b735-4906-b059-b88253668bfb func=job_orchestration.executor.query.spider_search_task.search_without_channel storage_connect_start=510297840 storage_connect_end=510297849 storage_connect_duration_ms=8 phase=handle_result
[2026-02-03 01:10:55.682] [info] [spider.worker] [TIMING] task_id=87ef1aa6-b735-4906-b059-b88253668bfb func=job_orchestration.executor.query.spider_search_task.search_without_channel submit_output_start=510297849 submit_output_end=510297890 submit_output_duration_ms=41
[2026-02-03 01:10:55.701] [info] [spider.worker] [TIMING] worker_id=7dda5562-a36c-47d3-bb98-3789c41bd55a task_id=f1637c5f-1b44-4070-8cd8-f1cf52687aa1 get_next_task request_start=510297892 connect_end=510297894 send_end=510297894 receive_end=510297894 connect_duration_ms=1 send_duration_ms=0 receive_duration_ms=0 total_duration_ms=1
[2026-02-03 01:10:55.703] [info] [spider.worker] [TIMING] task_id=f1637c5f-1b44-4070-8cd8-f1cf52687aa1 storage_connect_start=510297909 storage_connect_end=510297911 storage_connect_duration_ms=1 phase=pre_execution
[2026-02-03 01:10:55.704] [info] [spider.worker] [TIMING] task_id=f1637c5f-1b44-4070-8cd8-f1cf52687aa1 func=job_orchestration.executor.query.spider_search_task.search_without_channel fetch_input_start=510297911 fetch_input_end=510297912 fetch_input_duration_ms=1
[2026-02-03 01:10:55.704] [info] [spider.worker] [TIMING] task_id=f1637c5f-1b44-4070-8cd8-f1cf52687aa1 func=job_orchestration.executor.query.spider_search_task.search_without_channel input_send_start=510297913 input_send_end=510297913 input_send_duration_ms=0 bytes=612
[2026-02-03 01:10:55.704] [info] [spider.worker] [TIMING] task_id=f1637c5f-1b44-4070-8cd8-f1cf52687aa1 func=job_orchestration.executor.query.spider_search_task.search_without_channel spawn_start=510297912 spawn_end=510297913 spawn_duration_ms=0
[2026-02-03 01:10:57.208] [info] [spider.worker] [TIMING] task_id=f1637c5f-1b44-4070-8cd8-f1cf52687aa1 func=job_orchestration.executor.query.spider_search_task.search_without_channel execution_start=510297913 execution_end=510299416 execution_duration_ms=1502
[2026-02-03 01:10:57.209] [info] [spider.worker] [TIMING] task_id=f1637c5f-1b44-4070-8cd8-f1cf52687aa1 func=job_orchestration.executor.query.spider_search_task.search_without_channel storage_connect_start=510299416 storage_connect_end=510299417 storage_connect_duration_ms=1 phase=handle_result
[2026-02-03 01:10:57.234] [info] [spider.worker] [TIMING] task_id=f1637c5f-1b44-4070-8cd8-f1cf52687aa1 func=job_orchestration.executor.query.spider_search_task.search_without_channel submit_output_start=510299417 submit_output_end=510299443 submit_output_duration_ms=25
[2026-02-03 01:10:57.251] [info] [spider.worker] [TIMING] worker_id=7dda5562-a36c-47d3-bb98-3789c41bd55a task_id=4e5493ec-25df-4e43-bf5e-97c86909b97b get_next_task request_start=510299444 connect_end=510299445 send_end=510299445 receive_end=510299446 connect_duration_ms=1 send_duration_ms=0 receive_duration_ms=0 total_duration_ms=1
[2026-02-03 01:10:57.253] [info] [spider.worker] [TIMING] task_id=4e5493ec-25df-4e43-bf5e-97c86909b97b storage_connect_start=510299459 storage_connect_end=510299461 storage_connect_duration_ms=1 phase=pre_execution
[2026-02-03 01:10:57.254] [info] [spider.worker] [TIMING] task_id=4e5493ec-25df-4e43-bf5e-97c86909b97b func=job_orchestration.executor.query.spider_search_task.search_without_channel fetch_input_start=510299461 fetch_input_end=510299462 fetch_input_duration_ms=0
[2026-02-03 01:10:57.254] [info] [spider.worker] [TIMING] task_id=4e5493ec-25df-4e43-bf5e-97c86909b97b func=job_orchestration.executor.query.spider_search_task.search_without_channel input_send_start=510299463 input_send_end=510299463 input_send_duration_ms=0 bytes=612
[2026-02-03 01:10:57.254] [info] [spider.worker] [TIMING] task_id=4e5493ec-25df-4e43-bf5e-97c86909b97b func=job_orchestration.executor.query.spider_search_task.search_without_channel spawn_start=510299462 spawn_end=510299463 spawn_duration_ms=0
[2026-02-03 01:10:58.935] [info] [spider.worker] [TIMING] task_id=4e5493ec-25df-4e43-bf5e-97c86909b97b func=job_orchestration.executor.query.spider_search_task.search_without_channel execution_start=510299463 execution_end=510301143 execution_duration_ms=1680
[2026-02-03 01:10:58.938] [info] [spider.worker] [TIMING] task_id=4e5493ec-25df-4e43-bf5e-97c86909b97b func=job_orchestration.executor.query.spider_search_task.search_without_channel storage_connect_start=510301144 storage_connect_end=510301146 storage_connect_duration_ms=2 phase=handle_result
[2026-02-03 01:10:58.959] [info] [spider.worker] [TIMING] task_id=4e5493ec-25df-4e43-bf5e-97c86909b97b func=job_orchestration.executor.query.spider_search_task.search_without_channel submit_output_start=510301146 submit_output_end=510301168 submit_output_duration_ms=21
[2026-02-03 01:10:58.996] [info] [spider.worker] [TIMING] worker_id=7dda5562-a36c-47d3-bb98-3789c41bd55a task_id=ebd96aad-e25a-4dfb-a026-6f9a91ba831c get_next_task request_start=510301170 connect_end=510301171 send_end=510301171 receive_end=510301171 connect_duration_ms=1 send_duration_ms=0 receive_duration_ms=0 total_duration_ms=1
[2026-02-03 01:10:58.998] [info] [spider.worker] [TIMING] task_id=ebd96aad-e25a-4dfb-a026-6f9a91ba831c storage_connect_start=510301204 storage_connect_end=510301206 storage_connect_duration_ms=1 phase=pre_execution
[2026-02-03 01:10:58.999] [info] [spider.worker] [TIMING] task_id=ebd96aad-e25a-4dfb-a026-6f9a91ba831c func=job_orchestration.executor.query.spider_search_task.search_without_channel fetch_input_start=510301206 fetch_input_end=510301207 fetch_input_duration_ms=1
[2026-02-03 01:10:58.999] [info] [spider.worker] [TIMING] task_id=ebd96aad-e25a-4dfb-a026-6f9a91ba831c func=job_orchestration.executor.query.spider_search_task.search_without_channel input_send_start=510301208 input_send_end=510301208 input_send_duration_ms=0 bytes=612
[2026-02-03 01:10:59.000] [info] [spider.worker] [TIMING] task_id=ebd96aad-e25a-4dfb-a026-6f9a91ba831c func=job_orchestration.executor.query.spider_search_task.search_without_channel spawn_start=510301207 spawn_end=510301208 spawn_duration_ms=0
[2026-02-03 01:11:00.395] [info] [spider.worker] [TIMING] task_id=ebd96aad-e25a-4dfb-a026-6f9a91ba831c func=job_orchestration.executor.query.spider_search_task.search_without_channel execution_start=510301208 execution_end=510302603 execution_duration_ms=1395
[2026-02-03 01:11:00.397] [info] [spider.worker] [TIMING] task_id=ebd96aad-e25a-4dfb-a026-6f9a91ba831c func=job_orchestration.executor.query.spider_search_task.search_without_channel storage_connect_start=510302603 storage_connect_end=510302605 storage_connect_duration_ms=2 phase=handle_result
[2026-02-03 01:11:00.410] [info] [spider.worker] [TIMING] task_id=ebd96aad-e25a-4dfb-a026-6f9a91ba831c func=job_orchestration.executor.query.spider_search_task.search_without_channel submit_output_start=510302605 submit_output_end=510302618 submit_output_duration_ms=12
[2026-02-03 01:11:00.426] [info] [spider.worker] [TIMING] worker_id=7dda5562-a36c-47d3-bb98-3789c41bd55a task_id=9fb05240-a0a1-4383-9f3e-5de1e0d8623d get_next_task request_start=510302621 connect_end=510302622 send_end=510302622 receive_end=510302622 connect_duration_ms=1 send_duration_ms=0 receive_duration_ms=0 total_duration_ms=1
[2026-02-03 01:11:00.428] [info] [spider.worker] [TIMING] task_id=9fb05240-a0a1-4383-9f3e-5de1e0d8623d storage_connect_start=510302635 storage_connect_end=510302637 storage_connect_duration_ms=1 phase=pre_execution
[2026-02-03 01:11:00.430] [info] [spider.worker] [TIMING] task_id=9fb05240-a0a1-4383-9f3e-5de1e0d8623d func=job_orchestration.executor.query.spider_search_task.search_without_channel fetch_input_start=510302637 fetch_input_end=510302638 fetch_input_duration_ms=1
[2026-02-03 01:11:00.430] [info] [spider.worker] [TIMING] task_id=9fb05240-a0a1-4383-9f3e-5de1e0d8623d func=job_orchestration.executor.query.spider_search_task.search_without_channel input_send_start=510302639 input_send_end=510302639 input_send_duration_ms=0 bytes=612
[2026-02-03 01:11:00.430] [info] [spider.worker] [TIMING] task_id=9fb05240-a0a1-4383-9f3e-5de1e0d8623d func=job_orchestration.executor.query.spider_search_task.search_without_channel spawn_start=510302638 spawn_end=510302639 spawn_duration_ms=0
[2026-02-03 01:11:01.629] [info] [spider.worker] [TIMING] task_id=9fb05240-a0a1-4383-9f3e-5de1e0d8623d func=job_orchestration.executor.query.spider_search_task.search_without_channel execution_start=510302639 execution_end=510303837 execution_duration_ms=1198
[2026-02-03 01:11:01.630] [info] [spider.worker] [TIMING] task_id=9fb05240-a0a1-4383-9f3e-5de1e0d8623d func=job_orchestration.executor.query.spider_search_task.search_without_channel storage_connect_start=510303837 storage_connect_end=510303839 storage_connect_duration_ms=1 phase=handle_result
[2026-02-03 01:11:01.635] [info] [spider.worker] [TIMING] task_id=9fb05240-a0a1-4383-9f3e-5de1e0d8623d func=job_orchestration.executor.query.spider_search_task.search_without_channel submit_output_start=510303839 submit_output_end=510303843 submit_output_duration_ms=4
[2026-02-03 01:11:01.669] [info] [spider.worker] [TIMING] worker_id=7dda5562-a36c-47d3-bb98-3789c41bd55a task_id=5bef4579-c4d5-4a67-b6b4-ddbea7fbb98e get_next_task request_start=510303845 connect_end=510303847 send_end=510303847 receive_end=510303847 connect_duration_ms=1 send_duration_ms=0 receive_duration_ms=0 total_duration_ms=1
[2026-02-03 01:11:01.670] [info] [spider.worker] [TIMING] task_id=5bef4579-c4d5-4a67-b6b4-ddbea7fbb98e storage_connect_start=510303877 storage_connect_end=510303879 storage_connect_duration_ms=1 phase=pre_execution
[2026-02-03 01:11:01.671] [info] [spider.worker] [TIMING] task_id=5bef4579-c4d5-4a67-b6b4-ddbea7fbb98e func=job_orchestration.executor.query.spider_search_task.search_without_channel fetch_input_start=510303879 fetch_input_end=510303880 fetch_input_duration_ms=0
[2026-02-03 01:11:01.672] [info] [spider.worker] [TIMING] task_id=5bef4579-c4d5-4a67-b6b4-ddbea7fbb98e func=job_orchestration.executor.query.spider_search_task.search_without_channel input_send_start=510303880 input_send_end=510303880 input_send_duration_ms=0 bytes=612
[2026-02-03 01:11:01.672] [info] [spider.worker] [TIMING] task_id=5bef4579-c4d5-4a67-b6b4-ddbea7fbb98e func=job_orchestration.executor.query.spider_search_task.search_without_channel spawn_start=510303880 spawn_end=510303880 spawn_duration_ms=0
[2026-02-03 01:11:03.003] [info] [spider.worker] [TIMING] task_id=5bef4579-c4d5-4a67-b6b4-ddbea7fbb98e func=job_orchestration.executor.query.spider_search_task.search_without_channel execution_start=510303880 execution_end=510305212 execution_duration_ms=1331
[2026-02-03 01:11:03.005] [info] [spider.worker] [TIMING] task_id=5bef4579-c4d5-4a67-b6b4-ddbea7fbb98e func=job_orchestration.executor.query.spider_search_task.search_without_channel storage_connect_start=510305212 storage_connect_end=510305213 storage_connect_duration_ms=1 phase=handle_result
[2026-02-03 01:11:03.088] [info] [spider.worker] [TIMING] task_id=5bef4579-c4d5-4a67-b6b4-ddbea7fbb98e func=job_orchestration.executor.query.spider_search_task.search_without_channel submit_output_start=510305213 submit_output_end=510305297 submit_output_duration_ms=83
[2026-02-03 01:11:03.139] [info] [spider.worker] [TIMING] worker_id=7dda5562-a36c-47d3-bb98-3789c41bd55a task_id=edb43598-8281-418c-b409-35ace289d514 get_next_task request_start=510305299 connect_end=510305300 send_end=510305300 receive_end=510305300 connect_duration_ms=1 send_duration_ms=0 receive_duration_ms=0 total_duration_ms=1
[2026-02-03 01:11:03.140] [info] [spider.worker] [TIMING] task_id=edb43598-8281-418c-b409-35ace289d514 storage_connect_start=510305347 storage_connect_end=510305348 storage_connect_duration_ms=1 phase=pre_execution
[2026-02-03 01:11:03.141] [info] [spider.worker] [TIMING] task_id=edb43598-8281-418c-b409-35ace289d514 func=job_orchestration.executor.query.spider_search_task.search_without_channel fetch_input_start=510305348 fetch_input_end=510305349 fetch_input_duration_ms=0
[2026-02-03 01:11:03.141] [info] [spider.worker] [TIMING] task_id=edb43598-8281-418c-b409-35ace289d514 func=job_orchestration.executor.query.spider_search_task.search_without_channel input_send_start=510305350 input_send_end=510305350 input_send_duration_ms=0 bytes=612
[2026-02-03 01:11:03.141] [info] [spider.worker] [TIMING] task_id=edb43598-8281-418c-b409-35ace289d514 func=job_orchestration.executor.query.spider_search_task.search_without_channel spawn_start=510305349 spawn_end=510305350 spawn_duration_ms=0
[2026-02-03 01:11:04.440] [info] [spider.worker] [TIMING] task_id=edb43598-8281-418c-b409-35ace289d514 func=job_orchestration.executor.query.spider_search_task.search_without_channel execution_start=510305350 execution_end=510306648 execution_duration_ms=1298
[2026-02-03 01:11:04.442] [info] [spider.worker] [TIMING] task_id=edb43598-8281-418c-b409-35ace289d514 func=job_orchestration.executor.query.spider_search_task.search_without_channel storage_connect_start=510306648 storage_connect_end=510306650 storage_connect_duration_ms=1 phase=handle_result
[2026-02-03 01:11:04.491] [info] [spider.worker] [TIMING] task_id=edb43598-8281-418c-b409-35ace289d514 func=job_orchestration.executor.query.spider_search_task.search_without_channel submit_output_start=510306650 submit_output_end=510306700 submit_output_duration_ms=49
[2026-02-03 01:11:04.510] [info] [spider.worker] [TIMING] worker_id=7dda5562-a36c-47d3-bb98-3789c41bd55a task_id=1b887186-7ebc-4f3d-ad81-d7287c232bb2 get_next_task request_start=510306702 connect_end=510306703 send_end=510306703 receive_end=510306703 connect_duration_ms=1 send_duration_ms=0 receive_duration_ms=0 total_duration_ms=1
[2026-02-03 01:11:04.512] [info] [spider.worker] [TIMING] task_id=1b887186-7ebc-4f3d-ad81-d7287c232bb2 storage_connect_start=510306719 storage_connect_end=510306720 storage_connect_duration_ms=1 phase=pre_execution
[2026-02-03 01:11:04.513] [info] [spider.worker] [TIMING] task_id=1b887186-7ebc-4f3d-ad81-d7287c232bb2 func=job_orchestration.executor.query.spider_search_task.search_without_channel fetch_input_start=510306720 fetch_input_end=510306721 fetch_input_duration_ms=0
[2026-02-03 01:11:04.513] [info] [spider.worker] [TIMING] task_id=1b887186-7ebc-4f3d-ad81-d7287c232bb2 func=job_orchestration.executor.query.spider_search_task.search_without_channel input_send_start=510306722 input_send_end=510306722 input_send_duration_ms=0 bytes=612
[2026-02-03 01:11:04.513] [info] [spider.worker] [TIMING] task_id=1b887186-7ebc-4f3d-ad81-d7287c232bb2 func=job_orchestration.executor.query.spider_search_task.search_without_channel spawn_start=510306721 spawn_end=510306722 spawn_duration_ms=0
[2026-02-03 01:11:06.141] [info] [spider.worker] [TIMING] task_id=1b887186-7ebc-4f3d-ad81-d7287c232bb2 func=job_orchestration.executor.query.spider_search_task.search_without_channel execution_start=510306722 execution_end=510308349 execution_duration_ms=1627
[2026-02-03 01:11:06.142] [info] [spider.worker] [TIMING] task_id=1b887186-7ebc-4f3d-ad81-d7287c232bb2 func=job_orchestration.executor.query.spider_search_task.search_without_channel storage_connect_start=510308349 storage_connect_end=510308351 storage_connect_duration_ms=1 phase=handle_result
[2026-02-03 01:11:06.161] [info] [spider.worker] [TIMING] task_id=1b887186-7ebc-4f3d-ad81-d7287c232bb2 func=job_orchestration.executor.query.spider_search_task.search_without_channel submit_output_start=510308351 submit_output_end=510308369 submit_output_duration_ms=18
[2026-02-03 01:11:06.177] [info] [spider.worker] [TIMING] worker_id=7dda5562-a36c-47d3-bb98-3789c41bd55a task_id=f4c46233-19c2-41e4-916d-294bbbeefaf1 get_next_task request_start=510308372 connect_end=510308373 send_end=510308373 receive_end=510308373 connect_duration_ms=1 send_duration_ms=0 receive_duration_ms=0 total_duration_ms=1
[2026-02-03 01:11:06.179] [info] [spider.worker] [TIMING] task_id=f4c46233-19c2-41e4-916d-294bbbeefaf1 storage_connect_start=510308386 storage_connect_end=510308388 storage_connect_duration_ms=1 phase=pre_execution
[2026-02-03 01:11:06.180] [info] [spider.worker] [TIMING] task_id=f4c46233-19c2-41e4-916d-294bbbeefaf1 func=job_orchestration.executor.query.spider_search_task.search_without_channel fetch_input_start=510308388 fetch_input_end=510308389 fetch_input_duration_ms=1
[2026-02-03 01:11:06.181] [info] [spider.worker] [TIMING] task_id=f4c46233-19c2-41e4-916d-294bbbeefaf1 func=job_orchestration.executor.query.spider_search_task.search_without_channel input_send_start=510308389 input_send_end=510308389 input_send_duration_ms=0 bytes=612
[2026-02-03 01:11:06.181] [info] [spider.worker] [TIMING] task_id=f4c46233-19c2-41e4-916d-294bbbeefaf1 func=job_orchestration.executor.query.spider_search_task.search_without_channel spawn_start=510308389 spawn_end=510308389 spawn_duration_ms=0
[2026-02-03 01:11:07.614] [info] [spider.worker] [TIMING] task_id=f4c46233-19c2-41e4-916d-294bbbeefaf1 func=job_orchestration.executor.query.spider_search_task.search_without_channel execution_start=510308390 execution_end=510309822 execution_duration_ms=1432
[2026-02-03 01:11:07.615] [info] [spider.worker] [TIMING] task_id=f4c46233-19c2-41e4-916d-294bbbeefaf1 func=job_orchestration.executor.query.spider_search_task.search_without_channel storage_connect_start=510309822 storage_connect_end=510309823 storage_connect_duration_ms=1 phase=handle_result
[2026-02-03 01:11:07.627] [info] [spider.worker] [TIMING] task_id=f4c46233-19c2-41e4-916d-294bbbeefaf1 func=job_orchestration.executor.query.spider_search_task.search_without_channel submit_output_start=510309823 submit_output_end=510309836 submit_output_duration_ms=12
[2026-02-03 01:11:07.644] [info] [spider.worker] [TIMING] worker_id=7dda5562-a36c-47d3-bb98-3789c41bd55a task_id=7d288a5e-5f38-49bc-895a-07b37fb461ff get_next_task request_start=510309838 connect_end=510309839 send_end=510309839 receive_end=510309839 connect_duration_ms=1 send_duration_ms=0 receive_duration_ms=0 total_duration_ms=1
[2026-02-03 01:11:07.645] [info] [spider.worker] [TIMING] task_id=7d288a5e-5f38-49bc-895a-07b37fb461ff storage_connect_start=510309852 storage_connect_end=510309854 storage_connect_duration_ms=1 phase=pre_execution
[2026-02-03 01:11:07.646] [info] [spider.worker] [TIMING] task_id=7d288a5e-5f38-49bc-895a-07b37fb461ff func=job_orchestration.executor.query.spider_search_task.search_without_channel fetch_input_start=510309854 fetch_input_end=510309855 fetch_input_duration_ms=0
[2026-02-03 01:11:07.647] [info] [spider.worker] [TIMING] task_id=7d288a5e-5f38-49bc-895a-07b37fb461ff func=job_orchestration.executor.query.spider_search_task.search_without_channel input_send_start=510309855 input_send_end=510309855 input_send_duration_ms=0 bytes=612
[2026-02-03 01:11:07.647] [info] [spider.worker] [TIMING] task_id=7d288a5e-5f38-49bc-895a-07b37fb461ff func=job_orchestration.executor.query.spider_search_task.search_without_channel spawn_start=510309855 spawn_end=510309855 spawn_duration_ms=0
[2026-02-03 01:11:08.867] [info] [spider.worker] [TIMING] task_id=7d288a5e-5f38-49bc-895a-07b37fb461ff func=job_orchestration.executor.query.spider_search_task.search_without_channel execution_start=510309855 execution_end=510311075 execution_duration_ms=1219
[2026-02-03 01:11:08.868] [info] [spider.worker] [TIMING] task_id=7d288a5e-5f38-49bc-895a-07b37fb461ff func=job_orchestration.executor.query.spider_search_task.search_without_channel storage_connect_start=510311075 storage_connect_end=510311077 storage_connect_duration_ms=1 phase=handle_result
[2026-02-03 01:11:08.878] [info] [spider.worker] [TIMING] task_id=7d288a5e-5f38-49bc-895a-07b37fb461ff func=job_orchestration.executor.query.spider_search_task.search_without_channel submit_output_start=510311077 submit_output_end=510311086 submit_output_duration_ms=9
[2026-02-03 01:11:08.894] [info] [spider.worker] [TIMING] worker_id=7dda5562-a36c-47d3-bb98-3789c41bd55a task_id=33a27ed4-a9f2-40c8-887e-c8a9a811f9eb get_next_task request_start=510311089 connect_end=510311090 send_end=510311090 receive_end=510311090 connect_duration_ms=1 send_duration_ms=0 receive_duration_ms=0 total_duration_ms=1
[2026-02-03 01:11:08.896] [info] [spider.worker] [TIMING] task_id=33a27ed4-a9f2-40c8-887e-c8a9a811f9eb storage_connect_start=510311103 storage_connect_end=510311105 storage_connect_duration_ms=1 phase=pre_execution
[2026-02-03 01:11:08.897] [info] [spider.worker] [TIMING] task_id=33a27ed4-a9f2-40c8-887e-c8a9a811f9eb func=job_orchestration.executor.query.spider_search_task.search_without_channel fetch_input_start=510311105 fetch_input_end=510311106 fetch_input_duration_ms=0
[2026-02-03 01:11:08.898] [info] [spider.worker] [TIMING] task_id=33a27ed4-a9f2-40c8-887e-c8a9a811f9eb func=job_orchestration.executor.query.spider_search_task.search_without_channel input_send_start=510311106 input_send_end=510311106 input_send_duration_ms=0 bytes=612
[2026-02-03 01:11:08.898] [info] [spider.worker] [TIMING] task_id=33a27ed4-a9f2-40c8-887e-c8a9a811f9eb func=job_orchestration.executor.query.spider_search_task.search_without_channel spawn_start=510311106 spawn_end=510311106 spawn_duration_ms=0
[2026-02-03 01:11:10.161] [info] [spider.worker] [TIMING] task_id=33a27ed4-a9f2-40c8-887e-c8a9a811f9eb func=job_orchestration.executor.query.spider_search_task.search_without_channel execution_start=510311106 execution_end=510312369 execution_duration_ms=1262
[2026-02-03 01:11:10.162] [info] [spider.worker] [TIMING] task_id=33a27ed4-a9f2-40c8-887e-c8a9a811f9eb func=job_orchestration.executor.query.spider_search_task.search_without_channel storage_connect_start=510312369 storage_connect_end=510312370 storage_connect_duration_ms=1 phase=handle_result
[2026-02-03 01:11:10.178] [info] [spider.worker] [TIMING] task_id=33a27ed4-a9f2-40c8-887e-c8a9a811f9eb func=job_orchestration.executor.query.spider_search_task.search_without_channel submit_output_start=510312370 submit_output_end=510312386 submit_output_duration_ms=15
[2026-02-03 01:11:10.219] [info] [spider.worker] [TIMING] worker_id=7dda5562-a36c-47d3-bb98-3789c41bd55a task_id=d9feaf07-f073-4959-b9ac-f2c9dc0c1912 get_next_task request_start=510312388 connect_end=510312389 send_end=510312389 receive_end=510312389 connect_duration_ms=1 send_duration_ms=0 receive_duration_ms=0 total_duration_ms=1
[2026-02-03 01:11:10.221] [info] [spider.worker] [TIMING] task_id=d9feaf07-f073-4959-b9ac-f2c9dc0c1912 storage_connect_start=510312428 storage_connect_end=510312430 storage_connect_duration_ms=1 phase=pre_execution
[2026-02-03 01:11:10.222] [info] [spider.worker] [TIMING] task_id=d9feaf07-f073-4959-b9ac-f2c9dc0c1912 func=job_orchestration.executor.query.spider_search_task.search_without_channel fetch_input_start=510312430 fetch_input_end=510312431 fetch_input_duration_ms=0
[2026-02-03 01:11:10.223] [info] [spider.worker] [TIMING] task_id=d9feaf07-f073-4959-b9ac-f2c9dc0c1912 func=job_orchestration.executor.query.spider_search_task.search_without_channel input_send_start=510312431 input_send_end=510312431 input_send_duration_ms=0 bytes=612
[2026-02-03 01:11:10.223] [info] [spider.worker] [TIMING] task_id=d9feaf07-f073-4959-b9ac-f2c9dc0c1912 func=job_orchestration.executor.query.spider_search_task.search_without_channel spawn_start=510312431 spawn_end=510312431 spawn_duration_ms=0
[2026-02-03 01:11:11.498] [info] [spider.worker] [TIMING] task_id=d9feaf07-f073-4959-b9ac-f2c9dc0c1912 func=job_orchestration.executor.query.spider_search_task.search_without_channel execution_start=510312431 execution_end=510313706 execution_duration_ms=1275
[2026-02-03 01:11:11.499] [info] [spider.worker] [TIMING] task_id=d9feaf07-f073-4959-b9ac-f2c9dc0c1912 func=job_orchestration.executor.query.spider_search_task.search_without_channel storage_connect_start=510313706 storage_connect_end=510313708 storage_connect_duration_ms=1 phase=handle_result
[2026-02-03 01:11:11.511] [info] [spider.worker] [TIMING] task_id=d9feaf07-f073-4959-b9ac-f2c9dc0c1912 func=job_orchestration.executor.query.spider_search_task.search_without_channel submit_output_start=510313708 submit_output_end=510313720 submit_output_duration_ms=11
[2026-02-03 01:11:11.528] [info] [spider.worker] [TIMING] worker_id=7dda5562-a36c-47d3-bb98-3789c41bd55a task_id=3c49eb0d-e3cc-4463-82b7-8dd3f8a2ac3a get_next_task request_start=510313722 connect_end=510313724 send_end=510313724 receive_end=510313724 connect_duration_ms=1 send_duration_ms=0 receive_duration_ms=0 total_duration_ms=1
[2026-02-03 01:11:11.530] [info] [spider.worker] [TIMING] task_id=3c49eb0d-e3cc-4463-82b7-8dd3f8a2ac3a storage_connect_start=510313737 storage_connect_end=510313738 storage_connect_duration_ms=1 phase=pre_execution
[2026-02-03 01:11:11.531] [info] [spider.worker] [TIMING] task_id=3c49eb0d-e3cc-4463-82b7-8dd3f8a2ac3a func=job_orchestration.executor.query.spider_search_task.search_without_channel fetch_input_start=510313738 fetch_input_end=510313740 fetch_input_duration_ms=1
[2026-02-03 01:11:11.532] [info] [spider.worker] [TIMING] task_id=3c49eb0d-e3cc-4463-82b7-8dd3f8a2ac3a func=job_orchestration.executor.query.spider_search_task.search_without_channel input_send_start=510313740 input_send_end=510313740 input_send_duration_ms=0 bytes=612
[2026-02-03 01:11:11.532] [info] [spider.worker] [TIMING] task_id=3c49eb0d-e3cc-4463-82b7-8dd3f8a2ac3a func=job_orchestration.executor.query.spider_search_task.search_without_channel spawn_start=510313740 spawn_end=510313740 spawn_duration_ms=0
[2026-02-03 01:11:12.911] [info] [spider.worker] [TIMING] task_id=3c49eb0d-e3cc-4463-82b7-8dd3f8a2ac3a func=job_orchestration.executor.query.spider_search_task.search_without_channel execution_start=510313740 execution_end=510315119 execution_duration_ms=1378
[2026-02-03 01:11:12.913] [info] [spider.worker] [TIMING] task_id=3c49eb0d-e3cc-4463-82b7-8dd3f8a2ac3a func=job_orchestration.executor.query.spider_search_task.search_without_channel storage_connect_start=510315119 storage_connect_end=510315122 storage_connect_duration_ms=2 phase=handle_result
[2026-02-03 01:11:12.928] [info] [spider.worker] [TIMING] task_id=3c49eb0d-e3cc-4463-82b7-8dd3f8a2ac3a func=job_orchestration.executor.query.spider_search_task.search_without_channel submit_output_start=510315122 submit_output_end=510315137 submit_output_duration_ms=14
[2026-02-03 01:11:12.963] [info] [spider.worker] [TIMING] worker_id=7dda5562-a36c-47d3-bb98-3789c41bd55a task_id=4a2590d8-7574-4432-9099-a82143c58e72 get_next_task request_start=510315139 connect_end=510315140 send_end=510315140 receive_end=510315140 connect_duration_ms=1 send_duration_ms=0 receive_duration_ms=0 total_duration_ms=1
[2026-02-03 01:11:12.965] [info] [spider.worker] [TIMING] task_id=4a2590d8-7574-4432-9099-a82143c58e72 storage_connect_start=510315172 storage_connect_end=510315173 storage_connect_duration_ms=1 phase=pre_execution
[2026-02-03 01:11:12.966] [info] [spider.worker] [TIMING] task_id=4a2590d8-7574-4432-9099-a82143c58e72 func=job_orchestration.executor.query.spider_search_task.search_without_channel fetch_input_start=510315173 fetch_input_end=510315174 fetch_input_duration_ms=0
[2026-02-03 01:11:12.967] [info] [spider.worker] [TIMING] task_id=4a2590d8-7574-4432-9099-a82143c58e72 func=job_orchestration.executor.query.spider_search_task.search_without_channel input_send_start=510315175 input_send_end=510315175 input_send_duration_ms=0 bytes=612
[2026-02-03 01:11:12.967] [info] [spider.worker] [TIMING] task_id=4a2590d8-7574-4432-9099-a82143c58e72 func=job_orchestration.executor.query.spider_search_task.search_without_channel spawn_start=510315175 spawn_end=510315175 spawn_duration_ms=0
[2026-02-03 01:11:14.303] [info] [spider.worker] [TIMING] task_id=4a2590d8-7574-4432-9099-a82143c58e72 func=job_orchestration.executor.query.spider_search_task.search_without_channel execution_start=510315175 execution_end=510316511 execution_duration_ms=1335
[2026-02-03 01:11:14.304] [info] [spider.worker] [TIMING] task_id=4a2590d8-7574-4432-9099-a82143c58e72 func=job_orchestration.executor.query.spider_search_task.search_without_channel storage_connect_start=510316511 storage_connect_end=510316513 storage_connect_duration_ms=1 phase=handle_result
[2026-02-03 01:11:14.320] [info] [spider.worker] [TIMING] task_id=4a2590d8-7574-4432-9099-a82143c58e72 func=job_orchestration.executor.query.spider_search_task.search_without_channel submit_output_start=510316513 submit_output_end=510316529 submit_output_duration_ms=15
[2026-02-03 01:11:14.337] [info] [spider.worker] [TIMING] worker_id=7dda5562-a36c-47d3-bb98-3789c41bd55a task_id=cf3cea42-8483-493b-8a35-6471eba8fd14 get_next_task request_start=510316531 connect_end=510316532 send_end=510316532 receive_end=510316532 connect_duration_ms=1 send_duration_ms=0 receive_duration_ms=0 total_duration_ms=1
[2026-02-03 01:11:14.339] [info] [spider.worker] [TIMING] task_id=cf3cea42-8483-493b-8a35-6471eba8fd14 storage_connect_start=510316545 storage_connect_end=510316547 storage_connect_duration_ms=1 phase=pre_execution
[2026-02-03 01:11:14.340] [info] [spider.worker] [TIMING] task_id=cf3cea42-8483-493b-8a35-6471eba8fd14 func=job_orchestration.executor.query.spider_search_task.search_without_channel fetch_input_start=510316547 fetch_input_end=510316548 fetch_input_duration_ms=1
[2026-02-03 01:11:14.340] [info] [spider.worker] [TIMING] task_id=cf3cea42-8483-493b-8a35-6471eba8fd14 func=job_orchestration.executor.query.spider_search_task.search_without_channel input_send_start=510316548 input_send_end=510316548 input_send_duration_ms=0 bytes=612
[2026-02-03 01:11:14.340] [info] [spider.worker] [TIMING] task_id=cf3cea42-8483-493b-8a35-6471eba8fd14 func=job_orchestration.executor.query.spider_search_task.search_without_channel spawn_start=510316548 spawn_end=510316548 spawn_duration_ms=0
[2026-02-03 01:11:15.849] [info] [spider.worker] [TIMING] task_id=cf3cea42-8483-493b-8a35-6471eba8fd14 func=job_orchestration.executor.query.spider_search_task.search_without_channel execution_start=510316549 execution_end=510318058 execution_duration_ms=1509
[2026-02-03 01:11:15.851] [info] [spider.worker] [TIMING] task_id=cf3cea42-8483-493b-8a35-6471eba8fd14 func=job_orchestration.executor.query.spider_search_task.search_without_channel storage_connect_start=510318058 storage_connect_end=510318059 storage_connect_duration_ms=1 phase=handle_result
[2026-02-03 01:11:15.888] [info] [spider.worker] [TIMING] task_id=cf3cea42-8483-493b-8a35-6471eba8fd14 func=job_orchestration.executor.query.spider_search_task.search_without_channel submit_output_start=510318060 submit_output_end=510318096 submit_output_duration_ms=36
[2026-02-03 01:11:15.904] [info] [spider.worker] [TIMING] worker_id=7dda5562-a36c-47d3-bb98-3789c41bd55a task_id=e2664e1a-d7fc-484b-bff6-66e795fddc69 get_next_task request_start=510318098 connect_end=510318099 send_end=510318100 receive_end=510318100 connect_duration_ms=1 send_duration_ms=0 receive_duration_ms=0 total_duration_ms=1
[2026-02-03 01:11:15.906] [info] [spider.worker] [TIMING] task_id=e2664e1a-d7fc-484b-bff6-66e795fddc69 storage_connect_start=510318113 storage_connect_end=510318115 storage_connect_duration_ms=1 phase=pre_execution
[2026-02-03 01:11:15.907] [info] [spider.worker] [TIMING] task_id=e2664e1a-d7fc-484b-bff6-66e795fddc69 func=job_orchestration.executor.query.spider_search_task.search_without_channel fetch_input_start=510318115 fetch_input_end=510318116 fetch_input_duration_ms=1
[2026-02-03 01:11:15.908] [info] [spider.worker] [TIMING] task_id=e2664e1a-d7fc-484b-bff6-66e795fddc69 func=job_orchestration.executor.query.spider_search_task.search_without_channel input_send_start=510318116 input_send_end=510318116 input_send_duration_ms=0 bytes=612
[2026-02-03 01:11:15.908] [info] [spider.worker] [TIMING] task_id=e2664e1a-d7fc-484b-bff6-66e795fddc69 func=job_orchestration.executor.query.spider_search_task.search_without_channel spawn_start=510318116 spawn_end=510318117 spawn_duration_ms=0
[2026-02-03 01:11:17.080] [info] [spider.worker] [TIMING] task_id=e2664e1a-d7fc-484b-bff6-66e795fddc69 func=job_orchestration.executor.query.spider_search_task.search_without_channel execution_start=510318117 execution_end=510319288 execution_duration_ms=1171
[2026-02-03 01:11:17.082] [info] [spider.worker] [TIMING] task_id=e2664e1a-d7fc-484b-bff6-66e795fddc69 func=job_orchestration.executor.query.spider_search_task.search_without_channel storage_connect_start=510319288 storage_connect_end=510319290 storage_connect_duration_ms=1 phase=handle_result
[2026-02-03 01:11:17.121] [info] [spider.worker] [TIMING] task_id=e2664e1a-d7fc-484b-bff6-66e795fddc69 func=job_orchestration.executor.query.spider_search_task.search_without_channel submit_output_start=510319290 submit_output_end=510319329 submit_output_duration_ms=39
[2026-02-03 01:11:17.138] [info] [spider.worker] [TIMING] worker_id=7dda5562-a36c-47d3-bb98-3789c41bd55a task_id=251b75b5-8b9b-49b1-82ec-5c65f3204a77 get_next_task request_start=510319332 connect_end=510319333 send_end=510319333 receive_end=510319333 connect_duration_ms=1 send_duration_ms=0 receive_duration_ms=0 total_duration_ms=1
[2026-02-03 01:11:17.140] [info] [spider.worker] [TIMING] task_id=251b75b5-8b9b-49b1-82ec-5c65f3204a77 storage_connect_start=510319346 storage_connect_end=510319348 storage_connect_duration_ms=1 phase=pre_execution
[2026-02-03 01:11:17.141] [info] [spider.worker] [TIMING] task_id=251b75b5-8b9b-49b1-82ec-5c65f3204a77 func=job_orchestration.executor.query.spider_search_task.search_without_channel fetch_input_start=510319348 fetch_input_end=510319349 fetch_input_duration_ms=1
[2026-02-03 01:11:17.141] [info] [spider.worker] [TIMING] task_id=251b75b5-8b9b-49b1-82ec-5c65f3204a77 func=job_orchestration.executor.query.spider_search_task.search_without_channel input_send_start=510319350 input_send_end=510319350 input_send_duration_ms=0 bytes=612
[2026-02-03 01:11:17.141] [info] [spider.worker] [TIMING] task_id=251b75b5-8b9b-49b1-82ec-5c65f3204a77 func=job_orchestration.executor.query.spider_search_task.search_without_channel spawn_start=510319349 spawn_end=510319350 spawn_duration_ms=0
[2026-02-03 01:11:18.471] [info] [spider.worker] [TIMING] task_id=251b75b5-8b9b-49b1-82ec-5c65f3204a77 func=job_orchestration.executor.query.spider_search_task.search_without_channel execution_start=510319350 execution_end=510320680 execution_duration_ms=1329
[2026-02-03 01:11:18.473] [info] [spider.worker] [TIMING] task_id=251b75b5-8b9b-49b1-82ec-5c65f3204a77 func=job_orchestration.executor.query.spider_search_task.search_without_channel storage_connect_start=510320680 storage_connect_end=510320682 storage_connect_duration_ms=2 phase=handle_result
[2026-02-03 01:11:18.501] [info] [spider.worker] [TIMING] task_id=251b75b5-8b9b-49b1-82ec-5c65f3204a77 func=job_orchestration.executor.query.spider_search_task.search_without_channel submit_output_start=510320682 submit_output_end=510320710 submit_output_duration_ms=27
[2026-02-03 01:11:18.521] [info] [spider.worker] [TIMING] worker_id=7dda5562-a36c-47d3-bb98-3789c41bd55a task_id=5acf9196-b380-448b-ae35-d8e4db30efd3 get_next_task request_start=510320712 connect_end=510320713 send_end=510320713 receive_end=510320714 connect_duration_ms=1 send_duration_ms=0 receive_duration_ms=0 total_duration_ms=1
[2026-02-03 01:11:18.523] [info] [spider.worker] [TIMING] task_id=5acf9196-b380-448b-ae35-d8e4db30efd3 storage_connect_start=510320730 storage_connect_end=510320731 storage_connect_duration_ms=1 phase=pre_execution
[2026-02-03 01:11:18.524] [info] [spider.worker] [TIMING] task_id=5acf9196-b380-448b-ae35-d8e4db30efd3 func=job_orchestration.executor.query.spider_search_task.search_without_channel fetch_input_start=510320731 fetch_input_end=510320732 fetch_input_duration_ms=0
[2026-02-03 01:11:18.525] [info] [spider.worker] [TIMING] task_id=5acf9196-b380-448b-ae35-d8e4db30efd3 func=job_orchestration.executor.query.spider_search_task.search_without_channel input_send_start=510320733 input_send_end=510320733 input_send_duration_ms=0 bytes=612
[2026-02-03 01:11:18.525] [info] [spider.worker] [TIMING] task_id=5acf9196-b380-448b-ae35-d8e4db30efd3 func=job_orchestration.executor.query.spider_search_task.search_without_channel spawn_start=510320732 spawn_end=510320733 spawn_duration_ms=0
[2026-02-03 01:11:19.991] [info] [spider.worker] [TIMING] task_id=5acf9196-b380-448b-ae35-d8e4db30efd3 func=job_orchestration.executor.query.spider_search_task.search_without_channel execution_start=510320733 execution_end=510322199 execution_duration_ms=1465
[2026-02-03 01:11:19.993] [info] [spider.worker] [TIMING] task_id=5acf9196-b380-448b-ae35-d8e4db30efd3 func=job_orchestration.executor.query.spider_search_task.search_without_channel storage_connect_start=510322199 storage_connect_end=510322201 storage_connect_duration_ms=1 phase=handle_result
[2026-02-03 01:11:20.004] [info] [spider.worker] [TIMING] task_id=5acf9196-b380-448b-ae35-d8e4db30efd3 func=job_orchestration.executor.query.spider_search_task.search_without_channel submit_output_start=510322201 submit_output_end=510322213 submit_output_duration_ms=11
[2026-02-03 01:11:20.013] [info] [spider.worker] [TIMING] worker_id=7dda5562-a36c-47d3-bb98-3789c41bd55a task_id=1cc1c12f-6363-4aa6-a685-b75a83b4daa3 get_next_task request_start=510322215 connect_end=510322216 send_end=510322216 receive_end=510322217 connect_duration_ms=1 send_duration_ms=0 receive_duration_ms=0 total_duration_ms=1
[2026-02-03 01:11:20.015] [info] [spider.worker] [TIMING] task_id=1cc1c12f-6363-4aa6-a685-b75a83b4daa3 storage_connect_start=510322221 storage_connect_end=510322223 storage_connect_duration_ms=1 phase=pre_execution
[2026-02-03 01:11:20.016] [info] [spider.worker] [TIMING] task_id=1cc1c12f-6363-4aa6-a685-b75a83b4daa3 func=job_orchestration.executor.query.spider_search_task.search_without_channel fetch_input_start=510322223 fetch_input_end=510322224 fetch_input_duration_ms=1
[2026-02-03 01:11:20.016] [info] [spider.worker] [TIMING] task_id=1cc1c12f-6363-4aa6-a685-b75a83b4daa3 func=job_orchestration.executor.query.spider_search_task.search_without_channel input_send_start=510322224 input_send_end=510322224 input_send_duration_ms=0 bytes=612
[2026-02-03 01:11:20.016] [info] [spider.worker] [TIMING] task_id=1cc1c12f-6363-4aa6-a685-b75a83b4daa3 func=job_orchestration.executor.query.spider_search_task.search_without_channel spawn_start=510322224 spawn_end=510322224 spawn_duration_ms=0
[2026-02-03 01:11:21.295] [info] [spider.worker] [TIMING] task_id=1cc1c12f-6363-4aa6-a685-b75a83b4daa3 func=job_orchestration.executor.query.spider_search_task.search_without_channel execution_start=510322225 execution_end=510323504 execution_duration_ms=1279
[2026-02-03 01:11:21.297] [info] [spider.worker] [TIMING] task_id=1cc1c12f-6363-4aa6-a685-b75a83b4daa3 func=job_orchestration.executor.query.spider_search_task.search_without_channel storage_connect_start=510323504 storage_connect_end=510323505 storage_connect_duration_ms=1 phase=handle_result
[2026-02-03 01:11:21.326] [info] [spider.worker] [TIMING] task_id=1cc1c12f-6363-4aa6-a685-b75a83b4daa3 func=job_orchestration.executor.query.spider_search_task.search_without_channel submit_output_start=510323505 submit_output_end=510323534 submit_output_duration_ms=28
[2026-02-03 01:11:21.346] [info] [spider.worker] [TIMING] worker_id=7dda5562-a36c-47d3-bb98-3789c41bd55a task_id=115818b6-4a1a-4411-a40f-af47e68bd7aa get_next_task request_start=510323536 connect_end=510323538 send_end=510323538 receive_end=510323538 connect_duration_ms=1 send_duration_ms=0 receive_duration_ms=0 total_duration_ms=1
[2026-02-03 01:11:21.349] [info] [spider.worker] [TIMING] task_id=115818b6-4a1a-4411-a40f-af47e68bd7aa storage_connect_start=510323555 storage_connect_end=510323557 storage_connect_duration_ms=1 phase=pre_execution
[2026-02-03 01:11:21.350] [info] [spider.worker] [TIMING] task_id=115818b6-4a1a-4411-a40f-af47e68bd7aa func=job_orchestration.executor.query.spider_search_task.search_without_channel fetch_input_start=510323557 fetch_input_end=510323558 fetch_input_duration_ms=1
[2026-02-03 01:11:21.350] [info] [spider.worker] [TIMING] task_id=115818b6-4a1a-4411-a40f-af47e68bd7aa func=job_orchestration.executor.query.spider_search_task.search_without_channel input_send_start=510323559 input_send_end=510323559 input_send_duration_ms=0 bytes=612
[2026-02-03 01:11:21.350] [info] [spider.worker] [TIMING] task_id=115818b6-4a1a-4411-a40f-af47e68bd7aa func=job_orchestration.executor.query.spider_search_task.search_without_channel spawn_start=510323558 spawn_end=510323559 spawn_duration_ms=0
[2026-02-03 01:11:22.862] [info] [spider.worker] [TIMING] task_id=115818b6-4a1a-4411-a40f-af47e68bd7aa func=job_orchestration.executor.query.spider_search_task.search_without_channel execution_start=510323559 execution_end=510325070 execution_duration_ms=1511
[2026-02-03 01:11:22.864] [info] [spider.worker] [TIMING] task_id=115818b6-4a1a-4411-a40f-af47e68bd7aa func=job_orchestration.executor.query.spider_search_task.search_without_channel storage_connect_start=510325070 storage_connect_end=510325073 storage_connect_duration_ms=2 phase=handle_result
[2026-02-03 01:11:22.896] [info] [spider.worker] [TIMING] task_id=115818b6-4a1a-4411-a40f-af47e68bd7aa func=job_orchestration.executor.query.spider_search_task.search_without_channel submit_output_start=510325073 submit_output_end=510325104 submit_output_duration_ms=31
[2026-02-03 01:11:22.913] [info] [spider.worker] [TIMING] worker_id=7dda5562-a36c-47d3-bb98-3789c41bd55a task_id=b02fd212-a4eb-4a30-8b4b-529f9300ea46 get_next_task request_start=510325107 connect_end=510325108 send_end=510325108 receive_end=510325108 connect_duration_ms=1 send_duration_ms=0 receive_duration_ms=0 total_duration_ms=1
[2026-02-03 01:11:22.915] [info] [spider.worker] [TIMING] task_id=b02fd212-a4eb-4a30-8b4b-529f9300ea46 storage_connect_start=510325122 storage_connect_end=510325124 storage_connect_duration_ms=1 phase=pre_execution
[2026-02-03 01:11:22.916] [info] [spider.worker] [TIMING] task_id=b02fd212-a4eb-4a30-8b4b-529f9300ea46 func=job_orchestration.executor.query.spider_search_task.search_without_channel fetch_input_start=510325124 fetch_input_end=510325125 fetch_input_duration_ms=0
[2026-02-03 01:11:22.917] [info] [spider.worker] [TIMING] task_id=b02fd212-a4eb-4a30-8b4b-529f9300ea46 func=job_orchestration.executor.query.spider_search_task.search_without_channel input_send_start=510325125 input_send_end=510325125 input_send_duration_ms=0 bytes=612
[2026-02-03 01:11:22.917] [info] [spider.worker] [TIMING] task_id=b02fd212-a4eb-4a30-8b4b-529f9300ea46 func=job_orchestration.executor.query.spider_search_task.search_without_channel spawn_start=510325125 spawn_end=510325125 spawn_duration_ms=0
[2026-02-03 01:11:24.195] [info] [spider.worker] [TIMING] task_id=b02fd212-a4eb-4a30-8b4b-529f9300ea46 func=job_orchestration.executor.query.spider_search_task.search_without_channel execution_start=510325126 execution_end=510326403 execution_duration_ms=1277
[2026-02-03 01:11:24.196] [info] [spider.worker] [TIMING] task_id=b02fd212-a4eb-4a30-8b4b-529f9300ea46 func=job_orchestration.executor.query.spider_search_task.search_without_channel storage_connect_start=510326403 storage_connect_end=510326405 storage_connect_duration_ms=1 phase=handle_result
[2026-02-03 01:11:24.214] [info] [spider.worker] [TIMING] task_id=b02fd212-a4eb-4a30-8b4b-529f9300ea46 func=job_orchestration.executor.query.spider_search_task.search_without_channel submit_output_start=510326405 submit_output_end=510326422 submit_output_duration_ms=17
[2026-02-03 01:11:24.249] [info] [spider.worker] [TIMING] worker_id=7dda5562-a36c-47d3-bb98-3789c41bd55a task_id=6414e3fa-4b37-44c6-ac0c-3442b7ae9420 get_next_task request_start=510326425 connect_end=510326426 send_end=510326426 receive_end=510326426 connect_duration_ms=1 send_duration_ms=0 receive_duration_ms=0 total_duration_ms=1
[2026-02-03 01:11:24.251] [info] [spider.worker] [TIMING] task_id=6414e3fa-4b37-44c6-ac0c-3442b7ae9420 storage_connect_start=510326458 storage_connect_end=510326459 storage_connect_duration_ms=1 phase=pre_execution
[2026-02-03 01:11:24.252] [info] [spider.worker] [TIMING] task_id=6414e3fa-4b37-44c6-ac0c-3442b7ae9420 func=job_orchestration.executor.query.spider_search_task.search_without_channel fetch_input_start=510326459 fetch_input_end=510326460 fetch_input_duration_ms=0
[2026-02-03 01:11:24.252] [info] [spider.worker] [TIMING] task_id=6414e3fa-4b37-44c6-ac0c-3442b7ae9420 func=job_orchestration.executor.query.spider_search_task.search_without_channel input_send_start=510326461 input_send_end=510326461 input_send_duration_ms=0 bytes=612
[2026-02-03 01:11:24.252] [info] [spider.worker] [TIMING] task_id=6414e3fa-4b37-44c6-ac0c-3442b7ae9420 func=job_orchestration.executor.query.spider_search_task.search_without_channel spawn_start=510326460 spawn_end=510326461 spawn_duration_ms=0
[2026-02-03 01:11:25.584] [info] [spider.worker] [TIMING] task_id=6414e3fa-4b37-44c6-ac0c-3442b7ae9420 func=job_orchestration.executor.query.spider_search_task.search_without_channel execution_start=510326461 execution_end=510327792 execution_duration_ms=1331
[2026-02-03 01:11:25.586] [info] [spider.worker] [TIMING] task_id=6414e3fa-4b37-44c6-ac0c-3442b7ae9420 func=job_orchestration.executor.query.spider_search_task.search_without_channel storage_connect_start=510327792 storage_connect_end=510327794 storage_connect_duration_ms=1 phase=handle_result
[2026-02-03 01:11:25.597] [info] [spider.worker] [TIMING] task_id=6414e3fa-4b37-44c6-ac0c-3442b7ae9420 func=job_orchestration.executor.query.spider_search_task.search_without_channel submit_output_start=510327794 submit_output_end=510327806 submit_output_duration_ms=11
[2026-02-03 01:11:25.647] [info] [spider.worker] [TIMING] worker_id=7dda5562-a36c-47d3-bb98-3789c41bd55a task_id=4477d706-a75c-4864-bf52-6eeed07ca6c3 get_next_task request_start=510327809 connect_end=510327811 send_end=510327811 receive_end=510327811 connect_duration_ms=1 send_duration_ms=0 receive_duration_ms=0 total_duration_ms=1
[2026-02-03 01:11:25.649] [info] [spider.worker] [TIMING] task_id=4477d706-a75c-4864-bf52-6eeed07ca6c3 storage_connect_start=510327856 storage_connect_end=510327858 storage_connect_duration_ms=1 phase=pre_execution
[2026-02-03 01:11:25.650] [info] [spider.worker] [TIMING] task_id=4477d706-a75c-4864-bf52-6eeed07ca6c3 func=job_orchestration.executor.query.spider_search_task.search_without_channel fetch_input_start=510327858 fetch_input_end=510327859 fetch_input_duration_ms=1
[2026-02-03 01:11:25.651] [info] [spider.worker] [TIMING] task_id=4477d706-a75c-4864-bf52-6eeed07ca6c3 func=job_orchestration.executor.query.spider_search_task.search_without_channel input_send_start=510327859 input_send_end=510327859 input_send_duration_ms=0 bytes=612
[2026-02-03 01:11:25.651] [info] [spider.worker] [TIMING] task_id=4477d706-a75c-4864-bf52-6eeed07ca6c3 func=job_orchestration.executor.query.spider_search_task.search_without_channel spawn_start=510327859 spawn_end=510327859 spawn_duration_ms=0
[2026-02-03 01:11:27.190] [info] [spider.worker] [TIMING] task_id=4477d706-a75c-4864-bf52-6eeed07ca6c3 func=job_orchestration.executor.query.spider_search_task.search_without_channel execution_start=510327860 execution_end=510329399 execution_duration_ms=1539
[2026-02-03 01:11:27.193] [info] [spider.worker] [TIMING] task_id=4477d706-a75c-4864-bf52-6eeed07ca6c3 func=job_orchestration.executor.query.spider_search_task.search_without_channel storage_connect_start=510329399 storage_connect_end=510329401 storage_connect_duration_ms=2 phase=handle_result
[2026-02-03 01:11:27.223] [info] [spider.worker] [TIMING] task_id=4477d706-a75c-4864-bf52-6eeed07ca6c3 func=job_orchestration.executor.query.spider_search_task.search_without_channel submit_output_start=510329401 submit_output_end=510329432 submit_output_duration_ms=30
[2026-02-03 01:11:27.239] [info] [spider.worker] [TIMING] worker_id=7dda5562-a36c-47d3-bb98-3789c41bd55a task_id=9c989aea-325e-4ad3-80f5-509f174a9000 get_next_task request_start=510329434 connect_end=510329436 send_end=510329436 receive_end=510329436 connect_duration_ms=1 send_duration_ms=0 receive_duration_ms=0 total_duration_ms=1
[2026-02-03 01:11:27.241] [info] [spider.worker] [TIMING] task_id=9c989aea-325e-4ad3-80f5-509f174a9000 storage_connect_start=510329448 storage_connect_end=510329450 storage_connect_duration_ms=1 phase=pre_execution
[2026-02-03 01:11:27.242] [info] [spider.worker] [TIMING] task_id=9c989aea-325e-4ad3-80f5-509f174a9000 func=job_orchestration.executor.query.spider_search_task.search_without_channel fetch_input_start=510329450 fetch_input_end=510329451 fetch_input_duration_ms=1
[2026-02-03 01:11:27.243] [info] [spider.worker] [TIMING] task_id=9c989aea-325e-4ad3-80f5-509f174a9000 func=job_orchestration.executor.query.spider_search_task.search_without_channel input_send_start=510329451 input_send_end=510329451 input_send_duration_ms=0 bytes=612
[2026-02-03 01:11:27.243] [info] [spider.worker] [TIMING] task_id=9c989aea-325e-4ad3-80f5-509f174a9000 func=job_orchestration.executor.query.spider_search_task.search_without_channel spawn_start=510329451 spawn_end=510329451 spawn_duration_ms=0
[2026-02-03 01:11:28.635] [info] [spider.worker] [TIMING] task_id=9c989aea-325e-4ad3-80f5-509f174a9000 func=job_orchestration.executor.query.spider_search_task.search_without_channel execution_start=510329452 execution_end=510330844 execution_duration_ms=1392
[2026-02-03 01:11:28.637] [info] [spider.worker] [TIMING] task_id=9c989aea-325e-4ad3-80f5-509f174a9000 func=job_orchestration.executor.query.spider_search_task.search_without_channel storage_connect_start=510330844 storage_connect_end=510330846 storage_connect_duration_ms=1 phase=handle_result
[2026-02-03 01:11:28.648] [info] [spider.worker] [TIMING] task_id=9c989aea-325e-4ad3-80f5-509f174a9000 func=job_orchestration.executor.query.spider_search_task.search_without_channel submit_output_start=510330846 submit_output_end=510330856 submit_output_duration_ms=10
[2026-02-03 01:11:28.685] [info] [spider.worker] [TIMING] worker_id=7dda5562-a36c-47d3-bb98-3789c41bd55a task_id=c9acbe56-6b42-4874-8a20-479b29f85d14 get_next_task request_start=510330859 connect_end=510330860 send_end=510330860 receive_end=510330860 connect_duration_ms=1 send_duration_ms=0 receive_duration_ms=0 total_duration_ms=1
[2026-02-03 01:11:28.687] [info] [spider.worker] [TIMING] task_id=c9acbe56-6b42-4874-8a20-479b29f85d14 storage_connect_start=510330893 storage_connect_end=510330895 storage_connect_duration_ms=1 phase=pre_execution
[2026-02-03 01:11:28.688] [info] [spider.worker] [TIMING] task_id=c9acbe56-6b42-4874-8a20-479b29f85d14 func=job_orchestration.executor.query.spider_search_task.search_without_channel fetch_input_start=510330895 fetch_input_end=510330896 fetch_input_duration_ms=1
[2026-02-03 01:11:28.689] [info] [spider.worker] [TIMING] task_id=c9acbe56-6b42-4874-8a20-479b29f85d14 func=job_orchestration.executor.query.spider_search_task.search_without_channel input_send_start=510330897 input_send_end=510330897 input_send_duration_ms=0 bytes=612
[2026-02-03 01:11:28.689] [info] [spider.worker] [TIMING] task_id=c9acbe56-6b42-4874-8a20-479b29f85d14 func=job_orchestration.executor.query.spider_search_task.search_without_channel spawn_start=510330896 spawn_end=510330897 spawn_duration_ms=0
[2026-02-03 01:11:30.145] [info] [spider.worker] [TIMING] task_id=c9acbe56-6b42-4874-8a20-479b29f85d14 func=job_orchestration.executor.query.spider_search_task.search_without_channel execution_start=510330897 execution_end=510332354 execution_duration_ms=1456
[2026-02-03 01:11:30.147] [info] [spider.worker] [TIMING] task_id=c9acbe56-6b42-4874-8a20-479b29f85d14 func=job_orchestration.executor.query.spider_search_task.search_without_channel storage_connect_start=510332354 storage_connect_end=510332355 storage_connect_duration_ms=1 phase=handle_result
[2026-02-03 01:11:30.179] [info] [spider.worker] [TIMING] task_id=c9acbe56-6b42-4874-8a20-479b29f85d14 func=job_orchestration.executor.query.spider_search_task.search_without_channel submit_output_start=510332355 submit_output_end=510332388 submit_output_duration_ms=32
[2026-02-03 01:11:30.198] [info] [spider.worker] [TIMING] worker_id=7dda5562-a36c-47d3-bb98-3789c41bd55a task_id=1ea39e29-77f1-47b2-b672-e4cf2771d9e5 get_next_task request_start=510332390 connect_end=510332391 send_end=510332391 receive_end=510332392 connect_duration_ms=1 send_duration_ms=0 receive_duration_ms=0 total_duration_ms=1
[2026-02-03 01:11:30.200] [info] [spider.worker] [TIMING] task_id=1ea39e29-77f1-47b2-b672-e4cf2771d9e5 storage_connect_start=510332406 storage_connect_end=510332408 storage_connect_duration_ms=1 phase=pre_execution
[2026-02-03 01:11:30.201] [info] [spider.worker] [TIMING] task_id=1ea39e29-77f1-47b2-b672-e4cf2771d9e5 func=job_orchestration.executor.query.spider_search_task.search_without_channel fetch_input_start=510332408 fetch_input_end=510332409 fetch_input_duration_ms=1
[2026-02-03 01:11:30.201] [info] [spider.worker] [TIMING] task_id=1ea39e29-77f1-47b2-b672-e4cf2771d9e5 func=job_orchestration.executor.query.spider_search_task.search_without_channel input_send_start=510332410 input_send_end=510332410 input_send_duration_ms=0 bytes=612
[2026-02-03 01:11:30.202] [info] [spider.worker] [TIMING] task_id=1ea39e29-77f1-47b2-b672-e4cf2771d9e5 func=job_orchestration.executor.query.spider_search_task.search_without_channel spawn_start=510332409 spawn_end=510332410 spawn_duration_ms=0
[2026-02-03 01:11:31.431] [info] [spider.worker] [TIMING] task_id=1ea39e29-77f1-47b2-b672-e4cf2771d9e5 func=job_orchestration.executor.query.spider_search_task.search_without_channel execution_start=510332410 execution_end=510333640 execution_duration_ms=1229
[2026-02-03 01:11:31.433] [info] [spider.worker] [TIMING] task_id=1ea39e29-77f1-47b2-b672-e4cf2771d9e5 func=job_orchestration.executor.query.spider_search_task.search_without_channel storage_connect_start=510333640 storage_connect_end=510333641 storage_connect_duration_ms=1 phase=handle_result
[2026-02-03 01:11:31.449] [info] [spider.worker] [TIMING] task_id=1ea39e29-77f1-47b2-b672-e4cf2771d9e5 func=job_orchestration.executor.query.spider_search_task.search_without_channel submit_output_start=510333641 submit_output_end=510333657 submit_output_duration_ms=15
[2026-02-03 01:11:31.482] [info] [spider.worker] [TIMING] worker_id=7dda5562-a36c-47d3-bb98-3789c41bd55a task_id=1316855b-b76f-4932-bc03-af682e0fe95c get_next_task request_start=510333660 connect_end=510333661 send_end=510333661 receive_end=510333661 connect_duration_ms=1 send_duration_ms=0 receive_duration_ms=0 total_duration_ms=1
[2026-02-03 01:11:31.485] [info] [spider.worker] [TIMING] task_id=1316855b-b76f-4932-bc03-af682e0fe95c storage_connect_start=510333691 storage_connect_end=510333693 storage_connect_duration_ms=1 phase=pre_execution
[2026-02-03 01:11:31.486] [info] [spider.worker] [TIMING] task_id=1316855b-b76f-4932-bc03-af682e0fe95c func=job_orchestration.executor.query.spider_search_task.search_without_channel fetch_input_start=510333693 fetch_input_end=510333694 fetch_input_duration_ms=1
[2026-02-03 01:11:31.486] [info] [spider.worker] [TIMING] task_id=1316855b-b76f-4932-bc03-af682e0fe95c func=job_orchestration.executor.query.spider_search_task.search_without_channel input_send_start=510333695 input_send_end=510333695 input_send_duration_ms=0 bytes=612
[2026-02-03 01:11:31.486] [info] [spider.worker] [TIMING] task_id=1316855b-b76f-4932-bc03-af682e0fe95c func=job_orchestration.executor.query.spider_search_task.search_without_channel spawn_start=510333694 spawn_end=510333695 spawn_duration_ms=0
[2026-02-03 01:11:32.641] [info] [spider.worker] [TIMING] task_id=1316855b-b76f-4932-bc03-af682e0fe95c func=job_orchestration.executor.query.spider_search_task.search_without_channel execution_start=510333695 execution_end=510334850 execution_duration_ms=1154
[2026-02-03 01:11:32.643] [info] [spider.worker] [TIMING] task_id=1316855b-b76f-4932-bc03-af682e0fe95c func=job_orchestration.executor.query.spider_search_task.search_without_channel storage_connect_start=510334850 storage_connect_end=510334851 storage_connect_duration_ms=1 phase=handle_result
[2026-02-03 01:11:32.657] [info] [spider.worker] [TIMING] task_id=1316855b-b76f-4932-bc03-af682e0fe95c func=job_orchestration.executor.query.spider_search_task.search_without_channel submit_output_start=510334851 submit_output_end=510334865 submit_output_duration_ms=14
[2026-02-03 01:11:32.674] [info] [spider.worker] [TIMING] worker_id=7dda5562-a36c-47d3-bb98-3789c41bd55a task_id=9d6316ae-5865-45e8-a171-87ae297d4dfd get_next_task request_start=510334868 connect_end=510334869 send_end=510334869 receive_end=510334869 connect_duration_ms=1 send_duration_ms=0 receive_duration_ms=0 total_duration_ms=1
[2026-02-03 01:11:32.676] [info] [spider.worker] [TIMING] task_id=9d6316ae-5865-45e8-a171-87ae297d4dfd storage_connect_start=510334883 storage_connect_end=510334884 storage_connect_duration_ms=1 phase=pre_execution
[2026-02-03 01:11:32.677] [info] [spider.worker] [TIMING] task_id=9d6316ae-5865-45e8-a171-87ae297d4dfd func=job_orchestration.executor.query.spider_search_task.search_without_channel fetch_input_start=510334884 fetch_input_end=510334885 fetch_input_duration_ms=1
[2026-02-03 01:11:32.677] [info] [spider.worker] [TIMING] task_id=9d6316ae-5865-45e8-a171-87ae297d4dfd func=job_orchestration.executor.query.spider_search_task.search_without_channel input_send_start=510334886 input_send_end=510334886 input_send_duration_ms=0 bytes=612
[2026-02-03 01:11:32.677] [info] [spider.worker] [TIMING] task_id=9d6316ae-5865-45e8-a171-87ae297d4dfd func=job_orchestration.executor.query.spider_search_task.search_without_channel spawn_start=510334885 spawn_end=510334886 spawn_duration_ms=0
[2026-02-03 01:11:34.240] [info] [spider.worker] [TIMING] task_id=9d6316ae-5865-45e8-a171-87ae297d4dfd func=job_orchestration.executor.query.spider_search_task.search_without_channel execution_start=510334886 execution_end=510336449 execution_duration_ms=1562
[2026-02-03 01:11:34.242] [info] [spider.worker] [TIMING] task_id=9d6316ae-5865-45e8-a171-87ae297d4dfd func=job_orchestration.executor.query.spider_search_task.search_without_channel storage_connect_start=510336449 storage_connect_end=510336451 storage_connect_duration_ms=1 phase=handle_result
[2026-02-03 01:11:34.274] [info] [spider.worker] [TIMING] task_id=9d6316ae-5865-45e8-a171-87ae297d4dfd func=job_orchestration.executor.query.spider_search_task.search_without_channel submit_output_start=510336451 submit_output_end=510336483 submit_output_duration_ms=32
[2026-02-03 01:11:34.308] [info] [spider.worker] [TIMING] worker_id=7dda5562-a36c-47d3-bb98-3789c41bd55a task_id=0da9fe51-82a7-402c-9d59-6be1b056f3ad get_next_task request_start=510336485 connect_end=510336486 send_end=510336486 receive_end=510336486 connect_duration_ms=1 send_duration_ms=0 receive_duration_ms=0 total_duration_ms=1
[2026-02-03 01:11:34.309] [info] [spider.worker] [TIMING] task_id=0da9fe51-82a7-402c-9d59-6be1b056f3ad storage_connect_start=510336517 storage_connect_end=510336518 storage_connect_duration_ms=1 phase=pre_execution
[2026-02-03 01:11:34.310] [info] [spider.worker] [TIMING] task_id=0da9fe51-82a7-402c-9d59-6be1b056f3ad func=job_orchestration.executor.query.spider_search_task.search_without_channel fetch_input_start=510336518 fetch_input_end=510336519 fetch_input_duration_ms=0
[2026-02-03 01:11:34.311] [info] [spider.worker] [TIMING] task_id=0da9fe51-82a7-402c-9d59-6be1b056f3ad func=job_orchestration.executor.query.spider_search_task.search_without_channel input_send_start=510336519 input_send_end=510336519 input_send_duration_ms=0 bytes=612
[2026-02-03 01:11:34.311] [info] [spider.worker] [TIMING] task_id=0da9fe51-82a7-402c-9d59-6be1b056f3ad func=job_orchestration.executor.query.spider_search_task.search_without_channel spawn_start=510336519 spawn_end=510336519 spawn_duration_ms=0
[2026-02-03 01:11:35.646] [info] [spider.worker] [TIMING] task_id=0da9fe51-82a7-402c-9d59-6be1b056f3ad func=job_orchestration.executor.query.spider_search_task.search_without_channel execution_start=510336520 execution_end=510337855 execution_duration_ms=1335
[2026-02-03 01:11:35.648] [info] [spider.worker] [TIMING] task_id=0da9fe51-82a7-402c-9d59-6be1b056f3ad func=job_orchestration.executor.query.spider_search_task.search_without_channel storage_connect_start=510337855 storage_connect_end=510337856 storage_connect_duration_ms=1 phase=handle_result
[2026-02-03 01:11:35.658] [info] [spider.worker] [TIMING] task_id=0da9fe51-82a7-402c-9d59-6be1b056f3ad func=job_orchestration.executor.query.spider_search_task.search_without_channel submit_output_start=510337856 submit_output_end=510337866 submit_output_duration_ms=10
[2026-02-03 01:11:35.704] [info] [spider.worker] [TIMING] worker_id=7dda5562-a36c-47d3-bb98-3789c41bd55a task_id=7e9b5e87-6675-45d3-96f6-5471dd5c7e19 get_next_task request_start=510337869 connect_end=510337870 send_end=510337870 receive_end=510337870 connect_duration_ms=1 send_duration_ms=0 receive_duration_ms=0 total_duration_ms=1
[2026-02-03 01:11:35.706] [info] [spider.worker] [TIMING] task_id=7e9b5e87-6675-45d3-96f6-5471dd5c7e19 storage_connect_start=510337912 storage_connect_end=510337914 storage_connect_duration_ms=1 phase=pre_execution
[2026-02-03 01:11:35.707] [info] [spider.worker] [TIMING] task_id=7e9b5e87-6675-45d3-96f6-5471dd5c7e19 func=job_orchestration.executor.query.spider_search_task.search_without_channel fetch_input_start=510337914 fetch_input_end=510337915 fetch_input_duration_ms=1
[2026-02-03 01:11:35.707] [info] [spider.worker] [TIMING] task_id=7e9b5e87-6675-45d3-96f6-5471dd5c7e19 func=job_orchestration.executor.query.spider_search_task.search_without_channel input_send_start=510337916 input_send_end=510337916 input_send_duration_ms=0 bytes=612
[2026-02-03 01:11:35.707] [info] [spider.worker] [TIMING] task_id=7e9b5e87-6675-45d3-96f6-5471dd5c7e19 func=job_orchestration.executor.query.spider_search_task.search_without_channel spawn_start=510337915 spawn_end=510337916 spawn_duration_ms=0
[2026-02-03 01:11:37.263] [info] [spider.worker] [TIMING] task_id=7e9b5e87-6675-45d3-96f6-5471dd5c7e19 func=job_orchestration.executor.query.spider_search_task.search_without_channel execution_start=510337916 execution_end=510339471 execution_duration_ms=1555
[2026-02-03 01:11:37.265] [info] [spider.worker] [TIMING] task_id=7e9b5e87-6675-45d3-96f6-5471dd5c7e19 func=job_orchestration.executor.query.spider_search_task.search_without_channel storage_connect_start=510339471 storage_connect_end=510339473 storage_connect_duration_ms=1 phase=handle_result
[2026-02-03 01:11:37.275] [info] [spider.worker] [TIMING] task_id=7e9b5e87-6675-45d3-96f6-5471dd5c7e19 func=job_orchestration.executor.query.spider_search_task.search_without_channel submit_output_start=510339473 submit_output_end=510339483 submit_output_duration_ms=9
[2026-02-03 01:11:37.291] [info] [spider.worker] [TIMING] worker_id=7dda5562-a36c-47d3-bb98-3789c41bd55a task_id=3afa3a42-97fa-48d1-88d0-52d4ec5d97c2 get_next_task request_start=510339485 connect_end=510339486 send_end=510339486 receive_end=510339487 connect_duration_ms=1 send_duration_ms=0 receive_duration_ms=0 total_duration_ms=1
[2026-02-03 01:11:37.293] [info] [spider.worker] [TIMING] task_id=3afa3a42-97fa-48d1-88d0-52d4ec5d97c2 storage_connect_start=510339500 storage_connect_end=510339501 storage_connect_duration_ms=1 phase=pre_execution
[2026-02-03 01:11:37.294] [info] [spider.worker] [TIMING] task_id=3afa3a42-97fa-48d1-88d0-52d4ec5d97c2 func=job_orchestration.executor.query.spider_search_task.search_without_channel fetch_input_start=510339501 fetch_input_end=510339502 fetch_input_duration_ms=0
[2026-02-03 01:11:37.294] [info] [spider.worker] [TIMING] task_id=3afa3a42-97fa-48d1-88d0-52d4ec5d97c2 func=job_orchestration.executor.query.spider_search_task.search_without_channel input_send_start=510339503 input_send_end=510339503 input_send_duration_ms=0 bytes=612
[2026-02-03 01:11:37.294] [info] [spider.worker] [TIMING] task_id=3afa3a42-97fa-48d1-88d0-52d4ec5d97c2 func=job_orchestration.executor.query.spider_search_task.search_without_channel spawn_start=510339502 spawn_end=510339503 spawn_duration_ms=0
[2026-02-03 01:11:38.461] [info] [spider.worker] [TIMING] task_id=3afa3a42-97fa-48d1-88d0-52d4ec5d97c2 func=job_orchestration.executor.query.spider_search_task.search_without_channel execution_start=510339503 execution_end=510340670 execution_duration_ms=1166
[2026-02-03 01:11:38.463] [info] [spider.worker] [TIMING] task_id=3afa3a42-97fa-48d1-88d0-52d4ec5d97c2 func=job_orchestration.executor.query.spider_search_task.search_without_channel storage_connect_start=510340670 storage_connect_end=510340671 storage_connect_duration_ms=1 phase=handle_result
[2026-02-03 01:11:38.529] [info] [spider.worker] [TIMING] task_id=3afa3a42-97fa-48d1-88d0-52d4ec5d97c2 func=job_orchestration.executor.query.spider_search_task.search_without_channel submit_output_start=510340671 submit_output_end=510340737 submit_output_duration_ms=65
[2026-02-03 01:11:38.541] [info] [spider.worker] [TIMING] worker_id=7dda5562-a36c-47d3-bb98-3789c41bd55a task_id=2b8c7f08-cf2a-4cb1-a2a2-79fbdf773375 get_next_task request_start=510340739 connect_end=510340740 send_end=510340740 receive_end=510340740 connect_duration_ms=1 send_duration_ms=0 receive_duration_ms=0 total_duration_ms=1
[2026-02-03 01:11:38.543] [info] [spider.worker] [TIMING] task_id=2b8c7f08-cf2a-4cb1-a2a2-79fbdf773375 storage_connect_start=510340750 storage_connect_end=510340752 storage_connect_duration_ms=1 phase=pre_execution
[2026-02-03 01:11:38.544] [info] [spider.worker] [TIMING] task_id=2b8c7f08-cf2a-4cb1-a2a2-79fbdf773375 func=job_orchestration.executor.query.spider_search_task.search_without_channel fetch_input_start=510340752 fetch_input_end=510340752 fetch_input_duration_ms=0
[2026-02-03 01:11:38.545] [info] [spider.worker] [TIMING] task_id=2b8c7f08-cf2a-4cb1-a2a2-79fbdf773375 func=job_orchestration.executor.query.spider_search_task.search_without_channel input_send_start=510340753 input_send_end=510340753 input_send_duration_ms=0 bytes=612
[2026-02-03 01:11:38.545] [info] [spider.worker] [TIMING] task_id=2b8c7f08-cf2a-4cb1-a2a2-79fbdf773375 func=job_orchestration.executor.query.spider_search_task.search_without_channel spawn_start=510340753 spawn_end=510340753 spawn_duration_ms=0
[2026-02-03 01:11:39.913] [info] [spider.worker] [TIMING] task_id=2b8c7f08-cf2a-4cb1-a2a2-79fbdf773375 func=job_orchestration.executor.query.spider_search_task.search_without_channel execution_start=510340753 execution_end=510342121 execution_duration_ms=1368
[2026-02-03 01:11:39.915] [info] [spider.worker] [TIMING] task_id=2b8c7f08-cf2a-4cb1-a2a2-79fbdf773375 func=job_orchestration.executor.query.spider_search_task.search_without_channel storage_connect_start=510342121 storage_connect_end=510342123 storage_connect_duration_ms=1 phase=handle_result
[2026-02-03 01:11:39.925] [info] [spider.worker] [TIMING] task_id=2b8c7f08-cf2a-4cb1-a2a2-79fbdf773375 func=job_orchestration.executor.query.spider_search_task.search_without_channel submit_output_start=510342123 submit_output_end=510342133 submit_output_duration_ms=10
[2026-02-03 01:11:39.957] [info] [spider.worker] [TIMING] worker_id=7dda5562-a36c-47d3-bb98-3789c41bd55a task_id=73836339-ece9-4f9f-a5ed-8d439376eea5 get_next_task request_start=510342136 connect_end=510342137 send_end=510342137 receive_end=510342137 connect_duration_ms=1 send_duration_ms=0 receive_duration_ms=0 total_duration_ms=1
[2026-02-03 01:11:39.959] [info] [spider.worker] [TIMING] task_id=73836339-ece9-4f9f-a5ed-8d439376eea5 storage_connect_start=510342166 storage_connect_end=510342167 storage_connect_duration_ms=1 phase=pre_execution
[2026-02-03 01:11:39.960] [info] [spider.worker] [TIMING] task_id=73836339-ece9-4f9f-a5ed-8d439376eea5 func=job_orchestration.executor.query.spider_search_task.search_without_channel fetch_input_start=510342167 fetch_input_end=510342168 fetch_input_duration_ms=1
[2026-02-03 01:11:39.961] [info] [spider.worker] [TIMING] task_id=73836339-ece9-4f9f-a5ed-8d439376eea5 func=job_orchestration.executor.query.spider_search_task.search_without_channel input_send_start=510342169 input_send_end=510342169 input_send_duration_ms=0 bytes=612
[2026-02-03 01:11:39.961] [info] [spider.worker] [TIMING] task_id=73836339-ece9-4f9f-a5ed-8d439376eea5 func=job_orchestration.executor.query.spider_search_task.search_without_channel spawn_start=510342169 spawn_end=510342169 spawn_duration_ms=0
[2026-02-03 01:11:41.306] [info] [spider.worker] [TIMING] task_id=73836339-ece9-4f9f-a5ed-8d439376eea5 func=job_orchestration.executor.query.spider_search_task.search_without_channel execution_start=510342169 execution_end=510343514 execution_duration_ms=1345
[2026-02-03 01:11:41.308] [info] [spider.worker] [TIMING] task_id=73836339-ece9-4f9f-a5ed-8d439376eea5 func=job_orchestration.executor.query.spider_search_task.search_without_channel storage_connect_start=510343514 storage_connect_end=510343516 storage_connect_duration_ms=1 phase=handle_result
[2026-02-03 01:11:41.326] [info] [spider.worker] [TIMING] task_id=73836339-ece9-4f9f-a5ed-8d439376eea5 func=job_orchestration.executor.query.spider_search_task.search_without_channel submit_output_start=510343516 submit_output_end=510343534 submit_output_duration_ms=17
[2026-02-03 01:11:41.342] [info] [spider.worker] [TIMING] worker_id=7dda5562-a36c-47d3-bb98-3789c41bd55a task_id=837affa9-2eb9-48e7-83d4-68dd71f9503c get_next_task request_start=510343537 connect_end=510343538 send_end=510343538 receive_end=510343538 connect_duration_ms=1 send_duration_ms=0 receive_duration_ms=0 total_duration_ms=1
[2026-02-03 01:11:41.344] [info] [spider.worker] [TIMING] task_id=837affa9-2eb9-48e7-83d4-68dd71f9503c storage_connect_start=510343550 storage_connect_end=510343552 storage_connect_duration_ms=1 phase=pre_execution
[2026-02-03 01:11:41.345] [info] [spider.worker] [TIMING] task_id=837affa9-2eb9-48e7-83d4-68dd71f9503c func=job_orchestration.executor.query.spider_search_task.search_without_channel fetch_input_start=510343552 fetch_input_end=510343553 fetch_input_duration_ms=0
[2026-02-03 01:11:41.345] [info] [spider.worker] [TIMING] task_id=837affa9-2eb9-48e7-83d4-68dd71f9503c func=job_orchestration.executor.query.spider_search_task.search_without_channel input_send_start=510343554 input_send_end=510343554 input_send_duration_ms=0 bytes=612
[2026-02-03 01:11:41.345] [info] [spider.worker] [TIMING] task_id=837affa9-2eb9-48e7-83d4-68dd71f9503c func=job_orchestration.executor.query.spider_search_task.search_without_channel spawn_start=510343553 spawn_end=510343554 spawn_duration_ms=0
[2026-02-03 01:11:42.806] [info] [spider.worker] [TIMING] task_id=837affa9-2eb9-48e7-83d4-68dd71f9503c func=job_orchestration.executor.query.spider_search_task.search_without_channel execution_start=510343554 execution_end=510345014 execution_duration_ms=1460
[2026-02-03 01:11:42.808] [info] [spider.worker] [TIMING] task_id=837affa9-2eb9-48e7-83d4-68dd71f9503c func=job_orchestration.executor.query.spider_search_task.search_without_channel storage_connect_start=510345014 storage_connect_end=510345017 storage_connect_duration_ms=2 phase=handle_result
[2026-02-03 01:11:42.817] [info] [spider.worker] [TIMING] task_id=837affa9-2eb9-48e7-83d4-68dd71f9503c func=job_orchestration.executor.query.spider_search_task.search_without_channel submit_output_start=510345017 submit_output_end=510345026 submit_output_duration_ms=8
[2026-02-03 01:11:42.834] [info] [spider.worker] [TIMING] worker_id=7dda5562-a36c-47d3-bb98-3789c41bd55a task_id=3f82da75-571f-4950-91d6-a94eb3472329 get_next_task request_start=510345029 connect_end=510345030 send_end=510345030 receive_end=510345030 connect_duration_ms=1 send_duration_ms=0 receive_duration_ms=0 total_duration_ms=1
[2026-02-03 01:11:42.835] [info] [spider.worker] [TIMING] task_id=3f82da75-571f-4950-91d6-a94eb3472329 storage_connect_start=510345042 storage_connect_end=510345044 storage_connect_duration_ms=1 phase=pre_execution
[2026-02-03 01:11:42.836] [info] [spider.worker] [TIMING] task_id=3f82da75-571f-4950-91d6-a94eb3472329 func=job_orchestration.executor.query.spider_search_task.search_without_channel fetch_input_start=510345044 fetch_input_end=510345045 fetch_input_duration_ms=0
[2026-02-03 01:11:42.837] [info] [spider.worker] [TIMING] task_id=3f82da75-571f-4950-91d6-a94eb3472329 func=job_orchestration.executor.query.spider_search_task.search_without_channel input_send_start=510345045 input_send_end=510345045 input_send_duration_ms=0 bytes=612
[2026-02-03 01:11:42.837] [info] [spider.worker] [TIMING] task_id=3f82da75-571f-4950-91d6-a94eb3472329 func=job_orchestration.executor.query.spider_search_task.search_without_channel spawn_start=510345045 spawn_end=510345045 spawn_duration_ms=0
[2026-02-03 01:11:44.138] [info] [spider.worker] [TIMING] task_id=3f82da75-571f-4950-91d6-a94eb3472329 func=job_orchestration.executor.query.spider_search_task.search_without_channel execution_start=510345045 execution_end=510346346 execution_duration_ms=1301
[2026-02-03 01:11:44.140] [info] [spider.worker] [TIMING] task_id=3f82da75-571f-4950-91d6-a94eb3472329 func=job_orchestration.executor.query.spider_search_task.search_without_channel storage_connect_start=510346346 storage_connect_end=510346348 storage_connect_duration_ms=1 phase=handle_result
[2026-02-03 01:11:44.175] [info] [spider.worker] [TIMING] task_id=3f82da75-571f-4950-91d6-a94eb3472329 func=job_orchestration.executor.query.spider_search_task.search_without_channel submit_output_start=510346348 submit_output_end=510346384 submit_output_duration_ms=35
[2026-02-03 01:11:44.201] [info] [spider.worker] [TIMING] worker_id=7dda5562-a36c-47d3-bb98-3789c41bd55a task_id=acb5280b-22d4-4204-a792-5de000614bd3 get_next_task request_start=510346386 connect_end=510346388 send_end=510346388 receive_end=510346388 connect_duration_ms=1 send_duration_ms=0 receive_duration_ms=0 total_duration_ms=1
[2026-02-03 01:11:44.202] [info] [spider.worker] [TIMING] task_id=acb5280b-22d4-4204-a792-5de000614bd3 storage_connect_start=510346410 storage_connect_end=510346411 storage_connect_duration_ms=1 phase=pre_execution
[2026-02-03 01:11:44.203] [info] [spider.worker] [TIMING] task_id=acb5280b-22d4-4204-a792-5de000614bd3 func=job_orchestration.executor.query.spider_search_task.search_without_channel fetch_input_start=510346411 fetch_input_end=510346412 fetch_input_duration_ms=0
[2026-02-03 01:11:44.204] [info] [spider.worker] [TIMING] task_id=acb5280b-22d4-4204-a792-5de000614bd3 func=job_orchestration.executor.query.spider_search_task.search_without_channel input_send_start=510346412 input_send_end=510346412 input_send_duration_ms=0 bytes=612
[2026-02-03 01:11:44.204] [info] [spider.worker] [TIMING] task_id=acb5280b-22d4-4204-a792-5de000614bd3 func=job_orchestration.executor.query.spider_search_task.search_without_channel spawn_start=510346412 spawn_end=510346412 spawn_duration_ms=0
[2026-02-03 01:11:45.579] [info] [spider.worker] [TIMING] task_id=acb5280b-22d4-4204-a792-5de000614bd3 func=job_orchestration.executor.query.spider_search_task.search_without_channel execution_start=510346412 execution_end=510347788 execution_duration_ms=1375
[2026-02-03 01:11:45.581] [info] [spider.worker] [TIMING] task_id=acb5280b-22d4-4204-a792-5de000614bd3 func=job_orchestration.executor.query.spider_search_task.search_without_channel storage_connect_start=510347788 storage_connect_end=510347789 storage_connect_duration_ms=1 phase=handle_result
[2026-02-03 01:11:45.620] [info] [spider.worker] [TIMING] task_id=acb5280b-22d4-4204-a792-5de000614bd3 func=job_orchestration.executor.query.spider_search_task.search_without_channel submit_output_start=510347789 submit_output_end=510347829 submit_output_duration_ms=39
[2026-02-03 01:11:45.654] [info] [spider.worker] [TIMING] worker_id=7dda5562-a36c-47d3-bb98-3789c41bd55a task_id=9a0a6a26-b279-476e-b579-618a10d7565c get_next_task request_start=510347831 connect_end=510347833 send_end=510347833 receive_end=510347833 connect_duration_ms=1 send_duration_ms=0 receive_duration_ms=0 total_duration_ms=1
[2026-02-03 01:11:45.656] [info] [spider.worker] [TIMING] task_id=9a0a6a26-b279-476e-b579-618a10d7565c storage_connect_start=510347863 storage_connect_end=510347864 storage_connect_duration_ms=1 phase=pre_execution
[2026-02-03 01:11:45.657] [info] [spider.worker] [TIMING] task_id=9a0a6a26-b279-476e-b579-618a10d7565c func=job_orchestration.executor.query.spider_search_task.search_without_channel fetch_input_start=510347864 fetch_input_end=510347865 fetch_input_duration_ms=0
[2026-02-03 01:11:45.658] [info] [spider.worker] [TIMING] task_id=9a0a6a26-b279-476e-b579-618a10d7565c func=job_orchestration.executor.query.spider_search_task.search_without_channel input_send_start=510347866 input_send_end=510347866 input_send_duration_ms=0 bytes=612
[2026-02-03 01:11:45.658] [info] [spider.worker] [TIMING] task_id=9a0a6a26-b279-476e-b579-618a10d7565c func=job_orchestration.executor.query.spider_search_task.search_without_channel spawn_start=510347865 spawn_end=510347866 spawn_duration_ms=0
[2026-02-03 01:11:46.967] [info] [spider.worker] [TIMING] task_id=9a0a6a26-b279-476e-b579-618a10d7565c func=job_orchestration.executor.query.spider_search_task.search_without_channel execution_start=510347866 execution_end=510349175 execution_duration_ms=1308
[2026-02-03 01:11:46.969] [info] [spider.worker] [TIMING] task_id=9a0a6a26-b279-476e-b579-618a10d7565c func=job_orchestration.executor.query.spider_search_task.search_without_channel storage_connect_start=510349175 storage_connect_end=510349177 storage_connect_duration_ms=1 phase=handle_result
[2026-02-03 01:11:46.985] [info] [spider.worker] [TIMING] task_id=9a0a6a26-b279-476e-b579-618a10d7565c func=job_orchestration.executor.query.spider_search_task.search_without_channel submit_output_start=510349177 submit_output_end=510349193 submit_output_duration_ms=16
[2026-02-03 01:11:47.049] [info] [spider.worker] [TIMING] worker_id=7dda5562-a36c-47d3-bb98-3789c41bd55a task_id=3f1f60a3-1822-478b-9342-318ef85e870f get_next_task request_start=510349195 connect_end=510349197 send_end=510349197 receive_end=510349197 connect_duration_ms=1 send_duration_ms=0 receive_duration_ms=0 total_duration_ms=1
[2026-02-03 01:11:47.051] [info] [spider.worker] [TIMING] task_id=3f1f60a3-1822-478b-9342-318ef85e870f storage_connect_start=510349257 storage_connect_end=510349259 storage_connect_duration_ms=1 phase=pre_execution
[2026-02-03 01:11:47.052] [info] [spider.worker] [TIMING] task_id=3f1f60a3-1822-478b-9342-318ef85e870f func=job_orchestration.executor.query.spider_search_task.search_without_channel fetch_input_start=510349259 fetch_input_end=510349260 fetch_input_duration_ms=1
[2026-02-03 01:11:47.053] [info] [spider.worker] [TIMING] task_id=3f1f60a3-1822-478b-9342-318ef85e870f func=job_orchestration.executor.query.spider_search_task.search_without_channel input_send_start=510349261 input_send_end=510349261 input_send_duration_ms=0 bytes=612
[2026-02-03 01:11:47.053] [info] [spider.worker] [TIMING] task_id=3f1f60a3-1822-478b-9342-318ef85e870f func=job_orchestration.executor.query.spider_search_task.search_without_channel spawn_start=510349261 spawn_end=510349261 spawn_duration_ms=0
[2026-02-03 01:11:48.315] [info] [spider.worker] [TIMING] task_id=3f1f60a3-1822-478b-9342-318ef85e870f func=job_orchestration.executor.query.spider_search_task.search_without_channel execution_start=510349261 execution_end=510350524 execution_duration_ms=1262
[2026-02-03 01:11:48.317] [info] [spider.worker] [TIMING] task_id=3f1f60a3-1822-478b-9342-318ef85e870f func=job_orchestration.executor.query.spider_search_task.search_without_channel storage_connect_start=510350524 storage_connect_end=510350525 storage_connect_duration_ms=1 phase=handle_result
[2026-02-03 01:11:48.326] [info] [spider.worker] [TIMING] task_id=3f1f60a3-1822-478b-9342-318ef85e870f func=job_orchestration.executor.query.spider_search_task.search_without_channel submit_output_start=510350525 submit_output_end=510350535 submit_output_duration_ms=9
[2026-02-03 01:11:48.335] [info] [spider.worker] [TIMING] worker_id=7dda5562-a36c-47d3-bb98-3789c41bd55a task_id=12086153-db89-4f34-8229-456d04c4f51d get_next_task request_start=510350537 connect_end=510350538 send_end=510350538 receive_end=510350538 connect_duration_ms=1 send_duration_ms=0 receive_duration_ms=0 total_duration_ms=1
[2026-02-03 01:11:48.337] [info] [spider.worker] [TIMING] task_id=12086153-db89-4f34-8229-456d04c4f51d storage_connect_start=510350543 storage_connect_end=510350545 storage_connect_duration_ms=1 phase=pre_execution
[2026-02-03 01:11:48.338] [info] [spider.worker] [TIMING] task_id=12086153-db89-4f34-8229-456d04c4f51d func=job_orchestration.executor.query.spider_search_task.search_without_channel fetch_input_start=510350545 fetch_input_end=510350546 fetch_input_duration_ms=1
[2026-02-03 01:11:48.338] [info] [spider.worker] [TIMING] task_id=12086153-db89-4f34-8229-456d04c4f51d func=job_orchestration.executor.query.spider_search_task.search_without_channel input_send_start=510350547 input_send_end=510350547 input_send_duration_ms=0 bytes=612
[2026-02-03 01:11:48.338] [info] [spider.worker] [TIMING] task_id=12086153-db89-4f34-8229-456d04c4f51d func=job_orchestration.executor.query.spider_search_task.search_without_channel spawn_start=510350546 spawn_end=510350547 spawn_duration_ms=0
[2026-02-03 01:11:49.871] [info] [spider.worker] [TIMING] task_id=12086153-db89-4f34-8229-456d04c4f51d func=job_orchestration.executor.query.spider_search_task.search_without_channel execution_start=510350547 execution_end=510352079 execution_duration_ms=1532
[2026-02-03 01:11:49.872] [info] [spider.worker] [TIMING] task_id=12086153-db89-4f34-8229-456d04c4f51d func=job_orchestration.executor.query.spider_search_task.search_without_channel storage_connect_start=510352079 storage_connect_end=510352081 storage_connect_duration_ms=1 phase=handle_result
[2026-02-03 01:11:49.899] [info] [spider.worker] [TIMING] task_id=12086153-db89-4f34-8229-456d04c4f51d func=job_orchestration.executor.query.spider_search_task.search_without_channel submit_output_start=510352081 submit_output_end=510352107 submit_output_duration_ms=26
[2026-02-03 01:11:49.927] [info] [spider.worker] [TIMING] worker_id=7dda5562-a36c-47d3-bb98-3789c41bd55a task_id=e3a71f7e-02a0-453b-94fe-7125b56af472 get_next_task request_start=510352110 connect_end=510352111 send_end=510352111 receive_end=510352111 connect_duration_ms=1 send_duration_ms=0 receive_duration_ms=0 total_duration_ms=1
[2026-02-03 01:11:49.929] [info] [spider.worker] [TIMING] task_id=e3a71f7e-02a0-453b-94fe-7125b56af472 storage_connect_start=510352136 storage_connect_end=510352138 storage_connect_duration_ms=1 phase=pre_execution
[2026-02-03 01:11:49.930] [info] [spider.worker] [TIMING] task_id=e3a71f7e-02a0-453b-94fe-7125b56af472 func=job_orchestration.executor.query.spider_search_task.search_without_channel fetch_input_start=510352138 fetch_input_end=510352139 fetch_input_duration_ms=0
[2026-02-03 01:11:49.931] [info] [spider.worker] [TIMING] task_id=e3a71f7e-02a0-453b-94fe-7125b56af472 func=job_orchestration.executor.query.spider_search_task.search_without_channel input_send_start=510352139 input_send_end=510352139 input_send_duration_ms=0 bytes=612
[2026-02-03 01:11:49.931] [info] [spider.worker] [TIMING] task_id=e3a71f7e-02a0-453b-94fe-7125b56af472 func=job_orchestration.executor.query.spider_search_task.search_without_channel spawn_start=510352139 spawn_end=510352139 spawn_duration_ms=0
[2026-02-03 01:11:51.086] [info] [spider.worker] [TIMING] task_id=e3a71f7e-02a0-453b-94fe-7125b56af472 func=job_orchestration.executor.query.spider_search_task.search_without_channel execution_start=510352139 execution_end=510353294 execution_duration_ms=1154
[2026-02-03 01:11:51.087] [info] [spider.worker] [TIMING] task_id=e3a71f7e-02a0-453b-94fe-7125b56af472 func=job_orchestration.executor.query.spider_search_task.search_without_channel storage_connect_start=510353294 storage_connect_end=510353296 storage_connect_duration_ms=1 phase=handle_result
[2026-02-03 01:11:51.120] [info] [spider.worker] [TIMING] task_id=e3a71f7e-02a0-453b-94fe-7125b56af472 func=job_orchestration.executor.query.spider_search_task.search_without_channel submit_output_start=510353296 submit_output_end=510353329 submit_output_duration_ms=32
[2026-02-03 01:11:51.136] [info] [spider.worker] [TIMING] worker_id=7dda5562-a36c-47d3-bb98-3789c41bd55a task_id=f072b43b-8349-4540-9e58-f16bdd9d2380 get_next_task request_start=510353331 connect_end=510353332 send_end=510353332 receive_end=510353332 connect_duration_ms=1 send_duration_ms=0 receive_duration_ms=0 total_duration_ms=1
[2026-02-03 01:11:51.137] [info] [spider.worker] [TIMING] task_id=f072b43b-8349-4540-9e58-f16bdd9d2380 storage_connect_start=510353344 storage_connect_end=510353346 storage_connect_duration_ms=1 phase=pre_execution
[2026-02-03 01:11:51.138] [info] [spider.worker] [TIMING] task_id=f072b43b-8349-4540-9e58-f16bdd9d2380 func=job_orchestration.executor.query.spider_search_task.search_without_channel fetch_input_start=510353346 fetch_input_end=510353346 fetch_input_duration_ms=0
[2026-02-03 01:11:51.139] [info] [spider.worker] [TIMING] task_id=f072b43b-8349-4540-9e58-f16bdd9d2380 func=job_orchestration.executor.query.spider_search_task.search_without_channel input_send_start=510353347 input_send_end=510353347 input_send_duration_ms=0 bytes=612
[2026-02-03 01:11:51.139] [info] [spider.worker] [TIMING] task_id=f072b43b-8349-4540-9e58-f16bdd9d2380 func=job_orchestration.executor.query.spider_search_task.search_without_channel spawn_start=510353347 spawn_end=510353347 spawn_duration_ms=0
[2026-02-03 01:11:52.280] [info] [spider.worker] [TIMING] task_id=f072b43b-8349-4540-9e58-f16bdd9d2380 func=job_orchestration.executor.query.spider_search_task.search_without_channel execution_start=510353347 execution_end=510354489 execution_duration_ms=1141
[2026-02-03 01:11:52.290] [info] [spider.worker] [TIMING] task_id=f072b43b-8349-4540-9e58-f16bdd9d2380 func=job_orchestration.executor.query.spider_search_task.search_without_channel storage_connect_start=510354489 storage_connect_end=510354498 storage_connect_duration_ms=9 phase=handle_result
[2026-02-03 01:11:52.311] [info] [spider.worker] [TIMING] task_id=f072b43b-8349-4540-9e58-f16bdd9d2380 func=job_orchestration.executor.query.spider_search_task.search_without_channel submit_output_start=510354498 submit_output_end=510354519 submit_output_duration_ms=20
[2026-02-03 01:11:52.327] [info] [spider.worker] [TIMING] worker_id=7dda5562-a36c-47d3-bb98-3789c41bd55a task_id=22138bb9-3e42-4bb3-87a4-549c38bb5057 get_next_task request_start=510354521 connect_end=510354522 send_end=510354522 receive_end=510354522 connect_duration_ms=1 send_duration_ms=0 receive_duration_ms=0 total_duration_ms=1
[2026-02-03 01:11:52.329] [info] [spider.worker] [TIMING] task_id=22138bb9-3e42-4bb3-87a4-549c38bb5057 storage_connect_start=510354536 storage_connect_end=510354538 storage_connect_duration_ms=1 phase=pre_execution
[2026-02-03 01:11:52.330] [info] [spider.worker] [TIMING] task_id=22138bb9-3e42-4bb3-87a4-549c38bb5057 func=job_orchestration.executor.query.spider_search_task.search_without_channel fetch_input_start=510354538 fetch_input_end=510354539 fetch_input_duration_ms=1
[2026-02-03 01:11:52.331] [info] [spider.worker] [TIMING] task_id=22138bb9-3e42-4bb3-87a4-549c38bb5057 func=job_orchestration.executor.query.spider_search_task.search_without_channel input_send_start=510354539 input_send_end=510354539 input_send_duration_ms=0 bytes=612
[2026-02-03 01:11:52.331] [info] [spider.worker] [TIMING] task_id=22138bb9-3e42-4bb3-87a4-549c38bb5057 func=job_orchestration.executor.query.spider_search_task.search_without_channel spawn_start=510354539 spawn_end=510354539 spawn_duration_ms=0
[2026-02-03 01:11:53.553] [info] [spider.worker] [TIMING] task_id=22138bb9-3e42-4bb3-87a4-549c38bb5057 func=job_orchestration.executor.query.spider_search_task.search_without_channel execution_start=510354541 execution_end=510355761 execution_duration_ms=1220
[2026-02-03 01:11:53.554] [info] [spider.worker] [TIMING] task_id=22138bb9-3e42-4bb3-87a4-549c38bb5057 func=job_orchestration.executor.query.spider_search_task.search_without_channel storage_connect_start=510355761 storage_connect_end=510355763 storage_connect_duration_ms=1 phase=handle_result
[2026-02-03 01:11:53.601] [info] [spider.worker] [TIMING] task_id=22138bb9-3e42-4bb3-87a4-549c38bb5057 func=job_orchestration.executor.query.spider_search_task.search_without_channel submit_output_start=510355763 submit_output_end=510355809 submit_output_duration_ms=46
[2026-02-03 01:11:53.619] [info] [spider.worker] [TIMING] worker_id=7dda5562-a36c-47d3-bb98-3789c41bd55a task_id=51897702-f1f2-4a1d-8b88-7e47b9531742 get_next_task request_start=510355812 connect_end=510355813 send_end=510355813 receive_end=510355813 connect_duration_ms=1 send_duration_ms=0 receive_duration_ms=0 total_duration_ms=1
[2026-02-03 01:11:53.621] [info] [spider.worker] [TIMING] task_id=51897702-f1f2-4a1d-8b88-7e47b9531742 storage_connect_start=510355828 storage_connect_end=510355829 storage_connect_duration_ms=1 phase=pre_execution
[2026-02-03 01:11:53.622] [info] [spider.worker] [TIMING] task_id=51897702-f1f2-4a1d-8b88-7e47b9531742 func=job_orchestration.executor.query.spider_search_task.search_without_channel fetch_input_start=510355829 fetch_input_end=510355830 fetch_input_duration_ms=0
[2026-02-03 01:11:53.622] [info] [spider.worker] [TIMING] task_id=51897702-f1f2-4a1d-8b88-7e47b9531742 func=job_orchestration.executor.query.spider_search_task.search_without_channel input_send_start=510355831 input_send_end=510355831 input_send_duration_ms=0 bytes=612
[2026-02-03 01:11:53.622] [info] [spider.worker] [TIMING] task_id=51897702-f1f2-4a1d-8b88-7e47b9531742 func=job_orchestration.executor.query.spider_search_task.search_without_channel spawn_start=510355830 spawn_end=510355831 spawn_duration_ms=0
[2026-02-03 01:11:55.017] [info] [spider.worker] [TIMING] task_id=51897702-f1f2-4a1d-8b88-7e47b9531742 func=job_orchestration.executor.query.spider_search_task.search_without_channel execution_start=510355831 execution_end=510357225 execution_duration_ms=1393
[2026-02-03 01:11:55.019] [info] [spider.worker] [TIMING] task_id=51897702-f1f2-4a1d-8b88-7e47b9531742 func=job_orchestration.executor.query.spider_search_task.search_without_channel storage_connect_start=510357225 storage_connect_end=510357227 storage_connect_duration_ms=2 phase=handle_result
[2026-02-03 01:11:55.045] [info] [spider.worker] [TIMING] task_id=51897702-f1f2-4a1d-8b88-7e47b9531742 func=job_orchestration.executor.query.spider_search_task.search_without_channel submit_output_start=510357227 submit_output_end=510357253 submit_output_duration_ms=26
[2026-02-03 01:11:55.061] [info] [spider.worker] [TIMING] worker_id=7dda5562-a36c-47d3-bb98-3789c41bd55a task_id=efa7c7a7-9902-4ca5-bc58-5b3f3750e9f2 get_next_task request_start=510357256 connect_end=510357257 send_end=510357257 receive_end=510357257 connect_duration_ms=1 send_duration_ms=0 receive_duration_ms=0 total_duration_ms=1
[2026-02-03 01:11:55.064] [info] [spider.worker] [TIMING] task_id=efa7c7a7-9902-4ca5-bc58-5b3f3750e9f2 storage_connect_start=510357270 storage_connect_end=510357272 storage_connect_duration_ms=2 phase=pre_execution
[2026-02-03 01:11:55.065] [info] [spider.worker] [TIMING] task_id=efa7c7a7-9902-4ca5-bc58-5b3f3750e9f2 func=job_orchestration.executor.query.spider_search_task.search_without_channel fetch_input_start=510357272 fetch_input_end=510357273 fetch_input_duration_ms=1
[2026-02-03 01:11:55.065] [info] [spider.worker] [TIMING] task_id=efa7c7a7-9902-4ca5-bc58-5b3f3750e9f2 func=job_orchestration.executor.query.spider_search_task.search_without_channel input_send_start=510357274 input_send_end=510357274 input_send_duration_ms=0 bytes=612
[2026-02-03 01:11:55.065] [info] [spider.worker] [TIMING] task_id=efa7c7a7-9902-4ca5-bc58-5b3f3750e9f2 func=job_orchestration.executor.query.spider_search_task.search_without_channel spawn_start=510357273 spawn_end=510357274 spawn_duration_ms=0
[2026-02-03 01:11:56.296] [info] [spider.worker] [TIMING] task_id=efa7c7a7-9902-4ca5-bc58-5b3f3750e9f2 func=job_orchestration.executor.query.spider_search_task.search_without_channel execution_start=510357274 execution_end=510358504 execution_duration_ms=1230
[2026-02-03 01:11:56.297] [info] [spider.worker] [TIMING] task_id=efa7c7a7-9902-4ca5-bc58-5b3f3750e9f2 func=job_orchestration.executor.query.spider_search_task.search_without_channel storage_connect_start=510358504 storage_connect_end=510358506 storage_connect_duration_ms=1 phase=handle_result
[2026-02-03 01:11:56.345] [info] [spider.worker] [TIMING] task_id=efa7c7a7-9902-4ca5-bc58-5b3f3750e9f2 func=job_orchestration.executor.query.spider_search_task.search_without_channel submit_output_start=510358506 submit_output_end=510358553 submit_output_duration_ms=47
[2026-02-03 01:11:56.407] [info] [spider.worker] [TIMING] worker_id=7dda5562-a36c-47d3-bb98-3789c41bd55a task_id=6195e4c3-1f5d-45b5-92dd-9700b7dba719 get_next_task request_start=510358555 connect_end=510358557 send_end=510358557 receive_end=510358557 connect_duration_ms=1 send_duration_ms=0 receive_duration_ms=0 total_duration_ms=1
[2026-02-03 01:11:56.409] [info] [spider.worker] [TIMING] task_id=6195e4c3-1f5d-45b5-92dd-9700b7dba719 storage_connect_start=510358616 storage_connect_end=510358617 storage_connect_duration_ms=1 phase=pre_execution
[2026-02-03 01:11:56.410] [info] [spider.worker] [TIMING] task_id=6195e4c3-1f5d-45b5-92dd-9700b7dba719 func=job_orchestration.executor.query.spider_search_task.search_without_channel fetch_input_start=510358617 fetch_input_end=510358619 fetch_input_duration_ms=1
[2026-02-03 01:11:56.411] [info] [spider.worker] [TIMING] task_id=6195e4c3-1f5d-45b5-92dd-9700b7dba719 func=job_orchestration.executor.query.spider_search_task.search_without_channel input_send_start=510358619 input_send_end=510358619 input_send_duration_ms=0 bytes=612
[2026-02-03 01:11:56.411] [info] [spider.worker] [TIMING] task_id=6195e4c3-1f5d-45b5-92dd-9700b7dba719 func=job_orchestration.executor.query.spider_search_task.search_without_channel spawn_start=510358619 spawn_end=510358619 spawn_duration_ms=0
[2026-02-03 01:11:57.806] [info] [spider.worker] [TIMING] task_id=6195e4c3-1f5d-45b5-92dd-9700b7dba719 func=job_orchestration.executor.query.spider_search_task.search_without_channel execution_start=510358619 execution_end=510360014 execution_duration_ms=1394
[2026-02-03 01:11:57.807] [info] [spider.worker] [TIMING] task_id=6195e4c3-1f5d-45b5-92dd-9700b7dba719 func=job_orchestration.executor.query.spider_search_task.search_without_channel storage_connect_start=510360014 storage_connect_end=510360015 storage_connect_duration_ms=1 phase=handle_result
[2026-02-03 01:11:57.827] [info] [spider.worker] [TIMING] task_id=6195e4c3-1f5d-45b5-92dd-9700b7dba719 func=job_orchestration.executor.query.spider_search_task.search_without_channel submit_output_start=510360015 submit_output_end=510360036 submit_output_duration_ms=20
[2026-02-03 01:11:57.861] [info] [spider.worker] [TIMING] worker_id=7dda5562-a36c-47d3-bb98-3789c41bd55a task_id=86d86a56-8114-4652-b9a1-d2666f969b7c get_next_task request_start=510360038 connect_end=510360039 send_end=510360039 receive_end=510360040 connect_duration_ms=1 send_duration_ms=0 receive_duration_ms=0 total_duration_ms=1
[2026-02-03 01:11:57.863] [info] [spider.worker] [TIMING] task_id=86d86a56-8114-4652-b9a1-d2666f969b7c storage_connect_start=510360069 storage_connect_end=510360071 storage_connect_duration_ms=1 phase=pre_execution
[2026-02-03 01:11:57.864] [info] [spider.worker] [TIMING] task_id=86d86a56-8114-4652-b9a1-d2666f969b7c func=job_orchestration.executor.query.spider_search_task.search_without_channel fetch_input_start=510360071 fetch_input_end=510360072 fetch_input_duration_ms=1
[2026-02-03 01:11:57.864] [info] [spider.worker] [TIMING] task_id=86d86a56-8114-4652-b9a1-d2666f969b7c func=job_orchestration.executor.query.spider_search_task.search_without_channel input_send_start=510360073 input_send_end=510360073 input_send_duration_ms=0 bytes=612
[2026-02-03 01:11:57.864] [info] [spider.worker] [TIMING] task_id=86d86a56-8114-4652-b9a1-d2666f969b7c func=job_orchestration.executor.query.spider_search_task.search_without_channel spawn_start=510360072 spawn_end=510360073 spawn_duration_ms=0
[2026-02-03 01:11:59.197] [info] [spider.worker] [TIMING] task_id=86d86a56-8114-4652-b9a1-d2666f969b7c func=job_orchestration.executor.query.spider_search_task.search_without_channel execution_start=510360073 execution_end=510361405 execution_duration_ms=1332
[2026-02-03 01:11:59.199] [info] [spider.worker] [TIMING] task_id=86d86a56-8114-4652-b9a1-d2666f969b7c func=job_orchestration.executor.query.spider_search_task.search_without_channel storage_connect_start=510361405 storage_connect_end=510361407 storage_connect_duration_ms=2 phase=handle_result
[2026-02-03 01:11:59.204] [info] [spider.worker] [TIMING] task_id=86d86a56-8114-4652-b9a1-d2666f969b7c func=job_orchestration.executor.query.spider_search_task.search_without_channel submit_output_start=510361407 submit_output_end=510361412 submit_output_duration_ms=4
[2026-02-03 01:11:59.220] [info] [spider.worker] [TIMING] worker_id=7dda5562-a36c-47d3-bb98-3789c41bd55a task_id=f41a378f-c2d1-4144-96ca-07e053bab8ce get_next_task request_start=510361415 connect_end=510361416 send_end=510361416 receive_end=510361416 connect_duration_ms=1 send_duration_ms=0 receive_duration_ms=0 total_duration_ms=1
[2026-02-03 01:11:59.222] [info] [spider.worker] [TIMING] task_id=f41a378f-c2d1-4144-96ca-07e053bab8ce storage_connect_start=510361429 storage_connect_end=510361431 storage_connect_duration_ms=1 phase=pre_execution
[2026-02-03 01:11:59.224] [info] [spider.worker] [TIMING] task_id=f41a378f-c2d1-4144-96ca-07e053bab8ce func=job_orchestration.executor.query.spider_search_task.search_without_channel fetch_input_start=510361431 fetch_input_end=510361432 fetch_input_duration_ms=1
[2026-02-03 01:11:59.224] [info] [spider.worker] [TIMING] task_id=f41a378f-c2d1-4144-96ca-07e053bab8ce func=job_orchestration.executor.query.spider_search_task.search_without_channel input_send_start=510361433 input_send_end=510361433 input_send_duration_ms=0 bytes=612
[2026-02-03 01:11:59.224] [info] [spider.worker] [TIMING] task_id=f41a378f-c2d1-4144-96ca-07e053bab8ce func=job_orchestration.executor.query.spider_search_task.search_without_channel spawn_start=510361432 spawn_end=510361433 spawn_duration_ms=0
[2026-02-03 01:12:00.704] [info] [spider.worker] [TIMING] task_id=f41a378f-c2d1-4144-96ca-07e053bab8ce func=job_orchestration.executor.query.spider_search_task.search_without_channel execution_start=510361433 execution_end=510362912 execution_duration_ms=1479
[2026-02-03 01:12:00.706] [info] [spider.worker] [TIMING] task_id=f41a378f-c2d1-4144-96ca-07e053bab8ce func=job_orchestration.executor.query.spider_search_task.search_without_channel storage_connect_start=510362912 storage_connect_end=510362914 storage_connect_duration_ms=1 phase=handle_result
[2026-02-03 01:12:00.721] [info] [spider.worker] [TIMING] task_id=f41a378f-c2d1-4144-96ca-07e053bab8ce func=job_orchestration.executor.query.spider_search_task.search_without_channel submit_output_start=510362914 submit_output_end=510362929 submit_output_duration_ms=14
[2026-02-03 01:12:00.762] [info] [spider.worker] [TIMING] worker_id=7dda5562-a36c-47d3-bb98-3789c41bd55a task_id=460982a5-ca20-459c-a379-6a4c9e855743 get_next_task request_start=510362932 connect_end=510362933 send_end=510362933 receive_end=510362933 connect_duration_ms=1 send_duration_ms=0 receive_duration_ms=0 total_duration_ms=1
[2026-02-03 01:12:00.764] [info] [spider.worker] [TIMING] task_id=460982a5-ca20-459c-a379-6a4c9e855743 storage_connect_start=510362971 storage_connect_end=510362972 storage_connect_duration_ms=1 phase=pre_execution
[2026-02-03 01:12:00.765] [info] [spider.worker] [TIMING] task_id=460982a5-ca20-459c-a379-6a4c9e855743 func=job_orchestration.executor.query.spider_search_task.search_without_channel fetch_input_start=510362972 fetch_input_end=510362973 fetch_input_duration_ms=0
[2026-02-03 01:12:00.765] [info] [spider.worker] [TIMING] task_id=460982a5-ca20-459c-a379-6a4c9e855743 func=job_orchestration.executor.query.spider_search_task.search_without_channel input_send_start=510362974 input_send_end=510362974 input_send_duration_ms=0 bytes=612
[2026-02-03 01:12:00.765] [info] [spider.worker] [TIMING] task_id=460982a5-ca20-459c-a379-6a4c9e855743 func=job_orchestration.executor.query.spider_search_task.search_without_channel spawn_start=510362973 spawn_end=510362974 spawn_duration_ms=0
[2026-02-03 01:12:02.370] [info] [spider.worker] [TIMING] task_id=460982a5-ca20-459c-a379-6a4c9e855743 func=job_orchestration.executor.query.spider_search_task.search_without_channel execution_start=510362974 execution_end=510364578 execution_duration_ms=1603
[2026-02-03 01:12:02.372] [info] [spider.worker] [TIMING] task_id=460982a5-ca20-459c-a379-6a4c9e855743 func=job_orchestration.executor.query.spider_search_task.search_without_channel storage_connect_start=510364578 storage_connect_end=510364580 storage_connect_duration_ms=1 phase=handle_result
[2026-02-03 01:12:02.396] [info] [spider.worker] [TIMING] task_id=460982a5-ca20-459c-a379-6a4c9e855743 func=job_orchestration.executor.query.spider_search_task.search_without_channel submit_output_start=510364580 submit_output_end=510364604 submit_output_duration_ms=24
[2026-02-03 01:12:02.413] [info] [spider.worker] [TIMING] worker_id=7dda5562-a36c-47d3-bb98-3789c41bd55a task_id=e905c1b0-582c-4d44-9eb7-b5d851608741 get_next_task request_start=510364607 connect_end=510364608 send_end=510364608 receive_end=510364608 connect_duration_ms=1 send_duration_ms=0 receive_duration_ms=0 total_duration_ms=1
[2026-02-03 01:12:02.415] [info] [spider.worker] [TIMING] task_id=e905c1b0-582c-4d44-9eb7-b5d851608741 storage_connect_start=510364621 storage_connect_end=510364623 storage_connect_duration_ms=1 phase=pre_execution
[2026-02-03 01:12:02.416] [info] [spider.worker] [TIMING] task_id=e905c1b0-582c-4d44-9eb7-b5d851608741 func=job_orchestration.executor.query.spider_search_task.search_without_channel fetch_input_start=510364623 fetch_input_end=510364624 fetch_input_duration_ms=1
[2026-02-03 01:12:02.416] [info] [spider.worker] [TIMING] task_id=e905c1b0-582c-4d44-9eb7-b5d851608741 func=job_orchestration.executor.query.spider_search_task.search_without_channel input_send_start=510364625 input_send_end=510364625 input_send_duration_ms=0 bytes=612
[2026-02-03 01:12:02.416] [info] [spider.worker] [TIMING] task_id=e905c1b0-582c-4d44-9eb7-b5d851608741 func=job_orchestration.executor.query.spider_search_task.search_without_channel spawn_start=510364624 spawn_end=510364625 spawn_duration_ms=0
[2026-02-03 01:12:03.880] [info] [spider.worker] [TIMING] task_id=e905c1b0-582c-4d44-9eb7-b5d851608741 func=job_orchestration.executor.query.spider_search_task.search_without_channel execution_start=510364625 execution_end=510366089 execution_duration_ms=1463
[2026-02-03 01:12:03.882] [info] [spider.worker] [TIMING] task_id=e905c1b0-582c-4d44-9eb7-b5d851608741 func=job_orchestration.executor.query.spider_search_task.search_without_channel storage_connect_start=510366089 storage_connect_end=510366091 storage_connect_duration_ms=2 phase=handle_result
[2026-02-03 01:12:03.896] [info] [spider.worker] [TIMING] task_id=e905c1b0-582c-4d44-9eb7-b5d851608741 func=job_orchestration.executor.query.spider_search_task.search_without_channel submit_output_start=510366091 submit_output_end=510366104 submit_output_duration_ms=13
[2026-02-03 01:12:03.913] [info] [spider.worker] [TIMING] worker_id=7dda5562-a36c-47d3-bb98-3789c41bd55a task_id=c0bd70b4-3cfa-421b-9e48-42ad7d770d56 get_next_task request_start=510366107 connect_end=510366108 send_end=510366108 receive_end=510366108 connect_duration_ms=1 send_duration_ms=0 receive_duration_ms=0 total_duration_ms=1
[2026-02-03 01:12:03.914] [info] [spider.worker] [TIMING] task_id=c0bd70b4-3cfa-421b-9e48-42ad7d770d56 storage_connect_start=510366121 storage_connect_end=510366122 storage_connect_duration_ms=1 phase=pre_execution
[2026-02-03 01:12:03.915] [info] [spider.worker] [TIMING] task_id=c0bd70b4-3cfa-421b-9e48-42ad7d770d56 func=job_orchestration.executor.query.spider_search_task.search_without_channel fetch_input_start=510366122 fetch_input_end=510366123 fetch_input_duration_ms=0
[2026-02-03 01:12:03.915] [info] [spider.worker] [TIMING] task_id=c0bd70b4-3cfa-421b-9e48-42ad7d770d56 func=job_orchestration.executor.query.spider_search_task.search_without_channel input_send_start=510366124 input_send_end=510366124 input_send_duration_ms=0 bytes=612
[2026-02-03 01:12:03.915] [info] [spider.worker] [TIMING] task_id=c0bd70b4-3cfa-421b-9e48-42ad7d770d56 func=job_orchestration.executor.query.spider_search_task.search_without_channel spawn_start=510366123 spawn_end=510366124 spawn_duration_ms=0
[2026-02-03 01:12:05.200] [info] [spider.worker] [TIMING] task_id=c0bd70b4-3cfa-421b-9e48-42ad7d770d56 func=job_orchestration.executor.query.spider_search_task.search_without_channel execution_start=510366124 execution_end=510367408 execution_duration_ms=1284
[2026-02-03 01:12:05.202] [info] [spider.worker] [TIMING] task_id=c0bd70b4-3cfa-421b-9e48-42ad7d770d56 func=job_orchestration.executor.query.spider_search_task.search_without_channel storage_connect_start=510367409 storage_connect_end=510367410 storage_connect_duration_ms=1 phase=handle_result
[2026-02-03 01:12:05.213] [info] [spider.worker] [TIMING] task_id=c0bd70b4-3cfa-421b-9e48-42ad7d770d56 func=job_orchestration.executor.query.spider_search_task.search_without_channel submit_output_start=510367410 submit_output_end=510367421 submit_output_duration_ms=10
[2026-02-03 01:12:05.230] [info] [spider.worker] [TIMING] worker_id=7dda5562-a36c-47d3-bb98-3789c41bd55a task_id=3ddfb893-ea92-46bc-9b90-04827075dabd get_next_task request_start=510367424 connect_end=510367425 send_end=510367426 receive_end=510367426 connect_duration_ms=1 send_duration_ms=0 receive_duration_ms=0 total_duration_ms=1
[2026-02-03 01:12:05.232] [info] [spider.worker] [TIMING] task_id=3ddfb893-ea92-46bc-9b90-04827075dabd storage_connect_start=510367438 storage_connect_end=510367440 storage_connect_duration_ms=1 phase=pre_execution
[2026-02-03 01:12:05.232] [info] [spider.worker] [TIMING] task_id=3ddfb893-ea92-46bc-9b90-04827075dabd func=job_orchestration.executor.query.spider_search_task.search_without_channel fetch_input_start=510367440 fetch_input_end=510367441 fetch_input_duration_ms=0
[2026-02-03 01:12:05.233] [info] [spider.worker] [TIMING] task_id=3ddfb893-ea92-46bc-9b90-04827075dabd func=job_orchestration.executor.query.spider_search_task.search_without_channel input_send_start=510367441 input_send_end=510367441 input_send_duration_ms=0 bytes=612
[2026-02-03 01:12:05.233] [info] [spider.worker] [TIMING] task_id=3ddfb893-ea92-46bc-9b90-04827075dabd func=job_orchestration.executor.query.spider_search_task.search_without_channel spawn_start=510367441 spawn_end=510367441 spawn_duration_ms=0
[2026-02-03 01:12:06.464] [info] [spider.worker] [TIMING] task_id=3ddfb893-ea92-46bc-9b90-04827075dabd func=job_orchestration.executor.query.spider_search_task.search_without_channel execution_start=510367442 execution_end=510368672 execution_duration_ms=1230
[2026-02-03 01:12:06.465] [info] [spider.worker] [TIMING] task_id=3ddfb893-ea92-46bc-9b90-04827075dabd func=job_orchestration.executor.query.spider_search_task.search_without_channel storage_connect_start=510368672 storage_connect_end=510368673 storage_connect_duration_ms=1 phase=handle_result
[2026-02-03 01:12:06.497] [info] [spider.worker] [TIMING] task_id=3ddfb893-ea92-46bc-9b90-04827075dabd func=job_orchestration.executor.query.spider_search_task.search_without_channel submit_output_start=510368673 submit_output_end=510368705 submit_output_duration_ms=31
[2026-02-03 01:12:06.505] [info] [spider.worker] [TIMING] worker_id=7dda5562-a36c-47d3-bb98-3789c41bd55a task_id=d3f97041-799c-4336-816c-64b692e5bc6a get_next_task request_start=510368707 connect_end=510368708 send_end=510368708 receive_end=510368708 connect_duration_ms=1 send_duration_ms=0 receive_duration_ms=0 total_duration_ms=1
[2026-02-03 01:12:06.506] [info] [spider.worker] [TIMING] task_id=d3f97041-799c-4336-816c-64b692e5bc6a storage_connect_start=510368713 storage_connect_end=510368715 storage_connect_duration_ms=1 phase=pre_execution
[2026-02-03 01:12:06.507] [info] [spider.worker] [TIMING] task_id=d3f97041-799c-4336-816c-64b692e5bc6a func=job_orchestration.executor.query.spider_search_task.search_without_channel fetch_input_start=510368715 fetch_input_end=510368715 fetch_input_duration_ms=0
[2026-02-03 01:12:06.508] [info] [spider.worker] [TIMING] task_id=d3f97041-799c-4336-816c-64b692e5bc6a func=job_orchestration.executor.query.spider_search_task.search_without_channel input_send_start=510368716 input_send_end=510368716 input_send_duration_ms=0 bytes=612
[2026-02-03 01:12:06.508] [info] [spider.worker] [TIMING] task_id=d3f97041-799c-4336-816c-64b692e5bc6a func=job_orchestration.executor.query.spider_search_task.search_without_channel spawn_start=510368716 spawn_end=510368716 spawn_duration_ms=0
[2026-02-03 01:12:08.012] [info] [spider.worker] [TIMING] task_id=d3f97041-799c-4336-816c-64b692e5bc6a func=job_orchestration.executor.query.spider_search_task.search_without_channel execution_start=510368716 execution_end=510370220 execution_duration_ms=1504
[2026-02-03 01:12:08.014] [info] [spider.worker] [TIMING] task_id=d3f97041-799c-4336-816c-64b692e5bc6a func=job_orchestration.executor.query.spider_search_task.search_without_channel storage_connect_start=510370220 storage_connect_end=510370222 storage_connect_duration_ms=1 phase=handle_result
[2026-02-03 01:12:08.044] [info] [spider.worker] [TIMING] task_id=d3f97041-799c-4336-816c-64b692e5bc6a func=job_orchestration.executor.query.spider_search_task.search_without_channel submit_output_start=510370222 submit_output_end=510370252 submit_output_duration_ms=30
[2026-02-03 01:12:08.063] [info] [spider.worker] [TIMING] worker_id=7dda5562-a36c-47d3-bb98-3789c41bd55a task_id=e99d1099-dcda-4000-b120-e6858b2198c0 get_next_task request_start=510370255 connect_end=510370256 send_end=510370256 receive_end=510370256 connect_duration_ms=1 send_duration_ms=0 receive_duration_ms=0 total_duration_ms=1
[2026-02-03 01:12:08.065] [info] [spider.worker] [TIMING] task_id=e99d1099-dcda-4000-b120-e6858b2198c0 storage_connect_start=510370272 storage_connect_end=510370274 storage_connect_duration_ms=1 phase=pre_execution
[2026-02-03 01:12:08.066] [info] [spider.worker] [TIMING] task_id=e99d1099-dcda-4000-b120-e6858b2198c0 func=job_orchestration.executor.query.spider_search_task.search_without_channel fetch_input_start=510370274 fetch_input_end=510370275 fetch_input_duration_ms=1
[2026-02-03 01:12:08.067] [info] [spider.worker] [TIMING] task_id=e99d1099-dcda-4000-b120-e6858b2198c0 func=job_orchestration.executor.query.spider_search_task.search_without_channel input_send_start=510370275 input_send_end=510370275 input_send_duration_ms=0 bytes=612
[2026-02-03 01:12:08.067] [info] [spider.worker] [TIMING] task_id=e99d1099-dcda-4000-b120-e6858b2198c0 func=job_orchestration.executor.query.spider_search_task.search_without_channel spawn_start=510370275 spawn_end=510370275 spawn_duration_ms=0
[2026-02-03 01:12:09.653] [info] [spider.worker] [TIMING] task_id=e99d1099-dcda-4000-b120-e6858b2198c0 func=job_orchestration.executor.query.spider_search_task.search_without_channel execution_start=510370276 execution_end=510371862 execution_duration_ms=1586
[2026-02-03 01:12:09.657] [info] [spider.worker] [TIMING] task_id=e99d1099-dcda-4000-b120-e6858b2198c0 func=job_orchestration.executor.query.spider_search_task.search_without_channel storage_connect_start=510371862 storage_connect_end=510371866 storage_connect_duration_ms=3 phase=handle_result
[2026-02-03 01:12:09.680] [info] [spider.worker] [TIMING] task_id=e99d1099-dcda-4000-b120-e6858b2198c0 func=job_orchestration.executor.query.spider_search_task.search_without_channel submit_output_start=510371866 submit_output_end=510371888 submit_output_duration_ms=22
[2026-02-03 01:12:09.686] [info] [spider.worker] [TIMING] worker_id=7dda5562-a36c-47d3-bb98-3789c41bd55a task_id=none get_next_task request_start=510371890 connect_end=510371892 send_end=510371892 receive_end=510371894 connect_duration_ms=1 send_duration_ms=0 receive_duration_ms=2 total_duration_ms=3
[2026-02-03 01:12:09.840] [info] [spider.worker] [TIMING] worker_id=7dda5562-a36c-47d3-bb98-3789c41bd55a task_id=none get_next_task request_start=510371996 connect_end=510371998 send_end=510371998 receive_end=510372049 connect_duration_ms=1 send_duration_ms=0 receive_duration_ms=50 total_duration_ms=52
[2026-02-03 01:12:09.962] [info] [spider.worker] [TIMING] worker_id=7dda5562-a36c-47d3-bb98-3789c41bd55a task_id=none get_next_task request_start=510372151 connect_end=510372153 send_end=510372153 receive_end=510372170 connect_duration_ms=1 send_duration_ms=0 receive_duration_ms=17 total_duration_ms=19
[2026-02-03 01:12:10.078] [info] [spider.worker] [TIMING] worker_id=7dda5562-a36c-47d3-bb98-3789c41bd55a task_id=none get_next_task request_start=510372273 connect_end=510372274 send_end=510372274 receive_end=510372286 connect_duration_ms=1 send_duration_ms=0 receive_duration_ms=12 total_duration_ms=13
[2026-02-03 01:12:10.191] [info] [spider.worker] [TIMING] worker_id=7dda5562-a36c-47d3-bb98-3789c41bd55a task_id=none get_next_task request_start=510372389 connect_end=510372391 send_end=510372391 receive_end=510372400 connect_duration_ms=2 send_duration_ms=0 receive_duration_ms=8 total_duration_ms=10
[2026-02-03 01:12:10.301] [info] [spider.worker] [TIMING] worker_id=7dda5562-a36c-47d3-bb98-3789c41bd55a task_id=none get_next_task request_start=510372502 connect_end=510372504 send_end=510372504 receive_end=510372510 connect_duration_ms=1 send_duration_ms=0 receive_duration_ms=6 total_duration_ms=7
[2026-02-03 01:12:10.416] [info] [spider.worker] [TIMING] worker_id=7dda5562-a36c-47d3-bb98-3789c41bd55a task_id=none get_next_task request_start=510372612 connect_end=510372614 send_end=510372614 receive_end=510372624 connect_duration_ms=1 send_duration_ms=0 receive_duration_ms=10 total_duration_ms=11
[2026-02-03 01:12:10.524] [info] [spider.worker] [TIMING] worker_id=7dda5562-a36c-47d3-bb98-3789c41bd55a task_id=none get_next_task request_start=510372726 connect_end=510372727 send_end=510372727 receive_end=510372732 connect_duration_ms=1 send_duration_ms=0 receive_duration_ms=4 total_duration_ms=6
[2026-02-03 01:12:10.633] [info] [spider.worker] [TIMING] worker_id=7dda5562-a36c-47d3-bb98-3789c41bd55a task_id=none get_next_task request_start=510372833 connect_end=510372834 send_end=510372834 receive_end=510372841 connect_duration_ms=0 send_duration_ms=0 receive_duration_ms=7 total_duration_ms=7
[2026-02-03 01:12:10.738] [info] [spider.worker] [TIMING] worker_id=7dda5562-a36c-47d3-bb98-3789c41bd55a task_id=none get_next_task request_start=510372943 connect_end=510372944 send_end=510372944 receive_end=510372946 connect_duration_ms=1 send_duration_ms=0 receive_duration_ms=2 total_duration_ms=3
[2026-02-03 01:12:10.843] [info] [spider.worker] [TIMING] worker_id=7dda5562-a36c-47d3-bb98-3789c41bd55a task_id=none get_next_task request_start=510373048 connect_end=510373049 send_end=510373049 receive_end=510373051 connect_duration_ms=0 send_duration_ms=0 receive_duration_ms=2 total_duration_ms=3
[2026-02-03 01:12:10.970] [info] [spider.worker] [TIMING] worker_id=7dda5562-a36c-47d3-bb98-3789c41bd55a task_id=none get_next_task request_start=510373168 connect_end=510373170 send_end=510373170 receive_end=510373179 connect_duration_ms=1 send_duration_ms=0 receive_duration_ms=8 total_duration_ms=10
[2026-02-03 01:12:11.076] [info] [spider.worker] [TIMING] worker_id=7dda5562-a36c-47d3-bb98-3789c41bd55a task_id=none get_next_task request_start=510373280 connect_end=510373281 send_end=510373281 receive_end=510373285 connect_duration_ms=1 send_duration_ms=0 receive_duration_ms=3 total_duration_ms=4
[2026-02-03 01:12:11.182] [info] [spider.worker] [TIMING] worker_id=7dda5562-a36c-47d3-bb98-3789c41bd55a task_id=none get_next_task request_start=510373387 connect_end=510373388 send_end=510373388 receive_end=510373391 connect_duration_ms=1 send_duration_ms=0 receive_duration_ms=2 total_duration_ms=3
[2026-02-03 01:12:11.294] [info] [spider.worker] [TIMING] worker_id=7dda5562-a36c-47d3-bb98-3789c41bd55a task_id=none get_next_task request_start=510373493 connect_end=510373494 send_end=510373494 receive_end=510373502 connect_duration_ms=1 send_duration_ms=0 receive_duration_ms=8 total_duration_ms=9
[2026-02-03 01:12:11.399] [info] [spider.worker] [TIMING] worker_id=7dda5562-a36c-47d3-bb98-3789c41bd55a task_id=none get_next_task request_start=510373604 connect_end=510373605 send_end=510373605 receive_end=510373607 connect_duration_ms=1 send_duration_ms=0 receive_duration_ms=2 total_duration_ms=3
[2026-02-03 01:12:11.505] [info] [spider.worker] [TIMING] worker_id=7dda5562-a36c-47d3-bb98-3789c41bd55a task_id=none get_next_task request_start=510373709 connect_end=510373710 send_end=510373710 receive_end=510373713 connect_duration_ms=0 send_duration_ms=0 receive_duration_ms=2 total_duration_ms=3
[2026-02-03 01:12:11.610] [info] [spider.worker] [TIMING] worker_id=7dda5562-a36c-47d3-bb98-3789c41bd55a task_id=none get_next_task request_start=510373814 connect_end=510373816 send_end=510373816 receive_end=510373818 connect_duration_ms=1 send_duration_ms=0 receive_duration_ms=2 total_duration_ms=3
[2026-02-03 01:12:11.714] [info] [spider.worker] [TIMING] worker_id=7dda5562-a36c-47d3-bb98-3789c41bd55a task_id=none get_next_task request_start=510373920 connect_end=510373921 send_end=510373921 receive_end=510373923 connect_duration_ms=0 send_duration_ms=0 receive_duration_ms=1 total_duration_ms=2
[2026-02-03 01:12:11.821] [info] [spider.worker] [TIMING] worker_id=7dda5562-a36c-47d3-bb98-3789c41bd55a task_id=none get_next_task request_start=510374025 connect_end=510374026 send_end=510374026 receive_end=510374029 connect_duration_ms=1 send_duration_ms=0 receive_duration_ms=3 total_duration_ms=4
[2026-02-03 01:12:11.926] [info] [spider.worker] [TIMING] worker_id=7dda5562-a36c-47d3-bb98-3789c41bd55a task_id=none get_next_task request_start=510374131 connect_end=510374132 send_end=510374132 receive_end=510374135 connect_duration_ms=1 send_duration_ms=0 receive_duration_ms=2 total_duration_ms=3
[2026-02-03 01:12:12.037] [info] [spider.worker] [TIMING] worker_id=7dda5562-a36c-47d3-bb98-3789c41bd55a task_id=none get_next_task request_start=510374236 connect_end=510374237 send_end=510374237 receive_end=510374245 connect_duration_ms=1 send_duration_ms=0 receive_duration_ms=7 total_duration_ms=8
[2026-02-03 01:12:12.141] [info] [spider.worker] [TIMING] worker_id=7dda5562-a36c-47d3-bb98-3789c41bd55a task_id=none get_next_task request_start=510374347 connect_end=510374347 send_end=510374347 receive_end=510374349 connect_duration_ms=0 send_duration_ms=0 receive_duration_ms=2 total_duration_ms=2
[2026-02-03 01:12:12.245] [info] [spider.worker] [TIMING] worker_id=7dda5562-a36c-47d3-bb98-3789c41bd55a task_id=none get_next_task request_start=510374451 connect_end=510374452 send_end=510374452 receive_end=510374454 connect_duration_ms=0 send_duration_ms=0 receive_duration_ms=1 total_duration_ms=2
[2026-02-03 01:12:12.349] [info] [spider.worker] [TIMING] worker_id=7dda5562-a36c-47d3-bb98-3789c41bd55a task_id=none get_next_task request_start=510374555 connect_end=510374556 send_end=510374556 receive_end=510374558 connect_duration_ms=0 send_duration_ms=0 receive_duration_ms=1 total_duration_ms=2
[2026-02-03 01:12:12.454] [info] [spider.worker] [TIMING] worker_id=7dda5562-a36c-47d3-bb98-3789c41bd55a task_id=none get_next_task request_start=510374659 connect_end=510374660 send_end=510374660 receive_end=510374662 connect_duration_ms=0 send_duration_ms=0 receive_duration_ms=2 total_duration_ms=3
[2026-02-03 01:12:12.559] [info] [spider.worker] [TIMING] worker_id=7dda5562-a36c-47d3-bb98-3789c41bd55a task_id=none get_next_task request_start=510374764 connect_end=510374764 send_end=510374764 receive_end=510374767 connect_duration_ms=0 send_duration_ms=0 receive_duration_ms=2 total_duration_ms=3
[2026-02-03 01:12:12.663] [info] [spider.worker] [TIMING] worker_id=7dda5562-a36c-47d3-bb98-3789c41bd55a task_id=none get_next_task request_start=510374869 connect_end=510374869 send_end=510374869 receive_end=510374872 connect_duration_ms=0 send_duration_ms=0 receive_duration_ms=2 total_duration_ms=3
[2026-02-03 01:12:12.769] [info] [spider.worker] [TIMING] worker_id=7dda5562-a36c-47d3-bb98-3789c41bd55a task_id=none get_next_task request_start=510374973 connect_end=510374975 send_end=510374975 receive_end=510374978 connect_duration_ms=1 send_duration_ms=0 receive_duration_ms=2 total_duration_ms=4
[2026-02-03 01:12:12.881] [info] [spider.worker] [TIMING] worker_id=7dda5562-a36c-47d3-bb98-3789c41bd55a task_id=none get_next_task request_start=510375080 connect_end=510375082 send_end=510375082 receive_end=510375090 connect_duration_ms=1 send_duration_ms=0 receive_duration_ms=8 total_duration_ms=9
[2026-02-03 01:12:12.989] [info] [spider.worker] [TIMING] worker_id=7dda5562-a36c-47d3-bb98-3789c41bd55a task_id=none get_next_task request_start=510375192 connect_end=510375193 send_end=510375193 receive_end=510375198 connect_duration_ms=1 send_duration_ms=0 receive_duration_ms=4 total_duration_ms=5
[2026-02-03 01:12:13.097] [info] [spider.worker] [TIMING] worker_id=7dda5562-a36c-47d3-bb98-3789c41bd55a task_id=none get_next_task request_start=510375300 connect_end=510375301 send_end=510375301 receive_end=510375305 connect_duration_ms=1 send_duration_ms=0 receive_duration_ms=3 total_duration_ms=5
[2026-02-03 01:12:13.203] [info] [spider.worker] [TIMING] worker_id=7dda5562-a36c-47d3-bb98-3789c41bd55a task_id=none get_next_task request_start=510375407 connect_end=510375408 send_end=510375408 receive_end=510375411 connect_duration_ms=1 send_duration_ms=0 receive_duration_ms=2 total_duration_ms=4
[2026-02-03 01:12:13.307] [info] [spider.worker] [TIMING] worker_id=7dda5562-a36c-47d3-bb98-3789c41bd55a task_id=none get_next_task request_start=510375512 connect_end=510375513 send_end=510375513 receive_end=510375515 connect_duration_ms=0 send_duration_ms=0 receive_duration_ms=1 total_duration_ms=2
[2026-02-03 01:12:13.412] [info] [spider.worker] [TIMING] worker_id=7dda5562-a36c-47d3-bb98-3789c41bd55a task_id=none get_next_task request_start=510375617 connect_end=510375619 send_end=510375619 receive_end=510375621 connect_duration_ms=1 send_duration_ms=0 receive_duration_ms=1 total_duration_ms=3
[2026-02-03 01:12:13.527] [info] [spider.worker] [TIMING] worker_id=7dda5562-a36c-47d3-bb98-3789c41bd55a task_id=none get_next_task request_start=510375722 connect_end=510375724 send_end=510375724 receive_end=510375735 connect_duration_ms=1 send_duration_ms=0 receive_duration_ms=11 total_duration_ms=12
[2026-02-03 01:12:13.631] [info] [spider.worker] [TIMING] worker_id=7dda5562-a36c-47d3-bb98-3789c41bd55a task_id=none get_next_task request_start=510375837 connect_end=510375837 send_end=510375837 receive_end=510375839 connect_duration_ms=0 send_duration_ms=0 receive_duration_ms=1 total_duration_ms=2
[2026-02-03 01:12:13.738] [info] [spider.worker] [TIMING] worker_id=7dda5562-a36c-47d3-bb98-3789c41bd55a task_id=none get_next_task request_start=510375941 connect_end=510375942 send_end=510375942 receive_end=510375947 connect_duration_ms=1 send_duration_ms=0 receive_duration_ms=4 total_duration_ms=5
[2026-02-03 01:12:13.846] [info] [spider.worker] [TIMING] worker_id=7dda5562-a36c-47d3-bb98-3789c41bd55a task_id=none get_next_task request_start=510376048 connect_end=510376049 send_end=510376049 receive_end=510376054 connect_duration_ms=1 send_duration_ms=0 receive_duration_ms=5 total_duration_ms=6
[2026-02-03 01:12:13.955] [info] [spider.worker] [TIMING] worker_id=7dda5562-a36c-47d3-bb98-3789c41bd55a task_id=none get_next_task request_start=510376156 connect_end=510376158 send_end=510376158 receive_end=510376163 connect_duration_ms=1 send_duration_ms=0 receive_duration_ms=5 total_duration_ms=6
[2026-02-03 01:12:14.062] [info] [spider.worker] [TIMING] worker_id=7dda5562-a36c-47d3-bb98-3789c41bd55a task_id=none get_next_task request_start=510376265 connect_end=510376266 send_end=510376266 receive_end=510376270 connect_duration_ms=1 send_duration_ms=0 receive_duration_ms=3 total_duration_ms=5
[2026-02-03 01:12:14.169] [info] [spider.worker] [TIMING] worker_id=7dda5562-a36c-47d3-bb98-3789c41bd55a task_id=none get_next_task request_start=510376372 connect_end=510376374 send_end=510376374 receive_end=510376378 connect_duration_ms=1 send_duration_ms=0 receive_duration_ms=3 total_duration_ms=5
[2026-02-03 01:12:14.278] [info] [spider.worker] [TIMING] worker_id=7dda5562-a36c-47d3-bb98-3789c41bd55a task_id=none get_next_task request_start=510376481 connect_end=510376482 send_end=510376482 receive_end=510376486 connect_duration_ms=1 send_duration_ms=0 receive_duration_ms=4 total_duration_ms=5
[2026-02-03 01:12:14.386] [info] [spider.worker] [TIMING] worker_id=7dda5562-a36c-47d3-bb98-3789c41bd55a task_id=none get_next_task request_start=510376589 connect_end=510376590 send_end=510376590 receive_end=510376595 connect_duration_ms=1 send_duration_ms=0 receive_duration_ms=4 total_duration_ms=5
[2026-02-03 01:12:14.494] [info] [spider.worker] [TIMING] worker_id=7dda5562-a36c-47d3-bb98-3789c41bd55a task_id=none get_next_task request_start=510376697 connect_end=510376699 send_end=510376699 receive_end=510376702 connect_duration_ms=1 send_duration_ms=0 receive_duration_ms=3 total_duration_ms=5
[2026-02-03 01:12:14.607] [info] [spider.worker] [TIMING] worker_id=7dda5562-a36c-47d3-bb98-3789c41bd55a task_id=none get_next_task request_start=510376805 connect_end=510376807 send_end=510376807 receive_end=510376815 connect_duration_ms=1 send_duration_ms=0 receive_duration_ms=8 total_duration_ms=10
[2026-02-03 01:12:14.716] [info] [spider.worker] [TIMING] worker_id=7dda5562-a36c-47d3-bb98-3789c41bd55a task_id=none get_next_task request_start=510376918 connect_end=510376920 send_end=510376920 receive_end=510376924 connect_duration_ms=1 send_duration_ms=0 receive_duration_ms=3 total_duration_ms=5
[2026-02-03 01:12:14.822] [info] [spider.worker] [TIMING] worker_id=7dda5562-a36c-47d3-bb98-3789c41bd55a task_id=none get_next_task request_start=510377026 connect_end=510377028 send_end=510377028 receive_end=510377030 connect_duration_ms=1 send_duration_ms=0 receive_duration_ms=2 total_duration_ms=4
[2026-02-03 01:12:14.929] [info] [spider.worker] [TIMING] worker_id=7dda5562-a36c-47d3-bb98-3789c41bd55a task_id=none get_next_task request_start=510377133 connect_end=510377134 send_end=510377134 receive_end=510377137 connect_duration_ms=1 send_duration_ms=0 receive_duration_ms=2 total_duration_ms=4
[2026-02-03 01:12:15.036] [info] [spider.worker] [TIMING] worker_id=7dda5562-a36c-47d3-bb98-3789c41bd55a task_id=none get_next_task request_start=510377239 connect_end=510377241 send_end=510377241 receive_end=510377244 connect_duration_ms=1 send_duration_ms=0 receive_duration_ms=3 total_duration_ms=5
[2026-02-03 01:12:15.144] [info] [spider.worker] [TIMING] worker_id=7dda5562-a36c-47d3-bb98-3789c41bd55a task_id=none get_next_task request_start=510377346 connect_end=510377348 send_end=510377348 receive_end=510377352 connect_duration_ms=1 send_duration_ms=0 receive_duration_ms=3 total_duration_ms=5
[2026-02-03 01:12:15.252] [info] [spider.worker] [TIMING] worker_id=7dda5562-a36c-47d3-bb98-3789c41bd55a task_id=none get_next_task request_start=510377455 connect_end=510377456 send_end=510377456 receive_end=510377460 connect_duration_ms=1 send_duration_ms=0 receive_duration_ms=4 total_duration_ms=5
[2026-02-03 01:12:15.360] [info] [spider.worker] [TIMING] worker_id=7dda5562-a36c-47d3-bb98-3789c41bd55a task_id=none get_next_task request_start=510377563 connect_end=510377564 send_end=510377564 receive_end=510377569 connect_duration_ms=1 send_duration_ms=0 receive_duration_ms=4 total_duration_ms=5
[2026-02-03 01:12:15.479] [info] [spider.worker] [TIMING] worker_id=7dda5562-a36c-47d3-bb98-3789c41bd55a task_id=none get_next_task request_start=510377679 connect_end=510377681 send_end=510377681 receive_end=510377687 connect_duration_ms=1 send_duration_ms=0 receive_duration_ms=6 total_duration_ms=8
[2026-02-03 01:12:15.586] [info] [spider.worker] [TIMING] worker_id=7dda5562-a36c-47d3-bb98-3789c41bd55a task_id=none get_next_task request_start=510377790 connect_end=510377792 send_end=510377792 receive_end=510377794 connect_duration_ms=1 send_duration_ms=0 receive_duration_ms=2 total_duration_ms=4
[2026-02-03 01:12:15.693] [info] [spider.worker] [TIMING] worker_id=7dda5562-a36c-47d3-bb98-3789c41bd55a task_id=none get_next_task request_start=510377897 connect_end=510377898 send_end=510377898 receive_end=510377901 connect_duration_ms=1 send_duration_ms=0 receive_duration_ms=3 total_duration_ms=4
[2026-02-03 01:12:15.803] [info] [spider.worker] [TIMING] worker_id=7dda5562-a36c-47d3-bb98-3789c41bd55a task_id=none get_next_task request_start=510378004 connect_end=510378006 send_end=510378006 receive_end=510378011 connect_duration_ms=1 send_duration_ms=0 receive_duration_ms=5 total_duration_ms=7
[2026-02-03 01:12:15.912] [info] [spider.worker] [TIMING] worker_id=7dda5562-a36c-47d3-bb98-3789c41bd55a task_id=none get_next_task request_start=510378114 connect_end=510378116 send_end=510378116 receive_end=510378120 connect_duration_ms=1 send_duration_ms=0 receive_duration_ms=4 total_duration_ms=6
[2026-02-03 01:12:16.021] [info] [spider.worker] [TIMING] worker_id=7dda5562-a36c-47d3-bb98-3789c41bd55a task_id=none get_next_task request_start=510378223 connect_end=510378225 send_end=510378225 receive_end=510378229 connect_duration_ms=1 send_duration_ms=0 receive_duration_ms=4 total_duration_ms=5
[2026-02-03 01:12:16.129] [info] [spider.worker] [TIMING] worker_id=7dda5562-a36c-47d3-bb98-3789c41bd55a task_id=none get_next_task request_start=510378332 connect_end=510378333 send_end=510378333 receive_end=510378337 connect_duration_ms=1 send_duration_ms=0 receive_duration_ms=3 total_duration_ms=5
[2026-02-03 01:12:16.237] [info] [spider.worker] [TIMING] worker_id=7dda5562-a36c-47d3-bb98-3789c41bd55a task_id=none get_next_task request_start=510378440 connect_end=510378441 send_end=510378441 receive_end=510378445 connect_duration_ms=1 send_duration_ms=0 receive_duration_ms=4 total_duration_ms=5
[2026-02-03 01:12:16.346] [info] [spider.worker] [TIMING] worker_id=7dda5562-a36c-47d3-bb98-3789c41bd55a task_id=none get_next_task request_start=510378548 connect_end=510378550 send_end=510378550 receive_end=510378555 connect_duration_ms=1 send_duration_ms=0 receive_duration_ms=5 total_duration_ms=6
[2026-02-03 01:12:16.455] [info] [spider.worker] [TIMING] worker_id=7dda5562-a36c-47d3-bb98-3789c41bd55a task_id=none get_next_task request_start=510378657 connect_end=510378659 send_end=510378659 receive_end=510378663 connect_duration_ms=1 send_duration_ms=0 receive_duration_ms=4 total_duration_ms=6
[2026-02-03 01:12:16.573] [info] [spider.worker] [TIMING] worker_id=7dda5562-a36c-47d3-bb98-3789c41bd55a task_id=none get_next_task request_start=510378766 connect_end=510378779 send_end=510378779 receive_end=510378781 connect_duration_ms=12 send_duration_ms=0 receive_duration_ms=2 total_duration_ms=14
[2026-02-03 01:12:16.680] [info] [spider.worker] [TIMING] worker_id=7dda5562-a36c-47d3-bb98-3789c41bd55a task_id=none get_next_task request_start=510378884 connect_end=510378885 send_end=510378885 receive_end=510378888 connect_duration_ms=1 send_duration_ms=0 receive_duration_ms=3 total_duration_ms=4
[2026-02-03 01:12:16.789] [info] [spider.worker] [TIMING] worker_id=7dda5562-a36c-47d3-bb98-3789c41bd55a task_id=none get_next_task request_start=510378991 connect_end=510378993 send_end=510378993 receive_end=510378997 connect_duration_ms=2 send_duration_ms=0 receive_duration_ms=4 total_duration_ms=6
[2026-02-03 01:12:16.897] [info] [spider.worker] [TIMING] worker_id=7dda5562-a36c-47d3-bb98-3789c41bd55a task_id=none get_next_task request_start=510379100 connect_end=510379101 send_end=510379101 receive_end=510379105 connect_duration_ms=1 send_duration_ms=0 receive_duration_ms=3 total_duration_ms=5
[2026-02-03 01:12:17.007] [info] [spider.worker] [TIMING] worker_id=7dda5562-a36c-47d3-bb98-3789c41bd55a task_id=none get_next_task request_start=510379209 connect_end=510379211 send_end=510379211 receive_end=510379215 connect_duration_ms=1 send_duration_ms=0 receive_duration_ms=4 total_duration_ms=6
[2026-02-03 01:12:17.115] [info] [spider.worker] [TIMING] worker_id=7dda5562-a36c-47d3-bb98-3789c41bd55a task_id=none get_next_task request_start=510379318 connect_end=510379319 send_end=510379319 receive_end=510379324 connect_duration_ms=1 send_duration_ms=0 receive_duration_ms=4 total_duration_ms=6
[2026-02-03 01:12:17.225] [info] [spider.worker] [TIMING] worker_id=7dda5562-a36c-47d3-bb98-3789c41bd55a task_id=none get_next_task request_start=510379427 connect_end=510379429 send_end=510379429 receive_end=510379433 connect_duration_ms=2 send_duration_ms=0 receive_duration_ms=4 total_duration_ms=6
[2026-02-03 01:12:17.333] [info] [spider.worker] [TIMING] worker_id=7dda5562-a36c-47d3-bb98-3789c41bd55a task_id=none get_next_task request_start=510379536 connect_end=510379537 send_end=510379537 receive_end=510379542 connect_duration_ms=1 send_duration_ms=0 receive_duration_ms=4 total_duration_ms=6
[2026-02-03 01:12:17.443] [info] [spider.worker] [TIMING] worker_id=7dda5562-a36c-47d3-bb98-3789c41bd55a task_id=none get_next_task request_start=510379645 connect_end=510379646 send_end=510379646 receive_end=510379652 connect_duration_ms=1 send_duration_ms=0 receive_duration_ms=5 total_duration_ms=7
[2026-02-03 01:12:17.552] [info] [spider.worker] [TIMING] worker_id=7dda5562-a36c-47d3-bb98-3789c41bd55a task_id=none get_next_task request_start=510379754 connect_end=510379756 send_end=510379756 receive_end=510379760 connect_duration_ms=1 send_duration_ms=0 receive_duration_ms=4 total_duration_ms=5
[2026-02-03 01:12:17.660] [info] [spider.worker] [TIMING] worker_id=7dda5562-a36c-47d3-bb98-3789c41bd55a task_id=none get_next_task request_start=510379862 connect_end=510379865 send_end=510379865 receive_end=510379869 connect_duration_ms=2 send_duration_ms=0 receive_duration_ms=4 total_duration_ms=6
[2026-02-03 01:12:17.769] [info] [spider.worker] [TIMING] worker_id=7dda5562-a36c-47d3-bb98-3789c41bd55a task_id=none get_next_task request_start=510379971 connect_end=510379973 send_end=510379973 receive_end=510379977 connect_duration_ms=1 send_duration_ms=0 receive_duration_ms=3 total_duration_ms=5
[2026-02-03 01:12:17.877] [info] [spider.worker] [TIMING] worker_id=7dda5562-a36c-47d3-bb98-3789c41bd55a task_id=none get_next_task request_start=510380080 connect_end=510380082 send_end=510380082 receive_end=510380086 connect_duration_ms=1 send_duration_ms=0 receive_duration_ms=4 total_duration_ms=5
[2026-02-03 01:12:17.986] [info] [spider.worker] [TIMING] worker_id=7dda5562-a36c-47d3-bb98-3789c41bd55a task_id=none get_next_task request_start=510380188 connect_end=510380190 send_end=510380190 receive_end=510380194 connect_duration_ms=1 send_duration_ms=0 receive_duration_ms=4 total_duration_ms=6
[2026-02-03 01:12:18.107] [info] [spider.worker] [TIMING] worker_id=7dda5562-a36c-47d3-bb98-3789c41bd55a task_id=none get_next_task request_start=510380304 connect_end=510380306 send_end=510380306 receive_end=510380315 connect_duration_ms=2 send_duration_ms=0 receive_duration_ms=9 total_duration_ms=11
[2026-02-03 01:12:18.215] [info] [spider.worker] [TIMING] worker_id=7dda5562-a36c-47d3-bb98-3789c41bd55a task_id=none get_next_task request_start=510380418 connect_end=510380420 send_end=510380420 receive_end=510380424 connect_duration_ms=1 send_duration_ms=0 receive_duration_ms=3 total_duration_ms=5
[2026-02-03 01:12:18.324] [info] [spider.worker] [TIMING] worker_id=7dda5562-a36c-47d3-bb98-3789c41bd55a task_id=none get_next_task request_start=510380526 connect_end=510380528 send_end=510380528 receive_end=510380533 connect_duration_ms=1 send_duration_ms=0 receive_duration_ms=4 total_duration_ms=6
[2026-02-03 01:12:18.434] [info] [spider.worker] [TIMING] worker_id=7dda5562-a36c-47d3-bb98-3789c41bd55a task_id=none get_next_task request_start=510380635 connect_end=510380637 send_end=510380637 receive_end=510380643 connect_duration_ms=1 send_duration_ms=0 receive_duration_ms=5 total_duration_ms=7
[2026-02-03 01:12:18.543] [info] [spider.worker] [TIMING] worker_id=7dda5562-a36c-47d3-bb98-3789c41bd55a task_id=none get_next_task request_start=510380745 connect_end=510380747 send_end=510380747 receive_end=510380751 connect_duration_ms=1 send_duration_ms=0 receive_duration_ms=4 total_duration_ms=6
[2026-02-03 01:12:18.652] [info] [spider.worker] [TIMING] worker_id=7dda5562-a36c-47d3-bb98-3789c41bd55a task_id=none get_next_task request_start=510380854 connect_end=510380856 send_end=510380856 receive_end=510380861 connect_duration_ms=1 send_duration_ms=0 receive_duration_ms=4 total_duration_ms=6
[2026-02-03 01:12:18.762] [info] [spider.worker] [TIMING] worker_id=7dda5562-a36c-47d3-bb98-3789c41bd55a task_id=none get_next_task request_start=510380963 connect_end=510380965 send_end=510380965 receive_end=510380971 connect_duration_ms=1 send_duration_ms=0 receive_duration_ms=5 total_duration_ms=7
[2026-02-03 01:12:18.871] [info] [spider.worker] [TIMING] worker_id=7dda5562-a36c-47d3-bb98-3789c41bd55a task_id=none get_next_task request_start=510381074 connect_end=510381075 send_end=510381075 receive_end=510381079 connect_duration_ms=1 send_duration_ms=0 receive_duration_ms=4 total_duration_ms=5
[2026-02-03 01:12:18.976] [info] [spider.worker] [TIMING] worker_id=7dda5562-a36c-47d3-bb98-3789c41bd55a task_id=none get_next_task request_start=510381181 connect_end=510381182 send_end=510381182 receive_end=510381184 connect_duration_ms=0 send_duration_ms=0 receive_duration_ms=2 total_duration_ms=3
[2026-02-03 01:12:19.081] [info] [spider.worker] [TIMING] worker_id=7dda5562-a36c-47d3-bb98-3789c41bd55a task_id=none get_next_task request_start=510381286 connect_end=510381287 send_end=510381287 receive_end=510381289 connect_duration_ms=0 send_duration_ms=0 receive_duration_ms=2 total_duration_ms=3
[2026-02-03 01:12:19.185] [info] [spider.worker] [TIMING] worker_id=7dda5562-a36c-47d3-bb98-3789c41bd55a task_id=none get_next_task request_start=510381390 connect_end=510381391 send_end=510381391 receive_end=510381393 connect_duration_ms=0 send_duration_ms=0 receive_duration_ms=2 total_duration_ms=2
[2026-02-03 01:12:19.300] [info] [spider.worker] [TIMING] worker_id=7dda5562-a36c-47d3-bb98-3789c41bd55a task_id=none get_next_task request_start=510381496 connect_end=510381497 send_end=510381497 receive_end=510381508 connect_duration_ms=1 send_duration_ms=0 receive_duration_ms=10 total_duration_ms=12
[2026-02-03 01:12:19.410] [info] [spider.worker] [TIMING] worker_id=7dda5562-a36c-47d3-bb98-3789c41bd55a task_id=none get_next_task request_start=510381610 connect_end=510381611 send_end=510381611 receive_end=510381618 connect_duration_ms=0 send_duration_ms=0 receive_duration_ms=6 total_duration_ms=7
[2026-02-03 01:12:19.518] [info] [spider.worker] [TIMING] worker_id=7dda5562-a36c-47d3-bb98-3789c41bd55a task_id=none get_next_task request_start=510381720 connect_end=510381721 send_end=510381721 receive_end=510381726 connect_duration_ms=1 send_duration_ms=0 receive_duration_ms=5 total_duration_ms=6
[2026-02-03 01:12:19.623] [info] [spider.worker] [TIMING] worker_id=7dda5562-a36c-47d3-bb98-3789c41bd55a task_id=none get_next_task request_start=510381828 connect_end=510381830 send_end=510381830 receive_end=510381832 connect_duration_ms=1 send_duration_ms=0 receive_duration_ms=1 total_duration_ms=3
[2026-02-03 01:12:19.728] [info] [spider.worker] [TIMING] worker_id=7dda5562-a36c-47d3-bb98-3789c41bd55a task_id=none get_next_task request_start=510381933 connect_end=510381934 send_end=510381934 receive_end=510381937 connect_duration_ms=1 send_duration_ms=0 receive_duration_ms=2 total_duration_ms=3
[2026-02-03 01:12:19.833] [info] [spider.worker] [TIMING] worker_id=7dda5562-a36c-47d3-bb98-3789c41bd55a task_id=none get_next_task request_start=510382038 connect_end=510382039 send_end=510382039 receive_end=510382041 connect_duration_ms=1 send_duration_ms=0 receive_duration_ms=1 total_duration_ms=2
[2026-02-03 01:12:19.937] [info] [spider.worker] [TIMING] worker_id=7dda5562-a36c-47d3-bb98-3789c41bd55a task_id=none get_next_task request_start=510382143 connect_end=510382144 send_end=510382144 receive_end=510382146 connect_duration_ms=1 send_duration_ms=0 receive_duration_ms=1 total_duration_ms=2
[2026-02-03 01:12:20.042] [info] [spider.worker] [TIMING] worker_id=7dda5562-a36c-47d3-bb98-3789c41bd55a task_id=none get_next_task request_start=510382247 connect_end=510382248 send_end=510382248 receive_end=510382251 connect_duration_ms=1 send_duration_ms=0 receive_duration_ms=2 total_duration_ms=3
[2026-02-03 01:12:20.147] [info] [spider.worker] [TIMING] worker_id=7dda5562-a36c-47d3-bb98-3789c41bd55a task_id=none get_next_task request_start=510382352 connect_end=510382353 send_end=510382353 receive_end=510382355 connect_duration_ms=0 send_duration_ms=0 receive_duration_ms=1 total_duration_ms=2
[2026-02-03 01:12:20.253] [info] [spider.worker] [TIMING] worker_id=7dda5562-a36c-47d3-bb98-3789c41bd55a task_id=none get_next_task request_start=510382457 connect_end=510382459 send_end=510382459 receive_end=510382461 connect_duration_ms=1 send_duration_ms=0 receive_duration_ms=2 total_duration_ms=4
[2026-02-03 01:12:20.357] [info] [spider.worker] [TIMING] worker_id=7dda5562-a36c-47d3-bb98-3789c41bd55a task_id=none get_next_task request_start=510382563 connect_end=510382564 send_end=510382564 receive_end=510382565 connect_duration_ms=1 send_duration_ms=0 receive_duration_ms=1 total_duration_ms=2
[2026-02-03 01:12:20.461] [info] [spider.worker] [TIMING] worker_id=7dda5562-a36c-47d3-bb98-3789c41bd55a task_id=none get_next_task request_start=510382667 connect_end=510382668 send_end=510382668 receive_end=510382670 connect_duration_ms=0 send_duration_ms=0 receive_duration_ms=2 total_duration_ms=3
[2026-02-03 01:12:20.567] [info] [spider.worker] [TIMING] worker_id=7dda5562-a36c-47d3-bb98-3789c41bd55a task_id=none get_next_task request_start=510382771 connect_end=510382772 send_end=510382772 receive_end=510382775 connect_duration_ms=0 send_duration_ms=0 receive_duration_ms=2 total_duration_ms=3
[2026-02-03 01:12:20.681] [info] [spider.worker] [TIMING] worker_id=7dda5562-a36c-47d3-bb98-3789c41bd55a task_id=none get_next_task request_start=510382877 connect_end=510382878 send_end=510382878 receive_end=510382889 connect_duration_ms=1 send_duration_ms=0 receive_duration_ms=11 total_duration_ms=12
[2026-02-03 01:12:20.787] [info] [spider.worker] [TIMING] worker_id=7dda5562-a36c-47d3-bb98-3789c41bd55a task_id=none get_next_task request_start=510382991 connect_end=510382993 send_end=510382993 receive_end=510382996 connect_duration_ms=1 send_duration_ms=0 receive_duration_ms=2 total_duration_ms=4
[2026-02-03 01:12:20.893] [info] [spider.worker] [TIMING] worker_id=7dda5562-a36c-47d3-bb98-3789c41bd55a task_id=none get_next_task request_start=510383097 connect_end=510383098 send_end=510383098 receive_end=510383101 connect_duration_ms=0 send_duration_ms=0 receive_duration_ms=2 total_duration_ms=3
[2026-02-03 01:12:20.997] [info] [spider.worker] [TIMING] worker_id=7dda5562-a36c-47d3-bb98-3789c41bd55a task_id=none get_next_task request_start=510383202 connect_end=510383203 send_end=510383203 receive_end=510383205 connect_duration_ms=0 send_duration_ms=0 receive_duration_ms=1 total_duration_ms=2
[2026-02-03 01:12:21.106] [info] [spider.worker] [TIMING] worker_id=7dda5562-a36c-47d3-bb98-3789c41bd55a task_id=none get_next_task request_start=510383307 connect_end=510383308 send_end=510383308 receive_end=510383315 connect_duration_ms=1 send_duration_ms=0 receive_duration_ms=7 total_duration_ms=8
[2026-02-03 01:12:21.213] [info] [spider.worker] [TIMING] worker_id=7dda5562-a36c-47d3-bb98-3789c41bd55a task_id=none get_next_task request_start=510383416 connect_end=510383417 send_end=510383417 receive_end=510383422 connect_duration_ms=0 send_duration_ms=0 receive_duration_ms=4 total_duration_ms=5
[2026-02-03 01:12:21.322] [info] [spider.worker] [TIMING] worker_id=7dda5562-a36c-47d3-bb98-3789c41bd55a task_id=none get_next_task request_start=510383524 connect_end=510383525 send_end=510383525 receive_end=510383531 connect_duration_ms=1 send_duration_ms=0 receive_duration_ms=5 total_duration_ms=7
[2026-02-03 01:12:21.428] [info] [spider.worker] [TIMING] worker_id=7dda5562-a36c-47d3-bb98-3789c41bd55a task_id=none get_next_task request_start=510383633 connect_end=510383634 send_end=510383634 receive_end=510383636 connect_duration_ms=1 send_duration_ms=0 receive_duration_ms=2 total_duration_ms=3
[2026-02-03 01:12:21.536] [info] [spider.worker] [TIMING] worker_id=7dda5562-a36c-47d3-bb98-3789c41bd55a task_id=none get_next_task request_start=510383737 connect_end=510383739 send_end=510383739 receive_end=510383745 connect_duration_ms=1 send_duration_ms=0 receive_duration_ms=6 total_duration_ms=7
[2026-02-03 01:12:21.642] [info] [spider.worker] [TIMING] worker_id=7dda5562-a36c-47d3-bb98-3789c41bd55a task_id=none get_next_task request_start=510383847 connect_end=510383848 send_end=510383848 receive_end=510383850 connect_duration_ms=1 send_duration_ms=0 receive_duration_ms=2 total_duration_ms=3
[2026-02-03 01:12:21.751] [info] [spider.worker] [TIMING] worker_id=7dda5562-a36c-47d3-bb98-3789c41bd55a task_id=none get_next_task request_start=510383953 connect_end=510383954 send_end=510383954 receive_end=510383960 connect_duration_ms=1 send_duration_ms=0 receive_duration_ms=5 total_duration_ms=7
[2026-02-03 01:12:21.860] [info] [spider.worker] [TIMING] worker_id=7dda5562-a36c-47d3-bb98-3789c41bd55a task_id=none get_next_task request_start=510384062 connect_end=510384064 send_end=510384064 receive_end=510384068 connect_duration_ms=1 send_duration_ms=0 receive_duration_ms=4 total_duration_ms=6
[2026-02-03 01:12:21.968] [info] [spider.worker] [TIMING] worker_id=7dda5562-a36c-47d3-bb98-3789c41bd55a task_id=none get_next_task request_start=510384171 connect_end=510384172 send_end=510384172 receive_end=510384177 connect_duration_ms=1 send_duration_ms=0 receive_duration_ms=4 total_duration_ms=5
[2026-02-03 01:12:22.077] [info] [spider.worker] [TIMING] worker_id=7dda5562-a36c-47d3-bb98-3789c41bd55a task_id=none get_next_task request_start=510384279 connect_end=510384281 send_end=510384281 receive_end=510384285 connect_duration_ms=1 send_duration_ms=0 receive_duration_ms=3 total_duration_ms=5
[2026-02-03 01:12:22.188] [info] [spider.worker] [TIMING] worker_id=7dda5562-a36c-47d3-bb98-3789c41bd55a task_id=none get_next_task request_start=510384388 connect_end=510384390 send_end=510384390 receive_end=510384396 connect_duration_ms=1 send_duration_ms=0 receive_duration_ms=5 total_duration_ms=7
[2026-02-03 01:12:22.296] [info] [spider.worker] [TIMING] worker_id=7dda5562-a36c-47d3-bb98-3789c41bd55a task_id=none get_next_task request_start=510384498 connect_end=510384500 send_end=510384500 receive_end=510384505 connect_duration_ms=1 send_duration_ms=0 receive_duration_ms=4 total_duration_ms=6
[2026-02-03 01:12:22.405] [info] [spider.worker] [TIMING] worker_id=7dda5562-a36c-47d3-bb98-3789c41bd55a task_id=none get_next_task request_start=510384607 connect_end=510384609 send_end=510384609 receive_end=510384613 connect_duration_ms=1 send_duration_ms=0 receive_duration_ms=4 total_duration_ms=5
[2026-02-03 01:12:22.514] [info] [spider.worker] [TIMING] worker_id=7dda5562-a36c-47d3-bb98-3789c41bd55a task_id=none get_next_task request_start=510384716 connect_end=510384718 send_end=510384718 receive_end=510384722 connect_duration_ms=1 send_duration_ms=0 receive_duration_ms=4 total_duration_ms=6
[2026-02-03 01:12:22.623] [info] [spider.worker] [TIMING] worker_id=7dda5562-a36c-47d3-bb98-3789c41bd55a task_id=none get_next_task request_start=510384825 connect_end=510384827 send_end=510384827 receive_end=510384831 connect_duration_ms=1 send_duration_ms=0 receive_duration_ms=4 total_duration_ms=6
[2026-02-03 01:12:22.731] [info] [spider.worker] [TIMING] worker_id=7dda5562-a36c-47d3-bb98-3789c41bd55a task_id=none get_next_task request_start=510384933 connect_end=510384935 send_end=510384935 receive_end=510384939 connect_duration_ms=1 send_duration_ms=0 receive_duration_ms=4 total_duration_ms=6
[2026-02-03 01:12:22.840] [info] [spider.worker] [TIMING] worker_id=7dda5562-a36c-47d3-bb98-3789c41bd55a task_id=none get_next_task request_start=510385042 connect_end=510385044 send_end=510385044 receive_end=510385048 connect_duration_ms=1 send_duration_ms=0 receive_duration_ms=4 total_duration_ms=5
[2026-02-03 01:12:22.949] [info] [spider.worker] [TIMING] worker_id=7dda5562-a36c-47d3-bb98-3789c41bd55a task_id=none get_next_task request_start=510385151 connect_end=510385152 send_end=510385152 receive_end=510385158 connect_duration_ms=1 send_duration_ms=0 receive_duration_ms=5 total_duration_ms=7
[2026-02-03 01:12:23.060] [info] [spider.worker] [TIMING] worker_id=7dda5562-a36c-47d3-bb98-3789c41bd55a task_id=none get_next_task request_start=510385261 connect_end=510385263 send_end=510385263 receive_end=510385268 connect_duration_ms=1 send_duration_ms=0 receive_duration_ms=5 total_duration_ms=7
[2026-02-03 01:12:23.168] [info] [spider.worker] [TIMING] worker_id=7dda5562-a36c-47d3-bb98-3789c41bd55a task_id=none get_next_task request_start=510385371 connect_end=510385373 send_end=510385373 receive_end=510385377 connect_duration_ms=1 send_duration_ms=0 receive_duration_ms=3 total_duration_ms=5
[2026-02-03 01:12:23.279] [info] [spider.worker] [TIMING] worker_id=7dda5562-a36c-47d3-bb98-3789c41bd55a task_id=none get_next_task request_start=510385479 connect_end=510385481 send_end=510385481 receive_end=510385487 connect_duration_ms=1 send_duration_ms=0 receive_duration_ms=5 total_duration_ms=7
[2026-02-03 01:12:23.385] [info] [spider.worker] [TIMING] worker_id=7dda5562-a36c-47d3-bb98-3789c41bd55a task_id=none get_next_task request_start=510385589 connect_end=510385591 send_end=510385591 receive_end=510385594 connect_duration_ms=1 send_duration_ms=0 receive_duration_ms=2 total_duration_ms=4
[2026-02-03 01:12:23.494] [info] [spider.worker] [TIMING] worker_id=7dda5562-a36c-47d3-bb98-3789c41bd55a task_id=none get_next_task request_start=510385697 connect_end=510385699 send_end=510385699 receive_end=510385702 connect_duration_ms=1 send_duration_ms=0 receive_duration_ms=3 total_duration_ms=5
[2026-02-03 01:12:23.602] [info] [spider.worker] [TIMING] worker_id=7dda5562-a36c-47d3-bb98-3789c41bd55a task_id=none get_next_task request_start=510385805 connect_end=510385807 send_end=510385807 receive_end=510385810 connect_duration_ms=1 send_duration_ms=0 receive_duration_ms=3 total_duration_ms=5
[2026-02-03 01:12:23.711] [info] [spider.worker] [TIMING] worker_id=7dda5562-a36c-47d3-bb98-3789c41bd55a task_id=none get_next_task request_start=510385913 connect_end=510385915 send_end=510385915 receive_end=510385919 connect_duration_ms=1 send_duration_ms=0 receive_duration_ms=4 total_duration_ms=5
[2026-02-03 01:12:23.818] [info] [spider.worker] [TIMING] worker_id=7dda5562-a36c-47d3-bb98-3789c41bd55a task_id=none get_next_task request_start=510386021 connect_end=510386022 send_end=510386023 receive_end=510386026 connect_duration_ms=1 send_duration_ms=0 receive_duration_ms=3 total_duration_ms=5
[2026-02-03 01:12:23.926] [info] [spider.worker] [TIMING] worker_id=7dda5562-a36c-47d3-bb98-3789c41bd55a task_id=none get_next_task request_start=510386129 connect_end=510386130 send_end=510386130 receive_end=510386134 connect_duration_ms=1 send_duration_ms=0 receive_duration_ms=4 total_duration_ms=5
[2026-02-03 01:12:24.036] [info] [spider.worker] [TIMING] worker_id=7dda5562-a36c-47d3-bb98-3789c41bd55a task_id=none get_next_task request_start=510386237 connect_end=510386238 send_end=510386238 receive_end=510386244 connect_duration_ms=1 send_duration_ms=0 receive_duration_ms=5 total_duration_ms=7
[2026-02-03 01:12:24.142] [info] [spider.worker] [TIMING] worker_id=7dda5562-a36c-47d3-bb98-3789c41bd55a task_id=none get_next_task request_start=510386347 connect_end=510386348 send_end=510386348 receive_end=510386350 connect_duration_ms=1 send_duration_ms=0 receive_duration_ms=1 total_duration_ms=3
[2026-02-03 01:12:24.250] [info] [spider.worker] [TIMING] worker_id=7dda5562-a36c-47d3-bb98-3789c41bd55a task_id=none get_next_task request_start=510386453 connect_end=510386456 send_end=510386456 receive_end=510386458 connect_duration_ms=2 send_duration_ms=0 receive_duration_ms=2 total_duration_ms=4
[2026-02-03 01:12:24.360] [info] [spider.worker] [TIMING] worker_id=7dda5562-a36c-47d3-bb98-3789c41bd55a task_id=none get_next_task request_start=510386560 connect_end=510386561 send_end=510386561 receive_end=510386569 connect_duration_ms=1 send_duration_ms=0 receive_duration_ms=7 total_duration_ms=8
[2026-02-03 01:12:24.468] [info] [spider.worker] [TIMING] worker_id=7dda5562-a36c-47d3-bb98-3789c41bd55a task_id=none get_next_task request_start=510386672 connect_end=510386673 send_end=510386673 receive_end=510386677 connect_duration_ms=1 send_duration_ms=0 receive_duration_ms=3 total_duration_ms=5
[2026-02-03 01:12:24.577] [info] [spider.worker] [TIMING] worker_id=7dda5562-a36c-47d3-bb98-3789c41bd55a task_id=none get_next_task request_start=510386781 connect_end=510386782 send_end=510386782 receive_end=510386785 connect_duration_ms=0 send_duration_ms=0 receive_duration_ms=3 total_duration_ms=4
[2026-02-03 01:12:24.685] [info] [spider.worker] [TIMING] worker_id=7dda5562-a36c-47d3-bb98-3789c41bd55a task_id=none get_next_task request_start=510386887 connect_end=510386889 send_end=510386889 receive_end=510386894 connect_duration_ms=1 send_duration_ms=0 receive_duration_ms=4 total_duration_ms=6
[2026-02-03 01:12:24.793] [info] [spider.worker] [TIMING] worker_id=7dda5562-a36c-47d3-bb98-3789c41bd55a task_id=none get_next_task request_start=510386996 connect_end=510386997 send_end=510386998 receive_end=510387002 connect_duration_ms=1 send_duration_ms=0 receive_duration_ms=4 total_duration_ms=5
[2026-02-03 01:12:24.902] [info] [spider.worker] [TIMING] worker_id=7dda5562-a36c-47d3-bb98-3789c41bd55a task_id=none get_next_task request_start=510387104 connect_end=510387106 send_end=510387106 receive_end=510387110 connect_duration_ms=1 send_duration_ms=0 receive_duration_ms=3 total_duration_ms=5
[2026-02-03 01:12:25.007] [info] [spider.worker] [TIMING] worker_id=7dda5562-a36c-47d3-bb98-3789c41bd55a task_id=none get_next_task request_start=510387212 connect_end=510387213 send_end=510387213 receive_end=510387215 connect_duration_ms=0 send_duration_ms=0 receive_duration_ms=2 total_duration_ms=3
[2026-02-03 01:12:25.113] [info] [spider.worker] [TIMING] worker_id=7dda5562-a36c-47d3-bb98-3789c41bd55a task_id=none get_next_task request_start=510387317 connect_end=510387319 send_end=510387319 receive_end=510387321 connect_duration_ms=1 send_duration_ms=0 receive_duration_ms=2 total_duration_ms=3
[2026-02-03 01:12:25.219] [info] [spider.worker] [TIMING] worker_id=7dda5562-a36c-47d3-bb98-3789c41bd55a task_id=none get_next_task request_start=510387423 connect_end=510387425 send_end=510387425 receive_end=510387427 connect_duration_ms=1 send_duration_ms=0 receive_duration_ms=2 total_duration_ms=4
[2026-02-03 01:12:25.325] [info] [spider.worker] [TIMING] worker_id=7dda5562-a36c-47d3-bb98-3789c41bd55a task_id=none get_next_task request_start=510387529 connect_end=510387530 send_end=510387531 receive_end=510387533 connect_duration_ms=1 send_duration_ms=0 receive_duration_ms=2 total_duration_ms=3
[2026-02-03 01:12:25.433] [info] [spider.worker] [TIMING] worker_id=7dda5562-a36c-47d3-bb98-3789c41bd55a task_id=none get_next_task request_start=510387635 connect_end=510387637 send_end=510387637 receive_end=510387641 connect_duration_ms=1 send_duration_ms=0 receive_duration_ms=4 total_duration_ms=5
[2026-02-03 01:12:25.542] [info] [spider.worker] [TIMING] worker_id=7dda5562-a36c-47d3-bb98-3789c41bd55a task_id=none get_next_task request_start=510387744 connect_end=510387746 send_end=510387746 receive_end=510387750 connect_duration_ms=1 send_duration_ms=0 receive_duration_ms=4 total_duration_ms=6
[2026-02-03 01:12:25.651] [info] [spider.worker] [TIMING] worker_id=7dda5562-a36c-47d3-bb98-3789c41bd55a task_id=none get_next_task request_start=510387853 connect_end=510387855 send_end=510387855 receive_end=510387859 connect_duration_ms=1 send_duration_ms=0 receive_duration_ms=4 total_duration_ms=6
[2026-02-03 01:12:25.760] [info] [spider.worker] [TIMING] worker_id=7dda5562-a36c-47d3-bb98-3789c41bd55a task_id=none get_next_task request_start=510387962 connect_end=510387964 send_end=510387964 receive_end=510387968 connect_duration_ms=1 send_duration_ms=0 receive_duration_ms=4 total_duration_ms=6
[2026-02-03 01:12:25.868] [info] [spider.worker] [TIMING] worker_id=7dda5562-a36c-47d3-bb98-3789c41bd55a task_id=none get_next_task request_start=510388071 connect_end=510388072 send_end=510388072 receive_end=510388076 connect_duration_ms=1 send_duration_ms=0 receive_duration_ms=3 total_duration_ms=5
[2026-02-03 01:12:25.977] [info] [spider.worker] [TIMING] worker_id=7dda5562-a36c-47d3-bb98-3789c41bd55a task_id=none get_next_task request_start=510388179 connect_end=510388181 send_end=510388181 receive_end=510388186 connect_duration_ms=1 send_duration_ms=0 receive_duration_ms=4 total_duration_ms=6
[2026-02-03 01:12:26.084] [info] [spider.worker] [TIMING] worker_id=7dda5562-a36c-47d3-bb98-3789c41bd55a task_id=none get_next_task request_start=510388287 connect_end=510388288 send_end=510388288 receive_end=510388293 connect_duration_ms=0 send_duration_ms=0 receive_duration_ms=4 total_duration_ms=5
[2026-02-03 01:12:26.189] [info] [spider.worker] [TIMING] worker_id=7dda5562-a36c-47d3-bb98-3789c41bd55a task_id=none get_next_task request_start=510388394 connect_end=510388395 send_end=510388395 receive_end=510388397 connect_duration_ms=0 send_duration_ms=0 receive_duration_ms=2 total_duration_ms=2
[2026-02-03 01:12:26.294] [info] [spider.worker] [TIMING] worker_id=7dda5562-a36c-47d3-bb98-3789c41bd55a task_id=none get_next_task request_start=510388499 connect_end=510388500 send_end=510388500 receive_end=510388502 connect_duration_ms=1 send_duration_ms=0 receive_duration_ms=1 total_duration_ms=2
[2026-02-03 01:12:26.401] [info] [spider.worker] [TIMING] worker_id=7dda5562-a36c-47d3-bb98-3789c41bd55a task_id=none get_next_task request_start=510388604 connect_end=510388606 send_end=510388606 receive_end=510388609 connect_duration_ms=1 send_duration_ms=0 receive_duration_ms=3 total_duration_ms=4
[2026-02-03 01:12:26.505] [info] [spider.worker] [TIMING] worker_id=7dda5562-a36c-47d3-bb98-3789c41bd55a task_id=none get_next_task request_start=510388711 connect_end=510388711 send_end=510388711 receive_end=510388713 connect_duration_ms=0 send_duration_ms=0 receive_duration_ms=2 total_duration_ms=2
[2026-02-03 01:12:26.610] [info] [spider.worker] [TIMING] worker_id=7dda5562-a36c-47d3-bb98-3789c41bd55a task_id=none get_next_task request_start=510388815 connect_end=510388816 send_end=510388816 receive_end=510388818 connect_duration_ms=0 send_duration_ms=0 receive_duration_ms=1 total_duration_ms=2
[2026-02-03 01:12:26.717] [info] [spider.worker] [TIMING] worker_id=7dda5562-a36c-47d3-bb98-3789c41bd55a task_id=none get_next_task request_start=510388920 connect_end=510388921 send_end=510388921 receive_end=510388925 connect_duration_ms=1 send_duration_ms=0 receive_duration_ms=3 total_duration_ms=5
[2026-02-03 01:12:26.824] [info] [spider.worker] [TIMING] worker_id=7dda5562-a36c-47d3-bb98-3789c41bd55a task_id=none get_next_task request_start=510389027 connect_end=510389028 send_end=510389028 receive_end=510389032 connect_duration_ms=1 send_duration_ms=0 receive_duration_ms=4 total_duration_ms=5
[2026-02-03 01:12:26.930] [info] [spider.worker] [TIMING] worker_id=7dda5562-a36c-47d3-bb98-3789c41bd55a task_id=none get_next_task request_start=510389134 connect_end=510389136 send_end=510389136 receive_end=510389138 connect_duration_ms=1 send_duration_ms=0 receive_duration_ms=2 total_duration_ms=3
[2026-02-03 01:12:27.038] [info] [spider.worker] [TIMING] worker_id=7dda5562-a36c-47d3-bb98-3789c41bd55a task_id=none get_next_task request_start=510389240 connect_end=510389242 send_end=510389242 receive_end=510389246 connect_duration_ms=1 send_duration_ms=0 receive_duration_ms=4 total_duration_ms=5
[2026-02-03 01:12:27.146] [info] [spider.worker] [TIMING] worker_id=7dda5562-a36c-47d3-bb98-3789c41bd55a task_id=none get_next_task request_start=510389349 connect_end=510389350 send_end=510389350 receive_end=510389354 connect_duration_ms=1 send_duration_ms=0 receive_duration_ms=4 total_duration_ms=5
[2026-02-03 01:12:27.254] [info] [spider.worker] [TIMING] worker_id=7dda5562-a36c-47d3-bb98-3789c41bd55a task_id=none get_next_task request_start=510389457 connect_end=510389459 send_end=510389459 receive_end=510389463 connect_duration_ms=1 send_duration_ms=0 receive_duration_ms=4 total_duration_ms=5
[2026-02-03 01:12:27.363] [info] [spider.worker] [TIMING] worker_id=7dda5562-a36c-47d3-bb98-3789c41bd55a task_id=none get_next_task request_start=510389566 connect_end=510389567 send_end=510389567 receive_end=510389571 connect_duration_ms=1 send_duration_ms=0 receive_duration_ms=4 total_duration_ms=5
[2026-02-03 01:12:27.471] [info] [spider.worker] [TIMING] worker_id=7dda5562-a36c-47d3-bb98-3789c41bd55a task_id=none get_next_task request_start=510389674 connect_end=510389675 send_end=510389675 receive_end=510389679 connect_duration_ms=1 send_duration_ms=0 receive_duration_ms=3 total_duration_ms=5
[2026-02-03 01:12:27.580] [info] [spider.worker] [TIMING] worker_id=7dda5562-a36c-47d3-bb98-3789c41bd55a task_id=none get_next_task request_start=510389782 connect_end=510389783 send_end=510389783 receive_end=510389788 connect_duration_ms=1 send_duration_ms=0 receive_duration_ms=4 total_duration_ms=6
[2026-02-03 01:12:27.738] [info] [spider.worker] [TIMING] worker_id=7dda5562-a36c-47d3-bb98-3789c41bd55a task_id=none get_next_task request_start=510389902 connect_end=510389904 send_end=510389904 receive_end=510389947 connect_duration_ms=2 send_duration_ms=0 receive_duration_ms=42 total_duration_ms=45
[2026-02-03 01:12:27.847] [info] [spider.worker] [TIMING] worker_id=7dda5562-a36c-47d3-bb98-3789c41bd55a task_id=none get_next_task request_start=510390049 connect_end=510390051 send_end=510390051 receive_end=510390055 connect_duration_ms=1 send_duration_ms=0 receive_duration_ms=3 total_duration_ms=5
[2026-02-03 01:12:27.957] [info] [spider.worker] [TIMING] worker_id=7dda5562-a36c-47d3-bb98-3789c41bd55a task_id=none get_next_task request_start=510390158 connect_end=510390159 send_end=510390159 receive_end=510390166 connect_duration_ms=1 send_duration_ms=0 receive_duration_ms=6 total_duration_ms=8
[2026-02-03 01:12:28.065] [info] [spider.worker] [TIMING] worker_id=7dda5562-a36c-47d3-bb98-3789c41bd55a task_id=none get_next_task request_start=510390268 connect_end=510390270 send_end=510390270 receive_end=510390273 connect_duration_ms=1 send_duration_ms=0 receive_duration_ms=3 total_duration_ms=4
[2026-02-03 01:12:28.174] [info] [spider.worker] [TIMING] worker_id=7dda5562-a36c-47d3-bb98-3789c41bd55a task_id=none get_next_task request_start=510390376 connect_end=510390378 send_end=510390378 receive_end=510390382 connect_duration_ms=1 send_duration_ms=0 receive_duration_ms=4 total_duration_ms=6
[2026-02-03 01:12:28.287] [info] [spider.worker] [TIMING] worker_id=7dda5562-a36c-47d3-bb98-3789c41bd55a task_id=none get_next_task request_start=510390485 connect_end=510390487 send_end=510390487 receive_end=510390495 connect_duration_ms=1 send_duration_ms=0 receive_duration_ms=7 total_duration_ms=9
[2026-02-03 01:12:28.395] [info] [spider.worker] [TIMING] worker_id=7dda5562-a36c-47d3-bb98-3789c41bd55a task_id=none get_next_task request_start=510390597 connect_end=510390599 send_end=510390599 receive_end=510390603 connect_duration_ms=1 send_duration_ms=0 receive_duration_ms=4 total_duration_ms=5
[2026-02-03 01:12:28.503] [info] [spider.worker] [TIMING] worker_id=7dda5562-a36c-47d3-bb98-3789c41bd55a task_id=none get_next_task request_start=510390706 connect_end=510390707 send_end=510390707 receive_end=510390712 connect_duration_ms=1 send_duration_ms=0 receive_duration_ms=4 total_duration_ms=5
[2026-02-03 01:12:28.612] [info] [spider.worker] [TIMING] worker_id=7dda5562-a36c-47d3-bb98-3789c41bd55a task_id=none get_next_task request_start=510390814 connect_end=510390816 send_end=510390816 receive_end=510390820 connect_duration_ms=1 send_duration_ms=0 receive_duration_ms=4 total_duration_ms=5
[2026-02-03 01:12:28.723] [info] [spider.worker] [TIMING] worker_id=7dda5562-a36c-47d3-bb98-3789c41bd55a task_id=none get_next_task request_start=510390923 connect_end=510390925 send_end=510390925 receive_end=510390932 connect_duration_ms=1 send_duration_ms=0 receive_duration_ms=6 total_duration_ms=8
[2026-02-03 01:12:28.833] [info] [spider.worker] [TIMING] worker_id=7dda5562-a36c-47d3-bb98-3789c41bd55a task_id=none get_next_task request_start=510391034 connect_end=510391037 send_end=510391037 receive_end=510391041 connect_duration_ms=2 send_duration_ms=0 receive_duration_ms=4 total_duration_ms=6
[2026-02-03 01:12:28.942] [info] [spider.worker] [TIMING] worker_id=7dda5562-a36c-47d3-bb98-3789c41bd55a task_id=none get_next_task request_start=510391144 connect_end=510391145 send_end=510391145 receive_end=510391150 connect_duration_ms=1 send_duration_ms=0 receive_duration_ms=4 total_duration_ms=6
[2026-02-03 01:12:29.051] [info] [spider.worker] [TIMING] worker_id=7dda5562-a36c-47d3-bb98-3789c41bd55a task_id=none get_next_task request_start=510391253 connect_end=510391254 send_end=510391254 receive_end=510391259 connect_duration_ms=1 send_duration_ms=0 receive_duration_ms=4 total_duration_ms=6
[2026-02-03 01:12:29.161] [info] [spider.worker] [TIMING] worker_id=7dda5562-a36c-47d3-bb98-3789c41bd55a task_id=none get_next_task request_start=510391362 connect_end=510391364 send_end=510391364 receive_end=510391369 connect_duration_ms=1 send_duration_ms=0 receive_duration_ms=5 total_duration_ms=6
[2026-02-03 01:12:29.270] [info] [spider.worker] [TIMING] worker_id=7dda5562-a36c-47d3-bb98-3789c41bd55a task_id=none get_next_task request_start=510391471 connect_end=510391473 send_end=510391473 receive_end=510391479 connect_duration_ms=1 send_duration_ms=0 receive_duration_ms=5 total_duration_ms=7
[2026-02-03 01:12:29.386] [info] [spider.worker] [TIMING] worker_id=7dda5562-a36c-47d3-bb98-3789c41bd55a task_id=none get_next_task request_start=510391581 connect_end=510391583 send_end=510391583 receive_end=510391594 connect_duration_ms=1 send_duration_ms=0 receive_duration_ms=10 total_duration_ms=12
[2026-02-03 01:12:29.498] [info] [spider.worker] [TIMING] worker_id=7dda5562-a36c-47d3-bb98-3789c41bd55a task_id=none get_next_task request_start=510391697 connect_end=510391699 send_end=510391699 receive_end=510391707 connect_duration_ms=1 send_duration_ms=0 receive_duration_ms=7 total_duration_ms=9
[2026-02-03 01:12:29.608] [info] [spider.worker] [TIMING] worker_id=7dda5562-a36c-47d3-bb98-3789c41bd55a task_id=none get_next_task request_start=510391810 connect_end=510391812 send_end=510391812 receive_end=510391816 connect_duration_ms=2 send_duration_ms=0 receive_duration_ms=4 total_duration_ms=6
[2026-02-03 01:12:29.716] [info] [spider.worker] [TIMING] worker_id=7dda5562-a36c-47d3-bb98-3789c41bd55a task_id=none get_next_task request_start=510391919 connect_end=510391921 send_end=510391921 receive_end=510391924 connect_duration_ms=1 send_duration_ms=0 receive_duration_ms=3 total_duration_ms=5
[2026-02-03 01:12:29.824] [info] [spider.worker] [TIMING] worker_id=7dda5562-a36c-47d3-bb98-3789c41bd55a task_id=none get_next_task request_start=510392027 connect_end=510392029 send_end=510392029 receive_end=510392032 connect_duration_ms=1 send_duration_ms=0 receive_duration_ms=3 total_duration_ms=5
[2026-02-03 01:12:29.933] [info] [spider.worker] [TIMING] worker_id=7dda5562-a36c-47d3-bb98-3789c41bd55a task_id=none get_next_task request_start=510392134 connect_end=510392136 send_end=510392136 receive_end=510392141 connect_duration_ms=2 send_duration_ms=0 receive_duration_ms=5 total_duration_ms=7
[2026-02-03 01:12:30.038] [info] [spider.worker] [TIMING] worker_id=7dda5562-a36c-47d3-bb98-3789c41bd55a task_id=none get_next_task request_start=510392243 connect_end=510392244 send_end=510392244 receive_end=510392246 connect_duration_ms=0 send_duration_ms=0 receive_duration_ms=2 total_duration_ms=3
[2026-02-03 01:12:30.144] [info] [spider.worker] [TIMING] worker_id=7dda5562-a36c-47d3-bb98-3789c41bd55a task_id=none get_next_task request_start=510392349 connect_end=510392350 send_end=510392350 receive_end=510392352 connect_duration_ms=1 send_duration_ms=0 receive_duration_ms=2 total_duration_ms=3
[2026-02-03 01:12:30.249] [info] [spider.worker] [TIMING] worker_id=7dda5562-a36c-47d3-bb98-3789c41bd55a task_id=none get_next_task request_start=510392454 connect_end=510392456 send_end=510392456 receive_end=510392457 connect_duration_ms=1 send_duration_ms=0 receive_duration_ms=1 total_duration_ms=3
[2026-02-03 01:12:30.354] [info] [spider.worker] [TIMING] worker_id=7dda5562-a36c-47d3-bb98-3789c41bd55a task_id=none get_next_task request_start=510392559 connect_end=510392560 send_end=510392560 receive_end=510392562 connect_duration_ms=0 send_duration_ms=0 receive_duration_ms=2 total_duration_ms=3
[2026-02-03 01:12:30.460] [info] [spider.worker] [TIMING] worker_id=7dda5562-a36c-47d3-bb98-3789c41bd55a task_id=none get_next_task request_start=510392663 connect_end=510392664 send_end=510392664 receive_end=510392668 connect_duration_ms=0 send_duration_ms=0 receive_duration_ms=3 total_duration_ms=4
[2026-02-03 01:12:30.565] [info] [spider.worker] [TIMING] worker_id=7dda5562-a36c-47d3-bb98-3789c41bd55a task_id=none get_next_task request_start=510392770 connect_end=510392771 send_end=510392771 receive_end=510392773 connect_duration_ms=0 send_duration_ms=0 receive_duration_ms=2 total_duration_ms=3
[2026-02-03 01:12:30.674] [info] [spider.worker] [TIMING] worker_id=7dda5562-a36c-47d3-bb98-3789c41bd55a task_id=none get_next_task request_start=510392877 connect_end=510392878 send_end=510392878 receive_end=510392883 connect_duration_ms=1 send_duration_ms=0 receive_duration_ms=4 total_duration_ms=5
[2026-02-03 01:12:30.781] [info] [spider.worker] [TIMING] worker_id=7dda5562-a36c-47d3-bb98-3789c41bd55a task_id=none get_next_task request_start=510392984 connect_end=510392985 send_end=510392985 receive_end=510392990 connect_duration_ms=1 send_duration_ms=0 receive_duration_ms=4 total_duration_ms=5
[2026-02-03 01:12:30.891] [info] [spider.worker] [TIMING] worker_id=7dda5562-a36c-47d3-bb98-3789c41bd55a task_id=none get_next_task request_start=510393092 connect_end=510393094 send_end=510393094 receive_end=510393100 connect_duration_ms=2 send_duration_ms=0 receive_duration_ms=5 total_duration_ms=7
[2026-02-03 01:12:31.000] [info] [spider.worker] [TIMING] worker_id=7dda5562-a36c-47d3-bb98-3789c41bd55a task_id=none get_next_task request_start=510393202 connect_end=510393204 send_end=510393204 receive_end=510393208 connect_duration_ms=1 send_duration_ms=0 receive_duration_ms=4 total_duration_ms=6
[2026-02-03 01:12:31.107] [info] [spider.worker] [TIMING] worker_id=7dda5562-a36c-47d3-bb98-3789c41bd55a task_id=none get_next_task request_start=510393311 connect_end=510393312 send_end=510393312 receive_end=510393316 connect_duration_ms=1 send_duration_ms=0 receive_duration_ms=3 total_duration_ms=5
[2026-02-03 01:12:31.216] [info] [spider.worker] [TIMING] worker_id=7dda5562-a36c-47d3-bb98-3789c41bd55a task_id=none get_next_task request_start=510393418 connect_end=510393420 send_end=510393420 receive_end=510393424 connect_duration_ms=1 send_duration_ms=0 receive_duration_ms=4 total_duration_ms=5
[2026-02-03 01:12:31.334] [info] [spider.worker] [TIMING] worker_id=7dda5562-a36c-47d3-bb98-3789c41bd55a task_id=none get_next_task request_start=510393527 connect_end=510393528 send_end=510393528 receive_end=510393542 connect_duration_ms=1 send_duration_ms=0 receive_duration_ms=13 total_duration_ms=15
[2026-02-03 01:12:31.458] [info] [spider.worker] [TIMING] worker_id=7dda5562-a36c-47d3-bb98-3789c41bd55a task_id=none get_next_task request_start=510393659 connect_end=510393661 send_end=510393661 receive_end=510393667 connect_duration_ms=2 send_duration_ms=0 receive_duration_ms=6 total_duration_ms=8
[2026-02-03 01:12:31.564] [info] [spider.worker] [TIMING] worker_id=7dda5562-a36c-47d3-bb98-3789c41bd55a task_id=none get_next_task request_start=510393768 connect_end=510393770 send_end=510393770 receive_end=510393773 connect_duration_ms=1 send_duration_ms=0 receive_duration_ms=3 total_duration_ms=4
[2026-02-03 01:12:31.669] [info] [spider.worker] [TIMING] worker_id=7dda5562-a36c-47d3-bb98-3789c41bd55a task_id=none get_next_task request_start=510393875 connect_end=510393876 send_end=510393876 receive_end=510393878 connect_duration_ms=1 send_duration_ms=0 receive_duration_ms=2 total_duration_ms=3
[2026-02-03 01:12:31.773] [info] [spider.worker] [TIMING] worker_id=7dda5562-a36c-47d3-bb98-3789c41bd55a task_id=none get_next_task request_start=510393979 connect_end=510393980 send_end=510393980 receive_end=510393982 connect_duration_ms=0 send_duration_ms=0 receive_duration_ms=1 total_duration_ms=2
[2026-02-03 01:12:31.878] [info] [spider.worker] [TIMING] worker_id=7dda5562-a36c-47d3-bb98-3789c41bd55a task_id=none get_next_task request_start=510394083 connect_end=510394084 send_end=510394085 receive_end=510394087 connect_duration_ms=1 send_duration_ms=0 receive_duration_ms=2 total_duration_ms=3
[2026-02-03 01:12:31.984] [info] [spider.worker] [TIMING] worker_id=7dda5562-a36c-47d3-bb98-3789c41bd55a task_id=none get_next_task request_start=510394189 connect_end=510394190 send_end=510394190 receive_end=510394193 connect_duration_ms=1 send_duration_ms=0 receive_duration_ms=2 total_duration_ms=3
[2026-02-03 01:12:32.090] [info] [spider.worker] [TIMING] worker_id=7dda5562-a36c-47d3-bb98-3789c41bd55a task_id=none get_next_task request_start=510394295 connect_end=510394297 send_end=510394297 receive_end=510394299 connect_duration_ms=1 send_duration_ms=0 receive_duration_ms=1 total_duration_ms=3
[2026-02-03 01:12:32.195] [info] [spider.worker] [TIMING] worker_id=7dda5562-a36c-47d3-bb98-3789c41bd55a task_id=none get_next_task request_start=510394400 connect_end=510394401 send_end=510394401 receive_end=510394404 connect_duration_ms=0 send_duration_ms=0 receive_duration_ms=2 total_duration_ms=3
[2026-02-03 01:12:32.308] [info] [spider.worker] [TIMING] worker_id=7dda5562-a36c-47d3-bb98-3789c41bd55a task_id=none get_next_task request_start=510394505 connect_end=510394506 send_end=510394506 receive_end=510394516 connect_duration_ms=1 send_duration_ms=0 receive_duration_ms=10 total_duration_ms=11
[2026-02-03 01:12:32.415] [info] [spider.worker] [TIMING] worker_id=7dda5562-a36c-47d3-bb98-3789c41bd55a task_id=none get_next_task request_start=510394619 connect_end=510394621 send_end=510394621 receive_end=510394623 connect_duration_ms=1 send_duration_ms=0 receive_duration_ms=2 total_duration_ms=3
[2026-02-03 01:12:32.531] [info] [spider.worker] [TIMING] worker_id=7dda5562-a36c-47d3-bb98-3789c41bd55a task_id=none get_next_task request_start=510394725 connect_end=510394727 send_end=510394727 receive_end=510394739 connect_duration_ms=1 send_duration_ms=0 receive_duration_ms=12 total_duration_ms=13
[2026-02-03 01:12:32.643] [info] [spider.worker] [TIMING] worker_id=7dda5562-a36c-47d3-bb98-3789c41bd55a task_id=none get_next_task request_start=510394842 connect_end=510394844 send_end=510394844 receive_end=510394851 connect_duration_ms=1 send_duration_ms=0 receive_duration_ms=7 total_duration_ms=9
[2026-02-03 01:12:32.753] [info] [spider.worker] [TIMING] worker_id=7dda5562-a36c-47d3-bb98-3789c41bd55a task_id=none get_next_task request_start=510394954 connect_end=510394956 send_end=510394956 receive_end=510394961 connect_duration_ms=1 send_duration_ms=0 receive_duration_ms=5 total_duration_ms=7
[2026-02-03 01:12:32.876] [info] [spider.worker] [TIMING] worker_id=7dda5562-a36c-47d3-bb98-3789c41bd55a task_id=none get_next_task request_start=510395064 connect_end=510395066 send_end=510395066 receive_end=510395084 connect_duration_ms=1 send_duration_ms=0 receive_duration_ms=18 total_duration_ms=20
[2026-02-03 01:12:32.988] [info] [spider.worker] [TIMING] worker_id=7dda5562-a36c-47d3-bb98-3789c41bd55a task_id=none get_next_task request_start=510395186 connect_end=510395187 send_end=510395187 receive_end=510395196 connect_duration_ms=1 send_duration_ms=0 receive_duration_ms=9 total_duration_ms=10
[2026-02-03 01:12:33.097] [info] [spider.worker] [TIMING] worker_id=7dda5562-a36c-47d3-bb98-3789c41bd55a task_id=none get_next_task request_start=510395299 connect_end=510395301 send_end=510395301 receive_end=510395305 connect_duration_ms=1 send_duration_ms=0 receive_duration_ms=4 total_duration_ms=6
[2026-02-03 01:12:33.206] [info] [spider.worker] [TIMING] worker_id=7dda5562-a36c-47d3-bb98-3789c41bd55a task_id=none get_next_task request_start=510395408 connect_end=510395410 send_end=510395410 receive_end=510395414 connect_duration_ms=1 send_duration_ms=0 receive_duration_ms=4 total_duration_ms=6
[2026-02-03 01:12:33.315] [info] [spider.worker] [TIMING] worker_id=7dda5562-a36c-47d3-bb98-3789c41bd55a task_id=none get_next_task request_start=510395517 connect_end=510395519 send_end=510395519 receive_end=510395523 connect_duration_ms=1 send_duration_ms=0 receive_duration_ms=4 total_duration_ms=6
[2026-02-03 01:12:33.423] [info] [spider.worker] [TIMING] worker_id=7dda5562-a36c-47d3-bb98-3789c41bd55a task_id=none get_next_task request_start=510395626 connect_end=510395627 send_end=510395627 receive_end=510395632 connect_duration_ms=1 send_duration_ms=0 receive_duration_ms=4 total_duration_ms=5
[2026-02-03 01:12:33.543] [info] [spider.worker] [TIMING] worker_id=7dda5562-a36c-47d3-bb98-3789c41bd55a task_id=none get_next_task request_start=510395744 connect_end=510395746 send_end=510395746 receive_end=510395752 connect_duration_ms=2 send_duration_ms=0 receive_duration_ms=5 total_duration_ms=7
[2026-02-03 01:12:33.652] [info] [spider.worker] [TIMING] worker_id=7dda5562-a36c-47d3-bb98-3789c41bd55a task_id=none get_next_task request_start=510395854 connect_end=510395856 send_end=510395856 receive_end=510395860 connect_duration_ms=1 send_duration_ms=0 receive_duration_ms=4 total_duration_ms=6
[2026-02-03 01:12:33.761] [info] [spider.worker] [TIMING] worker_id=7dda5562-a36c-47d3-bb98-3789c41bd55a task_id=none get_next_task request_start=510395963 connect_end=510395965 send_end=510395965 receive_end=510395970 connect_duration_ms=1 send_duration_ms=0 receive_duration_ms=4 total_duration_ms=6
[2026-02-03 01:12:33.871] [info] [spider.worker] [TIMING] worker_id=7dda5562-a36c-47d3-bb98-3789c41bd55a task_id=none get_next_task request_start=510396073 connect_end=510396075 send_end=510396075 receive_end=510396079 connect_duration_ms=1 send_duration_ms=0 receive_duration_ms=4 total_duration_ms=6
[2026-02-03 01:12:33.980] [info] [spider.worker] [TIMING] worker_id=7dda5562-a36c-47d3-bb98-3789c41bd55a task_id=none get_next_task request_start=510396183 connect_end=510396184 send_end=510396184 receive_end=510396189 connect_duration_ms=1 send_duration_ms=0 receive_duration_ms=4 total_duration_ms=5
[2026-02-03 01:12:34.089] [info] [spider.worker] [TIMING] worker_id=7dda5562-a36c-47d3-bb98-3789c41bd55a task_id=none get_next_task request_start=510396291 connect_end=510396293 send_end=510396293 receive_end=510396297 connect_duration_ms=1 send_duration_ms=0 receive_duration_ms=4 total_duration_ms=5
[2026-02-03 01:12:34.198] [info] [spider.worker] [TIMING] worker_id=7dda5562-a36c-47d3-bb98-3789c41bd55a task_id=none get_next_task request_start=510396400 connect_end=510396402 send_end=510396402 receive_end=510396406 connect_duration_ms=1 send_duration_ms=0 receive_duration_ms=4 total_duration_ms=6
[2026-02-03 01:12:34.307] [info] [spider.worker] [TIMING] worker_id=7dda5562-a36c-47d3-bb98-3789c41bd55a task_id=none get_next_task request_start=510396509 connect_end=510396511 send_end=510396511 receive_end=510396515 connect_duration_ms=1 send_duration_ms=0 receive_duration_ms=4 total_duration_ms=6
[2026-02-03 01:12:34.416] [info] [spider.worker] [TIMING] worker_id=7dda5562-a36c-47d3-bb98-3789c41bd55a task_id=none get_next_task request_start=510396618 connect_end=510396620 send_end=510396620 receive_end=510396624 connect_duration_ms=1 send_duration_ms=0 receive_duration_ms=4 total_duration_ms=5
[2026-02-03 01:12:34.524] [info] [spider.worker] [TIMING] worker_id=7dda5562-a36c-47d3-bb98-3789c41bd55a task_id=none get_next_task request_start=510396727 connect_end=510396728 send_end=510396728 receive_end=510396733 connect_duration_ms=1 send_duration_ms=0 receive_duration_ms=4 total_duration_ms=5
[2026-02-03 01:12:34.633] [info] [spider.worker] [TIMING] worker_id=7dda5562-a36c-47d3-bb98-3789c41bd55a task_id=none get_next_task request_start=510396835 connect_end=510396837 send_end=510396837 receive_end=510396841 connect_duration_ms=1 send_duration_ms=0 receive_duration_ms=4 total_duration_ms=6
[2026-02-03 01:12:34.742] [info] [spider.worker] [TIMING] worker_id=7dda5562-a36c-47d3-bb98-3789c41bd55a task_id=none get_next_task request_start=510396944 connect_end=510396946 send_end=510396946 receive_end=510396951 connect_duration_ms=1 send_duration_ms=0 receive_duration_ms=4 total_duration_ms=6
[2026-02-03 01:12:34.850] [info] [spider.worker] [TIMING] worker_id=7dda5562-a36c-47d3-bb98-3789c41bd55a task_id=none get_next_task request_start=510397054 connect_end=510397055 send_end=510397056 receive_end=510397059 connect_duration_ms=1 send_duration_ms=0 receive_duration_ms=3 total_duration_ms=5
[2026-02-03 01:12:34.959] [info] [spider.worker] [TIMING] worker_id=7dda5562-a36c-47d3-bb98-3789c41bd55a task_id=none get_next_task request_start=510397162 connect_end=510397164 send_end=510397164 receive_end=510397168 connect_duration_ms=1 send_duration_ms=0 receive_duration_ms=3 total_duration_ms=5
[2026-02-03 01:12:35.068] [info] [spider.worker] [TIMING] worker_id=7dda5562-a36c-47d3-bb98-3789c41bd55a task_id=none get_next_task request_start=510397271 connect_end=510397272 send_end=510397272 receive_end=510397277 connect_duration_ms=1 send_duration_ms=0 receive_duration_ms=4 total_duration_ms=6
[2026-02-03 01:12:35.178] [info] [spider.worker] [TIMING] worker_id=7dda5562-a36c-47d3-bb98-3789c41bd55a task_id=none get_next_task request_start=510397380 connect_end=510397382 send_end=510397382 receive_end=510397386 connect_duration_ms=1 send_duration_ms=0 receive_duration_ms=4 total_duration_ms=6
[2026-02-03 01:12:35.287] [info] [spider.worker] [TIMING] worker_id=7dda5562-a36c-47d3-bb98-3789c41bd55a task_id=none get_next_task request_start=510397489 connect_end=510397491 send_end=510397491 receive_end=510397495 connect_duration_ms=1 send_duration_ms=0 receive_duration_ms=4 total_duration_ms=6
[2026-02-03 01:12:35.395] [info] [spider.worker] [TIMING] worker_id=7dda5562-a36c-47d3-bb98-3789c41bd55a task_id=none get_next_task request_start=510397598 connect_end=510397599 send_end=510397600 receive_end=510397604 connect_duration_ms=1 send_duration_ms=0 receive_duration_ms=4 total_duration_ms=5
[2026-02-03 01:12:35.503] [info] [spider.worker] [TIMING] worker_id=7dda5562-a36c-47d3-bb98-3789c41bd55a task_id=none get_next_task request_start=510397706 connect_end=510397707 send_end=510397707 receive_end=510397711 connect_duration_ms=1 send_duration_ms=0 receive_duration_ms=4 total_duration_ms=5
[2026-02-03 01:12:35.611] [info] [spider.worker] [TIMING] worker_id=7dda5562-a36c-47d3-bb98-3789c41bd55a task_id=none get_next_task request_start=510397814 connect_end=510397815 send_end=510397815 receive_end=510397819 connect_duration_ms=1 send_duration_ms=0 receive_duration_ms=4 total_duration_ms=5
[2026-02-03 01:12:35.719] [info] [spider.worker] [TIMING] worker_id=7dda5562-a36c-47d3-bb98-3789c41bd55a task_id=none get_next_task request_start=510397922 connect_end=510397923 send_end=510397923 receive_end=510397927 connect_duration_ms=1 send_duration_ms=0 receive_duration_ms=4 total_duration_ms=5
[2026-02-03 01:12:35.827] [info] [spider.worker] [TIMING] worker_id=7dda5562-a36c-47d3-bb98-3789c41bd55a task_id=none get_next_task request_start=510398030 connect_end=510398031 send_end=510398031 receive_end=510398035 connect_duration_ms=1 send_duration_ms=0 receive_duration_ms=3 total_duration_ms=5
[2026-02-03 01:12:35.935] [info] [spider.worker] [TIMING] worker_id=7dda5562-a36c-47d3-bb98-3789c41bd55a task_id=none get_next_task request_start=510398138 connect_end=510398139 send_end=510398139 receive_end=510398143 connect_duration_ms=1 send_duration_ms=0 receive_duration_ms=4 total_duration_ms=5
[2026-02-03 01:12:36.040] [info] [spider.worker] [TIMING] worker_id=7dda5562-a36c-47d3-bb98-3789c41bd55a task_id=none get_next_task request_start=510398245 connect_end=510398246 send_end=510398246 receive_end=510398248 connect_duration_ms=0 send_duration_ms=0 receive_duration_ms=1 total_duration_ms=2
[2026-02-03 01:12:36.146] [info] [spider.worker] [TIMING] worker_id=7dda5562-a36c-47d3-bb98-3789c41bd55a task_id=none get_next_task request_start=510398350 connect_end=510398351 send_end=510398351 receive_end=510398355 connect_duration_ms=0 send_duration_ms=0 receive_duration_ms=3 total_duration_ms=4
[2026-02-03 01:12:36.251] [info] [spider.worker] [TIMING] worker_id=7dda5562-a36c-47d3-bb98-3789c41bd55a task_id=none get_next_task request_start=510398457 connect_end=510398458 send_end=510398458 receive_end=510398460 connect_duration_ms=1 send_duration_ms=0 receive_duration_ms=1 total_duration_ms=2
[2026-02-03 01:12:36.356] [info] [spider.worker] [TIMING] worker_id=7dda5562-a36c-47d3-bb98-3789c41bd55a task_id=none get_next_task request_start=510398561 connect_end=510398562 send_end=510398562 receive_end=510398565 connect_duration_ms=1 send_duration_ms=0 receive_duration_ms=2 total_duration_ms=3
[2026-02-03 01:12:36.530] [info] [spider.worker] [TIMING] worker_id=7dda5562-a36c-47d3-bb98-3789c41bd55a task_id=none get_next_task request_start=510398729 connect_end=510398731 send_end=510398731 receive_end=510398739 connect_duration_ms=2 send_duration_ms=0 receive_duration_ms=7 total_duration_ms=9
[2026-02-03 01:12:36.641] [info] [spider.worker] [TIMING] worker_id=7dda5562-a36c-47d3-bb98-3789c41bd55a task_id=none get_next_task request_start=510398841 connect_end=510398843 send_end=510398843 receive_end=510398849 connect_duration_ms=1 send_duration_ms=0 receive_duration_ms=6 total_duration_ms=7
[2026-02-03 01:12:36.748] [info] [spider.worker] [TIMING] worker_id=7dda5562-a36c-47d3-bb98-3789c41bd55a task_id=none get_next_task request_start=510398951 connect_end=510398952 send_end=510398952 receive_end=510398957 connect_duration_ms=1 send_duration_ms=0 receive_duration_ms=4 total_duration_ms=5
[2026-02-03 01:12:36.857] [info] [spider.worker] [TIMING] worker_id=7dda5562-a36c-47d3-bb98-3789c41bd55a task_id=none get_next_task request_start=510399059 connect_end=510399060 send_end=510399060 receive_end=510399065 connect_duration_ms=1 send_duration_ms=0 receive_duration_ms=5 total_duration_ms=6
[2026-02-03 01:12:36.967] [info] [spider.worker] [TIMING] worker_id=7dda5562-a36c-47d3-bb98-3789c41bd55a task_id=none get_next_task request_start=510399168 connect_end=510399169 send_end=510399169 receive_end=510399175 connect_duration_ms=1 send_duration_ms=0 receive_duration_ms=6 total_duration_ms=7
[2026-02-03 01:12:37.076] [info] [spider.worker] [TIMING] worker_id=7dda5562-a36c-47d3-bb98-3789c41bd55a task_id=none get_next_task request_start=510399278 connect_end=510399279 send_end=510399279 receive_end=510399285 connect_duration_ms=1 send_duration_ms=0 receive_duration_ms=5 total_duration_ms=6
[2026-02-03 01:12:37.184] [info] [spider.worker] [TIMING] worker_id=7dda5562-a36c-47d3-bb98-3789c41bd55a task_id=none get_next_task request_start=510399387 connect_end=510399388 send_end=510399389 receive_end=510399392 connect_duration_ms=1 send_duration_ms=0 receive_duration_ms=3 total_duration_ms=4
[2026-02-03 01:12:37.289] [info] [spider.worker] [TIMING] worker_id=7dda5562-a36c-47d3-bb98-3789c41bd55a task_id=none get_next_task request_start=510399494 connect_end=510399495 send_end=510399495 receive_end=510399498 connect_duration_ms=0 send_duration_ms=0 receive_duration_ms=3 total_duration_ms=4
[2026-02-03 01:12:37.407] [info] [spider.worker] [TIMING] worker_id=7dda5562-a36c-47d3-bb98-3789c41bd55a task_id=none get_next_task request_start=510399600 connect_end=510399602 send_end=510399602 receive_end=510399615 connect_duration_ms=1 send_duration_ms=0 receive_duration_ms=13 total_duration_ms=14
[2026-02-03 01:12:37.516] [info] [spider.worker] [TIMING] worker_id=7dda5562-a36c-47d3-bb98-3789c41bd55a task_id=none get_next_task request_start=510399718 connect_end=510399719 send_end=510399719 receive_end=510399724 connect_duration_ms=1 send_duration_ms=0 receive_duration_ms=4 total_duration_ms=6
[2026-02-03 01:12:37.626] [info] [spider.worker] [TIMING] worker_id=7dda5562-a36c-47d3-bb98-3789c41bd55a task_id=none get_next_task request_start=510399827 connect_end=510399829 send_end=510399829 receive_end=510399834 connect_duration_ms=2 send_duration_ms=0 receive_duration_ms=5 total_duration_ms=7
[2026-02-03 01:12:37.731] [info] [spider.worker] [TIMING] worker_id=7dda5562-a36c-47d3-bb98-3789c41bd55a task_id=none get_next_task request_start=510399936 connect_end=510399937 send_end=510399937 receive_end=510399939 connect_duration_ms=1 send_duration_ms=0 receive_duration_ms=1 total_duration_ms=2
[2026-02-03 01:12:37.835] [info] [spider.worker] [TIMING] worker_id=7dda5562-a36c-47d3-bb98-3789c41bd55a task_id=none get_next_task request_start=510400040 connect_end=510400041 send_end=510400041 receive_end=510400043 connect_duration_ms=0 send_duration_ms=0 receive_duration_ms=1 total_duration_ms=2
[2026-02-03 01:12:37.943] [info] [spider.worker] [TIMING] worker_id=7dda5562-a36c-47d3-bb98-3789c41bd55a task_id=none get_next_task request_start=510400145 connect_end=510400146 send_end=510400146 receive_end=510400151 connect_duration_ms=0 send_duration_ms=0 receive_duration_ms=5 total_duration_ms=6
[2026-02-03 01:12:38.051] [info] [spider.worker] [TIMING] worker_id=7dda5562-a36c-47d3-bb98-3789c41bd55a task_id=none get_next_task request_start=510400253 connect_end=510400255 send_end=510400255 receive_end=510400259 connect_duration_ms=1 send_duration_ms=0 receive_duration_ms=4 total_duration_ms=5
[2026-02-03 01:12:38.160] [info] [spider.worker] [TIMING] worker_id=7dda5562-a36c-47d3-bb98-3789c41bd55a task_id=none get_next_task request_start=510400362 connect_end=510400364 send_end=510400364 receive_end=510400369 connect_duration_ms=1 send_duration_ms=0 receive_duration_ms=4 total_duration_ms=6
[2026-02-03 01:12:38.269] [info] [spider.worker] [TIMING] worker_id=7dda5562-a36c-47d3-bb98-3789c41bd55a task_id=none get_next_task request_start=510400472 connect_end=510400473 send_end=510400473 receive_end=510400477 connect_duration_ms=1 send_duration_ms=0 receive_duration_ms=4 total_duration_ms=5
[2026-02-03 01:12:38.378] [info] [spider.worker] [TIMING] worker_id=7dda5562-a36c-47d3-bb98-3789c41bd55a task_id=none get_next_task request_start=510400580 connect_end=510400582 send_end=510400582 receive_end=510400586 connect_duration_ms=1 send_duration_ms=0 receive_duration_ms=4 total_duration_ms=6
[2026-02-03 01:12:38.485] [info] [spider.worker] [TIMING] worker_id=7dda5562-a36c-47d3-bb98-3789c41bd55a task_id=none get_next_task request_start=510400689 connect_end=510400690 send_end=510400690 receive_end=510400693 connect_duration_ms=1 send_duration_ms=0 receive_duration_ms=2 total_duration_ms=4
[2026-02-03 01:12:38.593] [info] [spider.worker] [TIMING] worker_id=7dda5562-a36c-47d3-bb98-3789c41bd55a task_id=none get_next_task request_start=510400796 connect_end=510400797 send_end=510400797 receive_end=510400802 connect_duration_ms=1 send_duration_ms=0 receive_duration_ms=4 total_duration_ms=5
[2026-02-03 01:12:38.702] [info] [spider.worker] [TIMING] worker_id=7dda5562-a36c-47d3-bb98-3789c41bd55a task_id=none get_next_task request_start=510400904 connect_end=510400906 send_end=510400906 receive_end=510400911 connect_duration_ms=1 send_duration_ms=0 receive_duration_ms=4 total_duration_ms=6
[2026-02-03 01:12:38.812] [info] [spider.worker] [TIMING] worker_id=7dda5562-a36c-47d3-bb98-3789c41bd55a task_id=none get_next_task request_start=510401013 connect_end=510401015 send_end=510401015 receive_end=510401020 connect_duration_ms=1 send_duration_ms=0 receive_duration_ms=4 total_duration_ms=6
[2026-02-03 01:12:38.921] [info] [spider.worker] [TIMING] worker_id=7dda5562-a36c-47d3-bb98-3789c41bd55a task_id=none get_next_task request_start=510401123 connect_end=510401125 send_end=510401125 receive_end=510401129 connect_duration_ms=1 send_duration_ms=0 receive_duration_ms=4 total_duration_ms=6
[2026-02-03 01:12:39.031] [info] [spider.worker] [TIMING] worker_id=7dda5562-a36c-47d3-bb98-3789c41bd55a task_id=none get_next_task request_start=510401232 connect_end=510401234 send_end=510401234 receive_end=510401239 connect_duration_ms=1 send_duration_ms=0 receive_duration_ms=4 total_duration_ms=6
[2026-02-03 01:12:39.142] [info] [spider.worker] [TIMING] worker_id=7dda5562-a36c-47d3-bb98-3789c41bd55a task_id=none get_next_task request_start=510401342 connect_end=510401343 send_end=510401343 receive_end=510401350 connect_duration_ms=1 send_duration_ms=0 receive_duration_ms=7 total_duration_ms=8
[2026-02-03 01:12:39.246] [info] [spider.worker] [TIMING] worker_id=7dda5562-a36c-47d3-bb98-3789c41bd55a task_id=none get_next_task request_start=510401452 connect_end=510401453 send_end=510401453 receive_end=510401455 connect_duration_ms=0 send_duration_ms=0 receive_duration_ms=1 total_duration_ms=2
[2026-02-03 01:12:39.355] [info] [spider.worker] [TIMING] worker_id=7dda5562-a36c-47d3-bb98-3789c41bd55a task_id=none get_next_task request_start=510401557 connect_end=510401558 send_end=510401558 receive_end=510401563 connect_duration_ms=1 send_duration_ms=0 receive_duration_ms=4 total_duration_ms=6
[2026-02-03 01:12:39.462] [info] [spider.worker] [TIMING] worker_id=7dda5562-a36c-47d3-bb98-3789c41bd55a task_id=none get_next_task request_start=510401665 connect_end=510401667 send_end=510401667 receive_end=510401671 connect_duration_ms=1 send_duration_ms=0 receive_duration_ms=3 total_duration_ms=5
[2026-02-03 01:12:39.571] [info] [spider.worker] [TIMING] worker_id=7dda5562-a36c-47d3-bb98-3789c41bd55a task_id=none get_next_task request_start=510401773 connect_end=510401774 send_end=510401774 receive_end=510401780 connect_duration_ms=1 send_duration_ms=0 receive_duration_ms=5 total_duration_ms=6
[2026-02-03 01:12:39.681] [info] [spider.worker] [TIMING] worker_id=7dda5562-a36c-47d3-bb98-3789c41bd55a task_id=none get_next_task request_start=510401882 connect_end=510401883 send_end=510401883 receive_end=510401889 connect_duration_ms=1 send_duration_ms=0 receive_duration_ms=6 total_duration_ms=7
[2026-02-03 01:12:39.789] [info] [spider.worker] [TIMING] worker_id=7dda5562-a36c-47d3-bb98-3789c41bd55a task_id=none get_next_task request_start=510401991 connect_end=510401993 send_end=510401993 receive_end=510401997 connect_duration_ms=1 send_duration_ms=0 receive_duration_ms=4 total_duration_ms=5
[2026-02-03 01:12:39.898] [info] [spider.worker] [TIMING] worker_id=7dda5562-a36c-47d3-bb98-3789c41bd55a task_id=none get_next_task request_start=510402099 connect_end=510402101 send_end=510402101 receive_end=510402107 connect_duration_ms=1 send_duration_ms=0 receive_duration_ms=5 total_duration_ms=7
[2026-02-03 01:12:40.007] [info] [spider.worker] [TIMING] worker_id=7dda5562-a36c-47d3-bb98-3789c41bd55a task_id=none get_next_task request_start=510402209 connect_end=510402211 send_end=510402211 receive_end=510402216 connect_duration_ms=1 send_duration_ms=0 receive_duration_ms=4 total_duration_ms=6
[2026-02-03 01:12:40.115] [info] [spider.worker] [TIMING] worker_id=7dda5562-a36c-47d3-bb98-3789c41bd55a task_id=none get_next_task request_start=510402318 connect_end=510402320 send_end=510402320 receive_end=510402324 connect_duration_ms=1 send_duration_ms=0 receive_duration_ms=4 total_duration_ms=5
[2026-02-03 01:12:40.224] [info] [spider.worker] [TIMING] worker_id=7dda5562-a36c-47d3-bb98-3789c41bd55a task_id=none get_next_task request_start=510402425 connect_end=510402426 send_end=510402427 receive_end=510402432 connect_duration_ms=1 send_duration_ms=0 receive_duration_ms=5 total_duration_ms=6
[2026-02-03 01:12:40.333] [info] [spider.worker] [TIMING] worker_id=7dda5562-a36c-47d3-bb98-3789c41bd55a task_id=none get_next_task request_start=510402535 connect_end=510402537 send_end=510402537 receive_end=510402542 connect_duration_ms=1 send_duration_ms=0 receive_duration_ms=4 total_duration_ms=6
[2026-02-03 01:12:40.443] [info] [spider.worker] [TIMING] worker_id=7dda5562-a36c-47d3-bb98-3789c41bd55a task_id=none get_next_task request_start=510402644 connect_end=510402646 send_end=510402646 receive_end=510402651 connect_duration_ms=1 send_duration_ms=0 receive_duration_ms=5 total_duration_ms=6
[2026-02-03 01:12:40.554] [info] [spider.worker] [TIMING] worker_id=7dda5562-a36c-47d3-bb98-3789c41bd55a task_id=none get_next_task request_start=510402754 connect_end=510402756 send_end=510402756 receive_end=510402762 connect_duration_ms=1 send_duration_ms=0 receive_duration_ms=5 total_duration_ms=7
[2026-02-03 01:12:40.664] [info] [spider.worker] [TIMING] worker_id=7dda5562-a36c-47d3-bb98-3789c41bd55a task_id=none get_next_task request_start=510402865 connect_end=510402866 send_end=510402867 receive_end=510402872 connect_duration_ms=1 send_duration_ms=0 receive_duration_ms=5 total_duration_ms=7
[2026-02-03 01:12:40.768] [info] [spider.worker] [TIMING] worker_id=7dda5562-a36c-47d3-bb98-3789c41bd55a task_id=none get_next_task request_start=510402974 connect_end=510402975 send_end=510402975 receive_end=510402977 connect_duration_ms=0 send_duration_ms=0 receive_duration_ms=1 total_duration_ms=2
[2026-02-03 01:12:40.873] [info] [spider.worker] [TIMING] worker_id=7dda5562-a36c-47d3-bb98-3789c41bd55a task_id=none get_next_task request_start=510403078 connect_end=510403079 send_end=510403079 receive_end=510403081 connect_duration_ms=1 send_duration_ms=0 receive_duration_ms=1 total_duration_ms=2
[2026-02-03 01:12:40.978] [info] [spider.worker] [TIMING] worker_id=7dda5562-a36c-47d3-bb98-3789c41bd55a task_id=none get_next_task request_start=510403183 connect_end=510403185 send_end=510403185 receive_end=510403187 connect_duration_ms=1 send_duration_ms=0 receive_duration_ms=1 total_duration_ms=3
[2026-02-03 01:12:41.084] [info] [spider.worker] [TIMING] worker_id=7dda5562-a36c-47d3-bb98-3789c41bd55a task_id=none get_next_task request_start=510403289 connect_end=510403290 send_end=510403290 receive_end=510403292 connect_duration_ms=1 send_duration_ms=0 receive_duration_ms=2 total_duration_ms=3
[2026-02-03 01:12:41.195] [info] [spider.worker] [TIMING] worker_id=7dda5562-a36c-47d3-bb98-3789c41bd55a task_id=none get_next_task request_start=510403395 connect_end=510403396 send_end=510403396 receive_end=510403403 connect_duration_ms=1 send_duration_ms=0 receive_duration_ms=6 total_duration_ms=8
[2026-02-03 01:12:41.303] [info] [spider.worker] [TIMING] worker_id=7dda5562-a36c-47d3-bb98-3789c41bd55a task_id=none get_next_task request_start=510403505 connect_end=510403507 send_end=510403507 receive_end=510403511 connect_duration_ms=1 send_duration_ms=0 receive_duration_ms=4 total_duration_ms=5
[2026-02-03 01:12:41.409] [info] [spider.worker] [TIMING] worker_id=7dda5562-a36c-47d3-bb98-3789c41bd55a task_id=none get_next_task request_start=510403613 connect_end=510403614 send_end=510403614 receive_end=510403617 connect_duration_ms=1 send_duration_ms=0 receive_duration_ms=3 total_duration_ms=4
[2026-02-03 01:12:41.514] [info] [spider.worker] [TIMING] worker_id=7dda5562-a36c-47d3-bb98-3789c41bd55a task_id=none get_next_task request_start=510403719 connect_end=510403720 send_end=510403720 receive_end=510403723 connect_duration_ms=0 send_duration_ms=0 receive_duration_ms=2 total_duration_ms=3
[2026-02-03 01:12:41.622] [info] [spider.worker] [TIMING] worker_id=7dda5562-a36c-47d3-bb98-3789c41bd55a task_id=none get_next_task request_start=510403825 connect_end=510403827 send_end=510403827 receive_end=510403831 connect_duration_ms=1 send_duration_ms=0 receive_duration_ms=4 total_duration_ms=5
[2026-02-03 01:12:41.729] [info] [spider.worker] [TIMING] worker_id=7dda5562-a36c-47d3-bb98-3789c41bd55a task_id=none get_next_task request_start=510403932 connect_end=510403933 send_end=510403933 receive_end=510403938 connect_duration_ms=1 send_duration_ms=0 receive_duration_ms=4 total_duration_ms=5
[2026-02-03 01:12:41.835] [info] [spider.worker] [TIMING] worker_id=7dda5562-a36c-47d3-bb98-3789c41bd55a task_id=none get_next_task request_start=510404039 connect_end=510404040 send_end=510404040 receive_end=510404043 connect_duration_ms=1 send_duration_ms=0 receive_duration_ms=3 total_duration_ms=4
[2026-02-03 01:12:41.941] [info] [spider.worker] [TIMING] worker_id=7dda5562-a36c-47d3-bb98-3789c41bd55a task_id=none get_next_task request_start=510404146 connect_end=510404147 send_end=510404147 receive_end=510404149 connect_duration_ms=0 send_duration_ms=0 receive_duration_ms=2 total_duration_ms=3
[2026-02-03 01:12:42.051] [info] [spider.worker] [TIMING] worker_id=7dda5562-a36c-47d3-bb98-3789c41bd55a task_id=none get_next_task request_start=510404251 connect_end=510404252 send_end=510404252 receive_end=510404259 connect_duration_ms=1 send_duration_ms=0 receive_duration_ms=7 total_duration_ms=8
[2026-02-03 01:12:42.159] [info] [spider.worker] [TIMING] worker_id=7dda5562-a36c-47d3-bb98-3789c41bd55a task_id=none get_next_task request_start=510404361 connect_end=510404362 send_end=510404362 receive_end=510404368 connect_duration_ms=1 send_duration_ms=0 receive_duration_ms=5 total_duration_ms=6
[2026-02-03 01:12:42.266] [info] [spider.worker] [TIMING] worker_id=7dda5562-a36c-47d3-bb98-3789c41bd55a task_id=none get_next_task request_start=510404471 connect_end=510404472 send_end=510404472 receive_end=510404475 connect_duration_ms=1 send_duration_ms=0 receive_duration_ms=2 total_duration_ms=4
[2026-02-03 01:12:42.375] [info] [spider.worker] [TIMING] worker_id=7dda5562-a36c-47d3-bb98-3789c41bd55a task_id=none get_next_task request_start=510404577 connect_end=510404579 send_end=510404579 receive_end=510404584 connect_duration_ms=1 send_duration_ms=0 receive_duration_ms=4 total_duration_ms=6
[2026-02-03 01:12:42.485] [info] [spider.worker] [TIMING] worker_id=7dda5562-a36c-47d3-bb98-3789c41bd55a task_id=none get_next_task request_start=510404687 connect_end=510404688 send_end=510404688 receive_end=510404693 connect_duration_ms=1 send_duration_ms=0 receive_duration_ms=4 total_duration_ms=6
[2026-02-03 01:12:42.593] [info] [spider.worker] [TIMING] worker_id=7dda5562-a36c-47d3-bb98-3789c41bd55a task_id=none get_next_task request_start=510404796 connect_end=510404798 send_end=510404798 receive_end=510404802 connect_duration_ms=2 send_duration_ms=0 receive_duration_ms=3 total_duration_ms=6
[2026-02-03 01:12:42.702] [info] [spider.worker] [TIMING] worker_id=7dda5562-a36c-47d3-bb98-3789c41bd55a task_id=none get_next_task request_start=510404904 connect_end=510404906 send_end=510404906 receive_end=510404910 connect_duration_ms=1 send_duration_ms=0 receive_duration_ms=4 total_duration_ms=5
[2026-02-03 01:12:42.810] [info] [spider.worker] [TIMING] worker_id=7dda5562-a36c-47d3-bb98-3789c41bd55a task_id=none get_next_task request_start=510405013 connect_end=510405014 send_end=510405014 receive_end=510405018 connect_duration_ms=1 send_duration_ms=0 receive_duration_ms=3 total_duration_ms=5
[2026-02-03 01:12:42.918] [info] [spider.worker] [TIMING] worker_id=7dda5562-a36c-47d3-bb98-3789c41bd55a task_id=none get_next_task request_start=510405121 connect_end=510405123 send_end=510405123 receive_end=510405127 connect_duration_ms=1 send_duration_ms=0 receive_duration_ms=3 total_duration_ms=5
[2026-02-03 01:12:43.027] [info] [spider.worker] [TIMING] worker_id=7dda5562-a36c-47d3-bb98-3789c41bd55a task_id=none get_next_task request_start=510405230 connect_end=510405232 send_end=510405232 receive_end=510405235 connect_duration_ms=2 send_duration_ms=0 receive_duration_ms=2 total_duration_ms=4
[2026-02-03 01:12:43.137] [info] [spider.worker] [TIMING] worker_id=7dda5562-a36c-47d3-bb98-3789c41bd55a task_id=none get_next_task request_start=510405338 connect_end=510405340 send_end=510405340 receive_end=510405345 connect_duration_ms=2 send_duration_ms=0 receive_duration_ms=4 total_duration_ms=6
[2026-02-03 01:12:43.247] [info] [spider.worker] [TIMING] worker_id=7dda5562-a36c-47d3-bb98-3789c41bd55a task_id=none get_next_task request_start=510405448 connect_end=510405449 send_end=510405449 receive_end=510405455 connect_duration_ms=1 send_duration_ms=0 receive_duration_ms=5 total_duration_ms=7
[2026-02-03 01:12:43.352] [info] [spider.worker] [TIMING] worker_id=7dda5562-a36c-47d3-bb98-3789c41bd55a task_id=none get_next_task request_start=510405557 connect_end=510405558 send_end=510405558 receive_end=510405560 connect_duration_ms=1 send_duration_ms=0 receive_duration_ms=2 total_duration_ms=3
[2026-02-03 01:12:43.457] [info] [spider.worker] [TIMING] worker_id=7dda5562-a36c-47d3-bb98-3789c41bd55a task_id=none get_next_task request_start=510405662 connect_end=510405664 send_end=510405664 receive_end=510405666 connect_duration_ms=1 send_duration_ms=0 receive_duration_ms=1 total_duration_ms=3
[2026-02-03 01:12:43.565] [info] [spider.worker] [TIMING] worker_id=7dda5562-a36c-47d3-bb98-3789c41bd55a task_id=none get_next_task request_start=510405768 connect_end=510405770 send_end=510405770 receive_end=510405774 connect_duration_ms=1 send_duration_ms=0 receive_duration_ms=4 total_duration_ms=5
[2026-02-03 01:12:43.679] [info] [spider.worker] [TIMING] worker_id=7dda5562-a36c-47d3-bb98-3789c41bd55a task_id=none get_next_task request_start=510405876 connect_end=510405878 send_end=510405878 receive_end=510405887 connect_duration_ms=1 send_duration_ms=0 receive_duration_ms=9 total_duration_ms=11
[2026-02-03 01:12:43.788] [info] [spider.worker] [TIMING] worker_id=7dda5562-a36c-47d3-bb98-3789c41bd55a task_id=none get_next_task request_start=510405990 connect_end=510405991 send_end=510405991 receive_end=510405996 connect_duration_ms=1 send_duration_ms=0 receive_duration_ms=5 total_duration_ms=6
[2026-02-03 01:12:43.896] [info] [spider.worker] [TIMING] worker_id=7dda5562-a36c-47d3-bb98-3789c41bd55a task_id=none get_next_task request_start=510406099 connect_end=510406100 send_end=510406100 receive_end=510406105 connect_duration_ms=1 send_duration_ms=0 receive_duration_ms=4 total_duration_ms=5
[2026-02-03 01:12:44.005] [info] [spider.worker] [TIMING] worker_id=7dda5562-a36c-47d3-bb98-3789c41bd55a task_id=none get_next_task request_start=510406207 connect_end=510406210 send_end=510406210 receive_end=510406214 connect_duration_ms=2 send_duration_ms=0 receive_duration_ms=4 total_duration_ms=6
[2026-02-03 01:12:44.116] [info] [spider.worker] [TIMING] worker_id=7dda5562-a36c-47d3-bb98-3789c41bd55a task_id=none get_next_task request_start=510406316 connect_end=510406318 send_end=510406318 receive_end=510406324 connect_duration_ms=1 send_duration_ms=0 receive_duration_ms=6 total_duration_ms=8
[2026-02-03 01:12:44.226] [info] [spider.worker] [TIMING] worker_id=7dda5562-a36c-47d3-bb98-3789c41bd55a task_id=none get_next_task request_start=510406427 connect_end=510406428 send_end=510406428 receive_end=510406434 connect_duration_ms=1 send_duration_ms=0 receive_duration_ms=5 total_duration_ms=7
[2026-02-03 01:12:44.338] [info] [spider.worker] [TIMING] worker_id=7dda5562-a36c-47d3-bb98-3789c41bd55a task_id=none get_next_task request_start=510406537 connect_end=510406539 send_end=510406539 receive_end=510406546 connect_duration_ms=1 send_duration_ms=0 receive_duration_ms=7 total_duration_ms=9
[2026-02-03 01:12:44.447] [info] [spider.worker] [TIMING] worker_id=7dda5562-a36c-47d3-bb98-3789c41bd55a task_id=none get_next_task request_start=510406649 connect_end=510406651 send_end=510406651 receive_end=510406656 connect_duration_ms=1 send_duration_ms=0 receive_duration_ms=4 total_duration_ms=6
[2026-02-03 01:12:44.556] [info] [spider.worker] [TIMING] worker_id=7dda5562-a36c-47d3-bb98-3789c41bd55a task_id=none get_next_task request_start=510406758 connect_end=510406760 send_end=510406760 receive_end=510406764 connect_duration_ms=1 send_duration_ms=0 receive_duration_ms=3 total_duration_ms=5
[2026-02-03 01:12:44.665] [info] [spider.worker] [TIMING] worker_id=7dda5562-a36c-47d3-bb98-3789c41bd55a task_id=none get_next_task request_start=510406867 connect_end=510406869 send_end=510406869 receive_end=510406874 connect_duration_ms=1 send_duration_ms=0 receive_duration_ms=4 total_duration_ms=7
[2026-02-03 01:12:44.774] [info] [spider.worker] [TIMING] worker_id=7dda5562-a36c-47d3-bb98-3789c41bd55a task_id=none get_next_task request_start=510406976 connect_end=510406978 send_end=510406978 receive_end=510406982 connect_duration_ms=1 send_duration_ms=0 receive_duration_ms=4 total_duration_ms=5
[2026-02-03 01:12:44.880] [info] [spider.worker] [TIMING] worker_id=7dda5562-a36c-47d3-bb98-3789c41bd55a task_id=none get_next_task request_start=510407084 connect_end=510407085 send_end=510407085 receive_end=510407088 connect_duration_ms=1 send_duration_ms=0 receive_duration_ms=2 total_duration_ms=3
[2026-02-03 01:12:44.985] [info] [spider.worker] [TIMING] worker_id=7dda5562-a36c-47d3-bb98-3789c41bd55a task_id=none get_next_task request_start=510407190 connect_end=510407191 send_end=510407191 receive_end=510407193 connect_duration_ms=1 send_duration_ms=0 receive_duration_ms=2 total_duration_ms=3
[2026-02-03 01:12:45.095] [info] [spider.worker] [TIMING] worker_id=7dda5562-a36c-47d3-bb98-3789c41bd55a task_id=none get_next_task request_start=510407296 connect_end=510407297 send_end=510407297 receive_end=510407304 connect_duration_ms=1 send_duration_ms=0 receive_duration_ms=6 total_duration_ms=7
[2026-02-03 01:12:45.204] [info] [spider.worker] [TIMING] worker_id=7dda5562-a36c-47d3-bb98-3789c41bd55a task_id=none get_next_task request_start=510407405 connect_end=510407407 send_end=510407407 receive_end=510407412 connect_duration_ms=1 send_duration_ms=0 receive_duration_ms=5 total_duration_ms=6
[2026-02-03 01:12:45.313] [info] [spider.worker] [TIMING] worker_id=7dda5562-a36c-47d3-bb98-3789c41bd55a task_id=none get_next_task request_start=510407514 connect_end=510407516 send_end=510407516 receive_end=510407522 connect_duration_ms=1 send_duration_ms=0 receive_duration_ms=5 total_duration_ms=7
[2026-02-03 01:12:45.422] [info] [spider.worker] [TIMING] worker_id=7dda5562-a36c-47d3-bb98-3789c41bd55a task_id=none get_next_task request_start=510407624 connect_end=510407626 send_end=510407626 receive_end=510407631 connect_duration_ms=1 send_duration_ms=0 receive_duration_ms=4 total_duration_ms=6
[2026-02-03 01:12:45.531] [info] [spider.worker] [TIMING] worker_id=7dda5562-a36c-47d3-bb98-3789c41bd55a task_id=none get_next_task request_start=510407733 connect_end=510407735 send_end=510407735 receive_end=510407739 connect_duration_ms=1 send_duration_ms=0 receive_duration_ms=4 total_duration_ms=6
[2026-02-03 01:12:45.640] [info] [spider.worker] [TIMING] worker_id=7dda5562-a36c-47d3-bb98-3789c41bd55a task_id=none get_next_task request_start=510407842 connect_end=510407844 send_end=510407844 receive_end=510407848 connect_duration_ms=1 send_duration_ms=0 receive_duration_ms=4 total_duration_ms=6
[2026-02-03 01:12:45.749] [info] [spider.worker] [TIMING] worker_id=7dda5562-a36c-47d3-bb98-3789c41bd55a task_id=none get_next_task request_start=510407951 connect_end=510407953 send_end=510407953 receive_end=510407957 connect_duration_ms=1 send_duration_ms=0 receive_duration_ms=4 total_duration_ms=6
[2026-02-03 01:12:45.858] [info] [spider.worker] [TIMING] worker_id=7dda5562-a36c-47d3-bb98-3789c41bd55a task_id=none get_next_task request_start=510408060 connect_end=510408062 send_end=510408062 receive_end=510408066 connect_duration_ms=1 send_duration_ms=0 receive_duration_ms=4 total_duration_ms=5
[2026-02-03 01:12:45.967] [info] [spider.worker] [TIMING] worker_id=7dda5562-a36c-47d3-bb98-3789c41bd55a task_id=none get_next_task request_start=510408169 connect_end=510408170 send_end=510408170 receive_end=510408175 connect_duration_ms=1 send_duration_ms=0 receive_duration_ms=4 total_duration_ms=6
[2026-02-03 01:12:46.076] [info] [spider.worker] [TIMING] worker_id=7dda5562-a36c-47d3-bb98-3789c41bd55a task_id=none get_next_task request_start=510408278 connect_end=510408280 send_end=510408280 receive_end=510408284 connect_duration_ms=2 send_duration_ms=0 receive_duration_ms=4 total_duration_ms=6
[2026-02-03 01:12:46.184] [info] [spider.worker] [TIMING] worker_id=7dda5562-a36c-47d3-bb98-3789c41bd55a task_id=none get_next_task request_start=510408387 connect_end=510408389 send_end=510408389 receive_end=510408393 connect_duration_ms=1 send_duration_ms=0 receive_duration_ms=4 total_duration_ms=5
[2026-02-03 01:12:46.294] [info] [spider.worker] [TIMING] worker_id=7dda5562-a36c-47d3-bb98-3789c41bd55a task_id=none get_next_task request_start=510408495 connect_end=510408497 send_end=510408497 receive_end=510408503 connect_duration_ms=1 send_duration_ms=0 receive_duration_ms=5 total_duration_ms=7
[2026-02-03 01:12:46.403] [info] [spider.worker] [TIMING] worker_id=7dda5562-a36c-47d3-bb98-3789c41bd55a task_id=none get_next_task request_start=510408605 connect_end=510408607 send_end=510408607 receive_end=510408611 connect_duration_ms=1 send_duration_ms=0 receive_duration_ms=4 total_duration_ms=5
[2026-02-03 01:12:46.512] [info] [spider.worker] [TIMING] worker_id=7dda5562-a36c-47d3-bb98-3789c41bd55a task_id=none get_next_task request_start=510408714 connect_end=510408716 send_end=510408716 receive_end=510408720 connect_duration_ms=1 send_duration_ms=0 receive_duration_ms=4 total_duration_ms=6
[2026-02-03 01:12:46.620] [info] [spider.worker] [TIMING] worker_id=7dda5562-a36c-47d3-bb98-3789c41bd55a task_id=none get_next_task request_start=510408823 connect_end=510408825 send_end=510408825 receive_end=510408829 connect_duration_ms=1 send_duration_ms=0 receive_duration_ms=4 total_duration_ms=6
[2026-02-03 01:12:46.729] [info] [spider.worker] [TIMING] worker_id=7dda5562-a36c-47d3-bb98-3789c41bd55a task_id=none get_next_task request_start=510408931 connect_end=510408933 send_end=510408933 receive_end=510408937 connect_duration_ms=1 send_duration_ms=0 receive_duration_ms=3 total_duration_ms=5
[2026-02-03 01:12:46.837] [info] [spider.worker] [TIMING] worker_id=7dda5562-a36c-47d3-bb98-3789c41bd55a task_id=none get_next_task request_start=510409039 connect_end=510409041 send_end=510409041 receive_end=510409045 connect_duration_ms=1 send_duration_ms=0 receive_duration_ms=3 total_duration_ms=5
[2026-02-03 01:12:46.946] [info] [spider.worker] [TIMING] worker_id=7dda5562-a36c-47d3-bb98-3789c41bd55a task_id=none get_next_task request_start=510409148 connect_end=510409150 send_end=510409150 receive_end=510409154 connect_duration_ms=1 send_duration_ms=0 receive_duration_ms=4 total_duration_ms=6
[2026-02-03 01:12:47.054] [info] [spider.worker] [TIMING] worker_id=7dda5562-a36c-47d3-bb98-3789c41bd55a task_id=none get_next_task request_start=510409257 connect_end=510409258 send_end=510409258 receive_end=510409262 connect_duration_ms=1 send_duration_ms=0 receive_duration_ms=4 total_duration_ms=5
[2026-02-03 01:12:47.163] [info] [spider.worker] [TIMING] worker_id=7dda5562-a36c-47d3-bb98-3789c41bd55a task_id=none get_next_task request_start=510409365 connect_end=510409366 send_end=510409366 receive_end=510409371 connect_duration_ms=1 send_duration_ms=0 receive_duration_ms=4 total_duration_ms=6
[2026-02-03 01:12:47.273] [info] [spider.worker] [TIMING] worker_id=7dda5562-a36c-47d3-bb98-3789c41bd55a task_id=none get_next_task request_start=510409474 connect_end=510409476 send_end=510409476 receive_end=510409481 connect_duration_ms=1 send_duration_ms=0 receive_duration_ms=5 total_duration_ms=7
[2026-02-03 01:12:47.382] [info] [spider.worker] [TIMING] worker_id=7dda5562-a36c-47d3-bb98-3789c41bd55a task_id=none get_next_task request_start=510409584 connect_end=510409585 send_end=510409585 receive_end=510409590 connect_duration_ms=1 send_duration_ms=0 receive_duration_ms=4 total_duration_ms=6
[2026-02-03 01:12:47.492] [info] [spider.worker] [TIMING] worker_id=7dda5562-a36c-47d3-bb98-3789c41bd55a task_id=none get_next_task request_start=510409693 connect_end=510409694 send_end=510409694 receive_end=510409700 connect_duration_ms=1 send_duration_ms=0 receive_duration_ms=5 total_duration_ms=7
[2026-02-03 01:12:47.601] [info] [spider.worker] [TIMING] worker_id=7dda5562-a36c-47d3-bb98-3789c41bd55a task_id=none get_next_task request_start=510409803 connect_end=510409804 send_end=510409804 receive_end=510409809 connect_duration_ms=1 send_duration_ms=0 receive_duration_ms=4 total_duration_ms=6
[2026-02-03 01:12:47.711] [info] [spider.worker] [TIMING] worker_id=7dda5562-a36c-47d3-bb98-3789c41bd55a task_id=none get_next_task request_start=510409911 connect_end=510409913 send_end=510409913 receive_end=510409919 connect_duration_ms=1 send_duration_ms=0 receive_duration_ms=6 total_duration_ms=7
[2026-02-03 01:12:47.819] [info] [spider.worker] [TIMING] worker_id=7dda5562-a36c-47d3-bb98-3789c41bd55a task_id=none get_next_task request_start=510410021 connect_end=510410023 send_end=510410023 receive_end=510410027 connect_duration_ms=1 send_duration_ms=0 receive_duration_ms=4 total_duration_ms=5
[2026-02-03 01:12:47.944] [info] [spider.worker] [TIMING] worker_id=7dda5562-a36c-47d3-bb98-3789c41bd55a task_id=none get_next_task request_start=510410132 connect_end=510410134 send_end=510410134 receive_end=510410152 connect_duration_ms=2 send_duration_ms=0 receive_duration_ms=18 total_duration_ms=20
[2026-02-03 01:12:48.053] [info] [spider.worker] [TIMING] worker_id=7dda5562-a36c-47d3-bb98-3789c41bd55a task_id=none get_next_task request_start=510410255 connect_end=510410257 send_end=510410257 receive_end=510410262 connect_duration_ms=1 send_duration_ms=0 receive_duration_ms=4 total_duration_ms=6
[2026-02-03 01:12:48.162] [info] [spider.worker] [TIMING] worker_id=7dda5562-a36c-47d3-bb98-3789c41bd55a task_id=none get_next_task request_start=510410364 connect_end=510410366 send_end=510410366 receive_end=510410371 connect_duration_ms=1 send_duration_ms=0 receive_duration_ms=4 total_duration_ms=6
[2026-02-03 01:12:48.271] [info] [spider.worker] [TIMING] worker_id=7dda5562-a36c-47d3-bb98-3789c41bd55a task_id=none get_next_task request_start=510410473 connect_end=510410475 send_end=510410475 receive_end=510410479 connect_duration_ms=1 send_duration_ms=0 receive_duration_ms=4 total_duration_ms=5
[2026-02-03 01:12:48.379] [info] [spider.worker] [TIMING] worker_id=7dda5562-a36c-47d3-bb98-3789c41bd55a task_id=none get_next_task request_start=510410582 connect_end=510410584 send_end=510410584 receive_end=510410588 connect_duration_ms=1 send_duration_ms=0 receive_duration_ms=3 total_duration_ms=5
[2026-02-03 01:12:48.488] [info] [spider.worker] [TIMING] worker_id=7dda5562-a36c-47d3-bb98-3789c41bd55a task_id=none get_next_task request_start=510410690 connect_end=510410692 send_end=510410692 receive_end=510410696 connect_duration_ms=1 send_duration_ms=0 receive_duration_ms=4 total_duration_ms=6
[2026-02-03 01:12:48.596] [info] [spider.worker] [TIMING] worker_id=7dda5562-a36c-47d3-bb98-3789c41bd55a task_id=none get_next_task request_start=510410799 connect_end=510410800 send_end=510410800 receive_end=510410805 connect_duration_ms=1 send_duration_ms=0 receive_duration_ms=4 total_duration_ms=5
[2026-02-03 01:12:48.706] [info] [spider.worker] [TIMING] worker_id=7dda5562-a36c-47d3-bb98-3789c41bd55a task_id=none get_next_task request_start=510410908 connect_end=510410910 send_end=510410910 receive_end=510410914 connect_duration_ms=1 send_duration_ms=0 receive_duration_ms=4 total_duration_ms=6
[2026-02-03 01:12:48.814] [info] [spider.worker] [TIMING] worker_id=7dda5562-a36c-47d3-bb98-3789c41bd55a task_id=none get_next_task request_start=510411017 connect_end=510411018 send_end=510411018 receive_end=510411023 connect_duration_ms=1 send_duration_ms=0 receive_duration_ms=4 total_duration_ms=6
[2026-02-03 01:12:48.923] [info] [spider.worker] [TIMING] worker_id=7dda5562-a36c-47d3-bb98-3789c41bd55a task_id=none get_next_task request_start=510411125 connect_end=510411127 send_end=510411127 receive_end=510411131 connect_duration_ms=1 send_duration_ms=0 receive_duration_ms=4 total_duration_ms=6
[2026-02-03 01:12:49.045] [info] [spider.worker] [TIMING] worker_id=7dda5562-a36c-47d3-bb98-3789c41bd55a task_id=none get_next_task request_start=510411247 connect_end=510411249 send_end=510411249 receive_end=510411253 connect_duration_ms=1 send_duration_ms=0 receive_duration_ms=4 total_duration_ms=6
[2026-02-03 01:12:49.153] [info] [spider.worker] [TIMING] worker_id=7dda5562-a36c-47d3-bb98-3789c41bd55a task_id=none get_next_task request_start=510411356 connect_end=510411358 send_end=510411358 receive_end=510411362 connect_duration_ms=1 send_duration_ms=0 receive_duration_ms=3 total_duration_ms=5
[2026-02-03 01:12:49.263] [info] [spider.worker] [TIMING] worker_id=7dda5562-a36c-47d3-bb98-3789c41bd55a task_id=none get_next_task request_start=510411464 connect_end=510411466 send_end=510411466 receive_end=510411471 connect_duration_ms=1 send_duration_ms=0 receive_duration_ms=5 total_duration_ms=7
[2026-02-03 01:12:49.372] [info] [spider.worker] [TIMING] worker_id=7dda5562-a36c-47d3-bb98-3789c41bd55a task_id=none get_next_task request_start=510411574 connect_end=510411576 send_end=510411576 receive_end=510411580 connect_duration_ms=2 send_duration_ms=0 receive_duration_ms=3 total_duration_ms=6
[2026-02-03 01:12:49.480] [info] [spider.worker] [TIMING] worker_id=7dda5562-a36c-47d3-bb98-3789c41bd55a task_id=none get_next_task request_start=510411683 connect_end=510411685 send_end=510411685 receive_end=510411689 connect_duration_ms=1 send_duration_ms=0 receive_duration_ms=3 total_duration_ms=5
[2026-02-03 01:12:49.589] [info] [spider.worker] [TIMING] worker_id=7dda5562-a36c-47d3-bb98-3789c41bd55a task_id=none get_next_task request_start=510411791 connect_end=510411793 send_end=510411793 receive_end=510411797 connect_duration_ms=1 send_duration_ms=0 receive_duration_ms=4 total_duration_ms=5
[2026-02-03 01:12:49.698] [info] [spider.worker] [TIMING] worker_id=7dda5562-a36c-47d3-bb98-3789c41bd55a task_id=none get_next_task request_start=510411900 connect_end=510411902 send_end=510411902 receive_end=510411906 connect_duration_ms=1 send_duration_ms=0 receive_duration_ms=4 total_duration_ms=6
[2026-02-03 01:12:49.807] [info] [spider.worker] [TIMING] worker_id=7dda5562-a36c-47d3-bb98-3789c41bd55a task_id=none get_next_task request_start=510412009 connect_end=510412011 send_end=510412011 receive_end=510412015 connect_duration_ms=1 send_duration_ms=0 receive_duration_ms=4 total_duration_ms=6
[2026-02-03 01:12:49.915] [info] [spider.worker] [TIMING] worker_id=7dda5562-a36c-47d3-bb98-3789c41bd55a task_id=none get_next_task request_start=510412118 connect_end=510412119 send_end=510412119 receive_end=510412124 connect_duration_ms=1 send_duration_ms=0 receive_duration_ms=4 total_duration_ms=5
[2026-02-03 01:12:50.024] [info] [spider.worker] [TIMING] worker_id=7dda5562-a36c-47d3-bb98-3789c41bd55a task_id=none get_next_task request_start=510412226 connect_end=510412228 send_end=510412228 receive_end=510412232 connect_duration_ms=1 send_duration_ms=0 receive_duration_ms=4 total_duration_ms=6
[2026-02-03 01:12:50.133] [info] [spider.worker] [TIMING] worker_id=7dda5562-a36c-47d3-bb98-3789c41bd55a task_id=none get_next_task request_start=510412335 connect_end=510412337 send_end=510412337 receive_end=510412341 connect_duration_ms=1 send_duration_ms=0 receive_duration_ms=4 total_duration_ms=5
[2026-02-03 01:12:50.243] [info] [spider.worker] [TIMING] worker_id=7dda5562-a36c-47d3-bb98-3789c41bd55a task_id=none get_next_task request_start=510412444 connect_end=510412446 send_end=510412446 receive_end=510412451 connect_duration_ms=1 send_duration_ms=0 receive_duration_ms=5 total_duration_ms=7
[2026-02-03 01:12:50.351] [info] [spider.worker] [TIMING] worker_id=7dda5562-a36c-47d3-bb98-3789c41bd55a task_id=none get_next_task request_start=510412554 connect_end=510412556 send_end=510412556 receive_end=510412560 connect_duration_ms=2 send_duration_ms=0 receive_duration_ms=4 total_duration_ms=6
[2026-02-03 01:12:50.489] [info] [spider.worker] [TIMING] worker_id=7dda5562-a36c-47d3-bb98-3789c41bd55a task_id=none get_next_task request_start=510412667 connect_end=510412669 send_end=510412669 receive_end=510412698 connect_duration_ms=2 send_duration_ms=0 receive_duration_ms=28 total_duration_ms=30
[2026-02-03 01:12:50.630] [info] [spider.worker] [TIMING] worker_id=7dda5562-a36c-47d3-bb98-3789c41bd55a task_id=none get_next_task request_start=510412800 connect_end=510412802 send_end=510412802 receive_end=510412838 connect_duration_ms=2 send_duration_ms=0 receive_duration_ms=35 total_duration_ms=37
[2026-02-03 01:12:50.738] [info] [spider.worker] [TIMING] worker_id=7dda5562-a36c-47d3-bb98-3789c41bd55a task_id=none get_next_task request_start=510412941 connect_end=510412942 send_end=510412942 receive_end=510412947 connect_duration_ms=1 send_duration_ms=0 receive_duration_ms=4 total_duration_ms=6
[2026-02-03 01:12:50.847] [info] [spider.worker] [TIMING] worker_id=7dda5562-a36c-47d3-bb98-3789c41bd55a task_id=none get_next_task request_start=510413049 connect_end=510413050 send_end=510413050 receive_end=510413056 connect_duration_ms=1 send_duration_ms=0 receive_duration_ms=5 total_duration_ms=6
[2026-02-03 01:12:50.957] [info] [spider.worker] [TIMING] worker_id=7dda5562-a36c-47d3-bb98-3789c41bd55a task_id=none get_next_task request_start=510413159 connect_end=510413161 send_end=510413161 receive_end=510413165 connect_duration_ms=2 send_duration_ms=0 receive_duration_ms=4 total_duration_ms=6
[2026-02-03 01:12:51.067] [info] [spider.worker] [TIMING] worker_id=7dda5562-a36c-47d3-bb98-3789c41bd55a task_id=none get_next_task request_start=510413268 connect_end=510413270 send_end=510413270 receive_end=510413275 connect_duration_ms=1 send_duration_ms=0 receive_duration_ms=5 total_duration_ms=6
[2026-02-03 01:12:51.175] [info] [spider.worker] [TIMING] worker_id=7dda5562-a36c-47d3-bb98-3789c41bd55a task_id=none get_next_task request_start=510413378 connect_end=510413379 send_end=510413379 receive_end=510413383 connect_duration_ms=1 send_duration_ms=0 receive_duration_ms=4 total_duration_ms=5
[2026-02-03 01:12:51.284] [info] [spider.worker] [TIMING] worker_id=7dda5562-a36c-47d3-bb98-3789c41bd55a task_id=none get_next_task request_start=510413486 connect_end=510413488 send_end=510413488 receive_end=510413492 connect_duration_ms=2 send_duration_ms=0 receive_duration_ms=3 total_duration_ms=6
[2026-02-03 01:12:51.394] [info] [spider.worker] [TIMING] worker_id=7dda5562-a36c-47d3-bb98-3789c41bd55a task_id=none get_next_task request_start=510413595 connect_end=510413597 send_end=510413597 receive_end=510413602 connect_duration_ms=1 send_duration_ms=0 receive_duration_ms=4 total_duration_ms=6
[2026-02-03 01:12:51.502] [info] [spider.worker] [TIMING] worker_id=7dda5562-a36c-47d3-bb98-3789c41bd55a task_id=none get_next_task request_start=510413704 connect_end=510413706 send_end=510413706 receive_end=510413710 connect_duration_ms=1 send_duration_ms=0 receive_duration_ms=4 total_duration_ms=5
[2026-02-03 01:12:51.611] [info] [spider.worker] [TIMING] worker_id=7dda5562-a36c-47d3-bb98-3789c41bd55a task_id=none get_next_task request_start=510413813 connect_end=510413815 send_end=510413815 receive_end=510413820 connect_duration_ms=1 send_duration_ms=0 receive_duration_ms=4 total_duration_ms=6
[2026-02-03 01:12:51.720] [info] [spider.worker] [TIMING] worker_id=7dda5562-a36c-47d3-bb98-3789c41bd55a task_id=none get_next_task request_start=510413923 connect_end=510413924 send_end=510413924 receive_end=510413929 connect_duration_ms=1 send_duration_ms=0 receive_duration_ms=4 total_duration_ms=6
[2026-02-03 01:12:51.830] [info] [spider.worker] [TIMING] worker_id=7dda5562-a36c-47d3-bb98-3789c41bd55a task_id=none get_next_task request_start=510414032 connect_end=510414034 send_end=510414034 receive_end=510414038 connect_duration_ms=1 send_duration_ms=0 receive_duration_ms=4 total_duration_ms=6
[2026-02-03 01:12:51.936] [info] [spider.worker] [TIMING] worker_id=7dda5562-a36c-47d3-bb98-3789c41bd55a task_id=none get_next_task request_start=510414140 connect_end=510414141 send_end=510414141 receive_end=510414145 connect_duration_ms=1 send_duration_ms=0 receive_duration_ms=3 total_duration_ms=4
[2026-02-03 01:12:52.041] [info] [spider.worker] [TIMING] worker_id=7dda5562-a36c-47d3-bb98-3789c41bd55a task_id=none get_next_task request_start=510414246 connect_end=510414247 send_end=510414247 receive_end=510414249 connect_duration_ms=0 send_duration_ms=0 receive_duration_ms=1 total_duration_ms=2
[2026-02-03 01:12:52.146] [info] [spider.worker] [TIMING] worker_id=7dda5562-a36c-47d3-bb98-3789c41bd55a task_id=none get_next_task request_start=510414351 connect_end=510414353 send_end=510414353 receive_end=510414354 connect_duration_ms=1 send_duration_ms=0 receive_duration_ms=1 total_duration_ms=3
[2026-02-03 01:12:52.253] [info] [spider.worker] [TIMING] worker_id=7dda5562-a36c-47d3-bb98-3789c41bd55a task_id=none get_next_task request_start=510414456 connect_end=510414458 send_end=510414458 receive_end=510414462 connect_duration_ms=1 send_duration_ms=0 receive_duration_ms=3 total_duration_ms=5
[2026-02-03 01:12:52.360] [info] [spider.worker] [TIMING] worker_id=7dda5562-a36c-47d3-bb98-3789c41bd55a task_id=none get_next_task request_start=510414563 connect_end=510414564 send_end=510414564 receive_end=510414569 connect_duration_ms=1 send_duration_ms=0 receive_duration_ms=4 total_duration_ms=5
[2026-02-03 01:12:52.469] [info] [spider.worker] [TIMING] worker_id=7dda5562-a36c-47d3-bb98-3789c41bd55a task_id=none get_next_task request_start=510414671 connect_end=510414673 send_end=510414673 receive_end=510414677 connect_duration_ms=2 send_duration_ms=0 receive_duration_ms=4 total_duration_ms=6
[2026-02-03 01:12:52.575] [info] [spider.worker] [TIMING] worker_id=7dda5562-a36c-47d3-bb98-3789c41bd55a task_id=none get_next_task request_start=510414780 connect_end=510414781 send_end=510414781 receive_end=510414783 connect_duration_ms=1 send_duration_ms=0 receive_duration_ms=2 total_duration_ms=3
[2026-02-03 01:12:52.681] [info] [spider.worker] [TIMING] worker_id=7dda5562-a36c-47d3-bb98-3789c41bd55a task_id=none get_next_task request_start=510414886 connect_end=510414888 send_end=510414888 receive_end=510414890 connect_duration_ms=1 send_duration_ms=0 receive_duration_ms=2 total_duration_ms=3
[2026-02-03 01:12:52.792] [info] [spider.worker] [TIMING] worker_id=7dda5562-a36c-47d3-bb98-3789c41bd55a task_id=none get_next_task request_start=510414993 connect_end=510414995 send_end=510414995 receive_end=510415000 connect_duration_ms=1 send_duration_ms=0 receive_duration_ms=5 total_duration_ms=7
[2026-02-03 01:12:52.901] [info] [spider.worker] [TIMING] worker_id=7dda5562-a36c-47d3-bb98-3789c41bd55a task_id=none get_next_task request_start=510415103 connect_end=510415104 send_end=510415104 receive_end=510415109 connect_duration_ms=1 send_duration_ms=0 receive_duration_ms=4 total_duration_ms=6
[2026-02-03 01:12:53.009] [info] [spider.worker] [TIMING] worker_id=7dda5562-a36c-47d3-bb98-3789c41bd55a task_id=none get_next_task request_start=510415212 connect_end=510415214 send_end=510415214 receive_end=510415218 connect_duration_ms=1 send_duration_ms=0 receive_duration_ms=4 total_duration_ms=6
[2026-02-03 01:12:53.119] [info] [spider.worker] [TIMING] worker_id=7dda5562-a36c-47d3-bb98-3789c41bd55a task_id=none get_next_task request_start=510415320 connect_end=510415322 send_end=510415322 receive_end=510415328 connect_duration_ms=1 send_duration_ms=0 receive_duration_ms=5 total_duration_ms=7
[2026-02-03 01:12:53.229] [info] [spider.worker] [TIMING] worker_id=7dda5562-a36c-47d3-bb98-3789c41bd55a task_id=none get_next_task request_start=510415430 connect_end=510415432 send_end=510415432 receive_end=510415438 connect_duration_ms=1 send_duration_ms=0 receive_duration_ms=5 total_duration_ms=7
[2026-02-03 01:12:53.335] [info] [spider.worker] [TIMING] worker_id=7dda5562-a36c-47d3-bb98-3789c41bd55a task_id=none get_next_task request_start=510415540 connect_end=510415541 send_end=510415541 receive_end=510415544 connect_duration_ms=1 send_duration_ms=0 receive_duration_ms=2 total_duration_ms=3
[2026-02-03 01:12:53.440] [info] [spider.worker] [TIMING] worker_id=7dda5562-a36c-47d3-bb98-3789c41bd55a task_id=none get_next_task request_start=510415645 connect_end=510415646 send_end=510415646 receive_end=510415649 connect_duration_ms=1 send_duration_ms=0 receive_duration_ms=2 total_duration_ms=3
[2026-02-03 01:12:53.548] [info] [spider.worker] [TIMING] worker_id=7dda5562-a36c-47d3-bb98-3789c41bd55a task_id=none get_next_task request_start=510415751 connect_end=510415752 send_end=510415752 receive_end=510415756 connect_duration_ms=1 send_duration_ms=0 receive_duration_ms=4 total_duration_ms=5
[2026-02-03 01:12:53.653] [info] [spider.worker] [TIMING] worker_id=7dda5562-a36c-47d3-bb98-3789c41bd55a task_id=none get_next_task request_start=510415858 connect_end=510415859 send_end=510415859 receive_end=510415861 connect_duration_ms=1 send_duration_ms=0 receive_duration_ms=2 total_duration_ms=3
[2026-02-03 01:12:53.758] [info] [spider.worker] [TIMING] worker_id=7dda5562-a36c-47d3-bb98-3789c41bd55a task_id=none get_next_task request_start=510415963 connect_end=510415964 send_end=510415964 receive_end=510415966 connect_duration_ms=1 send_duration_ms=0 receive_duration_ms=2 total_duration_ms=3
[2026-02-03 01:12:53.869] [info] [spider.worker] [TIMING] worker_id=7dda5562-a36c-47d3-bb98-3789c41bd55a task_id=none get_next_task request_start=510416069 connect_end=510416070 send_end=510416070 receive_end=510416077 connect_duration_ms=1 send_duration_ms=0 receive_duration_ms=6 total_duration_ms=8
[2026-02-03 01:12:53.978] [info] [spider.worker] [TIMING] worker_id=7dda5562-a36c-47d3-bb98-3789c41bd55a task_id=none get_next_task request_start=510416179 connect_end=510416181 send_end=510416181 receive_end=510416186 connect_duration_ms=1 send_duration_ms=0 receive_duration_ms=5 total_duration_ms=6
[2026-02-03 01:12:54.086] [info] [spider.worker] [TIMING] worker_id=7dda5562-a36c-47d3-bb98-3789c41bd55a task_id=none get_next_task request_start=510416288 connect_end=510416290 send_end=510416290 receive_end=510416294 connect_duration_ms=1 send_duration_ms=0 receive_duration_ms=3 total_duration_ms=5
[2026-02-03 01:12:54.195] [info] [spider.worker] [TIMING] worker_id=7dda5562-a36c-47d3-bb98-3789c41bd55a task_id=none get_next_task request_start=510416397 connect_end=510416398 send_end=510416398 receive_end=510416403 connect_duration_ms=1 send_duration_ms=0 receive_duration_ms=4 total_duration_ms=6
[2026-02-03 01:12:54.303] [info] [spider.worker] [TIMING] worker_id=7dda5562-a36c-47d3-bb98-3789c41bd55a task_id=none get_next_task request_start=510416506 connect_end=510416508 send_end=510416508 receive_end=510416512 connect_duration_ms=1 send_duration_ms=0 receive_duration_ms=3 total_duration_ms=5
[2026-02-03 01:12:54.413] [info] [spider.worker] [TIMING] worker_id=7dda5562-a36c-47d3-bb98-3789c41bd55a task_id=none get_next_task request_start=510416614 connect_end=510416617 send_end=510416617 receive_end=510416621 connect_duration_ms=2 send_duration_ms=0 receive_duration_ms=4 total_duration_ms=6
[2026-02-03 01:12:54.521] [info] [spider.worker] [TIMING] worker_id=7dda5562-a36c-47d3-bb98-3789c41bd55a task_id=none get_next_task request_start=510416724 connect_end=510416725 send_end=510416725 receive_end=510416729 connect_duration_ms=1 send_duration_ms=0 receive_duration_ms=4 total_duration_ms=5
[2026-02-03 01:12:54.629] [info] [spider.worker] [TIMING] worker_id=7dda5562-a36c-47d3-bb98-3789c41bd55a task_id=none get_next_task request_start=510416832 connect_end=510416834 send_end=510416834 receive_end=510416838 connect_duration_ms=1 send_duration_ms=0 receive_duration_ms=3 total_duration_ms=5
[2026-02-03 01:12:54.747] [info] [spider.worker] [TIMING] worker_id=7dda5562-a36c-47d3-bb98-3789c41bd55a task_id=none get_next_task request_start=510416940 connect_end=510416942 send_end=510416942 receive_end=510416955 connect_duration_ms=1 send_duration_ms=0 receive_duration_ms=12 total_duration_ms=14
[2026-02-03 01:12:54.855] [info] [spider.worker] [TIMING] worker_id=7dda5562-a36c-47d3-bb98-3789c41bd55a task_id=none get_next_task request_start=510417058 connect_end=510417059 send_end=510417059 receive_end=510417063 connect_duration_ms=1 send_duration_ms=0 receive_duration_ms=4 total_duration_ms=5
[2026-02-03 01:12:54.964] [info] [spider.worker] [TIMING] worker_id=7dda5562-a36c-47d3-bb98-3789c41bd55a task_id=none get_next_task request_start=510417166 connect_end=510417168 send_end=510417168 receive_end=510417172 connect_duration_ms=1 send_duration_ms=0 receive_duration_ms=4 total_duration_ms=6
[2026-02-03 01:12:55.072] [info] [spider.worker] [TIMING] worker_id=7dda5562-a36c-47d3-bb98-3789c41bd55a task_id=none get_next_task request_start=510417275 connect_end=510417277 send_end=510417277 receive_end=510417281 connect_duration_ms=1 send_duration_ms=0 receive_duration_ms=4 total_duration_ms=6
[2026-02-03 01:12:55.181] [info] [spider.worker] [TIMING] worker_id=7dda5562-a36c-47d3-bb98-3789c41bd55a task_id=none get_next_task request_start=510417383 connect_end=510417385 send_end=510417385 receive_end=510417389 connect_duration_ms=1 send_duration_ms=0 receive_duration_ms=4 total_duration_ms=5
[2026-02-03 01:12:55.290] [info] [spider.worker] [TIMING] worker_id=7dda5562-a36c-47d3-bb98-3789c41bd55a task_id=none get_next_task request_start=510417492 connect_end=510417494 send_end=510417494 receive_end=510417498 connect_duration_ms=2 send_duration_ms=0 receive_duration_ms=4 total_duration_ms=6
[2026-02-03 01:12:55.399] [info] [spider.worker] [TIMING] worker_id=7dda5562-a36c-47d3-bb98-3789c41bd55a task_id=none get_next_task request_start=510417601 connect_end=510417603 send_end=510417603 receive_end=510417607 connect_duration_ms=1 send_duration_ms=0 receive_duration_ms=4 total_duration_ms=5
[2026-02-03 01:12:55.507] [info] [spider.worker] [TIMING] worker_id=7dda5562-a36c-47d3-bb98-3789c41bd55a task_id=none get_next_task request_start=510417710 connect_end=510417711 send_end=510417711 receive_end=510417716 connect_duration_ms=1 send_duration_ms=0 receive_duration_ms=4 total_duration_ms=5
[2026-02-03 01:12:55.616] [info] [spider.worker] [TIMING] worker_id=7dda5562-a36c-47d3-bb98-3789c41bd55a task_id=none get_next_task request_start=510417818 connect_end=510417820 send_end=510417820 receive_end=510417824 connect_duration_ms=1 send_duration_ms=0 receive_duration_ms=3 total_duration_ms=5
[2026-02-03 01:12:55.725] [info] [spider.worker] [TIMING] worker_id=7dda5562-a36c-47d3-bb98-3789c41bd55a task_id=none get_next_task request_start=510417927 connect_end=510417929 send_end=510417929 receive_end=510417933 connect_duration_ms=1 send_duration_ms=0 receive_duration_ms=4 total_duration_ms=6
[2026-02-03 01:12:55.833] [info] [spider.worker] [TIMING] worker_id=7dda5562-a36c-47d3-bb98-3789c41bd55a task_id=none get_next_task request_start=510418036 connect_end=510418037 send_end=510418037 receive_end=510418042 connect_duration_ms=1 send_duration_ms=0 receive_duration_ms=4 total_duration_ms=6
[2026-02-03 01:12:55.942] [info] [spider.worker] [TIMING] worker_id=7dda5562-a36c-47d3-bb98-3789c41bd55a task_id=none get_next_task request_start=510418144 connect_end=510418146 send_end=510418146 receive_end=510418151 connect_duration_ms=2 send_duration_ms=0 receive_duration_ms=4 total_duration_ms=6
[2026-02-03 01:12:56.051] [info] [spider.worker] [TIMING] worker_id=7dda5562-a36c-47d3-bb98-3789c41bd55a task_id=none get_next_task request_start=510418253 connect_end=510418255 send_end=510418255 receive_end=510418260 connect_duration_ms=1 send_duration_ms=0 receive_duration_ms=4 total_duration_ms=6
[2026-02-03 01:12:56.160] [info] [spider.worker] [TIMING] worker_id=7dda5562-a36c-47d3-bb98-3789c41bd55a task_id=none get_next_task request_start=510418362 connect_end=510418364 send_end=510418364 receive_end=510418369 connect_duration_ms=1 send_duration_ms=0 receive_duration_ms=4 total_duration_ms=6
[2026-02-03 01:12:56.269] [info] [spider.worker] [TIMING] worker_id=7dda5562-a36c-47d3-bb98-3789c41bd55a task_id=none get_next_task request_start=510418472 connect_end=510418473 send_end=510418473 receive_end=510418477 connect_duration_ms=1 send_duration_ms=0 receive_duration_ms=4 total_duration_ms=5
[2026-02-03 01:12:56.377] [info] [spider.worker] [TIMING] worker_id=7dda5562-a36c-47d3-bb98-3789c41bd55a task_id=none get_next_task request_start=510418580 connect_end=510418581 send_end=510418582 receive_end=510418585 connect_duration_ms=1 send_duration_ms=0 receive_duration_ms=3 total_duration_ms=5
[2026-02-03 01:12:56.485] [info] [spider.worker] [TIMING] worker_id=7dda5562-a36c-47d3-bb98-3789c41bd55a task_id=none get_next_task request_start=510418688 connect_end=510418690 send_end=510418690 receive_end=510418694 connect_duration_ms=1 send_duration_ms=0 receive_duration_ms=4 total_duration_ms=5
[2026-02-03 01:12:56.594] [info] [spider.worker] [TIMING] worker_id=7dda5562-a36c-47d3-bb98-3789c41bd55a task_id=none get_next_task request_start=510418796 connect_end=510418798 send_end=510418798 receive_end=510418803 connect_duration_ms=1 send_duration_ms=0 receive_duration_ms=4 total_duration_ms=6
[2026-02-03 01:12:56.699] [info] [spider.worker] [TIMING] worker_id=7dda5562-a36c-47d3-bb98-3789c41bd55a task_id=none get_next_task request_start=510418904 connect_end=510418905 send_end=510418905 receive_end=510418907 connect_duration_ms=1 send_duration_ms=0 receive_duration_ms=2 total_duration_ms=3
[2026-02-03 01:12:56.805] [info] [spider.worker] [TIMING] worker_id=7dda5562-a36c-47d3-bb98-3789c41bd55a task_id=none get_next_task request_start=510419009 connect_end=510419011 send_end=510419011 receive_end=510419013 connect_duration_ms=1 send_duration_ms=0 receive_duration_ms=2 total_duration_ms=3
[2026-02-03 01:12:56.911] [info] [spider.worker] [TIMING] worker_id=7dda5562-a36c-47d3-bb98-3789c41bd55a task_id=none get_next_task request_start=510419115 connect_end=510419117 send_end=510419117 receive_end=510419120 connect_duration_ms=1 send_duration_ms=0 receive_duration_ms=2 total_duration_ms=4
[2026-02-03 01:12:57.021] [info] [spider.worker] [TIMING] worker_id=7dda5562-a36c-47d3-bb98-3789c41bd55a task_id=none get_next_task request_start=510419221 connect_end=510419223 send_end=510419223 receive_end=510419229 connect_duration_ms=1 send_duration_ms=0 receive_duration_ms=6 total_duration_ms=8
[2026-02-03 01:12:57.131] [info] [spider.worker] [TIMING] worker_id=7dda5562-a36c-47d3-bb98-3789c41bd55a task_id=none get_next_task request_start=510419332 connect_end=510419333 send_end=510419333 receive_end=510419339 connect_duration_ms=1 send_duration_ms=0 receive_duration_ms=5 total_duration_ms=7
[2026-02-03 01:12:57.237] [info] [spider.worker] [TIMING] worker_id=7dda5562-a36c-47d3-bb98-3789c41bd55a task_id=none get_next_task request_start=510419442 connect_end=510419443 send_end=510419443 receive_end=510419445 connect_duration_ms=1 send_duration_ms=0 receive_duration_ms=2 total_duration_ms=3
[2026-02-03 01:12:57.345] [info] [spider.worker] [TIMING] worker_id=7dda5562-a36c-47d3-bb98-3789c41bd55a task_id=none get_next_task request_start=510419548 connect_end=510419549 send_end=510419549 receive_end=510419553 connect_duration_ms=1 send_duration_ms=0 receive_duration_ms=3 total_duration_ms=5
[2026-02-03 01:12:57.454] [info] [spider.worker] [TIMING] worker_id=7dda5562-a36c-47d3-bb98-3789c41bd55a task_id=none get_next_task request_start=510419655 connect_end=510419657 send_end=510419657 receive_end=510419662 connect_duration_ms=1 send_duration_ms=0 receive_duration_ms=5 total_duration_ms=7
[2026-02-03 01:12:57.564] [info] [spider.worker] [TIMING] worker_id=7dda5562-a36c-47d3-bb98-3789c41bd55a task_id=none get_next_task request_start=510419765 connect_end=510419767 send_end=510419767 receive_end=510419772 connect_duration_ms=1 send_duration_ms=0 receive_duration_ms=5 total_duration_ms=6
[2026-02-03 01:12:57.671] [info] [spider.worker] [TIMING] worker_id=7dda5562-a36c-47d3-bb98-3789c41bd55a task_id=none get_next_task request_start=510419875 connect_end=510419877 send_end=510419877 receive_end=510419880 connect_duration_ms=1 send_duration_ms=0 receive_duration_ms=2 total_duration_ms=4
[2026-02-03 01:12:57.780] [info] [spider.worker] [TIMING] worker_id=7dda5562-a36c-47d3-bb98-3789c41bd55a task_id=none get_next_task request_start=510419983 connect_end=510419985 send_end=510419985 receive_end=510419988 connect_duration_ms=2 send_duration_ms=0 receive_duration_ms=3 total_duration_ms=5
[2026-02-03 01:12:57.889] [info] [spider.worker] [TIMING] worker_id=7dda5562-a36c-47d3-bb98-3789c41bd55a task_id=none get_next_task request_start=510420091 connect_end=510420093 send_end=510420093 receive_end=510420097 connect_duration_ms=1 send_duration_ms=0 receive_duration_ms=4 total_duration_ms=6
[2026-02-03 01:12:57.998] [info] [spider.worker] [TIMING] worker_id=7dda5562-a36c-47d3-bb98-3789c41bd55a task_id=none get_next_task request_start=510420200 connect_end=510420202 send_end=510420202 receive_end=510420207 connect_duration_ms=1 send_duration_ms=0 receive_duration_ms=4 total_duration_ms=6
[2026-02-03 01:12:58.107] [info] [spider.worker] [TIMING] worker_id=7dda5562-a36c-47d3-bb98-3789c41bd55a task_id=none get_next_task request_start=510420309 connect_end=510420311 send_end=510420311 receive_end=510420316 connect_duration_ms=1 send_duration_ms=0 receive_duration_ms=4 total_duration_ms=6
[2026-02-03 01:12:58.216] [info] [spider.worker] [TIMING] worker_id=7dda5562-a36c-47d3-bb98-3789c41bd55a task_id=none get_next_task request_start=510420418 connect_end=510420420 send_end=510420420 receive_end=510420424 connect_duration_ms=1 send_duration_ms=0 receive_duration_ms=4 total_duration_ms=5
[2026-02-03 01:12:58.324] [info] [spider.worker] [TIMING] worker_id=7dda5562-a36c-47d3-bb98-3789c41bd55a task_id=none get_next_task request_start=510420527 connect_end=510420529 send_end=510420529 receive_end=510420533 connect_duration_ms=1 send_duration_ms=0 receive_duration_ms=3 total_duration_ms=5
[2026-02-03 01:12:58.434] [info] [spider.worker] [TIMING] worker_id=7dda5562-a36c-47d3-bb98-3789c41bd55a task_id=none get_next_task request_start=510420636 connect_end=510420638 send_end=510420638 receive_end=510420642 connect_duration_ms=2 send_duration_ms=0 receive_duration_ms=4 total_duration_ms=6
[2026-02-03 01:12:58.543] [info] [spider.worker] [TIMING] worker_id=7dda5562-a36c-47d3-bb98-3789c41bd55a task_id=none get_next_task request_start=510420745 connect_end=510420746 send_end=510420746 receive_end=510420751 connect_duration_ms=1 send_duration_ms=0 receive_duration_ms=4 total_duration_ms=6
[2026-02-03 01:12:58.652] [info] [spider.worker] [TIMING] worker_id=7dda5562-a36c-47d3-bb98-3789c41bd55a task_id=none get_next_task request_start=510420854 connect_end=510420856 send_end=510420856 receive_end=510420860 connect_duration_ms=1 send_duration_ms=0 receive_duration_ms=4 total_duration_ms=6
[2026-02-03 01:12:58.760] [info] [spider.worker] [TIMING] worker_id=7dda5562-a36c-47d3-bb98-3789c41bd55a task_id=none get_next_task request_start=510420963 connect_end=510420965 send_end=510420965 receive_end=510420969 connect_duration_ms=1 send_duration_ms=0 receive_duration_ms=3 total_duration_ms=5
[2026-02-03 01:12:58.869] [info] [spider.worker] [TIMING] worker_id=7dda5562-a36c-47d3-bb98-3789c41bd55a task_id=none get_next_task request_start=510421071 connect_end=510421073 send_end=510421073 receive_end=510421077 connect_duration_ms=1 send_duration_ms=0 receive_duration_ms=4 total_duration_ms=6
[2026-02-03 01:12:58.978] [info] [spider.worker] [TIMING] worker_id=7dda5562-a36c-47d3-bb98-3789c41bd55a task_id=none get_next_task request_start=510421180 connect_end=510421182 send_end=510421182 receive_end=510421186 connect_duration_ms=1 send_duration_ms=0 receive_duration_ms=4 total_duration_ms=6
[2026-02-03 01:12:59.087] [info] [spider.worker] [TIMING] worker_id=7dda5562-a36c-47d3-bb98-3789c41bd55a task_id=none get_next_task request_start=510421289 connect_end=510421291 send_end=510421291 receive_end=510421296 connect_duration_ms=1 send_duration_ms=0 receive_duration_ms=4 total_duration_ms=6
[2026-02-03 01:12:59.196] [info] [spider.worker] [TIMING] worker_id=7dda5562-a36c-47d3-bb98-3789c41bd55a task_id=none get_next_task request_start=510421398 connect_end=510421400 send_end=510421400 receive_end=510421404 connect_duration_ms=1 send_duration_ms=0 receive_duration_ms=4 total_duration_ms=5
[2026-02-03 01:12:59.304] [info] [spider.worker] [TIMING] worker_id=7dda5562-a36c-47d3-bb98-3789c41bd55a task_id=none get_next_task request_start=510421507 connect_end=510421508 send_end=510421508 receive_end=510421512 connect_duration_ms=1 send_duration_ms=0 receive_duration_ms=3 total_duration_ms=5
[2026-02-03 01:12:59.413] [info] [spider.worker] [TIMING] worker_id=7dda5562-a36c-47d3-bb98-3789c41bd55a task_id=none get_next_task request_start=510421615 connect_end=510421617 send_end=510421617 receive_end=510421622 connect_duration_ms=2 send_duration_ms=0 receive_duration_ms=4 total_duration_ms=6
[2026-02-03 01:12:59.541] [info] [spider.worker] [TIMING] worker_id=7dda5562-a36c-47d3-bb98-3789c41bd55a task_id=none get_next_task request_start=510421732 connect_end=510421736 send_end=510421736 receive_end=510421749 connect_duration_ms=4 send_duration_ms=0 receive_duration_ms=12 total_duration_ms=16
[2026-02-03 01:12:59.650] [info] [spider.worker] [TIMING] worker_id=7dda5562-a36c-47d3-bb98-3789c41bd55a task_id=none get_next_task request_start=510421852 connect_end=510421853 send_end=510421853 receive_end=510421858 connect_duration_ms=1 send_duration_ms=0 receive_duration_ms=4 total_duration_ms=6
[2026-02-03 01:12:59.759] [info] [spider.worker] [TIMING] worker_id=7dda5562-a36c-47d3-bb98-3789c41bd55a task_id=none get_next_task request_start=510421961 connect_end=510421963 send_end=510421963 receive_end=510421968 connect_duration_ms=1 send_duration_ms=0 receive_duration_ms=5 total_duration_ms=6
[2026-02-03 01:12:59.869] [info] [spider.worker] [TIMING] worker_id=7dda5562-a36c-47d3-bb98-3789c41bd55a task_id=none get_next_task r