[2026-02-03 01:10:37.182] [warning] [spider.worker] Prefer using `SPIDER_STORAGE_URL` environment variable over `--storage_url` argument.
[2026-02-03 01:10:37.375] [info] [spider.worker] [TIMING] worker_id=3153beb6-f7b7-45c8-9fcf-c55af5037fbf task_id=none get_next_task request_start=510279566 connect_end=510279568 send_end=510279568 receive_end=510279583 connect_duration_ms=1 send_duration_ms=0 receive_duration_ms=14 total_duration_ms=16
[2026-02-03 01:10:37.482] [info] [spider.worker] [TIMING] worker_id=3153beb6-f7b7-45c8-9fcf-c55af5037fbf task_id=none get_next_task request_start=510279685 connect_end=510279686 send_end=510279687 receive_end=510279690 connect_duration_ms=1 send_duration_ms=0 receive_duration_ms=3 total_duration_ms=5
[2026-02-03 01:10:37.591] [info] [spider.worker] [TIMING] worker_id=3153beb6-f7b7-45c8-9fcf-c55af5037fbf task_id=none get_next_task request_start=510279792 connect_end=510279794 send_end=510279794 receive_end=510279800 connect_duration_ms=1 send_duration_ms=0 receive_duration_ms=5 total_duration_ms=7
[2026-02-03 01:10:37.699] [info] [spider.worker] [TIMING] worker_id=3153beb6-f7b7-45c8-9fcf-c55af5037fbf task_id=none get_next_task request_start=510279902 connect_end=510279903 send_end=510279903 receive_end=510279907 connect_duration_ms=1 send_duration_ms=0 receive_duration_ms=4 total_duration_ms=5
[2026-02-03 01:10:37.812] [info] [spider.worker] [TIMING] worker_id=3153beb6-f7b7-45c8-9fcf-c55af5037fbf task_id=none get_next_task request_start=510280010 connect_end=510280012 send_end=510280012 receive_end=510280020 connect_duration_ms=1 send_duration_ms=0 receive_duration_ms=8 total_duration_ms=10
[2026-02-03 01:10:37.919] [info] [spider.worker] [TIMING] worker_id=3153beb6-f7b7-45c8-9fcf-c55af5037fbf task_id=none get_next_task request_start=510280122 connect_end=510280123 send_end=510280123 receive_end=510280127 connect_duration_ms=1 send_duration_ms=0 receive_duration_ms=4 total_duration_ms=5
[2026-02-03 01:10:38.026] [info] [spider.worker] [TIMING] worker_id=3153beb6-f7b7-45c8-9fcf-c55af5037fbf task_id=none get_next_task request_start=510280230 connect_end=510280231 send_end=510280231 receive_end=510280235 connect_duration_ms=1 send_duration_ms=0 receive_duration_ms=3 total_duration_ms=4
[2026-02-03 01:10:38.132] [info] [spider.worker] [TIMING] worker_id=3153beb6-f7b7-45c8-9fcf-c55af5037fbf task_id=none get_next_task request_start=510280336 connect_end=510280338 send_end=510280338 receive_end=510280340 connect_duration_ms=1 send_duration_ms=0 receive_duration_ms=2 total_duration_ms=3
[2026-02-03 01:10:38.242] [info] [spider.worker] [TIMING] worker_id=3153beb6-f7b7-45c8-9fcf-c55af5037fbf task_id=none get_next_task request_start=510280443 connect_end=510280444 send_end=510280444 receive_end=510280450 connect_duration_ms=1 send_duration_ms=0 receive_duration_ms=6 total_duration_ms=7
[2026-02-03 01:10:38.346] [info] [spider.worker] [TIMING] worker_id=3153beb6-f7b7-45c8-9fcf-c55af5037fbf task_id=none get_next_task request_start=510280552 connect_end=510280553 send_end=510280553 receive_end=510280554 connect_duration_ms=0 send_duration_ms=0 receive_duration_ms=1 total_duration_ms=2
[2026-02-03 01:10:38.451] [info] [spider.worker] [TIMING] worker_id=3153beb6-f7b7-45c8-9fcf-c55af5037fbf task_id=none get_next_task request_start=510280656 connect_end=510280657 send_end=510280657 receive_end=510280660 connect_duration_ms=0 send_duration_ms=0 receive_duration_ms=3 total_duration_ms=3
[2026-02-03 01:10:38.556] [info] [spider.worker] [TIMING] worker_id=3153beb6-f7b7-45c8-9fcf-c55af5037fbf task_id=none get_next_task request_start=510280761 connect_end=510280762 send_end=510280762 receive_end=510280764 connect_duration_ms=0 send_duration_ms=0 receive_duration_ms=1 total_duration_ms=2
[2026-02-03 01:10:38.662] [info] [spider.worker] [TIMING] worker_id=3153beb6-f7b7-45c8-9fcf-c55af5037fbf task_id=none get_next_task request_start=510280866 connect_end=510280866 send_end=510280866 receive_end=510280870 connect_duration_ms=0 send_duration_ms=0 receive_duration_ms=3 total_duration_ms=4
[2026-02-03 01:10:38.772] [info] [spider.worker] [TIMING] worker_id=3153beb6-f7b7-45c8-9fcf-c55af5037fbf task_id=none get_next_task request_start=510280972 connect_end=510280973 send_end=510280973 receive_end=510280981 connect_duration_ms=1 send_duration_ms=0 receive_duration_ms=7 total_duration_ms=8
[2026-02-03 01:10:38.882] [info] [spider.worker] [TIMING] worker_id=3153beb6-f7b7-45c8-9fcf-c55af5037fbf task_id=none get_next_task request_start=510281083 connect_end=510281084 send_end=510281084 receive_end=510281090 connect_duration_ms=1 send_duration_ms=0 receive_duration_ms=6 total_duration_ms=7
[2026-02-03 01:10:38.990] [info] [spider.worker] [TIMING] worker_id=3153beb6-f7b7-45c8-9fcf-c55af5037fbf task_id=none get_next_task request_start=510281192 connect_end=510281193 send_end=510281193 receive_end=510281199 connect_duration_ms=1 send_duration_ms=0 receive_duration_ms=5 total_duration_ms=6
[2026-02-03 01:10:39.100] [info] [spider.worker] [TIMING] worker_id=3153beb6-f7b7-45c8-9fcf-c55af5037fbf task_id=none get_next_task request_start=510281301 connect_end=510281303 send_end=510281303 receive_end=510281308 connect_duration_ms=1 send_duration_ms=0 receive_duration_ms=5 total_duration_ms=7
[2026-02-03 01:10:39.210] [info] [spider.worker] [TIMING] worker_id=3153beb6-f7b7-45c8-9fcf-c55af5037fbf task_id=none get_next_task request_start=510281411 connect_end=510281413 send_end=510281413 receive_end=510281418 connect_duration_ms=1 send_duration_ms=0 receive_duration_ms=5 total_duration_ms=6
[2026-02-03 01:10:39.329] [info] [spider.worker] [TIMING] worker_id=3153beb6-f7b7-45c8-9fcf-c55af5037fbf task_id=none get_next_task request_start=510281528 connect_end=510281529 send_end=510281529 receive_end=510281538 connect_duration_ms=1 send_duration_ms=0 receive_duration_ms=8 total_duration_ms=10
[2026-02-03 01:10:39.447] [info] [spider.worker] [TIMING] worker_id=3153beb6-f7b7-45c8-9fcf-c55af5037fbf task_id=none get_next_task request_start=510281648 connect_end=510281649 send_end=510281649 receive_end=510281655 connect_duration_ms=1 send_duration_ms=0 receive_duration_ms=5 total_duration_ms=7
[2026-02-03 01:10:39.552] [info] [spider.worker] [TIMING] worker_id=3153beb6-f7b7-45c8-9fcf-c55af5037fbf task_id=none get_next_task request_start=510281757 connect_end=510281758 send_end=510281758 receive_end=510281760 connect_duration_ms=1 send_duration_ms=0 receive_duration_ms=1 total_duration_ms=2
[2026-02-03 01:10:39.660] [info] [spider.worker] [TIMING] worker_id=3153beb6-f7b7-45c8-9fcf-c55af5037fbf task_id=none get_next_task request_start=510281862 connect_end=510281863 send_end=510281863 receive_end=510281868 connect_duration_ms=1 send_duration_ms=0 receive_duration_ms=5 total_duration_ms=6
[2026-02-03 01:10:39.766] [info] [spider.worker] [TIMING] worker_id=3153beb6-f7b7-45c8-9fcf-c55af5037fbf task_id=none get_next_task request_start=510281971 connect_end=510281972 send_end=510281972 receive_end=510281975 connect_duration_ms=1 send_duration_ms=0 receive_duration_ms=2 total_duration_ms=4
[2026-02-03 01:10:39.878] [info] [spider.worker] [TIMING] worker_id=3153beb6-f7b7-45c8-9fcf-c55af5037fbf task_id=none get_next_task request_start=510282077 connect_end=510282078 send_end=510282078 receive_end=510282086 connect_duration_ms=1 send_duration_ms=0 receive_duration_ms=7 total_duration_ms=9
[2026-02-03 01:10:39.983] [info] [spider.worker] [TIMING] worker_id=3153beb6-f7b7-45c8-9fcf-c55af5037fbf task_id=none get_next_task request_start=510282188 connect_end=510282189 send_end=510282189 receive_end=510282191 connect_duration_ms=0 send_duration_ms=0 receive_duration_ms=2 total_duration_ms=3
[2026-02-03 01:10:40.087] [info] [spider.worker] [TIMING] worker_id=3153beb6-f7b7-45c8-9fcf-c55af5037fbf task_id=none get_next_task request_start=510282292 connect_end=510282293 send_end=510282293 receive_end=510282296 connect_duration_ms=1 send_duration_ms=0 receive_duration_ms=2 total_duration_ms=3
[2026-02-03 01:10:40.192] [info] [spider.worker] [TIMING] worker_id=3153beb6-f7b7-45c8-9fcf-c55af5037fbf task_id=none get_next_task request_start=510282397 connect_end=510282398 send_end=510282398 receive_end=510282400 connect_duration_ms=1 send_duration_ms=0 receive_duration_ms=2 total_duration_ms=3
[2026-02-03 01:10:40.298] [info] [spider.worker] [TIMING] worker_id=3153beb6-f7b7-45c8-9fcf-c55af5037fbf task_id=none get_next_task request_start=510282502 connect_end=510282503 send_end=510282503 receive_end=510282507 connect_duration_ms=1 send_duration_ms=0 receive_duration_ms=3 total_duration_ms=4
[2026-02-03 01:10:40.402] [info] [spider.worker] [TIMING] worker_id=3153beb6-f7b7-45c8-9fcf-c55af5037fbf task_id=none get_next_task request_start=510282608 connect_end=510282609 send_end=510282609 receive_end=510282610 connect_duration_ms=0 send_duration_ms=0 receive_duration_ms=1 total_duration_ms=2
[2026-02-03 01:10:40.506] [info] [spider.worker] [TIMING] worker_id=3153beb6-f7b7-45c8-9fcf-c55af5037fbf task_id=none get_next_task request_start=510282712 connect_end=510282712 send_end=510282712 receive_end=510282714 connect_duration_ms=0 send_duration_ms=0 receive_duration_ms=1 total_duration_ms=2
[2026-02-03 01:10:40.612] [info] [spider.worker] [TIMING] worker_id=3153beb6-f7b7-45c8-9fcf-c55af5037fbf task_id=none get_next_task request_start=510282815 connect_end=510282816 send_end=510282816 receive_end=510282820 connect_duration_ms=1 send_duration_ms=0 receive_duration_ms=3 total_duration_ms=4
[2026-02-03 01:10:40.722] [info] [spider.worker] [TIMING] worker_id=3153beb6-f7b7-45c8-9fcf-c55af5037fbf task_id=none get_next_task request_start=510282922 connect_end=510282924 send_end=510282924 receive_end=510282930 connect_duration_ms=1 send_duration_ms=0 receive_duration_ms=5 total_duration_ms=7
[2026-02-03 01:10:40.828] [info] [spider.worker] [TIMING] worker_id=3153beb6-f7b7-45c8-9fcf-c55af5037fbf task_id=none get_next_task request_start=510283033 connect_end=510283034 send_end=510283034 receive_end=510283036 connect_duration_ms=1 send_duration_ms=0 receive_duration_ms=1 total_duration_ms=3
[2026-02-03 01:10:40.934] [info] [spider.worker] [TIMING] worker_id=3153beb6-f7b7-45c8-9fcf-c55af5037fbf task_id=none get_next_task request_start=510283138 connect_end=510283139 send_end=510283139 receive_end=510283142 connect_duration_ms=1 send_duration_ms=0 receive_duration_ms=3 total_duration_ms=4
[2026-02-03 01:10:41.045] [info] [spider.worker] [TIMING] worker_id=3153beb6-f7b7-45c8-9fcf-c55af5037fbf task_id=none get_next_task request_start=510283244 connect_end=510283245 send_end=510283245 receive_end=510283254 connect_duration_ms=0 send_duration_ms=0 receive_duration_ms=8 total_duration_ms=9
[2026-02-03 01:10:41.153] [info] [spider.worker] [TIMING] worker_id=3153beb6-f7b7-45c8-9fcf-c55af5037fbf task_id=none get_next_task request_start=510283356 connect_end=510283358 send_end=510283358 receive_end=510283362 connect_duration_ms=1 send_duration_ms=0 receive_duration_ms=3 total_duration_ms=5
[2026-02-03 01:10:41.261] [info] [spider.worker] [TIMING] worker_id=3153beb6-f7b7-45c8-9fcf-c55af5037fbf task_id=none get_next_task request_start=510283464 connect_end=510283466 send_end=510283466 receive_end=510283469 connect_duration_ms=1 send_duration_ms=0 receive_duration_ms=3 total_duration_ms=5
[2026-02-03 01:10:41.380] [info] [spider.worker] [TIMING] worker_id=3153beb6-f7b7-45c8-9fcf-c55af5037fbf task_id=none get_next_task request_start=510283572 connect_end=510283574 send_end=510283574 receive_end=510283588 connect_duration_ms=1 send_duration_ms=0 receive_duration_ms=14 total_duration_ms=16
[2026-02-03 01:10:41.487] [info] [spider.worker] [TIMING] worker_id=3153beb6-f7b7-45c8-9fcf-c55af5037fbf task_id=none get_next_task request_start=510283691 connect_end=510283692 send_end=510283692 receive_end=510283695 connect_duration_ms=1 send_duration_ms=0 receive_duration_ms=3 total_duration_ms=4
[2026-02-03 01:10:41.595] [info] [spider.worker] [TIMING] worker_id=3153beb6-f7b7-45c8-9fcf-c55af5037fbf task_id=none get_next_task request_start=510283798 connect_end=510283799 send_end=510283799 receive_end=510283803 connect_duration_ms=1 send_duration_ms=0 receive_duration_ms=3 total_duration_ms=5
[2026-02-03 01:10:41.704] [info] [spider.worker] [TIMING] worker_id=3153beb6-f7b7-45c8-9fcf-c55af5037fbf task_id=none get_next_task request_start=510283906 connect_end=510283908 send_end=510283908 receive_end=510283912 connect_duration_ms=1 send_duration_ms=0 receive_duration_ms=4 total_duration_ms=6
[2026-02-03 01:10:41.815] [info] [spider.worker] [TIMING] worker_id=3153beb6-f7b7-45c8-9fcf-c55af5037fbf task_id=none get_next_task request_start=510284014 connect_end=510284016 send_end=510284016 receive_end=510284023 connect_duration_ms=1 send_duration_ms=0 receive_duration_ms=7 total_duration_ms=8
[2026-02-03 01:10:41.923] [info] [spider.worker] [TIMING] worker_id=3153beb6-f7b7-45c8-9fcf-c55af5037fbf task_id=none get_next_task request_start=510284126 connect_end=510284127 send_end=510284127 receive_end=510284131 connect_duration_ms=1 send_duration_ms=0 receive_duration_ms=3 total_duration_ms=5
[2026-02-03 01:10:42.033] [info] [spider.worker] [TIMING] worker_id=3153beb6-f7b7-45c8-9fcf-c55af5037fbf task_id=none get_next_task request_start=510284234 connect_end=510284236 send_end=510284236 receive_end=510284242 connect_duration_ms=1 send_duration_ms=0 receive_duration_ms=5 total_duration_ms=7
[2026-02-03 01:10:42.143] [info] [spider.worker] [TIMING] worker_id=3153beb6-f7b7-45c8-9fcf-c55af5037fbf task_id=none get_next_task request_start=510284344 connect_end=510284346 send_end=510284346 receive_end=510284351 connect_duration_ms=1 send_duration_ms=0 receive_duration_ms=5 total_duration_ms=6
[2026-02-03 01:10:42.250] [info] [spider.worker] [TIMING] worker_id=3153beb6-f7b7-45c8-9fcf-c55af5037fbf task_id=none get_next_task request_start=510284454 connect_end=510284455 send_end=510284455 receive_end=510284458 connect_duration_ms=1 send_duration_ms=0 receive_duration_ms=3 total_duration_ms=4
[2026-02-03 01:10:42.360] [info] [spider.worker] [TIMING] worker_id=3153beb6-f7b7-45c8-9fcf-c55af5037fbf task_id=none get_next_task request_start=510284561 connect_end=510284562 send_end=510284562 receive_end=510284569 connect_duration_ms=1 send_duration_ms=0 receive_duration_ms=6 total_duration_ms=8
[2026-02-03 01:10:42.468] [info] [spider.worker] [TIMING] worker_id=3153beb6-f7b7-45c8-9fcf-c55af5037fbf task_id=none get_next_task request_start=510284671 connect_end=510284673 send_end=510284673 receive_end=510284676 connect_duration_ms=1 send_duration_ms=0 receive_duration_ms=3 total_duration_ms=5
[2026-02-03 01:10:42.575] [info] [spider.worker] [TIMING] worker_id=3153beb6-f7b7-45c8-9fcf-c55af5037fbf task_id=none get_next_task request_start=510284779 connect_end=510284781 send_end=510284781 receive_end=510284784 connect_duration_ms=1 send_duration_ms=0 receive_duration_ms=3 total_duration_ms=4
[2026-02-03 01:10:42.687] [info] [spider.worker] [TIMING] worker_id=3153beb6-f7b7-45c8-9fcf-c55af5037fbf task_id=none get_next_task request_start=510284886 connect_end=510284888 send_end=510284888 receive_end=510284895 connect_duration_ms=1 send_duration_ms=0 receive_duration_ms=7 total_duration_ms=8
[2026-02-03 01:10:42.797] [info] [spider.worker] [TIMING] worker_id=3153beb6-f7b7-45c8-9fcf-c55af5037fbf task_id=none get_next_task request_start=510284998 connect_end=510284999 send_end=510284999 receive_end=510285005 connect_duration_ms=1 send_duration_ms=0 receive_duration_ms=5 total_duration_ms=7
[2026-02-03 01:10:42.905] [info] [spider.worker] [TIMING] worker_id=3153beb6-f7b7-45c8-9fcf-c55af5037fbf task_id=none get_next_task request_start=510285107 connect_end=510285109 send_end=510285109 receive_end=510285113 connect_duration_ms=1 send_duration_ms=0 receive_duration_ms=4 total_duration_ms=6
[2026-02-03 01:10:43.009] [info] [spider.worker] [TIMING] worker_id=3153beb6-f7b7-45c8-9fcf-c55af5037fbf task_id=none get_next_task request_start=510285215 connect_end=510285216 send_end=510285216 receive_end=510285218 connect_duration_ms=0 send_duration_ms=0 receive_duration_ms=1 total_duration_ms=2
[2026-02-03 01:10:43.114] [info] [spider.worker] [TIMING] worker_id=3153beb6-f7b7-45c8-9fcf-c55af5037fbf task_id=none get_next_task request_start=510285319 connect_end=510285320 send_end=510285320 receive_end=510285322 connect_duration_ms=0 send_duration_ms=0 receive_duration_ms=1 total_duration_ms=2
[2026-02-03 01:10:43.222] [info] [spider.worker] [TIMING] worker_id=3153beb6-f7b7-45c8-9fcf-c55af5037fbf task_id=none get_next_task request_start=510285423 connect_end=510285425 send_end=510285425 receive_end=510285430 connect_duration_ms=1 send_duration_ms=0 receive_duration_ms=5 total_duration_ms=6
[2026-02-03 01:10:43.329] [info] [spider.worker] [TIMING] worker_id=3153beb6-f7b7-45c8-9fcf-c55af5037fbf task_id=none get_next_task request_start=510285532 connect_end=510285533 send_end=510285533 receive_end=510285538 connect_duration_ms=0 send_duration_ms=0 receive_duration_ms=5 total_duration_ms=6
[2026-02-03 01:10:43.441] [info] [spider.worker] [TIMING] worker_id=3153beb6-f7b7-45c8-9fcf-c55af5037fbf task_id=none get_next_task request_start=510285639 connect_end=510285640 send_end=510285640 receive_end=510285650 connect_duration_ms=1 send_duration_ms=0 receive_duration_ms=9 total_duration_ms=10
[2026-02-03 01:10:43.559] [info] [spider.worker] [TIMING] worker_id=3153beb6-f7b7-45c8-9fcf-c55af5037fbf task_id=none get_next_task request_start=510285751 connect_end=510285752 send_end=510285752 receive_end=510285768 connect_duration_ms=0 send_duration_ms=0 receive_duration_ms=15 total_duration_ms=16
[2026-02-03 01:10:43.665] [info] [spider.worker] [TIMING] worker_id=3153beb6-f7b7-45c8-9fcf-c55af5037fbf task_id=none get_next_task request_start=510285870 connect_end=510285871 send_end=510285871 receive_end=510285873 connect_duration_ms=0 send_duration_ms=0 receive_duration_ms=1 total_duration_ms=3
[2026-02-03 01:10:43.771] [info] [spider.worker] [TIMING] worker_id=3153beb6-f7b7-45c8-9fcf-c55af5037fbf task_id=none get_next_task request_start=510285975 connect_end=510285977 send_end=510285977 receive_end=510285979 connect_duration_ms=1 send_duration_ms=0 receive_duration_ms=2 total_duration_ms=3
[2026-02-03 01:10:43.877] [info] [spider.worker] [TIMING] worker_id=3153beb6-f7b7-45c8-9fcf-c55af5037fbf task_id=none get_next_task request_start=510286081 connect_end=510286083 send_end=510286083 receive_end=510286085 connect_duration_ms=1 send_duration_ms=0 receive_duration_ms=2 total_duration_ms=4
[2026-02-03 01:10:43.982] [info] [spider.worker] [TIMING] worker_id=3153beb6-f7b7-45c8-9fcf-c55af5037fbf task_id=none get_next_task request_start=510286187 connect_end=510286188 send_end=510286188 receive_end=510286190 connect_duration_ms=1 send_duration_ms=0 receive_duration_ms=1 total_duration_ms=3
[2026-02-03 01:10:44.087] [info] [spider.worker] [TIMING] worker_id=3153beb6-f7b7-45c8-9fcf-c55af5037fbf task_id=none get_next_task request_start=510286292 connect_end=510286293 send_end=510286293 receive_end=510286295 connect_duration_ms=1 send_duration_ms=0 receive_duration_ms=1 total_duration_ms=2
[2026-02-03 01:10:44.199] [info] [spider.worker] [TIMING] worker_id=3153beb6-f7b7-45c8-9fcf-c55af5037fbf task_id=none get_next_task request_start=510286397 connect_end=510286398 send_end=510286398 receive_end=510286408 connect_duration_ms=1 send_duration_ms=0 receive_duration_ms=9 total_duration_ms=10
[2026-02-03 01:10:44.307] [info] [spider.worker] [TIMING] worker_id=3153beb6-f7b7-45c8-9fcf-c55af5037fbf task_id=none get_next_task request_start=510286510 connect_end=510286512 send_end=510286512 receive_end=510286515 connect_duration_ms=1 send_duration_ms=0 receive_duration_ms=3 total_duration_ms=4
[2026-02-03 01:10:44.415] [info] [spider.worker] [TIMING] worker_id=3153beb6-f7b7-45c8-9fcf-c55af5037fbf task_id=none get_next_task request_start=510286617 connect_end=510286619 send_end=510286619 receive_end=510286623 connect_duration_ms=1 send_duration_ms=0 receive_duration_ms=4 total_duration_ms=5
[2026-02-03 01:10:44.531] [info] [spider.worker] [TIMING] worker_id=3153beb6-f7b7-45c8-9fcf-c55af5037fbf task_id=none get_next_task request_start=510286726 connect_end=510286727 send_end=510286727 receive_end=510286740 connect_duration_ms=1 send_duration_ms=0 receive_duration_ms=12 total_duration_ms=13
[2026-02-03 01:10:44.636] [info] [spider.worker] [TIMING] worker_id=3153beb6-f7b7-45c8-9fcf-c55af5037fbf task_id=none get_next_task request_start=510286841 connect_end=510286842 send_end=510286842 receive_end=510286845 connect_duration_ms=0 send_duration_ms=0 receive_duration_ms=2 total_duration_ms=3
[2026-02-03 01:10:44.762] [info] [spider.worker] [TIMING] worker_id=3153beb6-f7b7-45c8-9fcf-c55af5037fbf task_id=none get_next_task request_start=510286956 connect_end=510286958 send_end=510286958 receive_end=510286970 connect_duration_ms=1 send_duration_ms=0 receive_duration_ms=12 total_duration_ms=14
[2026-02-03 01:10:44.910] [info] [spider.worker] [TIMING] worker_id=3153beb6-f7b7-45c8-9fcf-c55af5037fbf task_id=none get_next_task request_start=510287072 connect_end=510287076 send_end=510287076 receive_end=510287118 connect_duration_ms=4 send_duration_ms=0 receive_duration_ms=42 total_duration_ms=46
[2026-02-03 01:10:45.017] [info] [spider.worker] [TIMING] worker_id=3153beb6-f7b7-45c8-9fcf-c55af5037fbf task_id=none get_next_task request_start=510287220 connect_end=510287221 send_end=510287221 receive_end=510287225 connect_duration_ms=1 send_duration_ms=0 receive_duration_ms=3 total_duration_ms=4
[2026-02-03 01:10:45.124] [info] [spider.worker] [TIMING] worker_id=3153beb6-f7b7-45c8-9fcf-c55af5037fbf task_id=none get_next_task request_start=510287327 connect_end=510287328 send_end=510287328 receive_end=510287332 connect_duration_ms=1 send_duration_ms=0 receive_duration_ms=3 total_duration_ms=5
[2026-02-03 01:10:45.232] [info] [spider.worker] [TIMING] worker_id=3153beb6-f7b7-45c8-9fcf-c55af5037fbf task_id=none get_next_task request_start=510287434 connect_end=510287436 send_end=510287436 receive_end=510287440 connect_duration_ms=1 send_duration_ms=0 receive_duration_ms=4 total_duration_ms=5
[2026-02-03 01:10:45.339] [info] [spider.worker] [TIMING] worker_id=3153beb6-f7b7-45c8-9fcf-c55af5037fbf task_id=none get_next_task request_start=510287543 connect_end=510287545 send_end=510287545 receive_end=510287548 connect_duration_ms=1 send_duration_ms=0 receive_duration_ms=3 total_duration_ms=4
[2026-02-03 01:10:45.444] [info] [spider.worker] [TIMING] worker_id=3153beb6-f7b7-45c8-9fcf-c55af5037fbf task_id=none get_next_task request_start=510287650 connect_end=510287651 send_end=510287651 receive_end=510287653 connect_duration_ms=1 send_duration_ms=0 receive_duration_ms=1 total_duration_ms=3
[2026-02-03 01:10:45.558] [info] [spider.worker] [TIMING] worker_id=3153beb6-f7b7-45c8-9fcf-c55af5037fbf task_id=none get_next_task request_start=510287758 connect_end=510287760 send_end=510287760 receive_end=510287766 connect_duration_ms=1 send_duration_ms=0 receive_duration_ms=6 total_duration_ms=8
[2026-02-03 01:10:45.667] [info] [spider.worker] [TIMING] worker_id=3153beb6-f7b7-45c8-9fcf-c55af5037fbf task_id=none get_next_task request_start=510287869 connect_end=510287870 send_end=510287870 receive_end=510287876 connect_duration_ms=1 send_duration_ms=0 receive_duration_ms=5 total_duration_ms=6
[2026-02-03 01:10:45.777] [info] [spider.worker] [TIMING] worker_id=3153beb6-f7b7-45c8-9fcf-c55af5037fbf task_id=none get_next_task request_start=510287978 connect_end=510287979 send_end=510287979 receive_end=510287985 connect_duration_ms=1 send_duration_ms=0 receive_duration_ms=5 total_duration_ms=7
[2026-02-03 01:10:45.887] [info] [spider.worker] [TIMING] worker_id=3153beb6-f7b7-45c8-9fcf-c55af5037fbf task_id=none get_next_task request_start=510288088 connect_end=510288089 send_end=510288089 receive_end=510288096 connect_duration_ms=1 send_duration_ms=0 receive_duration_ms=6 total_duration_ms=7
[2026-02-03 01:10:45.996] [info] [spider.worker] [TIMING] worker_id=3153beb6-f7b7-45c8-9fcf-c55af5037fbf task_id=none get_next_task request_start=510288198 connect_end=510288199 send_end=510288199 receive_end=510288204 connect_duration_ms=1 send_duration_ms=0 receive_duration_ms=4 total_duration_ms=6
[2026-02-03 01:10:46.104] [info] [spider.worker] [TIMING] worker_id=3153beb6-f7b7-45c8-9fcf-c55af5037fbf task_id=none get_next_task request_start=510288306 connect_end=510288308 send_end=510288308 receive_end=510288313 connect_duration_ms=1 send_duration_ms=0 receive_duration_ms=4 total_duration_ms=6
[2026-02-03 01:10:46.212] [info] [spider.worker] [TIMING] worker_id=3153beb6-f7b7-45c8-9fcf-c55af5037fbf task_id=none get_next_task request_start=510288415 connect_end=510288417 send_end=510288417 receive_end=510288420 connect_duration_ms=1 send_duration_ms=0 receive_duration_ms=3 total_duration_ms=4
[2026-02-03 01:10:46.320] [info] [spider.worker] [TIMING] worker_id=3153beb6-f7b7-45c8-9fcf-c55af5037fbf task_id=none get_next_task request_start=510288522 connect_end=510288524 send_end=510288524 receive_end=510288529 connect_duration_ms=1 send_duration_ms=0 receive_duration_ms=4 total_duration_ms=6
[2026-02-03 01:10:46.428] [info] [spider.worker] [TIMING] worker_id=3153beb6-f7b7-45c8-9fcf-c55af5037fbf task_id=none get_next_task request_start=510288631 connect_end=510288633 send_end=510288633 receive_end=510288637 connect_duration_ms=1 send_duration_ms=0 receive_duration_ms=4 total_duration_ms=5
[2026-02-03 01:10:46.552] [info] [spider.worker] [TIMING] worker_id=3153beb6-f7b7-45c8-9fcf-c55af5037fbf task_id=none get_next_task request_start=510288741 connect_end=510288744 send_end=510288744 receive_end=510288761 connect_duration_ms=2 send_duration_ms=0 receive_duration_ms=16 total_duration_ms=19
[2026-02-03 01:10:46.763] [info] [spider.worker] [TIMING] worker_id=3153beb6-f7b7-45c8-9fcf-c55af5037fbf task_id=none get_next_task request_start=510288863 connect_end=510288865 send_end=510288865 receive_end=510288971 connect_duration_ms=1 send_duration_ms=0 receive_duration_ms=106 total_duration_ms=107
[2026-02-03 01:10:46.876] [info] [spider.worker] [TIMING] worker_id=3153beb6-f7b7-45c8-9fcf-c55af5037fbf task_id=none get_next_task request_start=510289077 connect_end=510289079 send_end=510289079 receive_end=510289084 connect_duration_ms=1 send_duration_ms=0 receive_duration_ms=5 total_duration_ms=7
[2026-02-03 01:10:47.012] [info] [spider.worker] [TIMING] worker_id=3153beb6-f7b7-45c8-9fcf-c55af5037fbf task_id=none get_next_task request_start=510289186 connect_end=510289188 send_end=510289188 receive_end=510289220 connect_duration_ms=1 send_duration_ms=0 receive_duration_ms=31 total_duration_ms=33
[2026-02-03 01:10:47.175] [info] [spider.worker] [TIMING] worker_id=3153beb6-f7b7-45c8-9fcf-c55af5037fbf task_id=none get_next_task request_start=510289323 connect_end=510289324 send_end=510289324 receive_end=510289383 connect_duration_ms=1 send_duration_ms=0 receive_duration_ms=58 total_duration_ms=60
[2026-02-03 01:10:47.314] [info] [spider.worker] [TIMING] worker_id=3153beb6-f7b7-45c8-9fcf-c55af5037fbf task_id=none get_next_task request_start=510289486 connect_end=510289488 send_end=510289488 receive_end=510289522 connect_duration_ms=1 send_duration_ms=0 receive_duration_ms=34 total_duration_ms=35
[2026-02-03 01:10:47.463] [info] [spider.worker] [TIMING] worker_id=3153beb6-f7b7-45c8-9fcf-c55af5037fbf task_id=7a63c7dd-90e7-4e1d-ad88-30635a8ea0cd get_next_task request_start=510289631 connect_end=510289633 send_end=510289633 receive_end=510289633 connect_duration_ms=1 send_duration_ms=0 receive_duration_ms=0 total_duration_ms=1
[2026-02-03 01:10:47.466] [info] [spider.worker] [TIMING] task_id=7a63c7dd-90e7-4e1d-ad88-30635a8ea0cd storage_connect_start=510289672 storage_connect_end=510289675 storage_connect_duration_ms=2 phase=pre_execution
[2026-02-03 01:10:47.468] [info] [spider.worker] [TIMING] task_id=7a63c7dd-90e7-4e1d-ad88-30635a8ea0cd func=job_orchestration.executor.query.spider_search_task.search_without_channel fetch_input_start=510289675 fetch_input_end=510289676 fetch_input_duration_ms=1
[2026-02-03 01:10:47.468] [info] [spider.worker] [TIMING] task_id=7a63c7dd-90e7-4e1d-ad88-30635a8ea0cd func=job_orchestration.executor.query.spider_search_task.search_without_channel input_send_start=510289677 input_send_end=510289677 input_send_duration_ms=0 bytes=612
[2026-02-03 01:10:47.468] [info] [spider.worker] [TIMING] task_id=7a63c7dd-90e7-4e1d-ad88-30635a8ea0cd func=job_orchestration.executor.query.spider_search_task.search_without_channel spawn_start=510289676 spawn_end=510289677 spawn_duration_ms=0
[2026-02-03 01:10:48.757] [info] [spider.worker] [TIMING] task_id=7a63c7dd-90e7-4e1d-ad88-30635a8ea0cd func=job_orchestration.executor.query.spider_search_task.search_without_channel execution_start=510289677 execution_end=510290966 execution_duration_ms=1288
[2026-02-03 01:10:48.759] [info] [spider.worker] [TIMING] task_id=7a63c7dd-90e7-4e1d-ad88-30635a8ea0cd func=job_orchestration.executor.query.spider_search_task.search_without_channel storage_connect_start=510290966 storage_connect_end=510290967 storage_connect_duration_ms=1 phase=handle_result
[2026-02-03 01:10:48.841] [info] [spider.worker] [TIMING] task_id=7a63c7dd-90e7-4e1d-ad88-30635a8ea0cd func=job_orchestration.executor.query.spider_search_task.search_without_channel submit_output_start=510290967 submit_output_end=510291049 submit_output_duration_ms=81
[2026-02-03 01:10:48.874] [info] [spider.worker] [TIMING] worker_id=3153beb6-f7b7-45c8-9fcf-c55af5037fbf task_id=d261d69b-1469-4b5f-8c14-ad140f0ea685 get_next_task request_start=510291051 connect_end=510291052 send_end=510291052 receive_end=510291052 connect_duration_ms=1 send_duration_ms=0 receive_duration_ms=0 total_duration_ms=1
[2026-02-03 01:10:48.876] [info] [spider.worker] [TIMING] task_id=d261d69b-1469-4b5f-8c14-ad140f0ea685 storage_connect_start=510291083 storage_connect_end=510291084 storage_connect_duration_ms=1 phase=pre_execution
[2026-02-03 01:10:48.876] [info] [spider.worker] [TIMING] task_id=d261d69b-1469-4b5f-8c14-ad140f0ea685 func=job_orchestration.executor.query.spider_search_task.search_without_channel fetch_input_start=510291084 fetch_input_end=510291085 fetch_input_duration_ms=0
[2026-02-03 01:10:48.877] [info] [spider.worker] [TIMING] task_id=d261d69b-1469-4b5f-8c14-ad140f0ea685 func=job_orchestration.executor.query.spider_search_task.search_without_channel input_send_start=510291085 input_send_end=510291085 input_send_duration_ms=0 bytes=612
[2026-02-03 01:10:48.877] [info] [spider.worker] [TIMING] task_id=d261d69b-1469-4b5f-8c14-ad140f0ea685 func=job_orchestration.executor.query.spider_search_task.search_without_channel spawn_start=510291085 spawn_end=510291085 spawn_duration_ms=0
[2026-02-03 01:10:50.403] [info] [spider.worker] [TIMING] task_id=d261d69b-1469-4b5f-8c14-ad140f0ea685 func=job_orchestration.executor.query.spider_search_task.search_without_channel execution_start=510291085 execution_end=510292611 execution_duration_ms=1525
[2026-02-03 01:10:50.405] [info] [spider.worker] [TIMING] task_id=d261d69b-1469-4b5f-8c14-ad140f0ea685 func=job_orchestration.executor.query.spider_search_task.search_without_channel storage_connect_start=510292611 storage_connect_end=510292613 storage_connect_duration_ms=2 phase=handle_result
[2026-02-03 01:10:50.424] [info] [spider.worker] [TIMING] task_id=d261d69b-1469-4b5f-8c14-ad140f0ea685 func=job_orchestration.executor.query.spider_search_task.search_without_channel submit_output_start=510292613 submit_output_end=510292632 submit_output_duration_ms=19
[2026-02-03 01:10:50.441] [info] [spider.worker] [TIMING] worker_id=3153beb6-f7b7-45c8-9fcf-c55af5037fbf task_id=fd7869b0-b802-4e6d-b396-09a74a116b1e get_next_task request_start=510292635 connect_end=510292636 send_end=510292636 receive_end=510292636 connect_duration_ms=1 send_duration_ms=0 receive_duration_ms=0 total_duration_ms=1
[2026-02-03 01:10:50.442] [info] [spider.worker] [TIMING] task_id=fd7869b0-b802-4e6d-b396-09a74a116b1e storage_connect_start=510292649 storage_connect_end=510292651 storage_connect_duration_ms=1 phase=pre_execution
[2026-02-03 01:10:50.443] [info] [spider.worker] [TIMING] task_id=fd7869b0-b802-4e6d-b396-09a74a116b1e func=job_orchestration.executor.query.spider_search_task.search_without_channel fetch_input_start=510292651 fetch_input_end=510292652 fetch_input_duration_ms=1
[2026-02-03 01:10:50.444] [info] [spider.worker] [TIMING] task_id=fd7869b0-b802-4e6d-b396-09a74a116b1e func=job_orchestration.executor.query.spider_search_task.search_without_channel input_send_start=510292652 input_send_end=510292652 input_send_duration_ms=0 bytes=612
[2026-02-03 01:10:50.444] [info] [spider.worker] [TIMING] task_id=fd7869b0-b802-4e6d-b396-09a74a116b1e func=job_orchestration.executor.query.spider_search_task.search_without_channel spawn_start=510292652 spawn_end=510292652 spawn_duration_ms=0
[2026-02-03 01:10:51.820] [info] [spider.worker] [TIMING] task_id=fd7869b0-b802-4e6d-b396-09a74a116b1e func=job_orchestration.executor.query.spider_search_task.search_without_channel execution_start=510292653 execution_end=510294029 execution_duration_ms=1376
[2026-02-03 01:10:51.822] [info] [spider.worker] [TIMING] task_id=fd7869b0-b802-4e6d-b396-09a74a116b1e func=job_orchestration.executor.query.spider_search_task.search_without_channel storage_connect_start=510294029 storage_connect_end=510294030 storage_connect_duration_ms=1 phase=handle_result
[2026-02-03 01:10:51.849] [info] [spider.worker] [TIMING] task_id=fd7869b0-b802-4e6d-b396-09a74a116b1e func=job_orchestration.executor.query.spider_search_task.search_without_channel submit_output_start=510294030 submit_output_end=510294058 submit_output_duration_ms=27
[2026-02-03 01:10:51.866] [info] [spider.worker] [TIMING] worker_id=3153beb6-f7b7-45c8-9fcf-c55af5037fbf task_id=cc955090-ded2-470c-a221-3cf45113c984 get_next_task request_start=510294059 connect_end=510294061 send_end=510294061 receive_end=510294061 connect_duration_ms=1 send_duration_ms=0 receive_duration_ms=0 total_duration_ms=1
[2026-02-03 01:10:51.867] [info] [spider.worker] [TIMING] task_id=cc955090-ded2-470c-a221-3cf45113c984 storage_connect_start=510294074 storage_connect_end=510294076 storage_connect_duration_ms=1 phase=pre_execution
[2026-02-03 01:10:51.868] [info] [spider.worker] [TIMING] task_id=cc955090-ded2-470c-a221-3cf45113c984 func=job_orchestration.executor.query.spider_search_task.search_without_channel fetch_input_start=510294076 fetch_input_end=510294077 fetch_input_duration_ms=0
[2026-02-03 01:10:51.869] [info] [spider.worker] [TIMING] task_id=cc955090-ded2-470c-a221-3cf45113c984 func=job_orchestration.executor.query.spider_search_task.search_without_channel input_send_start=510294077 input_send_end=510294077 input_send_duration_ms=0 bytes=612
[2026-02-03 01:10:51.869] [info] [spider.worker] [TIMING] task_id=cc955090-ded2-470c-a221-3cf45113c984 func=job_orchestration.executor.query.spider_search_task.search_without_channel spawn_start=510294077 spawn_end=510294077 spawn_duration_ms=0
[2026-02-03 01:10:53.085] [info] [spider.worker] [TIMING] task_id=cc955090-ded2-470c-a221-3cf45113c984 func=job_orchestration.executor.query.spider_search_task.search_without_channel execution_start=510294078 execution_end=510295294 execution_duration_ms=1216
[2026-02-03 01:10:53.087] [info] [spider.worker] [TIMING] task_id=cc955090-ded2-470c-a221-3cf45113c984 func=job_orchestration.executor.query.spider_search_task.search_without_channel storage_connect_start=510295294 storage_connect_end=510295295 storage_connect_duration_ms=1 phase=handle_result
[2026-02-03 01:10:53.158] [info] [spider.worker] [TIMING] task_id=cc955090-ded2-470c-a221-3cf45113c984 func=job_orchestration.executor.query.spider_search_task.search_without_channel submit_output_start=510295296 submit_output_end=510295367 submit_output_duration_ms=71
[2026-02-03 01:10:53.191] [info] [spider.worker] [TIMING] worker_id=3153beb6-f7b7-45c8-9fcf-c55af5037fbf task_id=a1092732-33ea-43c6-9335-76fc062d74d0 get_next_task request_start=510295369 connect_end=510295370 send_end=510295370 receive_end=510295370 connect_duration_ms=1 send_duration_ms=0 receive_duration_ms=0 total_duration_ms=1
[2026-02-03 01:10:53.193] [info] [spider.worker] [TIMING] task_id=a1092732-33ea-43c6-9335-76fc062d74d0 storage_connect_start=510295400 storage_connect_end=510295401 storage_connect_duration_ms=1 phase=pre_execution
[2026-02-03 01:10:53.194] [info] [spider.worker] [TIMING] task_id=a1092732-33ea-43c6-9335-76fc062d74d0 func=job_orchestration.executor.query.spider_search_task.search_without_channel fetch_input_start=510295401 fetch_input_end=510295402 fetch_input_duration_ms=0
[2026-02-03 01:10:53.194] [info] [spider.worker] [TIMING] task_id=a1092732-33ea-43c6-9335-76fc062d74d0 func=job_orchestration.executor.query.spider_search_task.search_without_channel input_send_start=510295403 input_send_end=510295403 input_send_duration_ms=0 bytes=612
[2026-02-03 01:10:53.194] [info] [spider.worker] [TIMING] task_id=a1092732-33ea-43c6-9335-76fc062d74d0 func=job_orchestration.executor.query.spider_search_task.search_without_channel spawn_start=510295402 spawn_end=510295403 spawn_duration_ms=0
[2026-02-03 01:10:54.503] [info] [spider.worker] [TIMING] task_id=a1092732-33ea-43c6-9335-76fc062d74d0 func=job_orchestration.executor.query.spider_search_task.search_without_channel execution_start=510295403 execution_end=510296711 execution_duration_ms=1308
[2026-02-03 01:10:54.505] [info] [spider.worker] [TIMING] task_id=a1092732-33ea-43c6-9335-76fc062d74d0 func=job_orchestration.executor.query.spider_search_task.search_without_channel storage_connect_start=510296711 storage_connect_end=510296713 storage_connect_duration_ms=1 phase=handle_result
[2026-02-03 01:10:54.517] [info] [spider.worker] [TIMING] task_id=a1092732-33ea-43c6-9335-76fc062d74d0 func=job_orchestration.executor.query.spider_search_task.search_without_channel submit_output_start=510296713 submit_output_end=510296725 submit_output_duration_ms=12
[2026-02-03 01:10:54.554] [info] [spider.worker] [TIMING] worker_id=3153beb6-f7b7-45c8-9fcf-c55af5037fbf task_id=cce73b72-5c15-499b-90e8-ca8a12f30921 get_next_task request_start=510296728 connect_end=510296729 send_end=510296729 receive_end=510296730 connect_duration_ms=1 send_duration_ms=0 receive_duration_ms=0 total_duration_ms=2
[2026-02-03 01:10:54.556] [info] [spider.worker] [TIMING] task_id=cce73b72-5c15-499b-90e8-ca8a12f30921 storage_connect_start=510296763 storage_connect_end=510296764 storage_connect_duration_ms=1 phase=pre_execution
[2026-02-03 01:10:54.556] [info] [spider.worker] [TIMING] task_id=cce73b72-5c15-499b-90e8-ca8a12f30921 func=job_orchestration.executor.query.spider_search_task.search_without_channel fetch_input_start=510296764 fetch_input_end=510296765 fetch_input_duration_ms=0
[2026-02-03 01:10:54.557] [info] [spider.worker] [TIMING] task_id=cce73b72-5c15-499b-90e8-ca8a12f30921 func=job_orchestration.executor.query.spider_search_task.search_without_channel input_send_start=510296765 input_send_end=510296765 input_send_duration_ms=0 bytes=612
[2026-02-03 01:10:54.557] [info] [spider.worker] [TIMING] task_id=cce73b72-5c15-499b-90e8-ca8a12f30921 func=job_orchestration.executor.query.spider_search_task.search_without_channel spawn_start=510296765 spawn_end=510296765 spawn_duration_ms=0
[2026-02-03 01:10:55.854] [info] [spider.worker] [TIMING] task_id=cce73b72-5c15-499b-90e8-ca8a12f30921 func=job_orchestration.executor.query.spider_search_task.search_without_channel execution_start=510296765 execution_end=510298063 execution_duration_ms=1297
[2026-02-03 01:10:55.856] [info] [spider.worker] [TIMING] task_id=cce73b72-5c15-499b-90e8-ca8a12f30921 func=job_orchestration.executor.query.spider_search_task.search_without_channel storage_connect_start=510298063 storage_connect_end=510298065 storage_connect_duration_ms=1 phase=handle_result
[2026-02-03 01:10:55.876] [info] [spider.worker] [TIMING] task_id=cce73b72-5c15-499b-90e8-ca8a12f30921 func=job_orchestration.executor.query.spider_search_task.search_without_channel submit_output_start=510298065 submit_output_end=510298084 submit_output_duration_ms=19
[2026-02-03 01:10:55.892] [info] [spider.worker] [TIMING] worker_id=3153beb6-f7b7-45c8-9fcf-c55af5037fbf task_id=51e95bf0-227f-43fd-b853-acd1372dc158 get_next_task request_start=510298086 connect_end=510298087 send_end=510298087 receive_end=510298088 connect_duration_ms=1 send_duration_ms=0 receive_duration_ms=0 total_duration_ms=1
[2026-02-03 01:10:55.894] [info] [spider.worker] [TIMING] task_id=51e95bf0-227f-43fd-b853-acd1372dc158 storage_connect_start=510298101 storage_connect_end=510298102 storage_connect_duration_ms=1 phase=pre_execution
[2026-02-03 01:10:55.895] [info] [spider.worker] [TIMING] task_id=51e95bf0-227f-43fd-b853-acd1372dc158 func=job_orchestration.executor.query.spider_search_task.search_without_channel fetch_input_start=510298102 fetch_input_end=510298104 fetch_input_duration_ms=1
[2026-02-03 01:10:55.896] [info] [spider.worker] [TIMING] task_id=51e95bf0-227f-43fd-b853-acd1372dc158 func=job_orchestration.executor.query.spider_search_task.search_without_channel input_send_start=510298104 input_send_end=510298104 input_send_duration_ms=0 bytes=612
[2026-02-03 01:10:55.896] [info] [spider.worker] [TIMING] task_id=51e95bf0-227f-43fd-b853-acd1372dc158 func=job_orchestration.executor.query.spider_search_task.search_without_channel spawn_start=510298104 spawn_end=510298104 spawn_duration_ms=0
[2026-02-03 01:10:57.188] [info] [spider.worker] [TIMING] task_id=51e95bf0-227f-43fd-b853-acd1372dc158 func=job_orchestration.executor.query.spider_search_task.search_without_channel execution_start=510298104 execution_end=510299396 execution_duration_ms=1292
[2026-02-03 01:10:57.190] [info] [spider.worker] [TIMING] task_id=51e95bf0-227f-43fd-b853-acd1372dc158 func=job_orchestration.executor.query.spider_search_task.search_without_channel storage_connect_start=510299396 storage_connect_end=510299398 storage_connect_duration_ms=1 phase=handle_result
[2026-02-03 01:10:57.201] [info] [spider.worker] [TIMING] task_id=51e95bf0-227f-43fd-b853-acd1372dc158 func=job_orchestration.executor.query.spider_search_task.search_without_channel submit_output_start=510299398 submit_output_end=510299409 submit_output_duration_ms=11
[2026-02-03 01:10:57.234] [info] [spider.worker] [TIMING] worker_id=3153beb6-f7b7-45c8-9fcf-c55af5037fbf task_id=7e3866fe-14ce-4079-b06c-52f1400e925a get_next_task request_start=510299411 connect_end=510299412 send_end=510299412 receive_end=510299413 connect_duration_ms=1 send_duration_ms=0 receive_duration_ms=0 total_duration_ms=1
[2026-02-03 01:10:57.236] [info] [spider.worker] [TIMING] task_id=7e3866fe-14ce-4079-b06c-52f1400e925a storage_connect_start=510299443 storage_connect_end=510299444 storage_connect_duration_ms=1 phase=pre_execution
[2026-02-03 01:10:57.237] [info] [spider.worker] [TIMING] task_id=7e3866fe-14ce-4079-b06c-52f1400e925a func=job_orchestration.executor.query.spider_search_task.search_without_channel fetch_input_start=510299444 fetch_input_end=510299445 fetch_input_duration_ms=0
[2026-02-03 01:10:57.237] [info] [spider.worker] [TIMING] task_id=7e3866fe-14ce-4079-b06c-52f1400e925a func=job_orchestration.executor.query.spider_search_task.search_without_channel input_send_start=510299446 input_send_end=510299446 input_send_duration_ms=0 bytes=612
[2026-02-03 01:10:57.237] [info] [spider.worker] [TIMING] task_id=7e3866fe-14ce-4079-b06c-52f1400e925a func=job_orchestration.executor.query.spider_search_task.search_without_channel spawn_start=510299445 spawn_end=510299446 spawn_duration_ms=0
[2026-02-03 01:10:58.487] [info] [spider.worker] [TIMING] task_id=7e3866fe-14ce-4079-b06c-52f1400e925a func=job_orchestration.executor.query.spider_search_task.search_without_channel execution_start=510299446 execution_end=510300696 execution_duration_ms=1249
[2026-02-03 01:10:58.495] [info] [spider.worker] [TIMING] task_id=7e3866fe-14ce-4079-b06c-52f1400e925a func=job_orchestration.executor.query.spider_search_task.search_without_channel storage_connect_start=510300696 storage_connect_end=510300703 storage_connect_duration_ms=7 phase=handle_result
[2026-02-03 01:10:58.509] [info] [spider.worker] [TIMING] task_id=7e3866fe-14ce-4079-b06c-52f1400e925a func=job_orchestration.executor.query.spider_search_task.search_without_channel submit_output_start=510300703 submit_output_end=510300718 submit_output_duration_ms=14
[2026-02-03 01:10:58.545] [info] [spider.worker] [TIMING] worker_id=3153beb6-f7b7-45c8-9fcf-c55af5037fbf task_id=9941fc7d-801c-41c0-b6d0-72c2f6311f3d get_next_task request_start=510300720 connect_end=510300721 send_end=510300721 receive_end=510300721 connect_duration_ms=1 send_duration_ms=0 receive_duration_ms=0 total_duration_ms=1
[2026-02-03 01:10:58.546] [info] [spider.worker] [TIMING] task_id=9941fc7d-801c-41c0-b6d0-72c2f6311f3d storage_connect_start=510300753 storage_connect_end=510300755 storage_connect_duration_ms=1 phase=pre_execution
[2026-02-03 01:10:58.547] [info] [spider.worker] [TIMING] task_id=9941fc7d-801c-41c0-b6d0-72c2f6311f3d func=job_orchestration.executor.query.spider_search_task.search_without_channel fetch_input_start=510300755 fetch_input_end=510300756 fetch_input_duration_ms=0
[2026-02-03 01:10:58.548] [info] [spider.worker] [TIMING] task_id=9941fc7d-801c-41c0-b6d0-72c2f6311f3d func=job_orchestration.executor.query.spider_search_task.search_without_channel input_send_start=510300756 input_send_end=510300756 input_send_duration_ms=0 bytes=612
[2026-02-03 01:10:58.548] [info] [spider.worker] [TIMING] task_id=9941fc7d-801c-41c0-b6d0-72c2f6311f3d func=job_orchestration.executor.query.spider_search_task.search_without_channel spawn_start=510300756 spawn_end=510300756 spawn_duration_ms=0
[2026-02-03 01:10:59.979] [info] [spider.worker] [TIMING] task_id=9941fc7d-801c-41c0-b6d0-72c2f6311f3d func=job_orchestration.executor.query.spider_search_task.search_without_channel execution_start=510300757 execution_end=510302187 execution_duration_ms=1430
[2026-02-03 01:10:59.991] [info] [spider.worker] [TIMING] task_id=9941fc7d-801c-41c0-b6d0-72c2f6311f3d func=job_orchestration.executor.query.spider_search_task.search_without_channel storage_connect_start=510302187 storage_connect_end=510302199 storage_connect_duration_ms=11 phase=handle_result
[2026-02-03 01:11:00.031] [info] [spider.worker] [TIMING] task_id=9941fc7d-801c-41c0-b6d0-72c2f6311f3d func=job_orchestration.executor.query.spider_search_task.search_without_channel submit_output_start=510302199 submit_output_end=510302240 submit_output_duration_ms=40
[2026-02-03 01:11:00.051] [info] [spider.worker] [TIMING] worker_id=3153beb6-f7b7-45c8-9fcf-c55af5037fbf task_id=a9bb769d-53ca-4d92-9172-efff347b1642 get_next_task request_start=510302242 connect_end=510302243 send_end=510302243 receive_end=510302243 connect_duration_ms=1 send_duration_ms=0 receive_duration_ms=0 total_duration_ms=1
[2026-02-03 01:11:00.053] [info] [spider.worker] [TIMING] task_id=a9bb769d-53ca-4d92-9172-efff347b1642 storage_connect_start=510302260 storage_connect_end=510302262 storage_connect_duration_ms=1 phase=pre_execution
[2026-02-03 01:11:00.054] [info] [spider.worker] [TIMING] task_id=a9bb769d-53ca-4d92-9172-efff347b1642 func=job_orchestration.executor.query.spider_search_task.search_without_channel fetch_input_start=510302262 fetch_input_end=510302263 fetch_input_duration_ms=0
[2026-02-03 01:11:00.055] [info] [spider.worker] [TIMING] task_id=a9bb769d-53ca-4d92-9172-efff347b1642 func=job_orchestration.executor.query.spider_search_task.search_without_channel input_send_start=510302263 input_send_end=510302263 input_send_duration_ms=0 bytes=612
[2026-02-03 01:11:00.055] [info] [spider.worker] [TIMING] task_id=a9bb769d-53ca-4d92-9172-efff347b1642 func=job_orchestration.executor.query.spider_search_task.search_without_channel spawn_start=510302263 spawn_end=510302263 spawn_duration_ms=0
[2026-02-03 01:11:01.273] [info] [spider.worker] [TIMING] task_id=a9bb769d-53ca-4d92-9172-efff347b1642 func=job_orchestration.executor.query.spider_search_task.search_without_channel execution_start=510302264 execution_end=510303482 execution_duration_ms=1218
[2026-02-03 01:11:01.276] [info] [spider.worker] [TIMING] task_id=a9bb769d-53ca-4d92-9172-efff347b1642 func=job_orchestration.executor.query.spider_search_task.search_without_channel storage_connect_start=510303482 storage_connect_end=510303484 storage_connect_duration_ms=2 phase=handle_result
[2026-02-03 01:11:01.319] [info] [spider.worker] [TIMING] task_id=a9bb769d-53ca-4d92-9172-efff347b1642 func=job_orchestration.executor.query.spider_search_task.search_without_channel submit_output_start=510303484 submit_output_end=510303527 submit_output_duration_ms=42
[2026-02-03 01:11:01.343] [info] [spider.worker] [TIMING] worker_id=3153beb6-f7b7-45c8-9fcf-c55af5037fbf task_id=32f1d820-05ba-4a66-aa96-54294fb2c6d6 get_next_task request_start=510303529 connect_end=510303531 send_end=510303531 receive_end=510303531 connect_duration_ms=1 send_duration_ms=0 receive_duration_ms=0 total_duration_ms=1
[2026-02-03 01:11:01.345] [info] [spider.worker] [TIMING] task_id=32f1d820-05ba-4a66-aa96-54294fb2c6d6 storage_connect_start=510303552 storage_connect_end=510303554 storage_connect_duration_ms=1 phase=pre_execution
[2026-02-03 01:11:01.346] [info] [spider.worker] [TIMING] task_id=32f1d820-05ba-4a66-aa96-54294fb2c6d6 func=job_orchestration.executor.query.spider_search_task.search_without_channel fetch_input_start=510303554 fetch_input_end=510303555 fetch_input_duration_ms=0
[2026-02-03 01:11:01.347] [info] [spider.worker] [TIMING] task_id=32f1d820-05ba-4a66-aa96-54294fb2c6d6 func=job_orchestration.executor.query.spider_search_task.search_without_channel input_send_start=510303555 input_send_end=510303555 input_send_duration_ms=0 bytes=612
[2026-02-03 01:11:01.347] [info] [spider.worker] [TIMING] task_id=32f1d820-05ba-4a66-aa96-54294fb2c6d6 func=job_orchestration.executor.query.spider_search_task.search_without_channel spawn_start=510303555 spawn_end=510303555 spawn_duration_ms=0
[2026-02-03 01:11:02.743] [info] [spider.worker] [TIMING] task_id=32f1d820-05ba-4a66-aa96-54294fb2c6d6 func=job_orchestration.executor.query.spider_search_task.search_without_channel execution_start=510303555 execution_end=510304952 execution_duration_ms=1396
[2026-02-03 01:11:02.755] [info] [spider.worker] [TIMING] task_id=32f1d820-05ba-4a66-aa96-54294fb2c6d6 func=job_orchestration.executor.query.spider_search_task.search_without_channel storage_connect_start=510304952 storage_connect_end=510304963 storage_connect_duration_ms=11 phase=handle_result
[2026-02-03 01:11:02.777] [info] [spider.worker] [TIMING] task_id=32f1d820-05ba-4a66-aa96-54294fb2c6d6 func=job_orchestration.executor.query.spider_search_task.search_without_channel submit_output_start=510304963 submit_output_end=510304985 submit_output_duration_ms=22
[2026-02-03 01:11:02.785] [info] [spider.worker] [TIMING] worker_id=3153beb6-f7b7-45c8-9fcf-c55af5037fbf task_id=e681535f-aac3-4225-8113-286776eaeabb get_next_task request_start=510304987 connect_end=510304988 send_end=510304988 receive_end=510304988 connect_duration_ms=1 send_duration_ms=0 receive_duration_ms=0 total_duration_ms=1
[2026-02-03 01:11:02.786] [info] [spider.worker] [TIMING] task_id=e681535f-aac3-4225-8113-286776eaeabb storage_connect_start=510304993 storage_connect_end=510304995 storage_connect_duration_ms=1 phase=pre_execution
[2026-02-03 01:11:02.787] [info] [spider.worker] [TIMING] task_id=e681535f-aac3-4225-8113-286776eaeabb func=job_orchestration.executor.query.spider_search_task.search_without_channel fetch_input_start=510304995 fetch_input_end=510304996 fetch_input_duration_ms=1
[2026-02-03 01:11:02.788] [info] [spider.worker] [TIMING] task_id=e681535f-aac3-4225-8113-286776eaeabb func=job_orchestration.executor.query.spider_search_task.search_without_channel input_send_start=510304996 input_send_end=510304996 input_send_duration_ms=0 bytes=612
[2026-02-03 01:11:02.788] [info] [spider.worker] [TIMING] task_id=e681535f-aac3-4225-8113-286776eaeabb func=job_orchestration.executor.query.spider_search_task.search_without_channel spawn_start=510304996 spawn_end=510304996 spawn_duration_ms=0
[2026-02-03 01:11:04.242] [info] [spider.worker] [TIMING] task_id=e681535f-aac3-4225-8113-286776eaeabb func=job_orchestration.executor.query.spider_search_task.search_without_channel execution_start=510304997 execution_end=510306450 execution_duration_ms=1453
[2026-02-03 01:11:04.244] [info] [spider.worker] [TIMING] task_id=e681535f-aac3-4225-8113-286776eaeabb func=job_orchestration.executor.query.spider_search_task.search_without_channel storage_connect_start=510306450 storage_connect_end=510306452 storage_connect_duration_ms=1 phase=handle_result
[2026-02-03 01:11:04.252] [info] [spider.worker] [TIMING] task_id=e681535f-aac3-4225-8113-286776eaeabb func=job_orchestration.executor.query.spider_search_task.search_without_channel submit_output_start=510306452 submit_output_end=510306460 submit_output_duration_ms=7
[2026-02-03 01:11:04.268] [info] [spider.worker] [TIMING] worker_id=3153beb6-f7b7-45c8-9fcf-c55af5037fbf task_id=7f0e0497-fd48-4102-8be6-c5a408c7288d get_next_task request_start=510306463 connect_end=510306464 send_end=510306464 receive_end=510306464 connect_duration_ms=1 send_duration_ms=0 receive_duration_ms=0 total_duration_ms=1
[2026-02-03 01:11:04.270] [info] [spider.worker] [TIMING] task_id=7f0e0497-fd48-4102-8be6-c5a408c7288d storage_connect_start=510306477 storage_connect_end=510306479 storage_connect_duration_ms=1 phase=pre_execution
[2026-02-03 01:11:04.272] [info] [spider.worker] [TIMING] task_id=7f0e0497-fd48-4102-8be6-c5a408c7288d func=job_orchestration.executor.query.spider_search_task.search_without_channel fetch_input_start=510306479 fetch_input_end=510306480 fetch_input_duration_ms=1
[2026-02-03 01:11:04.272] [info] [spider.worker] [TIMING] task_id=7f0e0497-fd48-4102-8be6-c5a408c7288d func=job_orchestration.executor.query.spider_search_task.search_without_channel input_send_start=510306481 input_send_end=510306481 input_send_duration_ms=0 bytes=612
[2026-02-03 01:11:04.272] [info] [spider.worker] [TIMING] task_id=7f0e0497-fd48-4102-8be6-c5a408c7288d func=job_orchestration.executor.query.spider_search_task.search_without_channel spawn_start=510306480 spawn_end=510306481 spawn_duration_ms=0
[2026-02-03 01:11:05.481] [info] [spider.worker] [TIMING] task_id=7f0e0497-fd48-4102-8be6-c5a408c7288d func=job_orchestration.executor.query.spider_search_task.search_without_channel execution_start=510306481 execution_end=510307689 execution_duration_ms=1208
[2026-02-03 01:11:05.483] [info] [spider.worker] [TIMING] task_id=7f0e0497-fd48-4102-8be6-c5a408c7288d func=job_orchestration.executor.query.spider_search_task.search_without_channel storage_connect_start=510307689 storage_connect_end=510307692 storage_connect_duration_ms=2 phase=handle_result
[2026-02-03 01:11:05.502] [info] [spider.worker] [TIMING] task_id=7f0e0497-fd48-4102-8be6-c5a408c7288d func=job_orchestration.executor.query.spider_search_task.search_without_channel submit_output_start=510307692 submit_output_end=510307711 submit_output_duration_ms=19
[2026-02-03 01:11:05.536] [info] [spider.worker] [TIMING] worker_id=3153beb6-f7b7-45c8-9fcf-c55af5037fbf task_id=e62e2f0e-4af6-4b8c-ae94-b2ef6325d89b get_next_task request_start=510307713 connect_end=510307715 send_end=510307715 receive_end=510307715 connect_duration_ms=1 send_duration_ms=0 receive_duration_ms=0 total_duration_ms=1
[2026-02-03 01:11:05.538] [info] [spider.worker] [TIMING] task_id=e62e2f0e-4af6-4b8c-ae94-b2ef6325d89b storage_connect_start=510307744 storage_connect_end=510307746 storage_connect_duration_ms=1 phase=pre_execution
[2026-02-03 01:11:05.539] [info] [spider.worker] [TIMING] task_id=e62e2f0e-4af6-4b8c-ae94-b2ef6325d89b func=job_orchestration.executor.query.spider_search_task.search_without_channel fetch_input_start=510307746 fetch_input_end=510307747 fetch_input_duration_ms=0
[2026-02-03 01:11:05.539] [info] [spider.worker] [TIMING] task_id=e62e2f0e-4af6-4b8c-ae94-b2ef6325d89b func=job_orchestration.executor.query.spider_search_task.search_without_channel input_send_start=510307748 input_send_end=510307748 input_send_duration_ms=0 bytes=612
[2026-02-03 01:11:05.539] [info] [spider.worker] [TIMING] task_id=e62e2f0e-4af6-4b8c-ae94-b2ef6325d89b func=job_orchestration.executor.query.spider_search_task.search_without_channel spawn_start=510307747 spawn_end=510307748 spawn_duration_ms=0
[2026-02-03 01:11:06.937] [info] [spider.worker] [TIMING] task_id=e62e2f0e-4af6-4b8c-ae94-b2ef6325d89b func=job_orchestration.executor.query.spider_search_task.search_without_channel execution_start=510307748 execution_end=510309145 execution_duration_ms=1397
[2026-02-03 01:11:06.949] [info] [spider.worker] [TIMING] task_id=e62e2f0e-4af6-4b8c-ae94-b2ef6325d89b func=job_orchestration.executor.query.spider_search_task.search_without_channel storage_connect_start=510309145 storage_connect_end=510309158 storage_connect_duration_ms=12 phase=handle_result
[2026-02-03 01:11:06.969] [info] [spider.worker] [TIMING] task_id=e62e2f0e-4af6-4b8c-ae94-b2ef6325d89b func=job_orchestration.executor.query.spider_search_task.search_without_channel submit_output_start=510309158 submit_output_end=510309177 submit_output_duration_ms=19
[2026-02-03 01:11:07.007] [info] [spider.worker] [TIMING] worker_id=3153beb6-f7b7-45c8-9fcf-c55af5037fbf task_id=9b7b9e9b-6ef6-42fa-a6a4-c1fa98ebaa7f get_next_task request_start=510309180 connect_end=510309181 send_end=510309181 receive_end=510309181 connect_duration_ms=1 send_duration_ms=0 receive_duration_ms=0 total_duration_ms=1
[2026-02-03 01:11:07.009] [info] [spider.worker] [TIMING] task_id=9b7b9e9b-6ef6-42fa-a6a4-c1fa98ebaa7f storage_connect_start=510309216 storage_connect_end=510309218 storage_connect_duration_ms=1 phase=pre_execution
[2026-02-03 01:11:07.010] [info] [spider.worker] [TIMING] task_id=9b7b9e9b-6ef6-42fa-a6a4-c1fa98ebaa7f func=job_orchestration.executor.query.spider_search_task.search_without_channel fetch_input_start=510309218 fetch_input_end=510309219 fetch_input_duration_ms=0
[2026-02-03 01:11:07.011] [info] [spider.worker] [TIMING] task_id=9b7b9e9b-6ef6-42fa-a6a4-c1fa98ebaa7f func=job_orchestration.executor.query.spider_search_task.search_without_channel input_send_start=510309219 input_send_end=510309219 input_send_duration_ms=0 bytes=612
[2026-02-03 01:11:07.011] [info] [spider.worker] [TIMING] task_id=9b7b9e9b-6ef6-42fa-a6a4-c1fa98ebaa7f func=job_orchestration.executor.query.spider_search_task.search_without_channel spawn_start=510309219 spawn_end=510309219 spawn_duration_ms=0
[2026-02-03 01:11:08.280] [info] [spider.worker] [TIMING] task_id=9b7b9e9b-6ef6-42fa-a6a4-c1fa98ebaa7f func=job_orchestration.executor.query.spider_search_task.search_without_channel execution_start=510309219 execution_end=510310489 execution_duration_ms=1269
[2026-02-03 01:11:08.282] [info] [spider.worker] [TIMING] task_id=9b7b9e9b-6ef6-42fa-a6a4-c1fa98ebaa7f func=job_orchestration.executor.query.spider_search_task.search_without_channel storage_connect_start=510310489 storage_connect_end=510310490 storage_connect_duration_ms=1 phase=handle_result
[2026-02-03 01:11:08.294] [info] [spider.worker] [TIMING] task_id=9b7b9e9b-6ef6-42fa-a6a4-c1fa98ebaa7f func=job_orchestration.executor.query.spider_search_task.search_without_channel submit_output_start=510310490 submit_output_end=510310503 submit_output_duration_ms=12
[2026-02-03 01:11:08.328] [info] [spider.worker] [TIMING] worker_id=3153beb6-f7b7-45c8-9fcf-c55af5037fbf task_id=fcddb7c7-f60e-4868-a5d1-594bfac4319c get_next_task request_start=510310504 connect_end=510310506 send_end=510310506 receive_end=510310506 connect_duration_ms=1 send_duration_ms=0 receive_duration_ms=0 total_duration_ms=1
[2026-02-03 01:11:08.330] [info] [spider.worker] [TIMING] task_id=fcddb7c7-f60e-4868-a5d1-594bfac4319c storage_connect_start=510310537 storage_connect_end=510310538 storage_connect_duration_ms=1 phase=pre_execution
[2026-02-03 01:11:08.331] [info] [spider.worker] [TIMING] task_id=fcddb7c7-f60e-4868-a5d1-594bfac4319c func=job_orchestration.executor.query.spider_search_task.search_without_channel fetch_input_start=510310538 fetch_input_end=510310539 fetch_input_duration_ms=0
[2026-02-03 01:11:08.332] [info] [spider.worker] [TIMING] task_id=fcddb7c7-f60e-4868-a5d1-594bfac4319c func=job_orchestration.executor.query.spider_search_task.search_without_channel input_send_start=510310540 input_send_end=510310540 input_send_duration_ms=0 bytes=612
[2026-02-03 01:11:08.332] [info] [spider.worker] [TIMING] task_id=fcddb7c7-f60e-4868-a5d1-594bfac4319c func=job_orchestration.executor.query.spider_search_task.search_without_channel spawn_start=510310539 spawn_end=510310540 spawn_duration_ms=0
[2026-02-03 01:11:09.663] [info] [spider.worker] [TIMING] task_id=fcddb7c7-f60e-4868-a5d1-594bfac4319c func=job_orchestration.executor.query.spider_search_task.search_without_channel execution_start=510310540 execution_end=510311872 execution_duration_ms=1331
[2026-02-03 01:11:09.665] [info] [spider.worker] [TIMING] task_id=fcddb7c7-f60e-4868-a5d1-594bfac4319c func=job_orchestration.executor.query.spider_search_task.search_without_channel storage_connect_start=510311872 storage_connect_end=510311874 storage_connect_duration_ms=1 phase=handle_result
[2026-02-03 01:11:09.678] [info] [spider.worker] [TIMING] task_id=fcddb7c7-f60e-4868-a5d1-594bfac4319c func=job_orchestration.executor.query.spider_search_task.search_without_channel submit_output_start=510311874 submit_output_end=510311886 submit_output_duration_ms=12
[2026-02-03 01:11:09.694] [info] [spider.worker] [TIMING] worker_id=3153beb6-f7b7-45c8-9fcf-c55af5037fbf task_id=a4c57eca-d073-49d7-a56f-58435ffe524e get_next_task request_start=510311889 connect_end=510311890 send_end=510311890 receive_end=510311890 connect_duration_ms=1 send_duration_ms=0 receive_duration_ms=0 total_duration_ms=1
[2026-02-03 01:11:09.696] [info] [spider.worker] [TIMING] task_id=a4c57eca-d073-49d7-a56f-58435ffe524e storage_connect_start=510311903 storage_connect_end=510311904 storage_connect_duration_ms=1 phase=pre_execution
[2026-02-03 01:11:09.697] [info] [spider.worker] [TIMING] task_id=a4c57eca-d073-49d7-a56f-58435ffe524e func=job_orchestration.executor.query.spider_search_task.search_without_channel fetch_input_start=510311904 fetch_input_end=510311905 fetch_input_duration_ms=0
[2026-02-03 01:11:09.698] [info] [spider.worker] [TIMING] task_id=a4c57eca-d073-49d7-a56f-58435ffe524e func=job_orchestration.executor.query.spider_search_task.search_without_channel input_send_start=510311906 input_send_end=510311906 input_send_duration_ms=0 bytes=612
[2026-02-03 01:11:09.698] [info] [spider.worker] [TIMING] task_id=a4c57eca-d073-49d7-a56f-58435ffe524e func=job_orchestration.executor.query.spider_search_task.search_without_channel spawn_start=510311905 spawn_end=510311906 spawn_duration_ms=0
[2026-02-03 01:11:11.002] [info] [spider.worker] [TIMING] task_id=a4c57eca-d073-49d7-a56f-58435ffe524e func=job_orchestration.executor.query.spider_search_task.search_without_channel execution_start=510311906 execution_end=510313210 execution_duration_ms=1304
[2026-02-03 01:11:11.026] [info] [spider.worker] [TIMING] task_id=a4c57eca-d073-49d7-a56f-58435ffe524e func=job_orchestration.executor.query.spider_search_task.search_without_channel storage_connect_start=510313210 storage_connect_end=510313234 storage_connect_duration_ms=24 phase=handle_result
[2026-02-03 01:11:11.067] [info] [spider.worker] [TIMING] task_id=a4c57eca-d073-49d7-a56f-58435ffe524e func=job_orchestration.executor.query.spider_search_task.search_without_channel submit_output_start=510313234 submit_output_end=510313275 submit_output_duration_ms=40
[2026-02-03 01:11:11.109] [info] [spider.worker] [TIMING] worker_id=3153beb6-f7b7-45c8-9fcf-c55af5037fbf task_id=ea56d39d-95f3-4a1f-9e51-7ecac339e752 get_next_task request_start=510313277 connect_end=510313279 send_end=510313279 receive_end=510313279 connect_duration_ms=1 send_duration_ms=0 receive_duration_ms=0 total_duration_ms=1
[2026-02-03 01:11:11.110] [info] [spider.worker] [TIMING] task_id=ea56d39d-95f3-4a1f-9e51-7ecac339e752 storage_connect_start=510313317 storage_connect_end=510313319 storage_connect_duration_ms=1 phase=pre_execution
[2026-02-03 01:11:11.112] [info] [spider.worker] [TIMING] task_id=ea56d39d-95f3-4a1f-9e51-7ecac339e752 func=job_orchestration.executor.query.spider_search_task.search_without_channel fetch_input_start=510313319 fetch_input_end=510313320 fetch_input_duration_ms=1
[2026-02-03 01:11:11.112] [info] [spider.worker] [TIMING] task_id=ea56d39d-95f3-4a1f-9e51-7ecac339e752 func=job_orchestration.executor.query.spider_search_task.search_without_channel input_send_start=510313320 input_send_end=510313320 input_send_duration_ms=0 bytes=612
[2026-02-03 01:11:11.112] [info] [spider.worker] [TIMING] task_id=ea56d39d-95f3-4a1f-9e51-7ecac339e752 func=job_orchestration.executor.query.spider_search_task.search_without_channel spawn_start=510313320 spawn_end=510313320 spawn_duration_ms=0
[2026-02-03 01:11:12.467] [info] [spider.worker] [TIMING] task_id=ea56d39d-95f3-4a1f-9e51-7ecac339e752 func=job_orchestration.executor.query.spider_search_task.search_without_channel execution_start=510313321 execution_end=510314675 execution_duration_ms=1354
[2026-02-03 01:11:12.469] [info] [spider.worker] [TIMING] task_id=ea56d39d-95f3-4a1f-9e51-7ecac339e752 func=job_orchestration.executor.query.spider_search_task.search_without_channel storage_connect_start=510314675 storage_connect_end=510314677 storage_connect_duration_ms=2 phase=handle_result
[2026-02-03 01:11:12.495] [info] [spider.worker] [TIMING] task_id=ea56d39d-95f3-4a1f-9e51-7ecac339e752 func=job_orchestration.executor.query.spider_search_task.search_without_channel submit_output_start=510314677 submit_output_end=510314703 submit_output_duration_ms=25
[2026-02-03 01:11:12.545] [info] [spider.worker] [TIMING] worker_id=3153beb6-f7b7-45c8-9fcf-c55af5037fbf task_id=3dc910f1-6717-44a3-910a-e0a5f4f69761 get_next_task request_start=510314705 connect_end=510314707 send_end=510314707 receive_end=510314707 connect_duration_ms=1 send_duration_ms=0 receive_duration_ms=0 total_duration_ms=1
[2026-02-03 01:11:12.547] [info] [spider.worker] [TIMING] task_id=3dc910f1-6717-44a3-910a-e0a5f4f69761 storage_connect_start=510314754 storage_connect_end=510314755 storage_connect_duration_ms=1 phase=pre_execution
[2026-02-03 01:11:12.548] [info] [spider.worker] [TIMING] task_id=3dc910f1-6717-44a3-910a-e0a5f4f69761 func=job_orchestration.executor.query.spider_search_task.search_without_channel fetch_input_start=510314755 fetch_input_end=510314756 fetch_input_duration_ms=0
[2026-02-03 01:11:12.549] [info] [spider.worker] [TIMING] task_id=3dc910f1-6717-44a3-910a-e0a5f4f69761 func=job_orchestration.executor.query.spider_search_task.search_without_channel input_send_start=510314757 input_send_end=510314757 input_send_duration_ms=0 bytes=612
[2026-02-03 01:11:12.549] [info] [spider.worker] [TIMING] task_id=3dc910f1-6717-44a3-910a-e0a5f4f69761 func=job_orchestration.executor.query.spider_search_task.search_without_channel spawn_start=510314756 spawn_end=510314757 spawn_duration_ms=0
[2026-02-03 01:11:13.984] [info] [spider.worker] [TIMING] task_id=3dc910f1-6717-44a3-910a-e0a5f4f69761 func=job_orchestration.executor.query.spider_search_task.search_without_channel execution_start=510314757 execution_end=510316193 execution_duration_ms=1435
[2026-02-03 01:11:13.986] [info] [spider.worker] [TIMING] task_id=3dc910f1-6717-44a3-910a-e0a5f4f69761 func=job_orchestration.executor.query.spider_search_task.search_without_channel storage_connect_start=510316193 storage_connect_end=510316195 storage_connect_duration_ms=2 phase=handle_result
[2026-02-03 01:11:13.995] [info] [spider.worker] [TIMING] task_id=3dc910f1-6717-44a3-910a-e0a5f4f69761 func=job_orchestration.executor.query.spider_search_task.search_without_channel submit_output_start=510316195 submit_output_end=510316203 submit_output_duration_ms=8
[2026-02-03 01:11:14.012] [info] [spider.worker] [TIMING] worker_id=3153beb6-f7b7-45c8-9fcf-c55af5037fbf task_id=793f8204-7fdd-4768-9bda-dd300071e90d get_next_task request_start=510316206 connect_end=510316212 send_end=510316212 receive_end=510316213 connect_duration_ms=6 send_duration_ms=0 receive_duration_ms=1 total_duration_ms=7
[2026-02-03 01:11:14.017] [info] [spider.worker] [TIMING] task_id=793f8204-7fdd-4768-9bda-dd300071e90d storage_connect_start=510316220 storage_connect_end=510316225 storage_connect_duration_ms=4 phase=pre_execution
[2026-02-03 01:11:14.018] [info] [spider.worker] [TIMING] task_id=793f8204-7fdd-4768-9bda-dd300071e90d func=job_orchestration.executor.query.spider_search_task.search_without_channel fetch_input_start=510316225 fetch_input_end=510316226 fetch_input_duration_ms=1
[2026-02-03 01:11:14.018] [info] [spider.worker] [TIMING] task_id=793f8204-7fdd-4768-9bda-dd300071e90d func=job_orchestration.executor.query.spider_search_task.search_without_channel input_send_start=510316227 input_send_end=510316227 input_send_duration_ms=0 bytes=612
[2026-02-03 01:11:14.018] [info] [spider.worker] [TIMING] task_id=793f8204-7fdd-4768-9bda-dd300071e90d func=job_orchestration.executor.query.spider_search_task.search_without_channel spawn_start=510316226 spawn_end=510316227 spawn_duration_ms=0
[2026-02-03 01:11:15.191] [info] [spider.worker] [TIMING] task_id=793f8204-7fdd-4768-9bda-dd300071e90d func=job_orchestration.executor.query.spider_search_task.search_without_channel execution_start=510316227 execution_end=510317400 execution_duration_ms=1172
[2026-02-03 01:11:15.193] [info] [spider.worker] [TIMING] task_id=793f8204-7fdd-4768-9bda-dd300071e90d func=job_orchestration.executor.query.spider_search_task.search_without_channel storage_connect_start=510317400 storage_connect_end=510317402 storage_connect_duration_ms=1 phase=handle_result
[2026-02-03 01:11:15.219] [info] [spider.worker] [TIMING] task_id=793f8204-7fdd-4768-9bda-dd300071e90d func=job_orchestration.executor.query.spider_search_task.search_without_channel submit_output_start=510317402 submit_output_end=510317427 submit_output_duration_ms=25
[2026-02-03 01:11:15.269] [info] [spider.worker] [TIMING] worker_id=3153beb6-f7b7-45c8-9fcf-c55af5037fbf task_id=5dad7a0c-1cb2-45b4-8522-d84eb8be53ef get_next_task request_start=510317429 connect_end=510317430 send_end=510317430 receive_end=510317430 connect_duration_ms=1 send_duration_ms=0 receive_duration_ms=0 total_duration_ms=1
[2026-02-03 01:11:15.271] [info] [spider.worker] [TIMING] task_id=5dad7a0c-1cb2-45b4-8522-d84eb8be53ef storage_connect_start=510317478 storage_connect_end=510317480 storage_connect_duration_ms=1 phase=pre_execution
[2026-02-03 01:11:15.272] [info] [spider.worker] [TIMING] task_id=5dad7a0c-1cb2-45b4-8522-d84eb8be53ef func=job_orchestration.executor.query.spider_search_task.search_without_channel fetch_input_start=510317480 fetch_input_end=510317481 fetch_input_duration_ms=1
[2026-02-03 01:11:15.273] [info] [spider.worker] [TIMING] task_id=5dad7a0c-1cb2-45b4-8522-d84eb8be53ef func=job_orchestration.executor.query.spider_search_task.search_without_channel input_send_start=510317481 input_send_end=510317481 input_send_duration_ms=0 bytes=612
[2026-02-03 01:11:15.273] [info] [spider.worker] [TIMING] task_id=5dad7a0c-1cb2-45b4-8522-d84eb8be53ef func=job_orchestration.executor.query.spider_search_task.search_without_channel spawn_start=510317481 spawn_end=510317481 spawn_duration_ms=0
[2026-02-03 01:11:16.616] [info] [spider.worker] [TIMING] task_id=5dad7a0c-1cb2-45b4-8522-d84eb8be53ef func=job_orchestration.executor.query.spider_search_task.search_without_channel execution_start=510317482 execution_end=510318825 execution_duration_ms=1343
[2026-02-03 01:11:16.618] [info] [spider.worker] [TIMING] task_id=5dad7a0c-1cb2-45b4-8522-d84eb8be53ef func=job_orchestration.executor.query.spider_search_task.search_without_channel storage_connect_start=510318825 storage_connect_end=510318827 storage_connect_duration_ms=1 phase=handle_result
[2026-02-03 01:11:16.629] [info] [spider.worker] [TIMING] task_id=5dad7a0c-1cb2-45b4-8522-d84eb8be53ef func=job_orchestration.executor.query.spider_search_task.search_without_channel submit_output_start=510318827 submit_output_end=510318837 submit_output_duration_ms=10
[2026-02-03 01:11:16.646] [info] [spider.worker] [TIMING] worker_id=3153beb6-f7b7-45c8-9fcf-c55af5037fbf task_id=9ca10e1e-263b-4223-8577-c7387b61116d get_next_task request_start=510318839 connect_end=510318841 send_end=510318841 receive_end=510318841 connect_duration_ms=1 send_duration_ms=0 receive_duration_ms=0 total_duration_ms=1
[2026-02-03 01:11:16.648] [info] [spider.worker] [TIMING] task_id=9ca10e1e-263b-4223-8577-c7387b61116d storage_connect_start=510318854 storage_connect_end=510318856 storage_connect_duration_ms=1 phase=pre_execution
[2026-02-03 01:11:16.649] [info] [spider.worker] [TIMING] task_id=9ca10e1e-263b-4223-8577-c7387b61116d func=job_orchestration.executor.query.spider_search_task.search_without_channel fetch_input_start=510318856 fetch_input_end=510318857 fetch_input_duration_ms=1
[2026-02-03 01:11:16.649] [info] [spider.worker] [TIMING] task_id=9ca10e1e-263b-4223-8577-c7387b61116d func=job_orchestration.executor.query.spider_search_task.search_without_channel input_send_start=510318858 input_send_end=510318858 input_send_duration_ms=0 bytes=612
[2026-02-03 01:11:16.649] [info] [spider.worker] [TIMING] task_id=9ca10e1e-263b-4223-8577-c7387b61116d func=job_orchestration.executor.query.spider_search_task.search_without_channel spawn_start=510318857 spawn_end=510318858 spawn_duration_ms=0
[2026-02-03 01:11:17.928] [info] [spider.worker] [TIMING] task_id=9ca10e1e-263b-4223-8577-c7387b61116d func=job_orchestration.executor.query.spider_search_task.search_without_channel execution_start=510318858 execution_end=510320136 execution_duration_ms=1278
[2026-02-03 01:11:17.929] [info] [spider.worker] [TIMING] task_id=9ca10e1e-263b-4223-8577-c7387b61116d func=job_orchestration.executor.query.spider_search_task.search_without_channel storage_connect_start=510320136 storage_connect_end=510320138 storage_connect_duration_ms=1 phase=handle_result
[2026-02-03 01:11:17.959] [info] [spider.worker] [TIMING] task_id=9ca10e1e-263b-4223-8577-c7387b61116d func=job_orchestration.executor.query.spider_search_task.search_without_channel submit_output_start=510320138 submit_output_end=510320167 submit_output_duration_ms=29
[2026-02-03 01:11:17.979] [info] [spider.worker] [TIMING] worker_id=3153beb6-f7b7-45c8-9fcf-c55af5037fbf task_id=3b4097ad-9499-413e-b90c-5f2b4d5e9a78 get_next_task request_start=510320169 connect_end=510320170 send_end=510320170 receive_end=510320170 connect_duration_ms=1 send_duration_ms=0 receive_duration_ms=0 total_duration_ms=1
[2026-02-03 01:11:17.981] [info] [spider.worker] [TIMING] task_id=3b4097ad-9499-413e-b90c-5f2b4d5e9a78 storage_connect_start=510320188 storage_connect_end=510320189 storage_connect_duration_ms=1 phase=pre_execution
[2026-02-03 01:11:17.982] [info] [spider.worker] [TIMING] task_id=3b4097ad-9499-413e-b90c-5f2b4d5e9a78 func=job_orchestration.executor.query.spider_search_task.search_without_channel fetch_input_start=510320189 fetch_input_end=510320190 fetch_input_duration_ms=0
[2026-02-03 01:11:17.982] [info] [spider.worker] [TIMING] task_id=3b4097ad-9499-413e-b90c-5f2b4d5e9a78 func=job_orchestration.executor.query.spider_search_task.search_without_channel input_send_start=510320191 input_send_end=510320191 input_send_duration_ms=0 bytes=612
[2026-02-03 01:11:17.982] [info] [spider.worker] [TIMING] task_id=3b4097ad-9499-413e-b90c-5f2b4d5e9a78 func=job_orchestration.executor.query.spider_search_task.search_without_channel spawn_start=510320190 spawn_end=510320191 spawn_duration_ms=0
[2026-02-03 01:11:19.220] [info] [spider.worker] [TIMING] task_id=3b4097ad-9499-413e-b90c-5f2b4d5e9a78 func=job_orchestration.executor.query.spider_search_task.search_without_channel execution_start=510320191 execution_end=510321428 execution_duration_ms=1236
[2026-02-03 01:11:19.221] [info] [spider.worker] [TIMING] task_id=3b4097ad-9499-413e-b90c-5f2b4d5e9a78 func=job_orchestration.executor.query.spider_search_task.search_without_channel storage_connect_start=510321428 storage_connect_end=510321430 storage_connect_duration_ms=1 phase=handle_result
[2026-02-03 01:11:19.254] [info] [spider.worker] [TIMING] task_id=3b4097ad-9499-413e-b90c-5f2b4d5e9a78 func=job_orchestration.executor.query.spider_search_task.search_without_channel submit_output_start=510321430 submit_output_end=510321462 submit_output_duration_ms=32
[2026-02-03 01:11:19.312] [info] [spider.worker] [TIMING] worker_id=3153beb6-f7b7-45c8-9fcf-c55af5037fbf task_id=61f7ec8a-b28e-46be-891c-93e66820d514 get_next_task request_start=510321464 connect_end=510321465 send_end=510321465 receive_end=510321465 connect_duration_ms=1 send_duration_ms=0 receive_duration_ms=0 total_duration_ms=1
[2026-02-03 01:11:19.314] [info] [spider.worker] [TIMING] task_id=61f7ec8a-b28e-46be-891c-93e66820d514 storage_connect_start=510321521 storage_connect_end=510321522 storage_connect_duration_ms=1 phase=pre_execution
[2026-02-03 01:11:19.315] [info] [spider.worker] [TIMING] task_id=61f7ec8a-b28e-46be-891c-93e66820d514 func=job_orchestration.executor.query.spider_search_task.search_without_channel fetch_input_start=510321522 fetch_input_end=510321523 fetch_input_duration_ms=1
[2026-02-03 01:11:19.316] [info] [spider.worker] [TIMING] task_id=61f7ec8a-b28e-46be-891c-93e66820d514 func=job_orchestration.executor.query.spider_search_task.search_without_channel input_send_start=510321524 input_send_end=510321524 input_send_duration_ms=0 bytes=612
[2026-02-03 01:11:19.316] [info] [spider.worker] [TIMING] task_id=61f7ec8a-b28e-46be-891c-93e66820d514 func=job_orchestration.executor.query.spider_search_task.search_without_channel spawn_start=510321524 spawn_end=510321524 spawn_duration_ms=0
[2026-02-03 01:11:20.793] [info] [spider.worker] [TIMING] task_id=61f7ec8a-b28e-46be-891c-93e66820d514 func=job_orchestration.executor.query.spider_search_task.search_without_channel execution_start=510321524 execution_end=510323001 execution_duration_ms=1476
[2026-02-03 01:11:20.795] [info] [spider.worker] [TIMING] task_id=61f7ec8a-b28e-46be-891c-93e66820d514 func=job_orchestration.executor.query.spider_search_task.search_without_channel storage_connect_start=510323001 storage_connect_end=510323003 storage_connect_duration_ms=2 phase=handle_result
[2026-02-03 01:11:20.830] [info] [spider.worker] [TIMING] task_id=61f7ec8a-b28e-46be-891c-93e66820d514 func=job_orchestration.executor.query.spider_search_task.search_without_channel submit_output_start=510323003 submit_output_end=510323038 submit_output_duration_ms=34
[2026-02-03 01:11:20.846] [info] [spider.worker] [TIMING] worker_id=3153beb6-f7b7-45c8-9fcf-c55af5037fbf task_id=01e5c6f3-d863-42a8-b7a7-c3068865d4c0 get_next_task request_start=510323040 connect_end=510323042 send_end=510323042 receive_end=510323042 connect_duration_ms=1 send_duration_ms=0 receive_duration_ms=0 total_duration_ms=1
[2026-02-03 01:11:20.848] [info] [spider.worker] [TIMING] task_id=01e5c6f3-d863-42a8-b7a7-c3068865d4c0 storage_connect_start=510323055 storage_connect_end=510323057 storage_connect_duration_ms=1 phase=pre_execution
[2026-02-03 01:11:20.850] [info] [spider.worker] [TIMING] task_id=01e5c6f3-d863-42a8-b7a7-c3068865d4c0 func=job_orchestration.executor.query.spider_search_task.search_without_channel fetch_input_start=510323057 fetch_input_end=510323058 fetch_input_duration_ms=1
[2026-02-03 01:11:20.850] [info] [spider.worker] [TIMING] task_id=01e5c6f3-d863-42a8-b7a7-c3068865d4c0 func=job_orchestration.executor.query.spider_search_task.search_without_channel input_send_start=510323059 input_send_end=510323059 input_send_duration_ms=0 bytes=612
[2026-02-03 01:11:20.850] [info] [spider.worker] [TIMING] task_id=01e5c6f3-d863-42a8-b7a7-c3068865d4c0 func=job_orchestration.executor.query.spider_search_task.search_without_channel spawn_start=510323058 spawn_end=510323059 spawn_duration_ms=0
[2026-02-03 01:11:22.242] [info] [spider.worker] [TIMING] task_id=01e5c6f3-d863-42a8-b7a7-c3068865d4c0 func=job_orchestration.executor.query.spider_search_task.search_without_channel execution_start=510323059 execution_end=510324450 execution_duration_ms=1391
[2026-02-03 01:11:22.244] [info] [spider.worker] [TIMING] task_id=01e5c6f3-d863-42a8-b7a7-c3068865d4c0 func=job_orchestration.executor.query.spider_search_task.search_without_channel storage_connect_start=510324450 storage_connect_end=510324452 storage_connect_duration_ms=1 phase=handle_result
[2026-02-03 01:11:22.278] [info] [spider.worker] [TIMING] task_id=01e5c6f3-d863-42a8-b7a7-c3068865d4c0 func=job_orchestration.executor.query.spider_search_task.search_without_channel submit_output_start=510324452 submit_output_end=510324486 submit_output_duration_ms=34
[2026-02-03 01:11:22.297] [info] [spider.worker] [TIMING] worker_id=3153beb6-f7b7-45c8-9fcf-c55af5037fbf task_id=951effa1-f737-44fb-8f30-6eca3dc64753 get_next_task request_start=510324489 connect_end=510324490 send_end=510324490 receive_end=510324490 connect_duration_ms=1 send_duration_ms=0 receive_duration_ms=0 total_duration_ms=1
[2026-02-03 01:11:22.298] [info] [spider.worker] [TIMING] task_id=951effa1-f737-44fb-8f30-6eca3dc64753 storage_connect_start=510324505 storage_connect_end=510324507 storage_connect_duration_ms=1 phase=pre_execution
[2026-02-03 01:11:22.299] [info] [spider.worker] [TIMING] task_id=951effa1-f737-44fb-8f30-6eca3dc64753 func=job_orchestration.executor.query.spider_search_task.search_without_channel fetch_input_start=510324507 fetch_input_end=510324508 fetch_input_duration_ms=0
[2026-02-03 01:11:22.300] [info] [spider.worker] [TIMING] task_id=951effa1-f737-44fb-8f30-6eca3dc64753 func=job_orchestration.executor.query.spider_search_task.search_without_channel input_send_start=510324508 input_send_end=510324508 input_send_duration_ms=0 bytes=612
[2026-02-03 01:11:22.300] [info] [spider.worker] [TIMING] task_id=951effa1-f737-44fb-8f30-6eca3dc64753 func=job_orchestration.executor.query.spider_search_task.search_without_channel spawn_start=510324508 spawn_end=510324508 spawn_duration_ms=0
[2026-02-03 01:11:23.575] [info] [spider.worker] [TIMING] task_id=951effa1-f737-44fb-8f30-6eca3dc64753 func=job_orchestration.executor.query.spider_search_task.search_without_channel execution_start=510324508 execution_end=510325783 execution_duration_ms=1274
[2026-02-03 01:11:23.577] [info] [spider.worker] [TIMING] task_id=951effa1-f737-44fb-8f30-6eca3dc64753 func=job_orchestration.executor.query.spider_search_task.search_without_channel storage_connect_start=510325783 storage_connect_end=510325785 storage_connect_duration_ms=1 phase=handle_result
[2026-02-03 01:11:23.589] [info] [spider.worker] [TIMING] task_id=951effa1-f737-44fb-8f30-6eca3dc64753 func=job_orchestration.executor.query.spider_search_task.search_without_channel submit_output_start=510325785 submit_output_end=510325797 submit_output_duration_ms=12
[2026-02-03 01:11:23.605] [info] [spider.worker] [TIMING] worker_id=3153beb6-f7b7-45c8-9fcf-c55af5037fbf task_id=57d5c0a6-cba9-42e8-8019-74e9d69bd2c2 get_next_task request_start=510325799 connect_end=510325801 send_end=510325801 receive_end=510325801 connect_duration_ms=1 send_duration_ms=0 receive_duration_ms=0 total_duration_ms=1
[2026-02-03 01:11:23.607] [info] [spider.worker] [TIMING] task_id=57d5c0a6-cba9-42e8-8019-74e9d69bd2c2 storage_connect_start=510325814 storage_connect_end=510325816 storage_connect_duration_ms=1 phase=pre_execution
[2026-02-03 01:11:23.608] [info] [spider.worker] [TIMING] task_id=57d5c0a6-cba9-42e8-8019-74e9d69bd2c2 func=job_orchestration.executor.query.spider_search_task.search_without_channel fetch_input_start=510325816 fetch_input_end=510325817 fetch_input_duration_ms=1
[2026-02-03 01:11:23.609] [info] [spider.worker] [TIMING] task_id=57d5c0a6-cba9-42e8-8019-74e9d69bd2c2 func=job_orchestration.executor.query.spider_search_task.search_without_channel input_send_start=510325817 input_send_end=510325817 input_send_duration_ms=0 bytes=612
[2026-02-03 01:11:23.609] [info] [spider.worker] [TIMING] task_id=57d5c0a6-cba9-42e8-8019-74e9d69bd2c2 func=job_orchestration.executor.query.spider_search_task.search_without_channel spawn_start=510325817 spawn_end=510325817 spawn_duration_ms=0
[2026-02-03 01:11:25.144] [info] [spider.worker] [TIMING] task_id=57d5c0a6-cba9-42e8-8019-74e9d69bd2c2 func=job_orchestration.executor.query.spider_search_task.search_without_channel execution_start=510325818 execution_end=510327353 execution_duration_ms=1535
[2026-02-03 01:11:25.146] [info] [spider.worker] [TIMING] task_id=57d5c0a6-cba9-42e8-8019-74e9d69bd2c2 func=job_orchestration.executor.query.spider_search_task.search_without_channel storage_connect_start=510327353 storage_connect_end=510327354 storage_connect_duration_ms=1 phase=handle_result
[2026-02-03 01:11:25.197] [info] [spider.worker] [TIMING] task_id=57d5c0a6-cba9-42e8-8019-74e9d69bd2c2 func=job_orchestration.executor.query.spider_search_task.search_without_channel submit_output_start=510327354 submit_output_end=510327405 submit_output_duration_ms=51
[2026-02-03 01:11:25.247] [info] [spider.worker] [TIMING] worker_id=3153beb6-f7b7-45c8-9fcf-c55af5037fbf task_id=1e189d8c-a92f-4950-a946-52fbcdbd1ee6 get_next_task request_start=510327407 connect_end=510327409 send_end=510327409 receive_end=510327409 connect_duration_ms=1 send_duration_ms=0 receive_duration_ms=0 total_duration_ms=1
[2026-02-03 01:11:25.249] [info] [spider.worker] [TIMING] task_id=1e189d8c-a92f-4950-a946-52fbcdbd1ee6 storage_connect_start=510327456 storage_connect_end=510327457 storage_connect_duration_ms=1 phase=pre_execution
[2026-02-03 01:11:25.250] [info] [spider.worker] [TIMING] task_id=1e189d8c-a92f-4950-a946-52fbcdbd1ee6 func=job_orchestration.executor.query.spider_search_task.search_without_channel fetch_input_start=510327457 fetch_input_end=510327458 fetch_input_duration_ms=1
[2026-02-03 01:11:25.250] [info] [spider.worker] [TIMING] task_id=1e189d8c-a92f-4950-a946-52fbcdbd1ee6 func=job_orchestration.executor.query.spider_search_task.search_without_channel input_send_start=510327459 input_send_end=510327459 input_send_duration_ms=0 bytes=612
[2026-02-03 01:11:25.250] [info] [spider.worker] [TIMING] task_id=1e189d8c-a92f-4950-a946-52fbcdbd1ee6 func=job_orchestration.executor.query.spider_search_task.search_without_channel spawn_start=510327458 spawn_end=510327459 spawn_duration_ms=0
[2026-02-03 01:11:26.665] [info] [spider.worker] [TIMING] task_id=1e189d8c-a92f-4950-a946-52fbcdbd1ee6 func=job_orchestration.executor.query.spider_search_task.search_without_channel execution_start=510327459 execution_end=510328873 execution_duration_ms=1414
[2026-02-03 01:11:26.667] [info] [spider.worker] [TIMING] task_id=1e189d8c-a92f-4950-a946-52fbcdbd1ee6 func=job_orchestration.executor.query.spider_search_task.search_without_channel storage_connect_start=510328873 storage_connect_end=510328875 storage_connect_duration_ms=2 phase=handle_result
[2026-02-03 01:11:26.673] [info] [spider.worker] [TIMING] task_id=1e189d8c-a92f-4950-a946-52fbcdbd1ee6 func=job_orchestration.executor.query.spider_search_task.search_without_channel submit_output_start=510328875 submit_output_end=510328881 submit_output_duration_ms=5
[2026-02-03 01:11:26.689] [info] [spider.worker] [TIMING] worker_id=3153beb6-f7b7-45c8-9fcf-c55af5037fbf task_id=e9cd87b8-d629-459a-af35-687d0cd674da get_next_task request_start=510328883 connect_end=510328885 send_end=510328885 receive_end=510328885 connect_duration_ms=1 send_duration_ms=0 receive_duration_ms=0 total_duration_ms=1
[2026-02-03 01:11:26.691] [info] [spider.worker] [TIMING] task_id=e9cd87b8-d629-459a-af35-687d0cd674da storage_connect_start=510328898 storage_connect_end=510328899 storage_connect_duration_ms=1 phase=pre_execution
[2026-02-03 01:11:26.692] [info] [spider.worker] [TIMING] task_id=e9cd87b8-d629-459a-af35-687d0cd674da func=job_orchestration.executor.query.spider_search_task.search_without_channel fetch_input_start=510328899 fetch_input_end=510328900 fetch_input_duration_ms=0
[2026-02-03 01:11:26.692] [info] [spider.worker] [TIMING] task_id=e9cd87b8-d629-459a-af35-687d0cd674da func=job_orchestration.executor.query.spider_search_task.search_without_channel input_send_start=510328901 input_send_end=510328901 input_send_duration_ms=0 bytes=612
[2026-02-03 01:11:26.692] [info] [spider.worker] [TIMING] task_id=e9cd87b8-d629-459a-af35-687d0cd674da func=job_orchestration.executor.query.spider_search_task.search_without_channel spawn_start=510328900 spawn_end=510328901 spawn_duration_ms=0
[2026-02-03 01:11:27.984] [info] [spider.worker] [TIMING] task_id=e9cd87b8-d629-459a-af35-687d0cd674da func=job_orchestration.executor.query.spider_search_task.search_without_channel execution_start=510328901 execution_end=510330192 execution_duration_ms=1291
[2026-02-03 01:11:27.986] [info] [spider.worker] [TIMING] task_id=e9cd87b8-d629-459a-af35-687d0cd674da func=job_orchestration.executor.query.spider_search_task.search_without_channel storage_connect_start=510330192 storage_connect_end=510330194 storage_connect_duration_ms=2 phase=handle_result
[2026-02-03 01:11:27.998] [info] [spider.worker] [TIMING] task_id=e9cd87b8-d629-459a-af35-687d0cd674da func=job_orchestration.executor.query.spider_search_task.search_without_channel submit_output_start=510330194 submit_output_end=510330206 submit_output_duration_ms=11
[2026-02-03 01:11:28.023] [info] [spider.worker] [TIMING] worker_id=3153beb6-f7b7-45c8-9fcf-c55af5037fbf task_id=d8b1a3ba-21d9-49df-85fa-2d9d6ee90fa8 get_next_task request_start=510330209 connect_end=510330210 send_end=510330210 receive_end=510330210 connect_duration_ms=1 send_duration_ms=0 receive_duration_ms=0 total_duration_ms=1
[2026-02-03 01:11:28.025] [info] [spider.worker] [TIMING] task_id=d8b1a3ba-21d9-49df-85fa-2d9d6ee90fa8 storage_connect_start=510330231 storage_connect_end=510330233 storage_connect_duration_ms=1 phase=pre_execution
[2026-02-03 01:11:28.026] [info] [spider.worker] [TIMING] task_id=d8b1a3ba-21d9-49df-85fa-2d9d6ee90fa8 func=job_orchestration.executor.query.spider_search_task.search_without_channel fetch_input_start=510330233 fetch_input_end=510330234 fetch_input_duration_ms=1
[2026-02-03 01:11:28.027] [info] [spider.worker] [TIMING] task_id=d8b1a3ba-21d9-49df-85fa-2d9d6ee90fa8 func=job_orchestration.executor.query.spider_search_task.search_without_channel input_send_start=510330235 input_send_end=510330235 input_send_duration_ms=0 bytes=612
[2026-02-03 01:11:28.027] [info] [spider.worker] [TIMING] task_id=d8b1a3ba-21d9-49df-85fa-2d9d6ee90fa8 func=job_orchestration.executor.query.spider_search_task.search_without_channel spawn_start=510330235 spawn_end=510330235 spawn_duration_ms=0
[2026-02-03 01:11:29.658] [info] [spider.worker] [TIMING] task_id=d8b1a3ba-21d9-49df-85fa-2d9d6ee90fa8 func=job_orchestration.executor.query.spider_search_task.search_without_channel execution_start=510330236 execution_end=510331866 execution_duration_ms=1630
[2026-02-03 01:11:29.660] [info] [spider.worker] [TIMING] task_id=d8b1a3ba-21d9-49df-85fa-2d9d6ee90fa8 func=job_orchestration.executor.query.spider_search_task.search_without_channel storage_connect_start=510331866 storage_connect_end=510331868 storage_connect_duration_ms=1 phase=handle_result
[2026-02-03 01:11:29.681] [info] [spider.worker] [TIMING] task_id=d8b1a3ba-21d9-49df-85fa-2d9d6ee90fa8 func=job_orchestration.executor.query.spider_search_task.search_without_channel submit_output_start=510331868 submit_output_end=510331890 submit_output_duration_ms=21
[2026-02-03 01:11:29.723] [info] [spider.worker] [TIMING] worker_id=3153beb6-f7b7-45c8-9fcf-c55af5037fbf task_id=67a5f186-2559-4f94-b48f-c24bdbcc93dc get_next_task request_start=510331892 connect_end=510331893 send_end=510331893 receive_end=510331893 connect_duration_ms=1 send_duration_ms=0 receive_duration_ms=0 total_duration_ms=1
[2026-02-03 01:11:29.725] [info] [spider.worker] [TIMING] task_id=67a5f186-2559-4f94-b48f-c24bdbcc93dc storage_connect_start=510331931 storage_connect_end=510331933 storage_connect_duration_ms=1 phase=pre_execution
[2026-02-03 01:11:29.726] [info] [spider.worker] [TIMING] task_id=67a5f186-2559-4f94-b48f-c24bdbcc93dc func=job_orchestration.executor.query.spider_search_task.search_without_channel fetch_input_start=510331933 fetch_input_end=510331934 fetch_input_duration_ms=1
[2026-02-03 01:11:29.727] [info] [spider.worker] [TIMING] task_id=67a5f186-2559-4f94-b48f-c24bdbcc93dc func=job_orchestration.executor.query.spider_search_task.search_without_channel input_send_start=510331935 input_send_end=510331935 input_send_duration_ms=0 bytes=612
[2026-02-03 01:11:29.727] [info] [spider.worker] [TIMING] task_id=67a5f186-2559-4f94-b48f-c24bdbcc93dc func=job_orchestration.executor.query.spider_search_task.search_without_channel spawn_start=510331934 spawn_end=510331935 spawn_duration_ms=0
[2026-02-03 01:11:31.053] [info] [spider.worker] [TIMING] task_id=67a5f186-2559-4f94-b48f-c24bdbcc93dc func=job_orchestration.executor.query.spider_search_task.search_without_channel execution_start=510331935 execution_end=510333261 execution_duration_ms=1325
[2026-02-03 01:11:31.054] [info] [spider.worker] [TIMING] task_id=67a5f186-2559-4f94-b48f-c24bdbcc93dc func=job_orchestration.executor.query.spider_search_task.search_without_channel storage_connect_start=510333261 storage_connect_end=510333263 storage_connect_duration_ms=1 phase=handle_result
[2026-02-03 01:11:31.065] [info] [spider.worker] [TIMING] task_id=67a5f186-2559-4f94-b48f-c24bdbcc93dc func=job_orchestration.executor.query.spider_search_task.search_without_channel submit_output_start=510333263 submit_output_end=510333274 submit_output_duration_ms=10
[2026-02-03 01:11:31.099] [info] [spider.worker] [TIMING] worker_id=3153beb6-f7b7-45c8-9fcf-c55af5037fbf task_id=bad3d50e-8cab-4545-b0c0-a29c8d0af474 get_next_task request_start=510333275 connect_end=510333277 send_end=510333277 receive_end=510333277 connect_duration_ms=1 send_duration_ms=0 receive_duration_ms=0 total_duration_ms=1
[2026-02-03 01:11:31.101] [info] [spider.worker] [TIMING] task_id=bad3d50e-8cab-4545-b0c0-a29c8d0af474 storage_connect_start=510333307 storage_connect_end=510333309 storage_connect_duration_ms=1 phase=pre_execution
[2026-02-03 01:11:31.102] [info] [spider.worker] [TIMING] task_id=bad3d50e-8cab-4545-b0c0-a29c8d0af474 func=job_orchestration.executor.query.spider_search_task.search_without_channel fetch_input_start=510333309 fetch_input_end=510333310 fetch_input_duration_ms=1
[2026-02-03 01:11:31.102] [info] [spider.worker] [TIMING] task_id=bad3d50e-8cab-4545-b0c0-a29c8d0af474 func=job_orchestration.executor.query.spider_search_task.search_without_channel input_send_start=510333310 input_send_end=510333310 input_send_duration_ms=0 bytes=612
[2026-02-03 01:11:31.102] [info] [spider.worker] [TIMING] task_id=bad3d50e-8cab-4545-b0c0-a29c8d0af474 func=job_orchestration.executor.query.spider_search_task.search_without_channel spawn_start=510333310 spawn_end=510333310 spawn_duration_ms=0
[2026-02-03 01:11:32.409] [info] [spider.worker] [TIMING] task_id=bad3d50e-8cab-4545-b0c0-a29c8d0af474 func=job_orchestration.executor.query.spider_search_task.search_without_channel execution_start=510333311 execution_end=510334617 execution_duration_ms=1306
[2026-02-03 01:11:32.410] [info] [spider.worker] [TIMING] task_id=bad3d50e-8cab-4545-b0c0-a29c8d0af474 func=job_orchestration.executor.query.spider_search_task.search_without_channel storage_connect_start=510334617 storage_connect_end=510334619 storage_connect_duration_ms=1 phase=handle_result
[2026-02-03 01:11:32.424] [info] [spider.worker] [TIMING] task_id=bad3d50e-8cab-4545-b0c0-a29c8d0af474 func=job_orchestration.executor.query.spider_search_task.search_without_channel submit_output_start=510334619 submit_output_end=510334632 submit_output_duration_ms=13
[2026-02-03 01:11:32.441] [info] [spider.worker] [TIMING] worker_id=3153beb6-f7b7-45c8-9fcf-c55af5037fbf task_id=c21ad24c-b159-475c-be8b-1457f0b11503 get_next_task request_start=510334634 connect_end=510334636 send_end=510334636 receive_end=510334636 connect_duration_ms=1 send_duration_ms=0 receive_duration_ms=0 total_duration_ms=1
[2026-02-03 01:11:32.443] [info] [spider.worker] [TIMING] task_id=c21ad24c-b159-475c-be8b-1457f0b11503 storage_connect_start=510334649 storage_connect_end=510334651 storage_connect_duration_ms=1 phase=pre_execution
[2026-02-03 01:11:32.444] [info] [spider.worker] [TIMING] task_id=c21ad24c-b159-475c-be8b-1457f0b11503 func=job_orchestration.executor.query.spider_search_task.search_without_channel fetch_input_start=510334651 fetch_input_end=510334652 fetch_input_duration_ms=1
[2026-02-03 01:11:32.445] [info] [spider.worker] [TIMING] task_id=c21ad24c-b159-475c-be8b-1457f0b11503 func=job_orchestration.executor.query.spider_search_task.search_without_channel input_send_start=510334653 input_send_end=510334653 input_send_duration_ms=0 bytes=612
[2026-02-03 01:11:32.445] [info] [spider.worker] [TIMING] task_id=c21ad24c-b159-475c-be8b-1457f0b11503 func=job_orchestration.executor.query.spider_search_task.search_without_channel spawn_start=510334652 spawn_end=510334653 spawn_duration_ms=0
[2026-02-03 01:11:33.656] [info] [spider.worker] [TIMING] task_id=c21ad24c-b159-475c-be8b-1457f0b11503 func=job_orchestration.executor.query.spider_search_task.search_without_channel execution_start=510334653 execution_end=510335864 execution_duration_ms=1210
[2026-02-03 01:11:33.657] [info] [spider.worker] [TIMING] task_id=c21ad24c-b159-475c-be8b-1457f0b11503 func=job_orchestration.executor.query.spider_search_task.search_without_channel storage_connect_start=510335864 storage_connect_end=510335866 storage_connect_duration_ms=1 phase=handle_result
[2026-02-03 01:11:33.699] [info] [spider.worker] [TIMING] task_id=c21ad24c-b159-475c-be8b-1457f0b11503 func=job_orchestration.executor.query.spider_search_task.search_without_channel submit_output_start=510335866 submit_output_end=510335907 submit_output_duration_ms=41
[2026-02-03 01:11:33.723] [info] [spider.worker] [TIMING] worker_id=3153beb6-f7b7-45c8-9fcf-c55af5037fbf task_id=1e41fbf4-feb8-477c-88a8-a81b2593ecd9 get_next_task request_start=510335909 connect_end=510335911 send_end=510335911 receive_end=510335911 connect_duration_ms=1 send_duration_ms=0 receive_duration_ms=0 total_duration_ms=1
[2026-02-03 01:11:33.725] [info] [spider.worker] [TIMING] task_id=1e41fbf4-feb8-477c-88a8-a81b2593ecd9 storage_connect_start=510335932 storage_connect_end=510335933 storage_connect_duration_ms=1 phase=pre_execution
[2026-02-03 01:11:33.726] [info] [spider.worker] [TIMING] task_id=1e41fbf4-feb8-477c-88a8-a81b2593ecd9 func=job_orchestration.executor.query.spider_search_task.search_without_channel fetch_input_start=510335933 fetch_input_end=510335934 fetch_input_duration_ms=1
[2026-02-03 01:11:33.726] [info] [spider.worker] [TIMING] task_id=1e41fbf4-feb8-477c-88a8-a81b2593ecd9 func=job_orchestration.executor.query.spider_search_task.search_without_channel input_send_start=510335935 input_send_end=510335935 input_send_duration_ms=0 bytes=612
[2026-02-03 01:11:33.726] [info] [spider.worker] [TIMING] task_id=1e41fbf4-feb8-477c-88a8-a81b2593ecd9 func=job_orchestration.executor.query.spider_search_task.search_without_channel spawn_start=510335934 spawn_end=510335935 spawn_duration_ms=0
[2026-02-03 01:11:35.192] [info] [spider.worker] [TIMING] task_id=1e41fbf4-feb8-477c-88a8-a81b2593ecd9 func=job_orchestration.executor.query.spider_search_task.search_without_channel execution_start=510335935 execution_end=510337401 execution_duration_ms=1465
[2026-02-03 01:11:35.194] [info] [spider.worker] [TIMING] task_id=1e41fbf4-feb8-477c-88a8-a81b2593ecd9 func=job_orchestration.executor.query.spider_search_task.search_without_channel storage_connect_start=510337401 storage_connect_end=510337402 storage_connect_duration_ms=1 phase=handle_result
[2026-02-03 01:11:35.199] [info] [spider.worker] [TIMING] task_id=1e41fbf4-feb8-477c-88a8-a81b2593ecd9 func=job_orchestration.executor.query.spider_search_task.search_without_channel submit_output_start=510337402 submit_output_end=510337408 submit_output_duration_ms=5
[2026-02-03 01:11:35.241] [info] [spider.worker] [TIMING] worker_id=3153beb6-f7b7-45c8-9fcf-c55af5037fbf task_id=c708c2f0-4408-49a7-8cbf-be7d8f6df2b3 get_next_task request_start=510337410 connect_end=510337411 send_end=510337411 receive_end=510337411 connect_duration_ms=1 send_duration_ms=0 receive_duration_ms=0 total_duration_ms=1
[2026-02-03 01:11:35.243] [info] [spider.worker] [TIMING] task_id=c708c2f0-4408-49a7-8cbf-be7d8f6df2b3 storage_connect_start=510337450 storage_connect_end=510337451 storage_connect_duration_ms=1 phase=pre_execution
[2026-02-03 01:11:35.244] [info] [spider.worker] [TIMING] task_id=c708c2f0-4408-49a7-8cbf-be7d8f6df2b3 func=job_orchestration.executor.query.spider_search_task.search_without_channel fetch_input_start=510337451 fetch_input_end=510337452 fetch_input_duration_ms=1
[2026-02-03 01:11:35.245] [info] [spider.worker] [TIMING] task_id=c708c2f0-4408-49a7-8cbf-be7d8f6df2b3 func=job_orchestration.executor.query.spider_search_task.search_without_channel input_send_start=510337453 input_send_end=510337453 input_send_duration_ms=0 bytes=612
[2026-02-03 01:11:35.245] [info] [spider.worker] [TIMING] task_id=c708c2f0-4408-49a7-8cbf-be7d8f6df2b3 func=job_orchestration.executor.query.spider_search_task.search_without_channel spawn_start=510337453 spawn_end=510337453 spawn_duration_ms=0
[2026-02-03 01:11:36.660] [info] [spider.worker] [TIMING] task_id=c708c2f0-4408-49a7-8cbf-be7d8f6df2b3 func=job_orchestration.executor.query.spider_search_task.search_without_channel execution_start=510337453 execution_end=510338868 execution_duration_ms=1415
[2026-02-03 01:11:36.666] [info] [spider.worker] [TIMING] task_id=c708c2f0-4408-49a7-8cbf-be7d8f6df2b3 func=job_orchestration.executor.query.spider_search_task.search_without_channel storage_connect_start=510338868 storage_connect_end=510338874 storage_connect_duration_ms=5 phase=handle_result
[2026-02-03 01:11:36.700] [info] [spider.worker] [TIMING] task_id=c708c2f0-4408-49a7-8cbf-be7d8f6df2b3 func=job_orchestration.executor.query.spider_search_task.search_without_channel submit_output_start=510338874 submit_output_end=510338908 submit_output_duration_ms=34
[2026-02-03 01:11:36.749] [info] [spider.worker] [TIMING] worker_id=3153beb6-f7b7-45c8-9fcf-c55af5037fbf task_id=2398d323-c6e7-4c4c-a58b-92e869c52615 get_next_task request_start=510338911 connect_end=510338912 send_end=510338912 receive_end=510338912 connect_duration_ms=1 send_duration_ms=0 receive_duration_ms=0 total_duration_ms=1
[2026-02-03 01:11:36.751] [info] [spider.worker] [TIMING] task_id=2398d323-c6e7-4c4c-a58b-92e869c52615 storage_connect_start=510338958 storage_connect_end=510338959 storage_connect_duration_ms=1 phase=pre_execution
[2026-02-03 01:11:36.752] [info] [spider.worker] [TIMING] task_id=2398d323-c6e7-4c4c-a58b-92e869c52615 func=job_orchestration.executor.query.spider_search_task.search_without_channel fetch_input_start=510338959 fetch_input_end=510338960 fetch_input_duration_ms=1
[2026-02-03 01:11:36.753] [info] [spider.worker] [TIMING] task_id=2398d323-c6e7-4c4c-a58b-92e869c52615 func=job_orchestration.executor.query.spider_search_task.search_without_channel input_send_start=510338961 input_send_end=510338961 input_send_duration_ms=0 bytes=612
[2026-02-03 01:11:36.753] [info] [spider.worker] [TIMING] task_id=2398d323-c6e7-4c4c-a58b-92e869c52615 func=job_orchestration.executor.query.spider_search_task.search_without_channel spawn_start=510338961 spawn_end=510338961 spawn_duration_ms=0
[2026-02-03 01:11:38.262] [info] [spider.worker] [TIMING] task_id=2398d323-c6e7-4c4c-a58b-92e869c52615 func=job_orchestration.executor.query.spider_search_task.search_without_channel execution_start=510338961 execution_end=510340470 execution_duration_ms=1508
[2026-02-03 01:11:38.264] [info] [spider.worker] [TIMING] task_id=2398d323-c6e7-4c4c-a58b-92e869c52615 func=job_orchestration.executor.query.spider_search_task.search_without_channel storage_connect_start=510340470 storage_connect_end=510340472 storage_connect_duration_ms=1 phase=handle_result
[2026-02-03 01:11:38.275] [info] [spider.worker] [TIMING] task_id=2398d323-c6e7-4c4c-a58b-92e869c52615 func=job_orchestration.executor.query.spider_search_task.search_without_channel submit_output_start=510340472 submit_output_end=510340483 submit_output_duration_ms=11
[2026-02-03 01:11:38.311] [info] [spider.worker] [TIMING] worker_id=3153beb6-f7b7-45c8-9fcf-c55af5037fbf task_id=690afee6-d25f-412b-8b70-3f1f2f704534 get_next_task request_start=510340486 connect_end=510340487 send_end=510340487 receive_end=510340487 connect_duration_ms=1 send_duration_ms=0 receive_duration_ms=0 total_duration_ms=1
[2026-02-03 01:11:38.313] [info] [spider.worker] [TIMING] task_id=690afee6-d25f-412b-8b70-3f1f2f704534 storage_connect_start=510340520 storage_connect_end=510340522 storage_connect_duration_ms=1 phase=pre_execution
[2026-02-03 01:11:38.314] [info] [spider.worker] [TIMING] task_id=690afee6-d25f-412b-8b70-3f1f2f704534 func=job_orchestration.executor.query.spider_search_task.search_without_channel fetch_input_start=510340522 fetch_input_end=510340523 fetch_input_duration_ms=1
[2026-02-03 01:11:38.315] [info] [spider.worker] [TIMING] task_id=690afee6-d25f-412b-8b70-3f1f2f704534 func=job_orchestration.executor.query.spider_search_task.search_without_channel input_send_start=510340523 input_send_end=510340523 input_send_duration_ms=0 bytes=612
[2026-02-03 01:11:38.315] [info] [spider.worker] [TIMING] task_id=690afee6-d25f-412b-8b70-3f1f2f704534 func=job_orchestration.executor.query.spider_search_task.search_without_channel spawn_start=510340523 spawn_end=510340523 spawn_duration_ms=0
[2026-02-03 01:11:39.839] [info] [spider.worker] [TIMING] task_id=690afee6-d25f-412b-8b70-3f1f2f704534 func=job_orchestration.executor.query.spider_search_task.search_without_channel execution_start=510340524 execution_end=510342048 execution_duration_ms=1523
[2026-02-03 01:11:39.841] [info] [spider.worker] [TIMING] task_id=690afee6-d25f-412b-8b70-3f1f2f704534 func=job_orchestration.executor.query.spider_search_task.search_without_channel storage_connect_start=510342048 storage_connect_end=510342050 storage_connect_duration_ms=1 phase=handle_result
[2026-02-03 01:11:39.866] [info] [spider.worker] [TIMING] task_id=690afee6-d25f-412b-8b70-3f1f2f704534 func=job_orchestration.executor.query.spider_search_task.search_without_channel submit_output_start=510342050 submit_output_end=510342074 submit_output_duration_ms=24
[2026-02-03 01:11:39.883] [info] [spider.worker] [TIMING] worker_id=3153beb6-f7b7-45c8-9fcf-c55af5037fbf task_id=5d456f51-c49a-425c-b08a-568d619eb57f get_next_task request_start=510342076 connect_end=510342078 send_end=510342078 receive_end=510342078 connect_duration_ms=1 send_duration_ms=0 receive_duration_ms=0 total_duration_ms=1
[2026-02-03 01:11:39.885] [info] [spider.worker] [TIMING] task_id=5d456f51-c49a-425c-b08a-568d619eb57f storage_connect_start=510342092 storage_connect_end=510342093 storage_connect_duration_ms=1 phase=pre_execution
[2026-02-03 01:11:39.886] [info] [spider.worker] [TIMING] task_id=5d456f51-c49a-425c-b08a-568d619eb57f func=job_orchestration.executor.query.spider_search_task.search_without_channel fetch_input_start=510342093 fetch_input_end=510342094 fetch_input_duration_ms=0
[2026-02-03 01:11:39.886] [info] [spider.worker] [TIMING] task_id=5d456f51-c49a-425c-b08a-568d619eb57f func=job_orchestration.executor.query.spider_search_task.search_without_channel input_send_start=510342095 input_send_end=510342095 input_send_duration_ms=0 bytes=612
[2026-02-03 01:11:39.886] [info] [spider.worker] [TIMING] task_id=5d456f51-c49a-425c-b08a-568d619eb57f func=job_orchestration.executor.query.spider_search_task.search_without_channel spawn_start=510342094 spawn_end=510342095 spawn_duration_ms=0
[2026-02-03 01:11:41.198] [info] [spider.worker] [TIMING] task_id=5d456f51-c49a-425c-b08a-568d619eb57f func=job_orchestration.executor.query.spider_search_task.search_without_channel execution_start=510342095 execution_end=510343406 execution_duration_ms=1311
[2026-02-03 01:11:41.200] [info] [spider.worker] [TIMING] task_id=5d456f51-c49a-425c-b08a-568d619eb57f func=job_orchestration.executor.query.spider_search_task.search_without_channel storage_connect_start=510343406 storage_connect_end=510343408 storage_connect_duration_ms=1 phase=handle_result
[2026-02-03 01:11:41.236] [info] [spider.worker] [TIMING] task_id=5d456f51-c49a-425c-b08a-568d619eb57f func=job_orchestration.executor.query.spider_search_task.search_without_channel submit_output_start=510343408 submit_output_end=510343444 submit_output_duration_ms=35
[2026-02-03 01:11:41.267] [info] [spider.worker] [TIMING] worker_id=3153beb6-f7b7-45c8-9fcf-c55af5037fbf task_id=3d574318-2778-4ef6-ad7a-7b42db74aabc get_next_task request_start=510343446 connect_end=510343447 send_end=510343447 receive_end=510343447 connect_duration_ms=1 send_duration_ms=0 receive_duration_ms=0 total_duration_ms=1
[2026-02-03 01:11:41.269] [info] [spider.worker] [TIMING] task_id=3d574318-2778-4ef6-ad7a-7b42db74aabc storage_connect_start=510343476 storage_connect_end=510343477 storage_connect_duration_ms=1 phase=pre_execution
[2026-02-03 01:11:41.270] [info] [spider.worker] [TIMING] task_id=3d574318-2778-4ef6-ad7a-7b42db74aabc func=job_orchestration.executor.query.spider_search_task.search_without_channel fetch_input_start=510343477 fetch_input_end=510343478 fetch_input_duration_ms=0
[2026-02-03 01:11:41.270] [info] [spider.worker] [TIMING] task_id=3d574318-2778-4ef6-ad7a-7b42db74aabc func=job_orchestration.executor.query.spider_search_task.search_without_channel input_send_start=510343478 input_send_end=510343479 input_send_duration_ms=0 bytes=612
[2026-02-03 01:11:41.270] [info] [spider.worker] [TIMING] task_id=3d574318-2778-4ef6-ad7a-7b42db74aabc func=job_orchestration.executor.query.spider_search_task.search_without_channel spawn_start=510343478 spawn_end=510343479 spawn_duration_ms=0
[2026-02-03 01:11:42.434] [info] [spider.worker] [TIMING] task_id=3d574318-2778-4ef6-ad7a-7b42db74aabc func=job_orchestration.executor.query.spider_search_task.search_without_channel execution_start=510343479 execution_end=510344643 execution_duration_ms=1163
[2026-02-03 01:11:42.447] [info] [spider.worker] [TIMING] task_id=3d574318-2778-4ef6-ad7a-7b42db74aabc func=job_orchestration.executor.query.spider_search_task.search_without_channel storage_connect_start=510344643 storage_connect_end=510344655 storage_connect_duration_ms=12 phase=handle_result
[2026-02-03 01:11:42.538] [info] [spider.worker] [TIMING] task_id=3d574318-2778-4ef6-ad7a-7b42db74aabc func=job_orchestration.executor.query.spider_search_task.search_without_channel submit_output_start=510344655 submit_output_end=510344746 submit_output_duration_ms=91
[2026-02-03 01:11:42.559] [info] [spider.worker] [TIMING] worker_id=3153beb6-f7b7-45c8-9fcf-c55af5037fbf task_id=89af1beb-44aa-41ef-83f8-06ea7e7c078c get_next_task request_start=510344748 connect_end=510344750 send_end=510344750 receive_end=510344750 connect_duration_ms=1 send_duration_ms=0 receive_duration_ms=0 total_duration_ms=1
[2026-02-03 01:11:42.561] [info] [spider.worker] [TIMING] task_id=89af1beb-44aa-41ef-83f8-06ea7e7c078c storage_connect_start=510344767 storage_connect_end=510344769 storage_connect_duration_ms=1 phase=pre_execution
[2026-02-03 01:11:42.562] [info] [spider.worker] [TIMING] task_id=89af1beb-44aa-41ef-83f8-06ea7e7c078c func=job_orchestration.executor.query.spider_search_task.search_without_channel fetch_input_start=510344769 fetch_input_end=510344770 fetch_input_duration_ms=0
[2026-02-03 01:11:42.562] [info] [spider.worker] [TIMING] task_id=89af1beb-44aa-41ef-83f8-06ea7e7c078c func=job_orchestration.executor.query.spider_search_task.search_without_channel input_send_start=510344771 input_send_end=510344771 input_send_duration_ms=0 bytes=612
[2026-02-03 01:11:42.562] [info] [spider.worker] [TIMING] task_id=89af1beb-44aa-41ef-83f8-06ea7e7c078c func=job_orchestration.executor.query.spider_search_task.search_without_channel spawn_start=510344770 spawn_end=510344771 spawn_duration_ms=0
[2026-02-03 01:11:44.119] [info] [spider.worker] [TIMING] task_id=89af1beb-44aa-41ef-83f8-06ea7e7c078c func=job_orchestration.executor.query.spider_search_task.search_without_channel execution_start=510344771 execution_end=510346327 execution_duration_ms=1556
[2026-02-03 01:11:44.121] [info] [spider.worker] [TIMING] task_id=89af1beb-44aa-41ef-83f8-06ea7e7c078c func=job_orchestration.executor.query.spider_search_task.search_without_channel storage_connect_start=510346327 storage_connect_end=510346329 storage_connect_duration_ms=2 phase=handle_result
[2026-02-03 01:11:44.142] [info] [spider.worker] [TIMING] task_id=89af1beb-44aa-41ef-83f8-06ea7e7c078c func=job_orchestration.executor.query.spider_search_task.search_without_channel submit_output_start=510346329 submit_output_end=510346350 submit_output_duration_ms=20
[2026-02-03 01:11:44.193] [info] [spider.worker] [TIMING] worker_id=3153beb6-f7b7-45c8-9fcf-c55af5037fbf task_id=c5554a1a-dca2-4c60-983d-87bb9d21d8e5 get_next_task request_start=510346352 connect_end=510346354 send_end=510346354 receive_end=510346354 connect_duration_ms=1 send_duration_ms=0 receive_duration_ms=0 total_duration_ms=1
[2026-02-03 01:11:44.195] [info] [spider.worker] [TIMING] task_id=c5554a1a-dca2-4c60-983d-87bb9d21d8e5 storage_connect_start=510346401 storage_connect_end=510346403 storage_connect_duration_ms=1 phase=pre_execution
[2026-02-03 01:11:44.196] [info] [spider.worker] [TIMING] task_id=c5554a1a-dca2-4c60-983d-87bb9d21d8e5 func=job_orchestration.executor.query.spider_search_task.search_without_channel fetch_input_start=510346403 fetch_input_end=510346404 fetch_input_duration_ms=0
[2026-02-03 01:11:44.196] [info] [spider.worker] [TIMING] task_id=c5554a1a-dca2-4c60-983d-87bb9d21d8e5 func=job_orchestration.executor.query.spider_search_task.search_without_channel input_send_start=510346404 input_send_end=510346404 input_send_duration_ms=0 bytes=612
[2026-02-03 01:11:44.196] [info] [spider.worker] [TIMING] task_id=c5554a1a-dca2-4c60-983d-87bb9d21d8e5 func=job_orchestration.executor.query.spider_search_task.search_without_channel spawn_start=510346404 spawn_end=510346404 spawn_duration_ms=0
[2026-02-03 01:11:45.448] [info] [spider.worker] [TIMING] task_id=c5554a1a-dca2-4c60-983d-87bb9d21d8e5 func=job_orchestration.executor.query.spider_search_task.search_without_channel execution_start=510346405 execution_end=510347656 execution_duration_ms=1251
[2026-02-03 01:11:45.450] [info] [spider.worker] [TIMING] task_id=c5554a1a-dca2-4c60-983d-87bb9d21d8e5 func=job_orchestration.executor.query.spider_search_task.search_without_channel storage_connect_start=510347656 storage_connect_end=510347658 storage_connect_duration_ms=1 phase=handle_result
[2026-02-03 01:11:45.487] [info] [spider.worker] [TIMING] task_id=c5554a1a-dca2-4c60-983d-87bb9d21d8e5 func=job_orchestration.executor.query.spider_search_task.search_without_channel submit_output_start=510347658 submit_output_end=510347695 submit_output_duration_ms=36
[2026-02-03 01:11:45.501] [info] [spider.worker] [TIMING] worker_id=3153beb6-f7b7-45c8-9fcf-c55af5037fbf task_id=38ecc324-df69-4677-9c68-18a31358fe43 get_next_task request_start=510347698 connect_end=510347699 send_end=510347699 receive_end=510347699 connect_duration_ms=1 send_duration_ms=0 receive_duration_ms=0 total_duration_ms=1
[2026-02-03 01:11:45.503] [info] [spider.worker] [TIMING] task_id=38ecc324-df69-4677-9c68-18a31358fe43 storage_connect_start=510347709 storage_connect_end=510347711 storage_connect_duration_ms=1 phase=pre_execution
[2026-02-03 01:11:45.504] [info] [spider.worker] [TIMING] task_id=38ecc324-df69-4677-9c68-18a31358fe43 func=job_orchestration.executor.query.spider_search_task.search_without_channel fetch_input_start=510347711 fetch_input_end=510347712 fetch_input_duration_ms=0
[2026-02-03 01:11:45.505] [info] [spider.worker] [TIMING] task_id=38ecc324-df69-4677-9c68-18a31358fe43 func=job_orchestration.executor.query.spider_search_task.search_without_channel input_send_start=510347713 input_send_end=510347713 input_send_duration_ms=0 bytes=612
[2026-02-03 01:11:45.505] [info] [spider.worker] [TIMING] task_id=38ecc324-df69-4677-9c68-18a31358fe43 func=job_orchestration.executor.query.spider_search_task.search_without_channel spawn_start=510347712 spawn_end=510347713 spawn_duration_ms=0
[2026-02-03 01:11:46.788] [info] [spider.worker] [TIMING] task_id=38ecc324-df69-4677-9c68-18a31358fe43 func=job_orchestration.executor.query.spider_search_task.search_without_channel execution_start=510347713 execution_end=510348997 execution_duration_ms=1283
[2026-02-03 01:11:46.790] [info] [spider.worker] [TIMING] task_id=38ecc324-df69-4677-9c68-18a31358fe43 func=job_orchestration.executor.query.spider_search_task.search_without_channel storage_connect_start=510348997 storage_connect_end=510348999 storage_connect_duration_ms=1 phase=handle_result
[2026-02-03 01:11:46.801] [info] [spider.worker] [TIMING] task_id=38ecc324-df69-4677-9c68-18a31358fe43 func=job_orchestration.executor.query.spider_search_task.search_without_channel submit_output_start=510348999 submit_output_end=510349009 submit_output_duration_ms=10
[2026-02-03 01:11:46.840] [info] [spider.worker] [TIMING] worker_id=3153beb6-f7b7-45c8-9fcf-c55af5037fbf task_id=05015fc1-71e7-4a19-b5c2-9c830c3f8698 get_next_task request_start=510349012 connect_end=510349014 send_end=510349014 receive_end=510349014 connect_duration_ms=1 send_duration_ms=0 receive_duration_ms=0 total_duration_ms=1
[2026-02-03 01:11:46.842] [info] [spider.worker] [TIMING] task_id=05015fc1-71e7-4a19-b5c2-9c830c3f8698 storage_connect_start=510349048 storage_connect_end=510349050 storage_connect_duration_ms=1 phase=pre_execution
[2026-02-03 01:11:46.843] [info] [spider.worker] [TIMING] task_id=05015fc1-71e7-4a19-b5c2-9c830c3f8698 func=job_orchestration.executor.query.spider_search_task.search_without_channel fetch_input_start=510349050 fetch_input_end=510349051 fetch_input_duration_ms=1
[2026-02-03 01:11:46.843] [info] [spider.worker] [TIMING] task_id=05015fc1-71e7-4a19-b5c2-9c830c3f8698 func=job_orchestration.executor.query.spider_search_task.search_without_channel input_send_start=510349052 input_send_end=510349052 input_send_duration_ms=0 bytes=612
[2026-02-03 01:11:46.844] [info] [spider.worker] [TIMING] task_id=05015fc1-71e7-4a19-b5c2-9c830c3f8698 func=job_orchestration.executor.query.spider_search_task.search_without_channel spawn_start=510349051 spawn_end=510349052 spawn_duration_ms=0
[2026-02-03 01:11:48.020] [info] [spider.worker] [TIMING] task_id=05015fc1-71e7-4a19-b5c2-9c830c3f8698 func=job_orchestration.executor.query.spider_search_task.search_without_channel execution_start=510349052 execution_end=510350228 execution_duration_ms=1176
[2026-02-03 01:11:48.022] [info] [spider.worker] [TIMING] task_id=05015fc1-71e7-4a19-b5c2-9c830c3f8698 func=job_orchestration.executor.query.spider_search_task.search_without_channel storage_connect_start=510350228 storage_connect_end=510350230 storage_connect_duration_ms=2 phase=handle_result
[2026-02-03 01:11:48.035] [info] [spider.worker] [TIMING] task_id=05015fc1-71e7-4a19-b5c2-9c830c3f8698 func=job_orchestration.executor.query.spider_search_task.search_without_channel submit_output_start=510350230 submit_output_end=510350243 submit_output_duration_ms=12
[2026-02-03 01:11:48.076] [info] [spider.worker] [TIMING] worker_id=3153beb6-f7b7-45c8-9fcf-c55af5037fbf task_id=cfae879e-04bd-4ef0-ae23-7f2eccdc8c67 get_next_task request_start=510350245 connect_end=510350246 send_end=510350246 receive_end=510350247 connect_duration_ms=1 send_duration_ms=0 receive_duration_ms=0 total_duration_ms=1
[2026-02-03 01:11:48.078] [info] [spider.worker] [TIMING] task_id=cfae879e-04bd-4ef0-ae23-7f2eccdc8c67 storage_connect_start=510350285 storage_connect_end=510350286 storage_connect_duration_ms=1 phase=pre_execution
[2026-02-03 01:11:48.079] [info] [spider.worker] [TIMING] task_id=cfae879e-04bd-4ef0-ae23-7f2eccdc8c67 func=job_orchestration.executor.query.spider_search_task.search_without_channel fetch_input_start=510350286 fetch_input_end=510350288 fetch_input_duration_ms=1
[2026-02-03 01:11:48.080] [info] [spider.worker] [TIMING] task_id=cfae879e-04bd-4ef0-ae23-7f2eccdc8c67 func=job_orchestration.executor.query.spider_search_task.search_without_channel input_send_start=510350288 input_send_end=510350288 input_send_duration_ms=0 bytes=612
[2026-02-03 01:11:48.080] [info] [spider.worker] [TIMING] task_id=cfae879e-04bd-4ef0-ae23-7f2eccdc8c67 func=job_orchestration.executor.query.spider_search_task.search_without_channel spawn_start=510350288 spawn_end=510350288 spawn_duration_ms=0
[2026-02-03 01:11:49.290] [info] [spider.worker] [TIMING] task_id=cfae879e-04bd-4ef0-ae23-7f2eccdc8c67 func=job_orchestration.executor.query.spider_search_task.search_without_channel execution_start=510350288 execution_end=510351498 execution_duration_ms=1209
[2026-02-03 01:11:49.292] [info] [spider.worker] [TIMING] task_id=cfae879e-04bd-4ef0-ae23-7f2eccdc8c67 func=job_orchestration.executor.query.spider_search_task.search_without_channel storage_connect_start=510351498 storage_connect_end=510351500 storage_connect_duration_ms=1 phase=handle_result
[2026-02-03 01:11:49.322] [info] [spider.worker] [TIMING] task_id=cfae879e-04bd-4ef0-ae23-7f2eccdc8c67 func=job_orchestration.executor.query.spider_search_task.search_without_channel submit_output_start=510351500 submit_output_end=510351530 submit_output_duration_ms=30
[2026-02-03 01:11:49.343] [info] [spider.worker] [TIMING] worker_id=3153beb6-f7b7-45c8-9fcf-c55af5037fbf task_id=66619779-f74b-4ca4-b911-c3b0f23e2ae2 get_next_task request_start=510351533 connect_end=510351535 send_end=510351535 receive_end=510351535 connect_duration_ms=1 send_duration_ms=0 receive_duration_ms=0 total_duration_ms=1
[2026-02-03 01:11:49.345] [info] [spider.worker] [TIMING] task_id=66619779-f74b-4ca4-b911-c3b0f23e2ae2 storage_connect_start=510351552 storage_connect_end=510351554 storage_connect_duration_ms=1 phase=pre_execution
[2026-02-03 01:11:49.346] [info] [spider.worker] [TIMING] task_id=66619779-f74b-4ca4-b911-c3b0f23e2ae2 func=job_orchestration.executor.query.spider_search_task.search_without_channel fetch_input_start=510351554 fetch_input_end=510351555 fetch_input_duration_ms=1
[2026-02-03 01:11:49.347] [info] [spider.worker] [TIMING] task_id=66619779-f74b-4ca4-b911-c3b0f23e2ae2 func=job_orchestration.executor.query.spider_search_task.search_without_channel input_send_start=510351555 input_send_end=510351555 input_send_duration_ms=0 bytes=612
[2026-02-03 01:11:49.347] [info] [spider.worker] [TIMING] task_id=66619779-f74b-4ca4-b911-c3b0f23e2ae2 func=job_orchestration.executor.query.spider_search_task.search_without_channel spawn_start=510351555 spawn_end=510351555 spawn_duration_ms=0
[2026-02-03 01:11:50.617] [info] [spider.worker] [TIMING] task_id=66619779-f74b-4ca4-b911-c3b0f23e2ae2 func=job_orchestration.executor.query.spider_search_task.search_without_channel execution_start=510351555 execution_end=510352825 execution_duration_ms=1269
[2026-02-03 01:11:50.618] [info] [spider.worker] [TIMING] task_id=66619779-f74b-4ca4-b911-c3b0f23e2ae2 func=job_orchestration.executor.query.spider_search_task.search_without_channel storage_connect_start=510352825 storage_connect_end=510352827 storage_connect_duration_ms=1 phase=handle_result
[2026-02-03 01:11:50.627] [info] [spider.worker] [TIMING] task_id=66619779-f74b-4ca4-b911-c3b0f23e2ae2 func=job_orchestration.executor.query.spider_search_task.search_without_channel submit_output_start=510352827 submit_output_end=510352836 submit_output_duration_ms=8
[2026-02-03 01:11:50.644] [info] [spider.worker] [TIMING] worker_id=3153beb6-f7b7-45c8-9fcf-c55af5037fbf task_id=d774a835-5bd9-45a2-b911-2bc83305cc9f get_next_task request_start=510352838 connect_end=510352840 send_end=510352840 receive_end=510352840 connect_duration_ms=1 send_duration_ms=0 receive_duration_ms=0 total_duration_ms=1
[2026-02-03 01:11:50.646] [info] [spider.worker] [TIMING] task_id=d774a835-5bd9-45a2-b911-2bc83305cc9f storage_connect_start=510352852 storage_connect_end=510352854 storage_connect_duration_ms=1 phase=pre_execution
[2026-02-03 01:11:50.647] [info] [spider.worker] [TIMING] task_id=d774a835-5bd9-45a2-b911-2bc83305cc9f func=job_orchestration.executor.query.spider_search_task.search_without_channel fetch_input_start=510352854 fetch_input_end=510352855 fetch_input_duration_ms=1
[2026-02-03 01:11:50.648] [info] [spider.worker] [TIMING] task_id=d774a835-5bd9-45a2-b911-2bc83305cc9f func=job_orchestration.executor.query.spider_search_task.search_without_channel input_send_start=510352856 input_send_end=510352856 input_send_duration_ms=0 bytes=612
[2026-02-03 01:11:50.648] [info] [spider.worker] [TIMING] task_id=d774a835-5bd9-45a2-b911-2bc83305cc9f func=job_orchestration.executor.query.spider_search_task.search_without_channel spawn_start=510352855 spawn_end=510352856 spawn_duration_ms=0
[2026-02-03 01:11:52.236] [info] [spider.worker] [TIMING] task_id=d774a835-5bd9-45a2-b911-2bc83305cc9f func=job_orchestration.executor.query.spider_search_task.search_without_channel execution_start=510352856 execution_end=510354445 execution_duration_ms=1588
[2026-02-03 01:11:52.239] [info] [spider.worker] [TIMING] task_id=d774a835-5bd9-45a2-b911-2bc83305cc9f func=job_orchestration.executor.query.spider_search_task.search_without_channel storage_connect_start=510354445 storage_connect_end=510354447 storage_connect_duration_ms=2 phase=handle_result
[2026-02-03 01:11:52.264] [info] [spider.worker] [TIMING] task_id=d774a835-5bd9-45a2-b911-2bc83305cc9f func=job_orchestration.executor.query.spider_search_task.search_without_channel submit_output_start=510354447 submit_output_end=510354472 submit_output_duration_ms=25
[2026-02-03 01:11:52.311] [info] [spider.worker] [TIMING] worker_id=3153beb6-f7b7-45c8-9fcf-c55af5037fbf task_id=b0b18be2-e473-4b46-a912-d56b7e1fc8ec get_next_task request_start=510354475 connect_end=510354476 send_end=510354476 receive_end=510354476 connect_duration_ms=1 send_duration_ms=0 receive_duration_ms=0 total_duration_ms=1
[2026-02-03 01:11:52.312] [info] [spider.worker] [TIMING] task_id=b0b18be2-e473-4b46-a912-d56b7e1fc8ec storage_connect_start=510354519 storage_connect_end=510354521 storage_connect_duration_ms=1 phase=pre_execution
[2026-02-03 01:11:52.313] [info] [spider.worker] [TIMING] task_id=b0b18be2-e473-4b46-a912-d56b7e1fc8ec func=job_orchestration.executor.query.spider_search_task.search_without_channel fetch_input_start=510354521 fetch_input_end=510354522 fetch_input_duration_ms=0
[2026-02-03 01:11:52.314] [info] [spider.worker] [TIMING] task_id=b0b18be2-e473-4b46-a912-d56b7e1fc8ec func=job_orchestration.executor.query.spider_search_task.search_without_channel input_send_start=510354522 input_send_end=510354522 input_send_duration_ms=0 bytes=612
[2026-02-03 01:11:52.314] [info] [spider.worker] [TIMING] task_id=b0b18be2-e473-4b46-a912-d56b7e1fc8ec func=job_orchestration.executor.query.spider_search_task.search_without_channel spawn_start=510354522 spawn_end=510354522 spawn_duration_ms=0
[2026-02-03 01:11:53.464] [info] [spider.worker] [TIMING] task_id=b0b18be2-e473-4b46-a912-d56b7e1fc8ec func=job_orchestration.executor.query.spider_search_task.search_without_channel execution_start=510354523 execution_end=510355673 execution_duration_ms=1150
[2026-02-03 01:11:53.466] [info] [spider.worker] [TIMING] task_id=b0b18be2-e473-4b46-a912-d56b7e1fc8ec func=job_orchestration.executor.query.spider_search_task.search_without_channel storage_connect_start=510355673 storage_connect_end=510355675 storage_connect_duration_ms=2 phase=handle_result
[2026-02-03 01:11:53.478] [info] [spider.worker] [TIMING] task_id=b0b18be2-e473-4b46-a912-d56b7e1fc8ec func=job_orchestration.executor.query.spider_search_task.search_without_channel submit_output_start=510355675 submit_output_end=510355686 submit_output_duration_ms=11
[2026-02-03 01:11:53.494] [info] [spider.worker] [TIMING] worker_id=3153beb6-f7b7-45c8-9fcf-c55af5037fbf task_id=d153fceb-87a9-4e68-ab78-8daeff569d97 get_next_task request_start=510355688 connect_end=510355689 send_end=510355689 receive_end=510355689 connect_duration_ms=1 send_duration_ms=0 receive_duration_ms=0 total_duration_ms=1
[2026-02-03 01:11:53.496] [info] [spider.worker] [TIMING] task_id=d153fceb-87a9-4e68-ab78-8daeff569d97 storage_connect_start=510355703 storage_connect_end=510355705 storage_connect_duration_ms=1 phase=pre_execution
[2026-02-03 01:11:53.497] [info] [spider.worker] [TIMING] task_id=d153fceb-87a9-4e68-ab78-8daeff569d97 func=job_orchestration.executor.query.spider_search_task.search_without_channel fetch_input_start=510355705 fetch_input_end=510355706 fetch_input_duration_ms=0
[2026-02-03 01:11:53.498] [info] [spider.worker] [TIMING] task_id=d153fceb-87a9-4e68-ab78-8daeff569d97 func=job_orchestration.executor.query.spider_search_task.search_without_channel input_send_start=510355706 input_send_end=510355706 input_send_duration_ms=0 bytes=612
[2026-02-03 01:11:53.498] [info] [spider.worker] [TIMING] task_id=d153fceb-87a9-4e68-ab78-8daeff569d97 func=job_orchestration.executor.query.spider_search_task.search_without_channel spawn_start=510355706 spawn_end=510355706 spawn_duration_ms=0
[2026-02-03 01:11:54.850] [info] [spider.worker] [TIMING] task_id=d153fceb-87a9-4e68-ab78-8daeff569d97 func=job_orchestration.executor.query.spider_search_task.search_without_channel execution_start=510355706 execution_end=510357058 execution_duration_ms=1351
[2026-02-03 01:11:54.851] [info] [spider.worker] [TIMING] task_id=d153fceb-87a9-4e68-ab78-8daeff569d97 func=job_orchestration.executor.query.spider_search_task.search_without_channel storage_connect_start=510357058 storage_connect_end=510357059 storage_connect_duration_ms=1 phase=handle_result
[2026-02-03 01:11:54.912] [info] [spider.worker] [TIMING] task_id=d153fceb-87a9-4e68-ab78-8daeff569d97 func=job_orchestration.executor.query.spider_search_task.search_without_channel submit_output_start=510357059 submit_output_end=510357120 submit_output_duration_ms=61
[2026-02-03 01:11:54.937] [info] [spider.worker] [TIMING] worker_id=3153beb6-f7b7-45c8-9fcf-c55af5037fbf task_id=09b0a833-d1e5-4f3e-b3ca-56e28b09d4d9 get_next_task request_start=510357122 connect_end=510357124 send_end=510357124 receive_end=510357124 connect_duration_ms=1 send_duration_ms=0 receive_duration_ms=0 total_duration_ms=1
[2026-02-03 01:11:54.938] [info] [spider.worker] [TIMING] task_id=09b0a833-d1e5-4f3e-b3ca-56e28b09d4d9 storage_connect_start=510357145 storage_connect_end=510357146 storage_connect_duration_ms=1 phase=pre_execution
[2026-02-03 01:11:54.939] [info] [spider.worker] [TIMING] task_id=09b0a833-d1e5-4f3e-b3ca-56e28b09d4d9 func=job_orchestration.executor.query.spider_search_task.search_without_channel fetch_input_start=510357146 fetch_input_end=510357147 fetch_input_duration_ms=0
[2026-02-03 01:11:54.940] [info] [spider.worker] [TIMING] task_id=09b0a833-d1e5-4f3e-b3ca-56e28b09d4d9 func=job_orchestration.executor.query.spider_search_task.search_without_channel input_send_start=510357148 input_send_end=510357148 input_send_duration_ms=0 bytes=612
[2026-02-03 01:11:54.940] [info] [spider.worker] [TIMING] task_id=09b0a833-d1e5-4f3e-b3ca-56e28b09d4d9 func=job_orchestration.executor.query.spider_search_task.search_without_channel spawn_start=510357148 spawn_end=510357148 spawn_duration_ms=0
[2026-02-03 01:11:56.237] [info] [spider.worker] [TIMING] task_id=09b0a833-d1e5-4f3e-b3ca-56e28b09d4d9 func=job_orchestration.executor.query.spider_search_task.search_without_channel execution_start=510357149 execution_end=510358445 execution_duration_ms=1296
[2026-02-03 01:11:56.239] [info] [spider.worker] [TIMING] task_id=09b0a833-d1e5-4f3e-b3ca-56e28b09d4d9 func=job_orchestration.executor.query.spider_search_task.search_without_channel storage_connect_start=510358445 storage_connect_end=510358447 storage_connect_duration_ms=1 phase=handle_result
[2026-02-03 01:11:56.262] [info] [spider.worker] [TIMING] task_id=09b0a833-d1e5-4f3e-b3ca-56e28b09d4d9 func=job_orchestration.executor.query.spider_search_task.search_without_channel submit_output_start=510358447 submit_output_end=510358470 submit_output_duration_ms=23
[2026-02-03 01:11:56.303] [info] [spider.worker] [TIMING] worker_id=3153beb6-f7b7-45c8-9fcf-c55af5037fbf task_id=23e9a07d-6726-4d69-bec6-5ad2cdb823fe get_next_task request_start=510358473 connect_end=510358474 send_end=510358474 receive_end=510358474 connect_duration_ms=1 send_duration_ms=0 receive_duration_ms=0 total_duration_ms=1
[2026-02-03 01:11:56.305] [info] [spider.worker] [TIMING] task_id=23e9a07d-6726-4d69-bec6-5ad2cdb823fe storage_connect_start=510358512 storage_connect_end=510358513 storage_connect_duration_ms=1 phase=pre_execution
[2026-02-03 01:11:56.306] [info] [spider.worker] [TIMING] task_id=23e9a07d-6726-4d69-bec6-5ad2cdb823fe func=job_orchestration.executor.query.spider_search_task.search_without_channel fetch_input_start=510358513 fetch_input_end=510358514 fetch_input_duration_ms=1
[2026-02-03 01:11:56.307] [info] [spider.worker] [TIMING] task_id=23e9a07d-6726-4d69-bec6-5ad2cdb823fe func=job_orchestration.executor.query.spider_search_task.search_without_channel input_send_start=510358515 input_send_end=510358515 input_send_duration_ms=0 bytes=612
[2026-02-03 01:11:56.307] [info] [spider.worker] [TIMING] task_id=23e9a07d-6726-4d69-bec6-5ad2cdb823fe func=job_orchestration.executor.query.spider_search_task.search_without_channel spawn_start=510358515 spawn_end=510358515 spawn_duration_ms=0
[2026-02-03 01:11:57.528] [info] [spider.worker] [TIMING] task_id=23e9a07d-6726-4d69-bec6-5ad2cdb823fe func=job_orchestration.executor.query.spider_search_task.search_without_channel execution_start=510358515 execution_end=510359736 execution_duration_ms=1220
[2026-02-03 01:11:57.529] [info] [spider.worker] [TIMING] task_id=23e9a07d-6726-4d69-bec6-5ad2cdb823fe func=job_orchestration.executor.query.spider_search_task.search_without_channel storage_connect_start=510359736 storage_connect_end=510359738 storage_connect_duration_ms=1 phase=handle_result
[2026-02-03 01:11:57.537] [info] [spider.worker] [TIMING] task_id=23e9a07d-6726-4d69-bec6-5ad2cdb823fe func=job_orchestration.executor.query.spider_search_task.search_without_channel submit_output_start=510359738 submit_output_end=510359745 submit_output_duration_ms=7
[2026-02-03 01:11:57.568] [info] [spider.worker] [TIMING] worker_id=3153beb6-f7b7-45c8-9fcf-c55af5037fbf task_id=f7fa3be1-7f84-4a07-aea4-b4f901dce6e2 get_next_task request_start=510359747 connect_end=510359748 send_end=510359748 receive_end=510359748 connect_duration_ms=1 send_duration_ms=0 receive_duration_ms=0 total_duration_ms=1
[2026-02-03 01:11:57.570] [info] [spider.worker] [TIMING] task_id=f7fa3be1-7f84-4a07-aea4-b4f901dce6e2 storage_connect_start=510359777 storage_connect_end=510359778 storage_connect_duration_ms=1 phase=pre_execution
[2026-02-03 01:11:57.571] [info] [spider.worker] [TIMING] task_id=f7fa3be1-7f84-4a07-aea4-b4f901dce6e2 func=job_orchestration.executor.query.spider_search_task.search_without_channel fetch_input_start=510359778 fetch_input_end=510359780 fetch_input_duration_ms=1
[2026-02-03 01:11:57.572] [info] [spider.worker] [TIMING] task_id=f7fa3be1-7f84-4a07-aea4-b4f901dce6e2 func=job_orchestration.executor.query.spider_search_task.search_without_channel input_send_start=510359780 input_send_end=510359780 input_send_duration_ms=0 bytes=612
[2026-02-03 01:11:57.572] [info] [spider.worker] [TIMING] task_id=f7fa3be1-7f84-4a07-aea4-b4f901dce6e2 func=job_orchestration.executor.query.spider_search_task.search_without_channel spawn_start=510359780 spawn_end=510359780 spawn_duration_ms=0
[2026-02-03 01:11:58.731] [info] [spider.worker] [TIMING] task_id=f7fa3be1-7f84-4a07-aea4-b4f901dce6e2 func=job_orchestration.executor.query.spider_search_task.search_without_channel execution_start=510359780 execution_end=510360939 execution_duration_ms=1158
[2026-02-03 01:11:58.733] [info] [spider.worker] [TIMING] task_id=f7fa3be1-7f84-4a07-aea4-b4f901dce6e2 func=job_orchestration.executor.query.spider_search_task.search_without_channel storage_connect_start=510360939 storage_connect_end=510360941 storage_connect_duration_ms=2 phase=handle_result
[2026-02-03 01:11:58.771] [info] [spider.worker] [TIMING] task_id=f7fa3be1-7f84-4a07-aea4-b4f901dce6e2 func=job_orchestration.executor.query.spider_search_task.search_without_channel submit_output_start=510360941 submit_output_end=510360979 submit_output_duration_ms=37
[2026-02-03 01:11:58.787] [info] [spider.worker] [TIMING] worker_id=3153beb6-f7b7-45c8-9fcf-c55af5037fbf task_id=6001fc4b-b67e-41a9-9988-521d9e53c16e get_next_task request_start=510360982 connect_end=510360983 send_end=510360983 receive_end=510360983 connect_duration_ms=1 send_duration_ms=0 receive_duration_ms=0 total_duration_ms=1
[2026-02-03 01:11:58.789] [info] [spider.worker] [TIMING] task_id=6001fc4b-b67e-41a9-9988-521d9e53c16e storage_connect_start=510360996 storage_connect_end=510360997 storage_connect_duration_ms=1 phase=pre_execution
[2026-02-03 01:11:58.790] [info] [spider.worker] [TIMING] task_id=6001fc4b-b67e-41a9-9988-521d9e53c16e func=job_orchestration.executor.query.spider_search_task.search_without_channel fetch_input_start=510360997 fetch_input_end=510360998 fetch_input_duration_ms=1
[2026-02-03 01:11:58.791] [info] [spider.worker] [TIMING] task_id=6001fc4b-b67e-41a9-9988-521d9e53c16e func=job_orchestration.executor.query.spider_search_task.search_without_channel input_send_start=510360999 input_send_end=510360999 input_send_duration_ms=0 bytes=612
[2026-02-03 01:11:58.791] [info] [spider.worker] [TIMING] task_id=6001fc4b-b67e-41a9-9988-521d9e53c16e func=job_orchestration.executor.query.spider_search_task.search_without_channel spawn_start=510360999 spawn_end=510360999 spawn_duration_ms=0
[2026-02-03 01:12:00.274] [info] [spider.worker] [TIMING] task_id=6001fc4b-b67e-41a9-9988-521d9e53c16e func=job_orchestration.executor.query.spider_search_task.search_without_channel execution_start=510360999 execution_end=510362482 execution_duration_ms=1483
[2026-02-03 01:12:00.276] [info] [spider.worker] [TIMING] task_id=6001fc4b-b67e-41a9-9988-521d9e53c16e func=job_orchestration.executor.query.spider_search_task.search_without_channel storage_connect_start=510362482 storage_connect_end=510362484 storage_connect_duration_ms=1 phase=handle_result
[2026-02-03 01:12:00.296] [info] [spider.worker] [TIMING] task_id=6001fc4b-b67e-41a9-9988-521d9e53c16e func=job_orchestration.executor.query.spider_search_task.search_without_channel submit_output_start=510362484 submit_output_end=510362504 submit_output_duration_ms=19
[2026-02-03 01:12:00.312] [info] [spider.worker] [TIMING] worker_id=3153beb6-f7b7-45c8-9fcf-c55af5037fbf task_id=2b3ced13-b2d6-44b4-a863-476209215367 get_next_task request_start=510362506 connect_end=510362508 send_end=510362508 receive_end=510362508 connect_duration_ms=1 send_duration_ms=0 receive_duration_ms=0 total_duration_ms=1
[2026-02-03 01:12:00.315] [info] [spider.worker] [TIMING] task_id=2b3ced13-b2d6-44b4-a863-476209215367 storage_connect_start=510362521 storage_connect_end=510362523 storage_connect_duration_ms=1 phase=pre_execution
[2026-02-03 01:12:00.316] [info] [spider.worker] [TIMING] task_id=2b3ced13-b2d6-44b4-a863-476209215367 func=job_orchestration.executor.query.spider_search_task.search_without_channel fetch_input_start=510362523 fetch_input_end=510362524 fetch_input_duration_ms=1
[2026-02-03 01:12:00.316] [info] [spider.worker] [TIMING] task_id=2b3ced13-b2d6-44b4-a863-476209215367 func=job_orchestration.executor.query.spider_search_task.search_without_channel input_send_start=510362525 input_send_end=510362525 input_send_duration_ms=0 bytes=612
[2026-02-03 01:12:00.316] [info] [spider.worker] [TIMING] task_id=2b3ced13-b2d6-44b4-a863-476209215367 func=job_orchestration.executor.query.spider_search_task.search_without_channel spawn_start=510362524 spawn_end=510362525 spawn_duration_ms=0
[2026-02-03 01:12:01.559] [info] [spider.worker] [TIMING] task_id=2b3ced13-b2d6-44b4-a863-476209215367 func=job_orchestration.executor.query.spider_search_task.search_without_channel execution_start=510362525 execution_end=510363767 execution_duration_ms=1242
[2026-02-03 01:12:01.560] [info] [spider.worker] [TIMING] task_id=2b3ced13-b2d6-44b4-a863-476209215367 func=job_orchestration.executor.query.spider_search_task.search_without_channel storage_connect_start=510363767 storage_connect_end=510363769 storage_connect_duration_ms=1 phase=handle_result
[2026-02-03 01:12:01.571] [info] [spider.worker] [TIMING] task_id=2b3ced13-b2d6-44b4-a863-476209215367 func=job_orchestration.executor.query.spider_search_task.search_without_channel submit_output_start=510363769 submit_output_end=510363779 submit_output_duration_ms=10
[2026-02-03 01:12:01.587] [info] [spider.worker] [TIMING] worker_id=3153beb6-f7b7-45c8-9fcf-c55af5037fbf task_id=81f22657-525d-41b0-9fe9-cc74dbaea32c get_next_task request_start=510363781 connect_end=510363783 send_end=510363783 receive_end=510363783 connect_duration_ms=1 send_duration_ms=0 receive_duration_ms=0 total_duration_ms=1
[2026-02-03 01:12:01.589] [info] [spider.worker] [TIMING] task_id=81f22657-525d-41b0-9fe9-cc74dbaea32c storage_connect_start=510363796 storage_connect_end=510363797 storage_connect_duration_ms=1 phase=pre_execution
[2026-02-03 01:12:01.590] [info] [spider.worker] [TIMING] task_id=81f22657-525d-41b0-9fe9-cc74dbaea32c func=job_orchestration.executor.query.spider_search_task.search_without_channel fetch_input_start=510363797 fetch_input_end=510363798 fetch_input_duration_ms=0
[2026-02-03 01:12:01.591] [info] [spider.worker] [TIMING] task_id=81f22657-525d-41b0-9fe9-cc74dbaea32c func=job_orchestration.executor.query.spider_search_task.search_without_channel input_send_start=510363799 input_send_end=510363799 input_send_duration_ms=0 bytes=612
[2026-02-03 01:12:01.591] [info] [spider.worker] [TIMING] task_id=81f22657-525d-41b0-9fe9-cc74dbaea32c func=job_orchestration.executor.query.spider_search_task.search_without_channel spawn_start=510363798 spawn_end=510363799 spawn_duration_ms=0
[2026-02-03 01:12:02.902] [info] [spider.worker] [TIMING] task_id=81f22657-525d-41b0-9fe9-cc74dbaea32c func=job_orchestration.executor.query.spider_search_task.search_without_channel execution_start=510363799 execution_end=510365110 execution_duration_ms=1310
[2026-02-03 01:12:02.903] [info] [spider.worker] [TIMING] task_id=81f22657-525d-41b0-9fe9-cc74dbaea32c func=job_orchestration.executor.query.spider_search_task.search_without_channel storage_connect_start=510365110 storage_connect_end=510365112 storage_connect_duration_ms=1 phase=handle_result
[2026-02-03 01:12:02.930] [info] [spider.worker] [TIMING] task_id=81f22657-525d-41b0-9fe9-cc74dbaea32c func=job_orchestration.executor.query.spider_search_task.search_without_channel submit_output_start=510365112 submit_output_end=510365139 submit_output_duration_ms=27
[2026-02-03 01:12:02.946] [info] [spider.worker] [TIMING] worker_id=3153beb6-f7b7-45c8-9fcf-c55af5037fbf task_id=29d3b93b-12ba-45ab-839d-46a7ff4f1d62 get_next_task request_start=510365141 connect_end=510365143 send_end=510365143 receive_end=510365143 connect_duration_ms=1 send_duration_ms=0 receive_duration_ms=0 total_duration_ms=1
[2026-02-03 01:12:02.948] [info] [spider.worker] [TIMING] task_id=29d3b93b-12ba-45ab-839d-46a7ff4f1d62 storage_connect_start=510365154 storage_connect_end=510365156 storage_connect_duration_ms=1 phase=pre_execution
[2026-02-03 01:12:02.949] [info] [spider.worker] [TIMING] task_id=29d3b93b-12ba-45ab-839d-46a7ff4f1d62 func=job_orchestration.executor.query.spider_search_task.search_without_channel fetch_input_start=510365156 fetch_input_end=510365158 fetch_input_duration_ms=1
[2026-02-03 01:12:02.950] [info] [spider.worker] [TIMING] task_id=29d3b93b-12ba-45ab-839d-46a7ff4f1d62 func=job_orchestration.executor.query.spider_search_task.search_without_channel input_send_start=510365158 input_send_end=510365158 input_send_duration_ms=0 bytes=612
[2026-02-03 01:12:02.950] [info] [spider.worker] [TIMING] task_id=29d3b93b-12ba-45ab-839d-46a7ff4f1d62 func=job_orchestration.executor.query.spider_search_task.search_without_channel spawn_start=510365158 spawn_end=510365158 spawn_duration_ms=0
[2026-02-03 01:12:04.424] [info] [spider.worker] [TIMING] task_id=29d3b93b-12ba-45ab-839d-46a7ff4f1d62 func=job_orchestration.executor.query.spider_search_task.search_without_channel execution_start=510365158 execution_end=510366632 execution_duration_ms=1473
[2026-02-03 01:12:04.426] [info] [spider.worker] [TIMING] task_id=29d3b93b-12ba-45ab-839d-46a7ff4f1d62 func=job_orchestration.executor.query.spider_search_task.search_without_channel storage_connect_start=510366632 storage_connect_end=510366634 storage_connect_duration_ms=1 phase=handle_result
[2026-02-03 01:12:04.509] [info] [spider.worker] [TIMING] task_id=29d3b93b-12ba-45ab-839d-46a7ff4f1d62 func=job_orchestration.executor.query.spider_search_task.search_without_channel submit_output_start=510366634 submit_output_end=510366717 submit_output_duration_ms=83
[2026-02-03 01:12:04.555] [info] [spider.worker] [TIMING] worker_id=3153beb6-f7b7-45c8-9fcf-c55af5037fbf task_id=955ec067-626e-48fb-a62d-e2102670fba9 get_next_task request_start=510366720 connect_end=510366721 send_end=510366721 receive_end=510366721 connect_duration_ms=1 send_duration_ms=0 receive_duration_ms=0 total_duration_ms=1
[2026-02-03 01:12:04.556] [info] [spider.worker] [TIMING] task_id=955ec067-626e-48fb-a62d-e2102670fba9 storage_connect_start=510366764 storage_connect_end=510366765 storage_connect_duration_ms=1 phase=pre_execution
[2026-02-03 01:12:04.558] [info] [spider.worker] [TIMING] task_id=955ec067-626e-48fb-a62d-e2102670fba9 func=job_orchestration.executor.query.spider_search_task.search_without_channel fetch_input_start=510366765 fetch_input_end=510366766 fetch_input_duration_ms=1
[2026-02-03 01:12:04.558] [info] [spider.worker] [TIMING] task_id=955ec067-626e-48fb-a62d-e2102670fba9 func=job_orchestration.executor.query.spider_search_task.search_without_channel input_send_start=510366767 input_send_end=510366767 input_send_duration_ms=0 bytes=612
[2026-02-03 01:12:04.558] [info] [spider.worker] [TIMING] task_id=955ec067-626e-48fb-a62d-e2102670fba9 func=job_orchestration.executor.query.spider_search_task.search_without_channel spawn_start=510366766 spawn_end=510366767 spawn_duration_ms=0
[2026-02-03 01:12:05.975] [info] [spider.worker] [TIMING] task_id=955ec067-626e-48fb-a62d-e2102670fba9 func=job_orchestration.executor.query.spider_search_task.search_without_channel execution_start=510366767 execution_end=510368183 execution_duration_ms=1416
[2026-02-03 01:12:05.977] [info] [spider.worker] [TIMING] task_id=955ec067-626e-48fb-a62d-e2102670fba9 func=job_orchestration.executor.query.spider_search_task.search_without_channel storage_connect_start=510368183 storage_connect_end=510368185 storage_connect_duration_ms=1 phase=handle_result
[2026-02-03 01:12:05.988] [info] [spider.worker] [TIMING] task_id=955ec067-626e-48fb-a62d-e2102670fba9 func=job_orchestration.executor.query.spider_search_task.search_without_channel submit_output_start=510368185 submit_output_end=510368196 submit_output_duration_ms=11
[2026-02-03 01:12:06.021] [info] [spider.worker] [TIMING] worker_id=3153beb6-f7b7-45c8-9fcf-c55af5037fbf task_id=1f80b1fe-f748-4dcc-ad5c-70827f5328a4 get_next_task request_start=510368198 connect_end=510368199 send_end=510368199 receive_end=510368200 connect_duration_ms=1 send_duration_ms=0 receive_duration_ms=0 total_duration_ms=1
[2026-02-03 01:12:06.023] [info] [spider.worker] [TIMING] task_id=1f80b1fe-f748-4dcc-ad5c-70827f5328a4 storage_connect_start=510368230 storage_connect_end=510368231 storage_connect_duration_ms=1 phase=pre_execution
[2026-02-03 01:12:06.023] [info] [spider.worker] [TIMING] task_id=1f80b1fe-f748-4dcc-ad5c-70827f5328a4 func=job_orchestration.executor.query.spider_search_task.search_without_channel fetch_input_start=510368231 fetch_input_end=510368232 fetch_input_duration_ms=0
[2026-02-03 01:12:06.024] [info] [spider.worker] [TIMING] task_id=1f80b1fe-f748-4dcc-ad5c-70827f5328a4 func=job_orchestration.executor.query.spider_search_task.search_without_channel input_send_start=510368232 input_send_end=510368232 input_send_duration_ms=0 bytes=612
[2026-02-03 01:12:06.024] [info] [spider.worker] [TIMING] task_id=1f80b1fe-f748-4dcc-ad5c-70827f5328a4 func=job_orchestration.executor.query.spider_search_task.search_without_channel spawn_start=510368232 spawn_end=510368232 spawn_duration_ms=0
[2026-02-03 01:12:07.233] [info] [spider.worker] [TIMING] task_id=1f80b1fe-f748-4dcc-ad5c-70827f5328a4 func=job_orchestration.executor.query.spider_search_task.search_without_channel execution_start=510368232 execution_end=510369441 execution_duration_ms=1208
[2026-02-03 01:12:07.242] [info] [spider.worker] [TIMING] task_id=1f80b1fe-f748-4dcc-ad5c-70827f5328a4 func=job_orchestration.executor.query.spider_search_task.search_without_channel storage_connect_start=510369441 storage_connect_end=510369451 storage_connect_duration_ms=9 phase=handle_result
[2026-02-03 01:12:07.263] [info] [spider.worker] [TIMING] task_id=1f80b1fe-f748-4dcc-ad5c-70827f5328a4 func=job_orchestration.executor.query.spider_search_task.search_without_channel submit_output_start=510369451 submit_output_end=510369472 submit_output_duration_ms=21
[2026-02-03 01:12:07.288] [info] [spider.worker] [TIMING] worker_id=3153beb6-f7b7-45c8-9fcf-c55af5037fbf task_id=8f372fd4-74b3-4a91-8077-36cb3711f201 get_next_task request_start=510369474 connect_end=510369476 send_end=510369476 receive_end=510369476 connect_duration_ms=1 send_duration_ms=0 receive_duration_ms=0 total_duration_ms=1
[2026-02-03 01:12:07.290] [info] [spider.worker] [TIMING] task_id=8f372fd4-74b3-4a91-8077-36cb3711f201 storage_connect_start=510369497 storage_connect_end=510369499 storage_connect_duration_ms=1 phase=pre_execution
[2026-02-03 01:12:07.291] [info] [spider.worker] [TIMING] task_id=8f372fd4-74b3-4a91-8077-36cb3711f201 func=job_orchestration.executor.query.spider_search_task.search_without_channel fetch_input_start=510369499 fetch_input_end=510369500 fetch_input_duration_ms=0
[2026-02-03 01:12:07.292] [info] [spider.worker] [TIMING] task_id=8f372fd4-74b3-4a91-8077-36cb3711f201 func=job_orchestration.executor.query.spider_search_task.search_without_channel input_send_start=510369500 input_send_end=510369500 input_send_duration_ms=0 bytes=612
[2026-02-03 01:12:07.292] [info] [spider.worker] [TIMING] task_id=8f372fd4-74b3-4a91-8077-36cb3711f201 func=job_orchestration.executor.query.spider_search_task.search_without_channel spawn_start=510369500 spawn_end=510369500 spawn_duration_ms=0
[2026-02-03 01:12:08.834] [info] [spider.worker] [TIMING] task_id=8f372fd4-74b3-4a91-8077-36cb3711f201 func=job_orchestration.executor.query.spider_search_task.search_without_channel execution_start=510369501 execution_end=510371042 execution_duration_ms=1541
[2026-02-03 01:12:08.838] [info] [spider.worker] [TIMING] task_id=8f372fd4-74b3-4a91-8077-36cb3711f201 func=job_orchestration.executor.query.spider_search_task.search_without_channel storage_connect_start=510371043 storage_connect_end=510371046 storage_connect_duration_ms=3 phase=handle_result
[2026-02-03 01:12:08.887] [info] [spider.worker] [TIMING] task_id=8f372fd4-74b3-4a91-8077-36cb3711f201 func=job_orchestration.executor.query.spider_search_task.search_without_channel submit_output_start=510371046 submit_output_end=510371096 submit_output_duration_ms=49
[2026-02-03 01:12:08.893] [info] [spider.worker] [TIMING] worker_id=3153beb6-f7b7-45c8-9fcf-c55af5037fbf task_id=none get_next_task request_start=510371098 connect_end=510371099 send_end=510371099 receive_end=510371102 connect_duration_ms=1 send_duration_ms=0 receive_duration_ms=2 total_duration_ms=3
[2026-02-03 01:12:08.999] [info] [spider.worker] [TIMING] worker_id=3153beb6-f7b7-45c8-9fcf-c55af5037fbf task_id=none get_next_task request_start=510371204 connect_end=510371205 send_end=510371205 receive_end=510371208 connect_duration_ms=1 send_duration_ms=0 receive_duration_ms=2 total_duration_ms=3
[2026-02-03 01:12:09.109] [info] [spider.worker] [TIMING] worker_id=3153beb6-f7b7-45c8-9fcf-c55af5037fbf task_id=none get_next_task request_start=510371310 connect_end=510371311 send_end=510371311 receive_end=510371317 connect_duration_ms=1 send_duration_ms=0 receive_duration_ms=6 total_duration_ms=7
[2026-02-03 01:12:09.217] [info] [spider.worker] [TIMING] worker_id=3153beb6-f7b7-45c8-9fcf-c55af5037fbf task_id=none get_next_task request_start=510371419 connect_end=510371420 send_end=510371420 receive_end=510371425 connect_duration_ms=1 send_duration_ms=0 receive_duration_ms=5 total_duration_ms=6
[2026-02-03 01:12:09.322] [info] [spider.worker] [TIMING] worker_id=3153beb6-f7b7-45c8-9fcf-c55af5037fbf task_id=none get_next_task request_start=510371527 connect_end=510371528 send_end=510371528 receive_end=510371530 connect_duration_ms=1 send_duration_ms=0 receive_duration_ms=2 total_duration_ms=3
[2026-02-03 01:12:09.430] [info] [spider.worker] [TIMING] worker_id=3153beb6-f7b7-45c8-9fcf-c55af5037fbf task_id=none get_next_task request_start=510371632 connect_end=510371634 send_end=510371634 receive_end=510371638 connect_duration_ms=1 send_duration_ms=0 receive_duration_ms=4 total_duration_ms=5
[2026-02-03 01:12:09.536] [info] [spider.worker] [TIMING] worker_id=3153beb6-f7b7-45c8-9fcf-c55af5037fbf task_id=none get_next_task request_start=510371740 connect_end=510371742 send_end=510371742 receive_end=510371744 connect_duration_ms=1 send_duration_ms=0 receive_duration_ms=2 total_duration_ms=4
[2026-02-03 01:12:09.646] [info] [spider.worker] [TIMING] worker_id=3153beb6-f7b7-45c8-9fcf-c55af5037fbf task_id=none get_next_task request_start=510371847 connect_end=510371848 send_end=510371848 receive_end=510371854 connect_duration_ms=1 send_duration_ms=0 receive_duration_ms=5 total_duration_ms=7
[2026-02-03 01:12:09.830] [info] [spider.worker] [TIMING] worker_id=3153beb6-f7b7-45c8-9fcf-c55af5037fbf task_id=none get_next_task request_start=510371956 connect_end=510371957 send_end=510371957 receive_end=510372039 connect_duration_ms=1 send_duration_ms=0 receive_duration_ms=82 total_duration_ms=83
[2026-02-03 01:12:09.946] [info] [spider.worker] [TIMING] worker_id=3153beb6-f7b7-45c8-9fcf-c55af5037fbf task_id=none get_next_task request_start=510372141 connect_end=510372142 send_end=510372142 receive_end=510372154 connect_duration_ms=1 send_duration_ms=0 receive_duration_ms=11 total_duration_ms=13
[2026-02-03 01:12:10.058] [info] [spider.worker] [TIMING] worker_id=3153beb6-f7b7-45c8-9fcf-c55af5037fbf task_id=none get_next_task request_start=510372256 connect_end=510372257 send_end=510372257 receive_end=510372267 connect_duration_ms=1 send_duration_ms=0 receive_duration_ms=9 total_duration_ms=10
[2026-02-03 01:12:10.171] [info] [spider.worker] [TIMING] worker_id=3153beb6-f7b7-45c8-9fcf-c55af5037fbf task_id=none get_next_task request_start=510372369 connect_end=510372371 send_end=510372371 receive_end=510372379 connect_duration_ms=1 send_duration_ms=0 receive_duration_ms=8 total_duration_ms=10
[2026-02-03 01:12:10.281] [info] [spider.worker] [TIMING] worker_id=3153beb6-f7b7-45c8-9fcf-c55af5037fbf task_id=none get_next_task request_start=510372482 connect_end=510372484 send_end=510372484 receive_end=510372489 connect_duration_ms=1 send_duration_ms=0 receive_duration_ms=5 total_duration_ms=7
[2026-02-03 01:12:10.396] [info] [spider.worker] [TIMING] worker_id=3153beb6-f7b7-45c8-9fcf-c55af5037fbf task_id=none get_next_task request_start=510372592 connect_end=510372594 send_end=510372594 receive_end=510372605 connect_duration_ms=1 send_duration_ms=0 receive_duration_ms=11 total_duration_ms=12
[2026-02-03 01:12:10.505] [info] [spider.worker] [TIMING] worker_id=3153beb6-f7b7-45c8-9fcf-c55af5037fbf task_id=none get_next_task request_start=510372707 connect_end=510372709 send_end=510372709 receive_end=510372714 connect_duration_ms=1 send_duration_ms=0 receive_duration_ms=4 total_duration_ms=6
[2026-02-03 01:12:10.613] [info] [spider.worker] [TIMING] worker_id=3153beb6-f7b7-45c8-9fcf-c55af5037fbf task_id=none get_next_task request_start=510372815 connect_end=510372816 send_end=510372817 receive_end=510372821 connect_duration_ms=1 send_duration_ms=0 receive_duration_ms=4 total_duration_ms=6
[2026-02-03 01:12:10.717] [info] [spider.worker] [TIMING] worker_id=3153beb6-f7b7-45c8-9fcf-c55af5037fbf task_id=none get_next_task request_start=510372923 connect_end=510372923 send_end=510372924 receive_end=510372926 connect_duration_ms=0 send_duration_ms=0 receive_duration_ms=2 total_duration_ms=2
[2026-02-03 01:12:10.822] [info] [spider.worker] [TIMING] worker_id=3153beb6-f7b7-45c8-9fcf-c55af5037fbf task_id=none get_next_task request_start=510373027 connect_end=510373028 send_end=510373028 receive_end=510373030 connect_duration_ms=1 send_duration_ms=0 receive_duration_ms=2 total_duration_ms=3
[2026-02-03 01:12:10.927] [info] [spider.worker] [TIMING] worker_id=3153beb6-f7b7-45c8-9fcf-c55af5037fbf task_id=none get_next_task request_start=510373132 connect_end=510373133 send_end=510373133 receive_end=510373135 connect_duration_ms=0 send_duration_ms=0 receive_duration_ms=1 total_duration_ms=2
[2026-02-03 01:12:11.031] [info] [spider.worker] [TIMING] worker_id=3153beb6-f7b7-45c8-9fcf-c55af5037fbf task_id=none get_next_task request_start=510373237 connect_end=510373238 send_end=510373238 receive_end=510373240 connect_duration_ms=1 send_duration_ms=0 receive_duration_ms=2 total_duration_ms=3
[2026-02-03 01:12:11.137] [info] [spider.worker] [TIMING] worker_id=3153beb6-f7b7-45c8-9fcf-c55af5037fbf task_id=none get_next_task request_start=510373341 connect_end=510373342 send_end=510373342 receive_end=510373345 connect_duration_ms=0 send_duration_ms=0 receive_duration_ms=2 total_duration_ms=3
[2026-02-03 01:12:11.251] [info] [spider.worker] [TIMING] worker_id=3153beb6-f7b7-45c8-9fcf-c55af5037fbf task_id=none get_next_task request_start=510373447 connect_end=510373448 send_end=510373449 receive_end=510373460 connect_duration_ms=1 send_duration_ms=0 receive_duration_ms=11 total_duration_ms=12
[2026-02-03 01:12:11.357] [info] [spider.worker] [TIMING] worker_id=3153beb6-f7b7-45c8-9fcf-c55af5037fbf task_id=none get_next_task request_start=510373562 connect_end=510373563 send_end=510373563 receive_end=510373565 connect_duration_ms=1 send_duration_ms=0 receive_duration_ms=2 total_duration_ms=3
[2026-02-03 01:12:11.463] [info] [spider.worker] [TIMING] worker_id=3153beb6-f7b7-45c8-9fcf-c55af5037fbf task_id=none get_next_task request_start=510373667 connect_end=510373669 send_end=510373669 receive_end=510373672 connect_duration_ms=1 send_duration_ms=0 receive_duration_ms=2 total_duration_ms=4
[2026-02-03 01:12:11.569] [info] [spider.worker] [TIMING] worker_id=3153beb6-f7b7-45c8-9fcf-c55af5037fbf task_id=none get_next_task request_start=510373773 connect_end=510373775 send_end=510373775 receive_end=510373778 connect_duration_ms=1 send_duration_ms=0 receive_duration_ms=2 total_duration_ms=4
[2026-02-03 01:12:11.686] [info] [spider.worker] [TIMING] worker_id=3153beb6-f7b7-45c8-9fcf-c55af5037fbf task_id=none get_next_task request_start=510373880 connect_end=510373881 send_end=510373881 receive_end=510373895 connect_duration_ms=1 send_duration_ms=0 receive_duration_ms=13 total_duration_ms=14
[2026-02-03 01:12:11.791] [info] [spider.worker] [TIMING] worker_id=3153beb6-f7b7-45c8-9fcf-c55af5037fbf task_id=none get_next_task request_start=510373996 connect_end=510373997 send_end=510373997 receive_end=510374000 connect_duration_ms=1 send_duration_ms=0 receive_duration_ms=2 total_duration_ms=3
[2026-02-03 01:12:11.897] [info] [spider.worker] [TIMING] worker_id=3153beb6-f7b7-45c8-9fcf-c55af5037fbf task_id=none get_next_task request_start=510374101 connect_end=510374102 send_end=510374102 receive_end=510374106 connect_duration_ms=0 send_duration_ms=0 receive_duration_ms=3 total_duration_ms=4
[2026-02-03 01:12:12.005] [info] [spider.worker] [TIMING] worker_id=3153beb6-f7b7-45c8-9fcf-c55af5037fbf task_id=none get_next_task request_start=510374207 connect_end=510374208 send_end=510374209 receive_end=510374213 connect_duration_ms=1 send_duration_ms=0 receive_duration_ms=4 total_duration_ms=5
[2026-02-03 01:12:12.109] [info] [spider.worker] [TIMING] worker_id=3153beb6-f7b7-45c8-9fcf-c55af5037fbf task_id=none get_next_task request_start=510374315 connect_end=510374316 send_end=510374316 receive_end=510374317 connect_duration_ms=0 send_duration_ms=0 receive_duration_ms=1 total_duration_ms=2
[2026-02-03 01:12:12.213] [info] [spider.worker] [TIMING] worker_id=3153beb6-f7b7-45c8-9fcf-c55af5037fbf task_id=none get_next_task request_start=510374419 connect_end=510374419 send_end=510374419 receive_end=510374421 connect_duration_ms=0 send_duration_ms=0 receive_duration_ms=1 total_duration_ms=2
[2026-02-03 01:12:12.317] [info] [spider.worker] [TIMING] worker_id=3153beb6-f7b7-45c8-9fcf-c55af5037fbf task_id=none get_next_task request_start=510374523 connect_end=510374523 send_end=510374523 receive_end=510374525 connect_duration_ms=0 send_duration_ms=0 receive_duration_ms=1 total_duration_ms=2
[2026-02-03 01:12:12.432] [info] [spider.worker] [TIMING] worker_id=3153beb6-f7b7-45c8-9fcf-c55af5037fbf task_id=none get_next_task request_start=510374635 connect_end=510374636 send_end=510374636 receive_end=510374640 connect_duration_ms=1 send_duration_ms=0 receive_duration_ms=3 total_duration_ms=4
[2026-02-03 01:12:12.538] [info] [spider.worker] [TIMING] worker_id=3153beb6-f7b7-45c8-9fcf-c55af5037fbf task_id=none get_next_task request_start=510374742 connect_end=510374743 send_end=510374743 receive_end=510374747 connect_duration_ms=1 send_duration_ms=0 receive_duration_ms=3 total_duration_ms=4
[2026-02-03 01:12:12.643] [info] [spider.worker] [TIMING] worker_id=3153beb6-f7b7-45c8-9fcf-c55af5037fbf task_id=none get_next_task request_start=510374849 connect_end=510374849 send_end=510374849 receive_end=510374852 connect_duration_ms=0 send_duration_ms=0 receive_duration_ms=2 total_duration_ms=3
[2026-02-03 01:12:12.749] [info] [spider.worker] [TIMING] worker_id=3153beb6-f7b7-45c8-9fcf-c55af5037fbf task_id=none get_next_task request_start=510374954 connect_end=510374955 send_end=510374955 receive_end=510374957 connect_duration_ms=1 send_duration_ms=0 receive_duration_ms=2 total_duration_ms=3
[2026-02-03 01:12:12.861] [info] [spider.worker] [TIMING] worker_id=3153beb6-f7b7-45c8-9fcf-c55af5037fbf task_id=none get_next_task request_start=510375059 connect_end=510375061 send_end=510375061 receive_end=510375069 connect_duration_ms=1 send_duration_ms=0 receive_duration_ms=8 total_duration_ms=9
[2026-02-03 01:12:12.969] [info] [spider.worker] [TIMING] worker_id=3153beb6-f7b7-45c8-9fcf-c55af5037fbf task_id=none get_next_task request_start=510375172 connect_end=510375173 send_end=510375173 receive_end=510375178 connect_duration_ms=1 send_duration_ms=0 receive_duration_ms=4 total_duration_ms=6
[2026-02-03 01:12:13.077] [info] [spider.worker] [TIMING] worker_id=3153beb6-f7b7-45c8-9fcf-c55af5037fbf task_id=none get_next_task request_start=510375280 connect_end=510375282 send_end=510375282 receive_end=510375285 connect_duration_ms=1 send_duration_ms=0 receive_duration_ms=3 total_duration_ms=5
[2026-02-03 01:12:13.183] [info] [spider.worker] [TIMING] worker_id=3153beb6-f7b7-45c8-9fcf-c55af5037fbf task_id=none get_next_task request_start=510375388 connect_end=510375390 send_end=510375390 receive_end=510375392 connect_duration_ms=1 send_duration_ms=0 receive_duration_ms=2 total_duration_ms=3
[2026-02-03 01:12:13.288] [info] [spider.worker] [TIMING] worker_id=3153beb6-f7b7-45c8-9fcf-c55af5037fbf task_id=none get_next_task request_start=510375494 connect_end=510375494 send_end=510375494 receive_end=510375496 connect_duration_ms=0 send_duration_ms=0 receive_duration_ms=1 total_duration_ms=2
[2026-02-03 01:12:13.392] [info] [spider.worker] [TIMING] worker_id=3153beb6-f7b7-45c8-9fcf-c55af5037fbf task_id=none get_next_task request_start=510375598 connect_end=510375599 send_end=510375599 receive_end=510375601 connect_duration_ms=0 send_duration_ms=0 receive_duration_ms=1 total_duration_ms=2
[2026-02-03 01:12:13.502] [info] [spider.worker] [TIMING] worker_id=3153beb6-f7b7-45c8-9fcf-c55af5037fbf task_id=none get_next_task request_start=510375702 connect_end=510375704 send_end=510375704 receive_end=510375711 connect_duration_ms=1 send_duration_ms=0 receive_duration_ms=6 total_duration_ms=8
[2026-02-03 01:12:13.606] [info] [spider.worker] [TIMING] worker_id=3153beb6-f7b7-45c8-9fcf-c55af5037fbf task_id=none get_next_task request_start=510375812 connect_end=510375813 send_end=510375813 receive_end=510375815 connect_duration_ms=0 send_duration_ms=0 receive_duration_ms=1 total_duration_ms=2
[2026-02-03 01:12:13.717] [info] [spider.worker] [TIMING] worker_id=3153beb6-f7b7-45c8-9fcf-c55af5037fbf task_id=none get_next_task request_start=510375917 connect_end=510375918 send_end=510375918 receive_end=510375925 connect_duration_ms=1 send_duration_ms=0 receive_duration_ms=6 total_duration_ms=8
[2026-02-03 01:12:13.824] [info] [spider.worker] [TIMING] worker_id=3153beb6-f7b7-45c8-9fcf-c55af5037fbf task_id=none get_next_task request_start=510376027 connect_end=510376028 send_end=510376028 receive_end=510376032 connect_duration_ms=1 send_duration_ms=0 receive_duration_ms=3 total_duration_ms=5
[2026-02-03 01:12:13.932] [info] [spider.worker] [TIMING] worker_id=3153beb6-f7b7-45c8-9fcf-c55af5037fbf task_id=none get_next_task request_start=510376135 connect_end=510376136 send_end=510376136 receive_end=510376140 connect_duration_ms=1 send_duration_ms=0 receive_duration_ms=3 total_duration_ms=5
[2026-02-03 01:12:14.040] [info] [spider.worker] [TIMING] worker_id=3153beb6-f7b7-45c8-9fcf-c55af5037fbf task_id=none get_next_task request_start=510376242 connect_end=510376244 send_end=510376244 receive_end=510376249 connect_duration_ms=1 send_duration_ms=0 receive_duration_ms=4 total_duration_ms=6
[2026-02-03 01:12:14.148] [info] [spider.worker] [TIMING] worker_id=3153beb6-f7b7-45c8-9fcf-c55af5037fbf task_id=none get_next_task request_start=510376351 connect_end=510376352 send_end=510376352 receive_end=510376356 connect_duration_ms=1 send_duration_ms=0 receive_duration_ms=3 total_duration_ms=5
[2026-02-03 01:12:14.256] [info] [spider.worker] [TIMING] worker_id=3153beb6-f7b7-45c8-9fcf-c55af5037fbf task_id=none get_next_task request_start=510376458 connect_end=510376460 send_end=510376460 receive_end=510376464 connect_duration_ms=1 send_duration_ms=0 receive_duration_ms=4 total_duration_ms=5
[2026-02-03 01:12:14.364] [info] [spider.worker] [TIMING] worker_id=3153beb6-f7b7-45c8-9fcf-c55af5037fbf task_id=none get_next_task request_start=510376566 connect_end=510376568 send_end=510376568 receive_end=510376572 connect_duration_ms=1 send_duration_ms=0 receive_duration_ms=4 total_duration_ms=5
[2026-02-03 01:12:14.473] [info] [spider.worker] [TIMING] worker_id=3153beb6-f7b7-45c8-9fcf-c55af5037fbf task_id=none get_next_task request_start=510376675 connect_end=510376677 send_end=510376677 receive_end=510376681 connect_duration_ms=1 send_duration_ms=0 receive_duration_ms=4 total_duration_ms=6
[2026-02-03 01:12:14.580] [info] [spider.worker] [TIMING] worker_id=3153beb6-f7b7-45c8-9fcf-c55af5037fbf task_id=none get_next_task request_start=510376783 connect_end=510376785 send_end=510376785 receive_end=510376789 connect_duration_ms=1 send_duration_ms=0 receive_duration_ms=3 total_duration_ms=5
[2026-02-03 01:12:14.689] [info] [spider.worker] [TIMING] worker_id=3153beb6-f7b7-45c8-9fcf-c55af5037fbf task_id=none get_next_task request_start=510376892 connect_end=510376893 send_end=510376893 receive_end=510376897 connect_duration_ms=1 send_duration_ms=0 receive_duration_ms=4 total_duration_ms=5
[2026-02-03 01:12:14.794] [info] [spider.worker] [TIMING] worker_id=3153beb6-f7b7-45c8-9fcf-c55af5037fbf task_id=none get_next_task request_start=510376999 connect_end=510377001 send_end=510377001 receive_end=510377003 connect_duration_ms=1 send_duration_ms=0 receive_duration_ms=2 total_duration_ms=3
[2026-02-03 01:12:14.901] [info] [spider.worker] [TIMING] worker_id=3153beb6-f7b7-45c8-9fcf-c55af5037fbf task_id=none get_next_task request_start=510377105 connect_end=510377106 send_end=510377106 receive_end=510377110 connect_duration_ms=1 send_duration_ms=0 receive_duration_ms=3 total_duration_ms=4
[2026-02-03 01:12:15.010] [info] [spider.worker] [TIMING] worker_id=3153beb6-f7b7-45c8-9fcf-c55af5037fbf task_id=none get_next_task request_start=510377212 connect_end=510377213 send_end=510377213 receive_end=510377218 connect_duration_ms=1 send_duration_ms=0 receive_duration_ms=4 total_duration_ms=6
[2026-02-03 01:12:15.118] [info] [spider.worker] [TIMING] worker_id=3153beb6-f7b7-45c8-9fcf-c55af5037fbf task_id=none get_next_task request_start=510377320 connect_end=510377322 send_end=510377322 receive_end=510377326 connect_duration_ms=1 send_duration_ms=0 receive_duration_ms=4 total_duration_ms=5
[2026-02-03 01:12:15.224] [info] [spider.worker] [TIMING] worker_id=3153beb6-f7b7-45c8-9fcf-c55af5037fbf task_id=none get_next_task request_start=510377429 connect_end=510377430 send_end=510377430 receive_end=510377433 connect_duration_ms=1 send_duration_ms=0 receive_duration_ms=2 total_duration_ms=4
[2026-02-03 01:12:15.333] [info] [spider.worker] [TIMING] worker_id=3153beb6-f7b7-45c8-9fcf-c55af5037fbf task_id=none get_next_task request_start=510377535 connect_end=510377537 send_end=510377537 receive_end=510377542 connect_duration_ms=1 send_duration_ms=0 receive_duration_ms=4 total_duration_ms=6
[2026-02-03 01:12:15.442] [info] [spider.worker] [TIMING] worker_id=3153beb6-f7b7-45c8-9fcf-c55af5037fbf task_id=none get_next_task request_start=510377644 connect_end=510377646 send_end=510377646 receive_end=510377650 connect_duration_ms=1 send_duration_ms=0 receive_duration_ms=3 total_duration_ms=5
[2026-02-03 01:12:15.550] [info] [spider.worker] [TIMING] worker_id=3153beb6-f7b7-45c8-9fcf-c55af5037fbf task_id=none get_next_task request_start=510377752 connect_end=510377754 send_end=510377754 receive_end=510377758 connect_duration_ms=1 send_duration_ms=0 receive_duration_ms=4 total_duration_ms=5
[2026-02-03 01:12:15.659] [info] [spider.worker] [TIMING] worker_id=3153beb6-f7b7-45c8-9fcf-c55af5037fbf task_id=none get_next_task request_start=510377861 connect_end=510377862 send_end=510377862 receive_end=510377867 connect_duration_ms=1 send_duration_ms=0 receive_duration_ms=5 total_duration_ms=6
[2026-02-03 01:12:15.767] [info] [spider.worker] [TIMING] worker_id=3153beb6-f7b7-45c8-9fcf-c55af5037fbf task_id=none get_next_task request_start=510377970 connect_end=510377972 send_end=510377972 receive_end=510377975 connect_duration_ms=1 send_duration_ms=0 receive_duration_ms=3 total_duration_ms=5
[2026-02-03 01:12:15.876] [info] [spider.worker] [TIMING] worker_id=3153beb6-f7b7-45c8-9fcf-c55af5037fbf task_id=none get_next_task request_start=510378078 connect_end=510378079 send_end=510378079 receive_end=510378085 connect_duration_ms=1 send_duration_ms=0 receive_duration_ms=5 total_duration_ms=6
[2026-02-03 01:12:15.985] [info] [spider.worker] [TIMING] worker_id=3153beb6-f7b7-45c8-9fcf-c55af5037fbf task_id=none get_next_task request_start=510378187 connect_end=510378189 send_end=510378189 receive_end=510378194 connect_duration_ms=1 send_duration_ms=0 receive_duration_ms=5 total_duration_ms=6
[2026-02-03 01:12:16.094] [info] [spider.worker] [TIMING] worker_id=3153beb6-f7b7-45c8-9fcf-c55af5037fbf task_id=none get_next_task request_start=510378296 connect_end=510378297 send_end=510378297 receive_end=510378302 connect_duration_ms=1 send_duration_ms=0 receive_duration_ms=5 total_duration_ms=6
[2026-02-03 01:12:16.200] [info] [spider.worker] [TIMING] worker_id=3153beb6-f7b7-45c8-9fcf-c55af5037fbf task_id=none get_next_task request_start=510378405 connect_end=510378406 send_end=510378406 receive_end=510378409 connect_duration_ms=1 send_duration_ms=0 receive_duration_ms=2 total_duration_ms=4
[2026-02-03 01:12:16.308] [info] [spider.worker] [TIMING] worker_id=3153beb6-f7b7-45c8-9fcf-c55af5037fbf task_id=none get_next_task request_start=510378511 connect_end=510378513 send_end=510378513 receive_end=510378517 connect_duration_ms=1 send_duration_ms=0 receive_duration_ms=3 total_duration_ms=5
[2026-02-03 01:12:16.419] [info] [spider.worker] [TIMING] worker_id=3153beb6-f7b7-45c8-9fcf-c55af5037fbf task_id=none get_next_task request_start=510378618 connect_end=510378619 send_end=510378619 receive_end=510378627 connect_duration_ms=1 send_duration_ms=0 receive_duration_ms=8 total_duration_ms=9
[2026-02-03 01:12:16.525] [info] [spider.worker] [TIMING] worker_id=3153beb6-f7b7-45c8-9fcf-c55af5037fbf task_id=none get_next_task request_start=510378730 connect_end=510378731 send_end=510378731 receive_end=510378734 connect_duration_ms=1 send_duration_ms=0 receive_duration_ms=2 total_duration_ms=4
[2026-02-03 01:12:16.633] [info] [spider.worker] [TIMING] worker_id=3153beb6-f7b7-45c8-9fcf-c55af5037fbf task_id=none get_next_task request_start=510378836 connect_end=510378838 send_end=510378838 receive_end=510378841 connect_duration_ms=1 send_duration_ms=0 receive_duration_ms=3 total_duration_ms=5
[2026-02-03 01:12:16.743] [info] [spider.worker] [TIMING] worker_id=3153beb6-f7b7-45c8-9fcf-c55af5037fbf task_id=none get_next_task request_start=510378944 connect_end=510378946 send_end=510378946 receive_end=510378951 connect_duration_ms=1 send_duration_ms=0 receive_duration_ms=5 total_duration_ms=7
[2026-02-03 01:12:16.851] [info] [spider.worker] [TIMING] worker_id=3153beb6-f7b7-45c8-9fcf-c55af5037fbf task_id=none get_next_task request_start=510379054 connect_end=510379055 send_end=510379055 receive_end=510379059 connect_duration_ms=1 send_duration_ms=0 receive_duration_ms=4 total_duration_ms=5
[2026-02-03 01:12:16.960] [info] [spider.worker] [TIMING] worker_id=3153beb6-f7b7-45c8-9fcf-c55af5037fbf task_id=none get_next_task request_start=510379162 connect_end=510379164 send_end=510379164 receive_end=510379169 connect_duration_ms=1 send_duration_ms=0 receive_duration_ms=4 total_duration_ms=6
[2026-02-03 01:12:17.069] [info] [spider.worker] [TIMING] worker_id=3153beb6-f7b7-45c8-9fcf-c55af5037fbf task_id=none get_next_task request_start=510379271 connect_end=510379273 send_end=510379273 receive_end=510379277 connect_duration_ms=1 send_duration_ms=0 receive_duration_ms=3 total_duration_ms=5
[2026-02-03 01:12:17.180] [info] [spider.worker] [TIMING] worker_id=3153beb6-f7b7-45c8-9fcf-c55af5037fbf task_id=none get_next_task request_start=510379380 connect_end=510379382 send_end=510379382 receive_end=510379389 connect_duration_ms=1 send_duration_ms=0 receive_duration_ms=6 total_duration_ms=8
[2026-02-03 01:12:17.291] [info] [spider.worker] [TIMING] worker_id=3153beb6-f7b7-45c8-9fcf-c55af5037fbf task_id=none get_next_task request_start=510379492 connect_end=510379494 send_end=510379494 receive_end=510379499 connect_duration_ms=2 send_duration_ms=0 receive_duration_ms=5 total_duration_ms=7
[2026-02-03 01:12:17.399] [info] [spider.worker] [TIMING] worker_id=3153beb6-f7b7-45c8-9fcf-c55af5037fbf task_id=none get_next_task request_start=510379601 connect_end=510379603 send_end=510379603 receive_end=510379608 connect_duration_ms=1 send_duration_ms=0 receive_duration_ms=5 total_duration_ms=6
[2026-02-03 01:12:17.509] [info] [spider.worker] [TIMING] worker_id=3153beb6-f7b7-45c8-9fcf-c55af5037fbf task_id=none get_next_task request_start=510379710 connect_end=510379712 send_end=510379712 receive_end=510379718 connect_duration_ms=1 send_duration_ms=0 receive_duration_ms=6 total_duration_ms=7
[2026-02-03 01:12:17.619] [info] [spider.worker] [TIMING] worker_id=3153beb6-f7b7-45c8-9fcf-c55af5037fbf task_id=none get_next_task request_start=510379820 connect_end=510379822 send_end=510379822 receive_end=510379827 connect_duration_ms=1 send_duration_ms=0 receive_duration_ms=4 total_duration_ms=6
[2026-02-03 01:12:17.727] [info] [spider.worker] [TIMING] worker_id=3153beb6-f7b7-45c8-9fcf-c55af5037fbf task_id=none get_next_task request_start=510379930 connect_end=510379931 send_end=510379931 receive_end=510379936 connect_duration_ms=1 send_duration_ms=0 receive_duration_ms=4 total_duration_ms=6
[2026-02-03 01:12:17.837] [info] [spider.worker] [TIMING] worker_id=3153beb6-f7b7-45c8-9fcf-c55af5037fbf task_id=none get_next_task request_start=510380038 connect_end=510380040 send_end=510380040 receive_end=510380045 connect_duration_ms=1 send_duration_ms=0 receive_duration_ms=5 total_duration_ms=6
[2026-02-03 01:12:17.947] [info] [spider.worker] [TIMING] worker_id=3153beb6-f7b7-45c8-9fcf-c55af5037fbf task_id=none get_next_task request_start=510380148 connect_end=510380150 send_end=510380150 receive_end=510380155 connect_duration_ms=1 send_duration_ms=0 receive_duration_ms=5 total_duration_ms=7
[2026-02-03 01:12:18.055] [info] [spider.worker] [TIMING] worker_id=3153beb6-f7b7-45c8-9fcf-c55af5037fbf task_id=none get_next_task request_start=510380258 connect_end=510380260 send_end=510380260 receive_end=510380263 connect_duration_ms=1 send_duration_ms=0 receive_duration_ms=3 total_duration_ms=5
[2026-02-03 01:12:18.163] [info] [spider.worker] [TIMING] worker_id=3153beb6-f7b7-45c8-9fcf-c55af5037fbf task_id=none get_next_task request_start=510380366 connect_end=510380367 send_end=510380367 receive_end=510380371 connect_duration_ms=1 send_duration_ms=0 receive_duration_ms=4 total_duration_ms=5
[2026-02-03 01:12:18.273] [info] [spider.worker] [TIMING] worker_id=3153beb6-f7b7-45c8-9fcf-c55af5037fbf task_id=none get_next_task request_start=510380474 connect_end=510380475 send_end=510380475 receive_end=510380481 connect_duration_ms=1 send_duration_ms=0 receive_duration_ms=6 total_duration_ms=7
[2026-02-03 01:12:18.382] [info] [spider.worker] [TIMING] worker_id=3153beb6-f7b7-45c8-9fcf-c55af5037fbf task_id=none get_next_task request_start=510380584 connect_end=510380586 send_end=510380586 receive_end=510380590 connect_duration_ms=1 send_duration_ms=0 receive_duration_ms=4 total_duration_ms=6
[2026-02-03 01:12:18.494] [info] [spider.worker] [TIMING] worker_id=3153beb6-f7b7-45c8-9fcf-c55af5037fbf task_id=none get_next_task request_start=510380693 connect_end=510380694 send_end=510380694 receive_end=510380702 connect_duration_ms=1 send_duration_ms=0 receive_duration_ms=8 total_duration_ms=9
[2026-02-03 01:12:18.605] [info] [spider.worker] [TIMING] worker_id=3153beb6-f7b7-45c8-9fcf-c55af5037fbf task_id=none get_next_task request_start=510380805 connect_end=510380807 send_end=510380807 receive_end=510380813 connect_duration_ms=1 send_duration_ms=0 receive_duration_ms=6 total_duration_ms=7
[2026-02-03 01:12:18.714] [info] [spider.worker] [TIMING] worker_id=3153beb6-f7b7-45c8-9fcf-c55af5037fbf task_id=none get_next_task request_start=510380916 connect_end=510380917 send_end=510380917 receive_end=510380922 connect_duration_ms=1 send_duration_ms=0 receive_duration_ms=4 total_duration_ms=6
[2026-02-03 01:12:18.823] [info] [spider.worker] [TIMING] worker_id=3153beb6-f7b7-45c8-9fcf-c55af5037fbf task_id=none get_next_task request_start=510381025 connect_end=510381026 send_end=510381026 receive_end=510381032 connect_duration_ms=1 send_duration_ms=0 receive_duration_ms=5 total_duration_ms=7
[2026-02-03 01:12:18.930] [info] [spider.worker] [TIMING] worker_id=3153beb6-f7b7-45c8-9fcf-c55af5037fbf task_id=none get_next_task request_start=510381134 connect_end=510381135 send_end=510381135 receive_end=510381138 connect_duration_ms=1 send_duration_ms=0 receive_duration_ms=2 total_duration_ms=4
[2026-02-03 01:12:19.036] [info] [spider.worker] [TIMING] worker_id=3153beb6-f7b7-45c8-9fcf-c55af5037fbf task_id=none get_next_task request_start=510381240 connect_end=510381241 send_end=510381241 receive_end=510381244 connect_duration_ms=1 send_duration_ms=0 receive_duration_ms=3 total_duration_ms=4
[2026-02-03 01:12:19.141] [info] [spider.worker] [TIMING] worker_id=3153beb6-f7b7-45c8-9fcf-c55af5037fbf task_id=none get_next_task request_start=510381346 connect_end=510381347 send_end=510381347 receive_end=510381349 connect_duration_ms=0 send_duration_ms=0 receive_duration_ms=2 total_duration_ms=3
[2026-02-03 01:12:19.246] [info] [spider.worker] [TIMING] worker_id=3153beb6-f7b7-45c8-9fcf-c55af5037fbf task_id=none get_next_task request_start=510381451 connect_end=510381451 send_end=510381451 receive_end=510381455 connect_duration_ms=0 send_duration_ms=0 receive_duration_ms=3 total_duration_ms=4
[2026-02-03 01:12:19.351] [info] [spider.worker] [TIMING] worker_id=3153beb6-f7b7-45c8-9fcf-c55af5037fbf task_id=none get_next_task request_start=510381556 connect_end=510381557 send_end=510381557 receive_end=510381559 connect_duration_ms=1 send_duration_ms=0 receive_duration_ms=1 total_duration_ms=3
[2026-02-03 01:12:19.464] [info] [spider.worker] [TIMING] worker_id=3153beb6-f7b7-45c8-9fcf-c55af5037fbf task_id=none get_next_task request_start=510381661 connect_end=510381662 send_end=510381662 receive_end=510381672 connect_duration_ms=1 send_duration_ms=0 receive_duration_ms=10 total_duration_ms=11
[2026-02-03 01:12:19.571] [info] [spider.worker] [TIMING] worker_id=3153beb6-f7b7-45c8-9fcf-c55af5037fbf task_id=none get_next_task request_start=510381774 connect_end=510381776 send_end=510381776 receive_end=510381779 connect_duration_ms=1 send_duration_ms=0 receive_duration_ms=3 total_duration_ms=5
[2026-02-03 01:12:19.676] [info] [spider.worker] [TIMING] worker_id=3153beb6-f7b7-45c8-9fcf-c55af5037fbf task_id=none get_next_task request_start=510381881 connect_end=510381882 send_end=510381882 receive_end=510381884 connect_duration_ms=1 send_duration_ms=0 receive_duration_ms=2 total_duration_ms=3
[2026-02-03 01:12:19.780] [info] [spider.worker] [TIMING] worker_id=3153beb6-f7b7-45c8-9fcf-c55af5037fbf task_id=none get_next_task request_start=510381986 connect_end=510381987 send_end=510381987 receive_end=510381988 connect_duration_ms=0 send_duration_ms=0 receive_duration_ms=1 total_duration_ms=2
[2026-02-03 01:12:19.886] [info] [spider.worker] [TIMING] worker_id=3153beb6-f7b7-45c8-9fcf-c55af5037fbf task_id=none get_next_task request_start=510382090 connect_end=510382091 send_end=510382091 receive_end=510382094 connect_duration_ms=0 send_duration_ms=0 receive_duration_ms=3 total_duration_ms=4
[2026-02-03 01:12:19.990] [info] [spider.worker] [TIMING] worker_id=3153beb6-f7b7-45c8-9fcf-c55af5037fbf task_id=none get_next_task request_start=510382195 connect_end=510382196 send_end=510382196 receive_end=510382198 connect_duration_ms=0 send_duration_ms=0 receive_duration_ms=1 total_duration_ms=2
[2026-02-03 01:12:20.095] [info] [spider.worker] [TIMING] worker_id=3153beb6-f7b7-45c8-9fcf-c55af5037fbf task_id=none get_next_task request_start=510382300 connect_end=510382301 send_end=510382301 receive_end=510382303 connect_duration_ms=0 send_duration_ms=0 receive_duration_ms=2 total_duration_ms=3
[2026-02-03 01:12:20.204] [info] [spider.worker] [TIMING] worker_id=3153beb6-f7b7-45c8-9fcf-c55af5037fbf task_id=none get_next_task request_start=510382405 connect_end=510382406 send_end=510382406 receive_end=510382412 connect_duration_ms=0 send_duration_ms=0 receive_duration_ms=6 total_duration_ms=7
[2026-02-03 01:12:20.310] [info] [spider.worker] [TIMING] worker_id=3153beb6-f7b7-45c8-9fcf-c55af5037fbf task_id=none get_next_task request_start=510382514 connect_end=510382516 send_end=510382516 receive_end=510382518 connect_duration_ms=1 send_duration_ms=0 receive_duration_ms=2 total_duration_ms=3
[2026-02-03 01:12:20.416] [info] [spider.worker] [TIMING] worker_id=3153beb6-f7b7-45c8-9fcf-c55af5037fbf task_id=none get_next_task request_start=510382619 connect_end=510382620 send_end=510382620 receive_end=510382624 connect_duration_ms=0 send_duration_ms=0 receive_duration_ms=3 total_duration_ms=4
[2026-02-03 01:12:20.522] [info] [spider.worker] [TIMING] worker_id=3153beb6-f7b7-45c8-9fcf-c55af5037fbf task_id=none get_next_task request_start=510382726 connect_end=510382727 send_end=510382727 receive_end=510382730 connect_duration_ms=1 send_duration_ms=0 receive_duration_ms=3 total_duration_ms=4
[2026-02-03 01:12:20.639] [info] [spider.worker] [TIMING] worker_id=3153beb6-f7b7-45c8-9fcf-c55af5037fbf task_id=none get_next_task request_start=510382832 connect_end=510382833 send_end=510382833 receive_end=510382848 connect_duration_ms=1 send_duration_ms=0 receive_duration_ms=14 total_duration_ms=15
[2026-02-03 01:12:20.750] [info] [spider.worker] [TIMING] worker_id=3153beb6-f7b7-45c8-9fcf-c55af5037fbf task_id=none get_next_task request_start=510382950 connect_end=510382952 send_end=510382952 receive_end=510382958 connect_duration_ms=1 send_duration_ms=0 receive_duration_ms=6 total_duration_ms=7
[2026-02-03 01:12:20.857] [info] [spider.worker] [TIMING] worker_id=3153beb6-f7b7-45c8-9fcf-c55af5037fbf task_id=none get_next_task request_start=510383060 connect_end=510383061 send_end=510383061 receive_end=510383065 connect_duration_ms=1 send_duration_ms=0 receive_duration_ms=4 total_duration_ms=5
[2026-02-03 01:12:20.962] [info] [spider.worker] [TIMING] worker_id=3153beb6-f7b7-45c8-9fcf-c55af5037fbf task_id=none get_next_task request_start=510383167 connect_end=510383168 send_end=510383168 receive_end=510383170 connect_duration_ms=1 send_duration_ms=0 receive_duration_ms=2 total_duration_ms=3
[2026-02-03 01:12:21.074] [info] [spider.worker] [TIMING] worker_id=3153beb6-f7b7-45c8-9fcf-c55af5037fbf task_id=none get_next_task request_start=510383272 connect_end=510383273 send_end=510383273 receive_end=510383283 connect_duration_ms=0 send_duration_ms=0 receive_duration_ms=9 total_duration_ms=10
[2026-02-03 01:12:21.183] [info] [spider.worker] [TIMING] worker_id=3153beb6-f7b7-45c8-9fcf-c55af5037fbf task_id=none get_next_task request_start=510383384 connect_end=510383385 send_end=510383385 receive_end=510383391 connect_duration_ms=0 send_duration_ms=0 receive_duration_ms=5 total_duration_ms=6
[2026-02-03 01:12:21.292] [info] [spider.worker] [TIMING] worker_id=3153beb6-f7b7-45c8-9fcf-c55af5037fbf task_id=none get_next_task request_start=510383494 connect_end=510383495 send_end=510383495 receive_end=510383500 connect_duration_ms=1 send_duration_ms=0 receive_duration_ms=5 total_duration_ms=6
[2026-02-03 01:12:21.400] [info] [spider.worker] [TIMING] worker_id=3153beb6-f7b7-45c8-9fcf-c55af5037fbf task_id=none get_next_task request_start=510383602 connect_end=510383603 send_end=510383603 receive_end=510383608 connect_duration_ms=1 send_duration_ms=0 receive_duration_ms=5 total_duration_ms=6
[2026-02-03 01:12:21.506] [info] [spider.worker] [TIMING] worker_id=3153beb6-f7b7-45c8-9fcf-c55af5037fbf task_id=none get_next_task request_start=510383711 connect_end=510383712 send_end=510383712 receive_end=510383715 connect_duration_ms=1 send_duration_ms=0 receive_duration_ms=2 total_duration_ms=3
[2026-02-03 01:12:21.612] [info] [spider.worker] [TIMING] worker_id=3153beb6-f7b7-45c8-9fcf-c55af5037fbf task_id=none get_next_task request_start=510383816 connect_end=510383817 send_end=510383817 receive_end=510383820 connect_duration_ms=1 send_duration_ms=0 receive_duration_ms=2 total_duration_ms=3
[2026-02-03 01:12:21.719] [info] [spider.worker] [TIMING] worker_id=3153beb6-f7b7-45c8-9fcf-c55af5037fbf task_id=none get_next_task request_start=510383922 connect_end=510383924 send_end=510383924 receive_end=510383928 connect_duration_ms=1 send_duration_ms=0 receive_duration_ms=4 total_duration_ms=5
[2026-02-03 01:12:21.827] [info] [spider.worker] [TIMING] worker_id=3153beb6-f7b7-45c8-9fcf-c55af5037fbf task_id=none get_next_task request_start=510384030 connect_end=510384032 send_end=510384032 receive_end=510384035 connect_duration_ms=1 send_duration_ms=0 receive_duration_ms=3 total_duration_ms=5
[2026-02-03 01:12:21.936] [info] [spider.worker] [TIMING] worker_id=3153beb6-f7b7-45c8-9fcf-c55af5037fbf task_id=none get_next_task request_start=510384138 connect_end=510384140 send_end=510384140 receive_end=510384144 connect_duration_ms=1 send_duration_ms=0 receive_duration_ms=4 total_duration_ms=6
[2026-02-03 01:12:22.045] [info] [spider.worker] [TIMING] worker_id=3153beb6-f7b7-45c8-9fcf-c55af5037fbf task_id=none get_next_task request_start=510384246 connect_end=510384248 send_end=510384248 receive_end=510384253 connect_duration_ms=1 send_duration_ms=0 receive_duration_ms=5 total_duration_ms=6
[2026-02-03 01:12:22.154] [info] [spider.worker] [TIMING] worker_id=3153beb6-f7b7-45c8-9fcf-c55af5037fbf task_id=none get_next_task request_start=510384356 connect_end=510384358 send_end=510384358 receive_end=510384362 connect_duration_ms=1 send_duration_ms=0 receive_duration_ms=4 total_duration_ms=6
[2026-02-03 01:12:22.263] [info] [spider.worker] [TIMING] worker_id=3153beb6-f7b7-45c8-9fcf-c55af5037fbf task_id=none get_next_task request_start=510384465 connect_end=510384467 send_end=510384467 receive_end=510384471 connect_duration_ms=1 send_duration_ms=0 receive_duration_ms=4 total_duration_ms=6
[2026-02-03 01:12:22.372] [info] [spider.worker] [TIMING] worker_id=3153beb6-f7b7-45c8-9fcf-c55af5037fbf task_id=none get_next_task request_start=510384574 connect_end=510384575 send_end=510384575 receive_end=510384581 connect_duration_ms=1 send_duration_ms=0 receive_duration_ms=5 total_duration_ms=6
[2026-02-03 01:12:22.481] [info] [spider.worker] [TIMING] worker_id=3153beb6-f7b7-45c8-9fcf-c55af5037fbf task_id=none get_next_task request_start=510384683 connect_end=510384685 send_end=510384685 receive_end=510384689 connect_duration_ms=1 send_duration_ms=0 receive_duration_ms=4 total_duration_ms=5
[2026-02-03 01:12:22.591] [info] [spider.worker] [TIMING] worker_id=3153beb6-f7b7-45c8-9fcf-c55af5037fbf task_id=none get_next_task request_start=510384792 connect_end=510384794 send_end=510384794 receive_end=510384799 connect_duration_ms=2 send_duration_ms=0 receive_duration_ms=5 total_duration_ms=7
[2026-02-03 01:12:22.700] [info] [spider.worker] [TIMING] worker_id=3153beb6-f7b7-45c8-9fcf-c55af5037fbf task_id=none get_next_task request_start=510384902 connect_end=510384904 send_end=510384904 receive_end=510384908 connect_duration_ms=1 send_duration_ms=0 receive_duration_ms=4 total_duration_ms=6
[2026-02-03 01:12:22.809] [info] [spider.worker] [TIMING] worker_id=3153beb6-f7b7-45c8-9fcf-c55af5037fbf task_id=none get_next_task request_start=510385011 connect_end=510385013 send_end=510385013 receive_end=510385017 connect_duration_ms=1 send_duration_ms=0 receive_duration_ms=4 total_duration_ms=6
[2026-02-03 01:12:22.919] [info] [spider.worker] [TIMING] worker_id=3153beb6-f7b7-45c8-9fcf-c55af5037fbf task_id=none get_next_task request_start=510385121 connect_end=510385123 send_end=510385123 receive_end=510385127 connect_duration_ms=1 send_duration_ms=0 receive_duration_ms=4 total_duration_ms=6
[2026-02-03 01:12:23.028] [info] [spider.worker] [TIMING] worker_id=3153beb6-f7b7-45c8-9fcf-c55af5037fbf task_id=none get_next_task request_start=510385230 connect_end=510385232 send_end=510385232 receive_end=510385236 connect_duration_ms=2 send_duration_ms=0 receive_duration_ms=4 total_duration_ms=6
[2026-02-03 01:12:23.137] [info] [spider.worker] [TIMING] worker_id=3153beb6-f7b7-45c8-9fcf-c55af5037fbf task_id=none get_next_task request_start=510385340 connect_end=510385341 send_end=510385342 receive_end=510385346 connect_duration_ms=1 send_duration_ms=0 receive_duration_ms=3 total_duration_ms=5
[2026-02-03 01:12:23.245] [info] [spider.worker] [TIMING] worker_id=3153beb6-f7b7-45c8-9fcf-c55af5037fbf task_id=none get_next_task request_start=510385447 connect_end=510385448 send_end=510385448 receive_end=510385453 connect_duration_ms=1 send_duration_ms=0 receive_duration_ms=4 total_duration_ms=5
[2026-02-03 01:12:23.352] [info] [spider.worker] [TIMING] worker_id=3153beb6-f7b7-45c8-9fcf-c55af5037fbf task_id=none get_next_task request_start=510385556 connect_end=510385558 send_end=510385558 receive_end=510385561 connect_duration_ms=2 send_duration_ms=0 receive_duration_ms=2 total_duration_ms=4
[2026-02-03 01:12:23.461] [info] [spider.worker] [TIMING] worker_id=3153beb6-f7b7-45c8-9fcf-c55af5037fbf task_id=none get_next_task request_start=510385664 connect_end=510385665 send_end=510385665 receive_end=510385669 connect_duration_ms=1 send_duration_ms=0 receive_duration_ms=3 total_duration_ms=5
[2026-02-03 01:12:23.570] [info] [spider.worker] [TIMING] worker_id=3153beb6-f7b7-45c8-9fcf-c55af5037fbf task_id=none get_next_task request_start=510385772 connect_end=510385773 send_end=510385773 receive_end=510385778 connect_duration_ms=1 send_duration_ms=0 receive_duration_ms=5 total_duration_ms=6
[2026-02-03 01:12:23.678] [info] [spider.worker] [TIMING] worker_id=3153beb6-f7b7-45c8-9fcf-c55af5037fbf task_id=none get_next_task request_start=510385881 connect_end=510385882 send_end=510385883 receive_end=510385887 connect_duration_ms=1 send_duration_ms=0 receive_duration_ms=4 total_duration_ms=5
[2026-02-03 01:12:23.787] [info] [spider.worker] [TIMING] worker_id=3153beb6-f7b7-45c8-9fcf-c55af5037fbf task_id=none get_next_task request_start=510385989 connect_end=510385991 send_end=510385991 receive_end=510385995 connect_duration_ms=1 send_duration_ms=0 receive_duration_ms=3 total_duration_ms=5
[2026-02-03 01:12:23.895] [info] [spider.worker] [TIMING] worker_id=3153beb6-f7b7-45c8-9fcf-c55af5037fbf task_id=none get_next_task request_start=510386098 connect_end=510386099 send_end=510386099 receive_end=510386103 connect_duration_ms=1 send_duration_ms=0 receive_duration_ms=4 total_duration_ms=5
[2026-02-03 01:12:24.000] [info] [spider.worker] [TIMING] worker_id=3153beb6-f7b7-45c8-9fcf-c55af5037fbf task_id=none get_next_task request_start=510386205 connect_end=510386207 send_end=510386207 receive_end=510386209 connect_duration_ms=1 send_duration_ms=0 receive_duration_ms=2 total_duration_ms=3
[2026-02-03 01:12:24.110] [info] [spider.worker] [TIMING] worker_id=3153beb6-f7b7-45c8-9fcf-c55af5037fbf task_id=none get_next_task request_start=510386311 connect_end=510386313 send_end=510386313 receive_end=510386318 connect_duration_ms=1 send_duration_ms=0 receive_duration_ms=5 total_duration_ms=7
[2026-02-03 01:12:24.219] [info] [spider.worker] [TIMING] worker_id=3153beb6-f7b7-45c8-9fcf-c55af5037fbf task_id=none get_next_task request_start=510386421 connect_end=510386423 send_end=510386423 receive_end=510386427 connect_duration_ms=1 send_duration_ms=0 receive_duration_ms=4 total_duration_ms=6
[2026-02-03 01:12:24.328] [info] [spider.worker] [TIMING] worker_id=3153beb6-f7b7-45c8-9fcf-c55af5037fbf task_id=none get_next_task request_start=510386529 connect_end=510386531 send_end=510386531 receive_end=510386536 connect_duration_ms=1 send_duration_ms=0 receive_duration_ms=4 total_duration_ms=6
[2026-02-03 01:12:24.434] [info] [spider.worker] [TIMING] worker_id=3153beb6-f7b7-45c8-9fcf-c55af5037fbf task_id=none get_next_task request_start=510386638 connect_end=510386639 send_end=510386639 receive_end=510386643 connect_duration_ms=1 send_duration_ms=0 receive_duration_ms=3 total_duration_ms=4
[2026-02-03 01:12:24.539] [info] [spider.worker] [TIMING] worker_id=3153beb6-f7b7-45c8-9fcf-c55af5037fbf task_id=none get_next_task request_start=510386744 connect_end=510386745 send_end=510386745 receive_end=510386747 connect_duration_ms=0 send_duration_ms=0 receive_duration_ms=2 total_duration_ms=3
[2026-02-03 01:12:24.644] [info] [spider.worker] [TIMING] worker_id=3153beb6-f7b7-45c8-9fcf-c55af5037fbf task_id=none get_next_task request_start=510386849 connect_end=510386850 send_end=510386850 receive_end=510386852 connect_duration_ms=1 send_duration_ms=0 receive_duration_ms=2 total_duration_ms=3
[2026-02-03 01:12:24.754] [info] [spider.worker] [TIMING] worker_id=3153beb6-f7b7-45c8-9fcf-c55af5037fbf task_id=none get_next_task request_start=510386954 connect_end=510386956 send_end=510386956 receive_end=510386962 connect_duration_ms=1 send_duration_ms=0 receive_duration_ms=6 total_duration_ms=8
[2026-02-03 01:12:24.862] [info] [spider.worker] [TIMING] worker_id=3153beb6-f7b7-45c8-9fcf-c55af5037fbf task_id=none get_next_task request_start=510387065 connect_end=510387067 send_end=510387067 receive_end=510387070 connect_duration_ms=1 send_duration_ms=0 receive_duration_ms=3 total_duration_ms=5
[2026-02-03 01:12:24.970] [info] [spider.worker] [TIMING] worker_id=3153beb6-f7b7-45c8-9fcf-c55af5037fbf task_id=none get_next_task request_start=510387173 connect_end=510387174 send_end=510387174 receive_end=510387178 connect_duration_ms=1 send_duration_ms=0 receive_duration_ms=4 total_duration_ms=5
[2026-02-03 01:12:25.075] [info] [spider.worker] [TIMING] worker_id=3153beb6-f7b7-45c8-9fcf-c55af5037fbf task_id=none get_next_task request_start=510387280 connect_end=510387281 send_end=510387281 receive_end=510387283 connect_duration_ms=1 send_duration_ms=0 receive_duration_ms=1 total_duration_ms=3
[2026-02-03 01:12:25.181] [info] [spider.worker] [TIMING] worker_id=3153beb6-f7b7-45c8-9fcf-c55af5037fbf task_id=none get_next_task request_start=510387385 connect_end=510387387 send_end=510387387 receive_end=510387389 connect_duration_ms=1 send_duration_ms=0 receive_duration_ms=2 total_duration_ms=3
[2026-02-03 01:12:25.289] [info] [spider.worker] [TIMING] worker_id=3153beb6-f7b7-45c8-9fcf-c55af5037fbf task_id=none get_next_task request_start=510387492 connect_end=510387494 send_end=510387494 receive_end=510387497 connect_duration_ms=1 send_duration_ms=0 receive_duration_ms=3 total_duration_ms=4
[2026-02-03 01:12:25.401] [info] [spider.worker] [TIMING] worker_id=3153beb6-f7b7-45c8-9fcf-c55af5037fbf task_id=none get_next_task request_start=510387599 connect_end=510387601 send_end=510387601 receive_end=510387610 connect_duration_ms=1 send_duration_ms=0 receive_duration_ms=8 total_duration_ms=10
[2026-02-03 01:12:25.514] [info] [spider.worker] [TIMING] worker_id=3153beb6-f7b7-45c8-9fcf-c55af5037fbf task_id=none get_next_task request_start=510387712 connect_end=510387714 send_end=510387714 receive_end=510387722 connect_duration_ms=1 send_duration_ms=0 receive_duration_ms=8 total_duration_ms=10
[2026-02-03 01:12:25.620] [info] [spider.worker] [TIMING] worker_id=3153beb6-f7b7-45c8-9fcf-c55af5037fbf task_id=none get_next_task request_start=510387825 connect_end=510387826 send_end=510387826 receive_end=510387828 connect_duration_ms=1 send_duration_ms=0 receive_duration_ms=1 total_duration_ms=3
[2026-02-03 01:12:25.731] [info] [spider.worker] [TIMING] worker_id=3153beb6-f7b7-45c8-9fcf-c55af5037fbf task_id=none get_next_task request_start=510387931 connect_end=510387933 send_end=510387933 receive_end=510387939 connect_duration_ms=1 send_duration_ms=0 receive_duration_ms=6 total_duration_ms=8
[2026-02-03 01:12:25.840] [info] [spider.worker] [TIMING] worker_id=3153beb6-f7b7-45c8-9fcf-c55af5037fbf task_id=none get_next_task request_start=510388042 connect_end=510388043 send_end=510388043 receive_end=510388049 connect_duration_ms=1 send_duration_ms=0 receive_duration_ms=5 total_duration_ms=7
[2026-02-03 01:12:25.948] [info] [spider.worker] [TIMING] worker_id=3153beb6-f7b7-45c8-9fcf-c55af5037fbf task_id=none get_next_task request_start=510388151 connect_end=510388152 send_end=510388152 receive_end=510388157 connect_duration_ms=1 send_duration_ms=0 receive_duration_ms=4 total_duration_ms=5
[2026-02-03 01:12:26.057] [info] [spider.worker] [TIMING] worker_id=3153beb6-f7b7-45c8-9fcf-c55af5037fbf task_id=none get_next_task request_start=510388260 connect_end=510388261 send_end=510388261 receive_end=510388266 connect_duration_ms=1 send_duration_ms=0 receive_duration_ms=4 total_duration_ms=6
[2026-02-03 01:12:26.162] [info] [spider.worker] [TIMING] worker_id=3153beb6-f7b7-45c8-9fcf-c55af5037fbf task_id=none get_next_task request_start=510388367 connect_end=510388368 send_end=510388368 receive_end=510388370 connect_duration_ms=1 send_duration_ms=0 receive_duration_ms=1 total_duration_ms=2
[2026-02-03 01:12:26.268] [info] [spider.worker] [TIMING] worker_id=3153beb6-f7b7-45c8-9fcf-c55af5037fbf task_id=none get_next_task request_start=510388472 connect_end=510388473 send_end=510388473 receive_end=510388476 connect_duration_ms=1 send_duration_ms=0 receive_duration_ms=3 total_duration_ms=4
[2026-02-03 01:12:26.374] [info] [spider.worker] [TIMING] worker_id=3153beb6-f7b7-45c8-9fcf-c55af5037fbf task_id=none get_next_task request_start=510388578 connect_end=510388579 send_end=510388579 receive_end=510388583 connect_duration_ms=1 send_duration_ms=0 receive_duration_ms=3 total_duration_ms=4
[2026-02-03 01:12:26.480] [info] [spider.worker] [TIMING] worker_id=3153beb6-f7b7-45c8-9fcf-c55af5037fbf task_id=none get_next_task request_start=510388684 connect_end=510388686 send_end=510388686 receive_end=510388688 connect_duration_ms=1 send_duration_ms=0 receive_duration_ms=2 total_duration_ms=3
[2026-02-03 01:12:26.585] [info] [spider.worker] [TIMING] worker_id=3153beb6-f7b7-45c8-9fcf-c55af5037fbf task_id=none get_next_task request_start=510388790 connect_end=510388791 send_end=510388791 receive_end=510388793 connect_duration_ms=0 send_duration_ms=0 receive_duration_ms=2 total_duration_ms=3
[2026-02-03 01:12:26.696] [info] [spider.worker] [TIMING] worker_id=3153beb6-f7b7-45c8-9fcf-c55af5037fbf task_id=none get_next_task request_start=510388895 connect_end=510388896 send_end=510388896 receive_end=510388904 connect_duration_ms=1 send_duration_ms=0 receive_duration_ms=7 total_duration_ms=8
[2026-02-03 01:12:26.804] [info] [spider.worker] [TIMING] worker_id=3153beb6-f7b7-45c8-9fcf-c55af5037fbf task_id=none get_next_task request_start=510389006 connect_end=510389007 send_end=510389007 receive_end=510389012 connect_duration_ms=1 send_duration_ms=0 receive_duration_ms=5 total_duration_ms=6
[2026-02-03 01:12:26.912] [info] [spider.worker] [TIMING] worker_id=3153beb6-f7b7-45c8-9fcf-c55af5037fbf task_id=none get_next_task request_start=510389115 connect_end=510389116 send_end=510389116 receive_end=510389121 connect_duration_ms=1 send_duration_ms=0 receive_duration_ms=4 total_duration_ms=5
[2026-02-03 01:12:27.020] [info] [spider.worker] [TIMING] worker_id=3153beb6-f7b7-45c8-9fcf-c55af5037fbf task_id=none get_next_task request_start=510389223 connect_end=510389224 send_end=510389224 receive_end=510389229 connect_duration_ms=1 send_duration_ms=0 receive_duration_ms=4 total_duration_ms=5
[2026-02-03 01:12:27.129] [info] [spider.worker] [TIMING] worker_id=3153beb6-f7b7-45c8-9fcf-c55af5037fbf task_id=none get_next_task request_start=510389331 connect_end=510389333 send_end=510389333 receive_end=510389337 connect_duration_ms=1 send_duration_ms=0 receive_duration_ms=4 total_duration_ms=5
[2026-02-03 01:12:27.240] [info] [spider.worker] [TIMING] worker_id=3153beb6-f7b7-45c8-9fcf-c55af5037fbf task_id=none get_next_task request_start=510389440 connect_end=510389442 send_end=510389442 receive_end=510389448 connect_duration_ms=1 send_duration_ms=0 receive_duration_ms=6 total_duration_ms=8
[2026-02-03 01:12:27.348] [info] [spider.worker] [TIMING] worker_id=3153beb6-f7b7-45c8-9fcf-c55af5037fbf task_id=none get_next_task request_start=510389550 connect_end=510389552 send_end=510389552 receive_end=510389556 connect_duration_ms=1 send_duration_ms=0 receive_duration_ms=4 total_duration_ms=5
[2026-02-03 01:12:27.458] [info] [spider.worker] [TIMING] worker_id=3153beb6-f7b7-45c8-9fcf-c55af5037fbf task_id=none get_next_task request_start=510389659 connect_end=510389660 send_end=510389660 receive_end=510389667 connect_duration_ms=1 send_duration_ms=0 receive_duration_ms=6 total_duration_ms=7
[2026-02-03 01:12:27.569] [info] [spider.worker] [TIMING] worker_id=3153beb6-f7b7-45c8-9fcf-c55af5037fbf task_id=none get_next_task request_start=510389769 connect_end=510389770 send_end=510389770 receive_end=510389777 connect_duration_ms=1 send_duration_ms=0 receive_duration_ms=6 total_duration_ms=8
[2026-02-03 01:12:27.700] [info] [spider.worker] [TIMING] worker_id=3153beb6-f7b7-45c8-9fcf-c55af5037fbf task_id=none get_next_task request_start=510389901 connect_end=510389903 send_end=510389903 receive_end=510389908 connect_duration_ms=2 send_duration_ms=0 receive_duration_ms=4 total_duration_ms=6
[2026-02-03 01:12:27.809] [info] [spider.worker] [TIMING] worker_id=3153beb6-f7b7-45c8-9fcf-c55af5037fbf task_id=none get_next_task request_start=510390011 connect_end=510390013 send_end=510390013 receive_end=510390017 connect_duration_ms=1 send_duration_ms=0 receive_duration_ms=4 total_duration_ms=6
[2026-02-03 01:12:27.918] [info] [spider.worker] [TIMING] worker_id=3153beb6-f7b7-45c8-9fcf-c55af5037fbf task_id=none get_next_task request_start=510390120 connect_end=510390122 send_end=510390122 receive_end=510390126 connect_duration_ms=1 send_duration_ms=0 receive_duration_ms=4 total_duration_ms=5
[2026-02-03 01:12:28.026] [info] [spider.worker] [TIMING] worker_id=3153beb6-f7b7-45c8-9fcf-c55af5037fbf task_id=none get_next_task request_start=510390230 connect_end=510390232 send_end=510390232 receive_end=510390235 connect_duration_ms=1 send_duration_ms=0 receive_duration_ms=3 total_duration_ms=5
[2026-02-03 01:12:28.135] [info] [spider.worker] [TIMING] worker_id=3153beb6-f7b7-45c8-9fcf-c55af5037fbf task_id=none get_next_task request_start=510390337 connect_end=510390339 send_end=510390339 receive_end=510390343 connect_duration_ms=1 send_duration_ms=0 receive_duration_ms=4 total_duration_ms=6
[2026-02-03 01:12:28.244] [info] [spider.worker] [TIMING] worker_id=3153beb6-f7b7-45c8-9fcf-c55af5037fbf task_id=none get_next_task request_start=510390446 connect_end=510390448 send_end=510390448 receive_end=510390453 connect_duration_ms=1 send_duration_ms=0 receive_duration_ms=4 total_duration_ms=6
[2026-02-03 01:12:28.353] [info] [spider.worker] [TIMING] worker_id=3153beb6-f7b7-45c8-9fcf-c55af5037fbf task_id=none get_next_task request_start=510390555 connect_end=510390557 send_end=510390557 receive_end=510390561 connect_duration_ms=1 send_duration_ms=0 receive_duration_ms=4 total_duration_ms=5
[2026-02-03 01:12:28.465] [info] [spider.worker] [TIMING] worker_id=3153beb6-f7b7-45c8-9fcf-c55af5037fbf task_id=none get_next_task request_start=510390667 connect_end=510390669 send_end=510390669 receive_end=510390673 connect_duration_ms=1 send_duration_ms=0 receive_duration_ms=4 total_duration_ms=5
[2026-02-03 01:12:28.574] [info] [spider.worker] [TIMING] worker_id=3153beb6-f7b7-45c8-9fcf-c55af5037fbf task_id=none get_next_task request_start=510390776 connect_end=510390778 send_end=510390778 receive_end=510390782 connect_duration_ms=1 send_duration_ms=0 receive_duration_ms=4 total_duration_ms=6
[2026-02-03 01:12:28.683] [info] [spider.worker] [TIMING] worker_id=3153beb6-f7b7-45c8-9fcf-c55af5037fbf task_id=none get_next_task request_start=510390885 connect_end=510390887 send_end=510390887 receive_end=510390891 connect_duration_ms=1 send_duration_ms=0 receive_duration_ms=4 total_duration_ms=6
[2026-02-03 01:12:28.792] [info] [spider.worker] [TIMING] worker_id=3153beb6-f7b7-45c8-9fcf-c55af5037fbf task_id=none get_next_task request_start=510390994 connect_end=510390996 send_end=510390996 receive_end=510391001 connect_duration_ms=1 send_duration_ms=0 receive_duration_ms=4 total_duration_ms=6
[2026-02-03 01:12:28.902] [info] [spider.worker] [TIMING] worker_id=3153beb6-f7b7-45c8-9fcf-c55af5037fbf task_id=none get_next_task request_start=510391104 connect_end=510391105 send_end=510391105 receive_end=510391110 connect_duration_ms=1 send_duration_ms=0 receive_duration_ms=4 total_duration_ms=6
[2026-02-03 01:12:29.011] [info] [spider.worker] [TIMING] worker_id=3153beb6-f7b7-45c8-9fcf-c55af5037fbf task_id=none get_next_task request_start=510391213 connect_end=510391215 send_end=510391215 receive_end=510391219 connect_duration_ms=2 send_duration_ms=0 receive_duration_ms=4 total_duration_ms=6
[2026-02-03 01:12:29.122] [info] [spider.worker] [TIMING] worker_id=3153beb6-f7b7-45c8-9fcf-c55af5037fbf task_id=none get_next_task request_start=510391324 connect_end=510391326 send_end=510391326 receive_end=510391330 connect_duration_ms=2 send_duration_ms=0 receive_duration_ms=4 total_duration_ms=6
[2026-02-03 01:12:29.231] [info] [spider.worker] [TIMING] worker_id=3153beb6-f7b7-45c8-9fcf-c55af5037fbf task_id=none get_next_task request_start=510391433 connect_end=510391435 send_end=510391435 receive_end=510391439 connect_duration_ms=1 send_duration_ms=0 receive_duration_ms=4 total_duration_ms=6
[2026-02-03 01:12:29.349] [info] [spider.worker] [TIMING] worker_id=3153beb6-f7b7-45c8-9fcf-c55af5037fbf task_id=none get_next_task request_start=510391551 connect_end=510391553 send_end=510391553 receive_end=510391557 connect_duration_ms=1 send_duration_ms=0 receive_duration_ms=4 total_duration_ms=6
[2026-02-03 01:12:29.458] [info] [spider.worker] [TIMING] worker_id=3153beb6-f7b7-45c8-9fcf-c55af5037fbf task_id=none get_next_task request_start=510391660 connect_end=510391663 send_end=510391663 receive_end=510391666 connect_duration_ms=2 send_duration_ms=0 receive_duration_ms=3 total_duration_ms=5
[2026-02-03 01:12:29.567] [info] [spider.worker] [TIMING] worker_id=3153beb6-f7b7-45c8-9fcf-c55af5037fbf task_id=none get_next_task request_start=510391769 connect_end=510391771 send_end=510391771 receive_end=510391775 connect_duration_ms=1 send_duration_ms=0 receive_duration_ms=4 total_duration_ms=6
[2026-02-03 01:12:29.676] [info] [spider.worker] [TIMING] worker_id=3153beb6-f7b7-45c8-9fcf-c55af5037fbf task_id=none get_next_task request_start=510391878 connect_end=510391880 send_end=510391880 receive_end=510391884 connect_duration_ms=1 send_duration_ms=0 receive_duration_ms=4 total_duration_ms=6
[2026-02-03 01:12:29.784] [info] [spider.worker] [TIMING] worker_id=3153beb6-f7b7-45c8-9fcf-c55af5037fbf task_id=none get_next_task request_start=510391987 connect_end=510391989 send_end=510391989 receive_end=510391992 connect_duration_ms=1 send_duration_ms=0 receive_duration_ms=3 total_duration_ms=5
[2026-02-03 01:12:29.891] [info] [spider.worker] [TIMING] worker_id=3153beb6-f7b7-45c8-9fcf-c55af5037fbf task_id=none get_next_task request_start=510392095 connect_end=510392096 send_end=510392096 receive_end=510392099 connect_duration_ms=1 send_duration_ms=0 receive_duration_ms=2 total_duration_ms=4
[2026-02-03 01:12:29.998] [info] [spider.worker] [TIMING] worker_id=3153beb6-f7b7-45c8-9fcf-c55af5037fbf task_id=none get_next_task request_start=510392202 connect_end=510392204 send_end=510392204 receive_end=510392207 connect_duration_ms=1 send_duration_ms=0 receive_duration_ms=3 total_duration_ms=4
[2026-02-03 01:12:30.106] [info] [spider.worker] [TIMING] worker_id=3153beb6-f7b7-45c8-9fcf-c55af5037fbf task_id=none get_next_task request_start=510392310 connect_end=510392311 send_end=510392311 receive_end=510392314 connect_duration_ms=1 send_duration_ms=0 receive_duration_ms=2 total_duration_ms=4
[2026-02-03 01:12:30.212] [info] [spider.worker] [TIMING] worker_id=3153beb6-f7b7-45c8-9fcf-c55af5037fbf task_id=none get_next_task request_start=510392416 connect_end=510392418 send_end=510392418 receive_end=510392421 connect_duration_ms=1 send_duration_ms=0 receive_duration_ms=3 total_duration_ms=4
[2026-02-03 01:12:30.318] [info] [spider.worker] [TIMING] worker_id=3153beb6-f7b7-45c8-9fcf-c55af5037fbf task_id=none get_next_task request_start=510392523 connect_end=510392523 send_end=510392523 receive_end=510392526 connect_duration_ms=0 send_duration_ms=0 receive_duration_ms=2 total_duration_ms=3
[2026-02-03 01:12:30.423] [info] [spider.worker] [TIMING] worker_id=3153beb6-f7b7-45c8-9fcf-c55af5037fbf task_id=none get_next_task request_start=510392628 connect_end=510392629 send_end=510392629 receive_end=510392631 connect_duration_ms=1 send_duration_ms=0 receive_duration_ms=2 total_duration_ms=3
[2026-02-03 01:12:30.530] [info] [spider.worker] [TIMING] worker_id=3153beb6-f7b7-45c8-9fcf-c55af5037fbf task_id=none get_next_task request_start=510392733 connect_end=510392734 send_end=510392734 receive_end=510392739 connect_duration_ms=1 send_duration_ms=0 receive_duration_ms=4 total_duration_ms=5
[2026-02-03 01:12:30.637] [info] [spider.worker] [TIMING] worker_id=3153beb6-f7b7-45c8-9fcf-c55af5037fbf task_id=none get_next_task request_start=510392841 connect_end=510392842 send_end=510392842 receive_end=510392845 connect_duration_ms=1 send_duration_ms=0 receive_duration_ms=2 total_duration_ms=4
[2026-02-03 01:12:30.742] [info] [spider.worker] [TIMING] worker_id=3153beb6-f7b7-45c8-9fcf-c55af5037fbf task_id=none get_next_task request_start=510392947 connect_end=510392949 send_end=510392949 receive_end=510392951 connect_duration_ms=1 send_duration_ms=0 receive_duration_ms=1 total_duration_ms=3
[2026-02-03 01:12:30.848] [info] [spider.worker] [TIMING] worker_id=3153beb6-f7b7-45c8-9fcf-c55af5037fbf task_id=none get_next_task request_start=510393053 connect_end=510393054 send_end=510393054 receive_end=510393057 connect_duration_ms=1 send_duration_ms=0 receive_duration_ms=2 total_duration_ms=4
[2026-02-03 01:12:30.956] [info] [spider.worker] [TIMING] worker_id=3153beb6-f7b7-45c8-9fcf-c55af5037fbf task_id=none get_next_task request_start=510393159 connect_end=510393161 send_end=510393161 receive_end=510393164 connect_duration_ms=1 send_duration_ms=0 receive_duration_ms=3 total_duration_ms=5
[2026-02-03 01:12:31.067] [info] [spider.worker] [TIMING] worker_id=3153beb6-f7b7-45c8-9fcf-c55af5037fbf task_id=none get_next_task request_start=510393270 connect_end=510393271 send_end=510393271 receive_end=510393275 connect_duration_ms=1 send_duration_ms=0 receive_duration_ms=3 total_duration_ms=5
[2026-02-03 01:12:31.176] [info] [spider.worker] [TIMING] worker_id=3153beb6-f7b7-45c8-9fcf-c55af5037fbf task_id=none get_next_task request_start=510393379 connect_end=510393380 send_end=510393380 receive_end=510393384 connect_duration_ms=1 send_duration_ms=0 receive_duration_ms=4 total_duration_ms=5
[2026-02-03 01:12:31.302] [info] [spider.worker] [TIMING] worker_id=3153beb6-f7b7-45c8-9fcf-c55af5037fbf task_id=none get_next_task request_start=510393504 connect_end=510393505 send_end=510393505 receive_end=510393510 connect_duration_ms=1 send_duration_ms=0 receive_duration_ms=4 total_duration_ms=6
[2026-02-03 01:12:31.415] [info] [spider.worker] [TIMING] worker_id=3153beb6-f7b7-45c8-9fcf-c55af5037fbf task_id=none get_next_task request_start=510393617 connect_end=510393619 send_end=510393619 receive_end=510393623 connect_duration_ms=2 send_duration_ms=0 receive_duration_ms=4 total_duration_ms=6
[2026-02-03 01:12:31.522] [info] [spider.worker] [TIMING] worker_id=3153beb6-f7b7-45c8-9fcf-c55af5037fbf task_id=none get_next_task request_start=510393726 connect_end=510393727 send_end=510393727 receive_end=510393730 connect_duration_ms=1 send_duration_ms=0 receive_duration_ms=2 total_duration_ms=3
[2026-02-03 01:12:31.627] [info] [spider.worker] [TIMING] worker_id=3153beb6-f7b7-45c8-9fcf-c55af5037fbf task_id=none get_next_task request_start=510393832 connect_end=510393833 send_end=510393833 receive_end=510393836 connect_duration_ms=1 send_duration_ms=0 receive_duration_ms=2 total_duration_ms=3
[2026-02-03 01:12:31.733] [info] [spider.worker] [TIMING] worker_id=3153beb6-f7b7-45c8-9fcf-c55af5037fbf task_id=none get_next_task request_start=510393938 connect_end=510393939 send_end=510393939 receive_end=510393942 connect_duration_ms=1 send_duration_ms=0 receive_duration_ms=2 total_duration_ms=4
[2026-02-03 01:12:31.839] [info] [spider.worker] [TIMING] worker_id=3153beb6-f7b7-45c8-9fcf-c55af5037fbf task_id=none get_next_task request_start=510394044 connect_end=510394045 send_end=510394045 receive_end=510394047 connect_duration_ms=1 send_duration_ms=0 receive_duration_ms=2 total_duration_ms=3
[2026-02-03 01:12:31.947] [info] [spider.worker] [TIMING] worker_id=3153beb6-f7b7-45c8-9fcf-c55af5037fbf task_id=none get_next_task request_start=510394150 connect_end=510394151 send_end=510394151 receive_end=510394155 connect_duration_ms=1 send_duration_ms=0 receive_duration_ms=4 total_duration_ms=5
[2026-02-03 01:12:32.055] [info] [spider.worker] [TIMING] worker_id=3153beb6-f7b7-45c8-9fcf-c55af5037fbf task_id=none get_next_task request_start=510394258 connect_end=510394259 send_end=510394259 receive_end=510394263 connect_duration_ms=1 send_duration_ms=0 receive_duration_ms=3 total_duration_ms=5
[2026-02-03 01:12:32.161] [info] [spider.worker] [TIMING] worker_id=3153beb6-f7b7-45c8-9fcf-c55af5037fbf task_id=none get_next_task request_start=510394365 connect_end=510394367 send_end=510394367 receive_end=510394369 connect_duration_ms=1 send_duration_ms=0 receive_duration_ms=2 total_duration_ms=3
[2026-02-03 01:12:32.294] [info] [spider.worker] [TIMING] worker_id=3153beb6-f7b7-45c8-9fcf-c55af5037fbf task_id=none get_next_task request_start=510394472 connect_end=510394473 send_end=510394473 receive_end=510394503 connect_duration_ms=1 send_duration_ms=0 receive_duration_ms=29 total_duration_ms=30
[2026-02-03 01:12:32.400] [info] [spider.worker] [TIMING] worker_id=3153beb6-f7b7-45c8-9fcf-c55af5037fbf task_id=none get_next_task request_start=510394605 connect_end=510394606 send_end=510394606 receive_end=510394608 connect_duration_ms=1 send_duration_ms=0 receive_duration_ms=2 total_duration_ms=3
[2026-02-03 01:12:32.508] [info] [spider.worker] [TIMING] worker_id=3153beb6-f7b7-45c8-9fcf-c55af5037fbf task_id=none get_next_task request_start=510394711 connect_end=510394713 send_end=510394713 receive_end=510394717 connect_duration_ms=1 send_duration_ms=0 receive_duration_ms=3 total_duration_ms=5
[2026-02-03 01:12:32.619] [info] [spider.worker] [TIMING] worker_id=3153beb6-f7b7-45c8-9fcf-c55af5037fbf task_id=none get_next_task request_start=510394820 connect_end=510394822 send_end=510394822 receive_end=510394828 connect_duration_ms=2 send_duration_ms=0 receive_duration_ms=5 total_duration_ms=7
[2026-02-03 01:12:32.727] [info] [spider.worker] [TIMING] worker_id=3153beb6-f7b7-45c8-9fcf-c55af5037fbf task_id=none get_next_task request_start=510394931 connect_end=510394933 send_end=510394933 receive_end=510394936 connect_duration_ms=1 send_duration_ms=0 receive_duration_ms=3 total_duration_ms=5
[2026-02-03 01:12:32.851] [info] [spider.worker] [TIMING] worker_id=3153beb6-f7b7-45c8-9fcf-c55af5037fbf task_id=none get_next_task request_start=510395051 connect_end=510395054 send_end=510395054 receive_end=510395059 connect_duration_ms=2 send_duration_ms=0 receive_duration_ms=5 total_duration_ms=8
[2026-02-03 01:12:32.961] [info] [spider.worker] [TIMING] worker_id=3153beb6-f7b7-45c8-9fcf-c55af5037fbf task_id=none get_next_task request_start=510395162 connect_end=510395164 send_end=510395164 receive_end=510395169 connect_duration_ms=1 send_duration_ms=0 receive_duration_ms=5 total_duration_ms=7
[2026-02-03 01:12:33.071] [info] [spider.worker] [TIMING] worker_id=3153beb6-f7b7-45c8-9fcf-c55af5037fbf task_id=none get_next_task request_start=510395272 connect_end=510395274 send_end=510395274 receive_end=510395280 connect_duration_ms=2 send_duration_ms=0 receive_duration_ms=5 total_duration_ms=7
[2026-02-03 01:12:33.180] [info] [spider.worker] [TIMING] worker_id=3153beb6-f7b7-45c8-9fcf-c55af5037fbf task_id=none get_next_task request_start=510395382 connect_end=510395384 send_end=510395384 receive_end=510395388 connect_duration_ms=1 send_duration_ms=0 receive_duration_ms=3 total_duration_ms=5
[2026-02-03 01:12:33.289] [info] [spider.worker] [TIMING] worker_id=3153beb6-f7b7-45c8-9fcf-c55af5037fbf task_id=none get_next_task request_start=510395491 connect_end=510395493 send_end=510395493 receive_end=510395497 connect_duration_ms=2 send_duration_ms=0 receive_duration_ms=4 total_duration_ms=6
[2026-02-03 01:12:33.397] [info] [spider.worker] [TIMING] worker_id=3153beb6-f7b7-45c8-9fcf-c55af5037fbf task_id=none get_next_task request_start=510395600 connect_end=510395602 send_end=510395602 receive_end=510395606 connect_duration_ms=1 send_duration_ms=0 receive_duration_ms=4 total_duration_ms=5
[2026-02-03 01:12:33.507] [info] [spider.worker] [TIMING] worker_id=3153beb6-f7b7-45c8-9fcf-c55af5037fbf task_id=none get_next_task request_start=510395709 connect_end=510395710 send_end=510395710 receive_end=510395715 connect_duration_ms=1 send_duration_ms=0 receive_duration_ms=4 total_duration_ms=6
[2026-02-03 01:12:33.616] [info] [spider.worker] [TIMING] worker_id=3153beb6-f7b7-45c8-9fcf-c55af5037fbf task_id=none get_next_task request_start=510395818 connect_end=510395820 send_end=510395820 receive_end=510395825 connect_duration_ms=1 send_duration_ms=0 receive_duration_ms=4 total_duration_ms=6
[2026-02-03 01:12:33.725] [info] [spider.worker] [TIMING] worker_id=3153beb6-f7b7-45c8-9fcf-c55af5037fbf task_id=none get_next_task request_start=510395927 connect_end=510395929 send_end=510395929 receive_end=510395934 connect_duration_ms=1 send_duration_ms=0 receive_duration_ms=4 total_duration_ms=6
[2026-02-03 01:12:33.835] [info] [spider.worker] [TIMING] worker_id=3153beb6-f7b7-45c8-9fcf-c55af5037fbf task_id=none get_next_task request_start=510396037 connect_end=510396039 send_end=510396039 receive_end=510396043 connect_duration_ms=2 send_duration_ms=0 receive_duration_ms=4 total_duration_ms=6
[2026-02-03 01:12:33.943] [info] [spider.worker] [TIMING] worker_id=3153beb6-f7b7-45c8-9fcf-c55af5037fbf task_id=none get_next_task request_start=510396146 connect_end=510396148 send_end=510396148 receive_end=510396152 connect_duration_ms=1 send_duration_ms=0 receive_duration_ms=4 total_duration_ms=5
[2026-02-03 01:12:34.052] [info] [spider.worker] [TIMING] worker_id=3153beb6-f7b7-45c8-9fcf-c55af5037fbf task_id=none get_next_task request_start=510396255 connect_end=510396256 send_end=510396257 receive_end=510396261 connect_duration_ms=1 send_duration_ms=0 receive_duration_ms=4 total_duration_ms=6
[2026-02-03 01:12:34.162] [info] [spider.worker] [TIMING] worker_id=3153beb6-f7b7-45c8-9fcf-c55af5037fbf task_id=none get_next_task request_start=510396364 connect_end=510396366 send_end=510396366 receive_end=510396370 connect_duration_ms=1 send_duration_ms=0 receive_duration_ms=4 total_duration_ms=6
[2026-02-03 01:12:34.271] [info] [spider.worker] [TIMING] worker_id=3153beb6-f7b7-45c8-9fcf-c55af5037fbf task_id=none get_next_task request_start=510396474 connect_end=510396475 send_end=510396475 receive_end=510396480 connect_duration_ms=1 send_duration_ms=0 receive_duration_ms=4 total_duration_ms=6
[2026-02-03 01:12:34.381] [info] [spider.worker] [TIMING] worker_id=3153beb6-f7b7-45c8-9fcf-c55af5037fbf task_id=none get_next_task request_start=510396582 connect_end=510396584 send_end=510396584 receive_end=510396589 connect_duration_ms=1 send_duration_ms=0 receive_duration_ms=5 total_duration_ms=7
[2026-02-03 01:12:34.490] [info] [spider.worker] [TIMING] worker_id=3153beb6-f7b7-45c8-9fcf-c55af5037fbf task_id=none get_next_task request_start=510396692 connect_end=510396694 send_end=510396694 receive_end=510396698 connect_duration_ms=1 send_duration_ms=0 receive_duration_ms=4 total_duration_ms=5
[2026-02-03 01:12:34.599] [info] [spider.worker] [TIMING] worker_id=3153beb6-f7b7-45c8-9fcf-c55af5037fbf task_id=none get_next_task request_start=510396801 connect_end=510396803 send_end=510396803 receive_end=510396808 connect_duration_ms=1 send_duration_ms=0 receive_duration_ms=4 total_duration_ms=6
[2026-02-03 01:12:34.708] [info] [spider.worker] [TIMING] worker_id=3153beb6-f7b7-45c8-9fcf-c55af5037fbf task_id=none get_next_task request_start=510396911 connect_end=510396913 send_end=510396913 receive_end=510396917 connect_duration_ms=1 send_duration_ms=0 receive_duration_ms=3 total_duration_ms=5
[2026-02-03 01:12:34.818] [info] [spider.worker] [TIMING] worker_id=3153beb6-f7b7-45c8-9fcf-c55af5037fbf task_id=none get_next_task request_start=510397020 connect_end=510397022 send_end=510397022 receive_end=510397026 connect_duration_ms=2 send_duration_ms=0 receive_duration_ms=4 total_duration_ms=6
[2026-02-03 01:12:34.927] [info] [spider.worker] [TIMING] worker_id=3153beb6-f7b7-45c8-9fcf-c55af5037fbf task_id=none get_next_task request_start=510397129 connect_end=510397131 send_end=510397131 receive_end=510397135 connect_duration_ms=2 send_duration_ms=0 receive_duration_ms=4 total_duration_ms=6
[2026-02-03 01:12:35.035] [info] [spider.worker] [TIMING] worker_id=3153beb6-f7b7-45c8-9fcf-c55af5037fbf task_id=none get_next_task request_start=510397238 connect_end=510397240 send_end=510397240 receive_end=510397244 connect_duration_ms=1 send_duration_ms=0 receive_duration_ms=3 total_duration_ms=5
[2026-02-03 01:12:35.145] [info] [spider.worker] [TIMING] worker_id=3153beb6-f7b7-45c8-9fcf-c55af5037fbf task_id=none get_next_task request_start=510397347 connect_end=510397349 send_end=510397349 receive_end=510397354 connect_duration_ms=1 send_duration_ms=0 receive_duration_ms=4 total_duration_ms=6
[2026-02-03 01:12:35.255] [info] [spider.worker] [TIMING] worker_id=3153beb6-f7b7-45c8-9fcf-c55af5037fbf task_id=none get_next_task request_start=510397457 connect_end=510397459 send_end=510397459 receive_end=510397463 connect_duration_ms=1 send_duration_ms=0 receive_duration_ms=4 total_duration_ms=6
[2026-02-03 01:12:35.364] [info] [spider.worker] [TIMING] worker_id=3153beb6-f7b7-45c8-9fcf-c55af5037fbf task_id=none get_next_task request_start=510397566 connect_end=510397568 send_end=510397568 receive_end=510397572 connect_duration_ms=1 send_duration_ms=0 receive_duration_ms=4 total_duration_ms=6
[2026-02-03 01:12:35.475] [info] [spider.worker] [TIMING] worker_id=3153beb6-f7b7-45c8-9fcf-c55af5037fbf task_id=none get_next_task request_start=510397677 connect_end=510397679 send_end=510397679 receive_end=510397683 connect_duration_ms=1 send_duration_ms=0 receive_duration_ms=4 total_duration_ms=5
[2026-02-03 01:12:35.583] [info] [spider.worker] [TIMING] worker_id=3153beb6-f7b7-45c8-9fcf-c55af5037fbf task_id=none get_next_task request_start=510397786 connect_end=510397788 send_end=510397788 receive_end=510397792 connect_duration_ms=1 send_duration_ms=0 receive_duration_ms=4 total_duration_ms=5
[2026-02-03 01:12:35.692] [info] [spider.worker] [TIMING] worker_id=3153beb6-f7b7-45c8-9fcf-c55af5037fbf task_id=none get_next_task request_start=510397894 connect_end=510397896 send_end=510397896 receive_end=510397900 connect_duration_ms=1 send_duration_ms=0 receive_duration_ms=4 total_duration_ms=5
[2026-02-03 01:12:35.800] [info] [spider.worker] [TIMING] worker_id=3153beb6-f7b7-45c8-9fcf-c55af5037fbf task_id=none get_next_task request_start=510398003 connect_end=510398005 send_end=510398005 receive_end=510398009 connect_duration_ms=1 send_duration_ms=0 receive_duration_ms=4 total_duration_ms=5
[2026-02-03 01:12:35.909] [info] [spider.worker] [TIMING] worker_id=3153beb6-f7b7-45c8-9fcf-c55af5037fbf task_id=none get_next_task request_start=510398111 connect_end=510398113 send_end=510398113 receive_end=510398117 connect_duration_ms=1 send_duration_ms=0 receive_duration_ms=3 total_duration_ms=5
[2026-02-03 01:12:36.017] [info] [spider.worker] [TIMING] worker_id=3153beb6-f7b7-45c8-9fcf-c55af5037fbf task_id=none get_next_task request_start=510398220 connect_end=510398221 send_end=510398221 receive_end=510398226 connect_duration_ms=1 send_duration_ms=0 receive_duration_ms=4 total_duration_ms=5
[2026-02-03 01:12:36.124] [info] [spider.worker] [TIMING] worker_id=3153beb6-f7b7-45c8-9fcf-c55af5037fbf task_id=none get_next_task request_start=510398328 connect_end=510398329 send_end=510398329 receive_end=510398332 connect_duration_ms=1 send_duration_ms=0 receive_duration_ms=3 total_duration_ms=4
[2026-02-03 01:12:36.229] [info] [spider.worker] [TIMING] worker_id=3153beb6-f7b7-45c8-9fcf-c55af5037fbf task_id=none get_next_task request_start=510398434 connect_end=510398435 send_end=510398435 receive_end=510398438 connect_duration_ms=0 send_duration_ms=0 receive_duration_ms=2 total_duration_ms=3
[2026-02-03 01:12:36.337] [info] [spider.worker] [TIMING] worker_id=3153beb6-f7b7-45c8-9fcf-c55af5037fbf task_id=none get_next_task request_start=510398540 connect_end=510398542 send_end=510398542 receive_end=510398546 connect_duration_ms=1 send_duration_ms=0 receive_duration_ms=4 total_duration_ms=5
[2026-02-03 01:12:36.527] [info] [spider.worker] [TIMING] worker_id=3153beb6-f7b7-45c8-9fcf-c55af5037fbf task_id=none get_next_task request_start=510398728 connect_end=510398731 send_end=510398731 receive_end=510398735 connect_duration_ms=2 send_duration_ms=0 receive_duration_ms=3 total_duration_ms=6
[2026-02-03 01:12:36.637] [info] [spider.worker] [TIMING] worker_id=3153beb6-f7b7-45c8-9fcf-c55af5037fbf task_id=none get_next_task request_start=510398838 connect_end=510398840 send_end=510398840 receive_end=510398845 connect_duration_ms=1 send_duration_ms=0 receive_duration_ms=4 total_duration_ms=6
[2026-02-03 01:12:36.744] [info] [spider.worker] [TIMING] worker_id=3153beb6-f7b7-45c8-9fcf-c55af5037fbf task_id=none get_next_task request_start=510398947 connect_end=510398948 send_end=510398948 receive_end=510398953 connect_duration_ms=1 send_duration_ms=0 receive_duration_ms=4 total_duration_ms=5
[2026-02-03 01:12:36.853] [info] [spider.worker] [TIMING] worker_id=3153beb6-f7b7-45c8-9fcf-c55af5037fbf task_id=none get_next_task request_start=510399055 connect_end=510399057 send_end=510399057 receive_end=510399061 connect_duration_ms=1 send_duration_ms=0 receive_duration_ms=4 total_duration_ms=6
[2026-02-03 01:12:36.963] [info] [spider.worker] [TIMING] worker_id=3153beb6-f7b7-45c8-9fcf-c55af5037fbf task_id=none get_next_task request_start=510399164 connect_end=510399166 send_end=510399166 receive_end=510399171 connect_duration_ms=1 send_duration_ms=0 receive_duration_ms=5 total_duration_ms=7
[2026-02-03 01:12:37.072] [info] [spider.worker] [TIMING] worker_id=3153beb6-f7b7-45c8-9fcf-c55af5037fbf task_id=none get_next_task request_start=510399275 connect_end=510399276 send_end=510399276 receive_end=510399281 connect_duration_ms=1 send_duration_ms=0 receive_duration_ms=4 total_duration_ms=6
[2026-02-03 01:12:37.182] [info] [spider.worker] [TIMING] worker_id=3153beb6-f7b7-45c8-9fcf-c55af5037fbf task_id=none get_next_task request_start=510399384 connect_end=510399386 send_end=510399386 receive_end=510399390 connect_duration_ms=1 send_duration_ms=0 receive_duration_ms=4 total_duration_ms=6
[2026-02-03 01:12:37.287] [info] [spider.worker] [TIMING] worker_id=3153beb6-f7b7-45c8-9fcf-c55af5037fbf task_id=none get_next_task request_start=510399492 connect_end=510399493 send_end=510399493 receive_end=510399496 connect_duration_ms=1 send_duration_ms=0 receive_duration_ms=2 total_duration_ms=3
[2026-02-03 01:12:37.402] [info] [spider.worker] [TIMING] worker_id=3153beb6-f7b7-45c8-9fcf-c55af5037fbf task_id=none get_next_task request_start=510399598 connect_end=510399600 send_end=510399600 receive_end=510399610 connect_duration_ms=1 send_duration_ms=0 receive_duration_ms=10 total_duration_ms=11
[2026-02-03 01:12:37.511] [info] [spider.worker] [TIMING] worker_id=3153beb6-f7b7-45c8-9fcf-c55af5037fbf task_id=none get_next_task request_start=510399713 connect_end=510399715 send_end=510399715 receive_end=510399719 connect_duration_ms=1 send_duration_ms=0 receive_duration_ms=4 total_duration_ms=6
[2026-02-03 01:12:37.620] [info] [spider.worker] [TIMING] worker_id=3153beb6-f7b7-45c8-9fcf-c55af5037fbf task_id=none get_next_task request_start=510399822 connect_end=510399824 send_end=510399824 receive_end=510399828 connect_duration_ms=1 send_duration_ms=0 receive_duration_ms=4 total_duration_ms=6
[2026-02-03 01:12:37.726] [info] [spider.worker] [TIMING] worker_id=3153beb6-f7b7-45c8-9fcf-c55af5037fbf task_id=none get_next_task request_start=510399931 connect_end=510399932 send_end=510399932 receive_end=510399934 connect_duration_ms=1 send_duration_ms=0 receive_duration_ms=2 total_duration_ms=3
[2026-02-03 01:12:37.831] [info] [spider.worker] [TIMING] worker_id=3153beb6-f7b7-45c8-9fcf-c55af5037fbf task_id=none get_next_task request_start=510400036 connect_end=510400037 send_end=510400037 receive_end=510400039 connect_duration_ms=1 send_duration_ms=0 receive_duration_ms=1 total_duration_ms=2
[2026-02-03 01:12:37.938] [info] [spider.worker] [TIMING] worker_id=3153beb6-f7b7-45c8-9fcf-c55af5037fbf task_id=none get_next_task request_start=510400141 connect_end=510400142 send_end=510400143 receive_end=510400147 connect_duration_ms=1 send_duration_ms=0 receive_duration_ms=4 total_duration_ms=5
[2026-02-03 01:12:38.047] [info] [spider.worker] [TIMING] worker_id=3153beb6-f7b7-45c8-9fcf-c55af5037fbf task_id=none get_next_task request_start=510400249 connect_end=510400251 send_end=510400251 receive_end=510400255 connect_duration_ms=1 send_duration_ms=0 receive_duration_ms=4 total_duration_ms=5
[2026-02-03 01:12:38.154] [info] [spider.worker] [TIMING] worker_id=3153beb6-f7b7-45c8-9fcf-c55af5037fbf task_id=none get_next_task request_start=510400358 connect_end=510400359 send_end=510400359 receive_end=510400363 connect_duration_ms=1 send_duration_ms=0 receive_duration_ms=4 total_duration_ms=5
[2026-02-03 01:12:38.262] [info] [spider.worker] [TIMING] worker_id=3153beb6-f7b7-45c8-9fcf-c55af5037fbf task_id=none get_next_task request_start=510400465 connect_end=510400466 send_end=510400466 receive_end=510400470 connect_duration_ms=1 send_duration_ms=0 receive_duration_ms=4 total_duration_ms=5
[2026-02-03 01:12:38.371] [info] [spider.worker] [TIMING] worker_id=3153beb6-f7b7-45c8-9fcf-c55af5037fbf task_id=none get_next_task request_start=510400573 connect_end=510400575 send_end=510400575 receive_end=510400579 connect_duration_ms=1 send_duration_ms=0 receive_duration_ms=4 total_duration_ms=6
[2026-02-03 01:12:38.480] [info] [spider.worker] [TIMING] worker_id=3153beb6-f7b7-45c8-9fcf-c55af5037fbf task_id=none get_next_task request_start=510400682 connect_end=510400684 send_end=510400684 receive_end=510400688 connect_duration_ms=1 send_duration_ms=0 receive_duration_ms=4 total_duration_ms=6
[2026-02-03 01:12:38.589] [info] [spider.worker] [TIMING] worker_id=3153beb6-f7b7-45c8-9fcf-c55af5037fbf task_id=none get_next_task request_start=510400791 connect_end=510400793 send_end=510400793 receive_end=510400797 connect_duration_ms=1 send_duration_ms=0 receive_duration_ms=4 total_duration_ms=6
[2026-02-03 01:12:38.698] [info] [spider.worker] [TIMING] worker_id=3153beb6-f7b7-45c8-9fcf-c55af5037fbf task_id=none get_next_task request_start=510400900 connect_end=510400902 send_end=510400902 receive_end=510400907 connect_duration_ms=1 send_duration_ms=0 receive_duration_ms=4 total_duration_ms=6
[2026-02-03 01:12:38.807] [info] [spider.worker] [TIMING] worker_id=3153beb6-f7b7-45c8-9fcf-c55af5037fbf task_id=none get_next_task request_start=510401010 connect_end=510401012 send_end=510401012 receive_end=510401016 connect_duration_ms=1 send_duration_ms=0 receive_duration_ms=4 total_duration_ms=5
[2026-02-03 01:12:38.916] [info] [spider.worker] [TIMING] worker_id=3153beb6-f7b7-45c8-9fcf-c55af5037fbf task_id=none get_next_task request_start=510401119 connect_end=510401121 send_end=510401121 receive_end=510401125 connect_duration_ms=1 send_duration_ms=0 receive_duration_ms=4 total_duration_ms=5
[2026-02-03 01:12:39.026] [info] [spider.worker] [TIMING] worker_id=3153beb6-f7b7-45c8-9fcf-c55af5037fbf task_id=none get_next_task request_start=510401228 connect_end=510401230 send_end=510401230 receive_end=510401235 connect_duration_ms=1 send_duration_ms=0 receive_duration_ms=4 total_duration_ms=6
[2026-02-03 01:12:39.138] [info] [spider.worker] [TIMING] worker_id=3153beb6-f7b7-45c8-9fcf-c55af5037fbf task_id=none get_next_task request_start=510401338 connect_end=510401340 send_end=510401340 receive_end=510401346 connect_duration_ms=1 send_duration_ms=0 receive_duration_ms=6 total_duration_ms=7
[2026-02-03 01:12:39.243] [info] [spider.worker] [TIMING] worker_id=3153beb6-f7b7-45c8-9fcf-c55af5037fbf task_id=none get_next_task request_start=510401448 connect_end=510401449 send_end=510401449 receive_end=510401452 connect_duration_ms=1 send_duration_ms=0 receive_duration_ms=2 total_duration_ms=3
[2026-02-03 01:12:39.350] [info] [spider.worker] [TIMING] worker_id=3153beb6-f7b7-45c8-9fcf-c55af5037fbf task_id=none get_next_task request_start=510401554 connect_end=510401556 send_end=510401556 receive_end=510401558 connect_duration_ms=1 send_duration_ms=0 receive_duration_ms=2 total_duration_ms=4
[2026-02-03 01:12:39.458] [info] [spider.worker] [TIMING] worker_id=3153beb6-f7b7-45c8-9fcf-c55af5037fbf task_id=none get_next_task request_start=510401661 connect_end=510401663 send_end=510401663 receive_end=510401667 connect_duration_ms=1 send_duration_ms=0 receive_duration_ms=4 total_duration_ms=6
[2026-02-03 01:12:39.567] [info] [spider.worker] [TIMING] worker_id=3153beb6-f7b7-45c8-9fcf-c55af5037fbf task_id=none get_next_task request_start=510401769 connect_end=510401771 send_end=510401771 receive_end=510401775 connect_duration_ms=1 send_duration_ms=0 receive_duration_ms=4 total_duration_ms=6
[2026-02-03 01:12:39.677] [info] [spider.worker] [TIMING] worker_id=3153beb6-f7b7-45c8-9fcf-c55af5037fbf task_id=none get_next_task request_start=510401879 connect_end=510401880 send_end=510401880 receive_end=510401885 connect_duration_ms=1 send_duration_ms=0 receive_duration_ms=4 total_duration_ms=6
[2026-02-03 01:12:39.785] [info] [spider.worker] [TIMING] worker_id=3153beb6-f7b7-45c8-9fcf-c55af5037fbf task_id=none get_next_task request_start=510401988 connect_end=510401989 send_end=510401989 receive_end=510401993 connect_duration_ms=1 send_duration_ms=0 receive_duration_ms=3 total_duration_ms=5
[2026-02-03 01:12:39.894] [info] [spider.worker] [TIMING] worker_id=3153beb6-f7b7-45c8-9fcf-c55af5037fbf task_id=none get_next_task request_start=510402096 connect_end=510402098 send_end=510402098 receive_end=510402102 connect_duration_ms=1 send_duration_ms=0 receive_duration_ms=4 total_duration_ms=6
[2026-02-03 01:12:40.004] [info] [spider.worker] [TIMING] worker_id=3153beb6-f7b7-45c8-9fcf-c55af5037fbf task_id=none get_next_task request_start=510402205 connect_end=510402207 send_end=510402207 receive_end=510402212 connect_duration_ms=1 send_duration_ms=0 receive_duration_ms=5 total_duration_ms=7
[2026-02-03 01:12:40.112] [info] [spider.worker] [TIMING] worker_id=3153beb6-f7b7-45c8-9fcf-c55af5037fbf task_id=none get_next_task request_start=510402314 connect_end=510402316 send_end=510402316 receive_end=510402320 connect_duration_ms=1 send_duration_ms=0 receive_duration_ms=4 total_duration_ms=5
[2026-02-03 01:12:40.220] [info] [spider.worker] [TIMING] worker_id=3153beb6-f7b7-45c8-9fcf-c55af5037fbf task_id=none get_next_task request_start=510402422 connect_end=510402424 send_end=510402424 receive_end=510402428 connect_duration_ms=1 send_duration_ms=0 receive_duration_ms=4 total_duration_ms=5
[2026-02-03 01:12:40.329] [info] [spider.worker] [TIMING] worker_id=3153beb6-f7b7-45c8-9fcf-c55af5037fbf task_id=none get_next_task request_start=510402531 connect_end=510402532 send_end=510402532 receive_end=510402537 connect_duration_ms=1 send_duration_ms=0 receive_duration_ms=5 total_duration_ms=6
[2026-02-03 01:12:40.439] [info] [spider.worker] [TIMING] worker_id=3153beb6-f7b7-45c8-9fcf-c55af5037fbf task_id=none get_next_task request_start=510402641 connect_end=510402643 send_end=510402643 receive_end=510402647 connect_duration_ms=2 send_duration_ms=0 receive_duration_ms=4 total_duration_ms=6
[2026-02-03 01:12:40.550] [info] [spider.worker] [TIMING] worker_id=3153beb6-f7b7-45c8-9fcf-c55af5037fbf task_id=none get_next_task request_start=510402750 connect_end=510402752 send_end=510402752 receive_end=510402758 connect_duration_ms=1 send_duration_ms=0 receive_duration_ms=5 total_duration_ms=7
[2026-02-03 01:12:40.659] [info] [spider.worker] [TIMING] worker_id=3153beb6-f7b7-45c8-9fcf-c55af5037fbf task_id=none get_next_task request_start=510402861 connect_end=510402863 send_end=510402863 receive_end=510402867 connect_duration_ms=1 send_duration_ms=0 receive_duration_ms=4 total_duration_ms=6
[2026-02-03 01:12:40.764] [info] [spider.worker] [TIMING] worker_id=3153beb6-f7b7-45c8-9fcf-c55af5037fbf task_id=none get_next_task request_start=510402969 connect_end=510402970 send_end=510402970 receive_end=510402973 connect_duration_ms=1 send_duration_ms=0 receive_duration_ms=2 total_duration_ms=3
[2026-02-03 01:12:40.869] [info] [spider.worker] [TIMING] worker_id=3153beb6-f7b7-45c8-9fcf-c55af5037fbf task_id=none get_next_task request_start=510403074 connect_end=510403076 send_end=510403076 receive_end=510403078 connect_duration_ms=1 send_duration_ms=0 receive_duration_ms=2 total_duration_ms=3
[2026-02-03 01:12:40.975] [info] [spider.worker] [TIMING] worker_id=3153beb6-f7b7-45c8-9fcf-c55af5037fbf task_id=none get_next_task request_start=510403180 connect_end=510403181 send_end=510403181 receive_end=510403183 connect_duration_ms=1 send_duration_ms=0 receive_duration_ms=2 total_duration_ms=3
[2026-02-03 01:12:41.081] [info] [spider.worker] [TIMING] worker_id=3153beb6-f7b7-45c8-9fcf-c55af5037fbf task_id=none get_next_task request_start=510403286 connect_end=510403287 send_end=510403287 receive_end=510403290 connect_duration_ms=1 send_duration_ms=0 receive_duration_ms=2 total_duration_ms=4
[2026-02-03 01:12:41.190] [info] [spider.worker] [TIMING] worker_id=3153beb6-f7b7-45c8-9fcf-c55af5037fbf task_id=none get_next_task request_start=510403393 connect_end=510403394 send_end=510403394 receive_end=510403398 connect_duration_ms=1 send_duration_ms=0 receive_duration_ms=4 total_duration_ms=5
[2026-02-03 01:12:41.298] [info] [spider.worker] [TIMING] worker_id=3153beb6-f7b7-45c8-9fcf-c55af5037fbf task_id=none get_next_task request_start=510403501 connect_end=510403502 send_end=510403502 receive_end=510403506 connect_duration_ms=1 send_duration_ms=0 receive_duration_ms=3 total_duration_ms=5
[2026-02-03 01:12:41.404] [info] [spider.worker] [TIMING] worker_id=3153beb6-f7b7-45c8-9fcf-c55af5037fbf task_id=none get_next_task request_start=510403608 connect_end=510403609 send_end=510403609 receive_end=510403612 connect_duration_ms=1 send_duration_ms=0 receive_duration_ms=3 total_duration_ms=4
[2026-02-03 01:12:41.510] [info] [spider.worker] [TIMING] worker_id=3153beb6-f7b7-45c8-9fcf-c55af5037fbf task_id=none get_next_task request_start=510403714 connect_end=510403716 send_end=510403716 receive_end=510403718 connect_duration_ms=1 send_duration_ms=0 receive_duration_ms=2 total_duration_ms=3
[2026-02-03 01:12:41.617] [info] [spider.worker] [TIMING] worker_id=3153beb6-f7b7-45c8-9fcf-c55af5037fbf task_id=none get_next_task request_start=510403820 connect_end=510403821 send_end=510403822 receive_end=510403826 connect_duration_ms=1 send_duration_ms=0 receive_duration_ms=4 total_duration_ms=5
[2026-02-03 01:12:41.725] [info] [spider.worker] [TIMING] worker_id=3153beb6-f7b7-45c8-9fcf-c55af5037fbf task_id=none get_next_task request_start=510403928 connect_end=510403929 send_end=510403929 receive_end=510403934 connect_duration_ms=1 send_duration_ms=0 receive_duration_ms=4 total_duration_ms=5
[2026-02-03 01:12:41.833] [info] [spider.worker] [TIMING] worker_id=3153beb6-f7b7-45c8-9fcf-c55af5037fbf task_id=none get_next_task request_start=510404035 connect_end=510404037 send_end=510404037 receive_end=510404041 connect_duration_ms=1 send_duration_ms=0 receive_duration_ms=4 total_duration_ms=6
[2026-02-03 01:12:41.939] [info] [spider.worker] [TIMING] worker_id=3153beb6-f7b7-45c8-9fcf-c55af5037fbf task_id=none get_next_task request_start=510404144 connect_end=510404145 send_end=510404145 receive_end=510404147 connect_duration_ms=1 send_duration_ms=0 receive_duration_ms=1 total_duration_ms=3
[2026-02-03 01:12:42.047] [info] [spider.worker] [TIMING] worker_id=3153beb6-f7b7-45c8-9fcf-c55af5037fbf task_id=none get_next_task request_start=510404250 connect_end=510404251 send_end=510404251 receive_end=510404255 connect_duration_ms=1 send_duration_ms=0 receive_duration_ms=3 total_duration_ms=5
[2026-02-03 01:12:42.154] [info] [spider.worker] [TIMING] worker_id=3153beb6-f7b7-45c8-9fcf-c55af5037fbf task_id=none get_next_task request_start=510404357 connect_end=510404358 send_end=510404359 receive_end=510404363 connect_duration_ms=1 send_duration_ms=0 receive_duration_ms=4 total_duration_ms=6
[2026-02-03 01:12:42.261] [info] [spider.worker] [TIMING] worker_id=3153beb6-f7b7-45c8-9fcf-c55af5037fbf task_id=none get_next_task request_start=510404466 connect_end=510404467 send_end=510404467 receive_end=510404470 connect_duration_ms=1 send_duration_ms=0 receive_duration_ms=2 total_duration_ms=3
[2026-02-03 01:12:42.370] [info] [spider.worker] [TIMING] worker_id=3153beb6-f7b7-45c8-9fcf-c55af5037fbf task_id=none get_next_task request_start=510404572 connect_end=510404574 send_end=510404574 receive_end=510404578 connect_duration_ms=1 send_duration_ms=0 receive_duration_ms=4 total_duration_ms=5
[2026-02-03 01:12:42.478] [info] [spider.worker] [TIMING] worker_id=3153beb6-f7b7-45c8-9fcf-c55af5037fbf task_id=none get_next_task request_start=510404681 connect_end=510404682 send_end=510404682 receive_end=510404687 connect_duration_ms=1 send_duration_ms=0 receive_duration_ms=4 total_duration_ms=5
[2026-02-03 01:12:42.587] [info] [spider.worker] [TIMING] worker_id=3153beb6-f7b7-45c8-9fcf-c55af5037fbf task_id=none get_next_task request_start=510404789 connect_end=510404791 send_end=510404791 receive_end=510404795 connect_duration_ms=1 send_duration_ms=0 receive_duration_ms=4 total_duration_ms=6
[2026-02-03 01:12:42.696] [info] [spider.worker] [TIMING] worker_id=3153beb6-f7b7-45c8-9fcf-c55af5037fbf task_id=none get_next_task request_start=510404898 connect_end=510404900 send_end=510404900 receive_end=510404904 connect_duration_ms=1 send_duration_ms=0 receive_duration_ms=4 total_duration_ms=6
[2026-02-03 01:12:42.805] [info] [spider.worker] [TIMING] worker_id=3153beb6-f7b7-45c8-9fcf-c55af5037fbf task_id=none get_next_task request_start=510405007 connect_end=510405009 send_end=510405009 receive_end=510405013 connect_duration_ms=1 send_duration_ms=0 receive_duration_ms=4 total_duration_ms=6
[2026-02-03 01:12:42.913] [info] [spider.worker] [TIMING] worker_id=3153beb6-f7b7-45c8-9fcf-c55af5037fbf task_id=none get_next_task request_start=510405116 connect_end=510405118 send_end=510405118 receive_end=510405122 connect_duration_ms=2 send_duration_ms=0 receive_duration_ms=4 total_duration_ms=6
[2026-02-03 01:12:43.023] [info] [spider.worker] [TIMING] worker_id=3153beb6-f7b7-45c8-9fcf-c55af5037fbf task_id=none get_next_task request_start=510405225 connect_end=510405226 send_end=510405226 receive_end=510405231 connect_duration_ms=1 send_duration_ms=0 receive_duration_ms=4 total_duration_ms=6
[2026-02-03 01:12:43.133] [info] [spider.worker] [TIMING] worker_id=3153beb6-f7b7-45c8-9fcf-c55af5037fbf task_id=none get_next_task request_start=510405334 connect_end=510405336 send_end=510405336 receive_end=510405341 connect_duration_ms=2 send_duration_ms=0 receive_duration_ms=4 total_duration_ms=6
[2026-02-03 01:12:43.242] [info] [spider.worker] [TIMING] worker_id=3153beb6-f7b7-45c8-9fcf-c55af5037fbf task_id=none get_next_task request_start=510405444 connect_end=510405446 send_end=510405446 receive_end=510405450 connect_duration_ms=2 send_duration_ms=0 receive_duration_ms=4 total_duration_ms=6
[2026-02-03 01:12:43.347] [info] [spider.worker] [TIMING] worker_id=3153beb6-f7b7-45c8-9fcf-c55af5037fbf task_id=none get_next_task request_start=510405552 connect_end=510405553 send_end=510405553 receive_end=510405556 connect_duration_ms=1 send_duration_ms=0 receive_duration_ms=2 total_duration_ms=3
[2026-02-03 01:12:43.452] [info] [spider.worker] [TIMING] worker_id=3153beb6-f7b7-45c8-9fcf-c55af5037fbf task_id=none get_next_task request_start=510405657 connect_end=510405659 send_end=510405659 receive_end=510405661 connect_duration_ms=1 send_duration_ms=0 receive_duration_ms=2 total_duration_ms=3
[2026-02-03 01:12:43.560] [info] [spider.worker] [TIMING] worker_id=3153beb6-f7b7-45c8-9fcf-c55af5037fbf task_id=none get_next_task request_start=510405763 connect_end=510405765 send_end=510405765 receive_end=510405769 connect_duration_ms=1 send_duration_ms=0 receive_duration_ms=4 total_duration_ms=5
[2026-02-03 01:12:43.675] [info] [spider.worker] [TIMING] worker_id=3153beb6-f7b7-45c8-9fcf-c55af5037fbf task_id=none get_next_task request_start=510405871 connect_end=510405873 send_end=510405873 receive_end=510405883 connect_duration_ms=1 send_duration_ms=0 receive_duration_ms=10 total_duration_ms=12
[2026-02-03 01:12:43.784] [info] [spider.worker] [TIMING] worker_id=3153beb6-f7b7-45c8-9fcf-c55af5037fbf task_id=none get_next_task request_start=510405986 connect_end=510405988 send_end=510405988 receive_end=510405992 connect_duration_ms=1 send_duration_ms=0 receive_duration_ms=4 total_duration_ms=5
[2026-02-03 01:12:43.892] [info] [spider.worker] [TIMING] worker_id=3153beb6-f7b7-45c8-9fcf-c55af5037fbf task_id=none get_next_task request_start=510406095 connect_end=510406096 send_end=510406096 receive_end=510406101 connect_duration_ms=1 send_duration_ms=0 receive_duration_ms=4 total_duration_ms=6
[2026-02-03 01:12:44.001] [info] [spider.worker] [TIMING] worker_id=3153beb6-f7b7-45c8-9fcf-c55af5037fbf task_id=none get_next_task request_start=510406203 connect_end=510406205 send_end=510406205 receive_end=510406209 connect_duration_ms=1 send_duration_ms=0 receive_duration_ms=4 total_duration_ms=6
[2026-02-03 01:12:44.112] [info] [spider.worker] [TIMING] worker_id=3153beb6-f7b7-45c8-9fcf-c55af5037fbf task_id=none get_next_task request_start=510406312 connect_end=510406314 send_end=510406314 receive_end=510406320 connect_duration_ms=1 send_duration_ms=0 receive_duration_ms=6 total_duration_ms=7
[2026-02-03 01:12:44.222] [info] [spider.worker] [TIMING] worker_id=3153beb6-f7b7-45c8-9fcf-c55af5037fbf task_id=none get_next_task request_start=510406422 connect_end=510406424 send_end=510406424 receive_end=510406430 connect_duration_ms=1 send_duration_ms=0 receive_duration_ms=5 total_duration_ms=7
[2026-02-03 01:12:44.333] [info] [spider.worker] [TIMING] worker_id=3153beb6-f7b7-45c8-9fcf-c55af5037fbf task_id=none get_next_task request_start=510406533 connect_end=510406534 send_end=510406535 receive_end=510406542 connect_duration_ms=1 send_duration_ms=0 receive_duration_ms=7 total_duration_ms=9
[2026-02-03 01:12:44.442] [info] [spider.worker] [TIMING] worker_id=3153beb6-f7b7-45c8-9fcf-c55af5037fbf task_id=none get_next_task request_start=510406644 connect_end=510406646 send_end=510406646 receive_end=510406650 connect_duration_ms=1 send_duration_ms=0 receive_duration_ms=4 total_duration_ms=5
[2026-02-03 01:12:44.551] [info] [spider.worker] [TIMING] worker_id=3153beb6-f7b7-45c8-9fcf-c55af5037fbf task_id=none get_next_task request_start=510406753 connect_end=510406755 send_end=510406755 receive_end=510406759 connect_duration_ms=2 send_duration_ms=0 receive_duration_ms=4 total_duration_ms=6
[2026-02-03 01:12:44.660] [info] [spider.worker] [TIMING] worker_id=3153beb6-f7b7-45c8-9fcf-c55af5037fbf task_id=none get_next_task request_start=510406862 connect_end=510406864 send_end=510406864 receive_end=510406868 connect_duration_ms=1 send_duration_ms=0 receive_duration_ms=4 total_duration_ms=6
[2026-02-03 01:12:44.769] [info] [spider.worker] [TIMING] worker_id=3153beb6-f7b7-45c8-9fcf-c55af5037fbf task_id=none get_next_task request_start=510406971 connect_end=510406973 send_end=510406973 receive_end=510406977 connect_duration_ms=1 send_duration_ms=0 receive_duration_ms=4 total_duration_ms=5
[2026-02-03 01:12:44.876] [info] [spider.worker] [TIMING] worker_id=3153beb6-f7b7-45c8-9fcf-c55af5037fbf task_id=none get_next_task request_start=510407079 connect_end=510407081 send_end=510407081 receive_end=510407084 connect_duration_ms=1 send_duration_ms=0 receive_duration_ms=3 total_duration_ms=5
[2026-02-03 01:12:44.983] [info] [spider.worker] [TIMING] worker_id=3153beb6-f7b7-45c8-9fcf-c55af5037fbf task_id=none get_next_task request_start=510407187 connect_end=510407188 send_end=510407188 receive_end=510407191 connect_duration_ms=1 send_duration_ms=0 receive_duration_ms=2 total_duration_ms=4
[2026-02-03 01:12:45.091] [info] [spider.worker] [TIMING] worker_id=3153beb6-f7b7-45c8-9fcf-c55af5037fbf task_id=none get_next_task request_start=510407294 connect_end=510407295 send_end=510407295 receive_end=510407300 connect_duration_ms=1 send_duration_ms=0 receive_duration_ms=4 total_duration_ms=5
[2026-02-03 01:12:45.200] [info] [spider.worker] [TIMING] worker_id=3153beb6-f7b7-45c8-9fcf-c55af5037fbf task_id=none get_next_task request_start=510407402 connect_end=510407404 send_end=510407404 receive_end=510407408 connect_duration_ms=1 send_duration_ms=0 receive_duration_ms=4 total_duration_ms=6
[2026-02-03 01:12:45.309] [info] [spider.worker] [TIMING] worker_id=3153beb6-f7b7-45c8-9fcf-c55af5037fbf task_id=none get_next_task request_start=510407511 connect_end=510407513 send_end=510407513 receive_end=510407517 connect_duration_ms=1 send_duration_ms=0 receive_duration_ms=4 total_duration_ms=6
[2026-02-03 01:12:45.419] [info] [spider.worker] [TIMING] worker_id=3153beb6-f7b7-45c8-9fcf-c55af5037fbf task_id=none get_next_task request_start=510407620 connect_end=510407623 send_end=510407623 receive_end=510407627 connect_duration_ms=2 send_duration_ms=0 receive_duration_ms=4 total_duration_ms=6
[2026-02-03 01:12:45.527] [info] [spider.worker] [TIMING] worker_id=3153beb6-f7b7-45c8-9fcf-c55af5037fbf task_id=none get_next_task request_start=510407729 connect_end=510407731 send_end=510407731 receive_end=510407735 connect_duration_ms=1 send_duration_ms=0 receive_duration_ms=4 total_duration_ms=5
[2026-02-03 01:12:45.636] [info] [spider.worker] [TIMING] worker_id=3153beb6-f7b7-45c8-9fcf-c55af5037fbf task_id=none get_next_task request_start=510407838 connect_end=510407840 send_end=510407840 receive_end=510407844 connect_duration_ms=1 send_duration_ms=0 receive_duration_ms=4 total_duration_ms=6
[2026-02-03 01:12:45.745] [info] [spider.worker] [TIMING] worker_id=3153beb6-f7b7-45c8-9fcf-c55af5037fbf task_id=none get_next_task request_start=510407947 connect_end=510407949 send_end=510407949 receive_end=510407953 connect_duration_ms=1 send_duration_ms=0 receive_duration_ms=4 total_duration_ms=6
[2026-02-03 01:12:45.853] [info] [spider.worker] [TIMING] worker_id=3153beb6-f7b7-45c8-9fcf-c55af5037fbf task_id=none get_next_task request_start=510408056 connect_end=510408058 send_end=510408058 receive_end=510408062 connect_duration_ms=1 send_duration_ms=0 receive_duration_ms=4 total_duration_ms=5
[2026-02-03 01:12:45.963] [info] [spider.worker] [TIMING] worker_id=3153beb6-f7b7-45c8-9fcf-c55af5037fbf task_id=none get_next_task request_start=510408164 connect_end=510408166 send_end=510408166 receive_end=510408171 connect_duration_ms=1 send_duration_ms=0 receive_duration_ms=5 total_duration_ms=6
[2026-02-03 01:12:46.071] [info] [spider.worker] [TIMING] worker_id=3153beb6-f7b7-45c8-9fcf-c55af5037fbf task_id=none get_next_task request_start=510408273 connect_end=510408275 send_end=510408275 receive_end=510408279 connect_duration_ms=1 send_duration_ms=0 receive_duration_ms=4 total_duration_ms=5
[2026-02-03 01:12:46.180] [info] [spider.worker] [TIMING] worker_id=3153beb6-f7b7-45c8-9fcf-c55af5037fbf task_id=none get_next_task request_start=510408382 connect_end=510408384 send_end=510408384 receive_end=510408389 connect_duration_ms=1 send_duration_ms=0 receive_duration_ms=4 total_duration_ms=6
[2026-02-03 01:12:46.290] [info] [spider.worker] [TIMING] worker_id=3153beb6-f7b7-45c8-9fcf-c55af5037fbf task_id=none get_next_task request_start=510408491 connect_end=510408493 send_end=510408493 receive_end=510408498 connect_duration_ms=1 send_duration_ms=0 receive_duration_ms=5 total_duration_ms=7
[2026-02-03 01:12:46.399] [info] [spider.worker] [TIMING] worker_id=3153beb6-f7b7-45c8-9fcf-c55af5037fbf task_id=none get_next_task request_start=510408601 connect_end=510408603 send_end=510408603 receive_end=510408607 connect_duration_ms=1 send_duration_ms=0 receive_duration_ms=4 total_duration_ms=5
[2026-02-03 01:12:46.508] [info] [spider.worker] [TIMING] worker_id=3153beb6-f7b7-45c8-9fcf-c55af5037fbf task_id=none get_next_task request_start=510408710 connect_end=510408712 send_end=510408712 receive_end=510408716 connect_duration_ms=1 send_duration_ms=0 receive_duration_ms=4 total_duration_ms=6
[2026-02-03 01:12:46.616] [info] [spider.worker] [TIMING] worker_id=3153beb6-f7b7-45c8-9fcf-c55af5037fbf task_id=none get_next_task request_start=510408819 connect_end=510408820 send_end=510408821 receive_end=510408825 connect_duration_ms=1 send_duration_ms=0 receive_duration_ms=4 total_duration_ms=5
[2026-02-03 01:12:46.724] [info] [spider.worker] [TIMING] worker_id=3153beb6-f7b7-45c8-9fcf-c55af5037fbf task_id=none get_next_task request_start=510408927 connect_end=510408929 send_end=510408929 receive_end=510408933 connect_duration_ms=1 send_duration_ms=0 receive_duration_ms=3 total_duration_ms=5
[2026-02-03 01:12:46.833] [info] [spider.worker] [TIMING] worker_id=3153beb6-f7b7-45c8-9fcf-c55af5037fbf task_id=none get_next_task request_start=510409035 connect_end=510409037 send_end=510409037 receive_end=510409041 connect_duration_ms=1 send_duration_ms=0 receive_duration_ms=4 total_duration_ms=6
[2026-02-03 01:12:46.942] [info] [spider.worker] [TIMING] worker_id=3153beb6-f7b7-45c8-9fcf-c55af5037fbf task_id=none get_next_task request_start=510409143 connect_end=510409145 send_end=510409145 receive_end=510409150 connect_duration_ms=1 send_duration_ms=0 receive_duration_ms=5 total_duration_ms=7
[2026-02-03 01:12:47.048] [info] [spider.worker] [TIMING] worker_id=3153beb6-f7b7-45c8-9fcf-c55af5037fbf task_id=none get_next_task request_start=510409253 connect_end=510409254 send_end=510409254 receive_end=510409256 connect_duration_ms=1 send_duration_ms=0 receive_duration_ms=2 total_duration_ms=3
[2026-02-03 01:12:47.159] [info] [spider.worker] [TIMING] worker_id=3153beb6-f7b7-45c8-9fcf-c55af5037fbf task_id=none get_next_task request_start=510409359 connect_end=510409360 send_end=510409360 receive_end=510409367 connect_duration_ms=1 send_duration_ms=0 receive_duration_ms=6 total_duration_ms=8
[2026-02-03 01:12:47.269] [info] [spider.worker] [TIMING] worker_id=3153beb6-f7b7-45c8-9fcf-c55af5037fbf task_id=none get_next_task request_start=510409470 connect_end=510409471 send_end=510409471 receive_end=510409477 connect_duration_ms=1 send_duration_ms=0 receive_duration_ms=5 total_duration_ms=7
[2026-02-03 01:12:47.378] [info] [spider.worker] [TIMING] worker_id=3153beb6-f7b7-45c8-9fcf-c55af5037fbf task_id=none get_next_task request_start=510409580 connect_end=510409582 send_end=510409582 receive_end=510409586 connect_duration_ms=1 send_duration_ms=0 receive_duration_ms=4 total_duration_ms=6
[2026-02-03 01:12:47.488] [info] [spider.worker] [TIMING] worker_id=3153beb6-f7b7-45c8-9fcf-c55af5037fbf task_id=none get_next_task request_start=510409689 connect_end=510409690 send_end=510409690 receive_end=510409696 connect_duration_ms=1 send_duration_ms=0 receive_duration_ms=5 total_duration_ms=7
[2026-02-03 01:12:47.597] [info] [spider.worker] [TIMING] worker_id=3153beb6-f7b7-45c8-9fcf-c55af5037fbf task_id=none get_next_task request_start=510409799 connect_end=510409800 send_end=510409801 receive_end=510409805 connect_duration_ms=1 send_duration_ms=0 receive_duration_ms=4 total_duration_ms=6
[2026-02-03 01:12:47.707] [info] [spider.worker] [TIMING] worker_id=3153beb6-f7b7-45c8-9fcf-c55af5037fbf task_id=none get_next_task request_start=510409908 connect_end=510409909 send_end=510409909 receive_end=510409915 connect_duration_ms=1 send_duration_ms=0 receive_duration_ms=6 total_duration_ms=7
[2026-02-03 01:12:47.815] [info] [spider.worker] [TIMING] worker_id=3153beb6-f7b7-45c8-9fcf-c55af5037fbf task_id=none get_next_task request_start=510410018 connect_end=510410019 send_end=510410019 receive_end=510410023 connect_duration_ms=1 send_duration_ms=0 receive_duration_ms=4 total_duration_ms=5
[2026-02-03 01:12:47.936] [info] [spider.worker] [TIMING] worker_id=3153beb6-f7b7-45c8-9fcf-c55af5037fbf task_id=none get_next_task request_start=510410132 connect_end=510410134 send_end=510410134 receive_end=510410145 connect_duration_ms=2 send_duration_ms=0 receive_duration_ms=10 total_duration_ms=12
[2026-02-03 01:12:48.045] [info] [spider.worker] [TIMING] worker_id=3153beb6-f7b7-45c8-9fcf-c55af5037fbf task_id=none get_next_task request_start=510410247 connect_end=510410249 send_end=510410249 receive_end=510410254 connect_duration_ms=1 send_duration_ms=0 receive_duration_ms=4 total_duration_ms=6
[2026-02-03 01:12:48.154] [info] [spider.worker] [TIMING] worker_id=3153beb6-f7b7-45c8-9fcf-c55af5037fbf task_id=none get_next_task request_start=510410356 connect_end=510410358 send_end=510410358 receive_end=510410362 connect_duration_ms=1 send_duration_ms=0 receive_duration_ms=4 total_duration_ms=6
[2026-02-03 01:12:48.263] [info] [spider.worker] [TIMING] worker_id=3153beb6-f7b7-45c8-9fcf-c55af5037fbf task_id=none get_next_task request_start=510410465 connect_end=510410466 send_end=510410466 receive_end=510410471 connect_duration_ms=1 send_duration_ms=0 receive_duration_ms=4 total_duration_ms=6
[2026-02-03 01:12:48.371] [info] [spider.worker] [TIMING] worker_id=3153beb6-f7b7-45c8-9fcf-c55af5037fbf task_id=none get_next_task request_start=510410574 connect_end=510410575 send_end=510410575 receive_end=510410579 connect_duration_ms=1 send_duration_ms=0 receive_duration_ms=3 total_duration_ms=5
[2026-02-03 01:12:48.480] [info] [spider.worker] [TIMING] worker_id=3153beb6-f7b7-45c8-9fcf-c55af5037fbf task_id=none get_next_task request_start=510410682 connect_end=510410684 send_end=510410684 receive_end=510410688 connect_duration_ms=1 send_duration_ms=0 receive_duration_ms=4 total_duration_ms=6
[2026-02-03 01:12:48.588] [info] [spider.worker] [TIMING] worker_id=3153beb6-f7b7-45c8-9fcf-c55af5037fbf task_id=none get_next_task request_start=510410791 connect_end=510410793 send_end=510410793 receive_end=510410797 connect_duration_ms=1 send_duration_ms=0 receive_duration_ms=4 total_duration_ms=5
[2026-02-03 01:12:48.697] [info] [spider.worker] [TIMING] worker_id=3153beb6-f7b7-45c8-9fcf-c55af5037fbf task_id=none get_next_task request_start=510410899 connect_end=510410901 send_end=510410901 receive_end=510410905 connect_duration_ms=1 send_duration_ms=0 receive_duration_ms=4 total_duration_ms=5
[2026-02-03 01:12:48.805] [info] [spider.worker] [TIMING] worker_id=3153beb6-f7b7-45c8-9fcf-c55af5037fbf task_id=none get_next_task request_start=510411008 connect_end=510411010 send_end=510411010 receive_end=510411014 connect_duration_ms=1 send_duration_ms=0 receive_duration_ms=4 total_duration_ms=5
[2026-02-03 01:12:48.914] [info] [spider.worker] [TIMING] worker_id=3153beb6-f7b7-45c8-9fcf-c55af5037fbf task_id=none get_next_task request_start=510411117 connect_end=510411119 send_end=510411119 receive_end=510411123 connect_duration_ms=2 send_duration_ms=0 receive_duration_ms=4 total_duration_ms=6
[2026-02-03 01:12:49.025] [info] [spider.worker] [TIMING] worker_id=3153beb6-f7b7-45c8-9fcf-c55af5037fbf task_id=none get_next_task request_start=510411226 connect_end=510411228 send_end=510411228 receive_end=510411233 connect_duration_ms=2 send_duration_ms=0 receive_duration_ms=5 total_duration_ms=7
[2026-02-03 01:12:49.134] [info] [spider.worker] [TIMING] worker_id=3153beb6-f7b7-45c8-9fcf-c55af5037fbf task_id=none get_next_task request_start=510411336 connect_end=510411338 send_end=510411338 receive_end=510411342 connect_duration_ms=1 send_duration_ms=0 receive_duration_ms=4 total_duration_ms=6
[2026-02-03 01:12:49.245] [info] [spider.worker] [TIMING] worker_id=3153beb6-f7b7-45c8-9fcf-c55af5037fbf task_id=none get_next_task request_start=510411445 connect_end=510411447 send_end=510411447 receive_end=510411453 connect_duration_ms=1 send_duration_ms=0 receive_duration_ms=6 total_duration_ms=8
[2026-02-03 01:12:49.354] [info] [spider.worker] [TIMING] worker_id=3153beb6-f7b7-45c8-9fcf-c55af5037fbf task_id=none get_next_task request_start=510411556 connect_end=510411557 send_end=510411557 receive_end=510411563 connect_duration_ms=1 send_duration_ms=0 receive_duration_ms=5 total_duration_ms=6
[2026-02-03 01:12:49.463] [info] [spider.worker] [TIMING] worker_id=3153beb6-f7b7-45c8-9fcf-c55af5037fbf task_id=none get_next_task request_start=510411666 connect_end=510411667 send_end=510411667 receive_end=510411672 connect_duration_ms=1 send_duration_ms=0 receive_duration_ms=4 total_duration_ms=6
[2026-02-03 01:12:49.572] [info] [spider.worker] [TIMING] worker_id=3153beb6-f7b7-45c8-9fcf-c55af5037fbf task_id=none get_next_task request_start=510411774 connect_end=510411776 send_end=510411776 receive_end=510411781 connect_duration_ms=1 send_duration_ms=0 receive_duration_ms=4 total_duration_ms=6
[2026-02-03 01:12:49.682] [info] [spider.worker] [TIMING] worker_id=3153beb6-f7b7-45c8-9fcf-c55af5037fbf task_id=none get_next_task request_start=510411884 connect_end=510411885 send_end=510411885 receive_end=510411890 connect_duration_ms=1 send_duration_ms=0 receive_duration_ms=4 total_duration_ms=6
[2026-02-03 01:12:49.791] [info] [spider.worker] [TIMING] worker_id=3153beb6-f7b7-45c8-9fcf-c55af5037fbf task_id=none get_next_task request_start=510411993 connect_end=510411995 send_end=510411995 receive_end=510412000 connect_duration_ms=1 send_duration_ms=0 receive_duration_ms=4 total_duration_ms=6
[2026-02-03 01:12:49.899] [info] [spider.worker] [TIMING] worker_id=3153beb6-f7b7-45c8-9fcf-c55af5037fbf task_id=none get_next_task request_start=510412102 connect_end=510412103 send_end=510412103 receive_end=510412108 connect_duration_ms=1 send_duration_ms=0 receive_duration_ms=4 total_duration_ms=5
[2026-02-03 01:12:50.007] [info] [spider.worker] [TIMING] worker_id=3153beb6-f7b7-45c8-9fcf-c55af5037fbf task_id=none get_next_task request_start=510412210 connect_end=510412211 send_end=510412211 receive_end=510412215 connect_duration_ms=1 send_duration_ms=0 receive_duration_ms=3 total_duration_ms=5
[2026-02-03 01:12:50.116] [info] [spider.worker] [TIMING] worker_id=3153beb6-f7b7-45c8-9fcf-c55af5037fbf task_id=none get_next_task request_start=510412318 connect_end=510412320 send_end=510412320 receive_end=510412324 connect_duration_ms=1 send_duration_ms=0 receive_duration_ms=4 total_duration_ms=6
[2026-02-03 01:12:50.224] [info] [spider.worker] [TIMING] worker_id=3153beb6-f7b7-45c8-9fcf-c55af5037fbf task_id=none get_next_task request_start=510412427 connect_end=510412428 send_end=510412428 receive_end=510412433 connect_duration_ms=1 send_duration_ms=0 receive_duration_ms=4 total_duration_ms=6
[2026-02-03 01:12:50.332] [info] [spider.worker] [TIMING] worker_id=3153beb6-f7b7-45c8-9fcf-c55af5037fbf task_id=none get_next_task request_start=510412535 connect_end=510412537 send_end=510412537 receive_end=510412541 connect_duration_ms=1 send_duration_ms=0 receive_duration_ms=4 total_duration_ms=5
[2026-02-03 01:12:50.485] [info] [spider.worker] [TIMING] worker_id=3153beb6-f7b7-45c8-9fcf-c55af5037fbf task_id=none get_next_task request_start=510412667 connect_end=510412669 send_end=510412669 receive_end=510412693 connect_duration_ms=2 send_duration_ms=0 receive_duration_ms=24 total_duration_ms=26
[2026-02-03 01:12:50.634] [info] [spider.worker] [TIMING] worker_id=3153beb6-f7b7-45c8-9fcf-c55af5037fbf task_id=none get_next_task request_start=510412800 connect_end=510412802 send_end=510412803 receive_end=510412842 connect_duration_ms=2 send_duration_ms=0 receive_duration_ms=39 total_duration_ms=41
[2026-02-03 01:12:50.743] [info] [spider.worker] [TIMING] worker_id=3153beb6-f7b7-45c8-9fcf-c55af5037fbf task_id=none get_next_task request_start=510412944 connect_end=510412946 send_end=510412946 receive_end=510412951 connect_duration_ms=1 send_duration_ms=0 receive_duration_ms=5 total_duration_ms=6
[2026-02-03 01:12:50.852] [info] [spider.worker] [TIMING] worker_id=3153beb6-f7b7-45c8-9fcf-c55af5037fbf task_id=none get_next_task request_start=510413053 connect_end=510413055 send_end=510413055 receive_end=510413060 connect_duration_ms=1 send_duration_ms=0 receive_duration_ms=5 total_duration_ms=6
[2026-02-03 01:12:50.961] [info] [spider.worker] [TIMING] worker_id=3153beb6-f7b7-45c8-9fcf-c55af5037fbf task_id=none get_next_task request_start=510413163 connect_end=510413165 send_end=510413165 receive_end=510413170 connect_duration_ms=1 send_duration_ms=0 receive_duration_ms=4 total_duration_ms=6
[2026-02-03 01:12:51.071] [info] [spider.worker] [TIMING] worker_id=3153beb6-f7b7-45c8-9fcf-c55af5037fbf task_id=none get_next_task request_start=510413272 connect_end=510413274 send_end=510413274 receive_end=510413279 connect_duration_ms=1 send_duration_ms=0 receive_duration_ms=4 total_duration_ms=6
[2026-02-03 01:12:51.179] [info] [spider.worker] [TIMING] worker_id=3153beb6-f7b7-45c8-9fcf-c55af5037fbf task_id=none get_next_task request_start=510413382 connect_end=510413383 send_end=510413383 receive_end=510413388 connect_duration_ms=1 send_duration_ms=0 receive_duration_ms=4 total_duration_ms=5
[2026-02-03 01:12:51.288] [info] [spider.worker] [TIMING] worker_id=3153beb6-f7b7-45c8-9fcf-c55af5037fbf task_id=none get_next_task request_start=510413490 connect_end=510413491 send_end=510413491 receive_end=510413497 connect_duration_ms=1 send_duration_ms=0 receive_duration_ms=5 total_duration_ms=6
[2026-02-03 01:12:51.398] [info] [spider.worker] [TIMING] worker_id=3153beb6-f7b7-45c8-9fcf-c55af5037fbf task_id=none get_next_task request_start=510413599 connect_end=510413600 send_end=510413600 receive_end=510413606 connect_duration_ms=1 send_duration_ms=0 receive_duration_ms=5 total_duration_ms=7
[2026-02-03 01:12:51.507] [info] [spider.worker] [TIMING] worker_id=3153beb6-f7b7-45c8-9fcf-c55af5037fbf task_id=none get_next_task request_start=510413708 connect_end=510413710 send_end=510413710 receive_end=510413715 connect_duration_ms=1 send_duration_ms=0 receive_duration_ms=5 total_duration_ms=6
[2026-02-03 01:12:51.615] [info] [spider.worker] [TIMING] worker_id=3153beb6-f7b7-45c8-9fcf-c55af5037fbf task_id=none get_next_task request_start=510413817 connect_end=510413819 send_end=510413819 receive_end=510413824 connect_duration_ms=1 send_duration_ms=0 receive_duration_ms=4 total_duration_ms=6
[2026-02-03 01:12:51.724] [info] [spider.worker] [TIMING] worker_id=3153beb6-f7b7-45c8-9fcf-c55af5037fbf task_id=none get_next_task request_start=510413927 connect_end=510413929 send_end=510413929 receive_end=510413933 connect_duration_ms=1 send_duration_ms=0 receive_duration_ms=3 total_duration_ms=5
[2026-02-03 01:12:51.834] [info] [spider.worker] [TIMING] worker_id=3153beb6-f7b7-45c8-9fcf-c55af5037fbf task_id=none get_next_task request_start=510414035 connect_end=510414037 send_end=510414037 receive_end=510414043 connect_duration_ms=1 send_duration_ms=0 receive_duration_ms=5 total_duration_ms=7
[2026-02-03 01:12:51.941] [info] [spider.worker] [TIMING] worker_id=3153beb6-f7b7-45c8-9fcf-c55af5037fbf task_id=none get_next_task request_start=510414144 connect_end=510414146 send_end=510414146 receive_end=510414149 connect_duration_ms=1 send_duration_ms=0 receive_duration_ms=3 total_duration_ms=4
[2026-02-03 01:12:52.046] [info] [spider.worker] [TIMING] worker_id=3153beb6-f7b7-45c8-9fcf-c55af5037fbf task_id=none get_next_task request_start=510414251 connect_end=510414252 send_end=510414252 receive_end=510414254 connect_duration_ms=1 send_duration_ms=0 receive_duration_ms=2 total_duration_ms=3
[2026-02-03 01:12:52.151] [info] [spider.worker] [TIMING] worker_id=3153beb6-f7b7-45c8-9fcf-c55af5037fbf task_id=none get_next_task request_start=510414356 connect_end=510414357 send_end=510414357 receive_end=510414359 connect_duration_ms=1 send_duration_ms=0 receive_duration_ms=1 total_duration_ms=2
[2026-02-03 01:12:52.258] [info] [spider.worker] [TIMING] worker_id=3153beb6-f7b7-45c8-9fcf-c55af5037fbf task_id=none get_next_task request_start=510414461 connect_end=510414462 send_end=510414462 receive_end=510414466 connect_duration_ms=1 send_duration_ms=0 receive_duration_ms=3 total_duration_ms=5
[2026-02-03 01:12:52.365] [info] [spider.worker] [TIMING] worker_id=3153beb6-f7b7-45c8-9fcf-c55af5037fbf task_id=none get_next_task request_start=510414568 connect_end=510414569 send_end=510414570 receive_end=510414573 connect_duration_ms=1 send_duration_ms=0 receive_duration_ms=3 total_duration_ms=5
[2026-02-03 01:12:52.473] [info] [spider.worker] [TIMING] worker_id=3153beb6-f7b7-45c8-9fcf-c55af5037fbf task_id=none get_next_task request_start=510414676 connect_end=510414677 send_end=510414677 receive_end=510414681 connect_duration_ms=1 send_duration_ms=0 receive_duration_ms=3 total_duration_ms=5
[2026-02-03 01:12:52.579] [info] [spider.worker] [TIMING] worker_id=3153beb6-f7b7-45c8-9fcf-c55af5037fbf task_id=none get_next_task request_start=510414783 connect_end=510414785 send_end=510414785 receive_end=510414787 connect_duration_ms=1 send_duration_ms=0 receive_duration_ms=2 total_duration_ms=3
[2026-02-03 01:12:52.685] [info] [spider.worker] [TIMING] worker_id=3153beb6-f7b7-45c8-9fcf-c55af5037fbf task_id=none get_next_task request_start=510414889 connect_end=510414891 send_end=510414891 receive_end=510414893 connect_duration_ms=1 send_duration_ms=0 receive_duration_ms=2 total_duration_ms=3
[2026-02-03 01:12:52.796] [info] [spider.worker] [TIMING] worker_id=3153beb6-f7b7-45c8-9fcf-c55af5037fbf task_id=none get_next_task request_start=510414995 connect_end=510414997 send_end=510414997 receive_end=510415004 connect_duration_ms=1 send_duration_ms=0 receive_duration_ms=6 total_duration_ms=8
[2026-02-03 01:12:52.905] [info] [spider.worker] [TIMING] worker_id=3153beb6-f7b7-45c8-9fcf-c55af5037fbf task_id=none get_next_task request_start=510415107 connect_end=510415108 send_end=510415108 receive_end=510415113 connect_duration_ms=1 send_duration_ms=0 receive_duration_ms=5 total_duration_ms=6
[2026-02-03 01:12:53.013] [info] [spider.worker] [TIMING] worker_id=3153beb6-f7b7-45c8-9fcf-c55af5037fbf task_id=none get_next_task request_start=510415216 connect_end=510415218 send_end=510415218 receive_end=510415222 connect_duration_ms=1 send_duration_ms=0 receive_duration_ms=4 total_duration_ms=5
[2026-02-03 01:12:53.124] [info] [spider.worker] [TIMING] worker_id=3153beb6-f7b7-45c8-9fcf-c55af5037fbf task_id=none get_next_task request_start=510415324 connect_end=510415326 send_end=510415326 receive_end=510415332 connect_duration_ms=1 send_duration_ms=0 receive_duration_ms=6 total_duration_ms=7
[2026-02-03 01:12:53.234] [info] [spider.worker] [TIMING] worker_id=3153beb6-f7b7-45c8-9fcf-c55af5037fbf task_id=none get_next_task request_start=510415435 connect_end=510415437 send_end=510415437 receive_end=510415443 connect_duration_ms=1 send_duration_ms=0 receive_duration_ms=6 total_duration_ms=7
[2026-02-03 01:12:53.339] [info] [spider.worker] [TIMING] worker_id=3153beb6-f7b7-45c8-9fcf-c55af5037fbf task_id=none get_next_task request_start=510415544 connect_end=510415545 send_end=510415545 receive_end=510415547 connect_duration_ms=0 send_duration_ms=0 receive_duration_ms=2 total_duration_ms=3
[2026-02-03 01:12:53.444] [info] [spider.worker] [TIMING] worker_id=3153beb6-f7b7-45c8-9fcf-c55af5037fbf task_id=none get_next_task request_start=510415649 connect_end=510415650 send_end=510415650 receive_end=510415652 connect_duration_ms=1 send_duration_ms=0 receive_duration_ms=2 total_duration_ms=3
[2026-02-03 01:12:53.551] [info] [spider.worker] [TIMING] worker_id=3153beb6-f7b7-45c8-9fcf-c55af5037fbf task_id=none get_next_task request_start=510415754 connect_end=510415755 send_end=510415755 receive_end=510415759 connect_duration_ms=1 send_duration_ms=0 receive_duration_ms=3 total_duration_ms=5
[2026-02-03 01:12:53.658] [info] [spider.worker] [TIMING] worker_id=3153beb6-f7b7-45c8-9fcf-c55af5037fbf task_id=none get_next_task request_start=510415861 connect_end=510415863 send_end=510415863 receive_end=510415866 connect_duration_ms=1 send_duration_ms=0 receive_duration_ms=3 total_duration_ms=5
[2026-02-03 01:12:53.763] [info] [spider.worker] [TIMING] worker_id=3153beb6-f7b7-45c8-9fcf-c55af5037fbf task_id=none get_next_task request_start=510415968 connect_end=510415970 send_end=510415970 receive_end=510415972 connect_duration_ms=1 send_duration_ms=0 receive_duration_ms=1 total_duration_ms=3
[2026-02-03 01:12:53.873] [info] [spider.worker] [TIMING] worker_id=3153beb6-f7b7-45c8-9fcf-c55af5037fbf task_id=none get_next_task request_start=510416074 connect_end=510416076 send_end=510416076 receive_end=510416081 connect_duration_ms=1 send_duration_ms=0 receive_duration_ms=5 total_duration_ms=6
[2026-02-03 01:12:53.982] [info] [spider.worker] [TIMING] worker_id=3153beb6-f7b7-45c8-9fcf-c55af5037fbf task_id=none get_next_task request_start=510416184 connect_end=510416186 send_end=510416186 receive_end=510416190 connect_duration_ms=1 send_duration_ms=0 receive_duration_ms=4 total_duration_ms=6
[2026-02-03 01:12:54.090] [info] [spider.worker] [TIMING] worker_id=3153beb6-f7b7-45c8-9fcf-c55af5037fbf task_id=none get_next_task request_start=510416292 connect_end=510416294 send_end=510416294 receive_end=510416298 connect_duration_ms=1 send_duration_ms=0 receive_duration_ms=4 total_duration_ms=5
[2026-02-03 01:12:54.199] [info] [spider.worker] [TIMING] worker_id=3153beb6-f7b7-45c8-9fcf-c55af5037fbf task_id=none get_next_task request_start=510416400 connect_end=510416402 send_end=510416402 receive_end=510416408 connect_duration_ms=1 send_duration_ms=0 receive_duration_ms=5 total_duration_ms=7
[2026-02-03 01:12:54.307] [info] [spider.worker] [TIMING] worker_id=3153beb6-f7b7-45c8-9fcf-c55af5037fbf task_id=none get_next_task request_start=510416510 connect_end=510416511 send_end=510416511 receive_end=510416515 connect_duration_ms=1 send_duration_ms=0 receive_duration_ms=3 total_duration_ms=5
[2026-02-03 01:12:54.417] [info] [spider.worker] [TIMING] worker_id=3153beb6-f7b7-45c8-9fcf-c55af5037fbf task_id=none get_next_task request_start=510416618 connect_end=510416620 send_end=510416620 receive_end=510416625 connect_duration_ms=1 send_duration_ms=0 receive_duration_ms=5 total_duration_ms=6
[2026-02-03 01:12:54.525] [info] [spider.worker] [TIMING] worker_id=3153beb6-f7b7-45c8-9fcf-c55af5037fbf task_id=none get_next_task request_start=510416728 connect_end=510416730 send_end=510416730 receive_end=510416733 connect_duration_ms=1 send_duration_ms=0 receive_duration_ms=3 total_duration_ms=5
[2026-02-03 01:12:54.633] [info] [spider.worker] [TIMING] worker_id=3153beb6-f7b7-45c8-9fcf-c55af5037fbf task_id=none get_next_task request_start=510416836 connect_end=510416837 send_end=510416837 receive_end=510416842 connect_duration_ms=1 send_duration_ms=0 receive_duration_ms=4 total_duration_ms=5
[2026-02-03 01:12:54.754] [info] [spider.worker] [TIMING] worker_id=3153beb6-f7b7-45c8-9fcf-c55af5037fbf task_id=none get_next_task request_start=510416952 connect_end=510416954 send_end=510416954 receive_end=510416963 connect_duration_ms=2 send_duration_ms=0 receive_duration_ms=8 total_duration_ms=10
[2026-02-03 01:12:54.863] [info] [spider.worker] [TIMING] worker_id=3153beb6-f7b7-45c8-9fcf-c55af5037fbf task_id=none get_next_task request_start=510417065 connect_end=510417067 send_end=510417067 receive_end=510417071 connect_duration_ms=1 send_duration_ms=0 receive_duration_ms=4 total_duration_ms=6
[2026-02-03 01:12:54.972] [info] [spider.worker] [TIMING] worker_id=3153beb6-f7b7-45c8-9fcf-c55af5037fbf task_id=none get_next_task request_start=510417174 connect_end=510417176 send_end=510417176 receive_end=510417180 connect_duration_ms=1 send_duration_ms=0 receive_duration_ms=4 total_duration_ms=6
[2026-02-03 01:12:55.081] [info] [spider.worker] [TIMING] worker_id=3153beb6-f7b7-45c8-9fcf-c55af5037fbf task_id=none get_next_task request_start=510417283 connect_end=510417284 send_end=510417284 receive_end=510417290 connect_duration_ms=1 send_duration_ms=0 receive_duration_ms=5 total_duration_ms=6
[2026-02-03 01:12:55.190] [info] [spider.worker] [TIMING] worker_id=3153beb6-f7b7-45c8-9fcf-c55af5037fbf task_id=none get_next_task request_start=510417392 connect_end=510417394 send_end=510417394 receive_end=510417398 connect_duration_ms=1 send_duration_ms=0 receive_duration_ms=3 total_duration_ms=5
[2026-02-03 01:12:55.298] [info] [spider.worker] [TIMING] worker_id=3153beb6-f7b7-45c8-9fcf-c55af5037fbf task_id=none get_next_task request_start=510417501 connect_end=510417502 send_end=510417502 receive_end=510417507 connect_duration_ms=1 send_duration_ms=0 receive_duration_ms=4 total_duration_ms=6
[2026-02-03 01:12:55.407] [info] [spider.worker] [TIMING] worker_id=3153beb6-f7b7-45c8-9fcf-c55af5037fbf task_id=none get_next_task request_start=510417610 connect_end=510417611 send_end=510417611 receive_end=510417615 connect_duration_ms=1 send_duration_ms=0 receive_duration_ms=4 total_duration_ms=5
[2026-02-03 01:12:55.516] [info] [spider.worker] [TIMING] worker_id=3153beb6-f7b7-45c8-9fcf-c55af5037fbf task_id=none get_next_task request_start=510417718 connect_end=510417720 send_end=510417720 receive_end=510417724 connect_duration_ms=1 send_duration_ms=0 receive_duration_ms=4 total_duration_ms=6
[2026-02-03 01:12:55.624] [info] [spider.worker] [TIMING] worker_id=3153beb6-f7b7-45c8-9fcf-c55af5037fbf task_id=none get_next_task request_start=510417827 connect_end=510417828 send_end=510417828 receive_end=510417832 connect_duration_ms=1 send_duration_ms=0 receive_duration_ms=4 total_duration_ms=5
[2026-02-03 01:12:55.733] [info] [spider.worker] [TIMING] worker_id=3153beb6-f7b7-45c8-9fcf-c55af5037fbf task_id=none get_next_task request_start=510417935 connect_end=510417937 send_end=510417937 receive_end=510417942 connect_duration_ms=1 send_duration_ms=0 receive_duration_ms=4 total_duration_ms=6
[2026-02-03 01:12:55.842] [info] [spider.worker] [TIMING] worker_id=3153beb6-f7b7-45c8-9fcf-c55af5037fbf task_id=none get_next_task request_start=510418045 connect_end=510418046 send_end=510418046 receive_end=510418051 connect_duration_ms=1 send_duration_ms=0 receive_duration_ms=4 total_duration_ms=6
[2026-02-03 01:12:55.951] [info] [spider.worker] [TIMING] worker_id=3153beb6-f7b7-45c8-9fcf-c55af5037fbf task_id=none get_next_task request_start=510418153 connect_end=510418155 send_end=510418155 receive_end=510418159 connect_duration_ms=1 send_duration_ms=0 receive_duration_ms=4 total_duration_ms=5
[2026-02-03 01:12:56.060] [info] [spider.worker] [TIMING] worker_id=3153beb6-f7b7-45c8-9fcf-c55af5037fbf task_id=none get_next_task request_start=510418262 connect_end=510418264 send_end=510418264 receive_end=510418268 connect_duration_ms=2 send_duration_ms=0 receive_duration_ms=4 total_duration_ms=6
[2026-02-03 01:12:56.170] [info] [spider.worker] [TIMING] worker_id=3153beb6-f7b7-45c8-9fcf-c55af5037fbf task_id=none get_next_task request_start=510418371 connect_end=510418373 send_end=510418373 receive_end=510418379 connect_duration_ms=1 send_duration_ms=0 receive_duration_ms=5 total_duration_ms=7
[2026-02-03 01:12:56.279] [info] [spider.worker] [TIMING] worker_id=3153beb6-f7b7-45c8-9fcf-c55af5037fbf task_id=none get_next_task request_start=510418481 connect_end=510418483 send_end=510418483 receive_end=510418488 connect_duration_ms=1 send_duration_ms=0 receive_duration_ms=4 total_duration_ms=6
[2026-02-03 01:12:56.387] [info] [spider.worker] [TIMING] worker_id=3153beb6-f7b7-45c8-9fcf-c55af5037fbf task_id=none get_next_task request_start=510418590 connect_end=510418592 send_end=510418592 receive_end=510418596 connect_duration_ms=1 send_duration_ms=0 receive_duration_ms=3 total_duration_ms=5
[2026-02-03 01:12:56.496] [info] [spider.worker] [TIMING] worker_id=3153beb6-f7b7-45c8-9fcf-c55af5037fbf task_id=none get_next_task request_start=510418698 connect_end=510418700 send_end=510418700 receive_end=510418704 connect_duration_ms=1 send_duration_ms=0 receive_duration_ms=3 total_duration_ms=5
[2026-02-03 01:12:56.604] [info] [spider.worker] [TIMING] worker_id=3153beb6-f7b7-45c8-9fcf-c55af5037fbf task_id=none get_next_task request_start=510418806 connect_end=510418808 send_end=510418808 receive_end=510418812 connect_duration_ms=1 send_duration_ms=0 receive_duration_ms=3 total_duration_ms=5
[2026-02-03 01:12:56.709] [info] [spider.worker] [TIMING] worker_id=3153beb6-f7b7-45c8-9fcf-c55af5037fbf task_id=none get_next_task request_start=510418914 connect_end=510418915 send_end=510418915 receive_end=510418917 connect_duration_ms=1 send_duration_ms=0 receive_duration_ms=2 total_duration_ms=3
[2026-02-03 01:12:56.814] [info] [spider.worker] [TIMING] worker_id=3153beb6-f7b7-45c8-9fcf-c55af5037fbf task_id=none get_next_task request_start=510419019 connect_end=510419020 send_end=510419020 receive_end=510419022 connect_duration_ms=1 send_duration_ms=0 receive_duration_ms=2 total_duration_ms=3
[2026-02-03 01:12:56.919] [info] [spider.worker] [TIMING] worker_id=3153beb6-f7b7-45c8-9fcf-c55af5037fbf task_id=none get_next_task request_start=510419124 connect_end=510419125 send_end=510419125 receive_end=510419127 connect_duration_ms=0 send_duration_ms=0 receive_duration_ms=2 total_duration_ms=3
[2026-02-03 01:12:57.028] [info] [spider.worker] [TIMING] worker_id=3153beb6-f7b7-45c8-9fcf-c55af5037fbf task_id=none get_next_task request_start=510419229 connect_end=510419230 send_end=510419230 receive_end=510419237 connect_duration_ms=1 send_duration_ms=0 receive_duration_ms=6 total_duration_ms=8
[2026-02-03 01:12:57.140] [info] [spider.worker] [TIMING] worker_id=3153beb6-f7b7-45c8-9fcf-c55af5037fbf task_id=none get_next_task request_start=510419339 connect_end=510419340 send_end=510419340 receive_end=510419348 connect_duration_ms=1 send_duration_ms=0 receive_duration_ms=7 total_duration_ms=9
[2026-02-03 01:12:57.246] [info] [spider.worker] [TIMING] worker_id=3153beb6-f7b7-45c8-9fcf-c55af5037fbf task_id=none get_next_task request_start=510419450 connect_end=510419452 send_end=510419452 receive_end=510419455 connect_duration_ms=1 send_duration_ms=0 receive_duration_ms=2 total_duration_ms=4
[2026-02-03 01:12:57.354] [info] [spider.worker] [TIMING] worker_id=3153beb6-f7b7-45c8-9fcf-c55af5037fbf task_id=none get_next_task request_start=510419557 connect_end=510419558 send_end=510419558 receive_end=510419562 connect_duration_ms=1 send_duration_ms=0 receive_duration_ms=3 total_duration_ms=5
[2026-02-03 01:12:57.462] [info] [spider.worker] [TIMING] worker_id=3153beb6-f7b7-45c8-9fcf-c55af5037fbf task_id=none get_next_task request_start=510419664 connect_end=510419666 send_end=510419666 receive_end=510419670 connect_duration_ms=1 send_duration_ms=0 receive_duration_ms=4 total_duration_ms=6
[2026-02-03 01:12:57.581] [info] [spider.worker] [TIMING] worker_id=3153beb6-f7b7-45c8-9fcf-c55af5037fbf task_id=none get_next_task request_start=510419773 connect_end=510419774 send_end=510419774 receive_end=510419789 connect_duration_ms=1 send_duration_ms=0 receive_duration_ms=14 total_duration_ms=16
[2026-02-03 01:12:57.689] [info] [spider.worker] [TIMING] worker_id=3153beb6-f7b7-45c8-9fcf-c55af5037fbf task_id=none get_next_task request_start=510419892 connect_end=510419893 send_end=510419893 receive_end=510419898 connect_duration_ms=1 send_duration_ms=0 receive_duration_ms=4 total_duration_ms=5
[2026-02-03 01:12:57.798] [info] [spider.worker] [TIMING] worker_id=3153beb6-f7b7-45c8-9fcf-c55af5037fbf task_id=none get_next_task request_start=510420000 connect_end=510420002 send_end=510420002 receive_end=510420007 connect_duration_ms=1 send_duration_ms=0 receive_duration_ms=4 total_duration_ms=6
[2026-02-03 01:12:57.908] [info] [spider.worker] [TIMING] worker_id=3153beb6-f7b7-45c8-9fcf-c55af5037fbf task_id=none get_next_task request_start=510420110 connect_end=510420111 send_end=510420111 receive_end=510420116 connect_duration_ms=1 send_duration_ms=0 receive_duration_ms=4 total_duration_ms=6
[2026-02-03 01:12:58.017] [info] [spider.worker] [TIMING] worker_id=3153beb6-f7b7-45c8-9fcf-c55af5037fbf task_id=none get_next_task request_start=510420219 connect_end=510420221 send_end=510420221 receive_end=510420225 connect_duration_ms=2 send_duration_ms=0 receive_duration_ms=4 total_duration_ms=6
[2026-02-03 01:12:58.126] [info] [spider.worker] [TIMING] worker_id=3153beb6-f7b7-45c8-9fcf-c55af5037fbf task_id=none get_next_task request_start=510420328 connect_end=510420330 send_end=510420330 receive_end=510420334 connect_duration_ms=1 send_duration_ms=0 receive_duration_ms=3 total_duration_ms=5
[2026-02-03 01:12:58.234] [info] [spider.worker] [TIMING] worker_id=3153beb6-f7b7-45c8-9fcf-c55af5037fbf task_id=none get_next_task request_start=510420436 connect_end=510420438 send_end=510420438 receive_end=510420443 connect_duration_ms=1 send_duration_ms=0 receive_duration_ms=4 total_duration_ms=6
[2026-02-03 01:12:58.344] [info] [spider.worker] [TIMING] worker_id=3153beb6-f7b7-45c8-9fcf-c55af5037fbf task_id=none get_next_task request_start=510420546 connect_end=510420548 send_end=510420548 receive_end=510420552 connect_duration_ms=2 send_duration_ms=0 receive_duration_ms=4 total_duration_ms=6
[2026-02-03 01:12:58.453] [info] [spider.worker] [TIMING] worker_id=3153beb6-f7b7-45c8-9fcf-c55af5037fbf task_id=none get_next_task request_start=510420655 connect_end=510420657 send_end=510420657 receive_end=510420661 connect_duration_ms=1 send_duration_ms=0 receive_duration_ms=4 total_duration_ms=6
[2026-02-03 01:12:58.561] [info] [spider.worker] [TIMING] worker_id=3153beb6-f7b7-45c8-9fcf-c55af5037fbf task_id=none get_next_task request_start=510420764 connect_end=510420765 send_end=510420765 receive_end=510420769 connect_duration_ms=1 send_duration_ms=0 receive_duration_ms=4 total_duration_ms=5
[2026-02-03 01:12:58.669] [info] [spider.worker] [TIMING] worker_id=3153beb6-f7b7-45c8-9fcf-c55af5037fbf task_id=none get_next_task request_start=510420872 connect_end=510420873 send_end=510420873 receive_end=510420877 connect_duration_ms=1 send_duration_ms=0 receive_duration_ms=3 total_duration_ms=5
[2026-02-03 01:12:58.778] [info] [spider.worker] [TIMING] worker_id=3153beb6-f7b7-45c8-9fcf-c55af5037fbf task_id=none get_next_task request_start=510420980 connect_end=510420981 send_end=510420982 receive_end=510420986 connect_duration_ms=1 send_duration_ms=0 receive_duration_ms=4 total_duration_ms=6
[2026-02-03 01:12:58.887] [info] [spider.worker] [TIMING] worker_id=3153beb6-f7b7-45c8-9fcf-c55af5037fbf task_id=none get_next_task request_start=510421089 connect_end=510421090 send_end=510421090 receive_end=510421096 connect_duration_ms=1 send_duration_ms=0 receive_duration_ms=5 total_duration_ms=7
[2026-02-03 01:12:58.997] [info] [spider.worker] [TIMING] worker_id=3153beb6-f7b7-45c8-9fcf-c55af5037fbf task_id=none get_next_task request_start=510421198 connect_end=510421200 send_end=510421200 receive_end=510421205 connect_duration_ms=1 send_duration_ms=0 receive_duration_ms=4 total_duration_ms=6
[2026-02-03 01:12:59.105] [info] [spider.worker] [TIMING] worker_id=3153beb6-f7b7-45c8-9fcf-c55af5037fbf task_id=none get_next_task request_start=510421307 connect_end=510421309 send_end=510421309 receive_end=510421314 connect_duration_ms=1 send_duration_ms=0 receive_duration_ms=4 total_duration_ms=6
[2026-02-03 01:12:59.215] [info] [spider.worker] [TIMING] worker_id=3153beb6-f7b7-45c8-9fcf-c55af5037fbf task_id=none get_next_task request_start=510421417 connect_end=510421419 send_end=510421419 receive_end=510421423 connect_duration_ms=1 send_duration_ms=0 receive_duration_ms=4 total_duration_ms=6
[2026-02-03 01:12:59.324] [info] [spider.worker] [TIMING] worker_id=3153beb6-f7b7-45c8-9fcf-c55af5037fbf task_id=none get_next_task request_start=510421526 connect_end=510421527 send_end=510421528 receive_end=510421532 connect_duration_ms=1 send_duration_ms=0 receive_duration_ms=4 total_duration_ms=6
[2026-02-03 01:12:59.433] [info] [spider.worker] [TIMING] worker_id=3153beb6-f7b7-45c8-9fcf-c55af5037fbf task_id=none get_next_task request_start=510421635 connect_end=510421637 send_end=510421637 receive_end=510421641 connect_duration_ms=2 send_duration_ms=0 receive_duration_ms=4 total_duration_ms=6
[2026-02-03 01:12:59.549] [info] [spider.worker] [TIMING] worker_id=3153beb6-f7b7-45c8-9fcf-c55af5037fbf task_id=none get_next_task request_start=510421747 connect_end=510421749 send_end=510421749 receive_end=510421757 connect_duration_ms=1 send_duration_ms=0 receive_duration_ms=8 total_duration_ms=10
[2026-02-03 01:12:59.659] [info] [spider.worker] [TIMING] worker_id=3153beb6-f7b7-45c8-9fcf-c55af5037fbf task_id=none get_next_task request_start=510421860 connect_end=510421862 send_end=510421862 receive_end=510421867 connect_duration_ms=1 send_duration_ms=0 receive_duration_ms=5 total_duration_ms=7
[2026-02-03 01:12:59.768] [info] [spider.worker] [TIMING] worker_id=3153beb6-f7b7-45c8-9fcf-c55af5037fbf task_id=none get_next_task request_start=510421970 connect_end=510421972 send_end=510421972 receive_end=510421977 connect_duration_ms=1 send_duration_ms=0 receive_duration_ms=4 total_duration_ms=6
[2026-02-03 01:12:59.885] [info] [spider.worker] [TIMING] worker_id=3153beb6-f7b7-45c8-9fcf-c55af5037fbf task_id=none get_next_task request_start=510422079 connect_end=510422081 send_end=510422081 receive_end=510422094 connect_duration_ms=1 send_duration_ms=0 receive_duration_ms=12 total_duration_ms=14
[2026-02-03 01:12:59.994] [info] [spider.worker] [TIMING] worker_id=3153beb6-f7b7-45c8-9fcf-c55af5037fbf task_id=none get_next_task request_start=510422196 connect_end=510422198 send_end=510422198 receive_end=510422202 connect_duration_ms=2 send_duration_ms=0 receive_duration_ms=4 total_duration_ms=6
[2026-02-03 01:13:00.103] [info] [spider.worker] [TIMING] worker_id=3153beb6-f7b7-45c8-9fcf-c55af5037fbf task_id=none get_next_task request_start=510422305 connect_end=510422307 send_end=510422307 receive_end=510422311 connect_duration_ms=1 send_duration_ms=0 receive_duration_ms=4 total_duration_ms=5
[2026-02-03 01:13:00.211] [info] [spider.worker] [TIMING] worker_id=3153beb6-f7b7-45c8-9fcf-c55af5037fbf task_id=none get_next_task request_start=510422414 connect_end=510422416 send_end=510422416 receive_end=510422420 connect_duration_ms=1 send_duration_ms=0 receive_duration_ms=4 total_duration_ms=6
[2026-02-03 01:13:00.320] [info] [spider.worker] [TIMING] worker_id=3153beb6-f7b7-45c8-9fcf-c55af5037fbf task_id=none get_next_task request_start=510422522 connect_end=510422524 send_end=510422524 receive_end=510422528 connect_duration_ms=1 send_duration_ms=0 receive_duration_ms=4 total_duration_ms=6
[2026-02-03 01:13:00.428] [info] [spider.worker] [TIMING] worker_id=3153beb6-f7b7-45c8-9fcf-c55af5037fbf task_id=none get_next_task request_start=510422631 connect_end=510422633 send_end=510422633 receive_end=510422637 connect_duration_ms=1 send_duration_ms=0 receive_duration_ms=3 total_duration_ms=5
[2026-02-03 01:13:00.538] [info] [spider.worker] [TIMING] worker_id=3153beb6-f7b7-45c8-9fcf-c55af5037fbf task_id=none get_next_task request_start=510422740 connect_end=510422741 send_end=510422741 receive_end=510422746 connect_duration_ms=1 send_duration_ms=0 receive_duration_ms=4 total_duration_ms=6
[2026-02-03 01:13:00.646] [info] [spider.worker] [TIMING] worker_id=3153beb6-f7b7-45c8-9fcf-c55af5037fbf task_id=none get_next_task request_start=510422849 connect_end=510422851 send_end=510422851 receive_end=510422855 connect_duration_ms=1 send_duration_ms=0 receive_duration_ms=4 total_duration_ms=6
[2026-02-03 01:13:00.755] [info] [spider.worker] [TIMING] worker_id=3153beb6-f7b7-45c8-9fcf-c55af5037fbf task_id=none get_next_task request_start=510422958 connect_end=510422960 send_end=510422960 receive_end=510422964 connect_duration_ms=2 send_duration_ms=0 receive_duration_ms=4 total_duration_ms=6
[2026-02-03 01:13:00.864] [info] [spider.worker] [TIMING] worker_id=3153beb6-f7b7-45c8-9fcf-c55af5037fbf task_id=none get_next_task request_start=510423066 connect_end=510423068 send_end=510423068 receive_end=510423072 connect_duration_ms=1 send_duration_ms=0 receive_duration_ms=4 total_duration_ms=5
[2026-02-03 01:13:00.972] [info] [spider.worker] [TIMING] worker_id=3153beb6-f7b7-45c8-9fcf-c55af5037fbf task_id=none get_next_task request_start=510423175 connect_end=510423177 send_end=510423177 receive_end=510423181 connect_duration_ms=1 send_duration_ms=0 receive_duration_ms=3 total_duration_ms=5
[2026-02-03 01:13:01.080] [info] [spider.worker] [TIMING] worker_id=3153beb6-f7b7-45c8-9fcf-c55af5037fbf task_id=none get_next_task request_start=510423283 connect_end=510423285 send_end=510423285 receive_end=510423289 connect_duration_ms=1 send_duration_ms=0 receive_duration_ms=4 total_duration_ms=5
[2026-02-03 01:13:01.189] [info] [spider.worker] [TIMING] worker_id=3153beb6-f7b7-45c8-9fcf-c55af5037fbf task_id=none get_next_task request_start=510423391 connect_end=510423393 send_end=510423393 receive_end=510423397 connect_duration_ms=1 send_duration_ms=0 receive_duration_ms=3 total_duration_ms=5
[2026-02-03 01:13:01.297] [info] [spider.worker] [TIMING] worker_id=3153beb6-f7b7-45c8-9fcf-c55af5037fbf task_id=none get_next_task request_start=510423500 connect_end=510423502 send_end=510423502 receive_end=510423506 connect_duration_ms=1 send_duration_ms=0 receive_duration_ms=4 total_duration_ms=5
[2026-02-03 01:13:01.406] [info] [spider.worker] [TIMING] worker_id=3153beb6-f7b7-45c8-9fcf-c55af5037fbf task_id=none get_next_task request_start=510423609 connect_end=510423610 send_end=510423610 receive_end=510423614 connect_duration_ms=1 send_duration_ms=0 receive_duration_ms=4 total_duration_ms=5
[2026-02-03 01:13:01.515] [info] [spider.worker] [TIMING] worker_id=3153beb6-f7b7-45c8-9fcf-c55af5037fbf task_id=none get_next_task request_start=510423717 connect_end=510423719 send_end=510423719 receive_end=510423723 connect_duration_ms=1 send_duration_ms=0 receive_duration_ms=4 total_duration_ms=6
[2026-02-03 01:13:01.635] [info] [spider.worker] [TIMING] worker_id=3153beb6-f7b7-45c8-9fcf-c55af5037fbf task_id=none get_next_task request_start=510423836 connect_end=510423838 send_end=510423839 receive_end=510423843 connect_duration_ms=2 send_duration_ms=0 receive_duration_ms=4 total_duration_ms=6
[2026-02-03 01:13:01.744] [info] [spider.worker] [TIMING] worker_id=3153beb6-f7b7-45c8-9fcf-c55af5037fbf task_id=none get_next_task request_start=510423946 connect_end=510423948 send_end=510423948 receive_end=510423952 connect_duration_ms=1 send_duration_ms=0 receive_duration_ms=4 total_duration_ms=5
[2026-02-03 01:13:01.853] [info] [spider.worker] [TIMING] worker_id=3153beb6-f7b7-45c8-9fcf-c55af5037fbf task_id=none get_next_task request_start=510424055 connect_end=510424056 send_end=510424056 receive_end=510424061 connect_duration_ms=1 send_duration_ms=0 receive_duration_ms=4 total_duration_ms=6
[2026-02-03 01:13:01.959] [info] [spider.worker] [TIMING] worker_id=3153beb6-f7b7-45c8-9fcf-c55af5037fbf task_id=none get_next_task request_start=510424163 connect_end=510424164 send_end=510424164 receive_end=510424167 connect_duration_ms=1 send_duration_ms=0 receive_duration_ms=2 total_duration_ms=4
[2026-02-03 01:13:02.067] [info] [spider.worker] [TIMING] worker_id=3153beb6-f7b7-45c8-9fcf-c55af5037fbf task_id=none get_next_task request_start=510424269 connect_end=510424271 send_end=510424271 receive_end=510424275 connect_duration_ms=1 send_duration_ms=0 receive_duration_ms=4 total_duration_ms=5
[2026-02-03 01:13:02.175] [info] [spider.worker] [TIMING] worker_id=3153beb6-f7b7-45c8-9fcf-c55af5037fbf task_id=none get_next_task request_start=510424377 connect_end=510424379 send_end=510424379 receive_end=510424383 connect_duration_ms=1 send_duration_ms=0 receive_duration_ms=4 total_duration_ms=5
[2026-02-03 01:13:02.286] [info] [spider.worker] [TIMING] worker_id=3153beb6-f7b7-45c8-9fcf-c55af5037fbf task_id=none get_next_task request_start=510424486 connect_end=510424488 send_end=510424488 receive_end=510424495 connect_duration_ms=1 send_duration_ms=0 receive_duration_ms=6 total_duration_ms=8
[2026-02-03 01:13:02.395] [info] [spider.worker] [TIMING] worker_id=3153beb6-f7b7-45c8-9fcf-c55af5037fbf task_id=none get_next_task request_start=510424598 connect_end=510424599 send_end=510424599 receive_end=510424604 connect_duration_ms=1 send_duration_ms=0 receive_duration_ms=4 total_duration_ms=6
[2026-02-03 01:13:02.504] [info] [spider.worker] [TIMING] worker_id=3153beb6-f7b7-45c8-9fcf-c55af5037fbf task_id=none get_next_task request_start=510424706 connect_end=510424708 send_end=510424708 receive_end=510424713 connect_duration_ms=1 send_duration_ms=0 receive_duration_ms=4 total_duration_ms=6
[2026-02-03 01:13:02.613] [info] [spider.worker] [TIMING] worker_id=3153beb6-f7b7-45c8-9fcf-c55af5037fbf task_id=none get_next_task request_start=510424815 connect_end=510424817 send_end=510424817 receive_end=510424822 connect_duration_ms=1 send_duration_ms=0 receive_duration_ms=4 total_duration_ms=6
[2026-02-03 01:13:02.722] [info] [spider.worker] [TIMING] worker_id=3153beb6-f7b7-45c8-9fcf-c55af5037fbf task_id=none get_next_task request_start=510424925 connect_end=510424926 send_end=510424926 receive_end=510424931 connect_duration_ms=1 send_duration_ms=0 receive_duration_ms=4 total_duration_ms=6
[2026-02-03 01:13:02.843] [info] [spider.worker] [TIMING] worker_id=3153beb6-f7b7-45c8-9fcf-c55af5037fbf task_id=none get_next_task request_start=510425044 connect_end=510425046 send_end=510425046 receive_end=510425051 connect_duration_ms=2 send_duration_ms=0 receive_duration_ms=4 total_duration_ms=7
[2026-02-03 01:13:02.952] [info] [spider.worker] [TIMING] worker_id=3153beb6-f7b7-45c8-9fcf-c55af5037fbf task_id=none get_next_task request_start=510425154 connect_end=510425156 send_end=510425156 receive_end=510425160 connect_duration_ms=1 send_duration_ms=0 receive_duration_ms=4 total_duration_ms=6
[2026-02-03 01:13:03.057] [info] [spider.worker] [TIMING] worker_id=3153beb6-f7b7-45c8-9fcf-c55af5037fbf task_id=none get_next_task request_start=510425262 connect_end=510425264 send_end=510425264 receive_end=510425266 connect_duration_ms=1 send_duration_ms=0 receive_duration_ms=2 total_duration_ms=3
[2026-02-03 01:13:03.165] [info] [spider.worker] [TIMING] worker_id=3153beb6-f7b7-45c8-9fcf-c55af5037fbf task_id=none get_next_task request_start=510425368 connect_end=510425370 send_end=510425370 receive_end=510425373 connect_duration_ms=1 send_duration_ms=0 receive_duration_ms=3 total_duration_ms=4
[2026-02-03 01:13:03.271] [info] [spider.worker] [TIMING] worker_id=3153beb6-f7b7-45c8-9fcf-c55af5037fbf task_id=none get_next_task request_start=510425475 connect_end=510425476 send_end=510425476 receive_end=510425479 connect_duration_ms=1 send_duration_ms=0 receive_duration_ms=3 total_duration_ms=4
[2026-02-03 01:13:03.379] [info] [spider.worker] [TIMING] worker_id=3153beb6-f7b7-45c8-9fcf-c55af5037fbf task_id=none get_next_task request_start=510425582 connect_end=510425583 send_end=510425583 receive_end=510425588 connect_duration_ms=1 send_duration_ms=0 receive_duration_ms=4 total_duration_ms=5
[2026-02-03 01:13:03.488] [info] [spider.worker] [TIMING] worker_id=3153beb6-f7b7-45c8-9fcf-c55af5037fbf task_id=none get_next_task request_start=510425691 connect_end=510425692 send_end=510425692 receive_end=510425697 connect_duration_ms=1 send_duration_ms=0 receive_duration_ms=4 total_duration_ms=5
[2026-02-03 01:13:03.596] [info] [spider.worker] [TIMING] worker_id=3153beb6-f7b7-45c8-9fcf-c55af5037fbf task_id=none get_next_task request_start=510425799 connect_end=510425800 send_end=510425800 receive_end=510425804 connect_duration_ms=1 send_duration_ms=0 receive_duration_ms=3 total_duration_ms=4
[2026-02-03 01:13:03.703] [info] [spider.worker] [TIMING] worker_id=3153beb6-f7b7-45c8-9fcf-c55af5037fbf task_id=none get_next_task request_start=510425906 connect_end=510425907 send_end=510425907 receive_end=510425911 connect_duration_ms=1 send_duration_ms=0 receive_duration_ms=4 total_duration_ms=5
[2026-02-03 01:13:03.810] [info] [spider.worker] [TIMING] worker_id=3153beb6-f7b7-45c8-9fcf-c55af5037fbf task_id=none get_next_task request_start=510426013 connect_end=510426014 send_end=510426014 receive_end=510426018 connect_duration_ms=1 send_duration_ms=0 receive_duration_ms=3 total_duration_ms=4
[2026-02-03 01:13:03.918] [info] [spider.worker] [TIMING] worker_id=3153beb6-f7b7-45c8-9fcf-c55af5037fbf task_id=none get_next_task request_start=510426121 connect_end=510426122 send_end=510426122 receive_end=510426127 connect_duration_ms=1 send_duration_ms=0 receive_duration_ms=4 total_duration_ms=5
[2026-02-03 01:13:04.027] [info] [spider.worker] [TIMING] worker_id=3153beb6-f7b7-45c8-9fcf-c55af5037fbf task_id=none get_next_task request_start=510426229 connect_end=510426231 send_end=510426231 receive_end=510426235 connect_duration_ms=1 send_duration_ms=0 receive_duration_ms=4 total_duration_ms=5
[2026-02-03 01:13:04.136] [info] [spider.worker] [TIMING] worker_id=3153beb6-f7b7-45c8-9fcf-c55af5037fbf task_id=none get_next_task request_start=510426338 connect_end=510426340 send_end=510426340 receive_end=510426344 connect_duration_ms=1 send_duration_ms=0 receive_duration_ms=4 total_duration_ms=6
[2026-02-03 01:13:04.246] [info] [spider.worker] [TIMING] worker_id=3153beb6-f7b7-45c8-9fcf-c55af5037fbf task_id=none get_next_task request_start=510426448 connect_end=510426450 send_end=510426450 receive_end=510426454 connect_duration_ms=1 send_duration_ms=0 receive_duration_ms=4 total_duration_ms=6
[2026-02-03 01:13:04.355] [info] [spider.worker] [TIMING] worker_id=3153beb6-f7b7-45c8-9fcf-c55af5037fbf task_id=none get_next_task request_start=510426557 connect_end=510426559 send_end=510426559 receive_end=510426563 connect_duration_ms=1 send_duration_ms=0 receive_duration_ms=4 total_duration_ms=6
[2026-02-03 01:13:04.464] [info] [spider.worker] [TIMING] worker_id=3153beb6-f7b7-45c8-9fcf-c55af5037fbf task_id=none get_next_task request_start=510426666 connect_end=510426668 send_end=510426668 receive_end=510426672 connect_duration_ms=1 send_duration_ms=0 receive_duration_ms=4 total_duration_ms=5
[2026-02-03 01:13:04.572] [info] [spider.worker] [TIMING] worker_id=3153beb6-f7b7-45c8-9fcf-c55af5037fbf task_id=none get_next_task request_start=510426775 connect_end=510426777 send_end=510426777 receive_end=510426781 connect_duration_ms=1 send_duration_ms=0 receive_duration_ms=4 total_duration_ms=5
[2026-02-03 01:13:04.685] [info] [spider.worker] [TIMING] worker_id=3153beb6-f7b7-45c8-9fcf-c55af5037fbf task_id=none get_next_task request_start=510426887 connect_end=510426889 send_end=510426889 receive_end=510426894 connect_duration_ms=1 send_duration_ms=0 receive_duration_ms=4 total_duration_ms=6
[2026-02-03 01:13:04.794] [info] [spider.worker] [TIMING] worker_id=3153beb6-f7b7-45c8-9fcf-c55af5037fbf task_id=none get_next_task request_start=510426997 connect_end=510426998 send_end=510426998 receive_end=510427002 connect_duration_ms=1 send_duration_ms=0 receive_duration_ms=4 total_duration_ms=5
[2026-02-03 01:13:04.902] [info] [spider.worker] [TIMING] worker_id=3153beb6-f7b7-45c8-9fcf-c55af5037fbf task_id=none get_next_task request_start=510427105 connect_end=510427106 send_end=510427106 receive_end=510427110 connect_duration_ms=1 send_duration_ms=0 receive_duration_ms=4 total_duration_ms=5
[2026-02-03 01:13:05.010] [info] [spider.worker] [TIMING] worker_id=3153beb6-f7b7-45c8-9fcf-c55af5037fbf task_id=none get_next_task request_start=510427213 connect_end=510427215 send_end=510427215 receive_end=510427219 connect_duration_ms=1 send_duration_ms=0 receive_duration_ms=4 total_duration_ms=5
[2026-02-03 01:13:05.120] [info] [spider.worker] [TIMING] worker_id=3153beb6-f7b7-45c8-9fcf-c55af5037fbf task_id=none get_next_task request_start=510427322 connect_end=510427323 send_end=510427323 receive_end=510427328 connect_duration_ms=1 send_duration_ms=0 receive_duration_ms=4 total_duration_ms=6
[2026-02-03 01:13:05.227] [info] [spider.worker] [TIMING] worker_id=3153beb6-f7b7-45c8-9fcf-c55af5037fbf task_id=none get_next_task request_start=510427430 connect_end=510427432 send_end=510427432 receive_end=510427436 connect_duration_ms=1 send_duration_ms=0 receive_duration_ms=3 total_duration_ms=5
[2026-02-03 01:13:05.335] [info] [spider.worker] [TIMING] worker_id=3153beb6-f7b7-45c8-9fcf-c55af5037fbf task_id=none get_next_task request_start=510427538 connect_end=510427540 send_end=510427540 receive_end=510427543 connect_duration_ms=1 send_duration_ms=0 receive_duration_ms=3 total_duration_ms=4
[2026-02-03 01:13:05.445] [info] [spider.worker] [TIMING] worker_id=3153beb6-f7b7-45c8-9fcf-c55af5037fbf task_id=none get_next_task request_start=510427646 connect_end=510427647 send_end=510427647 receive_end=510427653 connect_duration_ms=1 send_duration_ms=0 receive_duration_ms=6 total_duration_ms=7
[2026-02-03 01:13:05.553] [info] [spider.worker] [TIMING] worker_id=3153beb6-f7b7-45c8-9fcf-c55af5037fbf task_id=none get_next_task request_start=510427756 connect_end=510427757 send_end=510427757 receive_end=510427761 connect_duration_ms=1 send_duration_ms=0 receive_duration_ms=3 total_duration_ms=5
[2026-02-03 01:13:05.662] [info] [spider.worker] [TIMING] worker_id=3153beb6-f7b7-45c8-9fcf-c55af5037fbf task_id=none get_next_task request_start=510427864 connect_end=510427866 send_end=510427866 receive_end=510427870 connect_duration_ms=1 send_duration_ms=0 receive_duration_ms=4 total_duration_ms=6
[2026-02-03 01:13:05.771] [info] [spider.worker] [TIMING] worker_id=3153beb6-f7b7-45c8-9fcf-c55af5037fbf task_id=none get_next_task request_start=510427973 connect_end=510427974 send_end=510427974 receive_end=510427979 connect_duration_ms=1 send_duration_ms=0 receive_duration_ms=4 total_duration_ms=6
[2026-02-03 01:13:05.885] [info] [spider.worker] [TIMING] worker_id=3153beb6-f7b7-45c8-9fcf-c55af5037fbf task_id=none get_next_task request_start=510428087 connect_end=510428089 send_end=510428089 receive_end=510428093 connect_duration_ms=1 send_duration_ms=0 receive_duration_ms=4 total_duration_ms=6
[2026-02-03 01:13:05.993] [info] [spider.worker] [TIMING] worker_id=3153beb6-f7b7-45c8-9fcf-c55af5037fbf task_id=none get_next_task request_start=510428196 connect_end=510428197 send_end=510428197 receive_end=510428202 connect_duration_ms=1 send_duration_ms=0 receive_duration_ms=4 total_duration_ms=6
[2026-02-03 01:13:06.102] [info] [spider.worker] [TIMING] worker_id=3153beb6-f7b7-45c8-9fcf-c55af5037fbf task_id=none get_next_task request_start=510428305 connect_end=510428306 send_end=510428306 receive_end=510428310 connect_duration_ms=1 send_duration_ms=0 receive_duration_ms=3 total_duration_ms=5
[2026-02-03 01:13:06.211] [info] [spider.worker] [TIMING] worker_id=3153beb6-f7b7-45c8-9fcf-c55af5037fbf task_id=none get_next_task request_start=510428413 connect_end=510428415 send_end=510428415 receive_end=510428419 connect_duration_ms=1 send_duration_ms=0 receive_duration_ms=4 total_duration_ms=6
[2026-02-03 01:13:06.321] [info] [spider.worker] [TIMING] worker_id=3153beb6-f7b7-45c8-9fcf-c55af5037fbf task_id=none get_next_task request_start=510428523 connect_end=510428524 send_end=510428524 receive_end=510428529 connect_duration_ms=1 send_duration_ms=0 receive_duration_ms=4 total_duration_ms=6
[2026-02-03 01:13:06.430] [info] [spider.worker] [TIMING] worker_id=3153beb6-f7b7-45c8-9fcf-c55af5037fbf task_id=none get_next_task request_start=510428632 connect_end=510428634 send_end=510428634 receive_end=510428638 connect_duration_ms=1 send_duration_ms=0 receive_duration_ms=4 total_duration_ms=6
[2026-02-03 01:13:06.539] [info] [spider.worker] [TIMING] worker_id=3153beb6-f7b7-45c8-9fcf-c55af5037fbf task_id=none get_next_task request_start=510428741 connect_end=510428743 send_end=510428743 receive_end=510428747 connect_duration_ms=2 send_duration_ms=0 receive_duration_ms=4 total_duration_ms=6
[2026-02-03 01:13:06.648] [info] [spider.worker] [TIMING] worker_id=3153beb6-f7b7-45c8-9fcf-c55af5037fbf task_id=none get_next_task request_start=510428850 connect_end=510428852 send_end=510428852 receive_end=510428856 connect_duration_ms=1 send_duration_ms=0 receive_duration_ms=4 total_duration_ms=5
[2026-02-03 01:13:06.757] [info] [spider.worker] [TIMING] worker_id=3153beb6-f7b7-45c8-9fcf-c55af5037fbf task_id=none get_next_task request_start=510428959 connect_end=510428961 send_end=510428961 receive_end=510428965 connect_duration_ms=1 send_duration_ms=0 receive_duration_ms=4 total_duration_ms=6
[2026-02-03 01:13:06.865] [info] [spider.worker] [TIMING] worker_id=3153beb6-f7b7-45c8-9fcf-c55af5037fbf task_id=none get_next_task request_start=510429067 connect_end=510429069 send_end=510429069 receive_end=510429074 connect_duration_ms=1 send_duration_ms=0 receive_duration_ms=4 total_duration_ms=6
[2026-02-03 01:13:06.972] [info] [spider.worker] [TIMING] worker_id=3153beb6-f7b7-45c8-9fcf-c55af5037fbf task_id=none get_next_task request_start=510429177 connect_end=510429178 send_end=510429178 receive_end=510429181 connect_duration_ms=1 send_duration_ms=0 receive_duration_ms=2 total_duration_ms=3
[2026-02-03 01:13:07.080] [info] [spider.worker] [TIMING] worker_id=3153beb6-f7b7-45c8-9fcf-c55af5037fbf task_id=none get_next_task request_start=510429283 connect_end=510429284 send_end=510429284 receive_end=510429288 connect_duration_ms=1 send_duration_ms=0 receive_duration_ms=3 total_duration_ms=5
[2026-02-03 01:13:07.188] [info] [spider.worker] [TIMING] worker_id=3153beb6-f7b7-45c8-9fcf-c55af5037fbf task_id=none get_next_task request_start=510429391 connect_end=510429392 send_end=510429392 receive_end=510429396 connect_duration_ms=1 send_duration_ms=0 receive_duration_ms=4 total_duration_ms=5
[2026-02-03 01:13:07.296] [info] [spider.worker] [TIMING] worker_id=3153beb6-f7b7-45c8-9fcf-c55af5037fbf task_id=none get_next_task request_start=510429498 connect_end=510429500 send_end=510429500 receive_end=510429504 connect_duration_ms=1 send_duration_ms=0 receive_duration_ms=4 total_duration_ms=6
[2026-02-03 01:13:07.404] [info] [spider.worker] [TIMING] worker_id=3153beb6-f7b7-45c8-9fcf-c55af5037fbf task_id=none get_next_task request_start=510429606 connect_end=510429608 send_end=510429608 receive_end=510429612 connect_duration_ms=1 send_duration_ms=0 receive_duration_ms=4 total_duration_ms=5
[2026-02-03 01:13:07.512] [info] [spider.worker] [TIMING] worker_id=3153beb6-f7b7-45c8-9fcf-c55af5037fbf task_id=none get_next_task request_start=510429714 connect_end=510429716 send_end=510429716 receive_end=510429721 connect_duration_ms=1 send_duration_ms=0 receive_duration_ms=4 total_duration_ms=6
[2026-02-03 01:13:07.622] [info] [spider.worker] [TIMING] worker_id=3153beb6-f7b7-45c8-9fcf-c55af5037fbf task_id=none get_next_task request_start=510429824 connect_end=510429825 send_end=510429825 receive_end=510429830 connect_duration_ms=1 send_duration_ms=0 receive_duration_ms=5 total_duration_ms=6
[2026-02-03 01:13:07.732] [info] [spider.worker] [TIMING] worker_id=3153beb6-f7b7-45c8-9fcf-c55af5037fbf task_id=none get_next_task request_start=510429933 connect_end=510429935 send_end=510429935 receive_end=510429940 connect_duration_ms=2 send_duration_ms=0 receive_duration_ms=5 total_duration_ms=7
[2026-02-03 01:13:07.852] [info] [spider.worker] [TIMING] worker_id=3153beb6-f7b7-45c8-9fcf-c55af5037fbf task_id=none get_next_task request_start=510430054 connect_end=510430056 send_end=510430056 receive_end=510430061 connect_duration_ms=2 send_duration_ms=0 receive_duration_ms=4 total_duration_ms=6
[2026-02-03 01:13:07.961] [info] [spider.worker] [TIMING] worker_id=3153beb6-f7b7-45c8-9fcf-c55af5037fbf task_id=none get_next_task request_start=510430164 connect_end=510430165 send_end=510430165 receive_end=510430170 connect_duration_ms=1 send_duration_ms=0 receive_duration_ms=4 total_duration_ms=6
[2026-02-03 01:13:08.070] [info] [spider.worker] [TIMING] worker_id=3153beb6-f7b7-45c8-9fcf-c55af5037fbf task_id=none get_next_task request_start=510430272 connect_end=510430274 send_end=510430274 receive_end=510430278 connect_duration_ms=1 send_duration_ms=0 receive_duration_ms=4 total_duration_ms=5
[2026-02-03 01:13:08.179] [info] [spider.worker] [TIMING] worker_id=3153beb6-f7b7-45c8-9fcf-c55af5037fbf task_id=none get_next_task request_start=510430381 connect_end=510430383 send_end=510430383 receive_end=510430388 connect_duration_ms=2 send_duration_ms=0 receive_duration_ms=4 total_duration_ms=6
[2026-02-03 01:13:08.290] [info] [spider.worker] [TIMING] worker_id=3153beb6-f7b7-45c8-9fcf-c55af5037fbf task_id=none get_next_task request_start=510430491 connect_end=510430493 send_end=510430493 receive_end=510430498 connect_duration_ms=1 send_duration_ms=0 receive_duration_ms=5 total_duration_ms=7
[2026-02-03 01:13:08.399] [info] [spider.worker] [TIMING] worker_id=3153beb6-f7b7-45c8-9fcf-c55af5037fbf task_id=none get_next_task request_start=510430601 connect_end=510430602 send_end=510430602 receive_end=510430607 connect_duration_ms=1 send_duration_ms=0 receive_duration_ms=4 total_duration_ms=6
[2026-02-03 01:13:08.509] [info] [spider.worker] [TIMING] worker_id=3153beb6-f7b7-45c8-9fcf-c55af5037fbf task_id=none get_next_task request_start=510430710 connect_end=510430711 send_end=510430711 receive_end=510430717 connect_duration_ms=1 send_duration_ms=0 receive_duration_ms=5 total_duration_ms=7
[2026-02-03 01:13:08.619] [info] [spider.worker] [TIMING] worker_id=3153beb6-f7b7-45c8-9fcf-c55af5037fbf task_id=none get_next_task request_start=510430820 connect_end=510430822 send_end=510430822 receive_end=510430827 connect_duration_ms=2 send_duration_ms=0 receive_duration_ms=5 total_duration_ms=7
[2026-02-03 01:13:08.727] [info] [spider.worker] [TIMING] worker_id=3153beb6-f7b7-45c8-9fcf-c55af5037fbf task_id=none get_next_task request_start=510430930 connect_end=510430931 send_end=510430931 receive_end=510430936 connect_duration_ms=1 send_duration_ms=0 receive_duration_ms=4 total_duration_ms=6
[2026-02-03 01:13:08.836] [info] [spider.worker] [TIMING] worker_id=3153beb6-f7b7-45c8-9fcf-c55af5037fbf task_id=none get_next_task request_start=510431039 connect_end=510431040 send_end=510431040 receive_end=510431045 connect_duration_ms=1 send_duration_ms=0 receive_duration_ms=4 total_duration_ms=5
[2026-02-03 01:13:08.946] [info] [spider.worker] [TIMING] worker_id=3153beb6-f7b7-45c8-9fcf-c55af5037fbf task_id=none get_next_task request_start=510431147 connect_end=510431149 send_end=510431149 receive_end=510431154 connect_duration_ms=1 send_duration_ms=0 receive_duration_ms=4 total_duration_ms=6
[2026-02-03 01:13:09.055] [info] [spider.worker] [TIMING] worker_id=3153beb6-f7b7-45c8-9fcf-c55af5037fbf task_id=none get_next_task request_start=510431257 connect_end=510431258 send_end=510431258 receive_end=510431263 connect_duration_ms=1 send_duration_ms=0 receive_duration_ms=4 total_duration_ms=6
[2026-02-03 01:13:09.164] [info] [spider.worker] [TIMING] worker_id=3153beb6-f7b7-45c8-9fcf-c55af5037fbf task_id=none get_next_task request_start=510431366 connect_end=510431368 send_end=510431368 receive_end=510431372 connect_duration_ms=1 send_duration_ms=0 receive_duration_ms=4 total_duration_ms=6
[2026-02-03 01:13:09.273] [info] [spider.worker] [TIMING] worker_id=3153beb6-f7b7-45c8-9fcf-c55af5037fbf task_id=none get_next_task request_start=510431475 connect_end=510431476 send_end=510431476 receive_end=510431481 connect_duration_ms=1 send_duration_ms=0 receive_duration_ms=4 total_duration_ms=5
[2026-02-03 01:13:09.380] [info] [spider.worker] [TIMING] worker_id=3153beb6-f7b7-45c8-9fcf-c55af5037fbf task_id=none get_next_task request_start=510431583 connect_end=510431585 send_end=510431585 receive_end=510431589 connect_duration_ms=1 send_duration_ms=0 receive_duration_ms=4 total_duration_ms=5
[2026-02-03 01:13:09.489] [info] [spider.worker] [TIMING] worker_id=3153beb6-f7b7-45c8-9fcf-c55af5037fbf task_id=none get_next_task request_start=510431692 connect_end=510431693 send_end=510431693 receive_end=510431697 connect_duration_ms=1 send_duration_ms=0 receive_duration_ms=4 total_duration_ms=5
[2026-02-03 01:13:09.598] [info] [spider.worker] [TIMING] worker_id=3153beb6-f7b7-45c8-9fcf-c55af5037fbf task_id=none get_next_task request_start=510431800 connect_end=510431802 send_end=510431802 receive_end=510431806 connect_duration_ms=1 send_duration_ms=0 receive_duration_ms=4 total_duration_ms=6
[2026-02-03 01:13:09.707] [info] [spider.worker] [TIMING] worker_id=3153beb6-f7b7-45c8-9fcf-c55af5037fbf task_id=none get_next_task request_start=510431910 connect_end=510431912 send_end=510431912 receive_end=510431916 connect_duration_ms=2 send_duration_ms=0 receive_duration_ms=4 total_duration_ms=6
[2026-02-03 01:13:09.817] [info] [spider.worker] [TIMING] worker_id=3153beb6-f7b7-45c8-9fcf-c55af5037fbf task_id=none get_next_task request_start=510432019 connect_end=510432020 send_end=510432020 receive_end=510432025 connect_duration_ms=1 send_duration_ms=0 receive_duration_ms=4 total_duration_ms=6
[2026-02-03 01:13:09.926] [info] [spider.worker] [TIMING] worker_id=3153beb6-f7b7-45c8-9fcf-c55af5037fbf task_id=none get_next_task request_start=510432129 connect_end=510432130 send_end=510432130 receive_end=510432135 connect_duration_ms=1 send_duration_ms=0 receive_duration_ms=4 total_duration_ms=6
[2026-02-03 01:13:10.035] [info] [spider.worker] [TIMING] worker_id=3153beb6-f7b7-45c8-9fcf-c55af5037fbf task_id=none get_next_task request_start=510432237 connect_end=510432239 send_end=510432239 receive_end=510432244 connect_duration_ms=1 send_duration_ms=0 receive_duration_ms=4 total_duration_ms=6
[2026-02-03 01:13:10.145] [info] [spider.worker] [TIMING] worker_id=3153beb6-f7b7-45c8-9fcf-c55af5037fbf task_id=none get_next_task request_start=510432347 connect_end=510432348 send_end=510432348 receive_end=510432353 connect_duration_ms=1 send_duration_ms=0 receive_duration_ms=4 total_duration_ms=6
[2026-02-03 01:13:10.254] [info] [spider.worker] [TIMING] worker_id=3153beb6-f7b7-45c8-9fcf-c55af5037fbf task_id=none get_next_task request_start=510432456 connect_end=510432458 send_end=510432458 receive_end=510432463 connect_duration_ms=1 send_duration_ms=0 receive_duration_ms=5 total_duration_ms=6
[2026-02-03 01:13:10.362] [info] [spider.worker] [TIMING] worker_id=3153beb6-f7b7-45c8-9fcf-c55af5037fbf task_id=none get_next_task request_start=510432565 connect_end=510432566 send_end=510432566 receive_end=510432570 connect_duration_ms=1 send_duration_ms=0 receive_duration_ms=4 total_duration_ms=5
[2026-02-03 01:13:10.471] [info] [spider.worker] [TIMING] worker_id=3153beb6-f7b7-45c8-9fcf-c55af5037fbf task_id=none get_next_task request_start=510432674 connect_end=510432675 send_end=510432676 receive_end=510432679 connect_duration_ms=1 send_duration_ms=0 receive_duration_ms=3 total_duration_ms=5
[2026-02-03 01:13:10.582] [info] [spider.worker] [TIMING] worker_id=3153beb6-f7b7-45c8-9fcf-c55af5037fbf task_id=none get_next_task request_start=510432782 connect_end=510432783 send_end=510432783 receive_end=510432790 connect_duration_ms=1 send_duration_ms=0 receive_duration_ms=6 total_duration_ms=8
[2026-02-03 01:13:10.691] [info] [spider.worker] [TIMING] worker_id=3153beb6-f7b7-45c8-9fcf-c55af5037fbf task_id=none get_next_task request_start=510432893 connect_end=510432895 send_end=510432895 receive_end=510432899 connect_duration_ms=1 send_duration_ms=0 receive_duration_ms=4 total_duration_ms=6
[2026-02-03 01:13:10.800] [info] [spider.worker] [TIMING] worker_id=3153beb6-f7b7-45c8-9fcf-c55af5037fbf task_id=none get_next_task request_start=510433002 connect_end=510433004 send_end=510433004 receive_end=510433009 connect_duration_ms=1 send_duration_ms=0 receive_duration_ms=4 total_duration_ms=6
[2026-02-03 01:13:10.910] [info] [spider.worker] [TIMING] worker_id=3153beb6-f7b7-45c8-9fcf-c55af5037fbf task_id=none get_next_task request_start=510433112 connect_end=510433114 send_end=510433114 receive_end=510433119 connect_duration_ms=2 send_duration_ms=0 receive_duration_ms=4 total_duration_ms=6
[2026-02-03 01:13:11.019] [info] [spider.worker] [TIMING] worker_id=3153beb6-f7b7-45c8-9fcf-c55af5037fbf task_id=none get_next_task request_start=510433221 connect_end=510433223 send_end=510433223 receive_end=510433227 connect_duration_ms=2 send_duration_ms=0 receive_duration_ms=4 total_duration_ms=6
[2026-02-03 01:13:11.129] [info] [spider.worker] [TIMING] worker_id=3153beb6-f7b7-45c8-9fcf-c55af5037fbf task_id=none get_next_task request_start=510433331 connect_end=510433333 send_end=510433333 receive_end=510433337 connect_duration_ms=2 send_duration_ms=0 receive_duration_ms=4 total_duration_ms=6
[2026-02-03 01:13:11.238] [info] [spider.worker] [TIMING] worker_id=3153beb6-f7b7-45c8-9fcf-c55af5037fbf task_id=none get_next_task request_start=510433440 connect_end=510433442 send_end=510433442 receive_end=510433446 connect_duration_ms=1 send_duration_ms=0 receive_duration_ms=4 total_duration_ms=6
[2026-02-03 01:13:11.347] [info] [spider.worker] [TIMING] worker_id=3153beb6-f7b7-45c8-9fcf-c55af5037fbf task_id=none get_next_task request_start=510433550 connect_end=510433551 send_end=510433551 receive_end=510433556 connect_duration_ms=1 send_duration_ms=0 receive_duration_ms=4 total_duration_ms=6
[2026-02-03 01:13:11.456] [info] [spider.worker] [TIMING] worker_id=3153beb6-f7b7-45c8-9fcf-c55af5037fbf task_id=none get_next_task request_start=510433659 connect_end=510433660 send_end=510433660 receive_end=510433665 connect_duration_ms=1 send_duration_ms=0 receive_duration_ms=4 total_duration_ms=6
[2026-02-03 01:13:11.565] [info] [spider.worker] [TIMING] worker_id=3153beb6-f7b7-45c8-9fcf-c55af5037fbf task_id=none get_next_task request_start=510433767 connect_end=510433769 send_end=510433769 receive_end=510433773 connect_duration_ms=1 send_duration_ms=0 receive_duration_ms=4 total_duration_ms=6
[2026-02-03 01:13:11.673] [info] [spider.worker] [TIMING] worker_id=3153beb6-f7b7-45c8-9fcf-c55af5037fbf task_id=none get_next_task request_start=510433876 connect_end=510433877 send_end=510433877 receive_end=510433882 connect_duration_ms=1 send_duration_ms=0 receive_duration_ms=4 total_duration_ms=5
[2026-02-03 01:13:11.782] [info] [spider.worker] [TIMING] worker_id=3153beb6-f7b7-45c8-9fcf-c55af5037fbf task_id=none get_next_task request_start=510433984 connect_end=510433986 send_end=510433986 receive_end=510433991 connect_duration_ms=1 send_duration_ms=0 receive_duration_ms=4 total_duration_ms=6
[2026-02-03 01:13:11.891] [info] [spider.worker] [TIMING] worker_id=3153beb6-f7b7-45c8-9fcf-c55af5037fbf task_id=none get_next_task request_start=510434093 connect_end=510434095 send_end=510434095 receive_end=510434099 connect_duration_ms=1 send_duration_ms=0 receive_duration_ms=4 total_duration_ms=5
[2026-02-03 01:13:12.000] [info] [spider.worker] [TIMING] worker_id=3153beb6-f7b7-45c8-9fcf-c55af5037fbf task_id=none get_next_task request_start=510434202 connect_end=510434203 send_end=510434203 receive_end=510434208 connect_duration_ms=1 send_duration_ms=0 receive_duration_ms=4 total_duration_ms=6
[2026-02-03 01:13:12.108] [info] [spider.worker] [TIMING] worker_id=3153beb6-f7b7-45c8-9fcf-c55af5037fbf task_id=none get_next_task request_start=510434311 connect_end=510434313 send_end=510434313 receive_end=510434316 connect_duration_ms=1 send_duration_ms=0 receive_duration_ms=3 total_duration_ms=4
[2026-02-03 01:13:12.217] [info] [spider.worker] [TIMING] worker_id=3153beb6-f7b7-45c8-9fcf-c55af5037fbf task_id=none get_next_task request_start=510434419 connect_end=510434421 send_end=510434421 receive_end=510434425 connect_duration_ms=1 send_duration_ms=0 receive_duration_ms=4 total_duration_ms=6
[2026-02-03 01:13:12.326] [info] [spider.worker] [TIMING] worker_id=3153beb6-f7b7-45c8-9fcf-c55af5037fbf task_id=none get_next_task request_start=510434528 connect_end=510434530 send_end=510434530 receive_end=510434534 connect_duration_ms=1 send_duration_ms=0 receive_duration_ms=4 total_duration_ms=5
[2026-02-03 01:13:12.435] [info] [spider.worker] [TIMING] worker_id=3153beb6-f7b7-45c8-9fcf-c55af5037fbf task_id=none get_next_task request_start=510434637 connect_end=510434639 send_end=510434639 receive_end=510434643 connect_duration_ms=1 send_duration_ms=0 receive_duration_ms=4 total_duration_ms=6
[2026-02-03 01:13:12.545] [info] [spider.worker] [TIMING] worker_id=3153beb6-f7b7-45c8-9fcf-c55af5037fbf task_id=none get_next_task request_start=510434746 connect_end=510434748 send_end=510434748 receive_end=510434753 connect_duration_ms=1 send_duration_ms=0 receive_duration_ms=4 total_duration_ms=6
[2026-02-03 01:13:12.654] [info] [spider.worker] [TIMING] worker_id=3153beb6-f7b7-45c8-9fcf-c55af5037fbf task_id=none get_next_task request_start=510434856 connect_end=510434858 send_end=510434858 receive_end=510434862 connect_duration_ms=1 send_duration_ms=0 receive_duration_ms=4 total_duration_ms=5
[2026-02-03 01:13:12.762] [info] [spider.worker] [TIMING] worker_id=3153beb6-f7b7-45c8-9fcf-c55af5037fbf task_id=none get_next_task request_start=510434965 connect_end=510434966 send_end=510434966 receive_end=510434971 connect_duration_ms=1 send_duration_ms=0 receive_duration_ms=4 total_duration_ms=6
[2026-02-03 01:13:12.872] [info] [spider.worker] [TIMING] worker_id=3153beb6-f7b7-45c8-9fcf-c55af5037fbf task_id=none get_next_task request_start=510435074 connect_end=510435075 send_end=510435075 receive_end=510435080 connect_duration_ms=1 send_duration_ms=0 receive_duration_ms=4 total_duration_ms=6
[2026-02-03 01:13:12.981] [info] [spider.worker] [TIMING] worker_id=3153beb6-f7b7-45c8-9fcf-c55af5037fbf task_id=none get_next_task request_start=510435183 connect_end=510435185 send_end=510435185 receive_end=510435189 connect_duration_ms=1 send_duration_ms=0 receive_duration_ms=4 total_duration_ms=6
[2026-02-03 01:13:13.090] [info] [spider.worker] [TIMING] worker_id=3153beb6-f7b7-45c8-9fcf-c55af5037fbf task_id=none get_next_task request_start=510435292 connect_end=510435294 send_end=510435294 receive_end=510435299 connect_duration_ms=1 send_duration_ms=0 receive_duration_ms=4 total_duration_ms=6
[2026-02-03 01:13:13.200] [info] [spider.worker] [TIMING] worker_id=3153beb6-f7b7-45c8-9fcf-c55af5037fbf task_id=none get_next_task request_start=510435402 connect_end=510435404 send_end=510435404 receive_end=510435408 connect_duration_ms=2 send_duration_ms=0 receive_duration_ms=4 total_duration_ms=6
[2026-02-03 01:13:13.309] [info] [spider.worker] [TIMING] worker_id=3153beb6-f7b7-45c8-9fcf-c55af5037fbf task_id=none get_next_task request_start=510435511 connect_end=510435513 send_end=510435513 receive_end=510435518 connect_duration_ms=1 send_duration_ms=0 receive_duration_ms=4 total_duration_ms=6
[2026-02-03 01:13:13.415] [info] [spider.worker] [TIMING] worker_id=3153beb6-f7b7-45c8-9fcf-c55af5037fbf task_id=none get_next_task request_start=510435619 connect_end=510435620 send_end=510435620 receive_end=510435623 connect_duration_ms=0 send_duration_ms=0 receive_duration_ms=2 total_duration_ms=3
[2026-02-03 01:13:13.524] [info] [spider.worker] [TIMING] worker_id=3153beb6-f7b7-45c8-9fcf-c55af5037fbf task_id=none get_next_task request_start=510435726 connect_end=510435728 send_end=510435728 receive_end=510435732 connect_duration_ms=1 send_duration_ms=0 receive_duration_ms=4 total_duration_ms=6
[2026-02-03 01:13:13.633] [info] [spider.worker] [TIMING] worker_id=3153beb6-f7b7-45c8-9fcf-c55af5037fbf task_id=none get_next_task request_start=510435834 connect_end=510435836 send_end=510435836 receive_end=510435841 connect_duration_ms=1 send_duration_ms=0 receive_duration_ms=5 total_duration_ms=6
[2026-02-03 01:13:13.743] [info] [spider.worker] [TIMING] worker_id=3153beb6-f7b7-45c8-9fcf-c55af5037fbf task_id=none get_next_task request_start=510435945 connect_end=510435946 send_end=510435946 receive_end=510435951 connect_duration_ms=1 send_duration_ms=0 receive_duration_ms=4 total_duration_ms=6
[2026-02-03 01:13:13.852] [info] [spider.worker] [TIMING] worker_id=3153beb6-f7b7-45c8-9fcf-c55af5037fbf task_id=none get_next_task request_start=510436054 connect_end=510436056 send_end=510436056 receive_end=510436060 connect_duration_ms=1 send_duration_ms=0 receive_duration_ms=4 total_duration_ms=6
[2026-02-03 01:13:13.961] [info] [spider.worker] [TIMING] worker_id=3153beb6-f7b7-45c8-9fcf-c55af5037fbf task_id=none get_next_task request_start=510436163 connect_end=510436165 send_end=510436165 receive_end=510436169 connect_duration_ms=1 send_duration_ms=0 receive_duration_ms=4 total_duration_ms=5
[2026-02-03 01:13:14.071] [info] [spider.worker] [TIMING] worker_id=3153beb6-f7b7-45c8-9fcf-c55af5037fbf task_id=none get_next_task request_start=510436272 connect_end=510436274 send_end=510436274 receive_end=510436279 connect_duration_ms=2 send_duration_ms=0 receive_duration_ms=4 total_duration_ms=6
[2026-02-03 01:13:14.180] [info] [spider.worker] [TIMING] worker_id=3153beb6-f7b7-45c8-9fcf-c55af5037fbf task_id=none get_next_task request_start=510436382 connect_end=510436384 send_end=510436384 receive_end=510436388 connect_duration_ms=1 send_duration_ms=0 receive_duration_ms=4 total_duration_ms=6
[2026-02-03 01:13:14.289] [info] [spider.worker] [TIMING] worker_id=3153beb6-f7b7-45c8-9fcf-c55af5037fbf task_id=none get_next_task request_start=510436491 connect_end=510436493 send_end=510436493 receive_end=510436497 connect_duration_ms=1 send_duration_ms=0 receive_duration_ms=4 total_duration_ms=6
[2026-02-03 01:13:14.398] [info] [spider.worker] [TIMING] worker_id=3153beb6-f7b7-45c8-9fcf-c55af5037fbf task_id=none get_next_task request_start=510436600 connect_end=510436602 send_end=510436602 receive_end=510436606 connect_duration_ms=1 send_duration_ms=0 receive_duration_ms=4 total_duration_ms=6
[2026-02-03 01:13:14.507] [info] [spider.worker] [TIMING] worker_id=3153beb6-f7b7-45c8-9fcf-c55af5037fbf task_id=none get_next_task request_start=510436709 connect_end=510436712 send_end=510436712 receive_end=510436716 connect_duration_ms=2 send_duration_ms=0 receive_duration_ms=4 total_duration_ms=6
[2026-02-03 01:13:14.617] [info] [spider.worker] [TIMING] worker_id=3153beb6-f7b7-45c8-9fcf-c55af5037fbf task_id=none get_next_task request_start=510436819 connect_end=510436821 send_end=510436821 receive_end=510436825 connect_duration_ms=1 send_duration_ms=0 receive_duration_ms=4 total_duration_ms=6
[2026-02-03 01:13:14.727] [info] [spider.worker] [TIMING] worker_id=3153beb6-f7b7-45c8-9fcf-c55af5037fbf task_id=none get_next_task request_start=510436929 connect_end=510436931 send_end=510436931 receive_end=510436935 connect_duration_ms=1 send_duration_ms=0 receive_duration_ms=4 total_duration_ms=6
[2026-02-03 01:13:14.836] [info] [spider.worker] [TIMING] worker_id=3153beb6-f7b7-45c8-9fcf-c55af5037fbf task_id=none get_next_task request_start=510437038 connect_end=510437040 send_end=510437040 receive_end=510437044 connect_duration_ms=1 send_duration_ms=0 receive_duration_ms=4 total_duration_ms=6
[2026-02-03 01:13:14.943] [info] [spider.worker] [TIMING] worker_id=3153beb6-f7b7-45c8-9fcf-c55af5037fbf task_id=none get_next_task request_start=510437147 connect_end=510437148 send_end=510437148 receive_end=510437151 connect_duration_ms=1 send_duration_ms=0 receive_duration_ms=2 total_duration_ms=4
[2026-02-03 01:13:15.051] [info] [spider.worker] [TIMING] worker_id=3153beb6-f7b7-45c8-9fcf-c55af5037fbf task_id=none get_next_task request_start=510437254 connect_end=510437256 send_end=510437256 receive_end=510437259 connect_duration_ms=1 send_duration_ms=0 receive_duration_ms=3 total_duration_ms=5
[2026-02-03 01:13:15.161] [info] [spider.worker] [TIMING] worker_id=3153beb6-f7b7-45c8-9fcf-c55af5037fbf task_id=none get_next_task request_start=510437363 connect_end=510437365 send_end=510437365 receive_end=510437369 connect_duration_ms=1 send_duration_ms=0 receive_duration_ms=4 total_duration_ms=6
[2026-02-03 01:13:15.270] [info] [spider.worker] [TIMING] worker_id=3153beb6-f7b7-45c8-9fcf-c55af5037fbf task_id=none get_next_task request_start=510437472 connect_end=510437474 send_end=510437474 receive_end=510437479 connect_duration_ms=1 send_duration_ms=0 receive_duration_ms=4 total_duration_ms=6
[2026-02-03 01:13:15.378] [info] [spider.worker] [TIMING] worker_id=3153beb6-f7b7-45c8-9fcf-c55af5037fbf task_id=none get_next_task request_start=510437582 connect_end=510437584 send_end=510437584 receive_end=510437587 connect_duration_ms=1 send_duration_ms=0 receive_duration_ms=2 total_duration_ms=4
[2026-02-03 01:13:15.487] [info] [spider.worker] [TIMING] worker_id=3153beb6-f7b7-45c8-9fcf-c55af5037fbf task_id=none get_next_task request_start=510437689 connect_end=510437691 send_end=510437691 receive_end=510437696 connect_duration_ms=1 send_duration_ms=0 receive_duration_ms=4 total_duration_ms=6
[2026-02-03 01:13:15.596] [info] [spider.worker] [TIMING] worker_id=3153beb6-f7b7-45c8-9fcf-c55af5037fbf task_id=none get_next_task request_start=510437798 connect_end=510437800 send_end=510437800 receive_end=510437804 connect_duration_ms=1 send_duration_ms=0 receive_duration_ms=4 total_duration_ms=6
[2026-02-03 01:13:15.705] [info] [spider.worker] [TIMING] worker_id=3153beb6-f7b7-45c8-9fcf-c55af5037fbf task_id=none get_next_task request_start=510437908 connect_end=510437909 send_end=510437909 receive_end=510437914 connect_duration_ms=1 send_duration_ms=0 receive_duration_ms=4 total_duration_ms=6
[2026-02-03 01:13:15.815] [info] [spider.worker] [TIMING] worker_id=3153beb6-f7b7-45c8-9fcf-c55af5037fbf task_id=none get_next_task request_start=510438017 connect_end=510438019 send_end=510438019 receive_end=510438024 connect_duration_ms=1 send_duration_ms=0 receive_duration_ms=4 total_duration_ms=6
[2026-02-03 01:13:15.925] [info] [spider.worker] [TIMING] worker_id=3153beb6-f7b7-45c8-9fcf-c55af5037fbf task_id=none get_next_task request_start=510438127 connect_end=510438129 send_end=510438129 receive_end=510438134 connect_duration_ms=1 send_duration_ms=0 receive_duration_ms=4 total_duration_ms=6
[2026-02-03 01:13:16.037] [info] [spider.worker] [TIMING] worker_id=3153beb6-f7b7-45c8-9fcf-c55af5037fbf task_id=none get_next_task request_start=510438237 connect_end=510438239 send_end=510438239 receive_end=510438245 connect_duration_ms=2 send_duration_ms=0 receive_duration_ms=5 total_duration_ms=7
[2026-02-03 01:13:16.146] [info] [spider.worker] [TIMING] worker_id=3153beb6-f7b7-45c8-9fcf-c55af5037fbf task_id=none get_next_task request_start=510438348 connect_end=510438350 send_end=510438350 receive_end=510438355 connect_duration_ms=1 send_duration_ms=0 receive_duration_ms=4 total_duration_ms=6
[2026-02-03 01:13:16.256] [info] [spider.worker] [TIMING] worker_id=3153beb6-f7b7-45c8-9fcf-c55af5037fbf task_id=none get_next_task request_start=510438458 connect_end=510438459 send_end=510438459 receive_end=510438464 connect_duration_ms=1 send_duration_ms=0 receive_duration_ms=4 total_duration_ms=6
[2026-02-03 01:13:16.366] [info] [spider.worker] [TIMING] worker_id=3153beb6-f7b7-45c8-9fcf-c55af5037fbf task_id=none get_next_task request_start=510438567 connect_end=510438569 send_end=510438569 receive_end=510438575 connect_duration_ms=1 send_duration_ms=0 receive_duration_ms=5 total_duration_ms=7
[2026-02-03 01:13:16.475] [info] [spider.worker] [TIMING] worker_id=3153beb6-f7b7-45c8-9fcf-c55af5037fbf task_id=none get_next_task request_start=510438678 connect_end=510438679 send_end=510438679 receive_end=510438683 connect_duration_ms=1 send_duration_ms=0 receive_duration_ms=4 total_duration_ms=5
[2026-02-03 01:13:16.585] [info] [spider.worker] [TIMING] worker_id=3153beb6-f7b7-45c8-9fcf-c55af5037fbf task_id=none get_next_task request_start=510438787 connect_end=510438789 send_end=510438789 receive_end=510438793 connect_duration_ms=1 send_duration_ms=0 receive_duration_ms=4 total_duration_ms=6
[2026-02-03 01:13:16.696] [info] [spider.worker] [TIMING] worker_id=3153beb6-f7b7-45c8-9fcf-c55af5037fbf task_id=none get_next_task request_start=510438897 connect_end=510438899 send_end=510438899 receive_end=510438904 connect_duration_ms=2 send_duration_ms=0 receive_duration_ms=4 total_duration_ms=6
[2026-02-03 01:13:16.805] [info] [spider.worker] [TIMING] worker_id=3153beb6-f7b7-45c8-9fcf-c55af5037fbf task_id=none get_next_task request_start=510439007 connect_end=510439009 send_end=510439009 receive_end=510439013 connect_duration_ms=1 send_duration_ms=0 receive_duration_ms=4 total_duration_ms=6
[2026-02-03 01:13:16.915] [info] [spider.worker] [TIMING] worker_id=3153beb6-f7b7-45c8-9fcf-c55af5037fbf task_id=none get_next_task request_start=510439116 connect_end=510439118 send_end=510439118 receive_end=510439123 connect_duration_ms=2 send_duration_ms=0 receive_duration_ms=4 total_duration_ms=7
[2026-02-03 01:13:17.024] [info] [spider.worker] [TIMING] worker_id=3153beb6-f7b7-45c8-9fcf-c55af5037fbf task_id=none get_next_task request_start=510439226 connect_end=510439228 send_end=510439228 receive_end=510439232 connect_duration_ms=1 send_duration_ms=0 receive_duration_ms=4 total_duration_ms=5
[2026-02-03 01:13:17.131] [info] [spider.worker] [TIMING] worker_id=3153beb6-f7b7-45c8-9fcf-c55af5037fbf task_id=none get_next_task request_start=510439336 connect_end=510439337 send_end=510439337 receive_end=510439340 connect_duration_ms=1 send_duration_ms=0 receive_duration_ms=2 total_duration_ms=4
[2026-02-03 01:13:17.241] [info] [spider.worker] [TIMING] worker_id=3153beb6-f7b7-45c8-9fcf-c55af5037fbf task_id=none get_next_task request_start=510439443 connect_end=510439445 send_end=510439445 receive_end=510439449 connect_duration_ms=1 send_duration_ms=0 receive_duration_ms=4 total_duration_ms=6
[2026-02-03 01:13:17.350] [info] [spider.worker] [TIMING] worker_id=3153beb6-f7b7-45c8-9fcf-c55af5037fbf task_id=none get_next_task request_start=510439552 connect_end=510439554 send_end=510439554 receive_end=510439559 connect_duration_ms=2 send_duration_ms=0 receive_duration_ms=4 total_duration_ms=6
[2026-02-03 01:13:17.460] [info] [spider.worker] [TIMING] worker_id=3153beb6-f7b7-45c8-9fcf-c55af5037fbf task_id=none get_next_task request_start=510439663 connect_end=510439664 send_end=510439664 receive_end=510439669 connect_duration_ms=1 send_duration_ms=0 receive_duration_ms=4 total_duration_ms=6
[2026-02-03 01:13:17.571] [info] [spider.worker] [TIMING] worker_id=3153beb6-f7b7-45c8-9fcf-c55af5037fbf task_id=none get_next_task request_start=510439772 connect_end=510439774 send_end=510439774 receive_end=510439779 connect_duration_ms=1 send_duration_ms=0 receive_duration_ms=4 total_duration_ms=6
[2026-02-03 01:13:17.680] [info] [spider.worker] [TIMING] worker_id=3153beb6-f7b7-45c8-9fcf-c55af5037fbf task_id=none get_next_task request_start=510439882 connect_end=510439884 send_end=510439884 receive_end=510439889 connect_duration_ms=1 send_duration_ms=0 receive_duration_ms=4 total_duration_ms=6
[2026-02-03 01:13:17.790] [info] [spider.worker] [TIMING] worker_id=3153beb6-f7b7-45c8-9fcf-c55af5037fbf task_id=none get_next_task request_start=510439992 connect_end=510439994 send_end=510439994 receive_end=510439998 connect_duration_ms=1 send_duration_ms=0 receive_duration_ms=4 total_duration_ms=6
[2026-02-03 01:13:17.901] [info] [spider.worker] [TIMING] worker_id=3153beb6-f7b7-45c8-9fcf-c55af5037fbf task_id=none get_next_task request_start=510440102 connect_end=510440104 send_end=510440104 receive_end=510440109 connect_duration_ms=2 send_duration_ms=0 receive_duration_ms=4 total_duration_ms=7
[2026-02-03 01:13:18.010] [info] [spider.worker] [TIMING] worker_id=3153beb6-f7b7-45c8-9fcf-c55af5037fbf task_id=none get_next_task request_start=510440212 connect_end=510440214 send_end=510440214 receive_end=510440219 connect_duration_ms=1 send_duration_ms=0 receive_duration_ms=4 total_duration_ms=6
[2026-02-03 01:13:18.120] [info] [spider.worker] [TIMING] worker_id=3153beb6-f7b7-45c8-9fcf-c55af5037fbf task_id=none get_next_task request_start=510440322 connect_end=510440324 send_end=510440324 receive_end=510440328 connect_duration_ms=1 send_duration_ms=0 receive_duration_ms=4 total_duration_ms=6
[2026-02-03 01:13:18.230] [info] [spider.worker] [TIMING] worker_id=3153beb6-f7b7-45c8-9fcf-c55af5037fbf task_id=none get_next_task request_start=510440431 connect_end=510440433 send_end=510440433 receive_end=510440438 connect_duration_ms=1 send_duration_ms=0 receive_duration_ms=4 total_duration_ms=6
[2026-02-03 01:13:18.339] [info] [spider.worker] [TIMING] worker_id=3153beb6-f7b7-45c8-9fcf-c55af5037fbf task_id=none get_next_task request_start=510440541 connect_end=510440543 send_end=510440543 receive_end=510440547 connect_duration_ms=1 send_duration_ms=0 receive_duration_ms=4 total_duration_ms=6
[2026-02-03 01:13:18.448] [info] [spider.worker] [TIMING] worker_id=3153beb6-f7b7-45c8-9fcf-c55af5037fbf task_id=none get_next_task request_start=510440651 connect_end=510440652 send_end=510440652 receive_end=510440657 connect_duration_ms=1 send_duration_ms=0 receive_duration_ms=4 total_duration_ms=5
[2026-02-03 01:13:18.558] [info] [spider.worker] [TIMING] worker_id=3153beb6-f7b7-45c8-9fcf-c55af5037fbf task_id=none get_next_task request_start=510440760 connect_end=510440762 send_end=510440762 receive_end=510440767 connect_duration_ms=2 send_duration_ms=0 receive_duration_ms=4 total_duration_ms=6
[2026-02-03 01:13:18.668] [info] [spider.worker] [TIMING] worker_id=3153beb6-f7b7-45c8-9fcf-c55af5037fbf task_id=none get_next_task request_start=510440870 connect_end=510440872 send_end=510440872 receive_end=510440877 connect_duration_ms=1 send_duration_ms=0 receive_duration_ms=4 total_duration_ms=6
[2026-02-03 01:13:18.778] [info] [spider.worker] [TIMING] worker_id=3153beb6-f7b7-45c8-9fcf-c55af5037fbf task_id=none get_next_task request_start=510440980 connect_end=510440982 send_end=510440982 receive_end=510440987 connect_duration_ms=1 send_duration_ms=0 receive_duration_ms=4 total_duration_ms=6
[2026-02-03 01:13:18.889] [info] [spider.worker] [TIMING] worker_id=3153beb6-f7b7-45c8-9fcf-c55af5037fbf task_id=none get_next_task request_start=510441090 connect_end=510441092 send_end=510441092 receive_end=510441097 connect_duration_ms=1 send_duration_ms=0 receive_duration_ms=4 total_duration_ms=6
[2026-02-03 01:13:18.998] [info] [spider.worker] [TIMING] worker_id=3153beb6-f7b7-45c8-9fcf-c55af5037fbf task_id=none get_next_task request_start=510441200 connect_end=510441202 send_end=510441202 receive_end=510441207 connect_duration_ms=1 send_duration_ms=0 receive_duration_ms=4 total_duration_ms=6
[2026-02-03 01:13:19.107] [info] [spider.worker] [TIMING] worker_id=3153beb6-f7b7-45c8-9fcf-c55af5037fbf task_id=none get_next_task request_start=510441309 connect_end=510441311 send_end=510441311 receive_end=510441315 connect_duration_ms=1 send_duration_ms=0 receive_duration_ms=4 total_duration_ms=6
[2026-02-03 01:13:19.215] [info] [spider.worker] [TIMING] worker_id=3153beb6-f7b7-45c8-9fcf-c55af5037fbf task_id=none get_next_task request_start=510441418 connect_end=510441420 send_end=510441420 receive_end=510441423 connect_duration_ms=1 send_duration_ms=0 receive_duration_ms=3 total_duration_ms=5
[2026-02-03 01:13:19.324] [info] [spider.worker] [TIMING] worker_id=3153beb6-f7b7-45c8-9fcf-c55af5037fbf task_id=none get_next_task request_start=510441526 connect_end=510441528 send_end=510441528 receive_end=510441532 connect_duration_ms=1 send_duration_ms=0 receive_duration_ms=4 total_duration_ms=6
[2026-02-03 01:13:19.433] [info] [spider.worker] [TIMING] worker_id=3153beb6-f7b7-45c8-9fcf-c55af5037fbf task_id=none get_next_task request_start=510441635 connect_end=510441637 send_end=510441637 receive_end=510441641 connect_duration_ms=1 send_duration_ms=0 receive_duration_ms=4 total_duration_ms=6
[2026-02-03 01:13:19.542] [info] [spider.worker] [TIMING] worker_id=3153beb6-f7b7-45c8-9fcf-c55af5037fbf task_id=none get_next_task request_start=510441745 connect_end=510441746 send_end=510441746 receive_end=510441750 connect_duration_ms=1 send_duration_ms=0 receive_duration_ms=4 total_duration_ms=5
[2026-02-03 01:13:19.651] [info] [spider.worker] [TIMING] worker_id=3153beb6-f7b7-45c8-9fcf-c55af5037fbf task_id=none get_next_task request_start=510441853 connect_end=510441855 send_end=510441855 receive_end=510441859 connect_duration_ms=1 send_duration_ms=0 receive_duration_ms=4 total_duration_ms=6
[2026-02-03 01:13:19.760] [info] [spider.worker] [TIMING] worker_id=3153beb6-f7b7-45c8-9fcf-c55af5037f