[2026-02-03 01:10:37.182] [warning] [spider.worker] Prefer using `SPIDER_STORAGE_URL` environment variable over `--storage_url` argument.
[2026-02-03 01:10:37.378] [info] [spider.worker] [TIMING] worker_id=c1aff04b-e790-4eee-b4cc-89639a9a11ab task_id=none get_next_task request_start=510279566 connect_end=510279568 send_end=510279568 receive_end=510279586 connect_duration_ms=1 send_duration_ms=0 receive_duration_ms=18 total_duration_ms=20
[2026-02-03 01:10:37.486] [info] [spider.worker] [TIMING] worker_id=c1aff04b-e790-4eee-b4cc-89639a9a11ab task_id=none get_next_task request_start=510279688 connect_end=510279689 send_end=510279689 receive_end=510279694 connect_duration_ms=1 send_duration_ms=0 receive_duration_ms=5 total_duration_ms=6
[2026-02-03 01:10:37.595] [info] [spider.worker] [TIMING] worker_id=c1aff04b-e790-4eee-b4cc-89639a9a11ab task_id=none get_next_task request_start=510279797 connect_end=510279799 send_end=510279799 receive_end=510279804 connect_duration_ms=1 send_duration_ms=0 receive_duration_ms=5 total_duration_ms=6
[2026-02-03 01:10:37.703] [info] [spider.worker] [TIMING] worker_id=c1aff04b-e790-4eee-b4cc-89639a9a11ab task_id=none get_next_task request_start=510279906 connect_end=510279908 send_end=510279908 receive_end=510279912 connect_duration_ms=1 send_duration_ms=0 receive_duration_ms=3 total_duration_ms=5
[2026-02-03 01:10:37.817] [info] [spider.worker] [TIMING] worker_id=c1aff04b-e790-4eee-b4cc-89639a9a11ab task_id=none get_next_task request_start=510280014 connect_end=510280016 send_end=510280016 receive_end=510280025 connect_duration_ms=1 send_duration_ms=0 receive_duration_ms=9 total_duration_ms=10
[2026-02-03 01:10:37.924] [info] [spider.worker] [TIMING] worker_id=c1aff04b-e790-4eee-b4cc-89639a9a11ab task_id=none get_next_task request_start=510280128 connect_end=510280129 send_end=510280129 receive_end=510280132 connect_duration_ms=1 send_duration_ms=0 receive_duration_ms=3 total_duration_ms=4
[2026-02-03 01:10:38.032] [info] [spider.worker] [TIMING] worker_id=c1aff04b-e790-4eee-b4cc-89639a9a11ab task_id=none get_next_task request_start=510280234 connect_end=510280235 send_end=510280235 receive_end=510280240 connect_duration_ms=1 send_duration_ms=0 receive_duration_ms=5 total_duration_ms=6
[2026-02-03 01:10:38.140] [info] [spider.worker] [TIMING] worker_id=c1aff04b-e790-4eee-b4cc-89639a9a11ab task_id=none get_next_task request_start=510280343 connect_end=510280344 send_end=510280344 receive_end=510280348 connect_duration_ms=1 send_duration_ms=0 receive_duration_ms=3 total_duration_ms=5
[2026-02-03 01:10:38.256] [info] [spider.worker] [TIMING] worker_id=c1aff04b-e790-4eee-b4cc-89639a9a11ab task_id=none get_next_task request_start=510280450 connect_end=510280451 send_end=510280451 receive_end=510280465 connect_duration_ms=1 send_duration_ms=0 receive_duration_ms=13 total_duration_ms=14
[2026-02-03 01:10:38.362] [info] [spider.worker] [TIMING] worker_id=c1aff04b-e790-4eee-b4cc-89639a9a11ab task_id=none get_next_task request_start=510280566 connect_end=510280567 send_end=510280567 receive_end=510280571 connect_duration_ms=0 send_duration_ms=0 receive_duration_ms=3 total_duration_ms=4
[2026-02-03 01:10:38.471] [info] [spider.worker] [TIMING] worker_id=c1aff04b-e790-4eee-b4cc-89639a9a11ab task_id=none get_next_task request_start=510280673 connect_end=510280674 send_end=510280674 receive_end=510280679 connect_duration_ms=1 send_duration_ms=0 receive_duration_ms=5 total_duration_ms=6
[2026-02-03 01:10:38.576] [info] [spider.worker] [TIMING] worker_id=c1aff04b-e790-4eee-b4cc-89639a9a11ab task_id=none get_next_task request_start=510280781 connect_end=510280782 send_end=510280782 receive_end=510280784 connect_duration_ms=1 send_duration_ms=0 receive_duration_ms=2 total_duration_ms=3
[2026-02-03 01:10:38.683] [info] [spider.worker] [TIMING] worker_id=c1aff04b-e790-4eee-b4cc-89639a9a11ab task_id=none get_next_task request_start=510280886 connect_end=510280887 send_end=510280887 receive_end=510280891 connect_duration_ms=0 send_duration_ms=0 receive_duration_ms=4 total_duration_ms=5
[2026-02-03 01:10:38.792] [info] [spider.worker] [TIMING] worker_id=c1aff04b-e790-4eee-b4cc-89639a9a11ab task_id=none get_next_task request_start=510280993 connect_end=510280994 send_end=510280994 receive_end=510281001 connect_duration_ms=1 send_duration_ms=0 receive_duration_ms=6 total_duration_ms=7
[2026-02-03 01:10:38.900] [info] [spider.worker] [TIMING] worker_id=c1aff04b-e790-4eee-b4cc-89639a9a11ab task_id=none get_next_task request_start=510281103 connect_end=510281104 send_end=510281105 receive_end=510281108 connect_duration_ms=1 send_duration_ms=0 receive_duration_ms=3 total_duration_ms=5
[2026-02-03 01:10:39.009] [info] [spider.worker] [TIMING] worker_id=c1aff04b-e790-4eee-b4cc-89639a9a11ab task_id=none get_next_task request_start=510281210 connect_end=510281212 send_end=510281212 receive_end=510281217 connect_duration_ms=1 send_duration_ms=0 receive_duration_ms=5 total_duration_ms=6
[2026-02-03 01:10:39.119] [info] [spider.worker] [TIMING] worker_id=c1aff04b-e790-4eee-b4cc-89639a9a11ab task_id=none get_next_task request_start=510281320 connect_end=510281321 send_end=510281321 receive_end=510281327 connect_duration_ms=1 send_duration_ms=0 receive_duration_ms=5 total_duration_ms=7
[2026-02-03 01:10:39.227] [info] [spider.worker] [TIMING] worker_id=c1aff04b-e790-4eee-b4cc-89639a9a11ab task_id=none get_next_task request_start=510281429 connect_end=510281431 send_end=510281431 receive_end=510281435 connect_duration_ms=1 send_duration_ms=0 receive_duration_ms=4 total_duration_ms=6
[2026-02-03 01:10:39.337] [info] [spider.worker] [TIMING] worker_id=c1aff04b-e790-4eee-b4cc-89639a9a11ab task_id=none get_next_task request_start=510281538 connect_end=510281539 send_end=510281539 receive_end=510281545 connect_duration_ms=1 send_duration_ms=0 receive_duration_ms=6 total_duration_ms=7
[2026-02-03 01:10:39.443] [info] [spider.worker] [TIMING] worker_id=c1aff04b-e790-4eee-b4cc-89639a9a11ab task_id=none get_next_task request_start=510281647 connect_end=510281649 send_end=510281649 receive_end=510281652 connect_duration_ms=1 send_duration_ms=0 receive_duration_ms=3 total_duration_ms=4
[2026-02-03 01:10:39.548] [info] [spider.worker] [TIMING] worker_id=c1aff04b-e790-4eee-b4cc-89639a9a11ab task_id=none get_next_task request_start=510281753 connect_end=510281754 send_end=510281754 receive_end=510281756 connect_duration_ms=0 send_duration_ms=0 receive_duration_ms=1 total_duration_ms=2
[2026-02-03 01:10:39.656] [info] [spider.worker] [TIMING] worker_id=c1aff04b-e790-4eee-b4cc-89639a9a11ab task_id=none get_next_task request_start=510281859 connect_end=510281860 send_end=510281860 receive_end=510281864 connect_duration_ms=1 send_duration_ms=0 receive_duration_ms=4 total_duration_ms=5
[2026-02-03 01:10:39.763] [info] [spider.worker] [TIMING] worker_id=c1aff04b-e790-4eee-b4cc-89639a9a11ab task_id=none get_next_task request_start=510281967 connect_end=510281967 send_end=510281967 receive_end=510281972 connect_duration_ms=0 send_duration_ms=0 receive_duration_ms=4 total_duration_ms=5
[2026-02-03 01:10:39.874] [info] [spider.worker] [TIMING] worker_id=c1aff04b-e790-4eee-b4cc-89639a9a11ab task_id=none get_next_task request_start=510282073 connect_end=510282074 send_end=510282074 receive_end=510282083 connect_duration_ms=0 send_duration_ms=0 receive_duration_ms=8 total_duration_ms=9
[2026-02-03 01:10:39.979] [info] [spider.worker] [TIMING] worker_id=c1aff04b-e790-4eee-b4cc-89639a9a11ab task_id=none get_next_task request_start=510282184 connect_end=510282185 send_end=510282185 receive_end=510282187 connect_duration_ms=0 send_duration_ms=0 receive_duration_ms=1 total_duration_ms=2
[2026-02-03 01:10:40.083] [info] [spider.worker] [TIMING] worker_id=c1aff04b-e790-4eee-b4cc-89639a9a11ab task_id=none get_next_task request_start=510282288 connect_end=510282289 send_end=510282289 receive_end=510282291 connect_duration_ms=1 send_duration_ms=0 receive_duration_ms=1 total_duration_ms=2
[2026-02-03 01:10:40.188] [info] [spider.worker] [TIMING] worker_id=c1aff04b-e790-4eee-b4cc-89639a9a11ab task_id=none get_next_task request_start=510282393 connect_end=510282394 send_end=510282394 receive_end=510282396 connect_duration_ms=0 send_duration_ms=0 receive_duration_ms=2 total_duration_ms=3
[2026-02-03 01:10:40.292] [info] [spider.worker] [TIMING] worker_id=c1aff04b-e790-4eee-b4cc-89639a9a11ab task_id=none get_next_task request_start=510282498 connect_end=510282499 send_end=510282499 receive_end=510282500 connect_duration_ms=0 send_duration_ms=0 receive_duration_ms=1 total_duration_ms=2
[2026-02-03 01:10:40.396] [info] [spider.worker] [TIMING] worker_id=c1aff04b-e790-4eee-b4cc-89639a9a11ab task_id=none get_next_task request_start=510282602 connect_end=510282603 send_end=510282603 receive_end=510282604 connect_duration_ms=0 send_duration_ms=0 receive_duration_ms=1 total_duration_ms=2
[2026-02-03 01:10:40.500] [info] [spider.worker] [TIMING] worker_id=c1aff04b-e790-4eee-b4cc-89639a9a11ab task_id=none get_next_task request_start=510282706 connect_end=510282707 send_end=510282707 receive_end=510282708 connect_duration_ms=0 send_duration_ms=0 receive_duration_ms=1 total_duration_ms=2
[2026-02-03 01:10:40.606] [info] [spider.worker] [TIMING] worker_id=c1aff04b-e790-4eee-b4cc-89639a9a11ab task_id=none get_next_task request_start=510282811 connect_end=510282812 send_end=510282812 receive_end=510282814 connect_duration_ms=1 send_duration_ms=0 receive_duration_ms=2 total_duration_ms=3
[2026-02-03 01:10:40.719] [info] [spider.worker] [TIMING] worker_id=c1aff04b-e790-4eee-b4cc-89639a9a11ab task_id=none get_next_task request_start=510282917 connect_end=510282918 send_end=510282919 receive_end=510282927 connect_duration_ms=1 send_duration_ms=0 receive_duration_ms=8 total_duration_ms=9
[2026-02-03 01:10:40.825] [info] [spider.worker] [TIMING] worker_id=c1aff04b-e790-4eee-b4cc-89639a9a11ab task_id=none get_next_task request_start=510283029 connect_end=510283030 send_end=510283030 receive_end=510283034 connect_duration_ms=1 send_duration_ms=0 receive_duration_ms=3 total_duration_ms=4
[2026-02-03 01:10:40.932] [info] [spider.worker] [TIMING] worker_id=c1aff04b-e790-4eee-b4cc-89639a9a11ab task_id=none get_next_task request_start=510283136 connect_end=510283138 send_end=510283138 receive_end=510283140 connect_duration_ms=1 send_duration_ms=0 receive_duration_ms=2 total_duration_ms=4
[2026-02-03 01:10:41.042] [info] [spider.worker] [TIMING] worker_id=c1aff04b-e790-4eee-b4cc-89639a9a11ab task_id=none get_next_task request_start=510283242 connect_end=510283244 send_end=510283244 receive_end=510283251 connect_duration_ms=1 send_duration_ms=0 receive_duration_ms=6 total_duration_ms=8
[2026-02-03 01:10:41.150] [info] [spider.worker] [TIMING] worker_id=c1aff04b-e790-4eee-b4cc-89639a9a11ab task_id=none get_next_task request_start=510283353 connect_end=510283355 send_end=510283355 receive_end=510283358 connect_duration_ms=1 send_duration_ms=0 receive_duration_ms=3 total_duration_ms=5
[2026-02-03 01:10:41.257] [info] [spider.worker] [TIMING] worker_id=c1aff04b-e790-4eee-b4cc-89639a9a11ab task_id=none get_next_task request_start=510283461 connect_end=510283462 send_end=510283463 receive_end=510283466 connect_duration_ms=1 send_duration_ms=0 receive_duration_ms=3 total_duration_ms=4
[2026-02-03 01:10:41.376] [info] [spider.worker] [TIMING] worker_id=c1aff04b-e790-4eee-b4cc-89639a9a11ab task_id=none get_next_task request_start=510283571 connect_end=510283573 send_end=510283573 receive_end=510283585 connect_duration_ms=2 send_duration_ms=0 receive_duration_ms=11 total_duration_ms=13
[2026-02-03 01:10:41.483] [info] [spider.worker] [TIMING] worker_id=c1aff04b-e790-4eee-b4cc-89639a9a11ab task_id=none get_next_task request_start=510283687 connect_end=510283688 send_end=510283688 receive_end=510283691 connect_duration_ms=1 send_duration_ms=0 receive_duration_ms=3 total_duration_ms=4
[2026-02-03 01:10:41.592] [info] [spider.worker] [TIMING] worker_id=c1aff04b-e790-4eee-b4cc-89639a9a11ab task_id=none get_next_task request_start=510283794 connect_end=510283795 send_end=510283795 receive_end=510283800 connect_duration_ms=1 send_duration_ms=0 receive_duration_ms=4 total_duration_ms=6
[2026-02-03 01:10:41.700] [info] [spider.worker] [TIMING] worker_id=c1aff04b-e790-4eee-b4cc-89639a9a11ab task_id=none get_next_task request_start=510283902 connect_end=510283904 send_end=510283904 receive_end=510283909 connect_duration_ms=1 send_duration_ms=0 receive_duration_ms=4 total_duration_ms=6
[2026-02-03 01:10:41.811] [info] [spider.worker] [TIMING] worker_id=c1aff04b-e790-4eee-b4cc-89639a9a11ab task_id=none get_next_task request_start=510284011 connect_end=510284013 send_end=510284013 receive_end=510284020 connect_duration_ms=1 send_duration_ms=0 receive_duration_ms=6 total_duration_ms=8
[2026-02-03 01:10:41.919] [info] [spider.worker] [TIMING] worker_id=c1aff04b-e790-4eee-b4cc-89639a9a11ab task_id=none get_next_task request_start=510284122 connect_end=510284124 send_end=510284124 receive_end=510284128 connect_duration_ms=1 send_duration_ms=0 receive_duration_ms=3 total_duration_ms=5
[2026-02-03 01:10:42.030] [info] [spider.worker] [TIMING] worker_id=c1aff04b-e790-4eee-b4cc-89639a9a11ab task_id=none get_next_task request_start=510284230 connect_end=510284232 send_end=510284232 receive_end=510284238 connect_duration_ms=1 send_duration_ms=0 receive_duration_ms=6 total_duration_ms=8
[2026-02-03 01:10:42.139] [info] [spider.worker] [TIMING] worker_id=c1aff04b-e790-4eee-b4cc-89639a9a11ab task_id=none get_next_task request_start=510284341 connect_end=510284343 send_end=510284343 receive_end=510284347 connect_duration_ms=1 send_duration_ms=0 receive_duration_ms=3 total_duration_ms=5
[2026-02-03 01:10:42.247] [info] [spider.worker] [TIMING] worker_id=c1aff04b-e790-4eee-b4cc-89639a9a11ab task_id=none get_next_task request_start=510284449 connect_end=510284451 send_end=510284451 receive_end=510284455 connect_duration_ms=1 send_duration_ms=0 receive_duration_ms=4 total_duration_ms=5
[2026-02-03 01:10:42.357] [info] [spider.worker] [TIMING] worker_id=c1aff04b-e790-4eee-b4cc-89639a9a11ab task_id=none get_next_task request_start=510284557 connect_end=510284559 send_end=510284559 receive_end=510284566 connect_duration_ms=1 send_duration_ms=0 receive_duration_ms=6 total_duration_ms=8
[2026-02-03 01:10:42.465] [info] [spider.worker] [TIMING] worker_id=c1aff04b-e790-4eee-b4cc-89639a9a11ab task_id=none get_next_task request_start=510284668 connect_end=510284670 send_end=510284670 receive_end=510284673 connect_duration_ms=1 send_duration_ms=0 receive_duration_ms=3 total_duration_ms=5
[2026-02-03 01:10:42.572] [info] [spider.worker] [TIMING] worker_id=c1aff04b-e790-4eee-b4cc-89639a9a11ab task_id=none get_next_task request_start=510284776 connect_end=510284777 send_end=510284777 receive_end=510284781 connect_duration_ms=1 send_duration_ms=0 receive_duration_ms=3 total_duration_ms=5
[2026-02-03 01:10:42.683] [info] [spider.worker] [TIMING] worker_id=c1aff04b-e790-4eee-b4cc-89639a9a11ab task_id=none get_next_task request_start=510284883 connect_end=510284885 send_end=510284885 receive_end=510284892 connect_duration_ms=1 send_duration_ms=0 receive_duration_ms=7 total_duration_ms=8
[2026-02-03 01:10:42.793] [info] [spider.worker] [TIMING] worker_id=c1aff04b-e790-4eee-b4cc-89639a9a11ab task_id=none get_next_task request_start=510284995 connect_end=510284997 send_end=510284997 receive_end=510285001 connect_duration_ms=1 send_duration_ms=0 receive_duration_ms=4 total_duration_ms=6
[2026-02-03 01:10:42.902] [info] [spider.worker] [TIMING] worker_id=c1aff04b-e790-4eee-b4cc-89639a9a11ab task_id=none get_next_task request_start=510285104 connect_end=510285106 send_end=510285106 receive_end=510285110 connect_duration_ms=1 send_duration_ms=0 receive_duration_ms=4 total_duration_ms=6
[2026-02-03 01:10:43.006] [info] [spider.worker] [TIMING] worker_id=c1aff04b-e790-4eee-b4cc-89639a9a11ab task_id=none get_next_task request_start=510285212 connect_end=510285213 send_end=510285213 receive_end=510285215 connect_duration_ms=0 send_duration_ms=0 receive_duration_ms=1 total_duration_ms=2
[2026-02-03 01:10:43.111] [info] [spider.worker] [TIMING] worker_id=c1aff04b-e790-4eee-b4cc-89639a9a11ab task_id=none get_next_task request_start=510285316 connect_end=510285317 send_end=510285317 receive_end=510285319 connect_duration_ms=0 send_duration_ms=0 receive_duration_ms=1 total_duration_ms=2
[2026-02-03 01:10:43.219] [info] [spider.worker] [TIMING] worker_id=c1aff04b-e790-4eee-b4cc-89639a9a11ab task_id=none get_next_task request_start=510285421 connect_end=510285422 send_end=510285422 receive_end=510285427 connect_duration_ms=0 send_duration_ms=0 receive_duration_ms=5 total_duration_ms=6
[2026-02-03 01:10:43.326] [info] [spider.worker] [TIMING] worker_id=c1aff04b-e790-4eee-b4cc-89639a9a11ab task_id=none get_next_task request_start=510285529 connect_end=510285530 send_end=510285530 receive_end=510285535 connect_duration_ms=1 send_duration_ms=0 receive_duration_ms=4 total_duration_ms=5
[2026-02-03 01:10:43.438] [info] [spider.worker] [TIMING] worker_id=c1aff04b-e790-4eee-b4cc-89639a9a11ab task_id=none get_next_task request_start=510285638 connect_end=510285640 send_end=510285640 receive_end=510285646 connect_duration_ms=1 send_duration_ms=0 receive_duration_ms=6 total_duration_ms=8
[2026-02-03 01:10:43.553] [info] [spider.worker] [TIMING] worker_id=c1aff04b-e790-4eee-b4cc-89639a9a11ab task_id=none get_next_task request_start=510285747 connect_end=510285749 send_end=510285749 receive_end=510285761 connect_duration_ms=1 send_duration_ms=0 receive_duration_ms=12 total_duration_ms=13
[2026-02-03 01:10:43.659] [info] [spider.worker] [TIMING] worker_id=c1aff04b-e790-4eee-b4cc-89639a9a11ab task_id=none get_next_task request_start=510285864 connect_end=510285865 send_end=510285865 receive_end=510285867 connect_duration_ms=1 send_duration_ms=0 receive_duration_ms=1 total_duration_ms=3
[2026-02-03 01:10:43.765] [info] [spider.worker] [TIMING] worker_id=c1aff04b-e790-4eee-b4cc-89639a9a11ab task_id=none get_next_task request_start=510285970 connect_end=510285971 send_end=510285971 receive_end=510285973 connect_duration_ms=1 send_duration_ms=0 receive_duration_ms=2 total_duration_ms=3
[2026-02-03 01:10:43.871] [info] [spider.worker] [TIMING] worker_id=c1aff04b-e790-4eee-b4cc-89639a9a11ab task_id=none get_next_task request_start=510286075 connect_end=510286076 send_end=510286076 receive_end=510286079 connect_duration_ms=1 send_duration_ms=0 receive_duration_ms=3 total_duration_ms=4
[2026-02-03 01:10:43.977] [info] [spider.worker] [TIMING] worker_id=c1aff04b-e790-4eee-b4cc-89639a9a11ab task_id=none get_next_task request_start=510286181 connect_end=510286183 send_end=510286183 receive_end=510286185 connect_duration_ms=1 send_duration_ms=0 receive_duration_ms=2 total_duration_ms=4
[2026-02-03 01:10:44.082] [info] [spider.worker] [TIMING] worker_id=c1aff04b-e790-4eee-b4cc-89639a9a11ab task_id=none get_next_task request_start=510286287 connect_end=510286289 send_end=510286289 receive_end=510286290 connect_duration_ms=1 send_duration_ms=0 receive_duration_ms=1 total_duration_ms=3
[2026-02-03 01:10:44.192] [info] [spider.worker] [TIMING] worker_id=c1aff04b-e790-4eee-b4cc-89639a9a11ab task_id=none get_next_task request_start=510286393 connect_end=510286394 send_end=510286394 receive_end=510286401 connect_duration_ms=1 send_duration_ms=0 receive_duration_ms=6 total_duration_ms=7
[2026-02-03 01:10:44.300] [info] [spider.worker] [TIMING] worker_id=c1aff04b-e790-4eee-b4cc-89639a9a11ab task_id=none get_next_task request_start=510286503 connect_end=510286504 send_end=510286504 receive_end=510286508 connect_duration_ms=1 send_duration_ms=0 receive_duration_ms=3 total_duration_ms=5
[2026-02-03 01:10:44.407] [info] [spider.worker] [TIMING] worker_id=c1aff04b-e790-4eee-b4cc-89639a9a11ab task_id=none get_next_task request_start=510286610 connect_end=510286612 send_end=510286612 receive_end=510286615 connect_duration_ms=1 send_duration_ms=0 receive_duration_ms=3 total_duration_ms=4
[2026-02-03 01:10:44.529] [info] [spider.worker] [TIMING] worker_id=c1aff04b-e790-4eee-b4cc-89639a9a11ab task_id=none get_next_task request_start=510286722 connect_end=510286725 send_end=510286725 receive_end=510286737 connect_duration_ms=2 send_duration_ms=0 receive_duration_ms=12 total_duration_ms=14
[2026-02-03 01:10:44.634] [info] [spider.worker] [TIMING] worker_id=c1aff04b-e790-4eee-b4cc-89639a9a11ab task_id=none get_next_task request_start=510286839 connect_end=510286840 send_end=510286840 receive_end=510286842 connect_duration_ms=1 send_duration_ms=0 receive_duration_ms=1 total_duration_ms=3
[2026-02-03 01:10:44.753] [info] [spider.worker] [TIMING] worker_id=c1aff04b-e790-4eee-b4cc-89639a9a11ab task_id=none get_next_task request_start=510286956 connect_end=510286957 send_end=510286957 receive_end=510286961 connect_duration_ms=1 send_duration_ms=0 receive_duration_ms=4 total_duration_ms=5
[2026-02-03 01:10:44.864] [info] [spider.worker] [TIMING] worker_id=c1aff04b-e790-4eee-b4cc-89639a9a11ab task_id=none get_next_task request_start=510287064 connect_end=510287065 send_end=510287065 receive_end=510287072 connect_duration_ms=1 send_duration_ms=0 receive_duration_ms=7 total_duration_ms=8
[2026-02-03 01:10:44.973] [info] [spider.worker] [TIMING] worker_id=c1aff04b-e790-4eee-b4cc-89639a9a11ab task_id=none get_next_task request_start=510287175 connect_end=510287176 send_end=510287176 receive_end=510287182 connect_duration_ms=1 send_duration_ms=0 receive_duration_ms=5 total_duration_ms=7
[2026-02-03 01:10:45.085] [info] [spider.worker] [TIMING] worker_id=c1aff04b-e790-4eee-b4cc-89639a9a11ab task_id=none get_next_task request_start=510287284 connect_end=510287286 send_end=510287286 receive_end=510287293 connect_duration_ms=1 send_duration_ms=0 receive_duration_ms=6 total_duration_ms=8
[2026-02-03 01:10:45.190] [info] [spider.worker] [TIMING] worker_id=c1aff04b-e790-4eee-b4cc-89639a9a11ab task_id=none get_next_task request_start=510287395 connect_end=510287397 send_end=510287397 receive_end=510287399 connect_duration_ms=1 send_duration_ms=0 receive_duration_ms=2 total_duration_ms=3
[2026-02-03 01:10:45.300] [info] [spider.worker] [TIMING] worker_id=c1aff04b-e790-4eee-b4cc-89639a9a11ab task_id=none get_next_task request_start=510287501 connect_end=510287503 send_end=510287503 receive_end=510287508 connect_duration_ms=1 send_duration_ms=0 receive_duration_ms=5 total_duration_ms=7
[2026-02-03 01:10:45.404] [info] [spider.worker] [TIMING] worker_id=c1aff04b-e790-4eee-b4cc-89639a9a11ab task_id=none get_next_task request_start=510287610 connect_end=510287611 send_end=510287611 receive_end=510287612 connect_duration_ms=0 send_duration_ms=0 receive_duration_ms=1 total_duration_ms=2
[2026-02-03 01:10:45.510] [info] [spider.worker] [TIMING] worker_id=c1aff04b-e790-4eee-b4cc-89639a9a11ab task_id=none get_next_task request_start=510287714 connect_end=510287714 send_end=510287714 receive_end=510287718 connect_duration_ms=0 send_duration_ms=0 receive_duration_ms=3 total_duration_ms=4
[2026-02-03 01:10:45.620] [info] [spider.worker] [TIMING] worker_id=c1aff04b-e790-4eee-b4cc-89639a9a11ab task_id=none get_next_task request_start=510287820 connect_end=510287821 send_end=510287821 receive_end=510287829 connect_duration_ms=1 send_duration_ms=0 receive_duration_ms=7 total_duration_ms=8
[2026-02-03 01:10:45.730] [info] [spider.worker] [TIMING] worker_id=c1aff04b-e790-4eee-b4cc-89639a9a11ab task_id=none get_next_task request_start=510287931 connect_end=510287933 send_end=510287933 receive_end=510287938 connect_duration_ms=1 send_duration_ms=0 receive_duration_ms=5 total_duration_ms=7
[2026-02-03 01:10:45.838] [info] [spider.worker] [TIMING] worker_id=c1aff04b-e790-4eee-b4cc-89639a9a11ab task_id=none get_next_task request_start=510288040 connect_end=510288041 send_end=510288041 receive_end=510288046 connect_duration_ms=1 send_duration_ms=0 receive_duration_ms=5 total_duration_ms=6
[2026-02-03 01:10:45.946] [info] [spider.worker] [TIMING] worker_id=c1aff04b-e790-4eee-b4cc-89639a9a11ab task_id=none get_next_task request_start=510288148 connect_end=510288149 send_end=510288149 receive_end=510288155 connect_duration_ms=1 send_duration_ms=0 receive_duration_ms=5 total_duration_ms=6
[2026-02-03 01:10:46.056] [info] [spider.worker] [TIMING] worker_id=c1aff04b-e790-4eee-b4cc-89639a9a11ab task_id=none get_next_task request_start=510288257 connect_end=510288259 send_end=510288259 receive_end=510288265 connect_duration_ms=1 send_duration_ms=0 receive_duration_ms=6 total_duration_ms=7
[2026-02-03 01:10:46.165] [info] [spider.worker] [TIMING] worker_id=c1aff04b-e790-4eee-b4cc-89639a9a11ab task_id=none get_next_task request_start=510288367 connect_end=510288369 send_end=510288369 receive_end=510288373 connect_duration_ms=1 send_duration_ms=0 receive_duration_ms=3 total_duration_ms=5
[2026-02-03 01:10:46.273] [info] [spider.worker] [TIMING] worker_id=c1aff04b-e790-4eee-b4cc-89639a9a11ab task_id=none get_next_task request_start=510288475 connect_end=510288477 send_end=510288477 receive_end=510288482 connect_duration_ms=1 send_duration_ms=0 receive_duration_ms=5 total_duration_ms=6
[2026-02-03 01:10:46.383] [info] [spider.worker] [TIMING] worker_id=c1aff04b-e790-4eee-b4cc-89639a9a11ab task_id=none get_next_task request_start=510288584 connect_end=510288586 send_end=510288586 receive_end=510288591 connect_duration_ms=1 send_duration_ms=0 receive_duration_ms=4 total_duration_ms=6
[2026-02-03 01:10:46.490] [info] [spider.worker] [TIMING] worker_id=c1aff04b-e790-4eee-b4cc-89639a9a11ab task_id=none get_next_task request_start=510288693 connect_end=510288695 send_end=510288695 receive_end=510288699 connect_duration_ms=1 send_duration_ms=0 receive_duration_ms=4 total_duration_ms=5
[2026-02-03 01:10:46.749] [info] [spider.worker] [TIMING] worker_id=c1aff04b-e790-4eee-b4cc-89639a9a11ab task_id=none get_next_task request_start=510288808 connect_end=510288810 send_end=510288810 receive_end=510288958 connect_duration_ms=1 send_duration_ms=0 receive_duration_ms=147 total_duration_ms=149
[2026-02-03 01:10:46.868] [info] [spider.worker] [TIMING] worker_id=c1aff04b-e790-4eee-b4cc-89639a9a11ab task_id=none get_next_task request_start=510289060 connect_end=510289062 send_end=510289062 receive_end=510289077 connect_duration_ms=1 send_duration_ms=0 receive_duration_ms=15 total_duration_ms=16
[2026-02-03 01:10:47.016] [info] [spider.worker] [TIMING] worker_id=c1aff04b-e790-4eee-b4cc-89639a9a11ab task_id=none get_next_task request_start=510289186 connect_end=510289188 send_end=510289188 receive_end=510289224 connect_duration_ms=2 send_duration_ms=0 receive_duration_ms=35 total_duration_ms=38
[2026-02-03 01:10:47.179] [info] [spider.worker] [TIMING] worker_id=c1aff04b-e790-4eee-b4cc-89639a9a11ab task_id=none get_next_task request_start=510289327 connect_end=510289328 send_end=510289328 receive_end=510289388 connect_duration_ms=1 send_duration_ms=0 receive_duration_ms=59 total_duration_ms=61
[2026-02-03 01:10:47.318] [info] [spider.worker] [TIMING] worker_id=c1aff04b-e790-4eee-b4cc-89639a9a11ab task_id=none get_next_task request_start=510289490 connect_end=510289492 send_end=510289492 receive_end=510289526 connect_duration_ms=1 send_duration_ms=0 receive_duration_ms=34 total_duration_ms=35
[2026-02-03 01:10:47.463] [info] [spider.worker] [TIMING] worker_id=c1aff04b-e790-4eee-b4cc-89639a9a11ab task_id=930feb8a-c68d-48d1-96e5-83485b5f4eff get_next_task request_start=510289631 connect_end=510289633 send_end=510289633 receive_end=510289633 connect_duration_ms=1 send_duration_ms=0 receive_duration_ms=0 total_duration_ms=1
[2026-02-03 01:10:47.466] [info] [spider.worker] [TIMING] task_id=930feb8a-c68d-48d1-96e5-83485b5f4eff storage_connect_start=510289672 storage_connect_end=510289674 storage_connect_duration_ms=2 phase=pre_execution
[2026-02-03 01:10:47.467] [info] [spider.worker] [TIMING] task_id=930feb8a-c68d-48d1-96e5-83485b5f4eff func=job_orchestration.executor.query.spider_search_task.search_without_channel fetch_input_start=510289674 fetch_input_end=510289675 fetch_input_duration_ms=1
[2026-02-03 01:10:47.468] [info] [spider.worker] [TIMING] task_id=930feb8a-c68d-48d1-96e5-83485b5f4eff func=job_orchestration.executor.query.spider_search_task.search_without_channel input_send_start=510289676 input_send_end=510289676 input_send_duration_ms=0 bytes=612
[2026-02-03 01:10:47.468] [info] [spider.worker] [TIMING] task_id=930feb8a-c68d-48d1-96e5-83485b5f4eff func=job_orchestration.executor.query.spider_search_task.search_without_channel spawn_start=510289676 spawn_end=510289676 spawn_duration_ms=0
[2026-02-03 01:10:49.248] [info] [spider.worker] [TIMING] task_id=930feb8a-c68d-48d1-96e5-83485b5f4eff func=job_orchestration.executor.query.spider_search_task.search_without_channel execution_start=510289677 execution_end=510291456 execution_duration_ms=1779
[2026-02-03 01:10:49.250] [info] [spider.worker] [TIMING] task_id=930feb8a-c68d-48d1-96e5-83485b5f4eff func=job_orchestration.executor.query.spider_search_task.search_without_channel storage_connect_start=510291456 storage_connect_end=510291458 storage_connect_duration_ms=1 phase=handle_result
[2026-02-03 01:10:49.275] [info] [spider.worker] [TIMING] task_id=930feb8a-c68d-48d1-96e5-83485b5f4eff func=job_orchestration.executor.query.spider_search_task.search_without_channel submit_output_start=510291458 submit_output_end=510291483 submit_output_duration_ms=24
[2026-02-03 01:10:49.290] [info] [spider.worker] [TIMING] worker_id=c1aff04b-e790-4eee-b4cc-89639a9a11ab task_id=d8491589-4188-49bb-b925-d85334e18622 get_next_task request_start=510291486 connect_end=510291487 send_end=510291487 receive_end=510291487 connect_duration_ms=1 send_duration_ms=0 receive_duration_ms=0 total_duration_ms=1
[2026-02-03 01:10:49.293] [info] [spider.worker] [TIMING] task_id=d8491589-4188-49bb-b925-d85334e18622 storage_connect_start=510291499 storage_connect_end=510291501 storage_connect_duration_ms=2 phase=pre_execution
[2026-02-03 01:10:49.294] [info] [spider.worker] [TIMING] task_id=d8491589-4188-49bb-b925-d85334e18622 func=job_orchestration.executor.query.spider_search_task.search_without_channel fetch_input_start=510291501 fetch_input_end=510291502 fetch_input_duration_ms=1
[2026-02-03 01:10:49.294] [info] [spider.worker] [TIMING] task_id=d8491589-4188-49bb-b925-d85334e18622 func=job_orchestration.executor.query.spider_search_task.search_without_channel input_send_start=510291503 input_send_end=510291503 input_send_duration_ms=0 bytes=612
[2026-02-03 01:10:49.294] [info] [spider.worker] [TIMING] task_id=d8491589-4188-49bb-b925-d85334e18622 func=job_orchestration.executor.query.spider_search_task.search_without_channel spawn_start=510291502 spawn_end=510291503 spawn_duration_ms=0
[2026-02-03 01:10:50.691] [info] [spider.worker] [TIMING] task_id=d8491589-4188-49bb-b925-d85334e18622 func=job_orchestration.executor.query.spider_search_task.search_without_channel execution_start=510291503 execution_end=510292899 execution_duration_ms=1395
[2026-02-03 01:10:50.692] [info] [spider.worker] [TIMING] task_id=d8491589-4188-49bb-b925-d85334e18622 func=job_orchestration.executor.query.spider_search_task.search_without_channel storage_connect_start=510292899 storage_connect_end=510292901 storage_connect_duration_ms=1 phase=handle_result
[2026-02-03 01:10:50.699] [info] [spider.worker] [TIMING] task_id=d8491589-4188-49bb-b925-d85334e18622 func=job_orchestration.executor.query.spider_search_task.search_without_channel submit_output_start=510292901 submit_output_end=510292907 submit_output_duration_ms=6
[2026-02-03 01:10:50.737] [info] [spider.worker] [TIMING] worker_id=c1aff04b-e790-4eee-b4cc-89639a9a11ab task_id=3eb8f7d6-fd3c-4cb6-9a09-88f87a077c53 get_next_task request_start=510292909 connect_end=510292910 send_end=510292910 receive_end=510292911 connect_duration_ms=1 send_duration_ms=0 receive_duration_ms=0 total_duration_ms=1
[2026-02-03 01:10:50.739] [info] [spider.worker] [TIMING] task_id=3eb8f7d6-fd3c-4cb6-9a09-88f87a077c53 storage_connect_start=510292946 storage_connect_end=510292947 storage_connect_duration_ms=1 phase=pre_execution
[2026-02-03 01:10:50.740] [info] [spider.worker] [TIMING] task_id=3eb8f7d6-fd3c-4cb6-9a09-88f87a077c53 func=job_orchestration.executor.query.spider_search_task.search_without_channel fetch_input_start=510292947 fetch_input_end=510292948 fetch_input_duration_ms=0
[2026-02-03 01:10:50.740] [info] [spider.worker] [TIMING] task_id=3eb8f7d6-fd3c-4cb6-9a09-88f87a077c53 func=job_orchestration.executor.query.spider_search_task.search_without_channel input_send_start=510292949 input_send_end=510292949 input_send_duration_ms=0 bytes=612
[2026-02-03 01:10:50.740] [info] [spider.worker] [TIMING] task_id=3eb8f7d6-fd3c-4cb6-9a09-88f87a077c53 func=job_orchestration.executor.query.spider_search_task.search_without_channel spawn_start=510292948 spawn_end=510292949 spawn_duration_ms=0
[2026-02-03 01:10:52.255] [info] [spider.worker] [TIMING] task_id=3eb8f7d6-fd3c-4cb6-9a09-88f87a077c53 func=job_orchestration.executor.query.spider_search_task.search_without_channel execution_start=510292949 execution_end=510294463 execution_duration_ms=1514
[2026-02-03 01:10:52.257] [info] [spider.worker] [TIMING] task_id=3eb8f7d6-fd3c-4cb6-9a09-88f87a077c53 func=job_orchestration.executor.query.spider_search_task.search_without_channel storage_connect_start=510294463 storage_connect_end=510294466 storage_connect_duration_ms=2 phase=handle_result
[2026-02-03 01:10:52.266] [info] [spider.worker] [TIMING] task_id=3eb8f7d6-fd3c-4cb6-9a09-88f87a077c53 func=job_orchestration.executor.query.spider_search_task.search_without_channel submit_output_start=510294466 submit_output_end=510294474 submit_output_duration_ms=8
[2026-02-03 01:10:52.283] [info] [spider.worker] [TIMING] worker_id=c1aff04b-e790-4eee-b4cc-89639a9a11ab task_id=838e030d-435b-47d8-86b4-a0e6842e10dc get_next_task request_start=510294477 connect_end=510294479 send_end=510294479 receive_end=510294479 connect_duration_ms=1 send_duration_ms=0 receive_duration_ms=0 total_duration_ms=1
[2026-02-03 01:10:52.285] [info] [spider.worker] [TIMING] task_id=838e030d-435b-47d8-86b4-a0e6842e10dc storage_connect_start=510294491 storage_connect_end=510294493 storage_connect_duration_ms=2 phase=pre_execution
[2026-02-03 01:10:52.286] [info] [spider.worker] [TIMING] task_id=838e030d-435b-47d8-86b4-a0e6842e10dc func=job_orchestration.executor.query.spider_search_task.search_without_channel fetch_input_start=510294493 fetch_input_end=510294495 fetch_input_duration_ms=1
[2026-02-03 01:10:52.287] [info] [spider.worker] [TIMING] task_id=838e030d-435b-47d8-86b4-a0e6842e10dc func=job_orchestration.executor.query.spider_search_task.search_without_channel input_send_start=510294495 input_send_end=510294495 input_send_duration_ms=0 bytes=612
[2026-02-03 01:10:52.287] [info] [spider.worker] [TIMING] task_id=838e030d-435b-47d8-86b4-a0e6842e10dc func=job_orchestration.executor.query.spider_search_task.search_without_channel spawn_start=510294495 spawn_end=510294495 spawn_duration_ms=0
[2026-02-03 01:10:53.604] [info] [spider.worker] [TIMING] task_id=838e030d-435b-47d8-86b4-a0e6842e10dc func=job_orchestration.executor.query.spider_search_task.search_without_channel execution_start=510294496 execution_end=510295812 execution_duration_ms=1316
[2026-02-03 01:10:53.606] [info] [spider.worker] [TIMING] task_id=838e030d-435b-47d8-86b4-a0e6842e10dc func=job_orchestration.executor.query.spider_search_task.search_without_channel storage_connect_start=510295813 storage_connect_end=510295814 storage_connect_duration_ms=1 phase=handle_result
[2026-02-03 01:10:53.617] [info] [spider.worker] [TIMING] task_id=838e030d-435b-47d8-86b4-a0e6842e10dc func=job_orchestration.executor.query.spider_search_task.search_without_channel submit_output_start=510295814 submit_output_end=510295825 submit_output_duration_ms=10
[2026-02-03 01:10:53.625] [info] [spider.worker] [TIMING] worker_id=c1aff04b-e790-4eee-b4cc-89639a9a11ab task_id=17b0d0ae-f22c-4044-8b87-be15321452ce get_next_task request_start=510295827 connect_end=510295828 send_end=510295828 receive_end=510295829 connect_duration_ms=1 send_duration_ms=0 receive_duration_ms=0 total_duration_ms=1
[2026-02-03 01:10:53.627] [info] [spider.worker] [TIMING] task_id=17b0d0ae-f22c-4044-8b87-be15321452ce storage_connect_start=510295833 storage_connect_end=510295835 storage_connect_duration_ms=1 phase=pre_execution
[2026-02-03 01:10:53.627] [info] [spider.worker] [TIMING] task_id=17b0d0ae-f22c-4044-8b87-be15321452ce func=job_orchestration.executor.query.spider_search_task.search_without_channel fetch_input_start=510295835 fetch_input_end=510295836 fetch_input_duration_ms=0
[2026-02-03 01:10:53.628] [info] [spider.worker] [TIMING] task_id=17b0d0ae-f22c-4044-8b87-be15321452ce func=job_orchestration.executor.query.spider_search_task.search_without_channel input_send_start=510295836 input_send_end=510295836 input_send_duration_ms=0 bytes=612
[2026-02-03 01:10:53.628] [info] [spider.worker] [TIMING] task_id=17b0d0ae-f22c-4044-8b87-be15321452ce func=job_orchestration.executor.query.spider_search_task.search_without_channel spawn_start=510295836 spawn_end=510295836 spawn_duration_ms=0
[2026-02-03 01:10:54.949] [info] [spider.worker] [TIMING] task_id=17b0d0ae-f22c-4044-8b87-be15321452ce func=job_orchestration.executor.query.spider_search_task.search_without_channel execution_start=510295837 execution_end=510297157 execution_duration_ms=1320
[2026-02-03 01:10:54.951] [info] [spider.worker] [TIMING] task_id=17b0d0ae-f22c-4044-8b87-be15321452ce func=job_orchestration.executor.query.spider_search_task.search_without_channel storage_connect_start=510297158 storage_connect_end=510297160 storage_connect_duration_ms=2 phase=handle_result
[2026-02-03 01:10:54.967] [info] [spider.worker] [TIMING] task_id=17b0d0ae-f22c-4044-8b87-be15321452ce func=job_orchestration.executor.query.spider_search_task.search_without_channel submit_output_start=510297160 submit_output_end=510297175 submit_output_duration_ms=15
[2026-02-03 01:10:54.984] [info] [spider.worker] [TIMING] worker_id=c1aff04b-e790-4eee-b4cc-89639a9a11ab task_id=f7ec876a-9641-4810-b347-dfe85ae92d32 get_next_task request_start=510297178 connect_end=510297179 send_end=510297179 receive_end=510297180 connect_duration_ms=1 send_duration_ms=0 receive_duration_ms=0 total_duration_ms=1
[2026-02-03 01:10:54.986] [info] [spider.worker] [TIMING] task_id=f7ec876a-9641-4810-b347-dfe85ae92d32 storage_connect_start=510297192 storage_connect_end=510297194 storage_connect_duration_ms=1 phase=pre_execution
[2026-02-03 01:10:54.987] [info] [spider.worker] [TIMING] task_id=f7ec876a-9641-4810-b347-dfe85ae92d32 func=job_orchestration.executor.query.spider_search_task.search_without_channel fetch_input_start=510297194 fetch_input_end=510297195 fetch_input_duration_ms=1
[2026-02-03 01:10:54.987] [info] [spider.worker] [TIMING] task_id=f7ec876a-9641-4810-b347-dfe85ae92d32 func=job_orchestration.executor.query.spider_search_task.search_without_channel input_send_start=510297196 input_send_end=510297196 input_send_duration_ms=0 bytes=612
[2026-02-03 01:10:54.987] [info] [spider.worker] [TIMING] task_id=f7ec876a-9641-4810-b347-dfe85ae92d32 func=job_orchestration.executor.query.spider_search_task.search_without_channel spawn_start=510297195 spawn_end=510297196 spawn_duration_ms=0
[2026-02-03 01:10:56.266] [info] [spider.worker] [TIMING] task_id=f7ec876a-9641-4810-b347-dfe85ae92d32 func=job_orchestration.executor.query.spider_search_task.search_without_channel execution_start=510297196 execution_end=510298474 execution_duration_ms=1278
[2026-02-03 01:10:56.268] [info] [spider.worker] [TIMING] task_id=f7ec876a-9641-4810-b347-dfe85ae92d32 func=job_orchestration.executor.query.spider_search_task.search_without_channel storage_connect_start=510298474 storage_connect_end=510298476 storage_connect_duration_ms=1 phase=handle_result
[2026-02-03 01:10:56.284] [info] [spider.worker] [TIMING] task_id=f7ec876a-9641-4810-b347-dfe85ae92d32 func=job_orchestration.executor.query.spider_search_task.search_without_channel submit_output_start=510298476 submit_output_end=510298492 submit_output_duration_ms=16
[2026-02-03 01:10:56.301] [info] [spider.worker] [TIMING] worker_id=c1aff04b-e790-4eee-b4cc-89639a9a11ab task_id=8b5a3064-6313-4f0d-a93b-165f8d4d925c get_next_task request_start=510298495 connect_end=510298496 send_end=510298496 receive_end=510298496 connect_duration_ms=1 send_duration_ms=0 receive_duration_ms=0 total_duration_ms=1
[2026-02-03 01:10:56.302] [info] [spider.worker] [TIMING] task_id=8b5a3064-6313-4f0d-a93b-165f8d4d925c storage_connect_start=510298509 storage_connect_end=510298511 storage_connect_duration_ms=1 phase=pre_execution
[2026-02-03 01:10:56.304] [info] [spider.worker] [TIMING] task_id=8b5a3064-6313-4f0d-a93b-165f8d4d925c func=job_orchestration.executor.query.spider_search_task.search_without_channel fetch_input_start=510298511 fetch_input_end=510298512 fetch_input_duration_ms=1
[2026-02-03 01:10:56.304] [info] [spider.worker] [TIMING] task_id=8b5a3064-6313-4f0d-a93b-165f8d4d925c func=job_orchestration.executor.query.spider_search_task.search_without_channel input_send_start=510298513 input_send_end=510298513 input_send_duration_ms=0 bytes=612
[2026-02-03 01:10:56.304] [info] [spider.worker] [TIMING] task_id=8b5a3064-6313-4f0d-a93b-165f8d4d925c func=job_orchestration.executor.query.spider_search_task.search_without_channel spawn_start=510298512 spawn_end=510298513 spawn_duration_ms=0
[2026-02-03 01:10:57.647] [info] [spider.worker] [TIMING] task_id=8b5a3064-6313-4f0d-a93b-165f8d4d925c func=job_orchestration.executor.query.spider_search_task.search_without_channel execution_start=510298513 execution_end=510299856 execution_duration_ms=1342
[2026-02-03 01:10:57.649] [info] [spider.worker] [TIMING] task_id=8b5a3064-6313-4f0d-a93b-165f8d4d925c func=job_orchestration.executor.query.spider_search_task.search_without_channel storage_connect_start=510299856 storage_connect_end=510299857 storage_connect_duration_ms=1 phase=handle_result
[2026-02-03 01:10:57.676] [info] [spider.worker] [TIMING] task_id=8b5a3064-6313-4f0d-a93b-165f8d4d925c func=job_orchestration.executor.query.spider_search_task.search_without_channel submit_output_start=510299857 submit_output_end=510299884 submit_output_duration_ms=27
[2026-02-03 01:10:57.693] [info] [spider.worker] [TIMING] worker_id=c1aff04b-e790-4eee-b4cc-89639a9a11ab task_id=c47c4b34-d8f7-41cf-8799-b6e519e7528c get_next_task request_start=510299887 connect_end=510299888 send_end=510299888 receive_end=510299888 connect_duration_ms=1 send_duration_ms=0 receive_duration_ms=0 total_duration_ms=1
[2026-02-03 01:10:57.695] [info] [spider.worker] [TIMING] task_id=c47c4b34-d8f7-41cf-8799-b6e519e7528c storage_connect_start=510299901 storage_connect_end=510299903 storage_connect_duration_ms=1 phase=pre_execution
[2026-02-03 01:10:57.696] [info] [spider.worker] [TIMING] task_id=c47c4b34-d8f7-41cf-8799-b6e519e7528c func=job_orchestration.executor.query.spider_search_task.search_without_channel fetch_input_start=510299903 fetch_input_end=510299904 fetch_input_duration_ms=1
[2026-02-03 01:10:57.696] [info] [spider.worker] [TIMING] task_id=c47c4b34-d8f7-41cf-8799-b6e519e7528c func=job_orchestration.executor.query.spider_search_task.search_without_channel input_send_start=510299905 input_send_end=510299905 input_send_duration_ms=0 bytes=612
[2026-02-03 01:10:57.696] [info] [spider.worker] [TIMING] task_id=c47c4b34-d8f7-41cf-8799-b6e519e7528c func=job_orchestration.executor.query.spider_search_task.search_without_channel spawn_start=510299904 spawn_end=510299905 spawn_duration_ms=0
[2026-02-03 01:10:58.923] [info] [spider.worker] [TIMING] task_id=c47c4b34-d8f7-41cf-8799-b6e519e7528c func=job_orchestration.executor.query.spider_search_task.search_without_channel execution_start=510299905 execution_end=510301131 execution_duration_ms=1226
[2026-02-03 01:10:58.924] [info] [spider.worker] [TIMING] task_id=c47c4b34-d8f7-41cf-8799-b6e519e7528c func=job_orchestration.executor.query.spider_search_task.search_without_channel storage_connect_start=510301131 storage_connect_end=510301133 storage_connect_duration_ms=1 phase=handle_result
[2026-02-03 01:10:58.959] [info] [spider.worker] [TIMING] task_id=c47c4b34-d8f7-41cf-8799-b6e519e7528c func=job_orchestration.executor.query.spider_search_task.search_without_channel submit_output_start=510301133 submit_output_end=510301168 submit_output_duration_ms=35
[2026-02-03 01:10:58.996] [info] [spider.worker] [TIMING] worker_id=c1aff04b-e790-4eee-b4cc-89639a9a11ab task_id=946d0c56-5796-4baa-8766-ffa71991c102 get_next_task request_start=510301170 connect_end=510301171 send_end=510301171 receive_end=510301172 connect_duration_ms=1 send_duration_ms=0 receive_duration_ms=0 total_duration_ms=1
[2026-02-03 01:10:58.998] [info] [spider.worker] [TIMING] task_id=946d0c56-5796-4baa-8766-ffa71991c102 storage_connect_start=510301204 storage_connect_end=510301206 storage_connect_duration_ms=1 phase=pre_execution
[2026-02-03 01:10:58.999] [info] [spider.worker] [TIMING] task_id=946d0c56-5796-4baa-8766-ffa71991c102 func=job_orchestration.executor.query.spider_search_task.search_without_channel fetch_input_start=510301206 fetch_input_end=510301207 fetch_input_duration_ms=1
[2026-02-03 01:10:58.999] [info] [spider.worker] [TIMING] task_id=946d0c56-5796-4baa-8766-ffa71991c102 func=job_orchestration.executor.query.spider_search_task.search_without_channel input_send_start=510301208 input_send_end=510301208 input_send_duration_ms=0 bytes=612
[2026-02-03 01:10:58.999] [info] [spider.worker] [TIMING] task_id=946d0c56-5796-4baa-8766-ffa71991c102 func=job_orchestration.executor.query.spider_search_task.search_without_channel spawn_start=510301207 spawn_end=510301208 spawn_duration_ms=0
[2026-02-03 01:11:00.223] [info] [spider.worker] [TIMING] task_id=946d0c56-5796-4baa-8766-ffa71991c102 func=job_orchestration.executor.query.spider_search_task.search_without_channel execution_start=510301208 execution_end=510302431 execution_duration_ms=1222
[2026-02-03 01:11:00.224] [info] [spider.worker] [TIMING] task_id=946d0c56-5796-4baa-8766-ffa71991c102 func=job_orchestration.executor.query.spider_search_task.search_without_channel storage_connect_start=510302431 storage_connect_end=510302433 storage_connect_duration_ms=1 phase=handle_result
[2026-02-03 01:11:00.257] [info] [spider.worker] [TIMING] task_id=946d0c56-5796-4baa-8766-ffa71991c102 func=job_orchestration.executor.query.spider_search_task.search_without_channel submit_output_start=510302433 submit_output_end=510302466 submit_output_duration_ms=32
[2026-02-03 01:11:00.299] [info] [spider.worker] [TIMING] worker_id=c1aff04b-e790-4eee-b4cc-89639a9a11ab task_id=9825c00f-b02d-454e-aa78-c5fb170d9b5c get_next_task request_start=510302468 connect_end=510302470 send_end=510302470 receive_end=510302470 connect_duration_ms=1 send_duration_ms=0 receive_duration_ms=0 total_duration_ms=1
[2026-02-03 01:11:00.301] [info] [spider.worker] [TIMING] task_id=9825c00f-b02d-454e-aa78-c5fb170d9b5c storage_connect_start=510302508 storage_connect_end=510302509 storage_connect_duration_ms=1 phase=pre_execution
[2026-02-03 01:11:00.302] [info] [spider.worker] [TIMING] task_id=9825c00f-b02d-454e-aa78-c5fb170d9b5c func=job_orchestration.executor.query.spider_search_task.search_without_channel fetch_input_start=510302509 fetch_input_end=510302510 fetch_input_duration_ms=0
[2026-02-03 01:11:00.302] [info] [spider.worker] [TIMING] task_id=9825c00f-b02d-454e-aa78-c5fb170d9b5c func=job_orchestration.executor.query.spider_search_task.search_without_channel input_send_start=510302510 input_send_end=510302510 input_send_duration_ms=0 bytes=612
[2026-02-03 01:11:00.302] [info] [spider.worker] [TIMING] task_id=9825c00f-b02d-454e-aa78-c5fb170d9b5c func=job_orchestration.executor.query.spider_search_task.search_without_channel spawn_start=510302510 spawn_end=510302511 spawn_duration_ms=0
[2026-02-03 01:11:01.632] [info] [spider.worker] [TIMING] task_id=9825c00f-b02d-454e-aa78-c5fb170d9b5c func=job_orchestration.executor.query.spider_search_task.search_without_channel execution_start=510302511 execution_end=510303840 execution_duration_ms=1329
[2026-02-03 01:11:01.634] [info] [spider.worker] [TIMING] task_id=9825c00f-b02d-454e-aa78-c5fb170d9b5c func=job_orchestration.executor.query.spider_search_task.search_without_channel storage_connect_start=510303840 storage_connect_end=510303842 storage_connect_duration_ms=1 phase=handle_result
[2026-02-03 01:11:01.669] [info] [spider.worker] [TIMING] task_id=9825c00f-b02d-454e-aa78-c5fb170d9b5c func=job_orchestration.executor.query.spider_search_task.search_without_channel submit_output_start=510303842 submit_output_end=510303877 submit_output_duration_ms=35
[2026-02-03 01:11:01.685] [info] [spider.worker] [TIMING] worker_id=c1aff04b-e790-4eee-b4cc-89639a9a11ab task_id=43d81bf6-64b8-4b58-9c51-68056e765d2e get_next_task request_start=510303879 connect_end=510303881 send_end=510303881 receive_end=510303881 connect_duration_ms=1 send_duration_ms=0 receive_duration_ms=0 total_duration_ms=1
[2026-02-03 01:11:01.686] [info] [spider.worker] [TIMING] task_id=43d81bf6-64b8-4b58-9c51-68056e765d2e storage_connect_start=510303893 storage_connect_end=510303895 storage_connect_duration_ms=1 phase=pre_execution
[2026-02-03 01:11:01.687] [info] [spider.worker] [TIMING] task_id=43d81bf6-64b8-4b58-9c51-68056e765d2e func=job_orchestration.executor.query.spider_search_task.search_without_channel fetch_input_start=510303895 fetch_input_end=510303896 fetch_input_duration_ms=0
[2026-02-03 01:11:01.688] [info] [spider.worker] [TIMING] task_id=43d81bf6-64b8-4b58-9c51-68056e765d2e func=job_orchestration.executor.query.spider_search_task.search_without_channel input_send_start=510303896 input_send_end=510303896 input_send_duration_ms=0 bytes=612
[2026-02-03 01:11:01.688] [info] [spider.worker] [TIMING] task_id=43d81bf6-64b8-4b58-9c51-68056e765d2e func=job_orchestration.executor.query.spider_search_task.search_without_channel spawn_start=510303896 spawn_end=510303896 spawn_duration_ms=0
[2026-02-03 01:11:02.855] [info] [spider.worker] [TIMING] task_id=43d81bf6-64b8-4b58-9c51-68056e765d2e func=job_orchestration.executor.query.spider_search_task.search_without_channel execution_start=510303896 execution_end=510305063 execution_duration_ms=1166
[2026-02-03 01:11:02.856] [info] [spider.worker] [TIMING] task_id=43d81bf6-64b8-4b58-9c51-68056e765d2e func=job_orchestration.executor.query.spider_search_task.search_without_channel storage_connect_start=510305063 storage_connect_end=510305065 storage_connect_duration_ms=1 phase=handle_result
[2026-02-03 01:11:02.868] [info] [spider.worker] [TIMING] task_id=43d81bf6-64b8-4b58-9c51-68056e765d2e func=job_orchestration.executor.query.spider_search_task.search_without_channel submit_output_start=510305065 submit_output_end=510305077 submit_output_duration_ms=11
[2026-02-03 01:11:02.877] [info] [spider.worker] [TIMING] worker_id=c1aff04b-e790-4eee-b4cc-89639a9a11ab task_id=81fd2862-2242-4191-9306-17b419ac16df get_next_task request_start=510305078 connect_end=510305079 send_end=510305079 receive_end=510305079 connect_duration_ms=1 send_duration_ms=0 receive_duration_ms=0 total_duration_ms=1
[2026-02-03 01:11:02.878] [info] [spider.worker] [TIMING] task_id=81fd2862-2242-4191-9306-17b419ac16df storage_connect_start=510305085 storage_connect_end=510305086 storage_connect_duration_ms=1 phase=pre_execution
[2026-02-03 01:11:02.879] [info] [spider.worker] [TIMING] task_id=81fd2862-2242-4191-9306-17b419ac16df func=job_orchestration.executor.query.spider_search_task.search_without_channel fetch_input_start=510305086 fetch_input_end=510305087 fetch_input_duration_ms=0
[2026-02-03 01:11:02.879] [info] [spider.worker] [TIMING] task_id=81fd2862-2242-4191-9306-17b419ac16df func=job_orchestration.executor.query.spider_search_task.search_without_channel input_send_start=510305087 input_send_end=510305087 input_send_duration_ms=0 bytes=612
[2026-02-03 01:11:02.879] [info] [spider.worker] [TIMING] task_id=81fd2862-2242-4191-9306-17b419ac16df func=job_orchestration.executor.query.spider_search_task.search_without_channel spawn_start=510305087 spawn_end=510305087 spawn_duration_ms=0
[2026-02-03 01:11:04.307] [info] [spider.worker] [TIMING] task_id=81fd2862-2242-4191-9306-17b419ac16df func=job_orchestration.executor.query.spider_search_task.search_without_channel execution_start=510305088 execution_end=510306515 execution_duration_ms=1427
[2026-02-03 01:11:04.308] [info] [spider.worker] [TIMING] task_id=81fd2862-2242-4191-9306-17b419ac16df func=job_orchestration.executor.query.spider_search_task.search_without_channel storage_connect_start=510306515 storage_connect_end=510306517 storage_connect_duration_ms=1 phase=handle_result
[2026-02-03 01:11:04.349] [info] [spider.worker] [TIMING] task_id=81fd2862-2242-4191-9306-17b419ac16df func=job_orchestration.executor.query.spider_search_task.search_without_channel submit_output_start=510306517 submit_output_end=510306558 submit_output_duration_ms=41
[2026-02-03 01:11:04.377] [info] [spider.worker] [TIMING] worker_id=c1aff04b-e790-4eee-b4cc-89639a9a11ab task_id=860a785c-27d4-48c0-ba87-cf2408484669 get_next_task request_start=510306563 connect_end=510306565 send_end=510306565 receive_end=510306565 connect_duration_ms=1 send_duration_ms=0 receive_duration_ms=0 total_duration_ms=1
[2026-02-03 01:11:04.379] [info] [spider.worker] [TIMING] task_id=860a785c-27d4-48c0-ba87-cf2408484669 storage_connect_start=510306585 storage_connect_end=510306587 storage_connect_duration_ms=1 phase=pre_execution
[2026-02-03 01:11:04.380] [info] [spider.worker] [TIMING] task_id=860a785c-27d4-48c0-ba87-cf2408484669 func=job_orchestration.executor.query.spider_search_task.search_without_channel fetch_input_start=510306587 fetch_input_end=510306588 fetch_input_duration_ms=1
[2026-02-03 01:11:04.381] [info] [spider.worker] [TIMING] task_id=860a785c-27d4-48c0-ba87-cf2408484669 func=job_orchestration.executor.query.spider_search_task.search_without_channel input_send_start=510306589 input_send_end=510306589 input_send_duration_ms=0 bytes=612
[2026-02-03 01:11:04.381] [info] [spider.worker] [TIMING] task_id=860a785c-27d4-48c0-ba87-cf2408484669 func=job_orchestration.executor.query.spider_search_task.search_without_channel spawn_start=510306588 spawn_end=510306589 spawn_duration_ms=0
[2026-02-03 01:11:05.814] [info] [spider.worker] [TIMING] task_id=860a785c-27d4-48c0-ba87-cf2408484669 func=job_orchestration.executor.query.spider_search_task.search_without_channel execution_start=510306589 execution_end=510308022 execution_duration_ms=1433
[2026-02-03 01:11:05.816] [info] [spider.worker] [TIMING] task_id=860a785c-27d4-48c0-ba87-cf2408484669 func=job_orchestration.executor.query.spider_search_task.search_without_channel storage_connect_start=510308022 storage_connect_end=510308024 storage_connect_duration_ms=1 phase=handle_result
[2026-02-03 01:11:05.844] [info] [spider.worker] [TIMING] task_id=860a785c-27d4-48c0-ba87-cf2408484669 func=job_orchestration.executor.query.spider_search_task.search_without_channel submit_output_start=510308024 submit_output_end=510308052 submit_output_duration_ms=27
[2026-02-03 01:11:05.860] [info] [spider.worker] [TIMING] worker_id=c1aff04b-e790-4eee-b4cc-89639a9a11ab task_id=99ac8fdd-bd52-4928-b7ee-6f0e325616e2 get_next_task request_start=510308054 connect_end=510308056 send_end=510308056 receive_end=510308056 connect_duration_ms=1 send_duration_ms=0 receive_duration_ms=0 total_duration_ms=1
[2026-02-03 01:11:05.865] [info] [spider.worker] [TIMING] task_id=99ac8fdd-bd52-4928-b7ee-6f0e325616e2 storage_connect_start=510308069 storage_connect_end=510308074 storage_connect_duration_ms=4 phase=pre_execution
[2026-02-03 01:11:05.867] [info] [spider.worker] [TIMING] task_id=99ac8fdd-bd52-4928-b7ee-6f0e325616e2 func=job_orchestration.executor.query.spider_search_task.search_without_channel fetch_input_start=510308074 fetch_input_end=510308075 fetch_input_duration_ms=1
[2026-02-03 01:11:05.867] [info] [spider.worker] [TIMING] task_id=99ac8fdd-bd52-4928-b7ee-6f0e325616e2 func=job_orchestration.executor.query.spider_search_task.search_without_channel input_send_start=510308076 input_send_end=510308076 input_send_duration_ms=0 bytes=612
[2026-02-03 01:11:05.867] [info] [spider.worker] [TIMING] task_id=99ac8fdd-bd52-4928-b7ee-6f0e325616e2 func=job_orchestration.executor.query.spider_search_task.search_without_channel spawn_start=510308075 spawn_end=510308076 spawn_duration_ms=0
[2026-02-03 01:11:07.209] [info] [spider.worker] [TIMING] task_id=99ac8fdd-bd52-4928-b7ee-6f0e325616e2 func=job_orchestration.executor.query.spider_search_task.search_without_channel execution_start=510308076 execution_end=510309418 execution_duration_ms=1341
[2026-02-03 01:11:07.211] [info] [spider.worker] [TIMING] task_id=99ac8fdd-bd52-4928-b7ee-6f0e325616e2 func=job_orchestration.executor.query.spider_search_task.search_without_channel storage_connect_start=510309418 storage_connect_end=510309420 storage_connect_duration_ms=1 phase=handle_result
[2026-02-03 01:11:07.241] [info] [spider.worker] [TIMING] task_id=99ac8fdd-bd52-4928-b7ee-6f0e325616e2 func=job_orchestration.executor.query.spider_search_task.search_without_channel submit_output_start=510309420 submit_output_end=510309450 submit_output_duration_ms=30
[2026-02-03 01:11:07.283] [info] [spider.worker] [TIMING] worker_id=c1aff04b-e790-4eee-b4cc-89639a9a11ab task_id=70a1e464-4d1c-412f-b446-908028678a29 get_next_task request_start=510309452 connect_end=510309454 send_end=510309454 receive_end=510309454 connect_duration_ms=1 send_duration_ms=0 receive_duration_ms=0 total_duration_ms=1
[2026-02-03 01:11:07.285] [info] [spider.worker] [TIMING] task_id=70a1e464-4d1c-412f-b446-908028678a29 storage_connect_start=510309492 storage_connect_end=510309493 storage_connect_duration_ms=1 phase=pre_execution
[2026-02-03 01:11:07.286] [info] [spider.worker] [TIMING] task_id=70a1e464-4d1c-412f-b446-908028678a29 func=job_orchestration.executor.query.spider_search_task.search_without_channel fetch_input_start=510309493 fetch_input_end=510309494 fetch_input_duration_ms=0
[2026-02-03 01:11:07.286] [info] [spider.worker] [TIMING] task_id=70a1e464-4d1c-412f-b446-908028678a29 func=job_orchestration.executor.query.spider_search_task.search_without_channel input_send_start=510309495 input_send_end=510309495 input_send_duration_ms=0 bytes=612
[2026-02-03 01:11:07.286] [info] [spider.worker] [TIMING] task_id=70a1e464-4d1c-412f-b446-908028678a29 func=job_orchestration.executor.query.spider_search_task.search_without_channel spawn_start=510309494 spawn_end=510309495 spawn_duration_ms=0
[2026-02-03 01:11:08.783] [info] [spider.worker] [TIMING] task_id=70a1e464-4d1c-412f-b446-908028678a29 func=job_orchestration.executor.query.spider_search_task.search_without_channel execution_start=510309495 execution_end=510310991 execution_duration_ms=1496
[2026-02-03 01:11:08.784] [info] [spider.worker] [TIMING] task_id=70a1e464-4d1c-412f-b446-908028678a29 func=job_orchestration.executor.query.spider_search_task.search_without_channel storage_connect_start=510310991 storage_connect_end=510310993 storage_connect_duration_ms=1 phase=handle_result
[2026-02-03 01:11:08.812] [info] [spider.worker] [TIMING] task_id=70a1e464-4d1c-412f-b446-908028678a29 func=job_orchestration.executor.query.spider_search_task.search_without_channel submit_output_start=510310993 submit_output_end=510311021 submit_output_duration_ms=27
[2026-02-03 01:11:08.828] [info] [spider.worker] [TIMING] worker_id=c1aff04b-e790-4eee-b4cc-89639a9a11ab task_id=02621b8d-16b3-4f38-bcf4-5237e15795fd get_next_task request_start=510311023 connect_end=510311025 send_end=510311025 receive_end=510311025 connect_duration_ms=1 send_duration_ms=0 receive_duration_ms=0 total_duration_ms=1
[2026-02-03 01:11:08.830] [info] [spider.worker] [TIMING] task_id=02621b8d-16b3-4f38-bcf4-5237e15795fd storage_connect_start=510311036 storage_connect_end=510311038 storage_connect_duration_ms=1 phase=pre_execution
[2026-02-03 01:11:08.831] [info] [spider.worker] [TIMING] task_id=02621b8d-16b3-4f38-bcf4-5237e15795fd func=job_orchestration.executor.query.spider_search_task.search_without_channel fetch_input_start=510311038 fetch_input_end=510311039 fetch_input_duration_ms=1
[2026-02-03 01:11:08.831] [info] [spider.worker] [TIMING] task_id=02621b8d-16b3-4f38-bcf4-5237e15795fd func=job_orchestration.executor.query.spider_search_task.search_without_channel input_send_start=510311040 input_send_end=510311040 input_send_duration_ms=0 bytes=612
[2026-02-03 01:11:08.832] [info] [spider.worker] [TIMING] task_id=02621b8d-16b3-4f38-bcf4-5237e15795fd func=job_orchestration.executor.query.spider_search_task.search_without_channel spawn_start=510311039 spawn_end=510311040 spawn_duration_ms=0
[2026-02-03 01:11:10.141] [info] [spider.worker] [TIMING] task_id=02621b8d-16b3-4f38-bcf4-5237e15795fd func=job_orchestration.executor.query.spider_search_task.search_without_channel execution_start=510311040 execution_end=510312350 execution_duration_ms=1309
[2026-02-03 01:11:10.143] [info] [spider.worker] [TIMING] task_id=02621b8d-16b3-4f38-bcf4-5237e15795fd func=job_orchestration.executor.query.spider_search_task.search_without_channel storage_connect_start=510312350 storage_connect_end=510312351 storage_connect_duration_ms=1 phase=handle_result
[2026-02-03 01:11:10.153] [info] [spider.worker] [TIMING] task_id=02621b8d-16b3-4f38-bcf4-5237e15795fd func=job_orchestration.executor.query.spider_search_task.search_without_channel submit_output_start=510312351 submit_output_end=510312361 submit_output_duration_ms=9
[2026-02-03 01:11:10.169] [info] [spider.worker] [TIMING] worker_id=c1aff04b-e790-4eee-b4cc-89639a9a11ab task_id=02741387-683a-4e63-8265-c1273b8221e6 get_next_task request_start=510312363 connect_end=510312365 send_end=510312365 receive_end=510312365 connect_duration_ms=1 send_duration_ms=0 receive_duration_ms=0 total_duration_ms=1
[2026-02-03 01:11:10.171] [info] [spider.worker] [TIMING] task_id=02741387-683a-4e63-8265-c1273b8221e6 storage_connect_start=510312378 storage_connect_end=510312379 storage_connect_duration_ms=1 phase=pre_execution
[2026-02-03 01:11:10.173] [info] [spider.worker] [TIMING] task_id=02741387-683a-4e63-8265-c1273b8221e6 func=job_orchestration.executor.query.spider_search_task.search_without_channel fetch_input_start=510312379 fetch_input_end=510312382 fetch_input_duration_ms=2
[2026-02-03 01:11:10.174] [info] [spider.worker] [TIMING] task_id=02741387-683a-4e63-8265-c1273b8221e6 func=job_orchestration.executor.query.spider_search_task.search_without_channel input_send_start=510312382 input_send_end=510312382 input_send_duration_ms=0 bytes=612
[2026-02-03 01:11:10.174] [info] [spider.worker] [TIMING] task_id=02741387-683a-4e63-8265-c1273b8221e6 func=job_orchestration.executor.query.spider_search_task.search_without_channel spawn_start=510312382 spawn_end=510312382 spawn_duration_ms=0
[2026-02-03 01:11:11.344] [info] [spider.worker] [TIMING] task_id=02741387-683a-4e63-8265-c1273b8221e6 func=job_orchestration.executor.query.spider_search_task.search_without_channel execution_start=510312383 execution_end=510313552 execution_duration_ms=1169
[2026-02-03 01:11:11.346] [info] [spider.worker] [TIMING] task_id=02741387-683a-4e63-8265-c1273b8221e6 func=job_orchestration.executor.query.spider_search_task.search_without_channel storage_connect_start=510313552 storage_connect_end=510313554 storage_connect_duration_ms=1 phase=handle_result
[2026-02-03 01:11:11.361] [info] [spider.worker] [TIMING] task_id=02741387-683a-4e63-8265-c1273b8221e6 func=job_orchestration.executor.query.spider_search_task.search_without_channel submit_output_start=510313554 submit_output_end=510313570 submit_output_duration_ms=15
[2026-02-03 01:11:11.403] [info] [spider.worker] [TIMING] worker_id=c1aff04b-e790-4eee-b4cc-89639a9a11ab task_id=df01ed59-5403-41d2-a3e3-dfc7cf488a92 get_next_task request_start=510313572 connect_end=510313573 send_end=510313573 receive_end=510313574 connect_duration_ms=1 send_duration_ms=0 receive_duration_ms=0 total_duration_ms=1
[2026-02-03 01:11:11.405] [info] [spider.worker] [TIMING] task_id=df01ed59-5403-41d2-a3e3-dfc7cf488a92 storage_connect_start=510313612 storage_connect_end=510313613 storage_connect_duration_ms=1 phase=pre_execution
[2026-02-03 01:11:11.405] [info] [spider.worker] [TIMING] task_id=df01ed59-5403-41d2-a3e3-dfc7cf488a92 func=job_orchestration.executor.query.spider_search_task.search_without_channel fetch_input_start=510313613 fetch_input_end=510313614 fetch_input_duration_ms=0
[2026-02-03 01:11:11.406] [info] [spider.worker] [TIMING] task_id=df01ed59-5403-41d2-a3e3-dfc7cf488a92 func=job_orchestration.executor.query.spider_search_task.search_without_channel input_send_start=510313614 input_send_end=510313614 input_send_duration_ms=0 bytes=612
[2026-02-03 01:11:11.406] [info] [spider.worker] [TIMING] task_id=df01ed59-5403-41d2-a3e3-dfc7cf488a92 func=job_orchestration.executor.query.spider_search_task.search_without_channel spawn_start=510313614 spawn_end=510313614 spawn_duration_ms=0
[2026-02-03 01:11:12.699] [info] [spider.worker] [TIMING] task_id=df01ed59-5403-41d2-a3e3-dfc7cf488a92 func=job_orchestration.executor.query.spider_search_task.search_without_channel execution_start=510313615 execution_end=510314908 execution_duration_ms=1293
[2026-02-03 01:11:12.701] [info] [spider.worker] [TIMING] task_id=df01ed59-5403-41d2-a3e3-dfc7cf488a92 func=job_orchestration.executor.query.spider_search_task.search_without_channel storage_connect_start=510314908 storage_connect_end=510314910 storage_connect_duration_ms=1 phase=handle_result
[2026-02-03 01:11:12.712] [info] [spider.worker] [TIMING] task_id=df01ed59-5403-41d2-a3e3-dfc7cf488a92 func=job_orchestration.executor.query.spider_search_task.search_without_channel submit_output_start=510314910 submit_output_end=510314920 submit_output_duration_ms=10
[2026-02-03 01:11:12.770] [info] [spider.worker] [TIMING] worker_id=c1aff04b-e790-4eee-b4cc-89639a9a11ab task_id=1d4cb323-bd81-4b66-b3a2-212eccacd482 get_next_task request_start=510314922 connect_end=510314923 send_end=510314923 receive_end=510314923 connect_duration_ms=1 send_duration_ms=0 receive_duration_ms=0 total_duration_ms=1
[2026-02-03 01:11:12.772] [info] [spider.worker] [TIMING] task_id=1d4cb323-bd81-4b66-b3a2-212eccacd482 storage_connect_start=510314979 storage_connect_end=510314980 storage_connect_duration_ms=1 phase=pre_execution
[2026-02-03 01:11:12.773] [info] [spider.worker] [TIMING] task_id=1d4cb323-bd81-4b66-b3a2-212eccacd482 func=job_orchestration.executor.query.spider_search_task.search_without_channel fetch_input_start=510314980 fetch_input_end=510314981 fetch_input_duration_ms=1
[2026-02-03 01:11:12.774] [info] [spider.worker] [TIMING] task_id=1d4cb323-bd81-4b66-b3a2-212eccacd482 func=job_orchestration.executor.query.spider_search_task.search_without_channel input_send_start=510314982 input_send_end=510314982 input_send_duration_ms=0 bytes=612
[2026-02-03 01:11:12.774] [info] [spider.worker] [TIMING] task_id=1d4cb323-bd81-4b66-b3a2-212eccacd482 func=job_orchestration.executor.query.spider_search_task.search_without_channel spawn_start=510314981 spawn_end=510314982 spawn_duration_ms=0
[2026-02-03 01:11:14.200] [info] [spider.worker] [TIMING] task_id=1d4cb323-bd81-4b66-b3a2-212eccacd482 func=job_orchestration.executor.query.spider_search_task.search_without_channel execution_start=510314982 execution_end=510316408 execution_duration_ms=1426
[2026-02-03 01:11:14.201] [info] [spider.worker] [TIMING] task_id=1d4cb323-bd81-4b66-b3a2-212eccacd482 func=job_orchestration.executor.query.spider_search_task.search_without_channel storage_connect_start=510316408 storage_connect_end=510316410 storage_connect_duration_ms=1 phase=handle_result
[2026-02-03 01:11:14.212] [info] [spider.worker] [TIMING] task_id=1d4cb323-bd81-4b66-b3a2-212eccacd482 func=job_orchestration.executor.query.spider_search_task.search_without_channel submit_output_start=510316410 submit_output_end=510316420 submit_output_duration_ms=10
[2026-02-03 01:11:14.229] [info] [spider.worker] [TIMING] worker_id=c1aff04b-e790-4eee-b4cc-89639a9a11ab task_id=6f41415c-08ec-4961-a591-0825b9ff57e6 get_next_task request_start=510316423 connect_end=510316424 send_end=510316424 receive_end=510316424 connect_duration_ms=1 send_duration_ms=0 receive_duration_ms=0 total_duration_ms=1
[2026-02-03 01:11:14.231] [info] [spider.worker] [TIMING] task_id=6f41415c-08ec-4961-a591-0825b9ff57e6 storage_connect_start=510316437 storage_connect_end=510316439 storage_connect_duration_ms=1 phase=pre_execution
[2026-02-03 01:11:14.231] [info] [spider.worker] [TIMING] task_id=6f41415c-08ec-4961-a591-0825b9ff57e6 func=job_orchestration.executor.query.spider_search_task.search_without_channel fetch_input_start=510316439 fetch_input_end=510316440 fetch_input_duration_ms=0
[2026-02-03 01:11:14.232] [info] [spider.worker] [TIMING] task_id=6f41415c-08ec-4961-a591-0825b9ff57e6 func=job_orchestration.executor.query.spider_search_task.search_without_channel input_send_start=510316440 input_send_end=510316440 input_send_duration_ms=0 bytes=612
[2026-02-03 01:11:14.232] [info] [spider.worker] [TIMING] task_id=6f41415c-08ec-4961-a591-0825b9ff57e6 func=job_orchestration.executor.query.spider_search_task.search_without_channel spawn_start=510316440 spawn_end=510316440 spawn_duration_ms=0
[2026-02-03 01:11:15.479] [info] [spider.worker] [TIMING] task_id=6f41415c-08ec-4961-a591-0825b9ff57e6 func=job_orchestration.executor.query.spider_search_task.search_without_channel execution_start=510316441 execution_end=510317687 execution_duration_ms=1246
[2026-02-03 01:11:15.480] [info] [spider.worker] [TIMING] task_id=6f41415c-08ec-4961-a591-0825b9ff57e6 func=job_orchestration.executor.query.spider_search_task.search_without_channel storage_connect_start=510317687 storage_connect_end=510317689 storage_connect_duration_ms=1 phase=handle_result
[2026-02-03 01:11:15.520] [info] [spider.worker] [TIMING] task_id=6f41415c-08ec-4961-a591-0825b9ff57e6 func=job_orchestration.executor.query.spider_search_task.search_without_channel submit_output_start=510317689 submit_output_end=510317728 submit_output_duration_ms=39
[2026-02-03 01:11:15.553] [info] [spider.worker] [TIMING] worker_id=c1aff04b-e790-4eee-b4cc-89639a9a11ab task_id=e87fafc1-aad2-43b3-bf02-ffb96adc296f get_next_task request_start=510317730 connect_end=510317732 send_end=510317732 receive_end=510317732 connect_duration_ms=1 send_duration_ms=0 receive_duration_ms=0 total_duration_ms=1
[2026-02-03 01:11:15.555] [info] [spider.worker] [TIMING] task_id=e87fafc1-aad2-43b3-bf02-ffb96adc296f storage_connect_start=510317762 storage_connect_end=510317764 storage_connect_duration_ms=1 phase=pre_execution
[2026-02-03 01:11:15.557] [info] [spider.worker] [TIMING] task_id=e87fafc1-aad2-43b3-bf02-ffb96adc296f func=job_orchestration.executor.query.spider_search_task.search_without_channel fetch_input_start=510317764 fetch_input_end=510317765 fetch_input_duration_ms=1
[2026-02-03 01:11:15.557] [info] [spider.worker] [TIMING] task_id=e87fafc1-aad2-43b3-bf02-ffb96adc296f func=job_orchestration.executor.query.spider_search_task.search_without_channel input_send_start=510317765 input_send_end=510317765 input_send_duration_ms=0 bytes=612
[2026-02-03 01:11:15.557] [info] [spider.worker] [TIMING] task_id=e87fafc1-aad2-43b3-bf02-ffb96adc296f func=job_orchestration.executor.query.spider_search_task.search_without_channel spawn_start=510317765 spawn_end=510317765 spawn_duration_ms=0
[2026-02-03 01:11:16.919] [info] [spider.worker] [TIMING] task_id=e87fafc1-aad2-43b3-bf02-ffb96adc296f func=job_orchestration.executor.query.spider_search_task.search_without_channel execution_start=510317766 execution_end=510319127 execution_duration_ms=1361
[2026-02-03 01:11:16.921] [info] [spider.worker] [TIMING] task_id=e87fafc1-aad2-43b3-bf02-ffb96adc296f func=job_orchestration.executor.query.spider_search_task.search_without_channel storage_connect_start=510319127 storage_connect_end=510319129 storage_connect_duration_ms=2 phase=handle_result
[2026-02-03 01:11:16.954] [info] [spider.worker] [TIMING] task_id=e87fafc1-aad2-43b3-bf02-ffb96adc296f func=job_orchestration.executor.query.spider_search_task.search_without_channel submit_output_start=510319129 submit_output_end=510319163 submit_output_duration_ms=33
[2026-02-03 01:11:16.990] [info] [spider.worker] [TIMING] worker_id=c1aff04b-e790-4eee-b4cc-89639a9a11ab task_id=616ab3c7-28cd-4efe-b120-c88d7c9cf38f get_next_task request_start=510319164 connect_end=510319166 send_end=510319166 receive_end=510319166 connect_duration_ms=1 send_duration_ms=0 receive_duration_ms=0 total_duration_ms=1
[2026-02-03 01:11:16.992] [info] [spider.worker] [TIMING] task_id=616ab3c7-28cd-4efe-b120-c88d7c9cf38f storage_connect_start=510319199 storage_connect_end=510319201 storage_connect_duration_ms=1 phase=pre_execution
[2026-02-03 01:11:16.993] [info] [spider.worker] [TIMING] task_id=616ab3c7-28cd-4efe-b120-c88d7c9cf38f func=job_orchestration.executor.query.spider_search_task.search_without_channel fetch_input_start=510319201 fetch_input_end=510319202 fetch_input_duration_ms=0
[2026-02-03 01:11:16.994] [info] [spider.worker] [TIMING] task_id=616ab3c7-28cd-4efe-b120-c88d7c9cf38f func=job_orchestration.executor.query.spider_search_task.search_without_channel input_send_start=510319202 input_send_end=510319202 input_send_duration_ms=0 bytes=612
[2026-02-03 01:11:16.994] [info] [spider.worker] [TIMING] task_id=616ab3c7-28cd-4efe-b120-c88d7c9cf38f func=job_orchestration.executor.query.spider_search_task.search_without_channel spawn_start=510319202 spawn_end=510319202 spawn_duration_ms=0
[2026-02-03 01:11:18.124] [info] [spider.worker] [TIMING] task_id=616ab3c7-28cd-4efe-b120-c88d7c9cf38f func=job_orchestration.executor.query.spider_search_task.search_without_channel execution_start=510319202 execution_end=510320332 execution_duration_ms=1129
[2026-02-03 01:11:18.125] [info] [spider.worker] [TIMING] task_id=616ab3c7-28cd-4efe-b120-c88d7c9cf38f func=job_orchestration.executor.query.spider_search_task.search_without_channel storage_connect_start=510320332 storage_connect_end=510320334 storage_connect_duration_ms=1 phase=handle_result
[2026-02-03 01:11:18.146] [info] [spider.worker] [TIMING] task_id=616ab3c7-28cd-4efe-b120-c88d7c9cf38f func=job_orchestration.executor.query.spider_search_task.search_without_channel submit_output_start=510320334 submit_output_end=510320354 submit_output_duration_ms=20
[2026-02-03 01:11:18.193] [info] [spider.worker] [TIMING] worker_id=c1aff04b-e790-4eee-b4cc-89639a9a11ab task_id=35d1b0b7-5622-4db2-b80d-981111d00639 get_next_task request_start=510320357 connect_end=510320358 send_end=510320358 receive_end=510320358 connect_duration_ms=1 send_duration_ms=0 receive_duration_ms=0 total_duration_ms=1
[2026-02-03 01:11:18.195] [info] [spider.worker] [TIMING] task_id=35d1b0b7-5622-4db2-b80d-981111d00639 storage_connect_start=510320401 storage_connect_end=510320403 storage_connect_duration_ms=1 phase=pre_execution
[2026-02-03 01:11:18.196] [info] [spider.worker] [TIMING] task_id=35d1b0b7-5622-4db2-b80d-981111d00639 func=job_orchestration.executor.query.spider_search_task.search_without_channel fetch_input_start=510320403 fetch_input_end=510320404 fetch_input_duration_ms=1
[2026-02-03 01:11:18.196] [info] [spider.worker] [TIMING] task_id=35d1b0b7-5622-4db2-b80d-981111d00639 func=job_orchestration.executor.query.spider_search_task.search_without_channel input_send_start=510320405 input_send_end=510320405 input_send_duration_ms=0 bytes=612
[2026-02-03 01:11:18.196] [info] [spider.worker] [TIMING] task_id=35d1b0b7-5622-4db2-b80d-981111d00639 func=job_orchestration.executor.query.spider_search_task.search_without_channel spawn_start=510320404 spawn_end=510320405 spawn_duration_ms=0
[2026-02-03 01:11:19.519] [info] [spider.worker] [TIMING] task_id=35d1b0b7-5622-4db2-b80d-981111d00639 func=job_orchestration.executor.query.spider_search_task.search_without_channel execution_start=510320405 execution_end=510321727 execution_duration_ms=1322
[2026-02-03 01:11:19.521] [info] [spider.worker] [TIMING] task_id=35d1b0b7-5622-4db2-b80d-981111d00639 func=job_orchestration.executor.query.spider_search_task.search_without_channel storage_connect_start=510321727 storage_connect_end=510321729 storage_connect_duration_ms=1 phase=handle_result
[2026-02-03 01:11:19.530] [info] [spider.worker] [TIMING] task_id=35d1b0b7-5622-4db2-b80d-981111d00639 func=job_orchestration.executor.query.spider_search_task.search_without_channel submit_output_start=510321729 submit_output_end=510321738 submit_output_duration_ms=8
[2026-02-03 01:11:19.563] [info] [spider.worker] [TIMING] worker_id=c1aff04b-e790-4eee-b4cc-89639a9a11ab task_id=37e64348-d516-47e8-8358-456ff5a28978 get_next_task request_start=510321740 connect_end=510321742 send_end=510321742 receive_end=510321742 connect_duration_ms=1 send_duration_ms=0 receive_duration_ms=0 total_duration_ms=1
[2026-02-03 01:11:19.565] [info] [spider.worker] [TIMING] task_id=37e64348-d516-47e8-8358-456ff5a28978 storage_connect_start=510321771 storage_connect_end=510321773 storage_connect_duration_ms=1 phase=pre_execution
[2026-02-03 01:11:19.565] [info] [spider.worker] [TIMING] task_id=37e64348-d516-47e8-8358-456ff5a28978 func=job_orchestration.executor.query.spider_search_task.search_without_channel fetch_input_start=510321773 fetch_input_end=510321774 fetch_input_duration_ms=0
[2026-02-03 01:11:19.566] [info] [spider.worker] [TIMING] task_id=37e64348-d516-47e8-8358-456ff5a28978 func=job_orchestration.executor.query.spider_search_task.search_without_channel input_send_start=510321774 input_send_end=510321774 input_send_duration_ms=0 bytes=612
[2026-02-03 01:11:19.566] [info] [spider.worker] [TIMING] task_id=37e64348-d516-47e8-8358-456ff5a28978 func=job_orchestration.executor.query.spider_search_task.search_without_channel spawn_start=510321774 spawn_end=510321774 spawn_duration_ms=0
[2026-02-03 01:11:20.728] [info] [spider.worker] [TIMING] task_id=37e64348-d516-47e8-8358-456ff5a28978 func=job_orchestration.executor.query.spider_search_task.search_without_channel execution_start=510321775 execution_end=510322937 execution_duration_ms=1161
[2026-02-03 01:11:20.730] [info] [spider.worker] [TIMING] task_id=37e64348-d516-47e8-8358-456ff5a28978 func=job_orchestration.executor.query.spider_search_task.search_without_channel storage_connect_start=510322937 storage_connect_end=510322939 storage_connect_duration_ms=1 phase=handle_result
[2026-02-03 01:11:20.738] [info] [spider.worker] [TIMING] task_id=37e64348-d516-47e8-8358-456ff5a28978 func=job_orchestration.executor.query.spider_search_task.search_without_channel submit_output_start=510322939 submit_output_end=510322946 submit_output_duration_ms=7
[2026-02-03 01:11:20.755] [info] [spider.worker] [TIMING] worker_id=c1aff04b-e790-4eee-b4cc-89639a9a11ab task_id=444a4486-0402-445a-83a4-b391223fb6c9 get_next_task request_start=510322948 connect_end=510322950 send_end=510322950 receive_end=510322950 connect_duration_ms=1 send_duration_ms=0 receive_duration_ms=0 total_duration_ms=1
[2026-02-03 01:11:20.756] [info] [spider.worker] [TIMING] task_id=444a4486-0402-445a-83a4-b391223fb6c9 storage_connect_start=510322963 storage_connect_end=510322965 storage_connect_duration_ms=1 phase=pre_execution
[2026-02-03 01:11:20.757] [info] [spider.worker] [TIMING] task_id=444a4486-0402-445a-83a4-b391223fb6c9 func=job_orchestration.executor.query.spider_search_task.search_without_channel fetch_input_start=510322965 fetch_input_end=510322966 fetch_input_duration_ms=0
[2026-02-03 01:11:20.758] [info] [spider.worker] [TIMING] task_id=444a4486-0402-445a-83a4-b391223fb6c9 func=job_orchestration.executor.query.spider_search_task.search_without_channel input_send_start=510322966 input_send_end=510322966 input_send_duration_ms=0 bytes=612
[2026-02-03 01:11:20.758] [info] [spider.worker] [TIMING] task_id=444a4486-0402-445a-83a4-b391223fb6c9 func=job_orchestration.executor.query.spider_search_task.search_without_channel spawn_start=510322966 spawn_end=510322966 spawn_duration_ms=0
[2026-02-03 01:11:22.147] [info] [spider.worker] [TIMING] task_id=444a4486-0402-445a-83a4-b391223fb6c9 func=job_orchestration.executor.query.spider_search_task.search_without_channel execution_start=510322967 execution_end=510324356 execution_duration_ms=1389
[2026-02-03 01:11:22.153] [info] [spider.worker] [TIMING] task_id=444a4486-0402-445a-83a4-b391223fb6c9 func=job_orchestration.executor.query.spider_search_task.search_without_channel storage_connect_start=510324356 storage_connect_end=510324362 storage_connect_duration_ms=5 phase=handle_result
[2026-02-03 01:11:22.172] [info] [spider.worker] [TIMING] task_id=444a4486-0402-445a-83a4-b391223fb6c9 func=job_orchestration.executor.query.spider_search_task.search_without_channel submit_output_start=510324362 submit_output_end=510324380 submit_output_duration_ms=18
[2026-02-03 01:11:22.188] [info] [spider.worker] [TIMING] worker_id=c1aff04b-e790-4eee-b4cc-89639a9a11ab task_id=c4233fe7-31e8-4815-8af8-f5d2898865c9 get_next_task request_start=510324383 connect_end=510324384 send_end=510324384 receive_end=510324385 connect_duration_ms=1 send_duration_ms=0 receive_duration_ms=0 total_duration_ms=1
[2026-02-03 01:11:22.190] [info] [spider.worker] [TIMING] task_id=c4233fe7-31e8-4815-8af8-f5d2898865c9 storage_connect_start=510324397 storage_connect_end=510324399 storage_connect_duration_ms=1 phase=pre_execution
[2026-02-03 01:11:22.191] [info] [spider.worker] [TIMING] task_id=c4233fe7-31e8-4815-8af8-f5d2898865c9 func=job_orchestration.executor.query.spider_search_task.search_without_channel fetch_input_start=510324399 fetch_input_end=510324400 fetch_input_duration_ms=1
[2026-02-03 01:11:22.192] [info] [spider.worker] [TIMING] task_id=c4233fe7-31e8-4815-8af8-f5d2898865c9 func=job_orchestration.executor.query.spider_search_task.search_without_channel input_send_start=510324400 input_send_end=510324400 input_send_duration_ms=0 bytes=612
[2026-02-03 01:11:22.192] [info] [spider.worker] [TIMING] task_id=c4233fe7-31e8-4815-8af8-f5d2898865c9 func=job_orchestration.executor.query.spider_search_task.search_without_channel spawn_start=510324400 spawn_end=510324400 spawn_duration_ms=0
[2026-02-03 01:11:23.461] [info] [spider.worker] [TIMING] task_id=c4233fe7-31e8-4815-8af8-f5d2898865c9 func=job_orchestration.executor.query.spider_search_task.search_without_channel execution_start=510324401 execution_end=510325669 execution_duration_ms=1268
[2026-02-03 01:11:23.462] [info] [spider.worker] [TIMING] task_id=c4233fe7-31e8-4815-8af8-f5d2898865c9 func=job_orchestration.executor.query.spider_search_task.search_without_channel storage_connect_start=510325669 storage_connect_end=510325671 storage_connect_duration_ms=1 phase=handle_result
[2026-02-03 01:11:23.480] [info] [spider.worker] [TIMING] task_id=c4233fe7-31e8-4815-8af8-f5d2898865c9 func=job_orchestration.executor.query.spider_search_task.search_without_channel submit_output_start=510325671 submit_output_end=510325689 submit_output_duration_ms=17
[2026-02-03 01:11:23.497] [info] [spider.worker] [TIMING] worker_id=c1aff04b-e790-4eee-b4cc-89639a9a11ab task_id=822807a8-c6b7-4f0c-a5be-7c9bf1d5a377 get_next_task request_start=510325691 connect_end=510325692 send_end=510325692 receive_end=510325693 connect_duration_ms=1 send_duration_ms=0 receive_duration_ms=0 total_duration_ms=1
[2026-02-03 01:11:23.499] [info] [spider.worker] [TIMING] task_id=822807a8-c6b7-4f0c-a5be-7c9bf1d5a377 storage_connect_start=510325705 storage_connect_end=510325707 storage_connect_duration_ms=1 phase=pre_execution
[2026-02-03 01:11:23.500] [info] [spider.worker] [TIMING] task_id=822807a8-c6b7-4f0c-a5be-7c9bf1d5a377 func=job_orchestration.executor.query.spider_search_task.search_without_channel fetch_input_start=510325707 fetch_input_end=510325708 fetch_input_duration_ms=0
[2026-02-03 01:11:23.500] [info] [spider.worker] [TIMING] task_id=822807a8-c6b7-4f0c-a5be-7c9bf1d5a377 func=job_orchestration.executor.query.spider_search_task.search_without_channel input_send_start=510325709 input_send_end=510325709 input_send_duration_ms=0 bytes=612
[2026-02-03 01:11:23.500] [info] [spider.worker] [TIMING] task_id=822807a8-c6b7-4f0c-a5be-7c9bf1d5a377 func=job_orchestration.executor.query.spider_search_task.search_without_channel spawn_start=510325708 spawn_end=510325709 spawn_duration_ms=0
[2026-02-03 01:11:24.724] [info] [spider.worker] [TIMING] task_id=822807a8-c6b7-4f0c-a5be-7c9bf1d5a377 func=job_orchestration.executor.query.spider_search_task.search_without_channel execution_start=510325709 execution_end=510326932 execution_duration_ms=1223
[2026-02-03 01:11:24.726] [info] [spider.worker] [TIMING] task_id=822807a8-c6b7-4f0c-a5be-7c9bf1d5a377 func=job_orchestration.executor.query.spider_search_task.search_without_channel storage_connect_start=510326932 storage_connect_end=510326934 storage_connect_duration_ms=1 phase=handle_result
[2026-02-03 01:11:24.780] [info] [spider.worker] [TIMING] task_id=822807a8-c6b7-4f0c-a5be-7c9bf1d5a377 func=job_orchestration.executor.query.spider_search_task.search_without_channel submit_output_start=510326934 submit_output_end=510326989 submit_output_duration_ms=54
[2026-02-03 01:11:24.826] [info] [spider.worker] [TIMING] worker_id=c1aff04b-e790-4eee-b4cc-89639a9a11ab task_id=0b682b98-e4af-4d2b-b5b2-16e72166db57 get_next_task request_start=510326991 connect_end=510326992 send_end=510326992 receive_end=510326992 connect_duration_ms=1 send_duration_ms=0 receive_duration_ms=0 total_duration_ms=1
[2026-02-03 01:11:24.828] [info] [spider.worker] [TIMING] task_id=0b682b98-e4af-4d2b-b5b2-16e72166db57 storage_connect_start=510327035 storage_connect_end=510327036 storage_connect_duration_ms=1 phase=pre_execution
[2026-02-03 01:11:24.829] [info] [spider.worker] [TIMING] task_id=0b682b98-e4af-4d2b-b5b2-16e72166db57 func=job_orchestration.executor.query.spider_search_task.search_without_channel fetch_input_start=510327036 fetch_input_end=510327037 fetch_input_duration_ms=1
[2026-02-03 01:11:24.830] [info] [spider.worker] [TIMING] task_id=0b682b98-e4af-4d2b-b5b2-16e72166db57 func=job_orchestration.executor.query.spider_search_task.search_without_channel input_send_start=510327038 input_send_end=510327038 input_send_duration_ms=0 bytes=612
[2026-02-03 01:11:24.830] [info] [spider.worker] [TIMING] task_id=0b682b98-e4af-4d2b-b5b2-16e72166db57 func=job_orchestration.executor.query.spider_search_task.search_without_channel spawn_start=510327038 spawn_end=510327038 spawn_duration_ms=0
[2026-02-03 01:11:26.158] [info] [spider.worker] [TIMING] task_id=0b682b98-e4af-4d2b-b5b2-16e72166db57 func=job_orchestration.executor.query.spider_search_task.search_without_channel execution_start=510327038 execution_end=510328366 execution_duration_ms=1327
[2026-02-03 01:11:26.160] [info] [spider.worker] [TIMING] task_id=0b682b98-e4af-4d2b-b5b2-16e72166db57 func=job_orchestration.executor.query.spider_search_task.search_without_channel storage_connect_start=510328366 storage_connect_end=510328369 storage_connect_duration_ms=2 phase=handle_result
[2026-02-03 01:11:26.172] [info] [spider.worker] [TIMING] task_id=0b682b98-e4af-4d2b-b5b2-16e72166db57 func=job_orchestration.executor.query.spider_search_task.search_without_channel submit_output_start=510328369 submit_output_end=510328381 submit_output_duration_ms=12
[2026-02-03 01:11:26.189] [info] [spider.worker] [TIMING] worker_id=c1aff04b-e790-4eee-b4cc-89639a9a11ab task_id=7ebb476e-53ae-4970-aa6c-b8287dc4f132 get_next_task request_start=510328383 connect_end=510328385 send_end=510328385 receive_end=510328385 connect_duration_ms=1 send_duration_ms=0 receive_duration_ms=0 total_duration_ms=1
[2026-02-03 01:11:26.191] [info] [spider.worker] [TIMING] task_id=7ebb476e-53ae-4970-aa6c-b8287dc4f132 storage_connect_start=510328398 storage_connect_end=510328399 storage_connect_duration_ms=1 phase=pre_execution
[2026-02-03 01:11:26.192] [info] [spider.worker] [TIMING] task_id=7ebb476e-53ae-4970-aa6c-b8287dc4f132 func=job_orchestration.executor.query.spider_search_task.search_without_channel fetch_input_start=510328399 fetch_input_end=510328401 fetch_input_duration_ms=1
[2026-02-03 01:11:26.193] [info] [spider.worker] [TIMING] task_id=7ebb476e-53ae-4970-aa6c-b8287dc4f132 func=job_orchestration.executor.query.spider_search_task.search_without_channel input_send_start=510328401 input_send_end=510328401 input_send_duration_ms=0 bytes=612
[2026-02-03 01:11:26.193] [info] [spider.worker] [TIMING] task_id=7ebb476e-53ae-4970-aa6c-b8287dc4f132 func=job_orchestration.executor.query.spider_search_task.search_without_channel spawn_start=510328401 spawn_end=510328401 spawn_duration_ms=0
[2026-02-03 01:11:27.447] [info] [spider.worker] [TIMING] task_id=7ebb476e-53ae-4970-aa6c-b8287dc4f132 func=job_orchestration.executor.query.spider_search_task.search_without_channel execution_start=510328401 execution_end=510329655 execution_duration_ms=1253
[2026-02-03 01:11:27.448] [info] [spider.worker] [TIMING] task_id=7ebb476e-53ae-4970-aa6c-b8287dc4f132 func=job_orchestration.executor.query.spider_search_task.search_without_channel storage_connect_start=510329655 storage_connect_end=510329657 storage_connect_duration_ms=1 phase=handle_result
[2026-02-03 01:11:27.456] [info] [spider.worker] [TIMING] task_id=7ebb476e-53ae-4970-aa6c-b8287dc4f132 func=job_orchestration.executor.query.spider_search_task.search_without_channel submit_output_start=510329657 submit_output_end=510329664 submit_output_duration_ms=7
[2026-02-03 01:11:27.523] [info] [spider.worker] [TIMING] worker_id=c1aff04b-e790-4eee-b4cc-89639a9a11ab task_id=248a9ef8-3a94-48ed-aa95-6bcd09b84c2b get_next_task request_start=510329677 connect_end=510329679 send_end=510329679 receive_end=510329679 connect_duration_ms=1 send_duration_ms=0 receive_duration_ms=0 total_duration_ms=2
[2026-02-03 01:11:27.525] [info] [spider.worker] [TIMING] task_id=248a9ef8-3a94-48ed-aa95-6bcd09b84c2b storage_connect_start=510329731 storage_connect_end=510329733 storage_connect_duration_ms=1 phase=pre_execution
[2026-02-03 01:11:27.526] [info] [spider.worker] [TIMING] task_id=248a9ef8-3a94-48ed-aa95-6bcd09b84c2b func=job_orchestration.executor.query.spider_search_task.search_without_channel fetch_input_start=510329733 fetch_input_end=510329734 fetch_input_duration_ms=0
[2026-02-03 01:11:27.526] [info] [spider.worker] [TIMING] task_id=248a9ef8-3a94-48ed-aa95-6bcd09b84c2b func=job_orchestration.executor.query.spider_search_task.search_without_channel input_send_start=510329735 input_send_end=510329735 input_send_duration_ms=0 bytes=612
[2026-02-03 01:11:27.526] [info] [spider.worker] [TIMING] task_id=248a9ef8-3a94-48ed-aa95-6bcd09b84c2b func=job_orchestration.executor.query.spider_search_task.search_without_channel spawn_start=510329734 spawn_end=510329735 spawn_duration_ms=0
[2026-02-03 01:11:28.773] [info] [spider.worker] [TIMING] task_id=248a9ef8-3a94-48ed-aa95-6bcd09b84c2b func=job_orchestration.executor.query.spider_search_task.search_without_channel execution_start=510329735 execution_end=510330982 execution_duration_ms=1246
[2026-02-03 01:11:28.777] [info] [spider.worker] [TIMING] task_id=248a9ef8-3a94-48ed-aa95-6bcd09b84c2b func=job_orchestration.executor.query.spider_search_task.search_without_channel storage_connect_start=510330982 storage_connect_end=510330986 storage_connect_duration_ms=4 phase=handle_result
[2026-02-03 01:11:28.798] [info] [spider.worker] [TIMING] task_id=248a9ef8-3a94-48ed-aa95-6bcd09b84c2b func=job_orchestration.executor.query.spider_search_task.search_without_channel submit_output_start=510330986 submit_output_end=510331006 submit_output_duration_ms=20
[2026-02-03 01:11:28.815] [info] [spider.worker] [TIMING] worker_id=c1aff04b-e790-4eee-b4cc-89639a9a11ab task_id=2152f0c7-465f-4589-bca4-cacd521eecf0 get_next_task request_start=510331008 connect_end=510331010 send_end=510331010 receive_end=510331010 connect_duration_ms=1 send_duration_ms=0 receive_duration_ms=0 total_duration_ms=1
[2026-02-03 01:11:28.817] [info] [spider.worker] [TIMING] task_id=2152f0c7-465f-4589-bca4-cacd521eecf0 storage_connect_start=510331023 storage_connect_end=510331025 storage_connect_duration_ms=1 phase=pre_execution
[2026-02-03 01:11:28.818] [info] [spider.worker] [TIMING] task_id=2152f0c7-465f-4589-bca4-cacd521eecf0 func=job_orchestration.executor.query.spider_search_task.search_without_channel fetch_input_start=510331025 fetch_input_end=510331026 fetch_input_duration_ms=0
[2026-02-03 01:11:28.818] [info] [spider.worker] [TIMING] task_id=2152f0c7-465f-4589-bca4-cacd521eecf0 func=job_orchestration.executor.query.spider_search_task.search_without_channel input_send_start=510331027 input_send_end=510331027 input_send_duration_ms=0 bytes=612
[2026-02-03 01:11:28.818] [info] [spider.worker] [TIMING] task_id=2152f0c7-465f-4589-bca4-cacd521eecf0 func=job_orchestration.executor.query.spider_search_task.search_without_channel spawn_start=510331026 spawn_end=510331027 spawn_duration_ms=0
[2026-02-03 01:11:30.190] [info] [spider.worker] [TIMING] task_id=2152f0c7-465f-4589-bca4-cacd521eecf0 func=job_orchestration.executor.query.spider_search_task.search_without_channel execution_start=510331027 execution_end=510332398 execution_duration_ms=1371
[2026-02-03 01:11:30.192] [info] [spider.worker] [TIMING] task_id=2152f0c7-465f-4589-bca4-cacd521eecf0 func=job_orchestration.executor.query.spider_search_task.search_without_channel storage_connect_start=510332398 storage_connect_end=510332400 storage_connect_duration_ms=1 phase=handle_result
[2026-02-03 01:11:30.206] [info] [spider.worker] [TIMING] task_id=2152f0c7-465f-4589-bca4-cacd521eecf0 func=job_orchestration.executor.query.spider_search_task.search_without_channel submit_output_start=510332400 submit_output_end=510332415 submit_output_duration_ms=14
[2026-02-03 01:11:30.272] [info] [spider.worker] [TIMING] worker_id=c1aff04b-e790-4eee-b4cc-89639a9a11ab task_id=41eba666-6071-4a8c-8faa-83a254a6e5c2 get_next_task request_start=510332417 connect_end=510332419 send_end=510332419 receive_end=510332419 connect_duration_ms=1 send_duration_ms=0 receive_duration_ms=0 total_duration_ms=1
[2026-02-03 01:11:30.274] [info] [spider.worker] [TIMING] task_id=41eba666-6071-4a8c-8faa-83a254a6e5c2 storage_connect_start=510332480 storage_connect_end=510332482 storage_connect_duration_ms=1 phase=pre_execution
[2026-02-03 01:11:30.275] [info] [spider.worker] [TIMING] task_id=41eba666-6071-4a8c-8faa-83a254a6e5c2 func=job_orchestration.executor.query.spider_search_task.search_without_channel fetch_input_start=510332482 fetch_input_end=510332483 fetch_input_duration_ms=0
[2026-02-03 01:11:30.275] [info] [spider.worker] [TIMING] task_id=41eba666-6071-4a8c-8faa-83a254a6e5c2 func=job_orchestration.executor.query.spider_search_task.search_without_channel input_send_start=510332484 input_send_end=510332484 input_send_duration_ms=0 bytes=612
[2026-02-03 01:11:30.275] [info] [spider.worker] [TIMING] task_id=41eba666-6071-4a8c-8faa-83a254a6e5c2 func=job_orchestration.executor.query.spider_search_task.search_without_channel spawn_start=510332483 spawn_end=510332484 spawn_duration_ms=0
[2026-02-03 01:11:31.614] [info] [spider.worker] [TIMING] task_id=41eba666-6071-4a8c-8faa-83a254a6e5c2 func=job_orchestration.executor.query.spider_search_task.search_without_channel execution_start=510332484 execution_end=510333823 execution_duration_ms=1339
[2026-02-03 01:11:31.616] [info] [spider.worker] [TIMING] task_id=41eba666-6071-4a8c-8faa-83a254a6e5c2 func=job_orchestration.executor.query.spider_search_task.search_without_channel storage_connect_start=510333823 storage_connect_end=510333825 storage_connect_duration_ms=1 phase=handle_result
[2026-02-03 01:11:31.624] [info] [spider.worker] [TIMING] task_id=41eba666-6071-4a8c-8faa-83a254a6e5c2 func=job_orchestration.executor.query.spider_search_task.search_without_channel submit_output_start=510333825 submit_output_end=510333832 submit_output_duration_ms=7
[2026-02-03 01:11:31.640] [info] [spider.worker] [TIMING] worker_id=c1aff04b-e790-4eee-b4cc-89639a9a11ab task_id=dd4d078a-81bb-4e70-bdc4-b90e57c3502c get_next_task request_start=510333835 connect_end=510333836 send_end=510333836 receive_end=510333836 connect_duration_ms=1 send_duration_ms=0 receive_duration_ms=0 total_duration_ms=1
[2026-02-03 01:11:31.642] [info] [spider.worker] [TIMING] task_id=dd4d078a-81bb-4e70-bdc4-b90e57c3502c storage_connect_start=510333849 storage_connect_end=510333851 storage_connect_duration_ms=1 phase=pre_execution
[2026-02-03 01:11:31.643] [info] [spider.worker] [TIMING] task_id=dd4d078a-81bb-4e70-bdc4-b90e57c3502c func=job_orchestration.executor.query.spider_search_task.search_without_channel fetch_input_start=510333851 fetch_input_end=510333852 fetch_input_duration_ms=1
[2026-02-03 01:11:31.644] [info] [spider.worker] [TIMING] task_id=dd4d078a-81bb-4e70-bdc4-b90e57c3502c func=job_orchestration.executor.query.spider_search_task.search_without_channel input_send_start=510333852 input_send_end=510333852 input_send_duration_ms=0 bytes=612
[2026-02-03 01:11:31.644] [info] [spider.worker] [TIMING] task_id=dd4d078a-81bb-4e70-bdc4-b90e57c3502c func=job_orchestration.executor.query.spider_search_task.search_without_channel spawn_start=510333852 spawn_end=510333852 spawn_duration_ms=0
[2026-02-03 01:11:32.952] [info] [spider.worker] [TIMING] task_id=dd4d078a-81bb-4e70-bdc4-b90e57c3502c func=job_orchestration.executor.query.spider_search_task.search_without_channel execution_start=510333853 execution_end=510335161 execution_duration_ms=1307
[2026-02-03 01:11:32.954] [info] [spider.worker] [TIMING] task_id=dd4d078a-81bb-4e70-bdc4-b90e57c3502c func=job_orchestration.executor.query.spider_search_task.search_without_channel storage_connect_start=510335161 storage_connect_end=510335162 storage_connect_duration_ms=1 phase=handle_result
[2026-02-03 01:11:33.012] [info] [spider.worker] [TIMING] task_id=dd4d078a-81bb-4e70-bdc4-b90e57c3502c func=job_orchestration.executor.query.spider_search_task.search_without_channel submit_output_start=510335162 submit_output_end=510335220 submit_output_duration_ms=57
[2026-02-03 01:11:33.049] [info] [spider.worker] [TIMING] worker_id=c1aff04b-e790-4eee-b4cc-89639a9a11ab task_id=b03675ab-7054-4f9e-a501-0df7eee56d24 get_next_task request_start=510335230 connect_end=510335232 send_end=510335232 receive_end=510335232 connect_duration_ms=1 send_duration_ms=0 receive_duration_ms=0 total_duration_ms=1
[2026-02-03 01:11:33.051] [info] [spider.worker] [TIMING] task_id=b03675ab-7054-4f9e-a501-0df7eee56d24 storage_connect_start=510335258 storage_connect_end=510335260 storage_connect_duration_ms=1 phase=pre_execution
[2026-02-03 01:11:33.052] [info] [spider.worker] [TIMING] task_id=b03675ab-7054-4f9e-a501-0df7eee56d24 func=job_orchestration.executor.query.spider_search_task.search_without_channel fetch_input_start=510335260 fetch_input_end=510335261 fetch_input_duration_ms=0
[2026-02-03 01:11:33.053] [info] [spider.worker] [TIMING] task_id=b03675ab-7054-4f9e-a501-0df7eee56d24 func=job_orchestration.executor.query.spider_search_task.search_without_channel input_send_start=510335261 input_send_end=510335261 input_send_duration_ms=0 bytes=612
[2026-02-03 01:11:33.053] [info] [spider.worker] [TIMING] task_id=b03675ab-7054-4f9e-a501-0df7eee56d24 func=job_orchestration.executor.query.spider_search_task.search_without_channel spawn_start=510335261 spawn_end=510335261 spawn_duration_ms=0
[2026-02-03 01:11:34.214] [info] [spider.worker] [TIMING] task_id=b03675ab-7054-4f9e-a501-0df7eee56d24 func=job_orchestration.executor.query.spider_search_task.search_without_channel execution_start=510335261 execution_end=510336422 execution_duration_ms=1160
[2026-02-03 01:11:34.215] [info] [spider.worker] [TIMING] task_id=b03675ab-7054-4f9e-a501-0df7eee56d24 func=job_orchestration.executor.query.spider_search_task.search_without_channel storage_connect_start=510336422 storage_connect_end=510336423 storage_connect_duration_ms=1 phase=handle_result
[2026-02-03 01:11:34.232] [info] [spider.worker] [TIMING] task_id=b03675ab-7054-4f9e-a501-0df7eee56d24 func=job_orchestration.executor.query.spider_search_task.search_without_channel submit_output_start=510336423 submit_output_end=510336441 submit_output_duration_ms=17
[2026-02-03 01:11:34.249] [info] [spider.worker] [TIMING] worker_id=c1aff04b-e790-4eee-b4cc-89639a9a11ab task_id=c578757f-b2df-4718-9c8c-d1f2febc9c8b get_next_task request_start=510336443 connect_end=510336445 send_end=510336445 receive_end=510336445 connect_duration_ms=1 send_duration_ms=0 receive_duration_ms=0 total_duration_ms=1
[2026-02-03 01:11:34.251] [info] [spider.worker] [TIMING] task_id=c578757f-b2df-4718-9c8c-d1f2febc9c8b storage_connect_start=510336458 storage_connect_end=510336459 storage_connect_duration_ms=1 phase=pre_execution
[2026-02-03 01:11:34.252] [info] [spider.worker] [TIMING] task_id=c578757f-b2df-4718-9c8c-d1f2febc9c8b func=job_orchestration.executor.query.spider_search_task.search_without_channel fetch_input_start=510336459 fetch_input_end=510336460 fetch_input_duration_ms=0
[2026-02-03 01:11:34.252] [info] [spider.worker] [TIMING] task_id=c578757f-b2df-4718-9c8c-d1f2febc9c8b func=job_orchestration.executor.query.spider_search_task.search_without_channel input_send_start=510336461 input_send_end=510336461 input_send_duration_ms=0 bytes=612
[2026-02-03 01:11:34.252] [info] [spider.worker] [TIMING] task_id=c578757f-b2df-4718-9c8c-d1f2febc9c8b func=job_orchestration.executor.query.spider_search_task.search_without_channel spawn_start=510336460 spawn_end=510336461 spawn_duration_ms=0
[2026-02-03 01:11:35.636] [info] [spider.worker] [TIMING] task_id=c578757f-b2df-4718-9c8c-d1f2febc9c8b func=job_orchestration.executor.query.spider_search_task.search_without_channel execution_start=510336461 execution_end=510337844 execution_duration_ms=1383
[2026-02-03 01:11:35.638] [info] [spider.worker] [TIMING] task_id=c578757f-b2df-4718-9c8c-d1f2febc9c8b func=job_orchestration.executor.query.spider_search_task.search_without_channel storage_connect_start=510337844 storage_connect_end=510337846 storage_connect_duration_ms=1 phase=handle_result
[2026-02-03 01:11:35.649] [info] [spider.worker] [TIMING] task_id=c578757f-b2df-4718-9c8c-d1f2febc9c8b func=job_orchestration.executor.query.spider_search_task.search_without_channel submit_output_start=510337846 submit_output_end=510337858 submit_output_duration_ms=11
[2026-02-03 01:11:35.666] [info] [spider.worker] [TIMING] worker_id=c1aff04b-e790-4eee-b4cc-89639a9a11ab task_id=1c50a6d2-85b7-4823-b02b-ff5f65c4194f get_next_task request_start=510337860 connect_end=510337861 send_end=510337861 receive_end=510337861 connect_duration_ms=1 send_duration_ms=0 receive_duration_ms=0 total_duration_ms=1
[2026-02-03 01:11:35.668] [info] [spider.worker] [TIMING] task_id=1c50a6d2-85b7-4823-b02b-ff5f65c4194f storage_connect_start=510337875 storage_connect_end=510337877 storage_connect_duration_ms=1 phase=pre_execution
[2026-02-03 01:11:35.669] [info] [spider.worker] [TIMING] task_id=1c50a6d2-85b7-4823-b02b-ff5f65c4194f func=job_orchestration.executor.query.spider_search_task.search_without_channel fetch_input_start=510337877 fetch_input_end=510337877 fetch_input_duration_ms=0
[2026-02-03 01:11:35.669] [info] [spider.worker] [TIMING] task_id=1c50a6d2-85b7-4823-b02b-ff5f65c4194f func=job_orchestration.executor.query.spider_search_task.search_without_channel input_send_start=510337878 input_send_end=510337878 input_send_duration_ms=0 bytes=612
[2026-02-03 01:11:35.669] [info] [spider.worker] [TIMING] task_id=1c50a6d2-85b7-4823-b02b-ff5f65c4194f func=job_orchestration.executor.query.spider_search_task.search_without_channel spawn_start=510337877 spawn_end=510337878 spawn_duration_ms=0
[2026-02-03 01:11:36.874] [info] [spider.worker] [TIMING] task_id=1c50a6d2-85b7-4823-b02b-ff5f65c4194f func=job_orchestration.executor.query.spider_search_task.search_without_channel execution_start=510337878 execution_end=510339082 execution_duration_ms=1204
[2026-02-03 01:11:36.876] [info] [spider.worker] [TIMING] task_id=1c50a6d2-85b7-4823-b02b-ff5f65c4194f func=job_orchestration.executor.query.spider_search_task.search_without_channel storage_connect_start=510339082 storage_connect_end=510339084 storage_connect_duration_ms=1 phase=handle_result
[2026-02-03 01:11:36.899] [info] [spider.worker] [TIMING] task_id=1c50a6d2-85b7-4823-b02b-ff5f65c4194f func=job_orchestration.executor.query.spider_search_task.search_without_channel submit_output_start=510339084 submit_output_end=510339108 submit_output_duration_ms=23
[2026-02-03 01:11:36.916] [info] [spider.worker] [TIMING] worker_id=c1aff04b-e790-4eee-b4cc-89639a9a11ab task_id=08b6eb27-e575-4b26-bd0e-a16392d3ae11 get_next_task request_start=510339110 connect_end=510339111 send_end=510339111 receive_end=510339112 connect_duration_ms=1 send_duration_ms=0 receive_duration_ms=0 total_duration_ms=1
[2026-02-03 01:11:36.918] [info] [spider.worker] [TIMING] task_id=08b6eb27-e575-4b26-bd0e-a16392d3ae11 storage_connect_start=510339125 storage_connect_end=510339126 storage_connect_duration_ms=1 phase=pre_execution
[2026-02-03 01:11:36.919] [info] [spider.worker] [TIMING] task_id=08b6eb27-e575-4b26-bd0e-a16392d3ae11 func=job_orchestration.executor.query.spider_search_task.search_without_channel fetch_input_start=510339126 fetch_input_end=510339127 fetch_input_duration_ms=0
[2026-02-03 01:11:36.920] [info] [spider.worker] [TIMING] task_id=08b6eb27-e575-4b26-bd0e-a16392d3ae11 func=job_orchestration.executor.query.spider_search_task.search_without_channel input_send_start=510339128 input_send_end=510339128 input_send_duration_ms=0 bytes=612
[2026-02-03 01:11:36.920] [info] [spider.worker] [TIMING] task_id=08b6eb27-e575-4b26-bd0e-a16392d3ae11 func=job_orchestration.executor.query.spider_search_task.search_without_channel spawn_start=510339127 spawn_end=510339128 spawn_duration_ms=0
[2026-02-03 01:11:38.140] [info] [spider.worker] [TIMING] task_id=08b6eb27-e575-4b26-bd0e-a16392d3ae11 func=job_orchestration.executor.query.spider_search_task.search_without_channel execution_start=510339128 execution_end=510340349 execution_duration_ms=1220
[2026-02-03 01:11:38.142] [info] [spider.worker] [TIMING] task_id=08b6eb27-e575-4b26-bd0e-a16392d3ae11 func=job_orchestration.executor.query.spider_search_task.search_without_channel storage_connect_start=510340349 storage_connect_end=510340351 storage_connect_duration_ms=1 phase=handle_result
[2026-02-03 01:11:38.158] [info] [spider.worker] [TIMING] task_id=08b6eb27-e575-4b26-bd0e-a16392d3ae11 func=job_orchestration.executor.query.spider_search_task.search_without_channel submit_output_start=510340351 submit_output_end=510340366 submit_output_duration_ms=15
[2026-02-03 01:11:38.175] [info] [spider.worker] [TIMING] worker_id=c1aff04b-e790-4eee-b4cc-89639a9a11ab task_id=dd577638-2e43-4d61-806c-9fa320e80f69 get_next_task request_start=510340369 connect_end=510340370 send_end=510340370 receive_end=510340370 connect_duration_ms=1 send_duration_ms=0 receive_duration_ms=0 total_duration_ms=1
[2026-02-03 01:11:38.177] [info] [spider.worker] [TIMING] task_id=dd577638-2e43-4d61-806c-9fa320e80f69 storage_connect_start=510340383 storage_connect_end=510340385 storage_connect_duration_ms=1 phase=pre_execution
[2026-02-03 01:11:38.178] [info] [spider.worker] [TIMING] task_id=dd577638-2e43-4d61-806c-9fa320e80f69 func=job_orchestration.executor.query.spider_search_task.search_without_channel fetch_input_start=510340385 fetch_input_end=510340386 fetch_input_duration_ms=0
[2026-02-03 01:11:38.178] [info] [spider.worker] [TIMING] task_id=dd577638-2e43-4d61-806c-9fa320e80f69 func=job_orchestration.executor.query.spider_search_task.search_without_channel input_send_start=510340386 input_send_end=510340386 input_send_duration_ms=0 bytes=612
[2026-02-03 01:11:38.178] [info] [spider.worker] [TIMING] task_id=dd577638-2e43-4d61-806c-9fa320e80f69 func=job_orchestration.executor.query.spider_search_task.search_without_channel spawn_start=510340386 spawn_end=510340386 spawn_duration_ms=0
[2026-02-03 01:11:39.601] [info] [spider.worker] [TIMING] task_id=dd577638-2e43-4d61-806c-9fa320e80f69 func=job_orchestration.executor.query.spider_search_task.search_without_channel execution_start=510340387 execution_end=510341809 execution_duration_ms=1422
[2026-02-03 01:11:39.602] [info] [spider.worker] [TIMING] task_id=dd577638-2e43-4d61-806c-9fa320e80f69 func=job_orchestration.executor.query.spider_search_task.search_without_channel storage_connect_start=510341809 storage_connect_end=510341811 storage_connect_duration_ms=1 phase=handle_result
[2026-02-03 01:11:39.617] [info] [spider.worker] [TIMING] task_id=dd577638-2e43-4d61-806c-9fa320e80f69 func=job_orchestration.executor.query.spider_search_task.search_without_channel submit_output_start=510341811 submit_output_end=510341825 submit_output_duration_ms=14
[2026-02-03 01:11:39.633] [info] [spider.worker] [TIMING] worker_id=c1aff04b-e790-4eee-b4cc-89639a9a11ab task_id=530c4a69-2dfa-4247-8b6c-965ba8d931f0 get_next_task request_start=510341827 connect_end=510341829 send_end=510341829 receive_end=510341829 connect_duration_ms=1 send_duration_ms=0 receive_duration_ms=0 total_duration_ms=1
[2026-02-03 01:11:39.635] [info] [spider.worker] [TIMING] task_id=530c4a69-2dfa-4247-8b6c-965ba8d931f0 storage_connect_start=510341842 storage_connect_end=510341844 storage_connect_duration_ms=1 phase=pre_execution
[2026-02-03 01:11:39.637] [info] [spider.worker] [TIMING] task_id=530c4a69-2dfa-4247-8b6c-965ba8d931f0 func=job_orchestration.executor.query.spider_search_task.search_without_channel fetch_input_start=510341844 fetch_input_end=510341845 fetch_input_duration_ms=1
[2026-02-03 01:11:39.637] [info] [spider.worker] [TIMING] task_id=530c4a69-2dfa-4247-8b6c-965ba8d931f0 func=job_orchestration.executor.query.spider_search_task.search_without_channel input_send_start=510341846 input_send_end=510341846 input_send_duration_ms=0 bytes=612
[2026-02-03 01:11:39.637] [info] [spider.worker] [TIMING] task_id=530c4a69-2dfa-4247-8b6c-965ba8d931f0 func=job_orchestration.executor.query.spider_search_task.search_without_channel spawn_start=510341845 spawn_end=510341846 spawn_duration_ms=0
[2026-02-03 01:11:40.891] [info] [spider.worker] [TIMING] task_id=530c4a69-2dfa-4247-8b6c-965ba8d931f0 func=job_orchestration.executor.query.spider_search_task.search_without_channel execution_start=510341846 execution_end=510343099 execution_duration_ms=1253
[2026-02-03 01:11:40.892] [info] [spider.worker] [TIMING] task_id=530c4a69-2dfa-4247-8b6c-965ba8d931f0 func=job_orchestration.executor.query.spider_search_task.search_without_channel storage_connect_start=510343099 storage_connect_end=510343101 storage_connect_duration_ms=1 phase=handle_result
[2026-02-03 01:11:40.950] [info] [spider.worker] [TIMING] task_id=530c4a69-2dfa-4247-8b6c-965ba8d931f0 func=job_orchestration.executor.query.spider_search_task.search_without_channel submit_output_start=510343101 submit_output_end=510343159 submit_output_duration_ms=57
[2026-02-03 01:11:40.992] [info] [spider.worker] [TIMING] worker_id=c1aff04b-e790-4eee-b4cc-89639a9a11ab task_id=9ba8c12b-5c39-4d33-b552-ccf173c89539 get_next_task request_start=510343161 connect_end=510343162 send_end=510343162 receive_end=510343163 connect_duration_ms=1 send_duration_ms=0 receive_duration_ms=0 total_duration_ms=1
[2026-02-03 01:11:40.993] [info] [spider.worker] [TIMING] task_id=9ba8c12b-5c39-4d33-b552-ccf173c89539 storage_connect_start=510343200 storage_connect_end=510343202 storage_connect_duration_ms=1 phase=pre_execution
[2026-02-03 01:11:40.995] [info] [spider.worker] [TIMING] task_id=9ba8c12b-5c39-4d33-b552-ccf173c89539 func=job_orchestration.executor.query.spider_search_task.search_without_channel fetch_input_start=510343202 fetch_input_end=510343203 fetch_input_duration_ms=1
[2026-02-03 01:11:40.995] [info] [spider.worker] [TIMING] task_id=9ba8c12b-5c39-4d33-b552-ccf173c89539 func=job_orchestration.executor.query.spider_search_task.search_without_channel input_send_start=510343203 input_send_end=510343203 input_send_duration_ms=0 bytes=612
[2026-02-03 01:11:40.995] [info] [spider.worker] [TIMING] task_id=9ba8c12b-5c39-4d33-b552-ccf173c89539 func=job_orchestration.executor.query.spider_search_task.search_without_channel spawn_start=510343203 spawn_end=510343203 spawn_duration_ms=0
[2026-02-03 01:11:42.229] [info] [spider.worker] [TIMING] task_id=9ba8c12b-5c39-4d33-b552-ccf173c89539 func=job_orchestration.executor.query.spider_search_task.search_without_channel execution_start=510343204 execution_end=510344437 execution_duration_ms=1233
[2026-02-03 01:11:42.231] [info] [spider.worker] [TIMING] task_id=9ba8c12b-5c39-4d33-b552-ccf173c89539 func=job_orchestration.executor.query.spider_search_task.search_without_channel storage_connect_start=510344437 storage_connect_end=510344439 storage_connect_duration_ms=1 phase=handle_result
[2026-02-03 01:11:42.250] [info] [spider.worker] [TIMING] task_id=9ba8c12b-5c39-4d33-b552-ccf173c89539 func=job_orchestration.executor.query.spider_search_task.search_without_channel submit_output_start=510344439 submit_output_end=510344459 submit_output_duration_ms=19
[2026-02-03 01:11:42.292] [info] [spider.worker] [TIMING] worker_id=c1aff04b-e790-4eee-b4cc-89639a9a11ab task_id=7570ef7b-d206-4f4a-8ffa-e0bcb66dc380 get_next_task request_start=510344461 connect_end=510344462 send_end=510344462 receive_end=510344462 connect_duration_ms=1 send_duration_ms=0 receive_duration_ms=0 total_duration_ms=1
[2026-02-03 01:11:42.293] [info] [spider.worker] [TIMING] task_id=7570ef7b-d206-4f4a-8ffa-e0bcb66dc380 storage_connect_start=510344501 storage_connect_end=510344502 storage_connect_duration_ms=1 phase=pre_execution
[2026-02-03 01:11:42.294] [info] [spider.worker] [TIMING] task_id=7570ef7b-d206-4f4a-8ffa-e0bcb66dc380 func=job_orchestration.executor.query.spider_search_task.search_without_channel fetch_input_start=510344502 fetch_input_end=510344503 fetch_input_duration_ms=0
[2026-02-03 01:11:42.295] [info] [spider.worker] [TIMING] task_id=7570ef7b-d206-4f4a-8ffa-e0bcb66dc380 func=job_orchestration.executor.query.spider_search_task.search_without_channel input_send_start=510344503 input_send_end=510344503 input_send_duration_ms=0 bytes=612
[2026-02-03 01:11:42.295] [info] [spider.worker] [TIMING] task_id=7570ef7b-d206-4f4a-8ffa-e0bcb66dc380 func=job_orchestration.executor.query.spider_search_task.search_without_channel spawn_start=510344503 spawn_end=510344503 spawn_duration_ms=0
[2026-02-03 01:11:43.671] [info] [spider.worker] [TIMING] task_id=7570ef7b-d206-4f4a-8ffa-e0bcb66dc380 func=job_orchestration.executor.query.spider_search_task.search_without_channel execution_start=510344503 execution_end=510345879 execution_duration_ms=1375
[2026-02-03 01:11:43.672] [info] [spider.worker] [TIMING] task_id=7570ef7b-d206-4f4a-8ffa-e0bcb66dc380 func=job_orchestration.executor.query.spider_search_task.search_without_channel storage_connect_start=510345879 storage_connect_end=510345881 storage_connect_duration_ms=1 phase=handle_result
[2026-02-03 01:11:43.684] [info] [spider.worker] [TIMING] task_id=7570ef7b-d206-4f4a-8ffa-e0bcb66dc380 func=job_orchestration.executor.query.spider_search_task.search_without_channel submit_output_start=510345881 submit_output_end=510345892 submit_output_duration_ms=11
[2026-02-03 01:11:43.701] [info] [spider.worker] [TIMING] worker_id=c1aff04b-e790-4eee-b4cc-89639a9a11ab task_id=53ec43d4-ca30-4f1e-ac78-3da993aff5a6 get_next_task request_start=510345895 connect_end=510345896 send_end=510345896 receive_end=510345896 connect_duration_ms=1 send_duration_ms=0 receive_duration_ms=0 total_duration_ms=1
[2026-02-03 01:11:43.702] [info] [spider.worker] [TIMING] task_id=53ec43d4-ca30-4f1e-ac78-3da993aff5a6 storage_connect_start=510345909 storage_connect_end=510345910 storage_connect_duration_ms=1 phase=pre_execution
[2026-02-03 01:11:43.703] [info] [spider.worker] [TIMING] task_id=53ec43d4-ca30-4f1e-ac78-3da993aff5a6 func=job_orchestration.executor.query.spider_search_task.search_without_channel fetch_input_start=510345910 fetch_input_end=510345911 fetch_input_duration_ms=1
[2026-02-03 01:11:43.703] [info] [spider.worker] [TIMING] task_id=53ec43d4-ca30-4f1e-ac78-3da993aff5a6 func=job_orchestration.executor.query.spider_search_task.search_without_channel input_send_start=510345912 input_send_end=510345912 input_send_duration_ms=0 bytes=612
[2026-02-03 01:11:43.704] [info] [spider.worker] [TIMING] task_id=53ec43d4-ca30-4f1e-ac78-3da993aff5a6 func=job_orchestration.executor.query.spider_search_task.search_without_channel spawn_start=510345911 spawn_end=510345912 spawn_duration_ms=0
[2026-02-03 01:11:45.075] [info] [spider.worker] [TIMING] task_id=53ec43d4-ca30-4f1e-ac78-3da993aff5a6 func=job_orchestration.executor.query.spider_search_task.search_without_channel execution_start=510345912 execution_end=510347283 execution_duration_ms=1371
[2026-02-03 01:11:45.077] [info] [spider.worker] [TIMING] task_id=53ec43d4-ca30-4f1e-ac78-3da993aff5a6 func=job_orchestration.executor.query.spider_search_task.search_without_channel storage_connect_start=510347284 storage_connect_end=510347285 storage_connect_duration_ms=1 phase=handle_result
[2026-02-03 01:11:45.092] [info] [spider.worker] [TIMING] task_id=53ec43d4-ca30-4f1e-ac78-3da993aff5a6 func=job_orchestration.executor.query.spider_search_task.search_without_channel submit_output_start=510347285 submit_output_end=510347301 submit_output_duration_ms=15
[2026-02-03 01:11:45.126] [info] [spider.worker] [TIMING] worker_id=c1aff04b-e790-4eee-b4cc-89639a9a11ab task_id=ddecee61-dec3-4f08-864b-808b1d2305f1 get_next_task request_start=510347303 connect_end=510347304 send_end=510347304 receive_end=510347305 connect_duration_ms=1 send_duration_ms=0 receive_duration_ms=0 total_duration_ms=1
[2026-02-03 01:11:45.128] [info] [spider.worker] [TIMING] task_id=ddecee61-dec3-4f08-864b-808b1d2305f1 storage_connect_start=510347334 storage_connect_end=510347336 storage_connect_duration_ms=1 phase=pre_execution
[2026-02-03 01:11:45.129] [info] [spider.worker] [TIMING] task_id=ddecee61-dec3-4f08-864b-808b1d2305f1 func=job_orchestration.executor.query.spider_search_task.search_without_channel fetch_input_start=510347336 fetch_input_end=510347337 fetch_input_duration_ms=1
[2026-02-03 01:11:45.130] [info] [spider.worker] [TIMING] task_id=ddecee61-dec3-4f08-864b-808b1d2305f1 func=job_orchestration.executor.query.spider_search_task.search_without_channel input_send_start=510347338 input_send_end=510347338 input_send_duration_ms=0 bytes=612
[2026-02-03 01:11:45.130] [info] [spider.worker] [TIMING] task_id=ddecee61-dec3-4f08-864b-808b1d2305f1 func=job_orchestration.executor.query.spider_search_task.search_without_channel spawn_start=510347337 spawn_end=510347338 spawn_duration_ms=0
[2026-02-03 01:11:46.540] [info] [spider.worker] [TIMING] task_id=ddecee61-dec3-4f08-864b-808b1d2305f1 func=job_orchestration.executor.query.spider_search_task.search_without_channel execution_start=510347338 execution_end=510348749 execution_duration_ms=1410
[2026-02-03 01:11:46.542] [info] [spider.worker] [TIMING] task_id=ddecee61-dec3-4f08-864b-808b1d2305f1 func=job_orchestration.executor.query.spider_search_task.search_without_channel storage_connect_start=510348749 storage_connect_end=510348751 storage_connect_duration_ms=1 phase=handle_result
[2026-02-03 01:11:46.551] [info] [spider.worker] [TIMING] task_id=ddecee61-dec3-4f08-864b-808b1d2305f1 func=job_orchestration.executor.query.spider_search_task.search_without_channel submit_output_start=510348751 submit_output_end=510348759 submit_output_duration_ms=8
[2026-02-03 01:11:46.590] [info] [spider.worker] [TIMING] worker_id=c1aff04b-e790-4eee-b4cc-89639a9a11ab task_id=af16355d-9945-4e31-a410-396f8183146f get_next_task request_start=510348762 connect_end=510348763 send_end=510348763 receive_end=510348763 connect_duration_ms=1 send_duration_ms=0 receive_duration_ms=0 total_duration_ms=1
[2026-02-03 01:11:46.592] [info] [spider.worker] [TIMING] task_id=af16355d-9945-4e31-a410-396f8183146f storage_connect_start=510348798 storage_connect_end=510348800 storage_connect_duration_ms=1 phase=pre_execution
[2026-02-03 01:11:46.593] [info] [spider.worker] [TIMING] task_id=af16355d-9945-4e31-a410-396f8183146f func=job_orchestration.executor.query.spider_search_task.search_without_channel fetch_input_start=510348800 fetch_input_end=510348801 fetch_input_duration_ms=1
[2026-02-03 01:11:46.594] [info] [spider.worker] [TIMING] task_id=af16355d-9945-4e31-a410-396f8183146f func=job_orchestration.executor.query.spider_search_task.search_without_channel input_send_start=510348802 input_send_end=510348802 input_send_duration_ms=0 bytes=612
[2026-02-03 01:11:46.594] [info] [spider.worker] [TIMING] task_id=af16355d-9945-4e31-a410-396f8183146f func=job_orchestration.executor.query.spider_search_task.search_without_channel spawn_start=510348801 spawn_end=510348802 spawn_duration_ms=0
[2026-02-03 01:11:47.932] [info] [spider.worker] [TIMING] task_id=af16355d-9945-4e31-a410-396f8183146f func=job_orchestration.executor.query.spider_search_task.search_without_channel execution_start=510348802 execution_end=510350140 execution_duration_ms=1338
[2026-02-03 01:11:47.934] [info] [spider.worker] [TIMING] task_id=af16355d-9945-4e31-a410-396f8183146f func=job_orchestration.executor.query.spider_search_task.search_without_channel storage_connect_start=510350141 storage_connect_end=510350143 storage_connect_duration_ms=2 phase=handle_result
[2026-02-03 01:11:47.943] [info] [spider.worker] [TIMING] task_id=af16355d-9945-4e31-a410-396f8183146f func=job_orchestration.executor.query.spider_search_task.search_without_channel submit_output_start=510350143 submit_output_end=510350151 submit_output_duration_ms=8
[2026-02-03 01:11:47.960] [info] [spider.worker] [TIMING] worker_id=c1aff04b-e790-4eee-b4cc-89639a9a11ab task_id=d1dde715-fb83-4164-8e5b-d5df280038e9 get_next_task request_start=510350154 connect_end=510350155 send_end=510350155 receive_end=510350155 connect_duration_ms=1 send_duration_ms=0 receive_duration_ms=0 total_duration_ms=1
[2026-02-03 01:11:47.962] [info] [spider.worker] [TIMING] task_id=d1dde715-fb83-4164-8e5b-d5df280038e9 storage_connect_start=510350168 storage_connect_end=510350170 storage_connect_duration_ms=1 phase=pre_execution
[2026-02-03 01:11:47.962] [info] [spider.worker] [TIMING] task_id=d1dde715-fb83-4164-8e5b-d5df280038e9 func=job_orchestration.executor.query.spider_search_task.search_without_channel fetch_input_start=510350170 fetch_input_end=510350171 fetch_input_duration_ms=0
[2026-02-03 01:11:47.963] [info] [spider.worker] [TIMING] task_id=d1dde715-fb83-4164-8e5b-d5df280038e9 func=job_orchestration.executor.query.spider_search_task.search_without_channel input_send_start=510350171 input_send_end=510350171 input_send_duration_ms=0 bytes=612
[2026-02-03 01:11:47.966] [info] [spider.worker] [TIMING] task_id=d1dde715-fb83-4164-8e5b-d5df280038e9 func=job_orchestration.executor.query.spider_search_task.search_without_channel spawn_start=510350171 spawn_end=510350174 spawn_duration_ms=3
[2026-02-03 01:11:49.236] [info] [spider.worker] [TIMING] task_id=d1dde715-fb83-4164-8e5b-d5df280038e9 func=job_orchestration.executor.query.spider_search_task.search_without_channel execution_start=510350175 execution_end=510351444 execution_duration_ms=1269
[2026-02-03 01:11:49.238] [info] [spider.worker] [TIMING] task_id=d1dde715-fb83-4164-8e5b-d5df280038e9 func=job_orchestration.executor.query.spider_search_task.search_without_channel storage_connect_start=510351444 storage_connect_end=510351446 storage_connect_duration_ms=2 phase=handle_result
[2026-02-03 01:11:49.243] [info] [spider.worker] [TIMING] task_id=d1dde715-fb83-4164-8e5b-d5df280038e9 func=job_orchestration.executor.query.spider_search_task.search_without_channel submit_output_start=510351446 submit_output_end=510351452 submit_output_duration_ms=5
[2026-02-03 01:11:49.260] [info] [spider.worker] [TIMING] worker_id=c1aff04b-e790-4eee-b4cc-89639a9a11ab task_id=75f3c52d-b5a9-467d-b35c-ea484f78c9ed get_next_task request_start=510351455 connect_end=510351456 send_end=510351456 receive_end=510351456 connect_duration_ms=1 send_duration_ms=0 receive_duration_ms=0 total_duration_ms=1
[2026-02-03 01:11:49.262] [info] [spider.worker] [TIMING] task_id=75f3c52d-b5a9-467d-b35c-ea484f78c9ed storage_connect_start=510351469 storage_connect_end=510351471 storage_connect_duration_ms=2 phase=pre_execution
[2026-02-03 01:11:49.264] [info] [spider.worker] [TIMING] task_id=75f3c52d-b5a9-467d-b35c-ea484f78c9ed func=job_orchestration.executor.query.spider_search_task.search_without_channel fetch_input_start=510351471 fetch_input_end=510351472 fetch_input_duration_ms=1
[2026-02-03 01:11:49.264] [info] [spider.worker] [TIMING] task_id=75f3c52d-b5a9-467d-b35c-ea484f78c9ed func=job_orchestration.executor.query.spider_search_task.search_without_channel input_send_start=510351472 input_send_end=510351472 input_send_duration_ms=0 bytes=612
[2026-02-03 01:11:49.264] [info] [spider.worker] [TIMING] task_id=75f3c52d-b5a9-467d-b35c-ea484f78c9ed func=job_orchestration.executor.query.spider_search_task.search_without_channel spawn_start=510351472 spawn_end=510351472 spawn_duration_ms=0
[2026-02-03 01:11:50.567] [info] [spider.worker] [TIMING] task_id=75f3c52d-b5a9-467d-b35c-ea484f78c9ed func=job_orchestration.executor.query.spider_search_task.search_without_channel execution_start=510351473 execution_end=510352775 execution_duration_ms=1302
[2026-02-03 01:11:50.569] [info] [spider.worker] [TIMING] task_id=75f3c52d-b5a9-467d-b35c-ea484f78c9ed func=job_orchestration.executor.query.spider_search_task.search_without_channel storage_connect_start=510352775 storage_connect_end=510352777 storage_connect_duration_ms=1 phase=handle_result
[2026-02-03 01:11:50.585] [info] [spider.worker] [TIMING] task_id=75f3c52d-b5a9-467d-b35c-ea484f78c9ed func=job_orchestration.executor.query.spider_search_task.search_without_channel submit_output_start=510352777 submit_output_end=510352794 submit_output_duration_ms=16
[2026-02-03 01:11:50.610] [info] [spider.worker] [TIMING] worker_id=c1aff04b-e790-4eee-b4cc-89639a9a11ab task_id=45d59c1b-f1db-4dc2-9432-a504f1f04ebc get_next_task request_start=510352796 connect_end=510352797 send_end=510352797 receive_end=510352797 connect_duration_ms=1 send_duration_ms=0 receive_duration_ms=0 total_duration_ms=1
[2026-02-03 01:11:50.613] [info] [spider.worker] [TIMING] task_id=45d59c1b-f1db-4dc2-9432-a504f1f04ebc storage_connect_start=510352819 storage_connect_end=510352821 storage_connect_duration_ms=1 phase=pre_execution
[2026-02-03 01:11:50.614] [info] [spider.worker] [TIMING] task_id=45d59c1b-f1db-4dc2-9432-a504f1f04ebc func=job_orchestration.executor.query.spider_search_task.search_without_channel fetch_input_start=510352821 fetch_input_end=510352822 fetch_input_duration_ms=1
[2026-02-03 01:11:50.614] [info] [spider.worker] [TIMING] task_id=45d59c1b-f1db-4dc2-9432-a504f1f04ebc func=job_orchestration.executor.query.spider_search_task.search_without_channel input_send_start=510352823 input_send_end=510352823 input_send_duration_ms=0 bytes=612
[2026-02-03 01:11:50.614] [info] [spider.worker] [TIMING] task_id=45d59c1b-f1db-4dc2-9432-a504f1f04ebc func=job_orchestration.executor.query.spider_search_task.search_without_channel spawn_start=510352822 spawn_end=510352823 spawn_duration_ms=0
[2026-02-03 01:11:52.029] [info] [spider.worker] [TIMING] task_id=45d59c1b-f1db-4dc2-9432-a504f1f04ebc func=job_orchestration.executor.query.spider_search_task.search_without_channel execution_start=510352823 execution_end=510354238 execution_duration_ms=1414
[2026-02-03 01:11:52.031] [info] [spider.worker] [TIMING] task_id=45d59c1b-f1db-4dc2-9432-a504f1f04ebc func=job_orchestration.executor.query.spider_search_task.search_without_channel storage_connect_start=510354238 storage_connect_end=510354240 storage_connect_duration_ms=2 phase=handle_result
[2026-02-03 01:11:52.036] [info] [spider.worker] [TIMING] task_id=45d59c1b-f1db-4dc2-9432-a504f1f04ebc func=job_orchestration.executor.query.spider_search_task.search_without_channel submit_output_start=510354240 submit_output_end=510354244 submit_output_duration_ms=4
[2026-02-03 01:11:52.052] [info] [spider.worker] [TIMING] worker_id=c1aff04b-e790-4eee-b4cc-89639a9a11ab task_id=4e998307-8086-4464-8f39-7a09e3f11286 get_next_task request_start=510354246 connect_end=510354247 send_end=510354247 receive_end=510354247 connect_duration_ms=1 send_duration_ms=0 receive_duration_ms=0 total_duration_ms=1
[2026-02-03 01:11:52.054] [info] [spider.worker] [TIMING] task_id=4e998307-8086-4464-8f39-7a09e3f11286 storage_connect_start=510354261 storage_connect_end=510354263 storage_connect_duration_ms=1 phase=pre_execution
[2026-02-03 01:11:52.056] [info] [spider.worker] [TIMING] task_id=4e998307-8086-4464-8f39-7a09e3f11286 func=job_orchestration.executor.query.spider_search_task.search_without_channel fetch_input_start=510354263 fetch_input_end=510354264 fetch_input_duration_ms=1
[2026-02-03 01:11:52.056] [info] [spider.worker] [TIMING] task_id=4e998307-8086-4464-8f39-7a09e3f11286 func=job_orchestration.executor.query.spider_search_task.search_without_channel input_send_start=510354265 input_send_end=510354265 input_send_duration_ms=0 bytes=612
[2026-02-03 01:11:52.056] [info] [spider.worker] [TIMING] task_id=4e998307-8086-4464-8f39-7a09e3f11286 func=job_orchestration.executor.query.spider_search_task.search_without_channel spawn_start=510354264 spawn_end=510354265 spawn_duration_ms=0
[2026-02-03 01:11:53.330] [info] [spider.worker] [TIMING] task_id=4e998307-8086-4464-8f39-7a09e3f11286 func=job_orchestration.executor.query.spider_search_task.search_without_channel execution_start=510354265 execution_end=510355538 execution_duration_ms=1272
[2026-02-03 01:11:53.342] [info] [spider.worker] [TIMING] task_id=4e998307-8086-4464-8f39-7a09e3f11286 func=job_orchestration.executor.query.spider_search_task.search_without_channel storage_connect_start=510355538 storage_connect_end=510355551 storage_connect_duration_ms=12 phase=handle_result
[2026-02-03 01:11:53.383] [info] [spider.worker] [TIMING] task_id=4e998307-8086-4464-8f39-7a09e3f11286 func=job_orchestration.executor.query.spider_search_task.search_without_channel submit_output_start=510355551 submit_output_end=510355592 submit_output_duration_ms=40
[2026-02-03 01:11:53.425] [info] [spider.worker] [TIMING] worker_id=c1aff04b-e790-4eee-b4cc-89639a9a11ab task_id=da2012ed-2ef7-4f93-b479-641e9bac8105 get_next_task request_start=510355594 connect_end=510355595 send_end=510355595 receive_end=510355595 connect_duration_ms=1 send_duration_ms=0 receive_duration_ms=0 total_duration_ms=1
[2026-02-03 01:11:53.427] [info] [spider.worker] [TIMING] task_id=da2012ed-2ef7-4f93-b479-641e9bac8105 storage_connect_start=510355634 storage_connect_end=510355635 storage_connect_duration_ms=1 phase=pre_execution
[2026-02-03 01:11:53.428] [info] [spider.worker] [TIMING] task_id=da2012ed-2ef7-4f93-b479-641e9bac8105 func=job_orchestration.executor.query.spider_search_task.search_without_channel fetch_input_start=510355635 fetch_input_end=510355637 fetch_input_duration_ms=1
[2026-02-03 01:11:53.429] [info] [spider.worker] [TIMING] task_id=da2012ed-2ef7-4f93-b479-641e9bac8105 func=job_orchestration.executor.query.spider_search_task.search_without_channel input_send_start=510355637 input_send_end=510355637 input_send_duration_ms=0 bytes=612
[2026-02-03 01:11:53.429] [info] [spider.worker] [TIMING] task_id=da2012ed-2ef7-4f93-b479-641e9bac8105 func=job_orchestration.executor.query.spider_search_task.search_without_channel spawn_start=510355637 spawn_end=510355637 spawn_duration_ms=0
[2026-02-03 01:11:54.798] [info] [spider.worker] [TIMING] task_id=da2012ed-2ef7-4f93-b479-641e9bac8105 func=job_orchestration.executor.query.spider_search_task.search_without_channel execution_start=510355637 execution_end=510357007 execution_duration_ms=1369
[2026-02-03 01:11:54.800] [info] [spider.worker] [TIMING] task_id=da2012ed-2ef7-4f93-b479-641e9bac8105 func=job_orchestration.executor.query.spider_search_task.search_without_channel storage_connect_start=510357007 storage_connect_end=510357009 storage_connect_duration_ms=1 phase=handle_result
[2026-02-03 01:11:54.845] [info] [spider.worker] [TIMING] task_id=da2012ed-2ef7-4f93-b479-641e9bac8105 func=job_orchestration.executor.query.spider_search_task.search_without_channel submit_output_start=510357009 submit_output_end=510357054 submit_output_duration_ms=45
[2026-02-03 01:11:54.912] [info] [spider.worker] [TIMING] worker_id=c1aff04b-e790-4eee-b4cc-89639a9a11ab task_id=5f1cd56e-3080-4ff0-be66-3593faaf1730 get_next_task request_start=510357056 connect_end=510357057 send_end=510357057 receive_end=510357058 connect_duration_ms=1 send_duration_ms=0 receive_duration_ms=0 total_duration_ms=1
[2026-02-03 01:11:54.914] [info] [spider.worker] [TIMING] task_id=5f1cd56e-3080-4ff0-be66-3593faaf1730 storage_connect_start=510357121 storage_connect_end=510357122 storage_connect_duration_ms=1 phase=pre_execution
[2026-02-03 01:11:54.914] [info] [spider.worker] [TIMING] task_id=5f1cd56e-3080-4ff0-be66-3593faaf1730 func=job_orchestration.executor.query.spider_search_task.search_without_channel fetch_input_start=510357122 fetch_input_end=510357123 fetch_input_duration_ms=0
[2026-02-03 01:11:54.915] [info] [spider.worker] [TIMING] task_id=5f1cd56e-3080-4ff0-be66-3593faaf1730 func=job_orchestration.executor.query.spider_search_task.search_without_channel input_send_start=510357123 input_send_end=510357123 input_send_duration_ms=0 bytes=612
[2026-02-03 01:11:54.915] [info] [spider.worker] [TIMING] task_id=5f1cd56e-3080-4ff0-be66-3593faaf1730 func=job_orchestration.executor.query.spider_search_task.search_without_channel spawn_start=510357123 spawn_end=510357123 spawn_duration_ms=0
[2026-02-03 01:11:56.280] [info] [spider.worker] [TIMING] task_id=5f1cd56e-3080-4ff0-be66-3593faaf1730 func=job_orchestration.executor.query.spider_search_task.search_without_channel execution_start=510357123 execution_end=510358489 execution_duration_ms=1365
[2026-02-03 01:11:56.283] [info] [spider.worker] [TIMING] task_id=5f1cd56e-3080-4ff0-be66-3593faaf1730 func=job_orchestration.executor.query.spider_search_task.search_without_channel storage_connect_start=510358489 storage_connect_end=510358491 storage_connect_duration_ms=2 phase=handle_result
[2026-02-03 01:11:56.303] [info] [spider.worker] [TIMING] task_id=5f1cd56e-3080-4ff0-be66-3593faaf1730 func=job_orchestration.executor.query.spider_search_task.search_without_channel submit_output_start=510358491 submit_output_end=510358511 submit_output_duration_ms=20
[2026-02-03 01:11:56.374] [info] [spider.worker] [TIMING] worker_id=c1aff04b-e790-4eee-b4cc-89639a9a11ab task_id=75aa2d92-7d7b-493d-8ff0-aaf0448aeb38 get_next_task request_start=510358513 connect_end=510358514 send_end=510358514 receive_end=510358515 connect_duration_ms=1 send_duration_ms=0 receive_duration_ms=0 total_duration_ms=1
[2026-02-03 01:11:56.376] [info] [spider.worker] [TIMING] task_id=75aa2d92-7d7b-493d-8ff0-aaf0448aeb38 storage_connect_start=510358582 storage_connect_end=510358584 storage_connect_duration_ms=1 phase=pre_execution
[2026-02-03 01:11:56.377] [info] [spider.worker] [TIMING] task_id=75aa2d92-7d7b-493d-8ff0-aaf0448aeb38 func=job_orchestration.executor.query.spider_search_task.search_without_channel fetch_input_start=510358584 fetch_input_end=510358585 fetch_input_duration_ms=0
[2026-02-03 01:11:56.377] [info] [spider.worker] [TIMING] task_id=75aa2d92-7d7b-493d-8ff0-aaf0448aeb38 func=job_orchestration.executor.query.spider_search_task.search_without_channel input_send_start=510358586 input_send_end=510358586 input_send_duration_ms=0 bytes=612
[2026-02-03 01:11:56.377] [info] [spider.worker] [TIMING] task_id=75aa2d92-7d7b-493d-8ff0-aaf0448aeb38 func=job_orchestration.executor.query.spider_search_task.search_without_channel spawn_start=510358585 spawn_end=510358586 spawn_duration_ms=0
[2026-02-03 01:11:57.706] [info] [spider.worker] [TIMING] task_id=75aa2d92-7d7b-493d-8ff0-aaf0448aeb38 func=job_orchestration.executor.query.spider_search_task.search_without_channel execution_start=510358586 execution_end=510359915 execution_duration_ms=1328
[2026-02-03 01:11:57.708] [info] [spider.worker] [TIMING] task_id=75aa2d92-7d7b-493d-8ff0-aaf0448aeb38 func=job_orchestration.executor.query.spider_search_task.search_without_channel storage_connect_start=510359915 storage_connect_end=510359916 storage_connect_duration_ms=1 phase=handle_result
[2026-02-03 01:11:57.720] [info] [spider.worker] [TIMING] task_id=75aa2d92-7d7b-493d-8ff0-aaf0448aeb38 func=job_orchestration.executor.query.spider_search_task.search_without_channel submit_output_start=510359917 submit_output_end=510359928 submit_output_duration_ms=11
[2026-02-03 01:11:57.762] [info] [spider.worker] [TIMING] worker_id=c1aff04b-e790-4eee-b4cc-89639a9a11ab task_id=0277797b-200a-48e9-b131-99f5b648b436 get_next_task request_start=510359931 connect_end=510359933 send_end=510359933 receive_end=510359933 connect_duration_ms=1 send_duration_ms=0 receive_duration_ms=0 total_duration_ms=1
[2026-02-03 01:11:57.763] [info] [spider.worker] [TIMING] task_id=0277797b-200a-48e9-b131-99f5b648b436 storage_connect_start=510359970 storage_connect_end=510359972 storage_connect_duration_ms=1 phase=pre_execution
[2026-02-03 01:11:57.764] [info] [spider.worker] [TIMING] task_id=0277797b-200a-48e9-b131-99f5b648b436 func=job_orchestration.executor.query.spider_search_task.search_without_channel fetch_input_start=510359972 fetch_input_end=510359973 fetch_input_duration_ms=0
[2026-02-03 01:11:57.765] [info] [spider.worker] [TIMING] task_id=0277797b-200a-48e9-b131-99f5b648b436 func=job_orchestration.executor.query.spider_search_task.search_without_channel input_send_start=510359973 input_send_end=510359973 input_send_duration_ms=0 bytes=612
[2026-02-03 01:11:57.765] [info] [spider.worker] [TIMING] task_id=0277797b-200a-48e9-b131-99f5b648b436 func=job_orchestration.executor.query.spider_search_task.search_without_channel spawn_start=510359973 spawn_end=510359973 spawn_duration_ms=0
[2026-02-03 01:11:59.056] [info] [spider.worker] [TIMING] task_id=0277797b-200a-48e9-b131-99f5b648b436 func=job_orchestration.executor.query.spider_search_task.search_without_channel execution_start=510359973 execution_end=510361265 execution_duration_ms=1291
[2026-02-03 01:11:59.058] [info] [spider.worker] [TIMING] task_id=0277797b-200a-48e9-b131-99f5b648b436 func=job_orchestration.executor.query.spider_search_task.search_without_channel storage_connect_start=510361265 storage_connect_end=510361267 storage_connect_duration_ms=1 phase=handle_result
[2026-02-03 01:11:59.105] [info] [spider.worker] [TIMING] task_id=0277797b-200a-48e9-b131-99f5b648b436 func=job_orchestration.executor.query.spider_search_task.search_without_channel submit_output_start=510361267 submit_output_end=510361313 submit_output_duration_ms=46
[2026-02-03 01:11:59.120] [info] [spider.worker] [TIMING] worker_id=c1aff04b-e790-4eee-b4cc-89639a9a11ab task_id=3b1fac68-b9a2-4885-b18e-e760844ee57a get_next_task request_start=510361316 connect_end=510361317 send_end=510361317 receive_end=510361318 connect_duration_ms=1 send_duration_ms=0 receive_duration_ms=0 total_duration_ms=1
[2026-02-03 01:11:59.122] [info] [spider.worker] [TIMING] task_id=3b1fac68-b9a2-4885-b18e-e760844ee57a storage_connect_start=510361329 storage_connect_end=510361331 storage_connect_duration_ms=1 phase=pre_execution
[2026-02-03 01:11:59.124] [info] [spider.worker] [TIMING] task_id=3b1fac68-b9a2-4885-b18e-e760844ee57a func=job_orchestration.executor.query.spider_search_task.search_without_channel fetch_input_start=510361331 fetch_input_end=510361332 fetch_input_duration_ms=1
[2026-02-03 01:11:59.124] [info] [spider.worker] [TIMING] task_id=3b1fac68-b9a2-4885-b18e-e760844ee57a func=job_orchestration.executor.query.spider_search_task.search_without_channel input_send_start=510361333 input_send_end=510361333 input_send_duration_ms=0 bytes=612
[2026-02-03 01:11:59.124] [info] [spider.worker] [TIMING] task_id=3b1fac68-b9a2-4885-b18e-e760844ee57a func=job_orchestration.executor.query.spider_search_task.search_without_channel spawn_start=510361332 spawn_end=510361333 spawn_duration_ms=0
[2026-02-03 01:12:00.493] [info] [spider.worker] [TIMING] task_id=3b1fac68-b9a2-4885-b18e-e760844ee57a func=job_orchestration.executor.query.spider_search_task.search_without_channel execution_start=510361333 execution_end=510362701 execution_duration_ms=1368
[2026-02-03 01:12:00.494] [info] [spider.worker] [TIMING] task_id=3b1fac68-b9a2-4885-b18e-e760844ee57a func=job_orchestration.executor.query.spider_search_task.search_without_channel storage_connect_start=510362701 storage_connect_end=510362703 storage_connect_duration_ms=1 phase=handle_result
[2026-02-03 01:12:00.537] [info] [spider.worker] [TIMING] task_id=3b1fac68-b9a2-4885-b18e-e760844ee57a func=job_orchestration.executor.query.spider_search_task.search_without_channel submit_output_start=510362703 submit_output_end=510362746 submit_output_duration_ms=42
[2026-02-03 01:12:00.554] [info] [spider.worker] [TIMING] worker_id=c1aff04b-e790-4eee-b4cc-89639a9a11ab task_id=7eed00e2-98eb-47e7-ab6f-b01940236caa get_next_task request_start=510362748 connect_end=510362749 send_end=510362749 receive_end=510362749 connect_duration_ms=1 send_duration_ms=0 receive_duration_ms=0 total_duration_ms=1
[2026-02-03 01:12:00.556] [info] [spider.worker] [TIMING] task_id=7eed00e2-98eb-47e7-ab6f-b01940236caa storage_connect_start=510362763 storage_connect_end=510362764 storage_connect_duration_ms=1 phase=pre_execution
[2026-02-03 01:12:00.557] [info] [spider.worker] [TIMING] task_id=7eed00e2-98eb-47e7-ab6f-b01940236caa func=job_orchestration.executor.query.spider_search_task.search_without_channel fetch_input_start=510362764 fetch_input_end=510362766 fetch_input_duration_ms=1
[2026-02-03 01:12:00.558] [info] [spider.worker] [TIMING] task_id=7eed00e2-98eb-47e7-ab6f-b01940236caa func=job_orchestration.executor.query.spider_search_task.search_without_channel input_send_start=510362766 input_send_end=510362766 input_send_duration_ms=0 bytes=612
[2026-02-03 01:12:00.558] [info] [spider.worker] [TIMING] task_id=7eed00e2-98eb-47e7-ab6f-b01940236caa func=job_orchestration.executor.query.spider_search_task.search_without_channel spawn_start=510362766 spawn_end=510362766 spawn_duration_ms=0
[2026-02-03 01:12:02.109] [info] [spider.worker] [TIMING] task_id=7eed00e2-98eb-47e7-ab6f-b01940236caa func=job_orchestration.executor.query.spider_search_task.search_without_channel execution_start=510362766 execution_end=510364317 execution_duration_ms=1550
[2026-02-03 01:12:02.110] [info] [spider.worker] [TIMING] task_id=7eed00e2-98eb-47e7-ab6f-b01940236caa func=job_orchestration.executor.query.spider_search_task.search_without_channel storage_connect_start=510364317 storage_connect_end=510364319 storage_connect_duration_ms=1 phase=handle_result
[2026-02-03 01:12:02.145] [info] [spider.worker] [TIMING] task_id=7eed00e2-98eb-47e7-ab6f-b01940236caa func=job_orchestration.executor.query.spider_search_task.search_without_channel submit_output_start=510364319 submit_output_end=510364354 submit_output_duration_ms=34
[2026-02-03 01:12:02.179] [info] [spider.worker] [TIMING] worker_id=c1aff04b-e790-4eee-b4cc-89639a9a11ab task_id=13bf39fa-9143-4e5c-b965-5136876e611e get_next_task request_start=510364356 connect_end=510364358 send_end=510364358 receive_end=510364358 connect_duration_ms=1 send_duration_ms=0 receive_duration_ms=0 total_duration_ms=1
[2026-02-03 01:12:02.181] [info] [spider.worker] [TIMING] task_id=13bf39fa-9143-4e5c-b965-5136876e611e storage_connect_start=510364387 storage_connect_end=510364389 storage_connect_duration_ms=1 phase=pre_execution
[2026-02-03 01:12:02.182] [info] [spider.worker] [TIMING] task_id=13bf39fa-9143-4e5c-b965-5136876e611e func=job_orchestration.executor.query.spider_search_task.search_without_channel fetch_input_start=510364389 fetch_input_end=510364390 fetch_input_duration_ms=1
[2026-02-03 01:12:02.182] [info] [spider.worker] [TIMING] task_id=13bf39fa-9143-4e5c-b965-5136876e611e func=job_orchestration.executor.query.spider_search_task.search_without_channel input_send_start=510364391 input_send_end=510364391 input_send_duration_ms=0 bytes=612
[2026-02-03 01:12:02.182] [info] [spider.worker] [TIMING] task_id=13bf39fa-9143-4e5c-b965-5136876e611e func=job_orchestration.executor.query.spider_search_task.search_without_channel spawn_start=510364390 spawn_end=510364391 spawn_duration_ms=0
[2026-02-03 01:12:03.568] [info] [spider.worker] [TIMING] task_id=13bf39fa-9143-4e5c-b965-5136876e611e func=job_orchestration.executor.query.spider_search_task.search_without_channel execution_start=510364391 execution_end=510365776 execution_duration_ms=1385
[2026-02-03 01:12:03.570] [info] [spider.worker] [TIMING] task_id=13bf39fa-9143-4e5c-b965-5136876e611e func=job_orchestration.executor.query.spider_search_task.search_without_channel storage_connect_start=510365776 storage_connect_end=510365778 storage_connect_duration_ms=1 phase=handle_result
[2026-02-03 01:12:03.579] [info] [spider.worker] [TIMING] task_id=13bf39fa-9143-4e5c-b965-5136876e611e func=job_orchestration.executor.query.spider_search_task.search_without_channel submit_output_start=510365778 submit_output_end=510365788 submit_output_duration_ms=9
[2026-02-03 01:12:03.632] [info] [spider.worker] [TIMING] worker_id=c1aff04b-e790-4eee-b4cc-89639a9a11ab task_id=e9930297-2574-4504-b154-b18da4840bc5 get_next_task request_start=510365790 connect_end=510365792 send_end=510365792 receive_end=510365792 connect_duration_ms=1 send_duration_ms=0 receive_duration_ms=0 total_duration_ms=1
[2026-02-03 01:12:03.634] [info] [spider.worker] [TIMING] task_id=e9930297-2574-4504-b154-b18da4840bc5 storage_connect_start=510365841 storage_connect_end=510365842 storage_connect_duration_ms=1 phase=pre_execution
[2026-02-03 01:12:03.635] [info] [spider.worker] [TIMING] task_id=e9930297-2574-4504-b154-b18da4840bc5 func=job_orchestration.executor.query.spider_search_task.search_without_channel fetch_input_start=510365842 fetch_input_end=510365843 fetch_input_duration_ms=1
[2026-02-03 01:12:03.636] [info] [spider.worker] [TIMING] task_id=e9930297-2574-4504-b154-b18da4840bc5 func=job_orchestration.executor.query.spider_search_task.search_without_channel input_send_start=510365844 input_send_end=510365844 input_send_duration_ms=0 bytes=612
[2026-02-03 01:12:03.636] [info] [spider.worker] [TIMING] task_id=e9930297-2574-4504-b154-b18da4840bc5 func=job_orchestration.executor.query.spider_search_task.search_without_channel spawn_start=510365843 spawn_end=510365844 spawn_duration_ms=0
[2026-02-03 01:12:04.914] [info] [spider.worker] [TIMING] task_id=e9930297-2574-4504-b154-b18da4840bc5 func=job_orchestration.executor.query.spider_search_task.search_without_channel execution_start=510365844 execution_end=510367122 execution_duration_ms=1277
[2026-02-03 01:12:04.919] [info] [spider.worker] [TIMING] task_id=e9930297-2574-4504-b154-b18da4840bc5 func=job_orchestration.executor.query.spider_search_task.search_without_channel storage_connect_start=510367122 storage_connect_end=510367127 storage_connect_duration_ms=4 phase=handle_result
[2026-02-03 01:12:04.938] [info] [spider.worker] [TIMING] task_id=e9930297-2574-4504-b154-b18da4840bc5 func=job_orchestration.executor.query.spider_search_task.search_without_channel submit_output_start=510367127 submit_output_end=510367146 submit_output_duration_ms=18
[2026-02-03 01:12:04.955] [info] [spider.worker] [TIMING] worker_id=c1aff04b-e790-4eee-b4cc-89639a9a11ab task_id=4b6a1210-66ea-4a73-834c-3599143e801b get_next_task request_start=510367148 connect_end=510367149 send_end=510367150 receive_end=510367150 connect_duration_ms=1 send_duration_ms=0 receive_duration_ms=0 total_duration_ms=1
[2026-02-03 01:12:04.956] [info] [spider.worker] [TIMING] task_id=4b6a1210-66ea-4a73-834c-3599143e801b storage_connect_start=510367163 storage_connect_end=510367165 storage_connect_duration_ms=1 phase=pre_execution
[2026-02-03 01:12:04.958] [info] [spider.worker] [TIMING] task_id=4b6a1210-66ea-4a73-834c-3599143e801b func=job_orchestration.executor.query.spider_search_task.search_without_channel fetch_input_start=510367165 fetch_input_end=510367166 fetch_input_duration_ms=1
[2026-02-03 01:12:04.958] [info] [spider.worker] [TIMING] task_id=4b6a1210-66ea-4a73-834c-3599143e801b func=job_orchestration.executor.query.spider_search_task.search_without_channel input_send_start=510367166 input_send_end=510367166 input_send_duration_ms=0 bytes=612
[2026-02-03 01:12:04.958] [info] [spider.worker] [TIMING] task_id=4b6a1210-66ea-4a73-834c-3599143e801b func=job_orchestration.executor.query.spider_search_task.search_without_channel spawn_start=510367166 spawn_end=510367166 spawn_duration_ms=0
[2026-02-03 01:12:06.374] [info] [spider.worker] [TIMING] task_id=4b6a1210-66ea-4a73-834c-3599143e801b func=job_orchestration.executor.query.spider_search_task.search_without_channel execution_start=510367167 execution_end=510368582 execution_duration_ms=1415
[2026-02-03 01:12:06.376] [info] [spider.worker] [TIMING] task_id=4b6a1210-66ea-4a73-834c-3599143e801b func=job_orchestration.executor.query.spider_search_task.search_without_channel storage_connect_start=510368582 storage_connect_end=510368584 storage_connect_duration_ms=1 phase=handle_result
[2026-02-03 01:12:06.388] [info] [spider.worker] [TIMING] task_id=4b6a1210-66ea-4a73-834c-3599143e801b func=job_orchestration.executor.query.spider_search_task.search_without_channel submit_output_start=510368584 submit_output_end=510368596 submit_output_duration_ms=12
[2026-02-03 01:12:06.422] [info] [spider.worker] [TIMING] worker_id=c1aff04b-e790-4eee-b4cc-89639a9a11ab task_id=ba7e8eb2-9a81-4844-90b4-f882a01f1c2c get_next_task request_start=510368599 connect_end=510368600 send_end=510368600 receive_end=510368600 connect_duration_ms=1 send_duration_ms=0 receive_duration_ms=0 total_duration_ms=1
[2026-02-03 01:12:06.424] [info] [spider.worker] [TIMING] task_id=ba7e8eb2-9a81-4844-90b4-f882a01f1c2c storage_connect_start=510368631 storage_connect_end=510368633 storage_connect_duration_ms=1 phase=pre_execution
[2026-02-03 01:12:06.425] [info] [spider.worker] [TIMING] task_id=ba7e8eb2-9a81-4844-90b4-f882a01f1c2c func=job_orchestration.executor.query.spider_search_task.search_without_channel fetch_input_start=510368633 fetch_input_end=510368634 fetch_input_duration_ms=1
[2026-02-03 01:12:06.426] [info] [spider.worker] [TIMING] task_id=ba7e8eb2-9a81-4844-90b4-f882a01f1c2c func=job_orchestration.executor.query.spider_search_task.search_without_channel input_send_start=510368634 input_send_end=510368634 input_send_duration_ms=0 bytes=612
[2026-02-03 01:12:06.426] [info] [spider.worker] [TIMING] task_id=ba7e8eb2-9a81-4844-90b4-f882a01f1c2c func=job_orchestration.executor.query.spider_search_task.search_without_channel spawn_start=510368634 spawn_end=510368634 spawn_duration_ms=0
[2026-02-03 01:12:07.748] [info] [spider.worker] [TIMING] task_id=ba7e8eb2-9a81-4844-90b4-f882a01f1c2c func=job_orchestration.executor.query.spider_search_task.search_without_channel execution_start=510368634 execution_end=510369956 execution_duration_ms=1321
[2026-02-03 01:12:07.749] [info] [spider.worker] [TIMING] task_id=ba7e8eb2-9a81-4844-90b4-f882a01f1c2c func=job_orchestration.executor.query.spider_search_task.search_without_channel storage_connect_start=510369956 storage_connect_end=510369958 storage_connect_duration_ms=1 phase=handle_result
[2026-02-03 01:12:07.805] [info] [spider.worker] [TIMING] task_id=ba7e8eb2-9a81-4844-90b4-f882a01f1c2c func=job_orchestration.executor.query.spider_search_task.search_without_channel submit_output_start=510369958 submit_output_end=510370014 submit_output_duration_ms=55
[2026-02-03 01:12:07.836] [info] [spider.worker] [TIMING] worker_id=c1aff04b-e790-4eee-b4cc-89639a9a11ab task_id=920f1439-49a0-46d0-be48-9e3a8b480aa5 get_next_task request_start=510370015 connect_end=510370017 send_end=510370017 receive_end=510370017 connect_duration_ms=1 send_duration_ms=0 receive_duration_ms=0 total_duration_ms=1
[2026-02-03 01:12:07.837] [info] [spider.worker] [TIMING] task_id=920f1439-49a0-46d0-be48-9e3a8b480aa5 storage_connect_start=510370044 storage_connect_end=510370046 storage_connect_duration_ms=1 phase=pre_execution
[2026-02-03 01:12:07.838] [info] [spider.worker] [TIMING] task_id=920f1439-49a0-46d0-be48-9e3a8b480aa5 func=job_orchestration.executor.query.spider_search_task.search_without_channel fetch_input_start=510370046 fetch_input_end=510370047 fetch_input_duration_ms=0
[2026-02-03 01:12:07.839] [info] [spider.worker] [TIMING] task_id=920f1439-49a0-46d0-be48-9e3a8b480aa5 func=job_orchestration.executor.query.spider_search_task.search_without_channel input_send_start=510370047 input_send_end=510370047 input_send_duration_ms=0 bytes=612
[2026-02-03 01:12:07.839] [info] [spider.worker] [TIMING] task_id=920f1439-49a0-46d0-be48-9e3a8b480aa5 func=job_orchestration.executor.query.spider_search_task.search_without_channel spawn_start=510370047 spawn_end=510370047 spawn_duration_ms=0
[2026-02-03 01:12:09.079] [info] [spider.worker] [TIMING] task_id=920f1439-49a0-46d0-be48-9e3a8b480aa5 func=job_orchestration.executor.query.spider_search_task.search_without_channel execution_start=510370047 execution_end=510371287 execution_duration_ms=1240
[2026-02-03 01:12:09.080] [info] [spider.worker] [TIMING] task_id=920f1439-49a0-46d0-be48-9e3a8b480aa5 func=job_orchestration.executor.query.spider_search_task.search_without_channel storage_connect_start=510371287 storage_connect_end=510371289 storage_connect_duration_ms=1 phase=handle_result
[2026-02-03 01:12:09.130] [info] [spider.worker] [TIMING] task_id=920f1439-49a0-46d0-be48-9e3a8b480aa5 func=job_orchestration.executor.query.spider_search_task.search_without_channel submit_output_start=510371289 submit_output_end=510371339 submit_output_duration_ms=50
[2026-02-03 01:12:09.136] [info] [spider.worker] [TIMING] worker_id=c1aff04b-e790-4eee-b4cc-89639a9a11ab task_id=none get_next_task request_start=510371341 connect_end=510371342 send_end=510371342 receive_end=510371344 connect_duration_ms=1 send_duration_ms=0 receive_duration_ms=2 total_duration_ms=3
[2026-02-03 01:12:09.243] [info] [spider.worker] [TIMING] worker_id=c1aff04b-e790-4eee-b4cc-89639a9a11ab task_id=none get_next_task request_start=510371446 connect_end=510371447 send_end=510371447 receive_end=510371452 connect_duration_ms=1 send_duration_ms=0 receive_duration_ms=4 total_duration_ms=5
[2026-02-03 01:12:09.349] [info] [spider.worker] [TIMING] worker_id=c1aff04b-e790-4eee-b4cc-89639a9a11ab task_id=none get_next_task request_start=510371553 connect_end=510371554 send_end=510371554 receive_end=510371557 connect_duration_ms=0 send_duration_ms=0 receive_duration_ms=2 total_duration_ms=3
[2026-02-03 01:12:09.455] [info] [spider.worker] [TIMING] worker_id=c1aff04b-e790-4eee-b4cc-89639a9a11ab task_id=none get_next_task request_start=510371659 connect_end=510371660 send_end=510371660 receive_end=510371664 connect_duration_ms=1 send_duration_ms=0 receive_duration_ms=3 total_duration_ms=4
[2026-02-03 01:12:09.560] [info] [spider.worker] [TIMING] worker_id=c1aff04b-e790-4eee-b4cc-89639a9a11ab task_id=none get_next_task request_start=510371765 connect_end=510371766 send_end=510371766 receive_end=510371769 connect_duration_ms=1 send_duration_ms=0 receive_duration_ms=2 total_duration_ms=3
[2026-02-03 01:12:09.671] [info] [spider.worker] [TIMING] worker_id=c1aff04b-e790-4eee-b4cc-89639a9a11ab task_id=none get_next_task request_start=510371870 connect_end=510371872 send_end=510371872 receive_end=510371879 connect_duration_ms=1 send_duration_ms=0 receive_duration_ms=7 total_duration_ms=8
[2026-02-03 01:12:09.833] [info] [spider.worker] [TIMING] worker_id=c1aff04b-e790-4eee-b4cc-89639a9a11ab task_id=none get_next_task request_start=510371983 connect_end=510371985 send_end=510371985 receive_end=510372041 connect_duration_ms=1 send_duration_ms=0 receive_duration_ms=56 total_duration_ms=57
[2026-02-03 01:12:09.949] [info] [spider.worker] [TIMING] worker_id=c1aff04b-e790-4eee-b4cc-89639a9a11ab task_id=none get_next_task request_start=510372143 connect_end=510372145 send_end=510372145 receive_end=510372157 connect_duration_ms=1 send_duration_ms=0 receive_duration_ms=12 total_duration_ms=13
[2026-02-03 01:12:10.062] [info] [spider.worker] [TIMING] worker_id=c1aff04b-e790-4eee-b4cc-89639a9a11ab task_id=none get_next_task request_start=510372260 connect_end=510372261 send_end=510372261 receive_end=510372270 connect_duration_ms=1 send_duration_ms=0 receive_duration_ms=9 total_duration_ms=10
[2026-02-03 01:12:10.175] [info] [spider.worker] [TIMING] worker_id=c1aff04b-e790-4eee-b4cc-89639a9a11ab task_id=none get_next_task request_start=510372373 connect_end=510372375 send_end=510372375 receive_end=510372383 connect_duration_ms=1 send_duration_ms=0 receive_duration_ms=8 total_duration_ms=10
[2026-02-03 01:12:10.285] [info] [spider.worker] [TIMING] worker_id=c1aff04b-e790-4eee-b4cc-89639a9a11ab task_id=none get_next_task request_start=510372486 connect_end=510372487 send_end=510372487 receive_end=510372494 connect_duration_ms=1 send_duration_ms=0 receive_duration_ms=6 total_duration_ms=7
[2026-02-03 01:12:10.400] [info] [spider.worker] [TIMING] worker_id=c1aff04b-e790-4eee-b4cc-89639a9a11ab task_id=none get_next_task request_start=510372596 connect_end=510372598 send_end=510372598 receive_end=510372609 connect_duration_ms=1 send_duration_ms=0 receive_duration_ms=10 total_duration_ms=12
[2026-02-03 01:12:10.509] [info] [spider.worker] [TIMING] worker_id=c1aff04b-e790-4eee-b4cc-89639a9a11ab task_id=none get_next_task request_start=510372711 connect_end=510372713 send_end=510372713 receive_end=510372717 connect_duration_ms=1 send_duration_ms=0 receive_duration_ms=4 total_duration_ms=5
[2026-02-03 01:12:10.617] [info] [spider.worker] [TIMING] worker_id=c1aff04b-e790-4eee-b4cc-89639a9a11ab task_id=none get_next_task request_start=510372819 connect_end=510372820 send_end=510372820 receive_end=510372825 connect_duration_ms=1 send_duration_ms=0 receive_duration_ms=5 total_duration_ms=6
[2026-02-03 01:12:10.722] [info] [spider.worker] [TIMING] worker_id=c1aff04b-e790-4eee-b4cc-89639a9a11ab task_id=none get_next_task request_start=510372927 connect_end=510372928 send_end=510372928 receive_end=510372930 connect_duration_ms=1 send_duration_ms=0 receive_duration_ms=2 total_duration_ms=3
[2026-02-03 01:12:10.827] [info] [spider.worker] [TIMING] worker_id=c1aff04b-e790-4eee-b4cc-89639a9a11ab task_id=none get_next_task request_start=510373032 connect_end=510373033 send_end=510373033 receive_end=510373035 connect_duration_ms=0 send_duration_ms=0 receive_duration_ms=1 total_duration_ms=2
[2026-02-03 01:12:10.959] [info] [spider.worker] [TIMING] worker_id=c1aff04b-e790-4eee-b4cc-89639a9a11ab task_id=none get_next_task request_start=510373137 connect_end=510373138 send_end=510373138 receive_end=510373168 connect_duration_ms=0 send_duration_ms=0 receive_duration_ms=29 total_duration_ms=30
[2026-02-03 01:12:11.064] [info] [spider.worker] [TIMING] worker_id=c1aff04b-e790-4eee-b4cc-89639a9a11ab task_id=none get_next_task request_start=510373269 connect_end=510373271 send_end=510373271 receive_end=510373273 connect_duration_ms=1 send_duration_ms=0 receive_duration_ms=2 total_duration_ms=3
[2026-02-03 01:12:11.170] [info] [spider.worker] [TIMING] worker_id=c1aff04b-e790-4eee-b4cc-89639a9a11ab task_id=none get_next_task request_start=510373375 connect_end=510373376 send_end=510373376 receive_end=510373378 connect_duration_ms=1 send_duration_ms=0 receive_duration_ms=2 total_duration_ms=3
[2026-02-03 01:12:11.278] [info] [spider.worker] [TIMING] worker_id=c1aff04b-e790-4eee-b4cc-89639a9a11ab task_id=none get_next_task request_start=510373481 connect_end=510373482 send_end=510373482 receive_end=510373486 connect_duration_ms=1 send_duration_ms=0 receive_duration_ms=4 total_duration_ms=5
[2026-02-03 01:12:11.384] [info] [spider.worker] [TIMING] worker_id=c1aff04b-e790-4eee-b4cc-89639a9a11ab task_id=none get_next_task request_start=510373588 connect_end=510373590 send_end=510373590 receive_end=510373592 connect_duration_ms=1 send_duration_ms=0 receive_duration_ms=2 total_duration_ms=3
[2026-02-03 01:12:11.491] [info] [spider.worker] [TIMING] worker_id=c1aff04b-e790-4eee-b4cc-89639a9a11ab task_id=none get_next_task request_start=510373694 connect_end=510373696 send_end=510373696 receive_end=510373699 connect_duration_ms=1 send_duration_ms=0 receive_duration_ms=3 total_duration_ms=5
[2026-02-03 01:12:11.598] [info] [spider.worker] [TIMING] worker_id=c1aff04b-e790-4eee-b4cc-89639a9a11ab task_id=none get_next_task request_start=510373802 connect_end=510373803 send_end=510373803 receive_end=510373806 connect_duration_ms=1 send_duration_ms=0 receive_duration_ms=3 total_duration_ms=4
[2026-02-03 01:12:11.704] [info] [spider.worker] [TIMING] worker_id=c1aff04b-e790-4eee-b4cc-89639a9a11ab task_id=none get_next_task request_start=510373908 connect_end=510373910 send_end=510373910 receive_end=510373913 connect_duration_ms=1 send_duration_ms=0 receive_duration_ms=2 total_duration_ms=4
[2026-02-03 01:12:11.810] [info] [spider.worker] [TIMING] worker_id=c1aff04b-e790-4eee-b4cc-89639a9a11ab task_id=none get_next_task request_start=510374015 connect_end=510374016 send_end=510374016 receive_end=510374019 connect_duration_ms=1 send_duration_ms=0 receive_duration_ms=2 total_duration_ms=3
[2026-02-03 01:12:11.917] [info] [spider.worker] [TIMING] worker_id=c1aff04b-e790-4eee-b4cc-89639a9a11ab task_id=none get_next_task request_start=510374121 connect_end=510374122 send_end=510374122 receive_end=510374125 connect_duration_ms=1 send_duration_ms=0 receive_duration_ms=2 total_duration_ms=4
[2026-02-03 01:12:12.024] [info] [spider.worker] [TIMING] worker_id=c1aff04b-e790-4eee-b4cc-89639a9a11ab task_id=none get_next_task request_start=510374227 connect_end=510374228 send_end=510374228 receive_end=510374232 connect_duration_ms=1 send_duration_ms=0 receive_duration_ms=3 total_duration_ms=5
[2026-02-03 01:12:12.128] [info] [spider.worker] [TIMING] worker_id=c1aff04b-e790-4eee-b4cc-89639a9a11ab task_id=none get_next_task request_start=510374334 connect_end=510374334 send_end=510374334 receive_end=510374336 connect_duration_ms=0 send_duration_ms=0 receive_duration_ms=1 total_duration_ms=2
[2026-02-03 01:12:12.232] [info] [spider.worker] [TIMING] worker_id=c1aff04b-e790-4eee-b4cc-89639a9a11ab task_id=none get_next_task request_start=510374438 connect_end=510374439 send_end=510374439 receive_end=510374441 connect_duration_ms=0 send_duration_ms=0 receive_duration_ms=1 total_duration_ms=2
[2026-02-03 01:12:12.338] [info] [spider.worker] [TIMING] worker_id=c1aff04b-e790-4eee-b4cc-89639a9a11ab task_id=none get_next_task request_start=510374542 connect_end=510374543 send_end=510374543 receive_end=510374546 connect_duration_ms=0 send_duration_ms=0 receive_duration_ms=2 total_duration_ms=3
[2026-02-03 01:12:12.442] [info] [spider.worker] [TIMING] worker_id=c1aff04b-e790-4eee-b4cc-89639a9a11ab task_id=none get_next_task request_start=510374648 connect_end=510374649 send_end=510374649 receive_end=510374650 connect_duration_ms=0 send_duration_ms=0 receive_duration_ms=1 total_duration_ms=2
[2026-02-03 01:12:12.547] [info] [spider.worker] [TIMING] worker_id=c1aff04b-e790-4eee-b4cc-89639a9a11ab task_id=none get_next_task request_start=510374752 connect_end=510374753 send_end=510374753 receive_end=510374756 connect_duration_ms=1 send_duration_ms=0 receive_duration_ms=2 total_duration_ms=3
[2026-02-03 01:12:12.652] [info] [spider.worker] [TIMING] worker_id=c1aff04b-e790-4eee-b4cc-89639a9a11ab task_id=none get_next_task request_start=510374857 connect_end=510374858 send_end=510374858 receive_end=510374860 connect_duration_ms=0 send_duration_ms=0 receive_duration_ms=2 total_duration_ms=2
[2026-02-03 01:12:12.757] [info] [spider.worker] [TIMING] worker_id=c1aff04b-e790-4eee-b4cc-89639a9a11ab task_id=none get_next_task request_start=510374962 connect_end=510374963 send_end=510374963 receive_end=510374965 connect_duration_ms=1 send_duration_ms=0 receive_duration_ms=2 total_duration_ms=3
[2026-02-03 01:12:12.865] [info] [spider.worker] [TIMING] worker_id=c1aff04b-e790-4eee-b4cc-89639a9a11ab task_id=none get_next_task request_start=510375067 connect_end=510375069 send_end=510375069 receive_end=510375073 connect_duration_ms=1 send_duration_ms=0 receive_duration_ms=4 total_duration_ms=5
[2026-02-03 01:12:12.973] [info] [spider.worker] [TIMING] worker_id=c1aff04b-e790-4eee-b4cc-89639a9a11ab task_id=none get_next_task request_start=510375176 connect_end=510375177 send_end=510375177 receive_end=510375182 connect_duration_ms=1 send_duration_ms=0 receive_duration_ms=4 total_duration_ms=6
[2026-02-03 01:12:13.081] [info] [spider.worker] [TIMING] worker_id=c1aff04b-e790-4eee-b4cc-89639a9a11ab task_id=none get_next_task request_start=510375284 connect_end=510375286 send_end=510375286 receive_end=510375290 connect_duration_ms=1 send_duration_ms=0 receive_duration_ms=3 total_duration_ms=5
[2026-02-03 01:12:13.190] [info] [spider.worker] [TIMING] worker_id=c1aff04b-e790-4eee-b4cc-89639a9a11ab task_id=none get_next_task request_start=510375392 connect_end=510375394 send_end=510375394 receive_end=510375398 connect_duration_ms=1 send_duration_ms=0 receive_duration_ms=4 total_duration_ms=6
[2026-02-03 01:12:13.294] [info] [spider.worker] [TIMING] worker_id=c1aff04b-e790-4eee-b4cc-89639a9a11ab task_id=none get_next_task request_start=510375499 connect_end=510375500 send_end=510375500 receive_end=510375502 connect_duration_ms=0 send_duration_ms=0 receive_duration_ms=2 total_duration_ms=3
[2026-02-03 01:12:13.401] [info] [spider.worker] [TIMING] worker_id=c1aff04b-e790-4eee-b4cc-89639a9a11ab task_id=none get_next_task request_start=510375605 connect_end=510375606 send_end=510375606 receive_end=510375609 connect_duration_ms=1 send_duration_ms=0 receive_duration_ms=3 total_duration_ms=4
[2026-02-03 01:12:13.507] [info] [spider.worker] [TIMING] worker_id=c1aff04b-e790-4eee-b4cc-89639a9a11ab task_id=none get_next_task request_start=510375711 connect_end=510375712 send_end=510375712 receive_end=510375716 connect_duration_ms=0 send_duration_ms=0 receive_duration_ms=4 total_duration_ms=4
[2026-02-03 01:12:13.612] [info] [spider.worker] [TIMING] worker_id=c1aff04b-e790-4eee-b4cc-89639a9a11ab task_id=none get_next_task request_start=510375817 connect_end=510375818 send_end=510375818 receive_end=510375820 connect_duration_ms=0 send_duration_ms=0 receive_duration_ms=1 total_duration_ms=2
[2026-02-03 01:12:13.721] [info] [spider.worker] [TIMING] worker_id=c1aff04b-e790-4eee-b4cc-89639a9a11ab task_id=none get_next_task request_start=510375921 connect_end=510375923 send_end=510375923 receive_end=510375929 connect_duration_ms=1 send_duration_ms=0 receive_duration_ms=6 total_duration_ms=7
[2026-02-03 01:12:13.829] [info] [spider.worker] [TIMING] worker_id=c1aff04b-e790-4eee-b4cc-89639a9a11ab task_id=none get_next_task request_start=510376031 connect_end=510376033 send_end=510376033 receive_end=510376037 connect_duration_ms=1 send_duration_ms=0 receive_duration_ms=4 total_duration_ms=5
[2026-02-03 01:12:13.937] [info] [spider.worker] [TIMING] worker_id=c1aff04b-e790-4eee-b4cc-89639a9a11ab task_id=none get_next_task request_start=510376139 connect_end=510376141 send_end=510376141 receive_end=510376145 connect_duration_ms=1 send_duration_ms=0 receive_duration_ms=4 total_duration_ms=5
[2026-02-03 01:12:14.045] [info] [spider.worker] [TIMING] worker_id=c1aff04b-e790-4eee-b4cc-89639a9a11ab task_id=none get_next_task request_start=510376247 connect_end=510376249 send_end=510376249 receive_end=510376253 connect_duration_ms=1 send_duration_ms=0 receive_duration_ms=3 total_duration_ms=5
[2026-02-03 01:12:14.153] [info] [spider.worker] [TIMING] worker_id=c1aff04b-e790-4eee-b4cc-89639a9a11ab task_id=none get_next_task request_start=510376355 connect_end=510376357 send_end=510376357 receive_end=510376362 connect_duration_ms=1 send_duration_ms=0 receive_duration_ms=4 total_duration_ms=6
[2026-02-03 01:12:14.261] [info] [spider.worker] [TIMING] worker_id=c1aff04b-e790-4eee-b4cc-89639a9a11ab task_id=none get_next_task request_start=510376464 connect_end=510376465 send_end=510376465 receive_end=510376469 connect_duration_ms=1 send_duration_ms=0 receive_duration_ms=3 total_duration_ms=5
[2026-02-03 01:12:14.369] [info] [spider.worker] [TIMING] worker_id=c1aff04b-e790-4eee-b4cc-89639a9a11ab task_id=none get_next_task request_start=510376572 connect_end=510376574 send_end=510376574 receive_end=510376578 connect_duration_ms=1 send_duration_ms=0 receive_duration_ms=3 total_duration_ms=5
[2026-02-03 01:12:14.478] [info] [spider.worker] [TIMING] worker_id=c1aff04b-e790-4eee-b4cc-89639a9a11ab task_id=none get_next_task request_start=510376680 connect_end=510376682 send_end=510376682 receive_end=510376686 connect_duration_ms=1 send_duration_ms=0 receive_duration_ms=4 total_duration_ms=5
[2026-02-03 01:12:14.585] [info] [spider.worker] [TIMING] worker_id=c1aff04b-e790-4eee-b4cc-89639a9a11ab task_id=none get_next_task request_start=510376788 connect_end=510376790 send_end=510376790 receive_end=510376793 connect_duration_ms=1 send_duration_ms=0 receive_duration_ms=3 total_duration_ms=5
[2026-02-03 01:12:14.694] [info] [spider.worker] [TIMING] worker_id=c1aff04b-e790-4eee-b4cc-89639a9a11ab task_id=none get_next_task request_start=510376896 connect_end=510376898 send_end=510376898 receive_end=510376902 connect_duration_ms=1 send_duration_ms=0 receive_duration_ms=4 total_duration_ms=6
[2026-02-03 01:12:14.800] [info] [spider.worker] [TIMING] worker_id=c1aff04b-e790-4eee-b4cc-89639a9a11ab task_id=none get_next_task request_start=510377005 connect_end=510377006 send_end=510377006 receive_end=510377008 connect_duration_ms=1 send_duration_ms=0 receive_duration_ms=2 total_duration_ms=3
[2026-02-03 01:12:14.906] [info] [spider.worker] [TIMING] worker_id=c1aff04b-e790-4eee-b4cc-89639a9a11ab task_id=none get_next_task request_start=510377110 connect_end=510377112 send_end=510377112 receive_end=510377114 connect_duration_ms=1 send_duration_ms=0 receive_duration_ms=2 total_duration_ms=4
[2026-02-03 01:12:15.014] [info] [spider.worker] [TIMING] worker_id=c1aff04b-e790-4eee-b4cc-89639a9a11ab task_id=none get_next_task request_start=510377216 connect_end=510377217 send_end=510377217 receive_end=510377222 connect_duration_ms=1 send_duration_ms=0 receive_duration_ms=4 total_duration_ms=6
[2026-02-03 01:12:15.122] [info] [spider.worker] [TIMING] worker_id=c1aff04b-e790-4eee-b4cc-89639a9a11ab task_id=none get_next_task request_start=510377324 connect_end=510377325 send_end=510377325 receive_end=510377330 connect_duration_ms=1 send_duration_ms=0 receive_duration_ms=4 total_duration_ms=6
[2026-02-03 01:12:15.230] [info] [spider.worker] [TIMING] worker_id=c1aff04b-e790-4eee-b4cc-89639a9a11ab task_id=none get_next_task request_start=510377433 connect_end=510377434 send_end=510377434 receive_end=510377439 connect_duration_ms=1 send_duration_ms=0 receive_duration_ms=4 total_duration_ms=5
[2026-02-03 01:12:15.339] [info] [spider.worker] [TIMING] worker_id=c1aff04b-e790-4eee-b4cc-89639a9a11ab task_id=none get_next_task request_start=510377541 connect_end=510377543 send_end=510377543 receive_end=510377547 connect_duration_ms=1 send_duration_ms=0 receive_duration_ms=4 total_duration_ms=6
[2026-02-03 01:12:15.447] [info] [spider.worker] [TIMING] worker_id=c1aff04b-e790-4eee-b4cc-89639a9a11ab task_id=none get_next_task request_start=510377649 connect_end=510377651 send_end=510377651 receive_end=510377655 connect_duration_ms=1 send_duration_ms=0 receive_duration_ms=4 total_duration_ms=5
[2026-02-03 01:12:15.555] [info] [spider.worker] [TIMING] worker_id=c1aff04b-e790-4eee-b4cc-89639a9a11ab task_id=none get_next_task request_start=510377757 connect_end=510377759 send_end=510377759 receive_end=510377763 connect_duration_ms=1 send_duration_ms=0 receive_duration_ms=4 total_duration_ms=5
[2026-02-03 01:12:15.663] [info] [spider.worker] [TIMING] worker_id=c1aff04b-e790-4eee-b4cc-89639a9a11ab task_id=none get_next_task request_start=510377866 connect_end=510377867 send_end=510377867 receive_end=510377871 connect_duration_ms=1 send_duration_ms=0 receive_duration_ms=4 total_duration_ms=5
[2026-02-03 01:12:15.771] [info] [spider.worker] [TIMING] worker_id=c1aff04b-e790-4eee-b4cc-89639a9a11ab task_id=none get_next_task request_start=510377974 connect_end=510377976 send_end=510377976 receive_end=510377979 connect_duration_ms=1 send_duration_ms=0 receive_duration_ms=3 total_duration_ms=5
[2026-02-03 01:12:15.881] [info] [spider.worker] [TIMING] worker_id=c1aff04b-e790-4eee-b4cc-89639a9a11ab task_id=none get_next_task request_start=510378082 connect_end=510378084 send_end=510378084 receive_end=510378089 connect_duration_ms=1 send_duration_ms=0 receive_duration_ms=5 total_duration_ms=7
[2026-02-03 01:12:15.989] [info] [spider.worker] [TIMING] worker_id=c1aff04b-e790-4eee-b4cc-89639a9a11ab task_id=none get_next_task request_start=510378191 connect_end=510378193 send_end=510378193 receive_end=510378198 connect_duration_ms=1 send_duration_ms=0 receive_duration_ms=4 total_duration_ms=6
[2026-02-03 01:12:16.098] [info] [spider.worker] [TIMING] worker_id=c1aff04b-e790-4eee-b4cc-89639a9a11ab task_id=none get_next_task request_start=510378300 connect_end=510378302 send_end=510378302 receive_end=510378307 connect_duration_ms=1 send_duration_ms=0 receive_duration_ms=4 total_duration_ms=6
[2026-02-03 01:12:16.206] [info] [spider.worker] [TIMING] worker_id=c1aff04b-e790-4eee-b4cc-89639a9a11ab task_id=none get_next_task request_start=510378409 connect_end=510378411 send_end=510378411 receive_end=510378414 connect_duration_ms=1 send_duration_ms=0 receive_duration_ms=3 total_duration_ms=5
[2026-02-03 01:12:16.314] [info] [spider.worker] [TIMING] worker_id=c1aff04b-e790-4eee-b4cc-89639a9a11ab task_id=none get_next_task request_start=510378517 connect_end=510378519 send_end=510378519 receive_end=510378522 connect_duration_ms=1 send_duration_ms=0 receive_duration_ms=3 total_duration_ms=5
[2026-02-03 01:12:16.423] [info] [spider.worker] [TIMING] worker_id=c1aff04b-e790-4eee-b4cc-89639a9a11ab task_id=none get_next_task request_start=510378624 connect_end=510378625 send_end=510378625 receive_end=510378631 connect_duration_ms=0 send_duration_ms=0 receive_duration_ms=6 total_duration_ms=7
[2026-02-03 01:12:16.529] [info] [spider.worker] [TIMING] worker_id=c1aff04b-e790-4eee-b4cc-89639a9a11ab task_id=none get_next_task request_start=510378734 connect_end=510378735 send_end=510378735 receive_end=510378737 connect_duration_ms=1 send_duration_ms=0 receive_duration_ms=2 total_duration_ms=3
[2026-02-03 01:12:16.636] [info] [spider.worker] [TIMING] worker_id=c1aff04b-e790-4eee-b4cc-89639a9a11ab task_id=none get_next_task request_start=510378839 connect_end=510378840 send_end=510378840 receive_end=510378845 connect_duration_ms=1 send_duration_ms=0 receive_duration_ms=4 total_duration_ms=5
[2026-02-03 01:12:16.747] [info] [spider.worker] [TIMING] worker_id=c1aff04b-e790-4eee-b4cc-89639a9a11ab task_id=none get_next_task request_start=510378947 connect_end=510378948 send_end=510378949 receive_end=510378955 connect_duration_ms=1 send_duration_ms=0 receive_duration_ms=6 total_duration_ms=8
[2026-02-03 01:12:16.855] [info] [spider.worker] [TIMING] worker_id=c1aff04b-e790-4eee-b4cc-89639a9a11ab task_id=none get_next_task request_start=510379057 connect_end=510379059 send_end=510379059 receive_end=510379063 connect_duration_ms=1 send_duration_ms=0 receive_duration_ms=4 total_duration_ms=6
[2026-02-03 01:12:16.964] [info] [spider.worker] [TIMING] worker_id=c1aff04b-e790-4eee-b4cc-89639a9a11ab task_id=none get_next_task request_start=510379166 connect_end=510379167 send_end=510379167 receive_end=510379173 connect_duration_ms=1 send_duration_ms=0 receive_duration_ms=5 total_duration_ms=7
[2026-02-03 01:12:17.073] [info] [spider.worker] [TIMING] worker_id=c1aff04b-e790-4eee-b4cc-89639a9a11ab task_id=none get_next_task request_start=510379275 connect_end=510379277 send_end=510379277 receive_end=510379281 connect_duration_ms=1 send_duration_ms=0 receive_duration_ms=4 total_duration_ms=5
[2026-02-03 01:12:17.184] [info] [spider.worker] [TIMING] worker_id=c1aff04b-e790-4eee-b4cc-89639a9a11ab task_id=none get_next_task request_start=510379384 connect_end=510379385 send_end=510379385 receive_end=510379393 connect_duration_ms=1 send_duration_ms=0 receive_duration_ms=7 total_duration_ms=8
[2026-02-03 01:12:17.295] [info] [spider.worker] [TIMING] worker_id=c1aff04b-e790-4eee-b4cc-89639a9a11ab task_id=none get_next_task request_start=510379495 connect_end=510379497 send_end=510379497 receive_end=510379503 connect_duration_ms=1 send_duration_ms=0 receive_duration_ms=6 total_duration_ms=7
[2026-02-03 01:12:17.403] [info] [spider.worker] [TIMING] worker_id=c1aff04b-e790-4eee-b4cc-89639a9a11ab task_id=none get_next_task request_start=510379606 connect_end=510379607 send_end=510379607 receive_end=510379612 connect_duration_ms=1 send_duration_ms=0 receive_duration_ms=4 total_duration_ms=6
[2026-02-03 01:12:17.513] [info] [spider.worker] [TIMING] worker_id=c1aff04b-e790-4eee-b4cc-89639a9a11ab task_id=none get_next_task request_start=510379714 connect_end=510379716 send_end=510379716 receive_end=510379722 connect_duration_ms=1 send_duration_ms=0 receive_duration_ms=5 total_duration_ms=7
[2026-02-03 01:12:17.622] [info] [spider.worker] [TIMING] worker_id=c1aff04b-e790-4eee-b4cc-89639a9a11ab task_id=none get_next_task request_start=510379824 connect_end=510379826 send_end=510379826 receive_end=510379831 connect_duration_ms=1 send_duration_ms=0 receive_duration_ms=5 total_duration_ms=6
[2026-02-03 01:12:17.731] [info] [spider.worker] [TIMING] worker_id=c1aff04b-e790-4eee-b4cc-89639a9a11ab task_id=none get_next_task request_start=510379933 connect_end=510379935 send_end=510379935 receive_end=510379940 connect_duration_ms=1 send_duration_ms=0 receive_duration_ms=4 total_duration_ms=6
[2026-02-03 01:12:17.841] [info] [spider.worker] [TIMING] worker_id=c1aff04b-e790-4eee-b4cc-89639a9a11ab task_id=none get_next_task request_start=510380043 connect_end=510380044 send_end=510380044 receive_end=510380049 connect_duration_ms=1 send_duration_ms=0 receive_duration_ms=4 total_duration_ms=6
[2026-02-03 01:12:17.951] [info] [spider.worker] [TIMING] worker_id=c1aff04b-e790-4eee-b4cc-89639a9a11ab task_id=none get_next_task request_start=510380152 connect_end=510380154 send_end=510380154 receive_end=510380159 connect_duration_ms=1 send_duration_ms=0 receive_duration_ms=5 total_duration_ms=7
[2026-02-03 01:12:18.059] [info] [spider.worker] [TIMING] worker_id=c1aff04b-e790-4eee-b4cc-89639a9a11ab task_id=none get_next_task request_start=510380262 connect_end=510380264 send_end=510380264 receive_end=510380268 connect_duration_ms=1 send_duration_ms=0 receive_duration_ms=4 total_duration_ms=5
[2026-02-03 01:12:18.167] [info] [spider.worker] [TIMING] worker_id=c1aff04b-e790-4eee-b4cc-89639a9a11ab task_id=none get_next_task request_start=510380370 connect_end=510380372 send_end=510380372 receive_end=510380375 connect_duration_ms=1 send_duration_ms=0 receive_duration_ms=3 total_duration_ms=5
[2026-02-03 01:12:18.277] [info] [spider.worker] [TIMING] worker_id=c1aff04b-e790-4eee-b4cc-89639a9a11ab task_id=none get_next_task request_start=510380478 connect_end=510380480 send_end=510380480 receive_end=510380485 connect_duration_ms=1 send_duration_ms=0 receive_duration_ms=5 total_duration_ms=7
[2026-02-03 01:12:18.386] [info] [spider.worker] [TIMING] worker_id=c1aff04b-e790-4eee-b4cc-89639a9a11ab task_id=none get_next_task request_start=510380588 connect_end=510380590 send_end=510380590 receive_end=510380594 connect_duration_ms=1 send_duration_ms=0 receive_duration_ms=4 total_duration_ms=6
[2026-02-03 01:12:18.498] [info] [spider.worker] [TIMING] worker_id=c1aff04b-e790-4eee-b4cc-89639a9a11ab task_id=none get_next_task request_start=510380697 connect_end=510380699 send_end=510380699 receive_end=510380706 connect_duration_ms=1 send_duration_ms=0 receive_duration_ms=7 total_duration_ms=9
[2026-02-03 01:12:18.609] [info] [spider.worker] [TIMING] worker_id=c1aff04b-e790-4eee-b4cc-89639a9a11ab task_id=none get_next_task request_start=510380809 connect_end=510380811 send_end=510380811 receive_end=510380817 connect_duration_ms=1 send_duration_ms=0 receive_duration_ms=6 total_duration_ms=7
[2026-02-03 01:12:18.718] [info] [spider.worker] [TIMING] worker_id=c1aff04b-e790-4eee-b4cc-89639a9a11ab task_id=none get_next_task request_start=510380920 connect_end=510380922 send_end=510380922 receive_end=510380926 connect_duration_ms=1 send_duration_ms=0 receive_duration_ms=4 total_duration_ms=5
[2026-02-03 01:12:18.827] [info] [spider.worker] [TIMING] worker_id=c1aff04b-e790-4eee-b4cc-89639a9a11ab task_id=none get_next_task request_start=510381029 connect_end=510381030 send_end=510381030 receive_end=510381035 connect_duration_ms=1 send_duration_ms=0 receive_duration_ms=5 total_duration_ms=6
[2026-02-03 01:12:18.933] [info] [spider.worker] [TIMING] worker_id=c1aff04b-e790-4eee-b4cc-89639a9a11ab task_id=none get_next_task request_start=510381138 connect_end=510381139 send_end=510381139 receive_end=510381141 connect_duration_ms=1 send_duration_ms=0 receive_duration_ms=2 total_duration_ms=3
[2026-02-03 01:12:19.040] [info] [spider.worker] [TIMING] worker_id=c1aff04b-e790-4eee-b4cc-89639a9a11ab task_id=none get_next_task request_start=510381243 connect_end=510381244 send_end=510381244 receive_end=510381248 connect_duration_ms=1 send_duration_ms=0 receive_duration_ms=3 total_duration_ms=5
[2026-02-03 01:12:19.144] [info] [spider.worker] [TIMING] worker_id=c1aff04b-e790-4eee-b4cc-89639a9a11ab task_id=none get_next_task request_start=510381350 connect_end=510381351 send_end=510381351 receive_end=510381353 connect_duration_ms=0 send_duration_ms=0 receive_duration_ms=2 total_duration_ms=3
[2026-02-03 01:12:19.250] [info] [spider.worker] [TIMING] worker_id=c1aff04b-e790-4eee-b4cc-89639a9a11ab task_id=none get_next_task request_start=510381454 connect_end=510381455 send_end=510381455 receive_end=510381458 connect_duration_ms=0 send_duration_ms=0 receive_duration_ms=3 total_duration_ms=4
[2026-02-03 01:12:19.355] [info] [spider.worker] [TIMING] worker_id=c1aff04b-e790-4eee-b4cc-89639a9a11ab task_id=none get_next_task request_start=510381560 connect_end=510381561 send_end=510381561 receive_end=510381563 connect_duration_ms=0 send_duration_ms=0 receive_duration_ms=1 total_duration_ms=2
[2026-02-03 01:12:19.467] [info] [spider.worker] [TIMING] worker_id=c1aff04b-e790-4eee-b4cc-89639a9a11ab task_id=none get_next_task request_start=510381664 connect_end=510381665 send_end=510381665 receive_end=510381676 connect_duration_ms=1 send_duration_ms=0 receive_duration_ms=10 total_duration_ms=11
[2026-02-03 01:12:19.575] [info] [spider.worker] [TIMING] worker_id=c1aff04b-e790-4eee-b4cc-89639a9a11ab task_id=none get_next_task request_start=510381778 connect_end=510381779 send_end=510381779 receive_end=510381784 connect_duration_ms=1 send_duration_ms=0 receive_duration_ms=4 total_duration_ms=5
[2026-02-03 01:12:19.683] [info] [spider.worker] [TIMING] worker_id=c1aff04b-e790-4eee-b4cc-89639a9a11ab task_id=none get_next_task request_start=510381886 connect_end=510381888 send_end=510381888 receive_end=510381891 connect_duration_ms=1 send_duration_ms=0 receive_duration_ms=3 total_duration_ms=5
[2026-02-03 01:12:19.788] [info] [spider.worker] [TIMING] worker_id=c1aff04b-e790-4eee-b4cc-89639a9a11ab task_id=none get_next_task request_start=510381993 connect_end=510381994 send_end=510381994 receive_end=510381996 connect_duration_ms=1 send_duration_ms=0 receive_duration_ms=1 total_duration_ms=2
[2026-02-03 01:12:19.893] [info] [spider.worker] [TIMING] worker_id=c1aff04b-e790-4eee-b4cc-89639a9a11ab task_id=none get_next_task request_start=510382098 connect_end=510382099 send_end=510382099 receive_end=510382101 connect_duration_ms=0 send_duration_ms=0 receive_duration_ms=2 total_duration_ms=3
[2026-02-03 01:12:19.997] [info] [spider.worker] [TIMING] worker_id=c1aff04b-e790-4eee-b4cc-89639a9a11ab task_id=none get_next_task request_start=510382203 connect_end=510382204 send_end=510382204 receive_end=510382206 connect_duration_ms=1 send_duration_ms=0 receive_duration_ms=2 total_duration_ms=3
[2026-02-03 01:12:20.102] [info] [spider.worker] [TIMING] worker_id=c1aff04b-e790-4eee-b4cc-89639a9a11ab task_id=none get_next_task request_start=510382307 connect_end=510382308 send_end=510382308 receive_end=510382310 connect_duration_ms=0 send_duration_ms=0 receive_duration_ms=2 total_duration_ms=2
[2026-02-03 01:12:20.206] [info] [spider.worker] [TIMING] worker_id=c1aff04b-e790-4eee-b4cc-89639a9a11ab task_id=none get_next_task request_start=510382412 connect_end=510382413 send_end=510382413 receive_end=510382415 connect_duration_ms=1 send_duration_ms=0 receive_duration_ms=2 total_duration_ms=3
[2026-02-03 01:12:20.312] [info] [spider.worker] [TIMING] worker_id=c1aff04b-e790-4eee-b4cc-89639a9a11ab task_id=none get_next_task request_start=510382517 connect_end=510382518 send_end=510382518 receive_end=510382520 connect_duration_ms=1 send_duration_ms=0 receive_duration_ms=2 total_duration_ms=3
[2026-02-03 01:12:20.417] [info] [spider.worker] [TIMING] worker_id=c1aff04b-e790-4eee-b4cc-89639a9a11ab task_id=none get_next_task request_start=510382622 connect_end=510382623 send_end=510382623 receive_end=510382626 connect_duration_ms=1 send_duration_ms=0 receive_duration_ms=2 total_duration_ms=4
[2026-02-03 01:12:20.523] [info] [spider.worker] [TIMING] worker_id=c1aff04b-e790-4eee-b4cc-89639a9a11ab task_id=none get_next_task request_start=510382728 connect_end=510382729 send_end=510382729 receive_end=510382732 connect_duration_ms=1 send_duration_ms=0 receive_duration_ms=3 total_duration_ms=4
[2026-02-03 01:12:20.643] [info] [spider.worker] [TIMING] worker_id=c1aff04b-e790-4eee-b4cc-89639a9a11ab task_id=none get_next_task request_start=510382834 connect_end=510382835 send_end=510382835 receive_end=510382851 connect_duration_ms=1 send_duration_ms=0 receive_duration_ms=16 total_duration_ms=17
[2026-02-03 01:12:20.754] [info] [spider.worker] [TIMING] worker_id=c1aff04b-e790-4eee-b4cc-89639a9a11ab task_id=none get_next_task request_start=510382954 connect_end=510382955 send_end=510382955 receive_end=510382962 connect_duration_ms=1 send_duration_ms=0 receive_duration_ms=7 total_duration_ms=8
[2026-02-03 01:12:20.861] [info] [spider.worker] [TIMING] worker_id=c1aff04b-e790-4eee-b4cc-89639a9a11ab task_id=none get_next_task request_start=510383064 connect_end=510383065 send_end=510383065 receive_end=510383069 connect_duration_ms=1 send_duration_ms=0 receive_duration_ms=3 total_duration_ms=5
[2026-02-03 01:12:20.966] [info] [spider.worker] [TIMING] worker_id=c1aff04b-e790-4eee-b4cc-89639a9a11ab task_id=none get_next_task request_start=510383171 connect_end=510383172 send_end=510383172 receive_end=510383174 connect_duration_ms=0 send_duration_ms=0 receive_duration_ms=1 total_duration_ms=3
[2026-02-03 01:12:21.077] [info] [spider.worker] [TIMING] worker_id=c1aff04b-e790-4eee-b4cc-89639a9a11ab task_id=none get_next_task request_start=510383275 connect_end=510383276 send_end=510383276 receive_end=510383286 connect_duration_ms=0 send_duration_ms=0 receive_duration_ms=9 total_duration_ms=10
[2026-02-03 01:12:21.187] [info] [spider.worker] [TIMING] worker_id=c1aff04b-e790-4eee-b4cc-89639a9a11ab task_id=none get_next_task request_start=510383387 connect_end=510383388 send_end=510383388 receive_end=510383395 connect_duration_ms=0 send_duration_ms=0 receive_duration_ms=7 total_duration_ms=7
[2026-02-03 01:12:21.295] [info] [spider.worker] [TIMING] worker_id=c1aff04b-e790-4eee-b4cc-89639a9a11ab task_id=none get_next_task request_start=510383497 connect_end=510383498 send_end=510383498 receive_end=510383504 connect_duration_ms=1 send_duration_ms=0 receive_duration_ms=6 total_duration_ms=7
[2026-02-03 01:12:21.404] [info] [spider.worker] [TIMING] worker_id=c1aff04b-e790-4eee-b4cc-89639a9a11ab task_id=none get_next_task request_start=510383606 connect_end=510383608 send_end=510383608 receive_end=510383612 connect_duration_ms=1 send_duration_ms=0 receive_duration_ms=4 total_duration_ms=5
[2026-02-03 01:12:21.511] [info] [spider.worker] [TIMING] worker_id=c1aff04b-e790-4eee-b4cc-89639a9a11ab task_id=none get_next_task request_start=510383714 connect_end=510383716 send_end=510383716 receive_end=510383719 connect_duration_ms=1 send_duration_ms=0 receive_duration_ms=3 total_duration_ms=5
[2026-02-03 01:12:21.617] [info] [spider.worker] [TIMING] worker_id=c1aff04b-e790-4eee-b4cc-89639a9a11ab task_id=none get_next_task request_start=510383821 connect_end=510383823 send_end=510383823 receive_end=510383825 connect_duration_ms=1 send_duration_ms=0 receive_duration_ms=2 total_duration_ms=3
[2026-02-03 01:12:21.724] [info] [spider.worker] [TIMING] worker_id=c1aff04b-e790-4eee-b4cc-89639a9a11ab task_id=none get_next_task request_start=510383927 connect_end=510383929 send_end=510383929 receive_end=510383933 connect_duration_ms=1 send_duration_ms=0 receive_duration_ms=3 total_duration_ms=5
[2026-02-03 01:12:21.832] [info] [spider.worker] [TIMING] worker_id=c1aff04b-e790-4eee-b4cc-89639a9a11ab task_id=none get_next_task request_start=510384035 connect_end=510384037 send_end=510384037 receive_end=510384040 connect_duration_ms=1 send_duration_ms=0 receive_duration_ms=3 total_duration_ms=5
[2026-02-03 01:12:21.940] [info] [spider.worker] [TIMING] worker_id=c1aff04b-e790-4eee-b4cc-89639a9a11ab task_id=none get_next_task request_start=510384143 connect_end=510384145 send_end=510384145 receive_end=510384149 connect_duration_ms=1 send_duration_ms=0 receive_duration_ms=3 total_duration_ms=5
[2026-02-03 01:12:22.048] [info] [spider.worker] [TIMING] worker_id=c1aff04b-e790-4eee-b4cc-89639a9a11ab task_id=none get_next_task request_start=510384251 connect_end=510384253 send_end=510384253 receive_end=510384256 connect_duration_ms=1 send_duration_ms=0 receive_duration_ms=3 total_duration_ms=5
[2026-02-03 01:12:22.158] [info] [spider.worker] [TIMING] worker_id=c1aff04b-e790-4eee-b4cc-89639a9a11ab task_id=none get_next_task request_start=510384359 connect_end=510384361 send_end=510384361 receive_end=510384366 connect_duration_ms=1 send_duration_ms=0 receive_duration_ms=5 total_duration_ms=7
[2026-02-03 01:12:22.267] [info] [spider.worker] [TIMING] worker_id=c1aff04b-e790-4eee-b4cc-89639a9a11ab task_id=none get_next_task request_start=510384469 connect_end=510384471 send_end=510384471 receive_end=510384475 connect_duration_ms=1 send_duration_ms=0 receive_duration_ms=4 total_duration_ms=6
[2026-02-03 01:12:22.376] [info] [spider.worker] [TIMING] worker_id=c1aff04b-e790-4eee-b4cc-89639a9a11ab task_id=none get_next_task request_start=510384577 connect_end=510384579 send_end=510384579 receive_end=510384584 connect_duration_ms=1 send_duration_ms=0 receive_duration_ms=4 total_duration_ms=6
[2026-02-03 01:12:22.485] [info] [spider.worker] [TIMING] worker_id=c1aff04b-e790-4eee-b4cc-89639a9a11ab task_id=none get_next_task request_start=510384687 connect_end=510384688 send_end=510384688 receive_end=510384693 connect_duration_ms=1 send_duration_ms=0 receive_duration_ms=4 total_duration_ms=6
[2026-02-03 01:12:22.595] [info] [spider.worker] [TIMING] worker_id=c1aff04b-e790-4eee-b4cc-89639a9a11ab task_id=none get_next_task request_start=510384796 connect_end=510384797 send_end=510384798 receive_end=510384804 connect_duration_ms=1 send_duration_ms=0 receive_duration_ms=5 total_duration_ms=7
[2026-02-03 01:12:22.704] [info] [spider.worker] [TIMING] worker_id=c1aff04b-e790-4eee-b4cc-89639a9a11ab task_id=none get_next_task request_start=510384906 connect_end=510384908 send_end=510384908 receive_end=510384912 connect_duration_ms=1 send_duration_ms=0 receive_duration_ms=4 total_duration_ms=6
[2026-02-03 01:12:22.813] [info] [spider.worker] [TIMING] worker_id=c1aff04b-e790-4eee-b4cc-89639a9a11ab task_id=none get_next_task request_start=510385015 connect_end=510385017 send_end=510385017 receive_end=510385021 connect_duration_ms=1 send_duration_ms=0 receive_duration_ms=4 total_duration_ms=6
[2026-02-03 01:12:22.922] [info] [spider.worker] [TIMING] worker_id=c1aff04b-e790-4eee-b4cc-89639a9a11ab task_id=none get_next_task request_start=510385124 connect_end=510385126 send_end=510385126 receive_end=510385131 connect_duration_ms=1 send_duration_ms=0 receive_duration_ms=5 total_duration_ms=6
[2026-02-03 01:12:23.032] [info] [spider.worker] [TIMING] worker_id=c1aff04b-e790-4eee-b4cc-89639a9a11ab task_id=none get_next_task request_start=510385234 connect_end=510385235 send_end=510385235 receive_end=510385241 connect_duration_ms=1 send_duration_ms=0 receive_duration_ms=5 total_duration_ms=6
[2026-02-03 01:12:23.141] [info] [spider.worker] [TIMING] worker_id=c1aff04b-e790-4eee-b4cc-89639a9a11ab task_id=none get_next_task request_start=510385343 connect_end=510385344 send_end=510385344 receive_end=510385350 connect_duration_ms=1 send_duration_ms=0 receive_duration_ms=5 total_duration_ms=6
[2026-02-03 01:12:23.250] [info] [spider.worker] [TIMING] worker_id=c1aff04b-e790-4eee-b4cc-89639a9a11ab task_id=none get_next_task request_start=510385452 connect_end=510385454 send_end=510385454 receive_end=510385458 connect_duration_ms=1 send_duration_ms=0 receive_duration_ms=4 total_duration_ms=5
[2026-02-03 01:12:23.357] [info] [spider.worker] [TIMING] worker_id=c1aff04b-e790-4eee-b4cc-89639a9a11ab task_id=none get_next_task request_start=510385560 connect_end=510385561 send_end=510385561 receive_end=510385566 connect_duration_ms=1 send_duration_ms=0 receive_duration_ms=4 total_duration_ms=5
[2026-02-03 01:12:23.465] [info] [spider.worker] [TIMING] worker_id=c1aff04b-e790-4eee-b4cc-89639a9a11ab task_id=none get_next_task request_start=510385668 connect_end=510385670 send_end=510385670 receive_end=510385673 connect_duration_ms=1 send_duration_ms=0 receive_duration_ms=3 total_duration_ms=4
[2026-02-03 01:12:23.574] [info] [spider.worker] [TIMING] worker_id=c1aff04b-e790-4eee-b4cc-89639a9a11ab task_id=none get_next_task request_start=510385775 connect_end=510385777 send_end=510385777 receive_end=510385782 connect_duration_ms=1 send_duration_ms=0 receive_duration_ms=5 total_duration_ms=7
[2026-02-03 01:12:23.682] [info] [spider.worker] [TIMING] worker_id=c1aff04b-e790-4eee-b4cc-89639a9a11ab task_id=none get_next_task request_start=510385885 connect_end=510385887 send_end=510385887 receive_end=510385890 connect_duration_ms=1 send_duration_ms=0 receive_duration_ms=3 total_duration_ms=5
[2026-02-03 01:12:23.790] [info] [spider.worker] [TIMING] worker_id=c1aff04b-e790-4eee-b4cc-89639a9a11ab task_id=none get_next_task request_start=510385994 connect_end=510385995 send_end=510385995 receive_end=510385998 connect_duration_ms=1 send_duration_ms=0 receive_duration_ms=2 total_duration_ms=4
[2026-02-03 01:12:23.898] [info] [spider.worker] [TIMING] worker_id=c1aff04b-e790-4eee-b4cc-89639a9a11ab task_id=none get_next_task request_start=510386101 connect_end=510386102 send_end=510386102 receive_end=510386107 connect_duration_ms=1 send_duration_ms=0 receive_duration_ms=4 total_duration_ms=6
[2026-02-03 01:12:24.006] [info] [spider.worker] [TIMING] worker_id=c1aff04b-e790-4eee-b4cc-89639a9a11ab task_id=none get_next_task request_start=510386209 connect_end=510386211 send_end=510386211 receive_end=510386215 connect_duration_ms=1 send_duration_ms=0 receive_duration_ms=3 total_duration_ms=5
[2026-02-03 01:12:24.123] [info] [spider.worker] [TIMING] worker_id=c1aff04b-e790-4eee-b4cc-89639a9a11ab task_id=none get_next_task request_start=510386317 connect_end=510386318 send_end=510386318 receive_end=510386331 connect_duration_ms=1 send_duration_ms=0 receive_duration_ms=12 total_duration_ms=14
[2026-02-03 01:12:24.230] [info] [spider.worker] [TIMING] worker_id=c1aff04b-e790-4eee-b4cc-89639a9a11ab task_id=none get_next_task request_start=510386433 connect_end=510386435 send_end=510386435 receive_end=510386438 connect_duration_ms=1 send_duration_ms=0 receive_duration_ms=3 total_duration_ms=4
[2026-02-03 01:12:24.338] [info] [spider.worker] [TIMING] worker_id=c1aff04b-e790-4eee-b4cc-89639a9a11ab task_id=none get_next_task request_start=51038