[2026-02-02 22:47:52.123] [warning] [spider.worker] Prefer using `SPIDER_STORAGE_URL` environment variable over `--storage_url` argument.
[2026-02-02 22:47:52.197] [info] [spider.worker] [TIMING] worker_id=3eec1144-22d2-4f53-8819-797ffffdadae task_id=none get_next_task request_start=501714395 connect_end=501714396 send_end=501714396 receive_end=501714405 connect_duration_ms=0 send_duration_ms=0 receive_duration_ms=9 total_duration_ms=10
[2026-02-02 22:47:52.301] [info] [spider.worker] [TIMING] worker_id=3eec1144-22d2-4f53-8819-797ffffdadae task_id=none get_next_task request_start=501714507 connect_end=501714507 send_end=501714507 receive_end=501714509 connect_duration_ms=0 send_duration_ms=0 receive_duration_ms=1 total_duration_ms=2
[2026-02-02 22:47:52.408] [info] [spider.worker] [TIMING] worker_id=3eec1144-22d2-4f53-8819-797ffffdadae task_id=none get_next_task request_start=501714611 connect_end=501714612 send_end=501714612 receive_end=501714617 connect_duration_ms=0 send_duration_ms=0 receive_duration_ms=4 total_duration_ms=5
[2026-02-02 22:47:52.513] [info] [spider.worker] [TIMING] worker_id=3eec1144-22d2-4f53-8819-797ffffdadae task_id=none get_next_task request_start=501714718 connect_end=501714719 send_end=501714720 receive_end=501714721 connect_duration_ms=1 send_duration_ms=0 receive_duration_ms=1 total_duration_ms=2
[2026-02-02 22:47:52.627] [info] [spider.worker] [TIMING] worker_id=3eec1144-22d2-4f53-8819-797ffffdadae task_id=none get_next_task request_start=501714824 connect_end=501714825 send_end=501714825 receive_end=501714835 connect_duration_ms=0 send_duration_ms=0 receive_duration_ms=10 total_duration_ms=11
[2026-02-02 22:47:52.739] [info] [spider.worker] [TIMING] worker_id=3eec1144-22d2-4f53-8819-797ffffdadae task_id=none get_next_task request_start=501714938 connect_end=501714938 send_end=501714938 receive_end=501714947 connect_duration_ms=0 send_duration_ms=0 receive_duration_ms=8 total_duration_ms=9
[2026-02-02 22:47:52.846] [info] [spider.worker] [TIMING] worker_id=3eec1144-22d2-4f53-8819-797ffffdadae task_id=none get_next_task request_start=501715049 connect_end=501715050 send_end=501715050 receive_end=501715054 connect_duration_ms=1 send_duration_ms=0 receive_duration_ms=3 total_duration_ms=4
[2026-02-02 22:47:52.952] [info] [spider.worker] [TIMING] worker_id=3eec1144-22d2-4f53-8819-797ffffdadae task_id=none get_next_task request_start=501715157 connect_end=501715158 send_end=501715158 receive_end=501715160 connect_duration_ms=0 send_duration_ms=0 receive_duration_ms=1 total_duration_ms=2
[2026-02-02 22:47:53.057] [info] [spider.worker] [TIMING] worker_id=3eec1144-22d2-4f53-8819-797ffffdadae task_id=none get_next_task request_start=501715262 connect_end=501715263 send_end=501715263 receive_end=501715265 connect_duration_ms=0 send_duration_ms=0 receive_duration_ms=2 total_duration_ms=3
[2026-02-02 22:47:53.162] [info] [spider.worker] [TIMING] worker_id=3eec1144-22d2-4f53-8819-797ffffdadae task_id=none get_next_task request_start=501715367 connect_end=501715368 send_end=501715368 receive_end=501715371 connect_duration_ms=1 send_duration_ms=0 receive_duration_ms=2 total_duration_ms=3
[2026-02-02 22:47:53.267] [info] [spider.worker] [TIMING] worker_id=3eec1144-22d2-4f53-8819-797ffffdadae task_id=none get_next_task request_start=501715472 connect_end=501715473 send_end=501715473 receive_end=501715476 connect_duration_ms=0 send_duration_ms=0 receive_duration_ms=2 total_duration_ms=3
[2026-02-02 22:47:53.373] [info] [spider.worker] [TIMING] worker_id=3eec1144-22d2-4f53-8819-797ffffdadae task_id=none get_next_task request_start=501715578 connect_end=501715579 send_end=501715579 receive_end=501715582 connect_duration_ms=1 send_duration_ms=0 receive_duration_ms=2 total_duration_ms=3
[2026-02-02 22:47:53.479] [info] [spider.worker] [TIMING] worker_id=3eec1144-22d2-4f53-8819-797ffffdadae task_id=none get_next_task request_start=501715684 connect_end=501715685 send_end=501715685 receive_end=501715687 connect_duration_ms=0 send_duration_ms=0 receive_duration_ms=2 total_duration_ms=3
[2026-02-02 22:47:53.583] [info] [spider.worker] [TIMING] worker_id=3eec1144-22d2-4f53-8819-797ffffdadae task_id=none get_next_task request_start=501715789 connect_end=501715790 send_end=501715790 receive_end=501715791 connect_duration_ms=0 send_duration_ms=0 receive_duration_ms=1 total_duration_ms=2
[2026-02-02 22:47:53.688] [info] [spider.worker] [TIMING] worker_id=3eec1144-22d2-4f53-8819-797ffffdadae task_id=none get_next_task request_start=501715893 connect_end=501715894 send_end=501715894 receive_end=501715896 connect_duration_ms=0 send_duration_ms=0 receive_duration_ms=1 total_duration_ms=2
[2026-02-02 22:47:53.791] [info] [spider.worker] [TIMING] worker_id=3eec1144-22d2-4f53-8819-797ffffdadae task_id=none get_next_task request_start=501715997 connect_end=501715998 send_end=501715998 receive_end=501715999 connect_duration_ms=0 send_duration_ms=0 receive_duration_ms=1 total_duration_ms=2
[2026-02-02 22:47:53.900] [info] [spider.worker] [TIMING] worker_id=3eec1144-22d2-4f53-8819-797ffffdadae task_id=none get_next_task request_start=501716102 connect_end=501716103 send_end=501716103 receive_end=501716108 connect_duration_ms=1 send_duration_ms=0 receive_duration_ms=5 total_duration_ms=6
[2026-02-02 22:47:54.007] [info] [spider.worker] [TIMING] worker_id=3eec1144-22d2-4f53-8819-797ffffdadae task_id=none get_next_task request_start=501716210 connect_end=501716211 send_end=501716211 receive_end=501716215 connect_duration_ms=1 send_duration_ms=0 receive_duration_ms=3 total_duration_ms=4
[2026-02-02 22:47:54.115] [info] [spider.worker] [TIMING] worker_id=3eec1144-22d2-4f53-8819-797ffffdadae task_id=none get_next_task request_start=501716318 connect_end=501716319 send_end=501716319 receive_end=501716323 connect_duration_ms=0 send_duration_ms=0 receive_duration_ms=4 total_duration_ms=5
[2026-02-02 22:47:54.229] [info] [spider.worker] [TIMING] worker_id=3eec1144-22d2-4f53-8819-797ffffdadae task_id=none get_next_task request_start=501716425 connect_end=501716426 send_end=501716426 receive_end=501716438 connect_duration_ms=1 send_duration_ms=0 receive_duration_ms=11 total_duration_ms=12
[2026-02-02 22:47:54.334] [info] [spider.worker] [TIMING] worker_id=3eec1144-22d2-4f53-8819-797ffffdadae task_id=none get_next_task request_start=501716540 connect_end=501716540 send_end=501716540 receive_end=501716543 connect_duration_ms=0 send_duration_ms=0 receive_duration_ms=2 total_duration_ms=2
[2026-02-02 22:47:54.438] [info] [spider.worker] [TIMING] worker_id=3eec1144-22d2-4f53-8819-797ffffdadae task_id=none get_next_task request_start=501716644 connect_end=501716645 send_end=501716645 receive_end=501716646 connect_duration_ms=0 send_duration_ms=0 receive_duration_ms=1 total_duration_ms=2
[2026-02-02 22:47:54.542] [info] [spider.worker] [TIMING] worker_id=3eec1144-22d2-4f53-8819-797ffffdadae task_id=none get_next_task request_start=501716748 connect_end=501716749 send_end=501716749 receive_end=501716750 connect_duration_ms=0 send_duration_ms=0 receive_duration_ms=1 total_duration_ms=2
[2026-02-02 22:47:54.647] [info] [spider.worker] [TIMING] worker_id=3eec1144-22d2-4f53-8819-797ffffdadae task_id=none get_next_task request_start=501716853 connect_end=501716854 send_end=501716854 receive_end=501716856 connect_duration_ms=0 send_duration_ms=0 receive_duration_ms=1 total_duration_ms=2
[2026-02-02 22:47:54.759] [info] [spider.worker] [TIMING] worker_id=3eec1144-22d2-4f53-8819-797ffffdadae task_id=none get_next_task request_start=501716958 connect_end=501716959 send_end=501716959 receive_end=501716968 connect_duration_ms=0 send_duration_ms=0 receive_duration_ms=8 total_duration_ms=9
[2026-02-02 22:47:54.867] [info] [spider.worker] [TIMING] worker_id=3eec1144-22d2-4f53-8819-797ffffdadae task_id=none get_next_task request_start=501717070 connect_end=501717071 send_end=501717071 receive_end=501717076 connect_duration_ms=0 send_duration_ms=0 receive_duration_ms=4 total_duration_ms=5
[2026-02-02 22:47:54.971] [info] [spider.worker] [TIMING] worker_id=3eec1144-22d2-4f53-8819-797ffffdadae task_id=none get_next_task request_start=501717177 connect_end=501717178 send_end=501717178 receive_end=501717179 connect_duration_ms=0 send_duration_ms=0 receive_duration_ms=1 total_duration_ms=1
[2026-02-02 22:47:55.074] [info] [spider.worker] [TIMING] worker_id=3eec1144-22d2-4f53-8819-797ffffdadae task_id=none get_next_task request_start=501717280 connect_end=501717281 send_end=501717281 receive_end=501717282 connect_duration_ms=0 send_duration_ms=0 receive_duration_ms=1 total_duration_ms=1
[2026-02-02 22:47:55.187] [info] [spider.worker] [TIMING] worker_id=3eec1144-22d2-4f53-8819-797ffffdadae task_id=none get_next_task request_start=501717384 connect_end=501717385 send_end=501717385 receive_end=501717395 connect_duration_ms=0 send_duration_ms=0 receive_duration_ms=9 total_duration_ms=10
[2026-02-02 22:47:55.293] [info] [spider.worker] [TIMING] worker_id=3eec1144-22d2-4f53-8819-797ffffdadae task_id=none get_next_task request_start=501717497 connect_end=501717498 send_end=501717498 receive_end=501717501 connect_duration_ms=1 send_duration_ms=0 receive_duration_ms=3 total_duration_ms=4
[2026-02-02 22:47:55.399] [info] [spider.worker] [TIMING] worker_id=3eec1144-22d2-4f53-8819-797ffffdadae task_id=none get_next_task request_start=501717603 connect_end=501717605 send_end=501717605 receive_end=501717607 connect_duration_ms=1 send_duration_ms=0 receive_duration_ms=2 total_duration_ms=3
[2026-02-02 22:47:55.507] [info] [spider.worker] [TIMING] worker_id=3eec1144-22d2-4f53-8819-797ffffdadae task_id=none get_next_task request_start=501717710 connect_end=501717711 send_end=501717711 receive_end=501717715 connect_duration_ms=1 send_duration_ms=0 receive_duration_ms=4 total_duration_ms=5
[2026-02-02 22:47:55.615] [info] [spider.worker] [TIMING] worker_id=3eec1144-22d2-4f53-8819-797ffffdadae task_id=none get_next_task request_start=501717818 connect_end=501717819 send_end=501717819 receive_end=501717823 connect_duration_ms=1 send_duration_ms=0 receive_duration_ms=4 total_duration_ms=5
[2026-02-02 22:47:55.721] [info] [spider.worker] [TIMING] worker_id=3eec1144-22d2-4f53-8819-797ffffdadae task_id=none get_next_task request_start=501717926 connect_end=501717927 send_end=501717927 receive_end=501717929 connect_duration_ms=1 send_duration_ms=0 receive_duration_ms=2 total_duration_ms=3
[2026-02-02 22:47:55.828] [info] [spider.worker] [TIMING] worker_id=3eec1144-22d2-4f53-8819-797ffffdadae task_id=none get_next_task request_start=501718032 connect_end=501718033 send_end=501718033 receive_end=501718037 connect_duration_ms=1 send_duration_ms=0 receive_duration_ms=3 total_duration_ms=4
[2026-02-02 22:47:55.935] [info] [spider.worker] [TIMING] worker_id=3eec1144-22d2-4f53-8819-797ffffdadae task_id=none get_next_task request_start=501718139 connect_end=501718141 send_end=501718141 receive_end=501718143 connect_duration_ms=1 send_duration_ms=0 receive_duration_ms=2 total_duration_ms=3
[2026-02-02 22:47:56.053] [info] [spider.worker] [TIMING] worker_id=3eec1144-22d2-4f53-8819-797ffffdadae task_id=none get_next_task request_start=501718246 connect_end=501718247 send_end=501718247 receive_end=501718261 connect_duration_ms=1 send_duration_ms=0 receive_duration_ms=13 total_duration_ms=15
[2026-02-02 22:47:56.160] [info] [spider.worker] [TIMING] worker_id=3eec1144-22d2-4f53-8819-797ffffdadae task_id=none get_next_task request_start=501718364 connect_end=501718365 send_end=501718365 receive_end=501718368 connect_duration_ms=1 send_duration_ms=0 receive_duration_ms=2 total_duration_ms=4
[2026-02-02 22:47:56.266] [info] [spider.worker] [TIMING] worker_id=3eec1144-22d2-4f53-8819-797ffffdadae task_id=none get_next_task request_start=501718470 connect_end=501718472 send_end=501718472 receive_end=501718475 connect_duration_ms=1 send_duration_ms=0 receive_duration_ms=2 total_duration_ms=4
[2026-02-02 22:47:56.370] [info] [spider.worker] [TIMING] worker_id=3eec1144-22d2-4f53-8819-797ffffdadae task_id=none get_next_task request_start=501718577 connect_end=501718577 send_end=501718577 receive_end=501718579 connect_duration_ms=0 send_duration_ms=0 receive_duration_ms=1 total_duration_ms=2
[2026-02-02 22:47:56.478] [info] [spider.worker] [TIMING] worker_id=3eec1144-22d2-4f53-8819-797ffffdadae task_id=none get_next_task request_start=501718682 connect_end=501718683 send_end=501718683 receive_end=501718687 connect_duration_ms=1 send_duration_ms=0 receive_duration_ms=3 total_duration_ms=4
[2026-02-02 22:47:56.586] [info] [spider.worker] [TIMING] worker_id=3eec1144-22d2-4f53-8819-797ffffdadae task_id=none get_next_task request_start=501718789 connect_end=501718790 send_end=501718790 receive_end=501718795 connect_duration_ms=0 send_duration_ms=0 receive_duration_ms=4 total_duration_ms=5
[2026-02-02 22:47:56.692] [info] [spider.worker] [TIMING] worker_id=3eec1144-22d2-4f53-8819-797ffffdadae task_id=none get_next_task request_start=501718896 connect_end=501718898 send_end=501718898 receive_end=501718901 connect_duration_ms=1 send_duration_ms=0 receive_duration_ms=3 total_duration_ms=4
[2026-02-02 22:47:56.798] [info] [spider.worker] [TIMING] worker_id=3eec1144-22d2-4f53-8819-797ffffdadae task_id=none get_next_task request_start=501719003 connect_end=501719005 send_end=501719005 receive_end=501719007 connect_duration_ms=1 send_duration_ms=0 receive_duration_ms=2 total_duration_ms=3
[2026-02-02 22:47:56.906] [info] [spider.worker] [TIMING] worker_id=3eec1144-22d2-4f53-8819-797ffffdadae task_id=none get_next_task request_start=501719109 connect_end=501719110 send_end=501719110 receive_end=501719114 connect_duration_ms=0 send_duration_ms=0 receive_duration_ms=4 total_duration_ms=5
[2026-02-02 22:47:57.013] [info] [spider.worker] [TIMING] worker_id=3eec1144-22d2-4f53-8819-797ffffdadae task_id=none get_next_task request_start=501719217 connect_end=501719218 send_end=501719218 receive_end=501719221 connect_duration_ms=1 send_duration_ms=0 receive_duration_ms=3 total_duration_ms=4
[2026-02-02 22:47:57.120] [info] [spider.worker] [TIMING] worker_id=3eec1144-22d2-4f53-8819-797ffffdadae task_id=none get_next_task request_start=501719323 connect_end=501719324 send_end=501719325 receive_end=501719328 connect_duration_ms=1 send_duration_ms=0 receive_duration_ms=3 total_duration_ms=4
[2026-02-02 22:47:57.226] [info] [spider.worker] [TIMING] worker_id=3eec1144-22d2-4f53-8819-797ffffdadae task_id=none get_next_task request_start=501719430 connect_end=501719431 send_end=501719431 receive_end=501719434 connect_duration_ms=0 send_duration_ms=0 receive_duration_ms=2 total_duration_ms=3
[2026-02-02 22:47:57.337] [info] [spider.worker] [TIMING] worker_id=3eec1144-22d2-4f53-8819-797ffffdadae task_id=none get_next_task request_start=501719536 connect_end=501719537 send_end=501719537 receive_end=501719545 connect_duration_ms=1 send_duration_ms=0 receive_duration_ms=7 total_duration_ms=8
[2026-02-02 22:47:57.444] [info] [spider.worker] [TIMING] worker_id=3eec1144-22d2-4f53-8819-797ffffdadae task_id=none get_next_task request_start=501719648 connect_end=501719649 send_end=501719649 receive_end=501719653 connect_duration_ms=1 send_duration_ms=0 receive_duration_ms=3 total_duration_ms=4
[2026-02-02 22:47:57.553] [info] [spider.worker] [TIMING] worker_id=3eec1144-22d2-4f53-8819-797ffffdadae task_id=none get_next_task request_start=501719755 connect_end=501719757 send_end=501719757 receive_end=501719761 connect_duration_ms=1 send_duration_ms=0 receive_duration_ms=4 total_duration_ms=5
[2026-02-02 22:47:57.659] [info] [spider.worker] [TIMING] worker_id=3eec1144-22d2-4f53-8819-797ffffdadae task_id=none get_next_task request_start=501719864 connect_end=501719865 send_end=501719865 receive_end=501719868 connect_duration_ms=1 send_duration_ms=0 receive_duration_ms=2 total_duration_ms=3
[2026-02-02 22:47:57.765] [info] [spider.worker] [TIMING] worker_id=3eec1144-22d2-4f53-8819-797ffffdadae task_id=none get_next_task request_start=501719970 connect_end=501719971 send_end=501719971 receive_end=501719974 connect_duration_ms=1 send_duration_ms=0 receive_duration_ms=2 total_duration_ms=3
[2026-02-02 22:47:57.877] [info] [spider.worker] [TIMING] worker_id=3eec1144-22d2-4f53-8819-797ffffdadae task_id=none get_next_task request_start=501720076 connect_end=501720077 send_end=501720077 receive_end=501720086 connect_duration_ms=1 send_duration_ms=0 receive_duration_ms=8 total_duration_ms=9
[2026-02-02 22:47:57.985] [info] [spider.worker] [TIMING] worker_id=3eec1144-22d2-4f53-8819-797ffffdadae task_id=none get_next_task request_start=501720189 connect_end=501720190 send_end=501720190 receive_end=501720194 connect_duration_ms=1 send_duration_ms=0 receive_duration_ms=4 total_duration_ms=5
[2026-02-02 22:47:58.092] [info] [spider.worker] [TIMING] worker_id=3eec1144-22d2-4f53-8819-797ffffdadae task_id=none get_next_task request_start=501720296 connect_end=501720297 send_end=501720297 receive_end=501720300 connect_duration_ms=1 send_duration_ms=0 receive_duration_ms=2 total_duration_ms=3
[2026-02-02 22:47:58.196] [info] [spider.worker] [TIMING] worker_id=3eec1144-22d2-4f53-8819-797ffffdadae task_id=none get_next_task request_start=501720402 connect_end=501720402 send_end=501720402 receive_end=501720404 connect_duration_ms=0 send_duration_ms=0 receive_duration_ms=2 total_duration_ms=2
[2026-02-02 22:47:58.302] [info] [spider.worker] [TIMING] worker_id=3eec1144-22d2-4f53-8819-797ffffdadae task_id=none get_next_task request_start=501720507 connect_end=501720508 send_end=501720508 receive_end=501720510 connect_duration_ms=0 send_duration_ms=0 receive_duration_ms=2 total_duration_ms=3
[2026-02-02 22:47:58.407] [info] [spider.worker] [TIMING] worker_id=3eec1144-22d2-4f53-8819-797ffffdadae task_id=none get_next_task request_start=501720612 connect_end=501720613 send_end=501720613 receive_end=501720616 connect_duration_ms=0 send_duration_ms=0 receive_duration_ms=2 total_duration_ms=3
[2026-02-02 22:47:58.511] [info] [spider.worker] [TIMING] worker_id=3eec1144-22d2-4f53-8819-797ffffdadae task_id=none get_next_task request_start=501720717 connect_end=501720718 send_end=501720718 receive_end=501720719 connect_duration_ms=0 send_duration_ms=0 receive_duration_ms=1 total_duration_ms=1
[2026-02-02 22:47:58.614] [info] [spider.worker] [TIMING] worker_id=3eec1144-22d2-4f53-8819-797ffffdadae task_id=none get_next_task request_start=501720820 connect_end=501720821 send_end=501720821 receive_end=501720822 connect_duration_ms=0 send_duration_ms=0 receive_duration_ms=1 total_duration_ms=2
[2026-02-02 22:47:58.718] [info] [spider.worker] [TIMING] worker_id=3eec1144-22d2-4f53-8819-797ffffdadae task_id=none get_next_task request_start=501720924 connect_end=501720924 send_end=501720924 receive_end=501720927 connect_duration_ms=0 send_duration_ms=0 receive_duration_ms=2 total_duration_ms=3
[2026-02-02 22:47:58.823] [info] [spider.worker] [TIMING] worker_id=3eec1144-22d2-4f53-8819-797ffffdadae task_id=none get_next_task request_start=501721029 connect_end=501721030 send_end=501721030 receive_end=501721032 connect_duration_ms=0 send_duration_ms=0 receive_duration_ms=1 total_duration_ms=2
[2026-02-02 22:47:58.928] [info] [spider.worker] [TIMING] worker_id=3eec1144-22d2-4f53-8819-797ffffdadae task_id=none get_next_task request_start=501721133 connect_end=501721134 send_end=501721134 receive_end=501721136 connect_duration_ms=0 send_duration_ms=0 receive_duration_ms=2 total_duration_ms=3
[2026-02-02 22:47:59.032] [info] [spider.worker] [TIMING] worker_id=3eec1144-22d2-4f53-8819-797ffffdadae task_id=none get_next_task request_start=501721238 connect_end=501721239 send_end=501721239 receive_end=501721241 connect_duration_ms=0 send_duration_ms=0 receive_duration_ms=1 total_duration_ms=2
[2026-02-02 22:47:59.138] [info] [spider.worker] [TIMING] worker_id=3eec1144-22d2-4f53-8819-797ffffdadae task_id=none get_next_task request_start=501721342 connect_end=501721343 send_end=501721343 receive_end=501721346 connect_duration_ms=0 send_duration_ms=0 receive_duration_ms=3 total_duration_ms=3
[2026-02-02 22:47:59.248] [info] [spider.worker] [TIMING] worker_id=3eec1144-22d2-4f53-8819-797ffffdadae task_id=none get_next_task request_start=501721448 connect_end=501721449 send_end=501721449 receive_end=501721456 connect_duration_ms=0 send_duration_ms=0 receive_duration_ms=7 total_duration_ms=8
[2026-02-02 22:47:59.354] [info] [spider.worker] [TIMING] worker_id=3eec1144-22d2-4f53-8819-797ffffdadae task_id=none get_next_task request_start=501721558 connect_end=501721559 send_end=501721559 receive_end=501721562 connect_duration_ms=0 send_duration_ms=0 receive_duration_ms=3 total_duration_ms=4
[2026-02-02 22:47:59.458] [info] [spider.worker] [TIMING] worker_id=3eec1144-22d2-4f53-8819-797ffffdadae task_id=none get_next_task request_start=501721664 connect_end=501721665 send_end=501721665 receive_end=501721666 connect_duration_ms=0 send_duration_ms=0 receive_duration_ms=1 total_duration_ms=2
[2026-02-02 22:47:59.565] [info] [spider.worker] [TIMING] worker_id=3eec1144-22d2-4f53-8819-797ffffdadae task_id=none get_next_task request_start=501721768 connect_end=501721769 send_end=501721769 receive_end=501721773 connect_duration_ms=0 send_duration_ms=0 receive_duration_ms=4 total_duration_ms=4
[2026-02-02 22:47:59.682] [info] [spider.worker] [TIMING] worker_id=3eec1144-22d2-4f53-8819-797ffffdadae task_id=none get_next_task request_start=501721875 connect_end=501721875 send_end=501721875 receive_end=501721891 connect_duration_ms=0 send_duration_ms=0 receive_duration_ms=15 total_duration_ms=16
[2026-02-02 22:47:59.789] [info] [spider.worker] [TIMING] worker_id=3eec1144-22d2-4f53-8819-797ffffdadae task_id=none get_next_task request_start=501721993 connect_end=501721993 send_end=501721993 receive_end=501721997 connect_duration_ms=0 send_duration_ms=0 receive_duration_ms=4 total_duration_ms=4
[2026-02-02 22:47:59.895] [info] [spider.worker] [TIMING] worker_id=3eec1144-22d2-4f53-8819-797ffffdadae task_id=none get_next_task request_start=501722099 connect_end=501722100 send_end=501722100 receive_end=501722103 connect_duration_ms=0 send_duration_ms=0 receive_duration_ms=3 total_duration_ms=3
[2026-02-02 22:48:00.001] [info] [spider.worker] [TIMING] worker_id=3eec1144-22d2-4f53-8819-797ffffdadae task_id=none get_next_task request_start=501722206 connect_end=501722207 send_end=501722207 receive_end=501722210 connect_duration_ms=1 send_duration_ms=0 receive_duration_ms=3 total_duration_ms=4
[2026-02-02 22:48:00.108] [info] [spider.worker] [TIMING] worker_id=3eec1144-22d2-4f53-8819-797ffffdadae task_id=none get_next_task request_start=501722312 connect_end=501722313 send_end=501722313 receive_end=501722316 connect_duration_ms=0 send_duration_ms=0 receive_duration_ms=3 total_duration_ms=4
[2026-02-02 22:48:00.214] [info] [spider.worker] [TIMING] worker_id=3eec1144-22d2-4f53-8819-797ffffdadae task_id=none get_next_task request_start=501722419 connect_end=501722419 send_end=501722419 receive_end=501722422 connect_duration_ms=0 send_duration_ms=0 receive_duration_ms=2 total_duration_ms=3
[2026-02-02 22:48:00.319] [info] [spider.worker] [TIMING] worker_id=3eec1144-22d2-4f53-8819-797ffffdadae task_id=none get_next_task request_start=501722524 connect_end=501722525 send_end=501722525 receive_end=501722527 connect_duration_ms=1 send_duration_ms=0 receive_duration_ms=2 total_duration_ms=3
[2026-02-02 22:48:00.443] [info] [spider.worker] [TIMING] worker_id=3eec1144-22d2-4f53-8819-797ffffdadae task_id=none get_next_task request_start=501722636 connect_end=501722637 send_end=501722637 receive_end=501722651 connect_duration_ms=0 send_duration_ms=0 receive_duration_ms=13 total_duration_ms=14
[2026-02-02 22:48:00.560] [info] [spider.worker] [TIMING] worker_id=3eec1144-22d2-4f53-8819-797ffffdadae task_id=none get_next_task request_start=501722753 connect_end=501722754 send_end=501722755 receive_end=501722768 connect_duration_ms=1 send_duration_ms=0 receive_duration_ms=13 total_duration_ms=14
[2026-02-02 22:48:00.668] [info] [spider.worker] [TIMING] worker_id=3eec1144-22d2-4f53-8819-797ffffdadae task_id=none get_next_task request_start=501722871 connect_end=501722872 send_end=501722872 receive_end=501722876 connect_duration_ms=1 send_duration_ms=0 receive_duration_ms=4 total_duration_ms=5
[2026-02-02 22:48:00.774] [info] [spider.worker] [TIMING] worker_id=3eec1144-22d2-4f53-8819-797ffffdadae task_id=none get_next_task request_start=501722979 connect_end=501722980 send_end=501722980 receive_end=501722983 connect_duration_ms=1 send_duration_ms=0 receive_duration_ms=2 total_duration_ms=3
[2026-02-02 22:48:00.884] [info] [spider.worker] [TIMING] worker_id=3eec1144-22d2-4f53-8819-797ffffdadae task_id=none get_next_task request_start=501723085 connect_end=501723087 send_end=501723087 receive_end=501723092 connect_duration_ms=1 send_duration_ms=0 receive_duration_ms=5 total_duration_ms=6
[2026-02-02 22:48:00.992] [info] [spider.worker] [TIMING] worker_id=3eec1144-22d2-4f53-8819-797ffffdadae task_id=none get_next_task request_start=501723195 connect_end=501723196 send_end=501723196 receive_end=501723200 connect_duration_ms=1 send_duration_ms=0 receive_duration_ms=3 total_duration_ms=5
[2026-02-02 22:48:01.098] [info] [spider.worker] [TIMING] worker_id=3eec1144-22d2-4f53-8819-797ffffdadae task_id=none get_next_task request_start=501723302 connect_end=501723303 send_end=501723303 receive_end=501723307 connect_duration_ms=0 send_duration_ms=0 receive_duration_ms=3 total_duration_ms=4
[2026-02-02 22:48:01.204] [info] [spider.worker] [TIMING] worker_id=3eec1144-22d2-4f53-8819-797ffffdadae task_id=none get_next_task request_start=501723409 connect_end=501723410 send_end=501723410 receive_end=501723412 connect_duration_ms=1 send_duration_ms=0 receive_duration_ms=2 total_duration_ms=3
[2026-02-02 22:48:01.312] [info] [spider.worker] [TIMING] worker_id=3eec1144-22d2-4f53-8819-797ffffdadae task_id=none get_next_task request_start=501723514 connect_end=501723515 send_end=501723515 receive_end=501723520 connect_duration_ms=0 send_duration_ms=0 receive_duration_ms=4 total_duration_ms=5
[2026-02-02 22:48:01.419] [info] [spider.worker] [TIMING] worker_id=3eec1144-22d2-4f53-8819-797ffffdadae task_id=none get_next_task request_start=501723623 connect_end=501723624 send_end=501723624 receive_end=501723627 connect_duration_ms=1 send_duration_ms=0 receive_duration_ms=2 total_duration_ms=4
[2026-02-02 22:48:01.526] [info] [spider.worker] [TIMING] worker_id=3eec1144-22d2-4f53-8819-797ffffdadae task_id=none get_next_task request_start=501723730 connect_end=501723731 send_end=501723731 receive_end=501723734 connect_duration_ms=1 send_duration_ms=0 receive_duration_ms=2 total_duration_ms=4
[2026-02-02 22:48:01.633] [info] [spider.worker] [TIMING] worker_id=3eec1144-22d2-4f53-8819-797ffffdadae task_id=none get_next_task request_start=501723837 connect_end=501723838 send_end=501723838 receive_end=501723841 connect_duration_ms=1 send_duration_ms=0 receive_duration_ms=2 total_duration_ms=4
[2026-02-02 22:48:01.739] [info] [spider.worker] [TIMING] worker_id=3eec1144-22d2-4f53-8819-797ffffdadae task_id=none get_next_task request_start=501723944 connect_end=501723945 send_end=501723945 receive_end=501723947 connect_duration_ms=1 send_duration_ms=0 receive_duration_ms=2 total_duration_ms=3
[2026-02-02 22:48:01.845] [info] [spider.worker] [TIMING] worker_id=3eec1144-22d2-4f53-8819-797ffffdadae task_id=none get_next_task request_start=501724050 connect_end=501724051 send_end=501724051 receive_end=501724053 connect_duration_ms=1 send_duration_ms=0 receive_duration_ms=2 total_duration_ms=3
[2026-02-02 22:48:01.951] [info] [spider.worker] [TIMING] worker_id=3eec1144-22d2-4f53-8819-797ffffdadae task_id=none get_next_task request_start=501724156 connect_end=501724157 send_end=501724157 receive_end=501724160 connect_duration_ms=1 send_duration_ms=0 receive_duration_ms=2 total_duration_ms=3
[2026-02-02 22:48:02.058] [info] [spider.worker] [TIMING] worker_id=3eec1144-22d2-4f53-8819-797ffffdadae task_id=none get_next_task request_start=501724263 connect_end=501724264 send_end=501724264 receive_end=501724267 connect_duration_ms=1 send_duration_ms=0 receive_duration_ms=2 total_duration_ms=4
[2026-02-02 22:48:02.366] [info] [spider.worker] [TIMING] worker_id=3eec1144-22d2-4f53-8819-797ffffdadae task_id=none get_next_task request_start=501724369 connect_end=501724371 send_end=501724371 receive_end=501724575 connect_duration_ms=1 send_duration_ms=0 receive_duration_ms=203 total_duration_ms=205
[2026-02-02 22:48:02.599] [info] [spider.worker] [TIMING] worker_id=3eec1144-22d2-4f53-8819-797ffffdadae task_id=none get_next_task request_start=501724677 connect_end=501724678 send_end=501724678 receive_end=501724808 connect_duration_ms=1 send_duration_ms=0 receive_duration_ms=129 total_duration_ms=130
[2026-02-02 22:48:02.712] [info] [spider.worker] [TIMING] worker_id=3eec1144-22d2-4f53-8819-797ffffdadae task_id=none get_next_task request_start=501724911 connect_end=501724912 send_end=501724912 receive_end=501724921 connect_duration_ms=1 send_duration_ms=0 receive_duration_ms=8 total_duration_ms=9
[2026-02-02 22:48:02.829] [info] [spider.worker] [TIMING] worker_id=3eec1144-22d2-4f53-8819-797ffffdadae task_id=none get_next_task request_start=501725024 connect_end=501725025 send_end=501725025 receive_end=501725038 connect_duration_ms=1 send_duration_ms=0 receive_duration_ms=12 total_duration_ms=14
[2026-02-02 22:48:02.987] [info] [spider.worker] [TIMING] worker_id=3eec1144-22d2-4f53-8819-797ffffdadae task_id=none get_next_task request_start=501725146 connect_end=501725147 send_end=501725147 receive_end=501725195 connect_duration_ms=1 send_duration_ms=0 receive_duration_ms=48 total_duration_ms=49
[2026-02-02 22:48:03.103] [info] [spider.worker] [TIMING] worker_id=3eec1144-22d2-4f53-8819-797ffffdadae task_id=none get_next_task request_start=501725306 connect_end=501725307 send_end=501725307 receive_end=501725312 connect_duration_ms=1 send_duration_ms=0 receive_duration_ms=4 total_duration_ms=5
[2026-02-02 22:48:03.230] [info] [spider.worker] [TIMING] worker_id=3eec1144-22d2-4f53-8819-797ffffdadae task_id=none get_next_task request_start=501725416 connect_end=501725418 send_end=501725418 receive_end=501725438 connect_duration_ms=1 send_duration_ms=0 receive_duration_ms=20 total_duration_ms=22
[2026-02-02 22:48:03.338] [info] [spider.worker] [TIMING] worker_id=3eec1144-22d2-4f53-8819-797ffffdadae task_id=none get_next_task request_start=501725541 connect_end=501725542 send_end=501725542 receive_end=501725546 connect_duration_ms=0 send_duration_ms=0 receive_duration_ms=4 total_duration_ms=5
[2026-02-02 22:48:03.485] [info] [spider.worker] [TIMING] worker_id=3eec1144-22d2-4f53-8819-797ffffdadae task_id=none get_next_task request_start=501725652 connect_end=501725653 send_end=501725653 receive_end=501725694 connect_duration_ms=1 send_duration_ms=0 receive_duration_ms=40 total_duration_ms=41
[2026-02-02 22:48:03.605] [info] [spider.worker] [TIMING] worker_id=3eec1144-22d2-4f53-8819-797ffffdadae task_id=none get_next_task request_start=501725796 connect_end=501725797 send_end=501725797 receive_end=501725813 connect_duration_ms=1 send_duration_ms=0 receive_duration_ms=15 total_duration_ms=17
[2026-02-02 22:48:03.740] [info] [spider.worker] [TIMING] worker_id=3eec1144-22d2-4f53-8819-797ffffdadae task_id=none get_next_task request_start=501725915 connect_end=501725915 send_end=501725915 receive_end=501725948 connect_duration_ms=0 send_duration_ms=0 receive_duration_ms=32 total_duration_ms=33
[2026-02-02 22:48:03.845] [info] [spider.worker] [TIMING] worker_id=3eec1144-22d2-4f53-8819-797ffffdadae task_id=none get_next_task request_start=501726050 connect_end=501726051 send_end=501726051 receive_end=501726053 connect_duration_ms=0 send_duration_ms=0 receive_duration_ms=2 total_duration_ms=3
[2026-02-02 22:48:04.029] [info] [spider.worker] [TIMING] worker_id=3eec1144-22d2-4f53-8819-797ffffdadae task_id=05be1a74-6bb7-4a95-b6f5-368cf00c08c7 get_next_task request_start=501726156 connect_end=501726157 send_end=501726157 receive_end=501726157 connect_duration_ms=1 send_duration_ms=0 receive_duration_ms=0 total_duration_ms=1
[2026-02-02 22:48:04.033] [info] [spider.worker] [TIMING] task_id=05be1a74-6bb7-4a95-b6f5-368cf00c08c7 func=job_orchestration.executor.query.spider_search_task.search_without_channel fetch_input_start=501726240 fetch_input_end=501726241 fetch_input_duration_ms=1
[2026-02-02 22:48:04.033] [info] [spider.worker] [TIMING] task_id=05be1a74-6bb7-4a95-b6f5-368cf00c08c7 func=job_orchestration.executor.query.spider_search_task.search_without_channel input_send_start=501726242 input_send_end=501726242 input_send_duration_ms=0 bytes=612
[2026-02-02 22:48:04.033] [info] [spider.worker] [TIMING] task_id=05be1a74-6bb7-4a95-b6f5-368cf00c08c7 func=job_orchestration.executor.query.spider_search_task.search_without_channel spawn_start=501726241 spawn_end=501726242 spawn_duration_ms=0
[2026-02-02 22:48:05.300] [info] [spider.worker] [TIMING] task_id=05be1a74-6bb7-4a95-b6f5-368cf00c08c7 func=job_orchestration.executor.query.spider_search_task.search_without_channel execution_start=501726242 execution_end=501727509 execution_duration_ms=1266
[2026-02-02 22:48:05.342] [info] [spider.worker] [TIMING] task_id=05be1a74-6bb7-4a95-b6f5-368cf00c08c7 func=job_orchestration.executor.query.spider_search_task.search_without_channel submit_output_start=501727523 submit_output_end=501727550 submit_output_duration_ms=27
[2026-02-02 22:48:05.423] [info] [spider.worker] [TIMING] worker_id=3eec1144-22d2-4f53-8819-797ffffdadae task_id=fc88591d-5b50-4a0a-9c42-9f0f76c5cfe8 get_next_task request_start=501727553 connect_end=501727554 send_end=501727554 receive_end=501727554 connect_duration_ms=0 send_duration_ms=0 receive_duration_ms=0 total_duration_ms=1
[2026-02-02 22:48:05.425] [info] [spider.worker] [TIMING] task_id=fc88591d-5b50-4a0a-9c42-9f0f76c5cfe8 func=job_orchestration.executor.query.spider_search_task.search_without_channel fetch_input_start=501727632 fetch_input_end=501727633 fetch_input_duration_ms=0
[2026-02-02 22:48:05.425] [info] [spider.worker] [TIMING] task_id=fc88591d-5b50-4a0a-9c42-9f0f76c5cfe8 func=job_orchestration.executor.query.spider_search_task.search_without_channel input_send_start=501727634 input_send_end=501727634 input_send_duration_ms=0 bytes=612
[2026-02-02 22:48:05.425] [info] [spider.worker] [TIMING] task_id=fc88591d-5b50-4a0a-9c42-9f0f76c5cfe8 func=job_orchestration.executor.query.spider_search_task.search_without_channel spawn_start=501727633 spawn_end=501727634 spawn_duration_ms=0
[2026-02-02 22:48:06.831] [info] [spider.worker] [TIMING] task_id=fc88591d-5b50-4a0a-9c42-9f0f76c5cfe8 func=job_orchestration.executor.query.spider_search_task.search_without_channel execution_start=501727634 execution_end=501729040 execution_duration_ms=1405
[2026-02-02 22:48:06.901] [info] [spider.worker] [TIMING] task_id=fc88591d-5b50-4a0a-9c42-9f0f76c5cfe8 func=job_orchestration.executor.query.spider_search_task.search_without_channel submit_output_start=501729041 submit_output_end=501729109 submit_output_duration_ms=68
[2026-02-02 22:48:06.951] [info] [spider.worker] [TIMING] worker_id=3eec1144-22d2-4f53-8819-797ffffdadae task_id=f43f4bad-8bb1-4110-bdda-fc4f712bcd10 get_next_task request_start=501729111 connect_end=501729112 send_end=501729112 receive_end=501729112 connect_duration_ms=0 send_duration_ms=0 receive_duration_ms=0 total_duration_ms=0
[2026-02-02 22:48:06.954] [info] [spider.worker] [TIMING] task_id=f43f4bad-8bb1-4110-bdda-fc4f712bcd10 func=job_orchestration.executor.query.spider_search_task.search_without_channel fetch_input_start=501729161 fetch_input_end=501729162 fetch_input_duration_ms=0
[2026-02-02 22:48:06.954] [info] [spider.worker] [TIMING] task_id=f43f4bad-8bb1-4110-bdda-fc4f712bcd10 func=job_orchestration.executor.query.spider_search_task.search_without_channel input_send_start=501729163 input_send_end=501729163 input_send_duration_ms=0 bytes=612
[2026-02-02 22:48:06.954] [info] [spider.worker] [TIMING] task_id=f43f4bad-8bb1-4110-bdda-fc4f712bcd10 func=job_orchestration.executor.query.spider_search_task.search_without_channel spawn_start=501729162 spawn_end=501729163 spawn_duration_ms=0
[2026-02-02 22:48:08.200] [info] [spider.worker] [TIMING] task_id=f43f4bad-8bb1-4110-bdda-fc4f712bcd10 func=job_orchestration.executor.query.spider_search_task.search_without_channel execution_start=501729163 execution_end=501730408 execution_duration_ms=1245
[2026-02-02 22:48:08.236] [info] [spider.worker] [TIMING] task_id=f43f4bad-8bb1-4110-bdda-fc4f712bcd10 func=job_orchestration.executor.query.spider_search_task.search_without_channel submit_output_start=501730410 submit_output_end=501730444 submit_output_duration_ms=34
[2026-02-02 22:48:08.295] [info] [spider.worker] [TIMING] worker_id=3eec1144-22d2-4f53-8819-797ffffdadae task_id=1aa42249-5553-4ee3-bc51-3c562cf744f4 get_next_task request_start=501730447 connect_end=501730448 send_end=501730448 receive_end=501730448 connect_duration_ms=1 send_duration_ms=0 receive_duration_ms=0 total_duration_ms=1
[2026-02-02 22:48:08.298] [info] [spider.worker] [TIMING] task_id=1aa42249-5553-4ee3-bc51-3c562cf744f4 func=job_orchestration.executor.query.spider_search_task.search_without_channel fetch_input_start=501730505 fetch_input_end=501730506 fetch_input_duration_ms=1
[2026-02-02 22:48:08.298] [info] [spider.worker] [TIMING] task_id=1aa42249-5553-4ee3-bc51-3c562cf744f4 func=job_orchestration.executor.query.spider_search_task.search_without_channel input_send_start=501730507 input_send_end=501730507 input_send_duration_ms=0 bytes=612
[2026-02-02 22:48:08.298] [info] [spider.worker] [TIMING] task_id=1aa42249-5553-4ee3-bc51-3c562cf744f4 func=job_orchestration.executor.query.spider_search_task.search_without_channel spawn_start=501730506 spawn_end=501730507 spawn_duration_ms=0
[2026-02-02 22:48:09.847] [info] [spider.worker] [TIMING] task_id=1aa42249-5553-4ee3-bc51-3c562cf744f4 func=job_orchestration.executor.query.spider_search_task.search_without_channel execution_start=501730507 execution_end=501732056 execution_duration_ms=1548
[2026-02-02 22:48:09.860] [info] [spider.worker] [TIMING] task_id=1aa42249-5553-4ee3-bc51-3c562cf744f4 func=job_orchestration.executor.query.spider_search_task.search_without_channel submit_output_start=501732058 submit_output_end=501732068 submit_output_duration_ms=10
[2026-02-02 22:48:09.877] [info] [spider.worker] [TIMING] worker_id=3eec1144-22d2-4f53-8819-797ffffdadae task_id=bf3b59aa-f1b6-4104-95d3-2b1790b2c7b4 get_next_task request_start=501732071 connect_end=501732072 send_end=501732072 receive_end=501732072 connect_duration_ms=0 send_duration_ms=0 receive_duration_ms=0 total_duration_ms=0
[2026-02-02 22:48:09.880] [info] [spider.worker] [TIMING] task_id=bf3b59aa-f1b6-4104-95d3-2b1790b2c7b4 func=job_orchestration.executor.query.spider_search_task.search_without_channel fetch_input_start=501732087 fetch_input_end=501732088 fetch_input_duration_ms=0
[2026-02-02 22:48:09.880] [info] [spider.worker] [TIMING] task_id=bf3b59aa-f1b6-4104-95d3-2b1790b2c7b4 func=job_orchestration.executor.query.spider_search_task.search_without_channel input_send_start=501732088 input_send_end=501732088 input_send_duration_ms=0 bytes=612
[2026-02-02 22:48:09.880] [info] [spider.worker] [TIMING] task_id=bf3b59aa-f1b6-4104-95d3-2b1790b2c7b4 func=job_orchestration.executor.query.spider_search_task.search_without_channel spawn_start=501732088 spawn_end=501732088 spawn_duration_ms=0
[2026-02-02 22:48:11.336] [info] [spider.worker] [TIMING] task_id=bf3b59aa-f1b6-4104-95d3-2b1790b2c7b4 func=job_orchestration.executor.query.spider_search_task.search_without_channel execution_start=501732089 execution_end=501733545 execution_duration_ms=1456
[2026-02-02 22:48:11.361] [info] [spider.worker] [TIMING] task_id=bf3b59aa-f1b6-4104-95d3-2b1790b2c7b4 func=job_orchestration.executor.query.spider_search_task.search_without_channel submit_output_start=501733547 submit_output_end=501733569 submit_output_duration_ms=22
[2026-02-02 22:48:11.377] [info] [spider.worker] [TIMING] worker_id=3eec1144-22d2-4f53-8819-797ffffdadae task_id=5fb91668-912d-4054-90cd-1be8986676d7 get_next_task request_start=501733572 connect_end=501733572 send_end=501733572 receive_end=501733572 connect_duration_ms=0 send_duration_ms=0 receive_duration_ms=0 total_duration_ms=0
[2026-02-02 22:48:11.380] [info] [spider.worker] [TIMING] task_id=5fb91668-912d-4054-90cd-1be8986676d7 func=job_orchestration.executor.query.spider_search_task.search_without_channel fetch_input_start=501733587 fetch_input_end=501733588 fetch_input_duration_ms=0
[2026-02-02 22:48:11.380] [info] [spider.worker] [TIMING] task_id=5fb91668-912d-4054-90cd-1be8986676d7 func=job_orchestration.executor.query.spider_search_task.search_without_channel input_send_start=501733588 input_send_end=501733588 input_send_duration_ms=0 bytes=612
[2026-02-02 22:48:11.380] [info] [spider.worker] [TIMING] task_id=5fb91668-912d-4054-90cd-1be8986676d7 func=job_orchestration.executor.query.spider_search_task.search_without_channel spawn_start=501733588 spawn_end=501733588 spawn_duration_ms=0
[2026-02-02 22:48:12.733] [info] [spider.worker] [TIMING] task_id=5fb91668-912d-4054-90cd-1be8986676d7 func=job_orchestration.executor.query.spider_search_task.search_without_channel execution_start=501733589 execution_end=501734942 execution_duration_ms=1353
[2026-02-02 22:48:12.752] [info] [spider.worker] [TIMING] task_id=5fb91668-912d-4054-90cd-1be8986676d7 func=job_orchestration.executor.query.spider_search_task.search_without_channel submit_output_start=501734943 submit_output_end=501734960 submit_output_duration_ms=17
[2026-02-02 22:48:12.789] [info] [spider.worker] [TIMING] worker_id=3eec1144-22d2-4f53-8819-797ffffdadae task_id=8d0a6a81-93b7-406a-b7dd-8703d6bda520 get_next_task request_start=501734963 connect_end=501734963 send_end=501734964 receive_end=501734964 connect_duration_ms=0 send_duration_ms=0 receive_duration_ms=0 total_duration_ms=0
[2026-02-02 22:48:12.791] [info] [spider.worker] [TIMING] task_id=8d0a6a81-93b7-406a-b7dd-8703d6bda520 func=job_orchestration.executor.query.spider_search_task.search_without_channel fetch_input_start=501734999 fetch_input_end=501735000 fetch_input_duration_ms=1
[2026-02-02 22:48:12.792] [info] [spider.worker] [TIMING] task_id=8d0a6a81-93b7-406a-b7dd-8703d6bda520 func=job_orchestration.executor.query.spider_search_task.search_without_channel input_send_start=501735000 input_send_end=501735000 input_send_duration_ms=0 bytes=612
[2026-02-02 22:48:12.792] [info] [spider.worker] [TIMING] task_id=8d0a6a81-93b7-406a-b7dd-8703d6bda520 func=job_orchestration.executor.query.spider_search_task.search_without_channel spawn_start=501735000 spawn_end=501735000 spawn_duration_ms=0
[2026-02-02 22:48:14.187] [info] [spider.worker] [TIMING] task_id=8d0a6a81-93b7-406a-b7dd-8703d6bda520 func=job_orchestration.executor.query.spider_search_task.search_without_channel execution_start=501735000 execution_end=501736395 execution_duration_ms=1394
[2026-02-02 22:48:14.217] [info] [spider.worker] [TIMING] task_id=8d0a6a81-93b7-406a-b7dd-8703d6bda520 func=job_orchestration.executor.query.spider_search_task.search_without_channel submit_output_start=501736397 submit_output_end=501736425 submit_output_duration_ms=27
[2026-02-02 22:48:14.236] [info] [spider.worker] [TIMING] worker_id=3eec1144-22d2-4f53-8819-797ffffdadae task_id=efd07715-2ea5-49e9-af05-6a6554aebb5d get_next_task request_start=501736428 connect_end=501736429 send_end=501736429 receive_end=501736429 connect_duration_ms=0 send_duration_ms=0 receive_duration_ms=0 total_duration_ms=1
[2026-02-02 22:48:14.239] [info] [spider.worker] [TIMING] task_id=efd07715-2ea5-49e9-af05-6a6554aebb5d func=job_orchestration.executor.query.spider_search_task.search_without_channel fetch_input_start=501736446 fetch_input_end=501736447 fetch_input_duration_ms=1
[2026-02-02 22:48:14.239] [info] [spider.worker] [TIMING] task_id=efd07715-2ea5-49e9-af05-6a6554aebb5d func=job_orchestration.executor.query.spider_search_task.search_without_channel input_send_start=501736448 input_send_end=501736448 input_send_duration_ms=0 bytes=612
[2026-02-02 22:48:14.239] [info] [spider.worker] [TIMING] task_id=efd07715-2ea5-49e9-af05-6a6554aebb5d func=job_orchestration.executor.query.spider_search_task.search_without_channel spawn_start=501736447 spawn_end=501736448 spawn_duration_ms=0
[2026-02-02 22:48:15.443] [info] [spider.worker] [TIMING] task_id=efd07715-2ea5-49e9-af05-6a6554aebb5d func=job_orchestration.executor.query.spider_search_task.search_without_channel execution_start=501736448 execution_end=501737652 execution_duration_ms=1203
[2026-02-02 22:48:15.452] [info] [spider.worker] [TIMING] task_id=efd07715-2ea5-49e9-af05-6a6554aebb5d func=job_orchestration.executor.query.spider_search_task.search_without_channel submit_output_start=501737653 submit_output_end=501737661 submit_output_duration_ms=7
[2026-02-02 22:48:15.461] [info] [spider.worker] [TIMING] worker_id=3eec1144-22d2-4f53-8819-797ffffdadae task_id=7d9099de-a569-4845-8aa9-ec54f9ae14b6 get_next_task request_start=501737663 connect_end=501737664 send_end=501737664 receive_end=501737664 connect_duration_ms=0 send_duration_ms=0 receive_duration_ms=0 total_duration_ms=1
[2026-02-02 22:48:15.463] [info] [spider.worker] [TIMING] task_id=7d9099de-a569-4845-8aa9-ec54f9ae14b6 func=job_orchestration.executor.query.spider_search_task.search_without_channel fetch_input_start=501737671 fetch_input_end=501737671 fetch_input_duration_ms=0
[2026-02-02 22:48:15.463] [info] [spider.worker] [TIMING] task_id=7d9099de-a569-4845-8aa9-ec54f9ae14b6 func=job_orchestration.executor.query.spider_search_task.search_without_channel input_send_start=501737672 input_send_end=501737672 input_send_duration_ms=0 bytes=612
[2026-02-02 22:48:15.463] [info] [spider.worker] [TIMING] task_id=7d9099de-a569-4845-8aa9-ec54f9ae14b6 func=job_orchestration.executor.query.spider_search_task.search_without_channel spawn_start=501737671 spawn_end=501737672 spawn_duration_ms=0
[2026-02-02 22:48:16.902] [info] [spider.worker] [TIMING] task_id=7d9099de-a569-4845-8aa9-ec54f9ae14b6 func=job_orchestration.executor.query.spider_search_task.search_without_channel execution_start=501737672 execution_end=501739110 execution_duration_ms=1438
[2026-02-02 22:48:16.919] [info] [spider.worker] [TIMING] task_id=7d9099de-a569-4845-8aa9-ec54f9ae14b6 func=job_orchestration.executor.query.spider_search_task.search_without_channel submit_output_start=501739112 submit_output_end=501739128 submit_output_duration_ms=15
[2026-02-02 22:48:16.994] [info] [spider.worker] [TIMING] worker_id=3eec1144-22d2-4f53-8819-797ffffdadae task_id=05a581b8-73e4-46d4-b3df-2ed9a91a0fe9 get_next_task request_start=501739130 connect_end=501739131 send_end=501739131 receive_end=501739131 connect_duration_ms=0 send_duration_ms=0 receive_duration_ms=0 total_duration_ms=1
[2026-02-02 22:48:17.016] [info] [spider.worker] [TIMING] task_id=05a581b8-73e4-46d4-b3df-2ed9a91a0fe9 func=job_orchestration.executor.query.spider_search_task.search_without_channel fetch_input_start=501739205 fetch_input_end=501739224 fetch_input_duration_ms=19
[2026-02-02 22:48:17.016] [info] [spider.worker] [TIMING] task_id=05a581b8-73e4-46d4-b3df-2ed9a91a0fe9 func=job_orchestration.executor.query.spider_search_task.search_without_channel input_send_start=501739225 input_send_end=501739225 input_send_duration_ms=0 bytes=612
[2026-02-02 22:48:17.016] [info] [spider.worker] [TIMING] task_id=05a581b8-73e4-46d4-b3df-2ed9a91a0fe9 func=job_orchestration.executor.query.spider_search_task.search_without_channel spawn_start=501739224 spawn_end=501739225 spawn_duration_ms=0
[2026-02-02 22:48:18.328] [info] [spider.worker] [TIMING] task_id=05a581b8-73e4-46d4-b3df-2ed9a91a0fe9 func=job_orchestration.executor.query.spider_search_task.search_without_channel execution_start=501739225 execution_end=501740536 execution_duration_ms=1311
[2026-02-02 22:48:18.352] [info] [spider.worker] [TIMING] task_id=05a581b8-73e4-46d4-b3df-2ed9a91a0fe9 func=job_orchestration.executor.query.spider_search_task.search_without_channel submit_output_start=501740538 submit_output_end=501740560 submit_output_duration_ms=22
[2026-02-02 22:48:18.386] [info] [spider.worker] [TIMING] worker_id=3eec1144-22d2-4f53-8819-797ffffdadae task_id=b4b0342c-addb-41a0-80b7-c2e8356a6a02 get_next_task request_start=501740562 connect_end=501740564 send_end=501740564 receive_end=501740564 connect_duration_ms=1 send_duration_ms=0 receive_duration_ms=0 total_duration_ms=1
[2026-02-02 22:48:18.389] [info] [spider.worker] [TIMING] task_id=b4b0342c-addb-41a0-80b7-c2e8356a6a02 func=job_orchestration.executor.query.spider_search_task.search_without_channel fetch_input_start=501740596 fetch_input_end=501740597 fetch_input_duration_ms=0
[2026-02-02 22:48:18.390] [info] [spider.worker] [TIMING] task_id=b4b0342c-addb-41a0-80b7-c2e8356a6a02 func=job_orchestration.executor.query.spider_search_task.search_without_channel input_send_start=501740598 input_send_end=501740598 input_send_duration_ms=0 bytes=612
[2026-02-02 22:48:18.390] [info] [spider.worker] [TIMING] task_id=b4b0342c-addb-41a0-80b7-c2e8356a6a02 func=job_orchestration.executor.query.spider_search_task.search_without_channel spawn_start=501740597 spawn_end=501740598 spawn_duration_ms=0
[2026-02-02 22:48:19.660] [info] [spider.worker] [TIMING] task_id=b4b0342c-addb-41a0-80b7-c2e8356a6a02 func=job_orchestration.executor.query.spider_search_task.search_without_channel execution_start=501740598 execution_end=501741868 execution_duration_ms=1269
[2026-02-02 22:48:19.686] [info] [spider.worker] [TIMING] task_id=b4b0342c-addb-41a0-80b7-c2e8356a6a02 func=job_orchestration.executor.query.spider_search_task.search_without_channel submit_output_start=501741870 submit_output_end=501741895 submit_output_duration_ms=24
[2026-02-02 22:48:19.722] [info] [spider.worker] [TIMING] worker_id=3eec1144-22d2-4f53-8819-797ffffdadae task_id=95845e3e-3bf9-438f-b604-1b4898f2cc7f get_next_task request_start=501741897 connect_end=501741898 send_end=501741898 receive_end=501741898 connect_duration_ms=1 send_duration_ms=0 receive_duration_ms=0 total_duration_ms=1
[2026-02-02 22:48:19.724] [info] [spider.worker] [TIMING] task_id=95845e3e-3bf9-438f-b604-1b4898f2cc7f func=job_orchestration.executor.query.spider_search_task.search_without_channel fetch_input_start=501741932 fetch_input_end=501741932 fetch_input_duration_ms=0
[2026-02-02 22:48:19.725] [info] [spider.worker] [TIMING] task_id=95845e3e-3bf9-438f-b604-1b4898f2cc7f func=job_orchestration.executor.query.spider_search_task.search_without_channel input_send_start=501741933 input_send_end=501741933 input_send_duration_ms=0 bytes=612
[2026-02-02 22:48:19.725] [info] [spider.worker] [TIMING] task_id=95845e3e-3bf9-438f-b604-1b4898f2cc7f func=job_orchestration.executor.query.spider_search_task.search_without_channel spawn_start=501741933 spawn_end=501741933 spawn_duration_ms=0
[2026-02-02 22:48:20.968] [info] [spider.worker] [TIMING] task_id=95845e3e-3bf9-438f-b604-1b4898f2cc7f func=job_orchestration.executor.query.spider_search_task.search_without_channel execution_start=501741933 execution_end=501743176 execution_duration_ms=1243
[2026-02-02 22:48:21.053] [info] [spider.worker] [TIMING] task_id=95845e3e-3bf9-438f-b604-1b4898f2cc7f func=job_orchestration.executor.query.spider_search_task.search_without_channel submit_output_start=501743178 submit_output_end=501743262 submit_output_duration_ms=83
[2026-02-02 22:48:21.095] [info] [spider.worker] [TIMING] worker_id=3eec1144-22d2-4f53-8819-797ffffdadae task_id=f0355ea6-f35d-45d6-b32a-d1b7c468246d get_next_task request_start=501743264 connect_end=501743265 send_end=501743265 receive_end=501743265 connect_duration_ms=0 send_duration_ms=0 receive_duration_ms=0 total_duration_ms=0
[2026-02-02 22:48:21.098] [info] [spider.worker] [TIMING] task_id=f0355ea6-f35d-45d6-b32a-d1b7c468246d func=job_orchestration.executor.query.spider_search_task.search_without_channel fetch_input_start=501743305 fetch_input_end=501743306 fetch_input_duration_ms=0
[2026-02-02 22:48:21.098] [info] [spider.worker] [TIMING] task_id=f0355ea6-f35d-45d6-b32a-d1b7c468246d func=job_orchestration.executor.query.spider_search_task.search_without_channel input_send_start=501743307 input_send_end=501743307 input_send_duration_ms=0 bytes=612
[2026-02-02 22:48:21.098] [info] [spider.worker] [TIMING] task_id=f0355ea6-f35d-45d6-b32a-d1b7c468246d func=job_orchestration.executor.query.spider_search_task.search_without_channel spawn_start=501743306 spawn_end=501743307 spawn_duration_ms=0
[2026-02-02 22:48:22.585] [info] [spider.worker] [TIMING] task_id=f0355ea6-f35d-45d6-b32a-d1b7c468246d func=job_orchestration.executor.query.spider_search_task.search_without_channel execution_start=501743307 execution_end=501744793 execution_duration_ms=1486
[2026-02-02 22:48:22.595] [info] [spider.worker] [TIMING] task_id=f0355ea6-f35d-45d6-b32a-d1b7c468246d func=job_orchestration.executor.query.spider_search_task.search_without_channel submit_output_start=501744795 submit_output_end=501744804 submit_output_duration_ms=8
[2026-02-02 22:48:22.612] [info] [spider.worker] [TIMING] worker_id=3eec1144-22d2-4f53-8819-797ffffdadae task_id=8c6bbec7-321e-41d0-914d-553f38e00571 get_next_task request_start=501744806 connect_end=501744807 send_end=501744807 receive_end=501744807 connect_duration_ms=1 send_duration_ms=0 receive_duration_ms=0 total_duration_ms=1
[2026-02-02 22:48:22.615] [info] [spider.worker] [TIMING] task_id=8c6bbec7-321e-41d0-914d-553f38e00571 func=job_orchestration.executor.query.spider_search_task.search_without_channel fetch_input_start=501744822 fetch_input_end=501744823 fetch_input_duration_ms=0
[2026-02-02 22:48:22.615] [info] [spider.worker] [TIMING] task_id=8c6bbec7-321e-41d0-914d-553f38e00571 func=job_orchestration.executor.query.spider_search_task.search_without_channel input_send_start=501744824 input_send_end=501744824 input_send_duration_ms=0 bytes=612
[2026-02-02 22:48:22.615] [info] [spider.worker] [TIMING] task_id=8c6bbec7-321e-41d0-914d-553f38e00571 func=job_orchestration.executor.query.spider_search_task.search_without_channel spawn_start=501744823 spawn_end=501744824 spawn_duration_ms=0
[2026-02-02 22:48:24.118] [info] [spider.worker] [TIMING] task_id=8c6bbec7-321e-41d0-914d-553f38e00571 func=job_orchestration.executor.query.spider_search_task.search_without_channel execution_start=501744824 execution_end=501746326 execution_duration_ms=1502
[2026-02-02 22:48:24.129] [info] [spider.worker] [TIMING] task_id=8c6bbec7-321e-41d0-914d-553f38e00571 func=job_orchestration.executor.query.spider_search_task.search_without_channel submit_output_start=501746328 submit_output_end=501746337 submit_output_duration_ms=9
[2026-02-02 22:48:24.137] [info] [spider.worker] [TIMING] worker_id=3eec1144-22d2-4f53-8819-797ffffdadae task_id=4e766568-4761-440f-8224-7270d86a76e5 get_next_task request_start=501746340 connect_end=501746340 send_end=501746340 receive_end=501746341 connect_duration_ms=0 send_duration_ms=0 receive_duration_ms=0 total_duration_ms=1
[2026-02-02 22:48:24.140] [info] [spider.worker] [TIMING] task_id=4e766568-4761-440f-8224-7270d86a76e5 func=job_orchestration.executor.query.spider_search_task.search_without_channel fetch_input_start=501746347 fetch_input_end=501746348 fetch_input_duration_ms=1
[2026-02-02 22:48:24.140] [info] [spider.worker] [TIMING] task_id=4e766568-4761-440f-8224-7270d86a76e5 func=job_orchestration.executor.query.spider_search_task.search_without_channel input_send_start=501746349 input_send_end=501746349 input_send_duration_ms=0 bytes=612
[2026-02-02 22:48:24.140] [info] [spider.worker] [TIMING] task_id=4e766568-4761-440f-8224-7270d86a76e5 func=job_orchestration.executor.query.spider_search_task.search_without_channel spawn_start=501746348 spawn_end=501746349 spawn_duration_ms=0
[2026-02-02 22:48:25.428] [info] [spider.worker] [TIMING] task_id=4e766568-4761-440f-8224-7270d86a76e5 func=job_orchestration.executor.query.spider_search_task.search_without_channel execution_start=501746349 execution_end=501747636 execution_duration_ms=1287
[2026-02-02 22:48:25.446] [info] [spider.worker] [TIMING] task_id=4e766568-4761-440f-8224-7270d86a76e5 func=job_orchestration.executor.query.spider_search_task.search_without_channel submit_output_start=501747638 submit_output_end=501747654 submit_output_duration_ms=16
[2026-02-02 22:48:25.479] [info] [spider.worker] [TIMING] worker_id=3eec1144-22d2-4f53-8819-797ffffdadae task_id=5949a5f8-6571-4677-87ad-038ad41aa72d get_next_task request_start=501747656 connect_end=501747657 send_end=501747657 receive_end=501747657 connect_duration_ms=0 send_duration_ms=0 receive_duration_ms=0 total_duration_ms=1
[2026-02-02 22:48:25.481] [info] [spider.worker] [TIMING] task_id=5949a5f8-6571-4677-87ad-038ad41aa72d func=job_orchestration.executor.query.spider_search_task.search_without_channel fetch_input_start=501747689 fetch_input_end=501747690 fetch_input_duration_ms=0
[2026-02-02 22:48:25.482] [info] [spider.worker] [TIMING] task_id=5949a5f8-6571-4677-87ad-038ad41aa72d func=job_orchestration.executor.query.spider_search_task.search_without_channel input_send_start=501747690 input_send_end=501747690 input_send_duration_ms=0 bytes=612
[2026-02-02 22:48:25.482] [info] [spider.worker] [TIMING] task_id=5949a5f8-6571-4677-87ad-038ad41aa72d func=job_orchestration.executor.query.spider_search_task.search_without_channel spawn_start=501747690 spawn_end=501747690 spawn_duration_ms=0
[2026-02-02 22:48:26.646] [info] [spider.worker] [TIMING] task_id=5949a5f8-6571-4677-87ad-038ad41aa72d func=job_orchestration.executor.query.spider_search_task.search_without_channel execution_start=501747690 execution_end=501748854 execution_duration_ms=1163
[2026-02-02 22:48:26.673] [info] [spider.worker] [TIMING] task_id=5949a5f8-6571-4677-87ad-038ad41aa72d func=job_orchestration.executor.query.spider_search_task.search_without_channel submit_output_start=501748856 submit_output_end=501748881 submit_output_duration_ms=25
[2026-02-02 22:48:26.687] [info] [spider.worker] [TIMING] worker_id=3eec1144-22d2-4f53-8819-797ffffdadae task_id=95e0e25c-7a78-4244-b438-4847e1d322db get_next_task request_start=501748883 connect_end=501748884 send_end=501748884 receive_end=501748884 connect_duration_ms=0 send_duration_ms=0 receive_duration_ms=0 total_duration_ms=0
[2026-02-02 22:48:26.690] [info] [spider.worker] [TIMING] task_id=95e0e25c-7a78-4244-b438-4847e1d322db func=job_orchestration.executor.query.spider_search_task.search_without_channel fetch_input_start=501748898 fetch_input_end=501748899 fetch_input_duration_ms=0
[2026-02-02 22:48:26.691] [info] [spider.worker] [TIMING] task_id=95e0e25c-7a78-4244-b438-4847e1d322db func=job_orchestration.executor.query.spider_search_task.search_without_channel input_send_start=501748899 input_send_end=501748899 input_send_duration_ms=0 bytes=612
[2026-02-02 22:48:26.691] [info] [spider.worker] [TIMING] task_id=95e0e25c-7a78-4244-b438-4847e1d322db func=job_orchestration.executor.query.spider_search_task.search_without_channel spawn_start=501748899 spawn_end=501748899 spawn_duration_ms=0
[2026-02-02 22:48:27.971] [info] [spider.worker] [TIMING] task_id=95e0e25c-7a78-4244-b438-4847e1d322db func=job_orchestration.executor.query.spider_search_task.search_without_channel execution_start=501748899 execution_end=501750179 execution_duration_ms=1279
[2026-02-02 22:48:27.996] [info] [spider.worker] [TIMING] task_id=95e0e25c-7a78-4244-b438-4847e1d322db func=job_orchestration.executor.query.spider_search_task.search_without_channel submit_output_start=501750185 submit_output_end=501750204 submit_output_duration_ms=19
[2026-02-02 22:48:28.063] [info] [spider.worker] [TIMING] worker_id=3eec1144-22d2-4f53-8819-797ffffdadae task_id=6b5eb0d5-58d4-4cbc-88e9-571146e5e2fb get_next_task request_start=501750206 connect_end=501750207 send_end=501750207 receive_end=501750208 connect_duration_ms=0 send_duration_ms=0 receive_duration_ms=0 total_duration_ms=1
[2026-02-02 22:48:28.065] [info] [spider.worker] [TIMING] task_id=6b5eb0d5-58d4-4cbc-88e9-571146e5e2fb func=job_orchestration.executor.query.spider_search_task.search_without_channel fetch_input_start=501750273 fetch_input_end=501750273 fetch_input_duration_ms=0
[2026-02-02 22:48:28.065] [info] [spider.worker] [TIMING] task_id=6b5eb0d5-58d4-4cbc-88e9-571146e5e2fb func=job_orchestration.executor.query.spider_search_task.search_without_channel input_send_start=501750274 input_send_end=501750274 input_send_duration_ms=0 bytes=612
[2026-02-02 22:48:28.065] [info] [spider.worker] [TIMING] task_id=6b5eb0d5-58d4-4cbc-88e9-571146e5e2fb func=job_orchestration.executor.query.spider_search_task.search_without_channel spawn_start=501750273 spawn_end=501750274 spawn_duration_ms=0
[2026-02-02 22:48:29.328] [info] [spider.worker] [TIMING] task_id=6b5eb0d5-58d4-4cbc-88e9-571146e5e2fb func=job_orchestration.executor.query.spider_search_task.search_without_channel execution_start=501750274 execution_end=501751537 execution_duration_ms=1262
[2026-02-02 22:48:29.363] [info] [spider.worker] [TIMING] task_id=6b5eb0d5-58d4-4cbc-88e9-571146e5e2fb func=job_orchestration.executor.query.spider_search_task.search_without_channel submit_output_start=501751539 submit_output_end=501751571 submit_output_duration_ms=32
[2026-02-02 22:48:29.379] [info] [spider.worker] [TIMING] worker_id=3eec1144-22d2-4f53-8819-797ffffdadae task_id=a0d497c3-5edb-41f4-82b3-62947b640c54 get_next_task request_start=501751574 connect_end=501751575 send_end=501751575 receive_end=501751575 connect_duration_ms=1 send_duration_ms=0 receive_duration_ms=0 total_duration_ms=1
[2026-02-02 22:48:29.383] [info] [spider.worker] [TIMING] task_id=a0d497c3-5edb-41f4-82b3-62947b640c54 func=job_orchestration.executor.query.spider_search_task.search_without_channel fetch_input_start=501751590 fetch_input_end=501751591 fetch_input_duration_ms=1
[2026-02-02 22:48:29.383] [info] [spider.worker] [TIMING] task_id=a0d497c3-5edb-41f4-82b3-62947b640c54 func=job_orchestration.executor.query.spider_search_task.search_without_channel input_send_start=501751591 input_send_end=501751592 input_send_duration_ms=0 bytes=612
[2026-02-02 22:48:29.383] [info] [spider.worker] [TIMING] task_id=a0d497c3-5edb-41f4-82b3-62947b640c54 func=job_orchestration.executor.query.spider_search_task.search_without_channel spawn_start=501751591 spawn_end=501751592 spawn_duration_ms=0
[2026-02-02 22:48:30.708] [info] [spider.worker] [TIMING] task_id=a0d497c3-5edb-41f4-82b3-62947b640c54 func=job_orchestration.executor.query.spider_search_task.search_without_channel execution_start=501751592 execution_end=501752916 execution_duration_ms=1324
[2026-02-02 22:48:30.721] [info] [spider.worker] [TIMING] task_id=a0d497c3-5edb-41f4-82b3-62947b640c54 func=job_orchestration.executor.query.spider_search_task.search_without_channel submit_output_start=501752917 submit_output_end=501752929 submit_output_duration_ms=12
[2026-02-02 22:48:30.738] [info] [spider.worker] [TIMING] worker_id=3eec1144-22d2-4f53-8819-797ffffdadae task_id=320e7273-e17f-4aef-9a81-a91cb7ed78c0 get_next_task request_start=501752932 connect_end=501752933 send_end=501752933 receive_end=501752933 connect_duration_ms=0 send_duration_ms=0 receive_duration_ms=0 total_duration_ms=0
[2026-02-02 22:48:30.740] [info] [spider.worker] [TIMING] task_id=320e7273-e17f-4aef-9a81-a91cb7ed78c0 func=job_orchestration.executor.query.spider_search_task.search_without_channel fetch_input_start=501752948 fetch_input_end=501752949 fetch_input_duration_ms=0
[2026-02-02 22:48:30.741] [info] [spider.worker] [TIMING] task_id=320e7273-e17f-4aef-9a81-a91cb7ed78c0 func=job_orchestration.executor.query.spider_search_task.search_without_channel input_send_start=501752949 input_send_end=501752949 input_send_duration_ms=0 bytes=612
[2026-02-02 22:48:30.741] [info] [spider.worker] [TIMING] task_id=320e7273-e17f-4aef-9a81-a91cb7ed78c0 func=job_orchestration.executor.query.spider_search_task.search_without_channel spawn_start=501752949 spawn_end=501752949 spawn_duration_ms=0
[2026-02-02 22:48:32.005] [info] [spider.worker] [TIMING] task_id=320e7273-e17f-4aef-9a81-a91cb7ed78c0 func=job_orchestration.executor.query.spider_search_task.search_without_channel execution_start=501752949 execution_end=501754214 execution_duration_ms=1264
[2026-02-02 22:48:32.038] [info] [spider.worker] [TIMING] task_id=320e7273-e17f-4aef-9a81-a91cb7ed78c0 func=job_orchestration.executor.query.spider_search_task.search_without_channel submit_output_start=501754215 submit_output_end=501754246 submit_output_duration_ms=30
[2026-02-02 22:48:32.046] [info] [spider.worker] [TIMING] worker_id=3eec1144-22d2-4f53-8819-797ffffdadae task_id=7874eaa5-f340-4618-94f8-10fb70bb5231 get_next_task request_start=501754248 connect_end=501754249 send_end=501754249 receive_end=501754249 connect_duration_ms=0 send_duration_ms=0 receive_duration_ms=0 total_duration_ms=0
[2026-02-02 22:48:32.048] [info] [spider.worker] [TIMING] task_id=7874eaa5-f340-4618-94f8-10fb70bb5231 func=job_orchestration.executor.query.spider_search_task.search_without_channel fetch_input_start=501754256 fetch_input_end=501754257 fetch_input_duration_ms=0
[2026-02-02 22:48:32.049] [info] [spider.worker] [TIMING] task_id=7874eaa5-f340-4618-94f8-10fb70bb5231 func=job_orchestration.executor.query.spider_search_task.search_without_channel input_send_start=501754257 input_send_end=501754257 input_send_duration_ms=0 bytes=612
[2026-02-02 22:48:32.049] [info] [spider.worker] [TIMING] task_id=7874eaa5-f340-4618-94f8-10fb70bb5231 func=job_orchestration.executor.query.spider_search_task.search_without_channel spawn_start=501754257 spawn_end=501754257 spawn_duration_ms=0
[2026-02-02 22:48:33.331] [info] [spider.worker] [TIMING] task_id=7874eaa5-f340-4618-94f8-10fb70bb5231 func=job_orchestration.executor.query.spider_search_task.search_without_channel execution_start=501754258 execution_end=501755539 execution_duration_ms=1281
[2026-02-02 22:48:33.338] [info] [spider.worker] [TIMING] task_id=7874eaa5-f340-4618-94f8-10fb70bb5231 func=job_orchestration.executor.query.spider_search_task.search_without_channel submit_output_start=501755541 submit_output_end=501755546 submit_output_duration_ms=4
[2026-02-02 22:48:33.346] [info] [spider.worker] [TIMING] worker_id=3eec1144-22d2-4f53-8819-797ffffdadae task_id=13e1eea7-bb26-4982-a754-e5bd850ecfbe get_next_task request_start=501755549 connect_end=501755549 send_end=501755550 receive_end=501755550 connect_duration_ms=0 send_duration_ms=0 receive_duration_ms=0 total_duration_ms=0
[2026-02-02 22:48:33.350] [info] [spider.worker] [TIMING] task_id=13e1eea7-bb26-4982-a754-e5bd850ecfbe func=job_orchestration.executor.query.spider_search_task.search_without_channel fetch_input_start=501755557 fetch_input_end=501755558 fetch_input_duration_ms=0
[2026-02-02 22:48:33.350] [info] [spider.worker] [TIMING] task_id=13e1eea7-bb26-4982-a754-e5bd850ecfbe func=job_orchestration.executor.query.spider_search_task.search_without_channel input_send_start=501755558 input_send_end=501755558 input_send_duration_ms=0 bytes=612
[2026-02-02 22:48:33.350] [info] [spider.worker] [TIMING] task_id=13e1eea7-bb26-4982-a754-e5bd850ecfbe func=job_orchestration.executor.query.spider_search_task.search_without_channel spawn_start=501755558 spawn_end=501755558 spawn_duration_ms=0
[2026-02-02 22:48:34.539] [info] [spider.worker] [TIMING] task_id=13e1eea7-bb26-4982-a754-e5bd850ecfbe func=job_orchestration.executor.query.spider_search_task.search_without_channel execution_start=501755559 execution_end=501756747 execution_duration_ms=1188
[2026-02-02 22:48:34.546] [info] [spider.worker] [TIMING] task_id=13e1eea7-bb26-4982-a754-e5bd850ecfbe func=job_orchestration.executor.query.spider_search_task.search_without_channel submit_output_start=501756749 submit_output_end=501756755 submit_output_duration_ms=5
[2026-02-02 22:48:34.575] [info] [spider.worker] [TIMING] worker_id=3eec1144-22d2-4f53-8819-797ffffdadae task_id=db9a8fd6-2fcf-43a6-b6ad-4df72e265021 get_next_task request_start=501756757 connect_end=501756757 send_end=501756757 receive_end=501756758 connect_duration_ms=0 send_duration_ms=0 receive_duration_ms=0 total_duration_ms=0
[2026-02-02 22:48:34.578] [info] [spider.worker] [TIMING] task_id=db9a8fd6-2fcf-43a6-b6ad-4df72e265021 func=job_orchestration.executor.query.spider_search_task.search_without_channel fetch_input_start=501756785 fetch_input_end=501756786 fetch_input_duration_ms=0
[2026-02-02 22:48:34.578] [info] [spider.worker] [TIMING] task_id=db9a8fd6-2fcf-43a6-b6ad-4df72e265021 func=job_orchestration.executor.query.spider_search_task.search_without_channel input_send_start=501756787 input_send_end=501756787 input_send_duration_ms=0 bytes=612
[2026-02-02 22:48:34.578] [info] [spider.worker] [TIMING] task_id=db9a8fd6-2fcf-43a6-b6ad-4df72e265021 func=job_orchestration.executor.query.spider_search_task.search_without_channel spawn_start=501756786 spawn_end=501756787 spawn_duration_ms=0
[2026-02-02 22:48:35.812] [info] [spider.worker] [TIMING] task_id=db9a8fd6-2fcf-43a6-b6ad-4df72e265021 func=job_orchestration.executor.query.spider_search_task.search_without_channel execution_start=501756787 execution_end=501758021 execution_duration_ms=1233
[2026-02-02 22:48:35.830] [info] [spider.worker] [TIMING] task_id=db9a8fd6-2fcf-43a6-b6ad-4df72e265021 func=job_orchestration.executor.query.spider_search_task.search_without_channel submit_output_start=501758022 submit_output_end=501758038 submit_output_duration_ms=15
[2026-02-02 22:48:35.846] [info] [spider.worker] [TIMING] worker_id=3eec1144-22d2-4f53-8819-797ffffdadae task_id=9e78fa19-42df-413c-8b4b-6ab1c8e0ccae get_next_task request_start=501758040 connect_end=501758041 send_end=501758041 receive_end=501758041 connect_duration_ms=0 send_duration_ms=0 receive_duration_ms=0 total_duration_ms=0
[2026-02-02 22:48:35.849] [info] [spider.worker] [TIMING] task_id=9e78fa19-42df-413c-8b4b-6ab1c8e0ccae func=job_orchestration.executor.query.spider_search_task.search_without_channel fetch_input_start=501758057 fetch_input_end=501758058 fetch_input_duration_ms=0
[2026-02-02 22:48:35.850] [info] [spider.worker] [TIMING] task_id=9e78fa19-42df-413c-8b4b-6ab1c8e0ccae func=job_orchestration.executor.query.spider_search_task.search_without_channel input_send_start=501758058 input_send_end=501758058 input_send_duration_ms=0 bytes=612
[2026-02-02 22:48:35.850] [info] [spider.worker] [TIMING] task_id=9e78fa19-42df-413c-8b4b-6ab1c8e0ccae func=job_orchestration.executor.query.spider_search_task.search_without_channel spawn_start=501758058 spawn_end=501758058 spawn_duration_ms=0
[2026-02-02 22:48:37.215] [info] [spider.worker] [TIMING] task_id=9e78fa19-42df-413c-8b4b-6ab1c8e0ccae func=job_orchestration.executor.query.spider_search_task.search_without_channel execution_start=501758058 execution_end=501759423 execution_duration_ms=1364
[2026-02-02 22:48:37.240] [info] [spider.worker] [TIMING] task_id=9e78fa19-42df-413c-8b4b-6ab1c8e0ccae func=job_orchestration.executor.query.spider_search_task.search_without_channel submit_output_start=501759425 submit_output_end=501759448 submit_output_duration_ms=23
[2026-02-02 22:48:37.255] [info] [spider.worker] [TIMING] worker_id=3eec1144-22d2-4f53-8819-797ffffdadae task_id=e52cc8bb-c2b6-481b-8fd1-6aac08c158f3 get_next_task request_start=501759451 connect_end=501759452 send_end=501759452 receive_end=501759452 connect_duration_ms=1 send_duration_ms=0 receive_duration_ms=0 total_duration_ms=1
[2026-02-02 22:48:37.258] [info] [spider.worker] [TIMING] task_id=e52cc8bb-c2b6-481b-8fd1-6aac08c158f3 func=job_orchestration.executor.query.spider_search_task.search_without_channel fetch_input_start=501759465 fetch_input_end=501759467 fetch_input_duration_ms=1
[2026-02-02 22:48:37.259] [info] [spider.worker] [TIMING] task_id=e52cc8bb-c2b6-481b-8fd1-6aac08c158f3 func=job_orchestration.executor.query.spider_search_task.search_without_channel input_send_start=501759467 input_send_end=501759467 input_send_duration_ms=0 bytes=612
[2026-02-02 22:48:37.259] [info] [spider.worker] [TIMING] task_id=e52cc8bb-c2b6-481b-8fd1-6aac08c158f3 func=job_orchestration.executor.query.spider_search_task.search_without_channel spawn_start=501759467 spawn_end=501759467 spawn_duration_ms=0
[2026-02-02 22:48:38.499] [info] [spider.worker] [TIMING] task_id=e52cc8bb-c2b6-481b-8fd1-6aac08c158f3 func=job_orchestration.executor.query.spider_search_task.search_without_channel execution_start=501759467 execution_end=501760707 execution_duration_ms=1239
[2026-02-02 22:48:38.522] [info] [spider.worker] [TIMING] task_id=e52cc8bb-c2b6-481b-8fd1-6aac08c158f3 func=job_orchestration.executor.query.spider_search_task.search_without_channel submit_output_start=501760710 submit_output_end=501760730 submit_output_duration_ms=20
[2026-02-02 22:48:38.538] [info] [spider.worker] [TIMING] worker_id=3eec1144-22d2-4f53-8819-797ffffdadae task_id=2bb9103b-d740-4a0c-ba79-b5f59e6590cc get_next_task request_start=501760733 connect_end=501760734 send_end=501760734 receive_end=501760734 connect_duration_ms=0 send_duration_ms=0 receive_duration_ms=0 total_duration_ms=0
[2026-02-02 22:48:38.541] [info] [spider.worker] [TIMING] task_id=2bb9103b-d740-4a0c-ba79-b5f59e6590cc func=job_orchestration.executor.query.spider_search_task.search_without_channel fetch_input_start=501760749 fetch_input_end=501760750 fetch_input_duration_ms=1
[2026-02-02 22:48:38.542] [info] [spider.worker] [TIMING] task_id=2bb9103b-d740-4a0c-ba79-b5f59e6590cc func=job_orchestration.executor.query.spider_search_task.search_without_channel input_send_start=501760750 input_send_end=501760750 input_send_duration_ms=0 bytes=612
[2026-02-02 22:48:38.542] [info] [spider.worker] [TIMING] task_id=2bb9103b-d740-4a0c-ba79-b5f59e6590cc func=job_orchestration.executor.query.spider_search_task.search_without_channel spawn_start=501760750 spawn_end=501760750 spawn_duration_ms=0
[2026-02-02 22:48:39.756] [info] [spider.worker] [TIMING] task_id=2bb9103b-d740-4a0c-ba79-b5f59e6590cc func=job_orchestration.executor.query.spider_search_task.search_without_channel execution_start=501760750 execution_end=501761965 execution_duration_ms=1214
[2026-02-02 22:48:39.779] [info] [spider.worker] [TIMING] task_id=2bb9103b-d740-4a0c-ba79-b5f59e6590cc func=job_orchestration.executor.query.spider_search_task.search_without_channel submit_output_start=501761966 submit_output_end=501761987 submit_output_duration_ms=20
[2026-02-02 22:48:39.797] [info] [spider.worker] [TIMING] worker_id=3eec1144-22d2-4f53-8819-797ffffdadae task_id=33881273-a0a9-4e5d-b8ad-3fc944bf1bff get_next_task request_start=501761990 connect_end=501761991 send_end=501761991 receive_end=501761991 connect_duration_ms=0 send_duration_ms=0 receive_duration_ms=0 total_duration_ms=1
[2026-02-02 22:48:39.800] [info] [spider.worker] [TIMING] task_id=33881273-a0a9-4e5d-b8ad-3fc944bf1bff func=job_orchestration.executor.query.spider_search_task.search_without_channel fetch_input_start=501762007 fetch_input_end=501762008 fetch_input_duration_ms=0
[2026-02-02 22:48:39.800] [info] [spider.worker] [TIMING] task_id=33881273-a0a9-4e5d-b8ad-3fc944bf1bff func=job_orchestration.executor.query.spider_search_task.search_without_channel input_send_start=501762009 input_send_end=501762009 input_send_duration_ms=0 bytes=612
[2026-02-02 22:48:39.800] [info] [spider.worker] [TIMING] task_id=33881273-a0a9-4e5d-b8ad-3fc944bf1bff func=job_orchestration.executor.query.spider_search_task.search_without_channel spawn_start=501762008 spawn_end=501762009 spawn_duration_ms=0
[2026-02-02 22:48:41.101] [info] [spider.worker] [TIMING] task_id=33881273-a0a9-4e5d-b8ad-3fc944bf1bff func=job_orchestration.executor.query.spider_search_task.search_without_channel execution_start=501762009 execution_end=501763309 execution_duration_ms=1300
[2026-02-02 22:48:41.133] [info] [spider.worker] [TIMING] task_id=33881273-a0a9-4e5d-b8ad-3fc944bf1bff func=job_orchestration.executor.query.spider_search_task.search_without_channel submit_output_start=501763311 submit_output_end=501763341 submit_output_duration_ms=30
[2026-02-02 22:48:41.147] [info] [spider.worker] [TIMING] worker_id=3eec1144-22d2-4f53-8819-797ffffdadae task_id=a233d4bd-27ea-40a5-908b-18918d26d371 get_next_task request_start=501763344 connect_end=501763345 send_end=501763345 receive_end=501763345 connect_duration_ms=0 send_duration_ms=0 receive_duration_ms=0 total_duration_ms=1
[2026-02-02 22:48:41.150] [info] [spider.worker] [TIMING] task_id=a233d4bd-27ea-40a5-908b-18918d26d371 func=job_orchestration.executor.query.spider_search_task.search_without_channel fetch_input_start=501763358 fetch_input_end=501763359 fetch_input_duration_ms=1
[2026-02-02 22:48:41.151] [info] [spider.worker] [TIMING] task_id=a233d4bd-27ea-40a5-908b-18918d26d371 func=job_orchestration.executor.query.spider_search_task.search_without_channel input_send_start=501763359 input_send_end=501763359 input_send_duration_ms=0 bytes=612
[2026-02-02 22:48:41.151] [info] [spider.worker] [TIMING] task_id=a233d4bd-27ea-40a5-908b-18918d26d371 func=job_orchestration.executor.query.spider_search_task.search_without_channel spawn_start=501763359 spawn_end=501763359 spawn_duration_ms=0
[2026-02-02 22:48:42.563] [info] [spider.worker] [TIMING] task_id=a233d4bd-27ea-40a5-908b-18918d26d371 func=job_orchestration.executor.query.spider_search_task.search_without_channel execution_start=501763360 execution_end=501764771 execution_duration_ms=1411
[2026-02-02 22:48:42.589] [info] [spider.worker] [TIMING] task_id=a233d4bd-27ea-40a5-908b-18918d26d371 func=job_orchestration.executor.query.spider_search_task.search_without_channel submit_output_start=501764778 submit_output_end=501764798 submit_output_duration_ms=19
[2026-02-02 22:48:42.648] [info] [spider.worker] [TIMING] worker_id=3eec1144-22d2-4f53-8819-797ffffdadae task_id=9a32bfe9-191c-472e-b586-8e6ca2a24c9c get_next_task request_start=501764800 connect_end=501764801 send_end=501764801 receive_end=501764801 connect_duration_ms=0 send_duration_ms=0 receive_duration_ms=0 total_duration_ms=1
[2026-02-02 22:48:42.652] [info] [spider.worker] [TIMING] task_id=9a32bfe9-191c-472e-b586-8e6ca2a24c9c func=job_orchestration.executor.query.spider_search_task.search_without_channel fetch_input_start=501764859 fetch_input_end=501764860 fetch_input_duration_ms=1
[2026-02-02 22:48:42.652] [info] [spider.worker] [TIMING] task_id=9a32bfe9-191c-472e-b586-8e6ca2a24c9c func=job_orchestration.executor.query.spider_search_task.search_without_channel input_send_start=501764861 input_send_end=501764861 input_send_duration_ms=0 bytes=612
[2026-02-02 22:48:42.652] [info] [spider.worker] [TIMING] task_id=9a32bfe9-191c-472e-b586-8e6ca2a24c9c func=job_orchestration.executor.query.spider_search_task.search_without_channel spawn_start=501764860 spawn_end=501764861 spawn_duration_ms=0
[2026-02-02 22:48:43.859] [info] [spider.worker] [TIMING] task_id=9a32bfe9-191c-472e-b586-8e6ca2a24c9c func=job_orchestration.executor.query.spider_search_task.search_without_channel execution_start=501764861 execution_end=501766067 execution_duration_ms=1206
[2026-02-02 22:48:43.889] [info] [spider.worker] [TIMING] task_id=9a32bfe9-191c-472e-b586-8e6ca2a24c9c func=job_orchestration.executor.query.spider_search_task.search_without_channel submit_output_start=501766069 submit_output_end=501766098 submit_output_duration_ms=28
[2026-02-02 22:48:43.906] [info] [spider.worker] [TIMING] worker_id=3eec1144-22d2-4f53-8819-797ffffdadae task_id=ea5082e3-d870-4cf9-985b-a78dc62e8d0d get_next_task request_start=501766100 connect_end=501766101 send_end=501766101 receive_end=501766101 connect_duration_ms=0 send_duration_ms=0 receive_duration_ms=0 total_duration_ms=0
[2026-02-02 22:48:43.909] [info] [spider.worker] [TIMING] task_id=ea5082e3-d870-4cf9-985b-a78dc62e8d0d func=job_orchestration.executor.query.spider_search_task.search_without_channel fetch_input_start=501766117 fetch_input_end=501766118 fetch_input_duration_ms=1
[2026-02-02 22:48:43.910] [info] [spider.worker] [TIMING] task_id=ea5082e3-d870-4cf9-985b-a78dc62e8d0d func=job_orchestration.executor.query.spider_search_task.search_without_channel input_send_start=501766118 input_send_end=501766118 input_send_duration_ms=0 bytes=612
[2026-02-02 22:48:43.910] [info] [spider.worker] [TIMING] task_id=ea5082e3-d870-4cf9-985b-a78dc62e8d0d func=job_orchestration.executor.query.spider_search_task.search_without_channel spawn_start=501766118 spawn_end=501766118 spawn_duration_ms=0
[2026-02-02 22:48:45.356] [info] [spider.worker] [TIMING] task_id=ea5082e3-d870-4cf9-985b-a78dc62e8d0d func=job_orchestration.executor.query.spider_search_task.search_without_channel execution_start=501766118 execution_end=501767564 execution_duration_ms=1445
[2026-02-02 22:48:45.381] [info] [spider.worker] [TIMING] task_id=ea5082e3-d870-4cf9-985b-a78dc62e8d0d func=job_orchestration.executor.query.spider_search_task.search_without_channel submit_output_start=501767566 submit_output_end=501767590 submit_output_duration_ms=23
[2026-02-02 22:48:45.398] [info] [spider.worker] [TIMING] worker_id=3eec1144-22d2-4f53-8819-797ffffdadae task_id=60992f91-6718-4f26-af80-c8f27f7195a6 get_next_task request_start=501767592 connect_end=501767593 send_end=501767593 receive_end=501767593 connect_duration_ms=0 send_duration_ms=0 receive_duration_ms=0 total_duration_ms=0
[2026-02-02 22:48:45.400] [info] [spider.worker] [TIMING] task_id=60992f91-6718-4f26-af80-c8f27f7195a6 func=job_orchestration.executor.query.spider_search_task.search_without_channel fetch_input_start=501767608 fetch_input_end=501767608 fetch_input_duration_ms=0
[2026-02-02 22:48:45.401] [info] [spider.worker] [TIMING] task_id=60992f91-6718-4f26-af80-c8f27f7195a6 func=job_orchestration.executor.query.spider_search_task.search_without_channel input_send_start=501767609 input_send_end=501767609 input_send_duration_ms=0 bytes=612
[2026-02-02 22:48:45.401] [info] [spider.worker] [TIMING] task_id=60992f91-6718-4f26-af80-c8f27f7195a6 func=job_orchestration.executor.query.spider_search_task.search_without_channel spawn_start=501767609 spawn_end=501767609 spawn_duration_ms=0
[2026-02-02 22:48:46.757] [info] [spider.worker] [TIMING] task_id=60992f91-6718-4f26-af80-c8f27f7195a6 func=job_orchestration.executor.query.spider_search_task.search_without_channel execution_start=501767609 execution_end=501768965 execution_duration_ms=1356
[2026-02-02 22:48:46.790] [info] [spider.worker] [TIMING] task_id=60992f91-6718-4f26-af80-c8f27f7195a6 func=job_orchestration.executor.query.spider_search_task.search_without_channel submit_output_start=501768980 submit_output_end=501768998 submit_output_duration_ms=18
[2026-02-02 22:48:46.807] [info] [spider.worker] [TIMING] worker_id=3eec1144-22d2-4f53-8819-797ffffdadae task_id=fbde3113-4cbf-42d0-abf0-39ecf3e48ce5 get_next_task request_start=501769001 connect_end=501769002 send_end=501769002 receive_end=501769002 connect_duration_ms=0 send_duration_ms=0 receive_duration_ms=0 total_duration_ms=1
[2026-02-02 22:48:46.809] [info] [spider.worker] [TIMING] task_id=fbde3113-4cbf-42d0-abf0-39ecf3e48ce5 func=job_orchestration.executor.query.spider_search_task.search_without_channel fetch_input_start=501769017 fetch_input_end=501769018 fetch_input_duration_ms=0
[2026-02-02 22:48:46.810] [info] [spider.worker] [TIMING] task_id=fbde3113-4cbf-42d0-abf0-39ecf3e48ce5 func=job_orchestration.executor.query.spider_search_task.search_without_channel input_send_start=501769018 input_send_end=501769018 input_send_duration_ms=0 bytes=612
[2026-02-02 22:48:46.810] [info] [spider.worker] [TIMING] task_id=fbde3113-4cbf-42d0-abf0-39ecf3e48ce5 func=job_orchestration.executor.query.spider_search_task.search_without_channel spawn_start=501769018 spawn_end=501769018 spawn_duration_ms=0
[2026-02-02 22:48:48.126] [info] [spider.worker] [TIMING] task_id=fbde3113-4cbf-42d0-abf0-39ecf3e48ce5 func=job_orchestration.executor.query.spider_search_task.search_without_channel execution_start=501769019 execution_end=501770334 execution_duration_ms=1315
[2026-02-02 22:48:48.257] [info] [spider.worker] [TIMING] task_id=fbde3113-4cbf-42d0-abf0-39ecf3e48ce5 func=job_orchestration.executor.query.spider_search_task.search_without_channel submit_output_start=501770352 submit_output_end=501770466 submit_output_duration_ms=113
[2026-02-02 22:48:48.299] [info] [spider.worker] [TIMING] worker_id=3eec1144-22d2-4f53-8819-797ffffdadae task_id=c12ad07e-c4b3-4999-bbcc-2c24b3c6905b get_next_task request_start=501770478 connect_end=501770479 send_end=501770479 receive_end=501770479 connect_duration_ms=0 send_duration_ms=0 receive_duration_ms=0 total_duration_ms=1
[2026-02-02 22:48:48.301] [info] [spider.worker] [TIMING] task_id=c12ad07e-c4b3-4999-bbcc-2c24b3c6905b func=job_orchestration.executor.query.spider_search_task.search_without_channel fetch_input_start=501770509 fetch_input_end=501770509 fetch_input_duration_ms=0
[2026-02-02 22:48:48.302] [info] [spider.worker] [TIMING] task_id=c12ad07e-c4b3-4999-bbcc-2c24b3c6905b func=job_orchestration.executor.query.spider_search_task.search_without_channel input_send_start=501770510 input_send_end=501770510 input_send_duration_ms=0 bytes=612
[2026-02-02 22:48:48.302] [info] [spider.worker] [TIMING] task_id=c12ad07e-c4b3-4999-bbcc-2c24b3c6905b func=job_orchestration.executor.query.spider_search_task.search_without_channel spawn_start=501770509 spawn_end=501770510 spawn_duration_ms=0
[2026-02-02 22:48:49.668] [info] [spider.worker] [TIMING] task_id=c12ad07e-c4b3-4999-bbcc-2c24b3c6905b func=job_orchestration.executor.query.spider_search_task.search_without_channel execution_start=501770510 execution_end=501771876 execution_duration_ms=1365
[2026-02-02 22:48:49.674] [info] [spider.worker] [TIMING] task_id=c12ad07e-c4b3-4999-bbcc-2c24b3c6905b func=job_orchestration.executor.query.spider_search_task.search_without_channel submit_output_start=501771878 submit_output_end=501771882 submit_output_duration_ms=4
[2026-02-02 22:48:49.682] [info] [spider.worker] [TIMING] worker_id=3eec1144-22d2-4f53-8819-797ffffdadae task_id=b4f135a9-3f38-4e59-86b4-807f416271eb get_next_task request_start=501771884 connect_end=501771885 send_end=501771885 receive_end=501771885 connect_duration_ms=0 send_duration_ms=0 receive_duration_ms=0 total_duration_ms=0
[2026-02-02 22:48:49.685] [info] [spider.worker] [TIMING] task_id=b4f135a9-3f38-4e59-86b4-807f416271eb func=job_orchestration.executor.query.spider_search_task.search_without_channel fetch_input_start=501771892 fetch_input_end=501771893 fetch_input_duration_ms=0
[2026-02-02 22:48:49.685] [info] [spider.worker] [TIMING] task_id=b4f135a9-3f38-4e59-86b4-807f416271eb func=job_orchestration.executor.query.spider_search_task.search_without_channel input_send_start=501771894 input_send_end=501771894 input_send_duration_ms=0 bytes=612
[2026-02-02 22:48:49.685] [info] [spider.worker] [TIMING] task_id=b4f135a9-3f38-4e59-86b4-807f416271eb func=job_orchestration.executor.query.spider_search_task.search_without_channel spawn_start=501771893 spawn_end=501771894 spawn_duration_ms=0
[2026-02-02 22:48:50.903] [info] [spider.worker] [TIMING] task_id=b4f135a9-3f38-4e59-86b4-807f416271eb func=job_orchestration.executor.query.spider_search_task.search_without_channel execution_start=501771894 execution_end=501773111 execution_duration_ms=1217
[2026-02-02 22:48:50.940] [info] [spider.worker] [TIMING] task_id=b4f135a9-3f38-4e59-86b4-807f416271eb func=job_orchestration.executor.query.spider_search_task.search_without_channel submit_output_start=501773113 submit_output_end=501773149 submit_output_duration_ms=36
[2026-02-02 22:48:51.008] [info] [spider.worker] [TIMING] worker_id=3eec1144-22d2-4f53-8819-797ffffdadae task_id=35c575bc-1160-43bb-b1ac-5c46f6bb2104 get_next_task request_start=501773151 connect_end=501773151 send_end=501773151 receive_end=501773152 connect_duration_ms=0 send_duration_ms=0 receive_duration_ms=0 total_duration_ms=0
[2026-02-02 22:48:51.011] [info] [spider.worker] [TIMING] task_id=35c575bc-1160-43bb-b1ac-5c46f6bb2104 func=job_orchestration.executor.query.spider_search_task.search_without_channel fetch_input_start=501773218 fetch_input_end=501773219 fetch_input_duration_ms=1
[2026-02-02 22:48:51.011] [info] [spider.worker] [TIMING] task_id=35c575bc-1160-43bb-b1ac-5c46f6bb2104 func=job_orchestration.executor.query.spider_search_task.search_without_channel input_send_start=501773220 input_send_end=501773220 input_send_duration_ms=0 bytes=612
[2026-02-02 22:48:51.011] [info] [spider.worker] [TIMING] task_id=35c575bc-1160-43bb-b1ac-5c46f6bb2104 func=job_orchestration.executor.query.spider_search_task.search_without_channel spawn_start=501773219 spawn_end=501773220 spawn_duration_ms=0
[2026-02-02 22:48:52.361] [info] [spider.worker] [TIMING] task_id=35c575bc-1160-43bb-b1ac-5c46f6bb2104 func=job_orchestration.executor.query.spider_search_task.search_without_channel execution_start=501773220 execution_end=501774569 execution_duration_ms=1349
[2026-02-02 22:48:52.374] [info] [spider.worker] [TIMING] task_id=35c575bc-1160-43bb-b1ac-5c46f6bb2104 func=job_orchestration.executor.query.spider_search_task.search_without_channel submit_output_start=501774571 submit_output_end=501774582 submit_output_duration_ms=11
[2026-02-02 22:48:52.412] [info] [spider.worker] [TIMING] worker_id=3eec1144-22d2-4f53-8819-797ffffdadae task_id=28570075-ce03-4d1f-9291-c80b2d8cdced get_next_task request_start=501774585 connect_end=501774586 send_end=501774586 receive_end=501774586 connect_duration_ms=0 send_duration_ms=0 receive_duration_ms=0 total_duration_ms=1
[2026-02-02 22:48:52.415] [info] [spider.worker] [TIMING] task_id=28570075-ce03-4d1f-9291-c80b2d8cdced func=job_orchestration.executor.query.spider_search_task.search_without_channel fetch_input_start=501774622 fetch_input_end=501774623 fetch_input_duration_ms=0
[2026-02-02 22:48:52.415] [info] [spider.worker] [TIMING] task_id=28570075-ce03-4d1f-9291-c80b2d8cdced func=job_orchestration.executor.query.spider_search_task.search_without_channel input_send_start=501774623 input_send_end=501774623 input_send_duration_ms=0 bytes=612
[2026-02-02 22:48:52.415] [info] [spider.worker] [TIMING] task_id=28570075-ce03-4d1f-9291-c80b2d8cdced func=job_orchestration.executor.query.spider_search_task.search_without_channel spawn_start=501774623 spawn_end=501774623 spawn_duration_ms=0
[2026-02-02 22:48:54.028] [info] [spider.worker] [TIMING] task_id=28570075-ce03-4d1f-9291-c80b2d8cdced func=job_orchestration.executor.query.spider_search_task.search_without_channel execution_start=501774624 execution_end=501776236 execution_duration_ms=1612
[2026-02-02 22:48:54.041] [info] [spider.worker] [TIMING] task_id=28570075-ce03-4d1f-9291-c80b2d8cdced func=job_orchestration.executor.query.spider_search_task.search_without_channel submit_output_start=501776238 submit_output_end=501776249 submit_output_duration_ms=11
[2026-02-02 22:48:54.049] [info] [spider.worker] [TIMING] worker_id=3eec1144-22d2-4f53-8819-797ffffdadae task_id=438d3fd5-e845-49b7-9be8-845bbb83b3f1 get_next_task request_start=501776251 connect_end=501776252 send_end=501776252 receive_end=501776252 connect_duration_ms=0 send_duration_ms=0 receive_duration_ms=0 total_duration_ms=0
[2026-02-02 22:48:54.051] [info] [spider.worker] [TIMING] task_id=438d3fd5-e845-49b7-9be8-845bbb83b3f1 func=job_orchestration.executor.query.spider_search_task.search_without_channel fetch_input_start=501776259 fetch_input_end=501776259 fetch_input_duration_ms=0
[2026-02-02 22:48:54.052] [info] [spider.worker] [TIMING] task_id=438d3fd5-e845-49b7-9be8-845bbb83b3f1 func=job_orchestration.executor.query.spider_search_task.search_without_channel input_send_start=501776260 input_send_end=501776260 input_send_duration_ms=0 bytes=612
[2026-02-02 22:48:54.052] [info] [spider.worker] [TIMING] task_id=438d3fd5-e845-49b7-9be8-845bbb83b3f1 func=job_orchestration.executor.query.spider_search_task.search_without_channel spawn_start=501776260 spawn_end=501776260 spawn_duration_ms=0
[2026-02-02 22:48:55.178] [info] [spider.worker] [TIMING] task_id=438d3fd5-e845-49b7-9be8-845bbb83b3f1 func=job_orchestration.executor.query.spider_search_task.search_without_channel execution_start=501776260 execution_end=501777386 execution_duration_ms=1126
[2026-02-02 22:48:55.191] [info] [spider.worker] [TIMING] task_id=438d3fd5-e845-49b7-9be8-845bbb83b3f1 func=job_orchestration.executor.query.spider_search_task.search_without_channel submit_output_start=501777388 submit_output_end=501777399 submit_output_duration_ms=11
[2026-02-02 22:48:55.208] [info] [spider.worker] [TIMING] worker_id=3eec1144-22d2-4f53-8819-797ffffdadae task_id=4508a2f9-e4e8-4897-9ba2-504249883c0a get_next_task request_start=501777402 connect_end=501777402 send_end=501777402 receive_end=501777402 connect_duration_ms=0 send_duration_ms=0 receive_duration_ms=0 total_duration_ms=0
[2026-02-02 22:48:55.211] [info] [spider.worker] [TIMING] task_id=4508a2f9-e4e8-4897-9ba2-504249883c0a func=job_orchestration.executor.query.spider_search_task.search_without_channel fetch_input_start=501777418 fetch_input_end=501777419 fetch_input_duration_ms=0
[2026-02-02 22:48:55.211] [info] [spider.worker] [TIMING] task_id=4508a2f9-e4e8-4897-9ba2-504249883c0a func=job_orchestration.executor.query.spider_search_task.search_without_channel input_send_start=501777419 input_send_end=501777419 input_send_duration_ms=0 bytes=612
[2026-02-02 22:48:55.211] [info] [spider.worker] [TIMING] task_id=4508a2f9-e4e8-4897-9ba2-504249883c0a func=job_orchestration.executor.query.spider_search_task.search_without_channel spawn_start=501777419 spawn_end=501777420 spawn_duration_ms=0
[2026-02-02 22:48:56.557] [info] [spider.worker] [TIMING] task_id=4508a2f9-e4e8-4897-9ba2-504249883c0a func=job_orchestration.executor.query.spider_search_task.search_without_channel execution_start=501777420 execution_end=501778766 execution_duration_ms=1346
[2026-02-02 22:48:56.600] [info] [spider.worker] [TIMING] task_id=4508a2f9-e4e8-4897-9ba2-504249883c0a func=job_orchestration.executor.query.spider_search_task.search_without_channel submit_output_start=501778773 submit_output_end=501778808 submit_output_duration_ms=35
[2026-02-02 22:48:56.641] [info] [spider.worker] [TIMING] worker_id=3eec1144-22d2-4f53-8819-797ffffdadae task_id=0aa28d6d-d491-4580-9950-23740f1e59d8 get_next_task request_start=501778810 connect_end=501778811 send_end=501778811 receive_end=501778811 connect_duration_ms=1 send_duration_ms=0 receive_duration_ms=0 total_duration_ms=1
[2026-02-02 22:48:56.644] [info] [spider.worker] [TIMING] task_id=0aa28d6d-d491-4580-9950-23740f1e59d8 func=job_orchestration.executor.query.spider_search_task.search_without_channel fetch_input_start=501778851 fetch_input_end=501778852 fetch_input_duration_ms=0
[2026-02-02 22:48:56.645] [info] [spider.worker] [TIMING] task_id=0aa28d6d-d491-4580-9950-23740f1e59d8 func=job_orchestration.executor.query.spider_search_task.search_without_channel input_send_start=501778853 input_send_end=501778853 input_send_duration_ms=0 bytes=612
[2026-02-02 22:48:56.645] [info] [spider.worker] [TIMING] task_id=0aa28d6d-d491-4580-9950-23740f1e59d8 func=job_orchestration.executor.query.spider_search_task.search_without_channel spawn_start=501778852 spawn_end=501778853 spawn_duration_ms=0
[2026-02-02 22:48:58.054] [info] [spider.worker] [TIMING] task_id=0aa28d6d-d491-4580-9950-23740f1e59d8 func=job_orchestration.executor.query.spider_search_task.search_without_channel execution_start=501778853 execution_end=501780263 execution_duration_ms=1409
[2026-02-02 22:48:58.092] [info] [spider.worker] [TIMING] task_id=0aa28d6d-d491-4580-9950-23740f1e59d8 func=job_orchestration.executor.query.spider_search_task.search_without_channel submit_output_start=501780264 submit_output_end=501780300 submit_output_duration_ms=36
[2026-02-02 22:48:58.126] [info] [spider.worker] [TIMING] worker_id=3eec1144-22d2-4f53-8819-797ffffdadae task_id=ee8f8120-7154-4f97-8239-e0de36d72518 get_next_task request_start=501780302 connect_end=501780303 send_end=501780303 receive_end=501780303 connect_duration_ms=0 send_duration_ms=0 receive_duration_ms=0 total_duration_ms=0
[2026-02-02 22:48:58.129] [info] [spider.worker] [TIMING] task_id=ee8f8120-7154-4f97-8239-e0de36d72518 func=job_orchestration.executor.query.spider_search_task.search_without_channel fetch_input_start=501780336 fetch_input_end=501780337 fetch_input_duration_ms=1
[2026-02-02 22:48:58.129] [info] [spider.worker] [TIMING] task_id=ee8f8120-7154-4f97-8239-e0de36d72518 func=job_orchestration.executor.query.spider_search_task.search_without_channel input_send_start=501780338 input_send_end=501780338 input_send_duration_ms=0 bytes=612
[2026-02-02 22:48:58.129] [info] [spider.worker] [TIMING] task_id=ee8f8120-7154-4f97-8239-e0de36d72518 func=job_orchestration.executor.query.spider_search_task.search_without_channel spawn_start=501780337 spawn_end=501780338 spawn_duration_ms=0
[2026-02-02 22:48:59.381] [info] [spider.worker] [TIMING] task_id=ee8f8120-7154-4f97-8239-e0de36d72518 func=job_orchestration.executor.query.spider_search_task.search_without_channel execution_start=501780338 execution_end=501781590 execution_duration_ms=1251
[2026-02-02 22:48:59.400] [info] [spider.worker] [TIMING] task_id=ee8f8120-7154-4f97-8239-e0de36d72518 func=job_orchestration.executor.query.spider_search_task.search_without_channel submit_output_start=501781591 submit_output_end=501781609 submit_output_duration_ms=17
[2026-02-02 22:48:59.408] [info] [spider.worker] [TIMING] worker_id=3eec1144-22d2-4f53-8819-797ffffdadae task_id=e18571ca-c406-4b3b-9775-abff517b8780 get_next_task request_start=501781611 connect_end=501781612 send_end=501781612 receive_end=501781612 connect_duration_ms=0 send_duration_ms=0 receive_duration_ms=0 total_duration_ms=1
[2026-02-02 22:48:59.410] [info] [spider.worker] [TIMING] task_id=e18571ca-c406-4b3b-9775-abff517b8780 func=job_orchestration.executor.query.spider_search_task.search_without_channel fetch_input_start=501781618 fetch_input_end=501781619 fetch_input_duration_ms=0
[2026-02-02 22:48:59.411] [info] [spider.worker] [TIMING] task_id=e18571ca-c406-4b3b-9775-abff517b8780 func=job_orchestration.executor.query.spider_search_task.search_without_channel input_send_start=501781619 input_send_end=501781619 input_send_duration_ms=0 bytes=612
[2026-02-02 22:48:59.411] [info] [spider.worker] [TIMING] task_id=e18571ca-c406-4b3b-9775-abff517b8780 func=job_orchestration.executor.query.spider_search_task.search_without_channel spawn_start=501781619 spawn_end=501781619 spawn_duration_ms=0
[2026-02-02 22:49:00.823] [info] [spider.worker] [TIMING] task_id=e18571ca-c406-4b3b-9775-abff517b8780 func=job_orchestration.executor.query.spider_search_task.search_without_channel execution_start=501781619 execution_end=501783031 execution_duration_ms=1411
[2026-02-02 22:49:00.842] [info] [spider.worker] [TIMING] task_id=e18571ca-c406-4b3b-9775-abff517b8780 func=job_orchestration.executor.query.spider_search_task.search_without_channel submit_output_start=501783033 submit_output_end=501783050 submit_output_duration_ms=17
[2026-02-02 22:49:00.858] [info] [spider.worker] [TIMING] worker_id=3eec1144-22d2-4f53-8819-797ffffdadae task_id=0c0e74a0-82e1-42e9-91fc-9be9a660348e get_next_task request_start=501783053 connect_end=501783054 send_end=501783054 receive_end=501783054 connect_duration_ms=0 send_duration_ms=0 receive_duration_ms=0 total_duration_ms=1
[2026-02-02 22:49:00.861] [info] [spider.worker] [TIMING] task_id=0c0e74a0-82e1-42e9-91fc-9be9a660348e func=job_orchestration.executor.query.spider_search_task.search_without_channel fetch_input_start=501783068 fetch_input_end=501783069 fetch_input_duration_ms=0
[2026-02-02 22:49:00.861] [info] [spider.worker] [TIMING] task_id=0c0e74a0-82e1-42e9-91fc-9be9a660348e func=job_orchestration.executor.query.spider_search_task.search_without_channel input_send_start=501783070 input_send_end=501783070 input_send_duration_ms=0 bytes=612
[2026-02-02 22:49:00.861] [info] [spider.worker] [TIMING] task_id=0c0e74a0-82e1-42e9-91fc-9be9a660348e func=job_orchestration.executor.query.spider_search_task.search_without_channel spawn_start=501783069 spawn_end=501783070 spawn_duration_ms=0
[2026-02-02 22:49:02.121] [info] [spider.worker] [TIMING] task_id=0c0e74a0-82e1-42e9-91fc-9be9a660348e func=job_orchestration.executor.query.spider_search_task.search_without_channel execution_start=501783070 execution_end=501784330 execution_duration_ms=1259
[2026-02-02 22:49:02.134] [info] [spider.worker] [TIMING] task_id=0c0e74a0-82e1-42e9-91fc-9be9a660348e func=job_orchestration.executor.query.spider_search_task.search_without_channel submit_output_start=501784331 submit_output_end=501784342 submit_output_duration_ms=10
[2026-02-02 22:49:02.150] [info] [spider.worker] [TIMING] worker_id=3eec1144-22d2-4f53-8819-797ffffdadae task_id=4b01c9bc-c739-439e-b4ce-417b219e5bad get_next_task request_start=501784344 connect_end=501784345 send_end=501784345 receive_end=501784345 connect_duration_ms=0 send_duration_ms=0 receive_duration_ms=0 total_duration_ms=0
[2026-02-02 22:49:02.153] [info] [spider.worker] [TIMING] task_id=4b01c9bc-c739-439e-b4ce-417b219e5bad func=job_orchestration.executor.query.spider_search_task.search_without_channel fetch_input_start=501784361 fetch_input_end=501784362 fetch_input_duration_ms=1
[2026-02-02 22:49:02.154] [info] [spider.worker] [TIMING] task_id=4b01c9bc-c739-439e-b4ce-417b219e5bad func=job_orchestration.executor.query.spider_search_task.search_without_channel input_send_start=501784362 input_send_end=501784362 input_send_duration_ms=0 bytes=612
[2026-02-02 22:49:02.154] [info] [spider.worker] [TIMING] task_id=4b01c9bc-c739-439e-b4ce-417b219e5bad func=job_orchestration.executor.query.spider_search_task.search_without_channel spawn_start=501784362 spawn_end=501784362 spawn_duration_ms=0
[2026-02-02 22:49:03.373] [info] [spider.worker] [TIMING] task_id=4b01c9bc-c739-439e-b4ce-417b219e5bad func=job_orchestration.executor.query.spider_search_task.search_without_channel execution_start=501784362 execution_end=501785581 execution_duration_ms=1218
[2026-02-02 22:49:03.392] [info] [spider.worker] [TIMING] task_id=4b01c9bc-c739-439e-b4ce-417b219e5bad func=job_orchestration.executor.query.spider_search_task.search_without_channel submit_output_start=501785583 submit_output_end=501785600 submit_output_duration_ms=17
[2026-02-02 22:49:03.434] [info] [spider.worker] [TIMING] worker_id=3eec1144-22d2-4f53-8819-797ffffdadae task_id=3cfefe47-528f-4d60-99d6-9a78f334218a get_next_task request_start=501785603 connect_end=501785604 send_end=501785604 receive_end=501785604 connect_duration_ms=1 send_duration_ms=0 receive_duration_ms=0 total_duration_ms=1
[2026-02-02 22:49:03.437] [info] [spider.worker] [TIMING] task_id=3cfefe47-528f-4d60-99d6-9a78f334218a func=job_orchestration.executor.query.spider_search_task.search_without_channel fetch_input_start=501785644 fetch_input_end=501785645 fetch_input_duration_ms=1
[2026-02-02 22:49:03.438] [info] [spider.worker] [TIMING] task_id=3cfefe47-528f-4d60-99d6-9a78f334218a func=job_orchestration.executor.query.spider_search_task.search_without_channel input_send_start=501785646 input_send_end=501785646 input_send_duration_ms=0 bytes=612
[2026-02-02 22:49:03.438] [info] [spider.worker] [TIMING] task_id=3cfefe47-528f-4d60-99d6-9a78f334218a func=job_orchestration.executor.query.spider_search_task.search_without_channel spawn_start=501785646 spawn_end=501785646 spawn_duration_ms=0
[2026-02-02 22:49:04.762] [info] [spider.worker] [TIMING] task_id=3cfefe47-528f-4d60-99d6-9a78f334218a func=job_orchestration.executor.query.spider_search_task.search_without_channel execution_start=501785646 execution_end=501786971 execution_duration_ms=1324
[2026-02-02 22:49:04.784] [info] [spider.worker] [TIMING] task_id=3cfefe47-528f-4d60-99d6-9a78f334218a func=job_orchestration.executor.query.spider_search_task.search_without_channel submit_output_start=501786972 submit_output_end=501786992 submit_output_duration_ms=20
[2026-02-02 22:49:04.801] [info] [spider.worker] [TIMING] worker_id=3eec1144-22d2-4f53-8819-797ffffdadae task_id=8f475306-afa1-4369-b73b-bade0cdbfee7 get_next_task request_start=501786995 connect_end=501786995 send_end=501786995 receive_end=501786996 connect_duration_ms=0 send_duration_ms=0 receive_duration_ms=0 total_duration_ms=1
[2026-02-02 22:49:04.803] [info] [spider.worker] [TIMING] task_id=8f475306-afa1-4369-b73b-bade0cdbfee7 func=job_orchestration.executor.query.spider_search_task.search_without_channel fetch_input_start=501787010 fetch_input_end=501787011 fetch_input_duration_ms=1
[2026-02-02 22:49:04.804] [info] [spider.worker] [TIMING] task_id=8f475306-afa1-4369-b73b-bade0cdbfee7 func=job_orchestration.executor.query.spider_search_task.search_without_channel input_send_start=501787012 input_send_end=501787012 input_send_duration_ms=0 bytes=612
[2026-02-02 22:49:04.804] [info] [spider.worker] [TIMING] task_id=8f475306-afa1-4369-b73b-bade0cdbfee7 func=job_orchestration.executor.query.spider_search_task.search_without_channel spawn_start=501787012 spawn_end=501787012 spawn_duration_ms=0
[2026-02-02 22:49:06.078] [info] [spider.worker] [TIMING] task_id=8f475306-afa1-4369-b73b-bade0cdbfee7 func=job_orchestration.executor.query.spider_search_task.search_without_channel execution_start=501787012 execution_end=501788286 execution_duration_ms=1273
[2026-02-02 22:49:06.109] [info] [spider.worker] [TIMING] task_id=8f475306-afa1-4369-b73b-bade0cdbfee7 func=job_orchestration.executor.query.spider_search_task.search_without_channel submit_output_start=501788288 submit_output_end=501788318 submit_output_duration_ms=29
[2026-02-02 22:49:06.142] [info] [spider.worker] [TIMING] worker_id=3eec1144-22d2-4f53-8819-797ffffdadae task_id=fdda7422-1766-479c-aab0-71a79020be8c get_next_task request_start=501788319 connect_end=501788320 send_end=501788320 receive_end=501788320 connect_duration_ms=0 send_duration_ms=0 receive_duration_ms=0 total_duration_ms=1
[2026-02-02 22:49:06.145] [info] [spider.worker] [TIMING] task_id=fdda7422-1766-479c-aab0-71a79020be8c func=job_orchestration.executor.query.spider_search_task.search_without_channel fetch_input_start=501788353 fetch_input_end=501788354 fetch_input_duration_ms=0
[2026-02-02 22:49:06.146] [info] [spider.worker] [TIMING] task_id=fdda7422-1766-479c-aab0-71a79020be8c func=job_orchestration.executor.query.spider_search_task.search_without_channel input_send_start=501788354 input_send_end=501788354 input_send_duration_ms=0 bytes=612
[2026-02-02 22:49:06.146] [info] [spider.worker] [TIMING] task_id=fdda7422-1766-479c-aab0-71a79020be8c func=job_orchestration.executor.query.spider_search_task.search_without_channel spawn_start=501788354 spawn_end=501788354 spawn_duration_ms=0
[2026-02-02 22:49:07.491] [info] [spider.worker] [TIMING] task_id=fdda7422-1766-479c-aab0-71a79020be8c func=job_orchestration.executor.query.spider_search_task.search_without_channel execution_start=501788354 execution_end=501789700 execution_duration_ms=1345
[2026-02-02 22:49:07.501] [info] [spider.worker] [TIMING] task_id=fdda7422-1766-479c-aab0-71a79020be8c func=job_orchestration.executor.query.spider_search_task.search_without_channel submit_output_start=501789702 submit_output_end=501789709 submit_output_duration_ms=7
[2026-02-02 22:49:07.518] [info] [spider.worker] [TIMING] worker_id=3eec1144-22d2-4f53-8819-797ffffdadae task_id=1502783d-afc2-4955-9c33-3e813d8d5b53 get_next_task request_start=501789712 connect_end=501789713 send_end=501789713 receive_end=501789713 connect_duration_ms=0 send_duration_ms=0 receive_duration_ms=0 total_duration_ms=1
[2026-02-02 22:49:07.521] [info] [spider.worker] [TIMING] task_id=1502783d-afc2-4955-9c33-3e813d8d5b53 func=job_orchestration.executor.query.spider_search_task.search_without_channel fetch_input_start=501789728 fetch_input_end=501789729 fetch_input_duration_ms=0
[2026-02-02 22:49:07.521] [info] [spider.worker] [TIMING] task_id=1502783d-afc2-4955-9c33-3e813d8d5b53 func=job_orchestration.executor.query.spider_search_task.search_without_channel input_send_start=501789730 input_send_end=501789730 input_send_duration_ms=0 bytes=612
[2026-02-02 22:49:07.521] [info] [spider.worker] [TIMING] task_id=1502783d-afc2-4955-9c33-3e813d8d5b53 func=job_orchestration.executor.query.spider_search_task.search_without_channel spawn_start=501789729 spawn_end=501789730 spawn_duration_ms=0
[2026-02-02 22:49:08.980] [info] [spider.worker] [TIMING] task_id=1502783d-afc2-4955-9c33-3e813d8d5b53 func=job_orchestration.executor.query.spider_search_task.search_without_channel execution_start=501789730 execution_end=501791188 execution_duration_ms=1458
[2026-02-02 22:49:08.993] [info] [spider.worker] [TIMING] task_id=1502783d-afc2-4955-9c33-3e813d8d5b53 func=job_orchestration.executor.query.spider_search_task.search_without_channel submit_output_start=501791190 submit_output_end=501791201 submit_output_duration_ms=10
[2026-02-02 22:49:09.001] [info] [spider.worker] [TIMING] worker_id=3eec1144-22d2-4f53-8819-797ffffdadae task_id=d2563f33-e185-4af8-b5ad-c6fe9f05ddc4 get_next_task request_start=501791204 connect_end=501791205 send_end=501791205 receive_end=501791205 connect_duration_ms=0 send_duration_ms=0 receive_duration_ms=0 total_duration_ms=1
[2026-02-02 22:49:09.004] [info] [spider.worker] [TIMING] task_id=d2563f33-e185-4af8-b5ad-c6fe9f05ddc4 func=job_orchestration.executor.query.spider_search_task.search_without_channel fetch_input_start=501791211 fetch_input_end=501791212 fetch_input_duration_ms=1
[2026-02-02 22:49:09.004] [info] [spider.worker] [TIMING] task_id=d2563f33-e185-4af8-b5ad-c6fe9f05ddc4 func=job_orchestration.executor.query.spider_search_task.search_without_channel input_send_start=501791213 input_send_end=501791213 input_send_duration_ms=0 bytes=612
[2026-02-02 22:49:09.004] [info] [spider.worker] [TIMING] task_id=d2563f33-e185-4af8-b5ad-c6fe9f05ddc4 func=job_orchestration.executor.query.spider_search_task.search_without_channel spawn_start=501791212 spawn_end=501791213 spawn_duration_ms=0
[2026-02-02 22:49:10.452] [info] [spider.worker] [TIMING] task_id=d2563f33-e185-4af8-b5ad-c6fe9f05ddc4 func=job_orchestration.executor.query.spider_search_task.search_without_channel execution_start=501791213 execution_end=501792660 execution_duration_ms=1447
[2026-02-02 22:49:10.502] [info] [spider.worker] [TIMING] task_id=d2563f33-e185-4af8-b5ad-c6fe9f05ddc4 func=job_orchestration.executor.query.spider_search_task.search_without_channel submit_output_start=501792662 submit_output_end=501792710 submit_output_duration_ms=48
[2026-02-02 22:49:10.543] [info] [spider.worker] [TIMING] worker_id=3eec1144-22d2-4f53-8819-797ffffdadae task_id=423c2136-f78e-4b77-b94c-39fb334e4073 get_next_task request_start=501792713 connect_end=501792714 send_end=501792714 receive_end=501792714 connect_duration_ms=1 send_duration_ms=0 receive_duration_ms=0 total_duration_ms=1
[2026-02-02 22:49:10.546] [info] [spider.worker] [TIMING] task_id=423c2136-f78e-4b77-b94c-39fb334e4073 func=job_orchestration.executor.query.spider_search_task.search_without_channel fetch_input_start=501792753 fetch_input_end=501792754 fetch_input_duration_ms=1
[2026-02-02 22:49:10.547] [info] [spider.worker] [TIMING] task_id=423c2136-f78e-4b77-b94c-39fb334e4073 func=job_orchestration.executor.query.spider_search_task.search_without_channel input_send_start=501792755 input_send_end=501792755 input_send_duration_ms=0 bytes=612
[2026-02-02 22:49:10.547] [info] [spider.worker] [TIMING] task_id=423c2136-f78e-4b77-b94c-39fb334e4073 func=job_orchestration.executor.query.spider_search_task.search_without_channel spawn_start=501792755 spawn_end=501792755 spawn_duration_ms=0
[2026-02-02 22:49:11.848] [info] [spider.worker] [TIMING] task_id=423c2136-f78e-4b77-b94c-39fb334e4073 func=job_orchestration.executor.query.spider_search_task.search_without_channel execution_start=501792755 execution_end=501794057 execution_duration_ms=1301
[2026-02-02 22:49:11.891] [info] [spider.worker] [TIMING] task_id=423c2136-f78e-4b77-b94c-39fb334e4073 func=job_orchestration.executor.query.spider_search_task.search_without_channel submit_output_start=501794058 submit_output_end=501794099 submit_output_duration_ms=41
[2026-02-02 22:49:11.918] [info] [spider.worker] [TIMING] worker_id=3eec1144-22d2-4f53-8819-797ffffdadae task_id=fd532fcc-7e41-4d2d-aff7-6e748679eb7f get_next_task request_start=501794101 connect_end=501794102 send_end=501794102 receive_end=501794102 connect_duration_ms=0 send_duration_ms=0 receive_duration_ms=0 total_duration_ms=1
[2026-02-02 22:49:11.921] [info] [spider.worker] [TIMING] task_id=fd532fcc-7e41-4d2d-aff7-6e748679eb7f func=job_orchestration.executor.query.spider_search_task.search_without_channel fetch_input_start=501794129 fetch_input_end=501794130 fetch_input_duration_ms=1
[2026-02-02 22:49:11.922] [info] [spider.worker] [TIMING] task_id=fd532fcc-7e41-4d2d-aff7-6e748679eb7f func=job_orchestration.executor.query.spider_search_task.search_without_channel input_send_start=501794130 input_send_end=501794130 input_send_duration_ms=0 bytes=612
[2026-02-02 22:49:11.922] [info] [spider.worker] [TIMING] task_id=fd532fcc-7e41-4d2d-aff7-6e748679eb7f func=job_orchestration.executor.query.spider_search_task.search_without_channel spawn_start=501794130 spawn_end=501794130 spawn_duration_ms=0
[2026-02-02 22:49:13.106] [info] [spider.worker] [TIMING] task_id=fd532fcc-7e41-4d2d-aff7-6e748679eb7f func=job_orchestration.executor.query.spider_search_task.search_without_channel execution_start=501794131 execution_end=501795314 execution_duration_ms=1183
[2026-02-02 22:49:13.135] [info] [spider.worker] [TIMING] task_id=fd532fcc-7e41-4d2d-aff7-6e748679eb7f func=job_orchestration.executor.query.spider_search_task.search_without_channel submit_output_start=501795316 submit_output_end=501795344 submit_output_duration_ms=27
[2026-02-02 22:49:13.152] [info] [spider.worker] [TIMING] worker_id=3eec1144-22d2-4f53-8819-797ffffdadae task_id=80377fb7-1806-449d-978b-0adbc70360a5 get_next_task request_start=501795346 connect_end=501795347 send_end=501795347 receive_end=501795347 connect_duration_ms=0 send_duration_ms=0 receive_duration_ms=0 total_duration_ms=1
[2026-02-02 22:49:13.155] [info] [spider.worker] [TIMING] task_id=80377fb7-1806-449d-978b-0adbc70360a5 func=job_orchestration.executor.query.spider_search_task.search_without_channel fetch_input_start=501795362 fetch_input_end=501795363 fetch_input_duration_ms=0
[2026-02-02 22:49:13.155] [info] [spider.worker] [TIMING] task_id=80377fb7-1806-449d-978b-0adbc70360a5 func=job_orchestration.executor.query.spider_search_task.search_without_channel input_send_start=501795364 input_send_end=501795364 input_send_duration_ms=0 bytes=612
[2026-02-02 22:49:13.155] [info] [spider.worker] [TIMING] task_id=80377fb7-1806-449d-978b-0adbc70360a5 func=job_orchestration.executor.query.spider_search_task.search_without_channel spawn_start=501795363 spawn_end=501795364 spawn_duration_ms=0
[2026-02-02 22:49:14.481] [info] [spider.worker] [TIMING] task_id=80377fb7-1806-449d-978b-0adbc70360a5 func=job_orchestration.executor.query.spider_search_task.search_without_channel execution_start=501795364 execution_end=501796690 execution_duration_ms=1325
[2026-02-02 22:49:14.519] [info] [spider.worker] [TIMING] task_id=80377fb7-1806-449d-978b-0adbc70360a5 func=job_orchestration.executor.query.spider_search_task.search_without_channel submit_output_start=501796691 submit_output_end=501796727 submit_output_duration_ms=35
[2026-02-02 22:49:14.535] [info] [spider.worker] [TIMING] worker_id=3eec1144-22d2-4f53-8819-797ffffdadae task_id=fe813c5b-db26-443a-b602-4b2a0d8c60a8 get_next_task request_start=501796730 connect_end=501796731 send_end=501796731 receive_end=501796731 connect_duration_ms=1 send_duration_ms=0 receive_duration_ms=0 total_duration_ms=1
[2026-02-02 22:49:14.538] [info] [spider.worker] [TIMING] task_id=fe813c5b-db26-443a-b602-4b2a0d8c60a8 func=job_orchestration.executor.query.spider_search_task.search_without_channel fetch_input_start=501796745 fetch_input_end=501796746 fetch_input_duration_ms=1
[2026-02-02 22:49:14.539] [info] [spider.worker] [TIMING] task_id=fe813c5b-db26-443a-b602-4b2a0d8c60a8 func=job_orchestration.executor.query.spider_search_task.search_without_channel input_send_start=501796747 input_send_end=501796747 input_send_duration_ms=0 bytes=612
[2026-02-02 22:49:14.539] [info] [spider.worker] [TIMING] task_id=fe813c5b-db26-443a-b602-4b2a0d8c60a8 func=job_orchestration.executor.query.spider_search_task.search_without_channel spawn_start=501796746 spawn_end=501796747 spawn_duration_ms=0
[2026-02-02 22:49:15.789] [info] [spider.worker] [TIMING] task_id=fe813c5b-db26-443a-b602-4b2a0d8c60a8 func=job_orchestration.executor.query.spider_search_task.search_without_channel execution_start=501796747 execution_end=501797998 execution_duration_ms=1250
[2026-02-02 22:49:15.802] [info] [spider.worker] [TIMING] task_id=fe813c5b-db26-443a-b602-4b2a0d8c60a8 func=job_orchestration.executor.query.spider_search_task.search_without_channel submit_output_start=501798000 submit_output_end=501798011 submit_output_duration_ms=10
[2026-02-02 22:49:15.819] [info] [spider.worker] [TIMING] worker_id=3eec1144-22d2-4f53-8819-797ffffdadae task_id=986c26b0-d6c1-4a68-8427-099b08a89742 get_next_task request_start=501798013 connect_end=501798014 send_end=501798014 receive_end=501798014 connect_duration_ms=0 send_duration_ms=0 receive_duration_ms=0 total_duration_ms=0
[2026-02-02 22:49:15.822] [info] [spider.worker] [TIMING] task_id=986c26b0-d6c1-4a68-8427-099b08a89742 func=job_orchestration.executor.query.spider_search_task.search_without_channel fetch_input_start=501798029 fetch_input_end=501798030 fetch_input_duration_ms=1
[2026-02-02 22:49:15.822] [info] [spider.worker] [TIMING] task_id=986c26b0-d6c1-4a68-8427-099b08a89742 func=job_orchestration.executor.query.spider_search_task.search_without_channel input_send_start=501798030 input_send_end=501798030 input_send_duration_ms=0 bytes=612
[2026-02-02 22:49:15.822] [info] [spider.worker] [TIMING] task_id=986c26b0-d6c1-4a68-8427-099b08a89742 func=job_orchestration.executor.query.spider_search_task.search_without_channel spawn_start=501798030 spawn_end=501798030 spawn_duration_ms=0
[2026-02-02 22:49:17.255] [info] [spider.worker] [TIMING] task_id=986c26b0-d6c1-4a68-8427-099b08a89742 func=job_orchestration.executor.query.spider_search_task.search_without_channel execution_start=501798031 execution_end=501799463 execution_duration_ms=1432
[2026-02-02 22:49:17.269] [info] [spider.worker] [TIMING] task_id=986c26b0-d6c1-4a68-8427-099b08a89742 func=job_orchestration.executor.query.spider_search_task.search_without_channel submit_output_start=501799465 submit_output_end=501799477 submit_output_duration_ms=12
[2026-02-02 22:49:17.286] [info] [spider.worker] [TIMING] worker_id=3eec1144-22d2-4f53-8819-797ffffdadae task_id=b3801b16-6a78-48be-923f-d954a5c275a4 get_next_task request_start=501799479 connect_end=501799480 send_end=501799480 receive_end=501799480 connect_duration_ms=0 send_duration_ms=0 receive_duration_ms=0 total_duration_ms=0
[2026-02-02 22:49:17.288] [info] [spider.worker] [TIMING] task_id=b3801b16-6a78-48be-923f-d954a5c275a4 func=job_orchestration.executor.query.spider_search_task.search_without_channel fetch_input_start=501799496 fetch_input_end=501799497 fetch_input_duration_ms=0
[2026-02-02 22:49:17.289] [info] [spider.worker] [TIMING] task_id=b3801b16-6a78-48be-923f-d954a5c275a4 func=job_orchestration.executor.query.spider_search_task.search_without_channel input_send_start=501799497 input_send_end=501799497 input_send_duration_ms=0 bytes=612
[2026-02-02 22:49:17.289] [info] [spider.worker] [TIMING] task_id=b3801b16-6a78-48be-923f-d954a5c275a4 func=job_orchestration.executor.query.spider_search_task.search_without_channel spawn_start=501799497 spawn_end=501799497 spawn_duration_ms=0
[2026-02-02 22:49:18.887] [info] [spider.worker] [TIMING] task_id=b3801b16-6a78-48be-923f-d954a5c275a4 func=job_orchestration.executor.query.spider_search_task.search_without_channel execution_start=501799498 execution_end=501801096 execution_duration_ms=1598
[2026-02-02 22:49:18.894] [info] [spider.worker] [TIMING] task_id=b3801b16-6a78-48be-923f-d954a5c275a4 func=job_orchestration.executor.query.spider_search_task.search_without_channel submit_output_start=501801097 submit_output_end=501801103 submit_output_duration_ms=5
[2026-02-02 22:49:18.953] [info] [spider.worker] [TIMING] worker_id=3eec1144-22d2-4f53-8819-797ffffdadae task_id=ae9b2298-8566-41f7-938e-5244f3218311 get_next_task request_start=501801105 connect_end=501801105 send_end=501801105 receive_end=501801106 connect_duration_ms=0 send_duration_ms=0 receive_duration_ms=0 total_duration_ms=0
[2026-02-02 22:49:18.956] [info] [spider.worker] [TIMING] task_id=ae9b2298-8566-41f7-938e-5244f3218311 func=job_orchestration.executor.query.spider_search_task.search_without_channel fetch_input_start=501801163 fetch_input_end=501801164 fetch_input_duration_ms=1
[2026-02-02 22:49:18.957] [info] [spider.worker] [TIMING] task_id=ae9b2298-8566-41f7-938e-5244f3218311 func=job_orchestration.executor.query.spider_search_task.search_without_channel input_send_start=501801165 input_send_end=501801165 input_send_duration_ms=0 bytes=612
[2026-02-02 22:49:18.957] [info] [spider.worker] [TIMING] task_id=ae9b2298-8566-41f7-938e-5244f3218311 func=job_orchestration.executor.query.spider_search_task.search_without_channel spawn_start=501801165 spawn_end=501801165 spawn_duration_ms=0
[2026-02-02 22:49:20.342] [info] [spider.worker] [TIMING] task_id=ae9b2298-8566-41f7-938e-5244f3218311 func=job_orchestration.executor.query.spider_search_task.search_without_channel execution_start=501801165 execution_end=501802550 execution_duration_ms=1385
[2026-02-02 22:49:20.369] [info] [spider.worker] [TIMING] task_id=ae9b2298-8566-41f7-938e-5244f3218311 func=job_orchestration.executor.query.spider_search_task.search_without_channel submit_output_start=501802552 submit_output_end=501802578 submit_output_duration_ms=25
[2026-02-02 22:49:20.401] [info] [spider.worker] [TIMING] worker_id=3eec1144-22d2-4f53-8819-797ffffdadae task_id=ff73eff1-9e5c-4a04-8108-e633e89b5f12 get_next_task request_start=501802580 connect_end=501802581 send_end=501802581 receive_end=501802581 connect_duration_ms=0 send_duration_ms=0 receive_duration_ms=0 total_duration_ms=1
[2026-02-02 22:49:20.404] [info] [spider.worker] [TIMING] task_id=ff73eff1-9e5c-4a04-8108-e633e89b5f12 func=job_orchestration.executor.query.spider_search_task.search_without_channel fetch_input_start=501802611 fetch_input_end=501802612 fetch_input_duration_ms=0
[2026-02-02 22:49:20.404] [info] [spider.worker] [TIMING] task_id=ff73eff1-9e5c-4a04-8108-e633e89b5f12 func=job_orchestration.executor.query.spider_search_task.search_without_channel input_send_start=501802612 input_send_end=501802612 input_send_duration_ms=0 bytes=612
[2026-02-02 22:49:20.404] [info] [spider.worker] [TIMING] task_id=ff73eff1-9e5c-4a04-8108-e633e89b5f12 func=job_orchestration.executor.query.spider_search_task.search_without_channel spawn_start=501802612 spawn_end=501802612 spawn_duration_ms=0
[2026-02-02 22:49:21.805] [info] [spider.worker] [TIMING] task_id=ff73eff1-9e5c-4a04-8108-e633e89b5f12 func=job_orchestration.executor.query.spider_search_task.search_without_channel execution_start=501802613 execution_end=501804014 execution_duration_ms=1401
[2026-02-02 22:49:21.839] [info] [spider.worker] [TIMING] task_id=ff73eff1-9e5c-4a04-8108-e633e89b5f12 func=job_orchestration.executor.query.spider_search_task.search_without_channel submit_output_start=501804015 submit_output_end=501804047 submit_output_duration_ms=31
[2026-02-02 22:49:21.881] [info] [spider.worker] [TIMING] worker_id=3eec1144-22d2-4f53-8819-797ffffdadae task_id=f6de043e-bfb1-4cf9-9e0c-34713c13be31 get_next_task request_start=501804049 connect_end=501804050 send_end=501804050 receive_end=501804050 connect_duration_ms=0 send_duration_ms=0 receive_duration_ms=0 total_duration_ms=1
[2026-02-02 22:49:21.884] [info] [spider.worker] [TIMING] task_id=f6de043e-bfb1-4cf9-9e0c-34713c13be31 func=job_orchestration.executor.query.spider_search_task.search_without_channel fetch_input_start=501804091 fetch_input_end=501804092 fetch_input_duration_ms=1
[2026-02-02 22:49:21.884] [info] [spider.worker] [TIMING] task_id=f6de043e-bfb1-4cf9-9e0c-34713c13be31 func=job_orchestration.executor.query.spider_search_task.search_without_channel input_send_start=501804093 input_send_end=501804093 input_send_duration_ms=0 bytes=612
[2026-02-02 22:49:21.884] [info] [spider.worker] [TIMING] task_id=f6de043e-bfb1-4cf9-9e0c-34713c13be31 func=job_orchestration.executor.query.spider_search_task.search_without_channel spawn_start=501804092 spawn_end=501804093 spawn_duration_ms=0
[2026-02-02 22:49:23.372] [info] [spider.worker] [TIMING] task_id=f6de043e-bfb1-4cf9-9e0c-34713c13be31 func=job_orchestration.executor.query.spider_search_task.search_without_channel execution_start=501804093 execution_end=501805580 execution_duration_ms=1487
[2026-02-02 22:49:23.410] [info] [spider.worker] [TIMING] task_id=f6de043e-bfb1-4cf9-9e0c-34713c13be31 func=job_orchestration.executor.query.spider_search_task.search_without_channel submit_output_start=501805586 submit_output_end=501805619 submit_output_duration_ms=33
[2026-02-02 22:49:23.428] [info] [spider.worker] [TIMING] worker_id=3eec1144-22d2-4f53-8819-797ffffdadae task_id=af8f7c99-a646-4877-a865-d7e4ee1a2863 get_next_task request_start=501805621 connect_end=501805622 send_end=501805622 receive_end=501805622 connect_duration_ms=0 send_duration_ms=0 receive_duration_ms=0 total_duration_ms=1
[2026-02-02 22:49:23.430] [info] [spider.worker] [TIMING] task_id=af8f7c99-a646-4877-a865-d7e4ee1a2863 func=job_orchestration.executor.query.spider_search_task.search_without_channel fetch_input_start=501805638 fetch_input_end=501805639 fetch_input_duration_ms=0
[2026-02-02 22:49:23.431] [info] [spider.worker] [TIMING] task_id=af8f7c99-a646-4877-a865-d7e4ee1a2863 func=job_orchestration.executor.query.spider_search_task.search_without_channel input_send_start=501805639 input_send_end=501805639 input_send_duration_ms=0 bytes=612
[2026-02-02 22:49:23.431] [info] [spider.worker] [TIMING] task_id=af8f7c99-a646-4877-a865-d7e4ee1a2863 func=job_orchestration.executor.query.spider_search_task.search_without_channel spawn_start=501805639 spawn_end=501805639 spawn_duration_ms=0
[2026-02-02 22:49:24.597] [info] [spider.worker] [TIMING] task_id=af8f7c99-a646-4877-a865-d7e4ee1a2863 func=job_orchestration.executor.query.spider_search_task.search_without_channel execution_start=501805640 execution_end=501806805 execution_duration_ms=1165
[2026-02-02 22:49:24.656] [info] [spider.worker] [TIMING] task_id=af8f7c99-a646-4877-a865-d7e4ee1a2863 func=job_orchestration.executor.query.spider_search_task.search_without_channel submit_output_start=501806807 submit_output_end=501806864 submit_output_duration_ms=56
[2026-02-02 22:49:24.660] [info] [spider.worker] [TIMING] worker_id=3eec1144-22d2-4f53-8819-797ffffdadae task_id=none get_next_task request_start=501806866 connect_end=501806866 send_end=501806867 receive_end=501806868 connect_duration_ms=0 send_duration_ms=0 receive_duration_ms=1 total_duration_ms=2
[2026-02-02 22:49:24.772] [info] [spider.worker] [TIMING] worker_id=3eec1144-22d2-4f53-8819-797ffffdadae task_id=none get_next_task request_start=501806970 connect_end=501806971 send_end=501806971 receive_end=501806980 connect_duration_ms=0 send_duration_ms=0 receive_duration_ms=9 total_duration_ms=9
[2026-02-02 22:49:24.990] [info] [spider.worker] [TIMING] worker_id=3eec1144-22d2-4f53-8819-797ffffdadae task_id=none get_next_task request_start=501807082 connect_end=501807083 send_end=501807083 receive_end=501807198 connect_duration_ms=0 send_duration_ms=0 receive_duration_ms=115 total_duration_ms=116
[2026-02-02 22:49:25.099] [info] [spider.worker] [TIMING] worker_id=3eec1144-22d2-4f53-8819-797ffffdadae task_id=none get_next_task request_start=501807301 connect_end=501807302 send_end=501807302 receive_end=501807308 connect_duration_ms=1 send_duration_ms=0 receive_duration_ms=5 total_duration_ms=7
[2026-02-02 22:49:25.207] [info] [spider.worker] [TIMING] worker_id=3eec1144-22d2-4f53-8819-797ffffdadae task_id=none get_next_task request_start=501807411 connect_end=501807412 send_end=501807412 receive_end=501807415 connect_duration_ms=1 send_duration_ms=0 receive_duration_ms=2 total_duration_ms=4
[2026-02-02 22:49:25.314] [info] [spider.worker] [TIMING] worker_id=3eec1144-22d2-4f53-8819-797ffffdadae task_id=none get_next_task request_start=501807517 connect_end=501807518 send_end=501807518 receive_end=501807522 connect_duration_ms=1 send_duration_ms=0 receive_duration_ms=3 total_duration_ms=5
[2026-02-02 22:49:25.421] [info] [spider.worker] [TIMING] worker_id=3eec1144-22d2-4f53-8819-797ffffdadae task_id=none get_next_task request_start=501807624 connect_end=501807626 send_end=501807626 receive_end=501807630 connect_duration_ms=1 send_duration_ms=0 receive_duration_ms=3 total_duration_ms=5
[2026-02-02 22:49:25.528] [info] [spider.worker] [TIMING] worker_id=3eec1144-22d2-4f53-8819-797ffffdadae task_id=none get_next_task request_start=501807732 connect_end=501807733 send_end=501807733 receive_end=501807736 connect_duration_ms=0 send_duration_ms=0 receive_duration_ms=3 total_duration_ms=4
[2026-02-02 22:49:25.635] [info] [spider.worker] [TIMING] worker_id=3eec1144-22d2-4f53-8819-797ffffdadae task_id=none get_next_task request_start=501807839 connect_end=501807840 send_end=501807840 receive_end=501807844 connect_duration_ms=1 send_duration_ms=0 receive_duration_ms=3 total_duration_ms=4
[2026-02-02 22:49:25.739] [info] [spider.worker] [TIMING] worker_id=3eec1144-22d2-4f53-8819-797ffffdadae task_id=none get_next_task request_start=501807945 connect_end=501807946 send_end=501807946 receive_end=501807947 connect_duration_ms=0 send_duration_ms=0 receive_duration_ms=1 total_duration_ms=2
[2026-02-02 22:49:25.844] [info] [spider.worker] [TIMING] worker_id=3eec1144-22d2-4f53-8819-797ffffdadae task_id=none get_next_task request_start=501808049 connect_end=501808050 send_end=501808050 receive_end=501808053 connect_duration_ms=0 send_duration_ms=0 receive_duration_ms=2 total_duration_ms=3
[2026-02-02 22:49:25.952] [info] [spider.worker] [TIMING] worker_id=3eec1144-22d2-4f53-8819-797ffffdadae task_id=none get_next_task request_start=501808155 connect_end=501808156 send_end=501808156 receive_end=501808161 connect_duration_ms=1 send_duration_ms=0 receive_duration_ms=4 total_duration_ms=5
[2026-02-02 22:49:26.060] [info] [spider.worker] [TIMING] worker_id=3eec1144-22d2-4f53-8819-797ffffdadae task_id=none get_next_task request_start=501808263 connect_end=501808265 send_end=501808265 receive_end=501808268 connect_duration_ms=1 send_duration_ms=0 receive_duration_ms=3 total_duration_ms=5
[2026-02-02 22:49:26.168] [info] [spider.worker] [TIMING] worker_id=3eec1144-22d2-4f53-8819-797ffffdadae task_id=none get_next_task request_start=501808371 connect_end=501808373 send_end=501808373 receive_end=501808376 connect_duration_ms=1 send_duration_ms=0 receive_duration_ms=3 total_duration_ms=4
[2026-02-02 22:49:26.275] [info] [spider.worker] [TIMING] worker_id=3eec1144-22d2-4f53-8819-797ffffdadae task_id=none get_next_task request_start=501808479 connect_end=501808480 send_end=501808480 receive_end=501808483 connect_duration_ms=1 send_duration_ms=0 receive_duration_ms=2 total_duration_ms=4
[2026-02-02 22:49:26.378] [info] [spider.worker] [TIMING] worker_id=3eec1144-22d2-4f53-8819-797ffffdadae task_id=none get_next_task request_start=501808585 connect_end=501808585 send_end=501808585 receive_end=501808587 connect_duration_ms=0 send_duration_ms=0 receive_duration_ms=1 total_duration_ms=1
[2026-02-02 22:49:26.483] [info] [spider.worker] [TIMING] worker_id=3eec1144-22d2-4f53-8819-797ffffdadae task_id=none get_next_task request_start=501808689 connect_end=501808690 send_end=501808690 receive_end=501808691 connect_duration_ms=0 send_duration_ms=0 receive_duration_ms=1 total_duration_ms=2
[2026-02-02 22:49:26.589] [info] [spider.worker] [TIMING] worker_id=3eec1144-22d2-4f53-8819-797ffffdadae task_id=none get_next_task request_start=501808794 connect_end=501808795 send_end=501808795 receive_end=501808797 connect_duration_ms=0 send_duration_ms=0 receive_duration_ms=2 total_duration_ms=3
[2026-02-02 22:49:26.696] [info] [spider.worker] [TIMING] worker_id=3eec1144-22d2-4f53-8819-797ffffdadae task_id=none get_next_task request_start=501808900 connect_end=501808901 send_end=501808901 receive_end=501808904 connect_duration_ms=1 send_duration_ms=0 receive_duration_ms=3 total_duration_ms=4
[2026-02-02 22:49:26.802] [info] [spider.worker] [TIMING] worker_id=3eec1144-22d2-4f53-8819-797ffffdadae task_id=none get_next_task request_start=501809006 connect_end=501809007 send_end=501809007 receive_end=501809010 connect_duration_ms=0 send_duration_ms=0 receive_duration_ms=3 total_duration_ms=3
[2026-02-02 22:49:26.908] [info] [spider.worker] [TIMING] worker_id=3eec1144-22d2-4f53-8819-797ffffdadae task_id=none get_next_task request_start=501809112 connect_end=501809113 send_end=501809113 receive_end=501809116 connect_duration_ms=0 send_duration_ms=0 receive_duration_ms=2 total_duration_ms=3
[2026-02-02 22:49:27.015] [info] [spider.worker] [TIMING] worker_id=3eec1144-22d2-4f53-8819-797ffffdadae task_id=none get_next_task request_start=501809218 connect_end=501809219 send_end=501809219 receive_end=501809223 connect_duration_ms=1 send_duration_ms=0 receive_duration_ms=3 total_duration_ms=5
[2026-02-02 22:49:27.119] [info] [spider.worker] [TIMING] worker_id=3eec1144-22d2-4f53-8819-797ffffdadae task_id=none get_next_task request_start=501809325 connect_end=501809326 send_end=501809326 receive_end=501809328 connect_duration_ms=0 send_duration_ms=0 receive_duration_ms=1 total_duration_ms=2
[2026-02-02 22:49:27.226] [info] [spider.worker] [TIMING] worker_id=3eec1144-22d2-4f53-8819-797ffffdadae task_id=none get_next_task request_start=501809430 connect_end=501809431 send_end=501809431 receive_end=501809434 connect_duration_ms=1 send_duration_ms=0 receive_duration_ms=2 total_duration_ms=4
[2026-02-02 22:49:27.344] [info] [spider.worker] [TIMING] worker_id=3eec1144-22d2-4f53-8819-797ffffdadae task_id=none get_next_task request_start=501809550 connect_end=501809551 send_end=501809551 receive_end=501809552 connect_duration_ms=1 send_duration_ms=0 receive_duration_ms=1 total_duration_ms=2
[2026-02-02 22:49:27.449] [info] [spider.worker] [TIMING] worker_id=3eec1144-22d2-4f53-8819-797ffffdadae task_id=none get_next_task request_start=501809654 connect_end=501809656 send_end=501809656 receive_end=501809657 connect_duration_ms=1 send_duration_ms=0 receive_duration_ms=1 total_duration_ms=2
[2026-02-02 22:49:27.556] [info] [spider.worker] [TIMING] worker_id=3eec1144-22d2-4f53-8819-797ffffdadae task_id=none get_next_task request_start=501809760 connect_end=501809761 send_end=501809761 receive_end=501809764 connect_duration_ms=1 send_duration_ms=0 receive_duration_ms=3 total_duration_ms=4
[2026-02-02 22:49:27.662] [info] [spider.worker] [TIMING] worker_id=3eec1144-22d2-4f53-8819-797ffffdadae task_id=none get_next_task request_start=501809867 connect_end=501809867 send_end=501809867 receive_end=501809871 connect_duration_ms=0 send_duration_ms=0 receive_duration_ms=3 total_duration_ms=3
[2026-02-02 22:49:27.770] [info] [spider.worker] [TIMING] worker_id=3eec1144-22d2-4f53-8819-797ffffdadae task_id=none get_next_task request_start=501809973 connect_end=501809973 send_end=501809973 receive_end=501809978 connect_duration_ms=0 send_duration_ms=0 receive_duration_ms=4 total_duration_ms=5
[2026-02-02 22:49:27.877] [info] [spider.worker] [TIMING] worker_id=3eec1144-22d2-4f53-8819-797ffffdadae task_id=none get_next_task request_start=501810080 connect_end=501810081 send_end=501810081 receive_end=501810085 connect_duration_ms=0 send_duration_ms=0 receive_duration_ms=4 total_duration_ms=5
[2026-02-02 22:49:27.983] [info] [spider.worker] [TIMING] worker_id=3eec1144-22d2-4f53-8819-797ffffdadae task_id=none get_next_task request_start=501810187 connect_end=501810188 send_end=501810188 receive_end=501810192 connect_duration_ms=0 send_duration_ms=0 receive_duration_ms=3 total_duration_ms=4
[2026-02-02 22:49:28.089] [info] [spider.worker] [TIMING] worker_id=3eec1144-22d2-4f53-8819-797ffffdadae task_id=none get_next_task request_start=501810294 connect_end=501810296 send_end=501810296 receive_end=501810297 connect_duration_ms=1 send_duration_ms=0 receive_duration_ms=1 total_duration_ms=3
[2026-02-02 22:49:28.194] [info] [spider.worker] [TIMING] worker_id=3eec1144-22d2-4f53-8819-797ffffdadae task_id=none get_next_task request_start=501810399 connect_end=501810400 send_end=501810400 receive_end=501810402 connect_duration_ms=0 send_duration_ms=0 receive_duration_ms=2 total_duration_ms=2
[2026-02-02 22:49:28.299] [info] [spider.worker] [TIMING] worker_id=3eec1144-22d2-4f53-8819-797ffffdadae task_id=none get_next_task request_start=501810504 connect_end=501810505 send_end=501810505 receive_end=501810507 connect_duration_ms=0 send_duration_ms=0 receive_duration_ms=2 total_duration_ms=3
[2026-02-02 22:49:28.402] [info] [spider.worker] [TIMING] worker_id=3eec1144-22d2-4f53-8819-797ffffdadae task_id=none get_next_task request_start=501810609 connect_end=501810609 send_end=501810609 receive_end=501810611 connect_duration_ms=0 send_duration_ms=0 receive_duration_ms=1 total_duration_ms=2
[2026-02-02 22:49:28.507] [info] [spider.worker] [TIMING] worker_id=3eec1144-22d2-4f53-8819-797ffffdadae task_id=none get_next_task request_start=501810712 connect_end=501810713 send_end=501810713 receive_end=501810716 connect_duration_ms=0 send_duration_ms=0 receive_duration_ms=2 total_duration_ms=3
[2026-02-02 22:49:28.611] [info] [spider.worker] [TIMING] worker_id=3eec1144-22d2-4f53-8819-797ffffdadae task_id=none get_next_task request_start=501810817 connect_end=501810818 send_end=501810818 receive_end=501810820 connect_duration_ms=0 send_duration_ms=0 receive_duration_ms=1 total_duration_ms=2
[2026-02-02 22:49:28.718] [info] [spider.worker] [TIMING] worker_id=3eec1144-22d2-4f53-8819-797ffffdadae task_id=none get_next_task request_start=501810922 connect_end=501810923 send_end=501810923 receive_end=501810927 connect_duration_ms=1 send_duration_ms=0 receive_duration_ms=3 total_duration_ms=4
[2026-02-02 22:49:28.825] [info] [spider.worker] [TIMING] worker_id=3eec1144-22d2-4f53-8819-797ffffdadae task_id=none get_next_task request_start=501811029 connect_end=501811030 send_end=501811030 receive_end=501811033 connect_duration_ms=1 send_duration_ms=0 receive_duration_ms=3 total_duration_ms=4
[2026-02-02 22:49:28.931] [info] [spider.worker] [TIMING] worker_id=3eec1144-22d2-4f53-8819-797ffffdadae task_id=none get_next_task request_start=501811136 connect_end=501811137 send_end=501811137 receive_end=501811140 connect_duration_ms=0 send_duration_ms=0 receive_duration_ms=3 total_duration_ms=4
[2026-02-02 22:49:29.036] [info] [spider.worker] [TIMING] worker_id=3eec1144-22d2-4f53-8819-797ffffdadae task_id=none get_next_task request_start=501811241 connect_end=501811242 send_end=501811242 receive_end=501811244 connect_duration_ms=1 send_duration_ms=0 receive_duration_ms=1 total_duration_ms=2
[2026-02-02 22:49:29.141] [info] [spider.worker] [TIMING] worker_id=3eec1144-22d2-4f53-8819-797ffffdadae task_id=none get_next_task request_start=501811347 connect_end=501811348 send_end=501811348 receive_end=501811349 connect_duration_ms=1 send_duration_ms=0 receive_duration_ms=1 total_duration_ms=2
[2026-02-02 22:49:29.248] [info] [spider.worker] [TIMING] worker_id=3eec1144-22d2-4f53-8819-797ffffdadae task_id=none get_next_task request_start=501811452 connect_end=501811453 send_end=501811453 receive_end=501811456 connect_duration_ms=1 send_duration_ms=0 receive_duration_ms=3 total_duration_ms=4
[2026-02-02 22:49:29.356] [info] [spider.worker] [TIMING] worker_id=3eec1144-22d2-4f53-8819-797ffffdadae task_id=none get_next_task request_start=501811560 connect_end=501811561 send_end=501811561 receive_end=501811565 connect_duration_ms=1 send_duration_ms=0 receive_duration_ms=3 total_duration_ms=4
[2026-02-02 22:49:29.464] [info] [spider.worker] [TIMING] worker_id=3eec1144-22d2-4f53-8819-797ffffdadae task_id=none get_next_task request_start=501811668 connect_end=501811669 send_end=501811669 receive_end=501811673 connect_duration_ms=1 send_duration_ms=0 receive_duration_ms=3 total_duration_ms=4
[2026-02-02 22:49:29.571] [info] [spider.worker] [TIMING] worker_id=3eec1144-22d2-4f53-8819-797ffffdadae task_id=none get_next_task request_start=501811775 connect_end=501811776 send_end=501811776 receive_end=501811780 connect_duration_ms=1 send_duration_ms=0 receive_duration_ms=3 total_duration_ms=4
[2026-02-02 22:49:29.679] [info] [spider.worker] [TIMING] worker_id=3eec1144-22d2-4f53-8819-797ffffdadae task_id=none get_next_task request_start=501811882 connect_end=501811883 send_end=501811883 receive_end=501811887 connect_duration_ms=1 send_duration_ms=0 receive_duration_ms=3 total_duration_ms=4
[2026-02-02 22:49:29.787] [info] [spider.worker] [TIMING] worker_id=3eec1144-22d2-4f53-8819-797ffffdadae task_id=none get_next_task request_start=501811990 connect_end=501811992 send_end=501811992 receive_end=501811995 connect_duration_ms=1 send_duration_ms=0 receive_duration_ms=3 total_duration_ms=5
[2026-02-02 22:49:29.893] [info] [spider.worker] [TIMING] worker_id=3eec1144-22d2-4f53-8819-797ffffdadae task_id=none get_next_task request_start=501812098 connect_end=501812099 send_end=501812099 receive_end=501812101 connect_duration_ms=0 send_duration_ms=0 receive_duration_ms=2 total_duration_ms=3
[2026-02-02 22:49:30.000] [info] [spider.worker] [TIMING] worker_id=3eec1144-22d2-4f53-8819-797ffffdadae task_id=none get_next_task request_start=501812205 connect_end=501812206 send_end=501812206 receive_end=501812209 connect_duration_ms=0 send_duration_ms=0 receive_duration_ms=2 total_duration_ms=3
[2026-02-02 22:49:30.106] [info] [spider.worker] [TIMING] worker_id=3eec1144-22d2-4f53-8819-797ffffdadae task_id=none get_next_task request_start=501812311 connect_end=501812312 send_end=501812312 receive_end=501812315 connect_duration_ms=0 send_duration_ms=0 receive_duration_ms=2 total_duration_ms=3
[2026-02-02 22:49:30.212] [info] [spider.worker] [TIMING] worker_id=3eec1144-22d2-4f53-8819-797ffffdadae task_id=none get_next_task request_start=501812417 connect_end=501812418 send_end=501812418 receive_end=501812420 connect_duration_ms=0 send_duration_ms=0 receive_duration_ms=2 total_duration_ms=2
[2026-02-02 22:49:30.318] [info] [spider.worker] [TIMING] worker_id=3eec1144-22d2-4f53-8819-797ffffdadae task_id=none get_next_task request_start=501812523 connect_end=501812524 send_end=501812524 receive_end=501812527 connect_duration_ms=0 send_duration_ms=0 receive_duration_ms=2 total_duration_ms=3
[2026-02-02 22:49:30.425] [info] [spider.worker] [TIMING] worker_id=3eec1144-22d2-4f53-8819-797ffffdadae task_id=none get_next_task request_start=501812629 connect_end=501812630 send_end=501812630 receive_end=501812634 connect_duration_ms=0 send_duration_ms=0 receive_duration_ms=3 total_duration_ms=4
[2026-02-02 22:49:30.532] [info] [spider.worker] [TIMING] worker_id=3eec1144-22d2-4f53-8819-797ffffdadae task_id=none get_next_task request_start=501812737 connect_end=501812737 send_end=501812738 receive_end=501812740 connect_duration_ms=0 send_duration_ms=0 receive_duration_ms=2 total_duration_ms=3
[2026-02-02 22:49:30.639] [info] [spider.worker] [TIMING] worker_id=3eec1144-22d2-4f53-8819-797ffffdadae task_id=none get_next_task request_start=501812843 connect_end=501812844 send_end=501812844 receive_end=501812847 connect_duration_ms=0 send_duration_ms=0 receive_duration_ms=3 total_duration_ms=4
[2026-02-02 22:49:30.744] [info] [spider.worker] [TIMING] worker_id=3eec1144-22d2-4f53-8819-797ffffdadae task_id=none get_next_task request_start=501812949 connect_end=501812950 send_end=501812950 receive_end=501812952 connect_duration_ms=1 send_duration_ms=0 receive_duration_ms=1 total_duration_ms=3
[2026-02-02 22:49:30.850] [info] [spider.worker] [TIMING] worker_id=3eec1144-22d2-4f53-8819-797ffffdadae task_id=none get_next_task request_start=501813055 connect_end=501813055 send_end=501813056 receive_end=501813058 connect_duration_ms=0 send_duration_ms=0 receive_duration_ms=2 total_duration_ms=3
[2026-02-02 22:49:30.955] [info] [spider.worker] [TIMING] worker_id=3eec1144-22d2-4f53-8819-797ffffdadae task_id=none get_next_task request_start=501813160 connect_end=501813161 send_end=501813161 receive_end=501813164 connect_duration_ms=0 send_duration_ms=0 receive_duration_ms=2 total_duration_ms=3
[2026-02-02 22:49:31.060] [info] [spider.worker] [TIMING] worker_id=3eec1144-22d2-4f53-8819-797ffffdadae task_id=none get_next_task request_start=501813265 connect_end=501813266 send_end=501813266 receive_end=501813269 connect_duration_ms=0 send_duration_ms=0 receive_duration_ms=2 total_duration_ms=3
[2026-02-02 22:49:31.167] [info] [spider.worker] [TIMING] worker_id=3eec1144-22d2-4f53-8819-797ffffdadae task_id=none get_next_task request_start=501813371 connect_end=501813372 send_end=501813372 receive_end=501813375 connect_duration_ms=0 send_duration_ms=0 receive_duration_ms=3 total_duration_ms=4
[2026-02-02 22:49:31.274] [info] [spider.worker] [TIMING] worker_id=3eec1144-22d2-4f53-8819-797ffffdadae task_id=none get_next_task request_start=501813478 connect_end=501813479 send_end=501813479 receive_end=501813482 connect_duration_ms=0 send_duration_ms=0 receive_duration_ms=3 total_duration_ms=4
[2026-02-02 22:49:31.377] [info] [spider.worker] [TIMING] worker_id=3eec1144-22d2-4f53-8819-797ffffdadae task_id=none get_next_task request_start=501813583 connect_end=501813584 send_end=501813584 receive_end=501813585 connect_duration_ms=0 send_duration_ms=0 receive_duration_ms=1 total_duration_ms=1
[2026-02-02 22:49:31.481] [info] [spider.worker] [TIMING] worker_id=3eec1144-22d2-4f53-8819-797ffffdadae task_id=none get_next_task request_start=501813687 connect_end=501813688 send_end=501813688 receive_end=501813690 connect_duration_ms=0 send_duration_ms=0 receive_duration_ms=1 total_duration_ms=2
[2026-02-02 22:49:31.588] [info] [spider.worker] [TIMING] worker_id=3eec1144-22d2-4f53-8819-797ffffdadae task_id=none get_next_task request_start=501813792 connect_end=501813793 send_end=501813793 receive_end=501813796 connect_duration_ms=1 send_duration_ms=0 receive_duration_ms=2 total_duration_ms=3
[2026-02-02 22:49:31.694] [info] [spider.worker] [TIMING] worker_id=3eec1144-22d2-4f53-8819-797ffffdadae task_id=none get_next_task request_start=501813899 connect_end=501813900 send_end=501813900 receive_end=501813902 connect_duration_ms=1 send_duration_ms=0 receive_duration_ms=2 total_duration_ms=3
[2026-02-02 22:49:31.801] [info] [spider.worker] [TIMING] worker_id=3eec1144-22d2-4f53-8819-797ffffdadae task_id=none get_next_task request_start=501814005 connect_end=501814006 send_end=501814006 receive_end=501814009 connect_duration_ms=1 send_duration_ms=0 receive_duration_ms=3 total_duration_ms=4
[2026-02-02 22:49:31.908] [info] [spider.worker] [TIMING] worker_id=3eec1144-22d2-4f53-8819-797ffffdadae task_id=none get_next_task request_start=501814112 connect_end=501814113 send_end=501814113 receive_end=501814116 connect_duration_ms=1 send_duration_ms=0 receive_duration_ms=3 total_duration_ms=4
[2026-02-02 22:49:32.015] [info] [spider.worker] [TIMING] worker_id=3eec1144-22d2-4f53-8819-797ffffdadae task_id=none get_next_task request_start=501814219 connect_end=501814220 send_end=501814220 receive_end=501814223 connect_duration_ms=1 send_duration_ms=0 receive_duration_ms=3 total_duration_ms=4
[2026-02-02 22:49:32.121] [info] [spider.worker] [TIMING] worker_id=3eec1144-22d2-4f53-8819-797ffffdadae task_id=none get_next_task request_start=501814326 connect_end=501814327 send_end=501814327 receive_end=501814330 connect_duration_ms=1 send_duration_ms=0 receive_duration_ms=2 total_duration_ms=4
[2026-02-02 22:49:32.229] [info] [spider.worker] [TIMING] worker_id=3eec1144-22d2-4f53-8819-797ffffdadae task_id=none get_next_task request_start=501814433 connect_end=501814434 send_end=501814434 receive_end=501814438 connect_duration_ms=1 send_duration_ms=0 receive_duration_ms=3 total_duration_ms=5
[2026-02-02 22:49:32.336] [info] [spider.worker] [TIMING] worker_id=3eec1144-22d2-4f53-8819-797ffffdadae task_id=none get_next_task request_start=501814540 connect_end=501814542 send_end=501814542 receive_end=501814545 connect_duration_ms=1 send_duration_ms=0 receive_duration_ms=2 total_duration_ms=4
[2026-02-02 22:49:32.448] [info] [spider.worker] [TIMING] worker_id=3eec1144-22d2-4f53-8819-797ffffdadae task_id=none get_next_task request_start=501814648 connect_end=501814649 send_end=501814649 receive_end=501814656 connect_duration_ms=1 send_duration_ms=0 receive_duration_ms=6 total_duration_ms=8
[2026-02-02 22:49:32.555] [info] [spider.worker] [TIMING] worker_id=3eec1144-22d2-4f53-8819-797ffffdadae task_id=none get_next_task request_start=501814758 connect_end=501814760 send_end=501814760 receive_end=501814763 connect_duration_ms=1 send_duration_ms=0 receive_duration_ms=3 total_duration_ms=4
[2026-02-02 22:49:32.662] [info] [spider.worker] [TIMING] worker_id=3eec1144-22d2-4f53-8819-797ffffdadae task_id=none get_next_task request_start=501814865 connect_end=501814866 send_end=501814866 receive_end=501814871 connect_duration_ms=0 send_duration_ms=0 receive_duration_ms=4 total_duration_ms=5
[2026-02-02 22:49:32.770] [info] [spider.worker] [TIMING] worker_id=3eec1144-22d2-4f53-8819-797ffffdadae task_id=none get_next_task request_start=501814974 connect_end=501814975 send_end=501814975 receive_end=501814979 connect_duration_ms=1 send_duration_ms=0 receive_duration_ms=3 total_duration_ms=5
[2026-02-02 22:49:32.877] [info] [spider.worker] [TIMING] worker_id=3eec1144-22d2-4f53-8819-797ffffdadae task_id=none get_next_task request_start=501815081 connect_end=501815082 send_end=501815082 receive_end=501815086 connect_duration_ms=1 send_duration_ms=0 receive_duration_ms=3 total_duration_ms=4
[2026-02-02 22:49:32.985] [info] [spider.worker] [TIMING] worker_id=3eec1144-22d2-4f53-8819-797ffffdadae task_id=none get_next_task request_start=501815188 connect_end=501815190 send_end=501815190 receive_end=501815194 connect_duration_ms=1 send_duration_ms=0 receive_duration_ms=4 total_duration_ms=5
[2026-02-02 22:49:33.094] [info] [spider.worker] [TIMING] worker_id=3eec1144-22d2-4f53-8819-797ffffdadae task_id=none get_next_task request_start=501815296 connect_end=501815297 send_end=501815297 receive_end=501815302 connect_duration_ms=0 send_duration_ms=0 receive_duration_ms=4 total_duration_ms=5
[2026-02-02 22:49:33.201] [info] [spider.worker] [TIMING] worker_id=3eec1144-22d2-4f53-8819-797ffffdadae task_id=none get_next_task request_start=501815405 connect_end=501815406 send_end=501815406 receive_end=501815409 connect_duration_ms=1 send_duration_ms=0 receive_duration_ms=3 total_duration_ms=4
[2026-02-02 22:49:33.308] [info] [spider.worker] [TIMING] worker_id=3eec1144-22d2-4f53-8819-797ffffdadae task_id=none get_next_task request_start=501815512 connect_end=501815513 send_end=501815513 receive_end=501815516 connect_duration_ms=1 send_duration_ms=0 receive_duration_ms=3 total_duration_ms=4
[2026-02-02 22:49:33.416] [info] [spider.worker] [TIMING] worker_id=3eec1144-22d2-4f53-8819-797ffffdadae task_id=none get_next_task request_start=501815619 connect_end=501815621 send_end=501815621 receive_end=501815624 connect_duration_ms=1 send_duration_ms=0 receive_duration_ms=3 total_duration_ms=4
[2026-02-02 22:49:33.522] [info] [spider.worker] [TIMING] worker_id=3eec1144-22d2-4f53-8819-797ffffdadae task_id=none get_next_task request_start=501815727 connect_end=501815728 send_end=501815728 receive_end=501815730 connect_duration_ms=1 send_duration_ms=0 receive_duration_ms=2 total_duration_ms=3
[2026-02-02 22:49:33.630] [info] [spider.worker] [TIMING] worker_id=3eec1144-22d2-4f53-8819-797ffffdadae task_id=none get_next_task request_start=501815833 connect_end=501815834 send_end=501815834 receive_end=501815838 connect_duration_ms=1 send_duration_ms=0 receive_duration_ms=4 total_duration_ms=5
[2026-02-02 22:49:33.737] [info] [spider.worker] [TIMING] worker_id=3eec1144-22d2-4f53-8819-797ffffdadae task_id=none get_next_task request_start=501815941 connect_end=501815942 send_end=501815942 receive_end=501815945 connect_duration_ms=1 send_duration_ms=0 receive_duration_ms=3 total_duration_ms=4
[2026-02-02 22:49:33.844] [info] [spider.worker] [TIMING] worker_id=3eec1144-22d2-4f53-8819-797ffffdadae task_id=none get_next_task request_start=501816048 connect_end=501816049 send_end=501816049 receive_end=501816052 connect_duration_ms=1 send_duration_ms=0 receive_duration_ms=2 total_duration_ms=4
[2026-02-02 22:49:33.951] [info] [spider.worker] [TIMING] worker_id=3eec1144-22d2-4f53-8819-797ffffdadae task_id=none get_next_task request_start=501816154 connect_end=501816155 send_end=501816156 receive_end=501816159 connect_duration_ms=1 send_duration_ms=0 receive_duration_ms=3 total_duration_ms=4
[2026-02-02 22:49:34.058] [info] [spider.worker] [TIMING] worker_id=3eec1144-22d2-4f53-8819-797ffffdadae task_id=none get_next_task request_start=501816262 connect_end=501816263 send_end=501816263 receive_end=501816266 connect_duration_ms=1 send_duration_ms=0 receive_duration_ms=3 total_duration_ms=4
[2026-02-02 22:49:34.172] [info] [spider.worker] [TIMING] worker_id=3eec1144-22d2-4f53-8819-797ffffdadae task_id=none get_next_task request_start=501816373 connect_end=501816374 send_end=501816374 receive_end=501816380 connect_duration_ms=1 send_duration_ms=0 receive_duration_ms=5 total_duration_ms=6
[2026-02-02 22:49:34.278] [info] [spider.worker] [TIMING] worker_id=3eec1144-22d2-4f53-8819-797ffffdadae task_id=none get_next_task request_start=501816483 connect_end=501816483 send_end=501816483 receive_end=501816486 connect_duration_ms=0 send_duration_ms=0 receive_duration_ms=2 total_duration_ms=3
[2026-02-02 22:49:34.386] [info] [spider.worker] [TIMING] worker_id=3eec1144-22d2-4f53-8819-797ffffdadae task_id=none get_next_task request_start=501816589 connect_end=501816591 send_end=501816591 receive_end=501816594 connect_duration_ms=1 send_duration_ms=0 receive_duration_ms=3 total_duration_ms=5
[2026-02-02 22:49:34.494] [info] [spider.worker] [TIMING] worker_id=3eec1144-22d2-4f53-8819-797ffffdadae task_id=none get_next_task request_start=501816697 connect_end=501816698 send_end=501816698 receive_end=501816702 connect_duration_ms=1 send_duration_ms=0 receive_duration_ms=4 total_duration_ms=5
[2026-02-02 22:49:34.599] [info] [spider.worker] [TIMING] worker_id=3eec1144-22d2-4f53-8819-797ffffdadae task_id=none get_next_task request_start=501816805 connect_end=501816806 send_end=501816806 receive_end=501816808 connect_duration_ms=1 send_duration_ms=0 receive_duration_ms=1 total_duration_ms=2
[2026-02-02 22:49:34.707] [info] [spider.worker] [TIMING] worker_id=3eec1144-22d2-4f53-8819-797ffffdadae task_id=none get_next_task request_start=501816911 connect_end=501816912 send_end=501816912 receive_end=501816915 connect_duration_ms=1 send_duration_ms=0 receive_duration_ms=3 total_duration_ms=4
[2026-02-02 22:49:34.812] [info] [spider.worker] [TIMING] worker_id=3eec1144-22d2-4f53-8819-797ffffdadae task_id=none get_next_task request_start=501817018 connect_end=501817019 send_end=501817019 receive_end=501817021 connect_duration_ms=0 send_duration_ms=0 receive_duration_ms=1 total_duration_ms=2
[2026-02-02 22:49:34.922] [info] [spider.worker] [TIMING] worker_id=3eec1144-22d2-4f53-8819-797ffffdadae task_id=none get_next_task request_start=501817124 connect_end=501817125 send_end=501817125 receive_end=501817131 connect_duration_ms=1 send_duration_ms=0 receive_duration_ms=5 total_duration_ms=6
[2026-02-02 22:49:35.029] [info] [spider.worker] [TIMING] worker_id=3eec1144-22d2-4f53-8819-797ffffdadae task_id=none get_next_task request_start=501817233 connect_end=501817234 send_end=501817234 receive_end=501817238 connect_duration_ms=1 send_duration_ms=0 receive_duration_ms=3 total_duration_ms=4
[2026-02-02 22:49:35.137] [info] [spider.worker] [TIMING] worker_id=3eec1144-22d2-4f53-8819-797ffffdadae task_id=none get_next_task request_start=501817340 connect_end=501817341 send_end=501817341 receive_end=501817346 connect_duration_ms=1 send_duration_ms=0 receive_duration_ms=4 total_duration_ms=5
[2026-02-02 22:49:35.245] [info] [spider.worker] [TIMING] worker_id=3eec1144-22d2-4f53-8819-797ffffdadae task_id=none get_next_task request_start=501817449 connect_end=501817450 send_end=501817450 receive_end=501817453 connect_duration_ms=1 send_duration_ms=0 receive_duration_ms=3 total_duration_ms=4
[2026-02-02 22:49:35.349] [info] [spider.worker] [TIMING] worker_id=3eec1144-22d2-4f53-8819-797ffffdadae task_id=none get_next_task request_start=501817555 connect_end=501817556 send_end=501817556 receive_end=501817558 connect_duration_ms=0 send_duration_ms=0 receive_duration_ms=1 total_duration_ms=2
[2026-02-02 22:49:35.453] [info] [spider.worker] [TIMING] worker_id=3eec1144-22d2-4f53-8819-797ffffdadae task_id=none get_next_task request_start=501817659 connect_end=501817660 send_end=501817660 receive_end=501817661 connect_duration_ms=0 send_duration_ms=0 receive_duration_ms=1 total_duration_ms=2
[2026-02-02 22:49:35.556] [info] [spider.worker] [TIMING] worker_id=3eec1144-22d2-4f53-8819-797ffffdadae task_id=none get_next_task request_start=501817762 connect_end=501817763 send_end=501817763 receive_end=501817765 connect_duration_ms=0 send_duration_ms=0 receive_duration_ms=1 total_duration_ms=2
[2026-02-02 22:49:35.664] [info] [spider.worker] [TIMING] worker_id=3eec1144-22d2-4f53-8819-797ffffdadae task_id=none get_next_task request_start=501817866 connect_end=501817867 send_end=501817867 receive_end=501817872 connect_duration_ms=0 send_duration_ms=0 receive_duration_ms=5 total_duration_ms=6
[2026-02-02 22:49:35.769] [info] [spider.worker] [TIMING] worker_id=3eec1144-22d2-4f53-8819-797ffffdadae task_id=none get_next_task request_start=501817974 connect_end=501817975 send_end=501817975 receive_end=501817977 connect_duration_ms=0 send_duration_ms=0 receive_duration_ms=2 total_duration_ms=3
[2026-02-02 22:49:35.877] [info] [spider.worker] [TIMING] worker_id=3eec1144-22d2-4f53-8819-797ffffdadae task_id=none get_next_task request_start=501818079 connect_end=501818080 send_end=501818080 receive_end=501818086 connect_duration_ms=0 send_duration_ms=0 receive_duration_ms=5 total_duration_ms=6
[2026-02-02 22:49:35.984] [info] [spider.worker] [TIMING] worker_id=3eec1144-22d2-4f53-8819-797ffffdadae task_id=none get_next_task request_start=501818188 connect_end=501818189 send_end=501818189 receive_end=501818193 connect_duration_ms=0 send_duration_ms=0 receive_duration_ms=4 total_duration_ms=5
[2026-02-02 22:49:36.089] [info] [spider.worker] [TIMING] worker_id=3eec1144-22d2-4f53-8819-797ffffdadae task_id=none get_next_task request_start=501818295 connect_end=501818296 send_end=501818296 receive_end=501818297 connect_duration_ms=0 send_duration_ms=0 receive_duration_ms=1 total_duration_ms=2
[2026-02-02 22:49:36.195] [info] [spider.worker] [TIMING] worker_id=3eec1144-22d2-4f53-8819-797ffffdadae task_id=none get_next_task request_start=501818400 connect_end=501818401 send_end=501818401 receive_end=501818404 connect_duration_ms=0 send_duration_ms=0 receive_duration_ms=3 total_duration_ms=3
[2026-02-02 22:49:36.302] [info] [spider.worker] [TIMING] worker_id=3eec1144-22d2-4f53-8819-797ffffdadae task_id=none get_next_task request_start=501818506 connect_end=501818507 send_end=501818507 receive_end=501818510 connect_duration_ms=1 send_duration_ms=0 receive_duration_ms=3 total_duration_ms=4
[2026-02-02 22:49:36.407] [info] [spider.worker] [TIMING] worker_id=3eec1144-22d2-4f53-8819-797ffffdadae task_id=none get_next_task request_start=501818613 connect_end=501818614 send_end=501818614 receive_end=501818615 connect_duration_ms=0 send_duration_ms=0 receive_duration_ms=1 total_duration_ms=2
[2026-02-02 22:49:36.510] [info] [spider.worker] [TIMING] worker_id=3eec1144-22d2-4f53-8819-797ffffdadae task_id=none get_next_task request_start=501818717 connect_end=501818717 send_end=501818717 receive_end=501818719 connect_duration_ms=0 send_duration_ms=0 receive_duration_ms=1 total_duration_ms=1
[2026-02-02 22:49:36.614] [info] [spider.worker] [TIMING] worker_id=3eec1144-22d2-4f53-8819-797ffffdadae task_id=none get_next_task request_start=501818820 connect_end=501818821 send_end=501818821 receive_end=501818822 connect_duration_ms=0 send_duration_ms=0 receive_duration_ms=1 total_duration_ms=2
[2026-02-02 22:49:36.718] [info] [spider.worker] [TIMING] worker_id=3eec1144-22d2-4f53-8819-797ffffdadae task_id=none get_next_task request_start=501818924 connect_end=501818925 send_end=501818925 receive_end=501818926 connect_duration_ms=0 send_duration_ms=0 receive_duration_ms=1 total_duration_ms=2
[2026-02-02 22:49:36.823] [info] [spider.worker] [TIMING] worker_id=3eec1144-22d2-4f53-8819-797ffffdadae task_id=none get_next_task request_start=501819029 connect_end=501819030 send_end=501819030 receive_end=501819031 connect_duration_ms=1 send_duration_ms=0 receive_duration_ms=1 total_duration_ms=2
[2026-02-02 22:49:36.928] [info] [spider.worker] [TIMING] worker_id=3eec1144-22d2-4f53-8819-797ffffdadae task_id=none get_next_task request_start=501819132 connect_end=501819133 send_end=501819133 receive_end=501819136 connect_duration_ms=0 send_duration_ms=0 receive_duration_ms=3 total_duration_ms=3
[2026-02-02 22:49:37.034] [info] [spider.worker] [TIMING] worker_id=3eec1144-22d2-4f53-8819-797ffffdadae task_id=none get_next_task request_start=501819238 connect_end=501819239 send_end=501819239 receive_end=501819243 connect_duration_ms=0 send_duration_ms=0 receive_duration_ms=3 total_duration_ms=4
[2026-02-02 22:49:37.143] [info] [spider.worker] [TIMING] worker_id=3eec1144-22d2-4f53-8819-797ffffdadae task_id=none get_next_task request_start=501819344 connect_end=501819345 send_end=501819345 receive_end=501819352 connect_duration_ms=0 send_duration_ms=0 receive_duration_ms=6 total_duration_ms=7
[2026-02-02 22:49:37.247] [info] [spider.worker] [TIMING] worker_id=3eec1144-22d2-4f53-8819-797ffffdadae task_id=none get_next_task request_start=501819453 connect_end=501819454 send_end=501819454 receive_end=501819455 connect_duration_ms=0 send_duration_ms=0 receive_duration_ms=1 total_duration_ms=2
[2026-02-02 22:49:37.351] [info] [spider.worker] [TIMING] worker_id=3eec1144-22d2-4f53-8819-797ffffdadae task_id=none get_next_task request_start=501819557 connect_end=501819558 send_end=501819558 receive_end=501819560 connect_duration_ms=0 send_duration_ms=0 receive_duration_ms=1 total_duration_ms=2
[2026-02-02 22:49:37.459] [info] [spider.worker] [TIMING] worker_id=3eec1144-22d2-4f53-8819-797ffffdadae task_id=none get_next_task request_start=501819661 connect_end=501819662 send_end=501819662 receive_end=501819667 connect_duration_ms=0 send_duration_ms=0 receive_duration_ms=5 total_duration_ms=5
[2026-02-02 22:49:37.565] [info] [spider.worker] [TIMING] worker_id=3eec1144-22d2-4f53-8819-797ffffdadae task_id=none get_next_task request_start=501819770 connect_end=501819771 send_end=501819771 receive_end=501819774 connect_duration_ms=1 send_duration_ms=0 receive_duration_ms=3 total_duration_ms=4
[2026-02-02 22:49:37.674] [info] [spider.worker] [TIMING] worker_id=3eec1144-22d2-4f53-8819-797ffffdadae task_id=none get_next_task request_start=501819876 connect_end=501819877 send_end=501819877 receive_end=501819882 connect_duration_ms=1 send_duration_ms=0 receive_duration_ms=4 total_duration_ms=6
[2026-02-02 22:49:37.782] [info] [spider.worker] [TIMING] worker_id=3eec1144-22d2-4f53-8819-797ffffdadae task_id=none get_next_task request_start=501819985 connect_end=501819986 send_end=501819986 receive_end=501819990 connect_duration_ms=1 send_duration_ms=0 receive_duration_ms=3 total_duration_ms=5
[2026-02-02 22:49:37.888] [info] [spider.worker] [TIMING] worker_id=3eec1144-22d2-4f53-8819-797ffffdadae task_id=none get_next_task request_start=501820092 connect_end=501820093 send_end=501820094 receive_end=501820097 connect_duration_ms=1 send_duration_ms=0 receive_duration_ms=3 total_duration_ms=4
[2026-02-02 22:49:37.995] [info] [spider.worker] [TIMING] worker_id=3eec1144-22d2-4f53-8819-797ffffdadae task_id=none get_next_task request_start=501820199 connect_end=501820200 send_end=501820200 receive_end=501820204 connect_duration_ms=1 send_duration_ms=0 receive_duration_ms=3 total_duration_ms=4
[2026-02-02 22:49:38.102] [info] [spider.worker] [TIMING] worker_id=3eec1144-22d2-4f53-8819-797ffffdadae task_id=none get_next_task request_start=501820306 connect_end=501820307 send_end=501820307 receive_end=501820310 connect_duration_ms=1 send_duration_ms=0 receive_duration_ms=2 total_duration_ms=4
[2026-02-02 22:49:38.210] [info] [spider.worker] [TIMING] worker_id=3eec1144-22d2-4f53-8819-797ffffdadae task_id=none get_next_task request_start=501820413 connect_end=501820414 send_end=501820414 receive_end=501820418 connect_duration_ms=1 send_duration_ms=0 receive_duration_ms=3 total_duration_ms=4
[2026-02-02 22:49:38.315] [info] [spider.worker] [TIMING] worker_id=3eec1144-22d2-4f53-8819-797ffffdadae task_id=none get_next_task request_start=501820520 connect_end=501820521 send_end=501820521 receive_end=501820523 connect_duration_ms=0 send_duration_ms=0 receive_duration_ms=2 total_duration_ms=3
[2026-02-02 22:49:38.420] [info] [spider.worker] [TIMING] worker_id=3eec1144-22d2-4f53-8819-797ffffdadae task_id=none get_next_task request_start=501820625 connect_end=501820626 send_end=501820626 receive_end=501820629 connect_duration_ms=0 send_duration_ms=0 receive_duration_ms=2 total_duration_ms=3
[2026-02-02 22:49:38.526] [info] [spider.worker] [TIMING] worker_id=3eec1144-22d2-4f53-8819-797ffffdadae task_id=none get_next_task request_start=501820732 connect_end=501820732 send_end=501820732 receive_end=501820734 connect_duration_ms=0 send_duration_ms=0 receive_duration_ms=1 total_duration_ms=2
[2026-02-02 22:49:38.633] [info] [spider.worker] [TIMING] worker_id=3eec1144-22d2-4f53-8819-797ffffdadae task_id=none get_next_task request_start=501820836 connect_end=501820837 send_end=501820837 receive_end=501820841 connect_duration_ms=1 send_duration_ms=0 receive_duration_ms=3 total_duration_ms=4
[2026-02-02 22:49:38.741] [info] [spider.worker] [TIMING] worker_id=3eec1144-22d2-4f53-8819-797ffffdadae task_id=none get_next_task request_start=501820943 connect_end=501820944 send_end=501820944 receive_end=501820950 connect_duration_ms=0 send_duration_ms=0 receive_duration_ms=5 total_duration_ms=6
[2026-02-02 22:49:38.848] [info] [spider.worker] [TIMING] worker_id=3eec1144-22d2-4f53-8819-797ffffdadae task_id=none get_next_task request_start=501821052 connect_end=501821053 send_end=501821053 receive_end=501821056 connect_duration_ms=1 send_duration_ms=0 receive_duration_ms=3 total_duration_ms=4
[2026-02-02 22:49:38.955] [info] [spider.worker] [TIMING] worker_id=3eec1144-22d2-4f53-8819-797ffffdadae task_id=none get_next_task request_start=501821159 connect_end=501821160 send_end=501821160 receive_end=501821163 connect_duration_ms=1 send_duration_ms=0 receive_duration_ms=3 total_duration_ms=4
[2026-02-02 22:49:39.062] [info] [spider.worker] [TIMING] worker_id=3eec1144-22d2-4f53-8819-797ffffdadae task_id=none get_next_task request_start=501821266 connect_end=501821267 send_end=501821267 receive_end=501821271 connect_duration_ms=1 send_duration_ms=0 receive_duration_ms=4 total_duration_ms=5
[2026-02-02 22:49:39.170] [info] [spider.worker] [TIMING] worker_id=3eec1144-22d2-4f53-8819-797ffffdadae task_id=none get_next_task request_start=501821374 connect_end=501821375 send_end=501821375 receive_end=501821378 connect_duration_ms=1 send_duration_ms=0 receive_duration_ms=3 total_duration_ms=4
[2026-02-02 22:49:39.278] [info] [spider.worker] [TIMING] worker_id=3eec1144-22d2-4f53-8819-797ffffdadae task_id=none get_next_task request_start=501821481 connect_end=501821482 send_end=501821482 receive_end=501821486 connect_duration_ms=1 send_duration_ms=0 receive_duration_ms=3 total_duration_ms=5
[2026-02-02 22:49:39.384] [info] [spider.worker] [TIMING] worker_id=3eec1144-22d2-4f53-8819-797ffffdadae task_id=none get_next_task request_start=501821588 connect_end=501821589 send_end=501821589 receive_end=501821592 connect_duration_ms=0 send_duration_ms=0 receive_duration_ms=3 total_duration_ms=4
[2026-02-02 22:49:39.492] [info] [spider.worker] [TIMING] worker_id=3eec1144-22d2-4f53-8819-797ffffdadae task_id=none get_next_task request_start=501821695 connect_end=501821696 send_end=501821696 receive_end=501821700 connect_duration_ms=1 send_duration_ms=0 receive_duration_ms=4 total_duration_ms=5
[2026-02-02 22:49:39.601] [info] [spider.worker] [TIMING] worker_id=3eec1144-22d2-4f53-8819-797ffffdadae task_id=none get_next_task request_start=501821803 connect_end=501821804 send_end=501821804 receive_end=501821809 connect_duration_ms=1 send_duration_ms=0 receive_duration_ms=5 total_duration_ms=6
[2026-02-02 22:49:39.709] [info] [spider.worker] [TIMING] worker_id=3eec1144-22d2-4f53-8819-797ffffdadae task_id=none get_next_task request_start=501821912 connect_end=501821913 send_end=501821913 receive_end=501821917 connect_duration_ms=1 send_duration_ms=0 receive_duration_ms=3 total_duration_ms=5
[2026-02-02 22:49:39.816] [info] [spider.worker] [TIMING] worker_id=3eec1144-22d2-4f53-8819-797ffffdadae task_id=none get_next_task request_start=501822019 connect_end=501822021 send_end=501822021 receive_end=501822024 connect_duration_ms=1 send_duration_ms=0 receive_duration_ms=3 total_duration_ms=4
[2026-02-02 22:49:39.924] [info] [spider.worker] [TIMING] worker_id=3eec1144-22d2-4f53-8819-797ffffdadae task_id=none get_next_task request_start=501822127 connect_end=501822128 send_end=501822128 receive_end=501822132 connect_duration_ms=1 send_duration_ms=0 receive_duration_ms=4 total_duration_ms=5
[2026-02-02 22:49:40.033] [info] [spider.worker] [TIMING] worker_id=3eec1144-22d2-4f53-8819-797ffffdadae task_id=none get_next_task request_start=501822235 connect_end=501822236 send_end=501822236 receive_end=501822241 connect_duration_ms=1 send_duration_ms=0 receive_duration_ms=5 total_duration_ms=6
[2026-02-02 22:49:40.141] [info] [spider.worker] [TIMING] worker_id=3eec1144-22d2-4f53-8819-797ffffdadae task_id=none get_next_task request_start=501822344 connect_end=501822345 send_end=501822345 receive_end=501822349 connect_duration_ms=1 send_duration_ms=0 receive_duration_ms=3 total_duration_ms=4
[2026-02-02 22:49:40.246] [info] [spider.worker] [TIMING] worker_id=3eec1144-22d2-4f53-8819-797ffffdadae task_id=none get_next_task request_start=501822451 connect_end=501822452 send_end=501822452 receive_end=501822454 connect_duration_ms=1 send_duration_ms=0 receive_duration_ms=1 total_duration_ms=3
[2026-02-02 22:49:40.353] [info] [spider.worker] [TIMING] worker_id=3eec1144-22d2-4f53-8819-797ffffdadae task_id=none get_next_task request_start=501822557 connect_end=501822558 send_end=501822558 receive_end=501822562 connect_duration_ms=1 send_duration_ms=0 receive_duration_ms=3 total_duration_ms=5
[2026-02-02 22:49:40.461] [info] [spider.worker] [TIMING] worker_id=3eec1144-22d2-4f53-8819-797ffffdadae task_id=none get_next_task request_start=501822665 connect_end=501822666 send_end=501822666 receive_end=501822670 connect_duration_ms=1 send_duration_ms=0 receive_duration_ms=3 total_duration_ms=5
[2026-02-02 22:49:40.569] [info] [spider.worker] [TIMING] worker_id=3eec1144-22d2-4f53-8819-797ffffdadae task_id=none get_next_task request_start=501822772 connect_end=501822774 send_end=501822774 receive_end=501822777 connect_duration_ms=1 send_duration_ms=0 receive_duration_ms=3 total_duration_ms=4
[2026-02-02 22:49:40.676] [info] [spider.worker] [TIMING] worker_id=3eec1144-22d2-4f53-8819-797ffffdadae task_id=none get_next_task request_start=501822880 connect_end=501822882 send_end=501822882 receive_end=501822885 connect_duration_ms=1 send_duration_ms=0 receive_duration_ms=3 total_duration_ms=4
[2026-02-02 22:49:40.781] [info] [spider.worker] [TIMING] worker_id=3eec1144-22d2-4f53-8819-797ffffdadae task_id=none get_next_task request_start=501822987 connect_end=501822987 send_end=501822987 receive_end=501822990 connect_duration_ms=0 send_duration_ms=0 receive_duration_ms=2 total_duration_ms=3
[2026-02-02 22:49:40.886] [info] [spider.worker] [TIMING] worker_id=3eec1144-22d2-4f53-8819-797ffffdadae task_id=none get_next_task request_start=501823091 connect_end=501823092 send_end=501823092 receive_end=501823095 connect_duration_ms=0 send_duration_ms=0 receive_duration_ms=2 total_duration_ms=3
[2026-02-02 22:49:40.989] [info] [spider.worker] [TIMING] worker_id=3eec1144-22d2-4f53-8819-797ffffdadae task_id=none get_next_task request_start=501823196 connect_end=501823196 send_end=501823196 receive_end=501823198 connect_duration_ms=0 send_duration_ms=0 receive_duration_ms=1 total_duration_ms=1
[2026-02-02 22:49:41.093] [info] [spider.worker] [TIMING] worker_id=3eec1144-22d2-4f53-8819-797ffffdadae task_id=none get_next_task request_start=501823300 connect_end=501823300 send_end=501823300 receive_end=501823302 connect_duration_ms=0 send_duration_ms=0 receive_duration_ms=1 total_duration_ms=2
[2026-02-02 22:49:41.197] [info] [spider.worker] [TIMING] worker_id=3eec1144-22d2-4f53-8819-797ffffdadae task_id=none get_next_task request_start=501823403 connect_end=501823404 send_end=501823404 receive_end=501823405 connect_duration_ms=0 send_duration_ms=0 receive_duration_ms=1 total_duration_ms=2
[2026-02-02 22:49:41.303] [info] [spider.worker] [TIMING] worker_id=3eec1144-22d2-4f53-8819-797ffffdadae task_id=none get_next_task request_start=501823507 connect_end=501823508 send_end=501823508 receive_end=501823511 connect_duration_ms=1 send_duration_ms=0 receive_duration_ms=2 total_duration_ms=3
[2026-02-02 22:49:41.409] [info] [spider.worker] [TIMING] worker_id=3eec1144-22d2-4f53-8819-797ffffdadae task_id=none get_next_task request_start=501823613 connect_end=501823615 send_end=501823615 receive_end=501823618 connect_duration_ms=1 send_duration_ms=0 receive_duration_ms=3 total_duration_ms=4
[2026-02-02 22:49:41.515] [info] [spider.worker] [TIMING] worker_id=3eec1144-22d2-4f53-8819-797ffffdadae task_id=none get_next_task request_start=501823720 connect_end=501823721 send_end=501823721 receive_end=501823723 connect_duration_ms=0 send_duration_ms=0 receive_duration_ms=2 total_duration_ms=2
[2026-02-02 22:49:41.618] [info] [spider.worker] [TIMING] worker_id=3eec1144-22d2-4f53-8819-797ffffdadae task_id=none get_next_task request_start=501823825 connect_end=501823825 send_end=501823825 receive_end=501823827 connect_duration_ms=0 send_duration_ms=0 receive_duration_ms=1 total_duration_ms=2
[2026-02-02 22:49:41.724] [info] [spider.worker] [TIMING] worker_id=3eec1144-22d2-4f53-8819-797ffffdadae task_id=none get_next_task request_start=501823929 connect_end=501823930 send_end=501823930 receive_end=501823932 connect_duration_ms=1 send_duration_ms=0 receive_duration_ms=2 total_duration_ms=3
[2026-02-02 22:49:41.831] [info] [spider.worker] [TIMING] worker_id=3eec1144-22d2-4f53-8819-797ffffdadae task_id=none get_next_task request_start=501824035 connect_end=501824036 send_end=501824036 receive_end=501824039 connect_duration_ms=1 send_duration_ms=0 receive_duration_ms=2 total_duration_ms=4
[2026-02-02 22:49:41.937] [info] [spider.worker] [TIMING] worker_id=3eec1144-22d2-4f53-8819-797ffffdadae task_id=none get_next_task request_start=501824142 connect_end=501824143 send_end=501824143 receive_end=501824146 connect_duration_ms=1 send_duration_ms=0 receive_duration_ms=3 total_duration_ms=4
[2026-02-02 22:49:42.042] [info] [spider.worker] [TIMING] worker_id=3eec1144-22d2-4f53-8819-797ffffdadae task_id=none get_next_task request_start=501824248 connect_end=501824249 send_end=501824249 receive_end=501824251 connect_duration_ms=0 send_duration_ms=0 receive_duration_ms=1 total_duration_ms=2
[2026-02-02 22:49:42.147] [info] [spider.worker] [TIMING] worker_id=3eec1144-22d2-4f53-8819-797ffffdadae task_id=none get_next_task request_start=501824353 connect_end=501824354 send_end=501824354 receive_end=501824356 connect_duration_ms=0 send_duration_ms=0 receive_duration_ms=2 total_duration_ms=3
[2026-02-02 22:49:42.256] [info] [spider.worker] [TIMING] worker_id=3eec1144-22d2-4f53-8819-797ffffdadae task_id=none get_next_task request_start=501824458 connect_end=501824460 send_end=501824460 receive_end=501824464 connect_duration_ms=1 send_duration_ms=0 receive_duration_ms=4 total_duration_ms=5
[2026-02-02 22:49:42.365] [info] [spider.worker] [TIMING] worker_id=3eec1144-22d2-4f53-8819-797ffffdadae task_id=none get_next_task request_start=501824567 connect_end=501824568 send_end=501824568 receive_end=501824573 connect_duration_ms=1 send_duration_ms=0 receive_duration_ms=5 total_duration_ms=6
[2026-02-02 22:49:42.473] [info] [spider.worker] [TIMING] worker_id=3eec1144-22d2-4f53-8819-797ffffdadae task_id=none get_next_task request_start=501824676 connect_end=501824677 send_end=501824677 receive_end=501824681 connect_duration_ms=1 send_duration_ms=0 receive_duration_ms=4 total_duration_ms=5
[2026-02-02 22:49:42.581] [info] [spider.worker] [TIMING] worker_id=3eec1144-22d2-4f53-8819-797ffffdadae task_id=none get_next_task request_start=501824784 connect_end=501824785 send_end=501824785 receive_end=501824789 connect_duration_ms=1 send_duration_ms=0 receive_duration_ms=3 total_duration_ms=5
[2026-02-02 22:49:42.688] [info] [spider.worker] [TIMING] worker_id=3eec1144-22d2-4f53-8819-797ffffdadae task_id=none get_next_task request_start=501824892 connect_end=501824893 send_end=501824893 receive_end=501824897 connect_duration_ms=1 send_duration_ms=0 receive_duration_ms=3 total_duration_ms=4
[2026-02-02 22:49:42.795] [info] [spider.worker] [TIMING] worker_id=3eec1144-22d2-4f53-8819-797ffffdadae task_id=none get_next_task request_start=501824999 connect_end=501825000 send_end=501825000 receive_end=501825004 connect_duration_ms=1 send_duration_ms=0 receive_duration_ms=3 total_duration_ms=4
[2026-02-02 22:49:42.904] [info] [spider.worker] [TIMING] worker_id=3eec1144-22d2-4f53-8819-797ffffdadae task_id=none get_next_task request_start=501825107 connect_end=501825108 send_end=501825108 receive_end=501825112 connect_duration_ms=1 send_duration_ms=0 receive_duration_ms=4 total_duration_ms=5
[2026-02-02 22:49:43.012] [info] [spider.worker] [TIMING] worker_id=3eec1144-22d2-4f53-8819-797ffffdadae task_id=none get_next_task request_start=501825215 connect_end=501825216 send_end=501825216 receive_end=501825220 connect_duration_ms=1 send_duration_ms=0 receive_duration_ms=4 total_duration_ms=5
[2026-02-02 22:49:43.120] [info] [spider.worker] [TIMING] worker_id=3eec1144-22d2-4f53-8819-797ffffdadae task_id=none get_next_task request_start=501825323 connect_end=501825324 send_end=501825324 receive_end=501825328 connect_duration_ms=1 send_duration_ms=0 receive_duration_ms=4 total_duration_ms=5
[2026-02-02 22:49:43.242] [info] [spider.worker] [TIMING] worker_id=3eec1144-22d2-4f53-8819-797ffffdadae task_id=none get_next_task request_start=501825443 connect_end=501825445 send_end=501825445 receive_end=501825451 connect_duration_ms=1 send_duration_ms=0 receive_duration_ms=5 total_duration_ms=7
[2026-02-02 22:49:43.351] [info] [spider.worker] [TIMING] worker_id=3eec1144-22d2-4f53-8819-797ffffdadae task_id=none get_next_task request_start=501825553 connect_end=501825555 send_end=501825555 receive_end=501825559 connect_duration_ms=1 send_duration_ms=0 receive_duration_ms=4 total_duration_ms=5
[2026-02-02 22:49:43.459] [info] [spider.worker] [TIMING] worker_id=3eec1144-22d2-4f53-8819-797ffffdadae task_id=none get_next_task request_start=501825662 connect_end=501825664 send_end=501825664 receive_end=501825667 connect_duration_ms=1 send_duration_ms=0 receive_duration_ms=3 total_duration_ms=4
[2026-02-02 22:49:43.566] [info] [spider.worker] [TIMING] worker_id=3eec1144-22d2-4f53-8819-797ffffdadae task_id=none get_next_task request_start=501825770 connect_end=501825771 send_end=501825771 receive_end=501825775 connect_duration_ms=1 send_duration_ms=0 receive_duration_ms=3 total_duration_ms=4
[2026-02-02 22:49:43.675] [info] [spider.worker] [TIMING] worker_id=3eec1144-22d2-4f53-8819-797ffffdadae task_id=none get_next_task request_start=501825878 connect_end=501825879 send_end=501825879 receive_end=501825883 connect_duration_ms=1 send_duration_ms=0 receive_duration_ms=3 total_duration_ms=5
[2026-02-02 22:49:43.782] [info] [spider.worker] [TIMING] worker_id=3eec1144-22d2-4f53-8819-797ffffdadae task_id=none get_next_task request_start=501825985 connect_end=501825987 send_end=501825987 receive_end=501825990 connect_duration_ms=1 send_duration_ms=0 receive_duration_ms=3 total_duration_ms=4
[2026-02-02 22:49:43.889] [info] [spider.worker] [TIMING] worker_id=3eec1144-22d2-4f53-8819-797ffffdadae task_id=none get_next_task request_start=501826093 connect_end=501826094 send_end=501826094 receive_end=501826097 connect_duration_ms=1 send_duration_ms=0 receive_duration_ms=3 total_duration_ms=4
[2026-02-02 22:49:43.996] [info] [spider.worker] [TIMING] worker_id=3eec1144-22d2-4f53-8819-797ffffdadae task_id=none get_next_task request_start=501826200 connect_end=501826201 send_end=501826201 receive_end=501826204 connect_duration_ms=1 send_duration_ms=0 receive_duration_ms=3 total_duration_ms=4
[2026-02-02 22:49:44.103] [info] [spider.worker] [TIMING] worker_id=3eec1144-22d2-4f53-8819-797ffffdadae task_id=none get_next_task request_start=501826307 connect_end=501826308 send_end=501826308 receive_end=501826312 connect_duration_ms=1 send_duration_ms=0 receive_duration_ms=3 total_duration_ms=4
[2026-02-02 22:49:44.211] [info] [spider.worker] [TIMING] worker_id=3eec1144-22d2-4f53-8819-797ffffdadae task_id=none get_next_task request_start=501826414 connect_end=501826416 send_end=501826416 receive_end=501826419 connect_duration_ms=1 send_duration_ms=0 receive_duration_ms=3 total_duration_ms=4
[2026-02-02 22:49:44.317] [info] [spider.worker] [TIMING] worker_id=3eec1144-22d2-4f53-8819-797ffffdadae task_id=none get_next_task request_start=501826521 connect_end=501826522 send_end=501826523 receive_end=501826526 connect_duration_ms=1 send_duration_ms=0 receive_duration_ms=3 total_duration_ms=4
[2026-02-02 22:49:44.425] [info] [spider.worker] [TIMING] worker_id=3eec1144-22d2-4f53-8819-797ffffdadae task_id=none get_next_task request_start=501826629 connect_end=501826630 send_end=501826630 receive_end=501826633 connect_duration_ms=1 send_duration_ms=0 receive_duration_ms=3 total_duration_ms=4
[2026-02-02 22:49:44.530] [info] [spider.worker] [TIMING] worker_id=3eec1144-22d2-4f53-8819-797ffffdadae task_id=none get_next_task request_start=501826736 connect_end=501826737 send_end=501826737 receive_end=501826739 connect_duration_ms=0 send_duration_ms=0 receive_duration_ms=1 total_duration_ms=2
[2026-02-02 22:49:44.638] [info] [spider.worker] [TIMING] worker_id=3eec1144-22d2-4f53-8819-797ffffdadae task_id=none get_next_task request_start=501826841 connect_end=501826842 send_end=501826842 receive_end=501826846 connect_duration_ms=1 send_duration_ms=0 receive_duration_ms=4 total_duration_ms=5
[2026-02-02 22:49:44.743] [info] [spider.worker] [TIMING] worker_id=3eec1144-22d2-4f53-8819-797ffffdadae task_id=none get_next_task request_start=501826949 connect_end=501826950 send_end=501826950 receive_end=501826952 connect_duration_ms=1 send_duration_ms=0 receive_duration_ms=1 total_duration_ms=2
[2026-02-02 22:49:44.852] [info] [spider.worker] [TIMING] worker_id=3eec1144-22d2-4f53-8819-797ffffdadae task_id=none get_next_task request_start=501827054 connect_end=501827055 send_end=501827055 receive_end=501827061 connect_duration_ms=1 send_duration_ms=0 receive_duration_ms=5 total_duration_ms=6
[2026-02-02 22:49:44.960] [info] [spider.worker] [TIMING] worker_id=3eec1144-22d2-4f53-8819-797ffffdadae task_id=none get_next_task request_start=501827163 connect_end=501827163 send_end=501827163 receive_end=501827168 connect_duration_ms=0 send_duration_ms=0 receive_duration_ms=4 total_duration_ms=5
[2026-02-02 22:49:45.067] [info] [spider.worker] [TIMING] worker_id=3eec1144-22d2-4f53-8819-797ffffdadae task_id=none get_next_task request_start=501827271 connect_end=501827272 send_end=501827272 receive_end=501827275 connect_duration_ms=1 send_duration_ms=0 receive_duration_ms=3 total_duration_ms=4
[2026-02-02 22:49:45.171] [info] [spider.worker] [TIMING] worker_id=3eec1144-22d2-4f53-8819-797ffffdadae task_id=none get_next_task request_start=501827377 connect_end=501827378 send_end=501827378 receive_end=501827379 connect_duration_ms=0 send_duration_ms=0 receive_duration_ms=1 total_duration_ms=2
[2026-02-02 22:49:45.280] [info] [spider.worker] [TIMING] worker_id=3eec1144-22d2-4f53-8819-797ffffdadae task_id=none get_next_task request_start=501827481 connect_end=501827482 send_end=501827482 receive_end=501827489 connect_duration_ms=0 send_duration_ms=0 receive_duration_ms=6 total_duration_ms=7
[2026-02-02 22:49:45.387] [info] [spider.worker] [TIMING] worker_id=3eec1144-22d2-4f53-8819-797ffffdadae task_id=none get_next_task request_start=501827591 connect_end=501827593 send_end=501827593 receive_end=501827595 connect_duration_ms=1 send_duration_ms=0 receive_duration_ms=2 total_duration_ms=4
[2026-02-02 22:49:45.495] [info] [spider.worker] [TIMING] worker_id=3eec1144-22d2-4f53-8819-797ffffdadae task_id=none get_next_task request_start=501827698 connect_end=501827699 send_end=501827699 receive_end=501827703 connect_duration_ms=1 send_duration_ms=0 receive_duration_ms=3 total_duration_ms=4
[2026-02-02 22:49:45.602] [info] [spider.worker] [TIMING] worker_id=3eec1144-22d2-4f53-8819-797ffffdadae task_id=none get_next_task request_start=501827806 connect_end=501827807 send_end=501827807 receive_end=501827810 connect_duration_ms=1 send_duration_ms=0 receive_duration_ms=3 total_duration_ms=4
[2026-02-02 22:49:45.709] [info] [spider.worker] [TIMING] worker_id=3eec1144-22d2-4f53-8819-797ffffdadae task_id=none get_next_task request_start=501827912 connect_end=501827913 send_end=501827913 receive_end=501827918 connect_duration_ms=1 send_duration_ms=0 receive_duration_ms=4 total_duration_ms=5
[2026-02-02 22:49:45.816] [info] [spider.worker] [TIMING] worker_id=3eec1144-22d2-4f53-8819-797ffffdadae task_id=none get_next_task request_start=501828020 connect_end=501828022 send_end=501828022 receive_end=501828025 connect_duration_ms=1 send_duration_ms=0 receive_duration_ms=3 total_duration_ms=4
[2026-02-02 22:49:45.921] [info] [spider.worker] [TIMING] worker_id=3eec1144-22d2-4f53-8819-797ffffdadae task_id=none get_next_task request_start=501828126 connect_end=501828127 send_end=501828127 receive_end=501828130 connect_duration_ms=0 send_duration_ms=0 receive_duration_ms=2 total_duration_ms=3
[2026-02-02 22:49:46.025] [info] [spider.worker] [TIMING] worker_id=3eec1144-22d2-4f53-8819-797ffffdadae task_id=none get_next_task request_start=501828231 connect_end=501828232 send_end=501828232 receive_end=501828233 connect_duration_ms=0 send_duration_ms=0 receive_duration_ms=1 total_duration_ms=1
[2026-02-02 22:49:46.134] [info] [spider.worker] [TIMING] worker_id=3eec1144-22d2-4f53-8819-797ffffdadae task_id=none get_next_task request_start=501828334 connect_end=501828335 send_end=501828335 receive_end=501828342 connect_duration_ms=0 send_duration_ms=0 receive_duration_ms=6 total_duration_ms=7
[2026-02-02 22:49:46.238] [info] [spider.worker] [TIMING] worker_id=3eec1144-22d2-4f53-8819-797ffffdadae task_id=none get_next_task request_start=501828444 connect_end=501828445 send_end=501828445 receive_end=501828446 connect_duration_ms=0 send_duration_ms=0 receive_duration_ms=1 total_duration_ms=2
[2026-02-02 22:49:46.347] [info] [spider.worker] [TIMING] worker_id=3eec1144-22d2-4f53-8819-797ffffdadae task_id=none get_next_task request_start=501828548 connect_end=501828549 send_end=501828549 receive_end=501828555 connect_duration_ms=1 send_duration_ms=0 receive_duration_ms=5 total_duration_ms=6
[2026-02-02 22:49:46.454] [info] [spider.worker] [TIMING] worker_id=3eec1144-22d2-4f53-8819-797ffffdadae task_id=none get_next_task request_start=501828657 connect_end=501828659 send_end=501828659 receive_end=501828663 connect_duration_ms=1 send_duration_ms=0 receive_duration_ms=3 total_duration_ms=5
[2026-02-02 22:49:46.562] [info] [spider.worker] [TIMING] worker_id=3eec1144-22d2-4f53-8819-797ffffdadae task_id=none get_next_task request_start=501828765 connect_end=501828766 send_end=501828766 receive_end=501828770 connect_duration_ms=1 send_duration_ms=0 receive_duration_ms=3 total_duration_ms=5
[2026-02-02 22:49:46.669] [info] [spider.worker] [TIMING] worker_id=3eec1144-22d2-4f53-8819-797ffffdadae task_id=none get_next_task request_start=501828873 connect_end=501828874 send_end=501828874 receive_end=501828877 connect_duration_ms=1 send_duration_ms=0 receive_duration_ms=3 total_duration_ms=4
[2026-02-02 22:49:46.776] [info] [spider.worker] [TIMING] worker_id=3eec1144-22d2-4f53-8819-797ffffdadae task_id=none get_next_task request_start=501828979 connect_end=501828981 send_end=501828981 receive_end=501828984 connect_duration_ms=1 send_duration_ms=0 receive_duration_ms=3 total_duration_ms=4
[2026-02-02 22:49:46.879] [info] [spider.worker] [TIMING] worker_id=3eec1144-22d2-4f53-8819-797ffffdadae task_id=none get_next_task request_start=501829085 connect_end=501829086 send_end=501829086 receive_end=501829087 connect_duration_ms=0 send_duration_ms=0 receive_duration_ms=1 total_duration_ms=2
[2026-02-02 22:49:46.984] [info] [spider.worker] [TIMING] worker_id=3eec1144-22d2-4f53-8819-797ffffdadae task_id=none get_next_task request_start=501829189 connect_end=501829190 send_end=501829190 receive_end=501829193 connect_duration_ms=0 send_duration_ms=0 receive_duration_ms=2 total_duration_ms=3
[2026-02-02 22:49:47.090] [info] [spider.worker] [TIMING] worker_id=3eec1144-22d2-4f53-8819-797ffffdadae task_id=none get_next_task request_start=501829294 connect_end=501829294 send_end=501829294 receive_end=501829298 connect_duration_ms=0 send_duration_ms=0 receive_duration_ms=3 total_duration_ms=4
[2026-02-02 22:49:47.194] [info] [spider.worker] [TIMING] worker_id=3eec1144-22d2-4f53-8819-797ffffdadae task_id=none get_next_task request_start=501829400 connect_end=501829401 send_end=501829401 receive_end=501829402 connect_duration_ms=0 send_duration_ms=0 receive_duration_ms=1 total_duration_ms=2
[2026-02-02 22:49:47.326] [info] [spider.worker] [TIMING] worker_id=3eec1144-22d2-4f53-8819-797ffffdadae task_id=none get_next_task request_start=501829520 connect_end=501829521 send_end=501829521 receive_end=501829534 connect_duration_ms=1 send_duration_ms=0 receive_duration_ms=13 total_duration_ms=14
[2026-02-02 22:49:47.432] [info] [spider.worker] [TIMING] worker_id=3eec1144-22d2-4f53-8819-797ffffdadae task_id=none get_next_task request_start=501829636 connect_end=501829637 send_end=501829637 receive_end=501829641 connect_duration_ms=0 send_duration_ms=0 receive_duration_ms=3 total_duration_ms=4
[2026-02-02 22:49:47.539] [info] [spider.worker] [TIMING] worker_id=3eec1144-22d2-4f53-8819-797ffffdadae task_id=none get_next_task request_start=501829743 connect_end=501829743 send_end=501829743 receive_end=501829747 connect_duration_ms=0 send_duration_ms=0 receive_duration_ms=3 total_duration_ms=4
[2026-02-02 22:49:47.648] [info] [spider.worker] [TIMING] worker_id=3eec1144-22d2-4f53-8819-797ffffdadae task_id=none get_next_task request_start=501829850 connect_end=501829851 send_end=501829851 receive_end=501829856 connect_duration_ms=0 send_duration_ms=0 receive_duration_ms=5 total_duration_ms=6
[2026-02-02 22:49:47.752] [info] [spider.worker] [TIMING] worker_id=3eec1144-22d2-4f53-8819-797ffffdadae task_id=none get_next_task request_start=501829958 connect_end=501829958 send_end=501829958 receive_end=501829960 connect_duration_ms=0 send_duration_ms=0 receive_duration_ms=2 total_duration_ms=2
[2026-02-02 22:49:47.860] [info] [spider.worker] [TIMING] worker_id=3eec1144-22d2-4f53-8819-797ffffdadae task_id=none get_next_task request_start=501830063 connect_end=501830064 send_end=501830064 receive_end=501830069 connect_duration_ms=1 send_duration_ms=0 receive_duration_ms=4 total_duration_ms=5
[2026-02-02 22:49:48.002] [info] [spider.worker] [TIMING] worker_id=3eec1144-22d2-4f53-8819-797ffffdadae task_id=none get_next_task request_start=501830206 connect_end=501830207 send_end=501830207 receive_end=501830210 connect_duration_ms=1 send_duration_ms=0 receive_duration_ms=2 total_duration_ms=4
[2026-02-02 22:49:48.107] [info] [spider.worker] [TIMING] worker_id=3eec1144-22d2-4f53-8819-797ffffdadae task_id=none get_next_task request_start=501830312 connect_end=501830312 send_end=501830312 receive_end=501830315 connect_duration_ms=0 send_duration_ms=0 receive_duration_ms=2 total_duration_ms=3
[2026-02-02 22:49:48.259] [info] [spider.worker] [TIMING] worker_id=3eec1144-22d2-4f53-8819-797ffffdadae task_id=none get_next_task request_start=501830417 connect_end=501830418 send_end=501830418 receive_end=501830467 connect_duration_ms=0 send_duration_ms=0 receive_duration_ms=49 total_duration_ms=50
[2026-02-02 22:49:48.375] [info] [spider.worker] [TIMING] worker_id=3eec1144-22d2-4f53-8819-797ffffdadae task_id=none get_next_task request_start=501830575 connect_end=501830576 send_end=501830576 receive_end=501830583 connect_duration_ms=1 send_duration_ms=0 receive_duration_ms=6 total_duration_ms=8
[2026-02-02 22:49:48.479] [info] [spider.worker] [TIMING] worker_id=3eec1144-22d2-4f53-8819-797ffffdadae task_id=none get_next_task request_start=501830685 connect_end=501830686 send_end=501830686 receive_end=501830687 connect_duration_ms=0 send_duration_ms=0 receive_duration_ms=1 total_duration_ms=2
[2026-02-02 22:49:48.584] [info] [spider.worker] [TIMING] worker_id=3eec1144-22d2-4f53-8819-797ffffdadae task_id=none get_next_task request_start=501830789 connect_end=501830790 send_end=501830790 receive_end=501830792 connect_duration_ms=0 send_duration_ms=0 receive_duration_ms=2 total_duration_ms=2
[2026-02-02 22:49:48.690] [info] [spider.worker] [TIMING] worker_id=3eec1144-22d2-4f53-8819-797ffffdadae task_id=none get_next_task request_start=501830893 connect_end=501830894 send_end=501830894 receive_end=501830899 connect_duration_ms=0 send_duration_ms=0 receive_duration_ms=4 total_duration_ms=5
[2026-02-02 22:49:48.798] [info] [spider.worker] [TIMING] worker_id=3eec1144-22d2-4f53-8819-797ffffdadae task_id=none get_next_task request_start=501831001 connect_end=501831002 send_end=501831002 receive_end=501831006 connect_duration_ms=0 send_duration_ms=0 receive_duration_ms=4 total_duration_ms=5
[2026-02-02 22:49:48.905] [info] [spider.worker] [TIMING] worker_id=3eec1144-22d2-4f53-8819-797ffffdadae task_id=none get_next_task request_start=501831108 connect_end=501831110 send_end=501831110 receive_end=501831114 connect_duration_ms=1 send_duration_ms=0 receive_duration_ms=4 total_duration_ms=5
[2026-02-02 22:49:49.012] [info] [spider.worker] [TIMING] worker_id=3eec1144-22d2-4f53-8819-797ffffdadae task_id=none get_next_task request_start=501831216 connect_end=501831217 send_end=501831217 receive_end=501831221 connect_duration_ms=1 send_duration_ms=0 receive_duration_ms=3 total_duration_ms=4
[2026-02-02 22:49:49.117] [info] [spider.worker] [TIMING] worker_id=3eec1144-22d2-4f53-8819-797ffffdadae task_id=none get_next_task request_start=501831322 connect_end=501831323 send_end=501831323 receive_end=501831325 connect_duration_ms=0 send_duration_ms=0 receive_duration_ms=1 total_duration_ms=2
[2026-02-02 22:49:49.221] [info] [spider.worker] [TIMING] worker_id=3eec1144-22d2-4f53-8819-797ffffdadae task_id=none get_next_task request_start=501831427 connect_end=501831428 send_end=501831428 receive_end=501831430 connect_duration_ms=0 send_duration_ms=0 receive_duration_ms=1 total_duration_ms=2
[2026-02-02 22:49:49.328] [info] [spider.worker] [TIMING] worker_id=3eec1144-22d2-4f53-8819-797ffffdadae task_id=none get_next_task request_start=501831532 connect_end=501831533 send_end=501831533 receive_end=501831536 connect_duration_ms=0 send_duration_ms=0 receive_duration_ms=2 total_duration_ms=3
[2026-02-02 22:49:49.431] [info] [spider.worker] [TIMING] worker_id=3eec1144-22d2-4f53-8819-797ffffdadae task_id=none get_next_task request_start=501831638 connect_end=501831638 send_end=501831638 receive_end=501831640 connect_duration_ms=0 send_duration_ms=0 receive_duration_ms=1 total_duration_ms=2
[2026-02-02 22:49:49.538] [info] [spider.worker] [TIMING] worker_id=3eec1144-22d2-4f53-8819-797ffffdadae task_id=none get_next_task request_start=501831742 connect_end=501831743 send_end=501831743 receive_end=501831746 connect_duration_ms=0 send_duration_ms=0 receive_duration_ms=3 total_duration_ms=4
[2026-02-02 22:49:49.643] [info] [spider.worker] [TIMING] worker_id=3eec1144-22d2-4f53-8819-797ffffdadae task_id=none get_next_task request_start=501831848 connect_end=501831849 send_end=501831849 receive_end=501831851 connect_duration_ms=0 send_duration_ms=0 receive_duration_ms=2 total_duration_ms=2
[2026-02-02 22:49:49.751] [info] [spider.worker] [TIMING] worker_id=3eec1144-22d2-4f53-8819-797ffffdadae task_id=none get_next_task request_start=501831953 connect_end=501831954 send_end=501831954 receive_end=501831960 connect_duration_ms=1 send_duration_ms=0 receive_duration_ms=5 total_duration_ms=6
[2026-02-02 22:49:49.858] [info] [spider.worker] [TIMING] worker_id=3eec1144-22d2-4f53-8819-797ffffdadae task_id=none get_next_task request_start=501832062 connect_end=501832062 send_end=501832062 receive_end=501832067 connect_duration_ms=0 send_duration_ms=0 receive_duration_ms=4 total_duration_ms=5
[2026-02-02 22:49:49.965] [info] [spider.worker] [TIMING] worker_id=3eec1144-22d2-4f53-8819-797ffffdadae task_id=none get_next_task request_start=501832169 connect_end=501832170 send_end=501832170 receive_end=501832173 connect_duration_ms=1 send_duration_ms=0 receive_duration_ms=2 total_duration_ms=3
[2026-02-02 22:49:50.072] [info] [spider.worker] [TIMING] worker_id=3eec1144-22d2-4f53-8819-797ffffdadae task_id=none get_next_task request_start=501832276 connect_end=501832277 send_end=501832277 receive_end=501832280 connect_duration_ms=0 send_duration_ms=0 receive_duration_ms=3 total_duration_ms=4
[2026-02-02 22:49:50.178] [info] [spider.worker] [TIMING] worker_id=3eec1144-22d2-4f53-8819-797ffffdadae task_id=none get_next_task request_start=501832382 connect_end=501832384 send_end=501832384 receive_end=501832387 connect_duration_ms=1 send_duration_ms=0 receive_duration_ms=3 total_duration_ms=4
[2026-02-02 22:49:50.285] [info] [spider.worker] [TIMING] worker_id=3eec1144-22d2-4f53-8819-797ffffdadae task_id=none get_next_task request_start=501832489 connect_end=501832491 send_end=501832491 receive_end=501832494 connect_duration_ms=1 send_duration_ms=0 receive_duration_ms=2 total_duration_ms=4
[2026-02-02 22:49:50.392] [info] [spider.worker] [TIMING] worker_id=3eec1144-22d2-4f53-8819-797ffffdadae task_id=none get_next_task request_start=501832596 connect_end=501832597 send_end=501832597 receive_end=501832600 connect_duration_ms=1 send_duration_ms=0 receive_duration_ms=3 total_duration_ms=4
[2026-02-02 22:49:50.499] [info] [spider.worker] [TIMING] worker_id=3eec1144-22d2-4f53-8819-797ffffdadae task_id=none get_next_task request_start=501832703 connect_end=501832704 send_end=501832704 receive_end=501832707 connect_duration_ms=1 send_duration_ms=0 receive_duration_ms=2 total_duration_ms=4
[2026-02-02 22:49:50.605] [info] [spider.worker] [TIMING] worker_id=3eec1144-22d2-4f53-8819-797ffffdadae task_id=none get_next_task request_start=501832809 connect_end=501832810 send_end=501832810 receive_end=501832813 connect_duration_ms=1 send_duration_ms=0 receive_duration_ms=3 total_duration_ms=4
[2026-02-02 22:49:50.713] [info] [spider.worker] [TIMING] worker_id=3eec1144-22d2-4f53-8819-797ffffdadae task_id=none get_next_task request_start=501832916 connect_end=501832918 send_end=501832918 receive_end=501832921 connect_duration_ms=1 send_duration_ms=0 receive_duration_ms=3 total_duration_ms=4
[2026-02-02 22:49:50.822] [info] [spider.worker] [TIMING] worker_id=3eec1144-22d2-4f53-8819-797ffffdadae task_id=none get_next_task request_start=501833024 connect_end=501833025 send_end=501833025 receive_end=501833030 connect_duration_ms=1 send_duration_ms=0 receive_duration_ms=4 total_duration_ms=5
[2026-02-02 22:49:50.925] [info] [spider.worker] [TIMING] worker_id=3eec1144-22d2-4f53-8819-797ffffdadae task_id=none get_next_task request_start=501833131 connect_end=501833132 send_end=501833132 receive_end=501833133 connect_duration_ms=0 send_duration_ms=0 receive_duration_ms=1 total_duration_ms=2
[2026-02-02 22:49:51.030] [info] [spider.worker] [TIMING] worker_id=3eec1144-22d2-4f53-8819-797ffffdadae task_id=none get_next_task request_start=501833235 connect_end=501833236 send_end=501833236 receive_end=501833238 connect_duration_ms=0 send_duration_ms=0 receive_duration_ms=1 total_duration_ms=2
[2026-02-02 22:49:51.135] [info] [spider.worker] [TIMING] worker_id=3eec1144-22d2-4f53-8819-797ffffdadae task_id=none get_next_task request_start=501833340 connect_end=501833341 send_end=501833341 receive_end=501833343 connect_duration_ms=0 send_duration_ms=0 receive_duration_ms=1 total_duration_ms=2
[2026-02-02 22:49:51.241] [info] [spider.worker] [TIMING] worker_id=3eec1144-22d2-4f53-8819-797ffffdadae task_id=none get_next_task request_start=501833446 connect_end=501833447 send_end=501833447 receive_end=501833449 connect_duration_ms=1 send_duration_ms=0 receive_duration_ms=1 total_duration_ms=3
[2026-02-02 22:49:51.347] [info] [spider.worker] [TIMING] worker_id=3eec1144-22d2-4f53-8819-797ffffdadae task_id=none get_next_task request_start=501833551 connect_end=501833553 send_end=501833553 receive_end=501833556 connect_duration_ms=1 send_duration_ms=0 receive_duration_ms=3 total_duration_ms=4
[2026-02-02 22:49:51.454] [info] [spider.worker] [TIMING] worker_id=3eec1144-22d2-4f53-8819-797ffffdadae task_id=none get_next_task request_start=501833658 connect_end=501833659 send_end=501833659 receive_end=501833663 connect_duration_ms=1 send_duration_ms=0 receive_duration_ms=3 total_duration_ms=4
[2026-02-02 22:49:51.561] [info] [spider.worker] [TIMING] worker_id=3eec1144-22d2-4f53-8819-797ffffdadae task_id=none get_next_task request_start=501833765 connect_end=501833766 send_end=501833767 receive_end=501833769 connect_duration_ms=1 send_duration_ms=0 receive_duration_ms=2 total_duration_ms=4
[2026-02-02 22:49:51.668] [info] [spider.worker] [TIMING] worker_id=3eec1144-22d2-4f53-8819-797ffffdadae task_id=none get_next_task request_start=501833872 connect_end=501833873 send_end=501833873 receive_end=501833876 connect_duration_ms=1 send_duration_ms=0 receive_duration_ms=2 total_duration_ms=4
[2026-02-02 22:49:51.774] [info] [spider.worker] [TIMING] worker_id=3eec1144-22d2-4f53-8819-797ffffdadae task_id=none get_next_task request_start=501833979 connect_end=501833980 send_end=501833980 receive_end=501833983 connect_duration_ms=1 send_duration_ms=0 receive_duration_ms=2 total_duration_ms=4
[2026-02-02 22:49:51.881] [info] [spider.worker] [TIMING] worker_id=3eec1144-22d2-4f53-8819-797ffffdadae task_id=none get_next_task request_start=501834085 connect_end=501834087 send_end=501834087 receive_end=501834089 connect_duration_ms=1 send_duration_ms=0 receive_duration_ms=2 total_duration_ms=3
[2026-02-02 22:49:51.988] [info] [spider.worker] [TIMING] worker_id=3eec1144-22d2-4f53-8819-797ffffdadae task_id=none get_next_task request_start=501834192 connect_end=501834193 send_end=501834193 receive_end=501834196 connect_duration_ms=1 send_duration_ms=0 receive_duration_ms=2 total_duration_ms=4
[2026-02-02 22:49:52.094] [info] [spider.worker] [TIMING] worker_id=3eec1144-22d2-4f53-8819-797ffffdadae task_id=none get_next_task request_start=501834298 connect_end=501834300 send_end=501834300 receive_end=501834303 connect_duration_ms=1 send_duration_ms=0 receive_duration_ms=2 total_duration_ms=4
[2026-02-02 22:49:52.201] [info] [spider.worker] [TIMING] worker_id=3eec1144-22d2-4f53-8819-797ffffdadae task_id=none get_next_task request_start=501834405 connect_end=501834406 send_end=501834406 receive_end=501834409 connect_duration_ms=1 send_duration_ms=0 receive_duration_ms=2 total_duration_ms=4
[2026-02-02 22:49:52.308] [info] [spider.worker] [TIMING] worker_id=3eec1144-22d2-4f53-8819-797ffffdadae task_id=none get_next_task request_start=501834512 connect_end=501834513 send_end=501834513 receive_end=501834516 connect_duration_ms=1 send_duration_ms=0 receive_duration_ms=2 total_duration_ms=4
[2026-02-02 22:49:52.418] [info] [spider.worker] [TIMING] worker_id=3eec1144-22d2-4f53-8819-797ffffdadae task_id=none get_next_task request_start=501834618 connect_end=501834619 send_end=501834619 receive_end=501834627 connect_duration_ms=1 send_duration_ms=0 receive_duration_ms=7 total_duration_ms=8
[2026-02-02 22:49:52.525] [info] [spider.worker] [TIMING] worker_id=3eec1144-22d2-4f53-8819-797ffffdadae task_id=none get_next_task request_start=501834729 connect_end=501834730 send_end=501834730 receive_end=501834734 connect_duration_ms=1 send_duration_ms=0 receive_duration_ms=4 total_duration_ms=5
[2026-02-02 22:49:52.633] [info] [spider.worker] [TIMING] worker_id=3eec1144-22d2-4f53-8819-797ffffdadae task_id=none get_next_task request_start=501834837 connect_end=501834838 send_end=501834838 receive_end=501834841 connect_duration_ms=1 send_duration_ms=0 receive_duration_ms=3 total_duration_ms=4
[2026-02-02 22:49:52.740] [info] [spider.worker] [TIMING] worker_id=3eec1144-22d2-4f53-8819-797ffffdadae task_id=none get_next_task request_start=501834944 connect_end=501834945 send_end=501834945 receive_end=501834949 connect_duration_ms=1 send_duration_ms=0 receive_duration_ms=3 total_duration_ms=4
[2026-02-02 22:49:52.847] [info] [spider.worker] [TIMING] worker_id=3eec1144-22d2-4f53-8819-797ffffdadae task_id=none get_next_task request_start=501835051 connect_end=501835052 send_end=501835052 receive_end=501835055 connect_duration_ms=1 send_duration_ms=0 receive_duration_ms=2 total_duration_ms=3
[2026-02-02 22:49:52.954] [info] [spider.worker] [TIMING] worker_id=3eec1144-22d2-4f53-8819-797ffffdadae task_id=none get_next_task request_start=501835158 connect_end=501835159 send_end=501835159 receive_end=501835162 connect_duration_ms=1 send_duration_ms=0 receive_duration_ms=3 total_duration_ms=4
[2026-02-02 22:49:53.061] [info] [spider.worker] [TIMING] worker_id=3eec1144-22d2-4f53-8819-797ffffdadae task_id=none get_next_task request_start=501835265 connect_end=501835266 send_end=501835266 receive_end=501835269 connect_duration_ms=1 send_duration_ms=0 receive_duration_ms=3 total_duration_ms=4
[2026-02-02 22:49:53.167] [info] [spider.worker] [TIMING] worker_id=3eec1144-22d2-4f53-8819-797ffffdadae task_id=none get_next_task request_start=501835372 connect_end=501835373 send_end=501835373 receive_end=501835376 connect_duration_ms=1 send_duration_ms=0 receive_duration_ms=2 total_duration_ms=4
[2026-02-02 22:49:53.274] [info] [spider.worker] [TIMING] worker_id=3eec1144-22d2-4f53-8819-797ffffdadae task_id=none get_next_task request_start=501835478 connect_end=501835479 send_end=501835479 receive_end=501835482 connect_duration_ms=0 send_duration_ms=0 receive_duration_ms=3 total_duration_ms=4
[2026-02-02 22:49:53.381] [info] [spider.worker] [TIMING] worker_id=3eec1144-22d2-4f53-8819-797ffffdadae task_id=none get_next_task request_start=501835585 connect_end=501835586 send_end=501835586 receive_end=501835589 connect_duration_ms=1 send_duration_ms=0 receive_duration_ms=2 total_duration_ms=4
[2026-02-02 22:49:53.488] [info] [spider.worker] [TIMING] worker_id=3eec1144-22d2-4f53-8819-797ffffdadae task_id=none get_next_task request_start=501835692 connect_end=501835693 send_end=501835693 receive_end=501835696 connect_duration_ms=1 send_duration_ms=0 receive_duration_ms=3 total_duration_ms=4
[2026-02-02 22:49:53.596] [info] [spider.worker] [TIMING] worker_id=3eec1144-22d2-4f53-8819-797ffffdadae task_id=none get_next_task request_start=501835799 connect_end=501835801 send_end=501835801 receive_end=501835805 connect_duration_ms=1 send_duration_ms=0 receive_duration_ms=3 total_duration_ms=5
[2026-02-02 22:49:53.703] [info] [spider.worker] [TIMING] worker_id=3eec1144-22d2-4f53-8819-797ffffdadae task_id=none get_next_task request_start=501835907 connect_end=501835908 send_end=501835908 receive_end=501835911 connect_duration_ms=1 send_duration_ms=0 receive_duration_ms=2 total_duration_ms=4
[2026-02-02 22:49:53.810] [info] [spider.worker] [TIMING] worker_id=3eec1144-22d2-4f53-8819-797ffffdadae task_id=none get_next_task request_start=501836014 connect_end=501836015 send_end=501836015 receive_end=501836018 connect_duration_ms=1 send_duration_ms=0 receive_duration_ms=3 total_duration_ms=4
[2026-02-02 22:49:53.916] [info] [spider.worker] [TIMING] worker_id=3eec1144-22d2-4f53-8819-797ffffdadae task_id=none get_next_task request_start=501836121 connect_end=501836122 send_end=501836122 receive_end=501836125 connect_duration_ms=1 send_duration_ms=0 receive_duration_ms=2 total_duration_ms=4
[2026-02-02 22:49:54.023] [info] [spider.worker] [TIMING] worker_id=3eec1144-22d2-4f53-8819-797ffffdadae task_id=none get_next_task request_start=501836227 connect_end=501836228 send_end=501836229 receive_end=501836232 connect_duration_ms=1 send_duration_ms=0 receive_duration_ms=3 total_duration_ms=4
[2026-02-02 22:49:54.131] [info] [spider.worker] [TIMING] worker_id=3eec1144-22d2-4f53-8819-797ffffdadae task_id=none get_next_task request_start=501836334 connect_end=501836335 send_end=501836335 receive_end=501836340 connect_duration_ms=1 send_duration_ms=0 receive_duration_ms=4 total_duration_ms=5
[2026-02-02 22:49:54.238] [info] [spider.worker] [TIMING] worker_id=3eec1144-22d2-4f53-8819-797ffffdadae task_id=none get_next_task request_start=501836442 connect_end=501836443 send_end=501836443 receive_end=501836447 connect_duration_ms=1 send_duration_ms=0 receive_duration_ms=3 total_duration_ms=4
[2026-02-02 22:49:54.345] [info] [spider.worker] [TIMING] worker_id=3eec1144-22d2-4f53-8819-797ffffdadae task_id=none get_next_task request_start=501836549 connect_end=501836550 send_end=501836550 receive_end=501836553 connect_duration_ms=0 send_duration_ms=0 receive_duration_ms=3 total_duration_ms=4
[2026-02-02 22:49:54.453] [info] [spider.worker] [TIMING] worker_id=3eec1144-22d2-4f53-8819-797ffffdadae task_id=none get_next_task request_start=501836655 connect_end=501836656 send_end=501836656 receive_end=501836661 connect_duration_ms=0 send_duration_ms=0 receive_duration_ms=4 total_duration_ms=5
[2026-02-02 22:49:54.560] [info] [spider.worker] [TIMING] worker_id=3eec1144-22d2-4f53-8819-797ffffdadae task_id=none get_next_task request_start=501836764 connect_end=501836765 send_end=501836765 receive_end=501836768 connect_duration_ms=1 send_duration_ms=0 receive_duration_ms=3 total_duration_ms=4
[2026-02-02 22:49:54.666] [info] [spider.worker] [TIMING] worker_id=3eec1144-22d2-4f53-8819-797ffffdadae task_id=none get_next_task request_start=501836870 connect_end=501836871 send_end=501836871 receive_end=501836875 connect_duration_ms=0 send_duration_ms=0 receive_duration_ms=3 total_duration_ms=4
[2026-02-02 22:49:54.780] [info] [spider.worker] [TIMING] worker_id=3eec1144-22d2-4f53-8819-797ffffdadae task_id=none get_next_task request_start=501836978 connect_end=501836979 send_end=501836979 receive_end=501836989 connect_duration_ms=1 send_duration_ms=0 receive_duration_ms=9 total_duration_ms=10
[2026-02-02 22:49:54.889] [info] [spider.worker] [TIMING] worker_id=3eec1144-22d2-4f53-8819-797ffffdadae task_id=none get_next_task request_start=501837091 connect_end=501837092 send_end=501837092 receive_end=501837097 connect_duration_ms=1 send_duration_ms=0 receive_duration_ms=5 total_duration_ms=6
[2026-02-02 22:49:54.997] [info] [spider.worker] [TIMING] worker_id=3eec1144-22d2-4f53-8819-797ffffdadae task_id=none get_next_task request_start=501837200 connect_end=501837201 send_end=501837201 receive_end=501837205 connect_duration_ms=0 send_duration_ms=0 receive_duration_ms=4 total_duration_ms=5
[2026-02-02 22:49:55.104] [info] [spider.worker] [TIMING] worker_id=3eec1144-22d2-4f53-8819-797ffffdadae task_id=none get_next_task request_start=501837308 connect_end=501837310 send_end=501837310 receive_end=501837313 connect_duration_ms=1 send_duration_ms=0 receive_duration_ms=2 total_duration_ms=4
[2026-02-02 22:49:55.211] [info] [spider.worker] [TIMING] worker_id=3eec1144-22d2-4f53-8819-797ffffdadae task_id=none get_next_task request_start=501837415 connect_end=501837416 send_end=501837416 receive_end=501837419 connect_duration_ms=1 send_duration_ms=0 receive_duration_ms=3 total_duration_ms=4
[2026-02-02 22:49:55.318] [info] [spider.worker] [TIMING] worker_id=3eec1144-22d2-4f53-8819-797ffffdadae task_id=none get_next_task request_start=501837522 connect_end=501837523 send_end=501837523 receive_end=501837527 connect_duration_ms=1 send_duration_ms=0 receive_duration_ms=3 total_duration_ms=4
[2026-02-02 22:49:55.426] [info] [spider.worker] [TIMING] worker_id=3eec1144-22d2-4f53-8819-797ffffdadae task_id=none get_next_task request_start=501837629 connect_end=501837631 send_end=501837631 receive_end=501837634 connect_duration_ms=1 send_duration_ms=0 receive_duration_ms=3 total_duration_ms=4
[2026-02-02 22:49:55.532] [info] [spider.worker] [TIMING] worker_id=3eec1144-22d2-4f53-8819-797ffffdadae task_id=none get_next_task request_start=501837737 connect_end=501837738 send_end=501837738 receive_end=501837741 connect_duration_ms=1 send_duration_ms=0 receive_duration_ms=3 total_duration_ms=4
[2026-02-02 22:49:55.639] [info] [spider.worker] [TIMING] worker_id=3eec1144-22d2-4f53-8819-797ffffdadae task_id=none get_next_task request_start=501837843 connect_end=501837845 send_end=501837845 receive_end=501837847 connect_duration_ms=1 send_duration_ms=0 receive_duration_ms=2 total_duration_ms=4
[2026-02-02 22:49:55.757] [info] [spider.worker] [TIMING] worker_id=3eec1144-22d2-4f53-8819-797ffffdadae task_id=none get_next_task request_start=501837950 connect_end=501837952 send_end=501837952 receive_end=501837965 connect_duration_ms=1 send_duration_ms=0 receive_duration_ms=13 total_duration_ms=14
[2026-02-02 22:49:55.862] [info] [spider.worker] [TIMING] worker_id=3eec1144-22d2-4f53-8819-797ffffdadae task_id=none get_next_task request_start=501838067 connect_end=501838069 send_end=501838069 receive_end=501838071 connect_duration_ms=1 send_duration_ms=0 receive_duration_ms=2 total_duration_ms=3
[2026-02-02 22:49:55.967] [info] [spider.worker] [TIMING] worker_id=3eec1144-22d2-4f53-8819-797ffffdadae task_id=none get_next_task request_start=501838173 connect_end=501838174 send_end=501838174 receive_end=501838175 connect_duration_ms=0 send_duration_ms=0 receive_duration_ms=1 total_duration_ms=2
[2026-02-02 22:49:56.071] [info] [spider.worker] [TIMING] worker_id=3eec1144-22d2-4f53-8819-797ffffdadae task_id=none get_next_task request_start=501838277 connect_end=501838278 send_end=501838278 receive_end=501838279 connect_duration_ms=0 send_duration_ms=0 receive_duration_ms=1 total_duration_ms=2
[2026-02-02 22:49:56.176] [info] [spider.worker] [TIMING] worker_id=3eec1144-22d2-4f53-8819-797ffffdadae task_id=none get_next_task request_start=501838381 connect_end=501838382 send_end=501838382 receive_end=501838384 connect_duration_ms=0 send_duration_ms=0 receive_duration_ms=2 total_duration_ms=3
[2026-02-02 22:49:56.283] [info] [spider.worker] [TIMING] worker_id=3eec1144-22d2-4f53-8819-797ffffdadae task_id=none get_next_task request_start=501838487 connect_end=501838488 send_end=501838488 receive_end=501838492 connect_duration_ms=1 send_duration_ms=0 receive_duration_ms=3 total_duration_ms=4
[2026-02-02 22:49:56.391] [info] [spider.worker] [TIMING] worker_id=3eec1144-22d2-4f53-8819-797ffffdadae task_id=none get_next_task request_start=501838594 connect_end=501838595 send_end=501838595 receive_end=501838599 connect_duration_ms=0 send_duration_ms=0 receive_duration_ms=4 total_duration_ms=5
[2026-02-02 22:49:56.494] [info] [spider.worker] [TIMING] worker_id=3eec1144-22d2-4f53-8819-797ffffdadae task_id=none get_next_task request_start=501838701 connect_end=501838701 send_end=501838701 receive_end=501838703 connect_duration_ms=0 send_duration_ms=0 receive_duration_ms=1 total_duration_ms=2
[2026-02-02 22:49:56.599] [info] [spider.worker] [TIMING] worker_id=3eec1144-22d2-4f53-8819-797ffffdadae task_id=none get_next_task request_start=501838805 connect_end=501838806 send_end=501838806 receive_end=501838808 connect_duration_ms=1 send_duration_ms=0 receive_duration_ms=1 total_duration_ms=2
[2026-02-02 22:49:56.705] [info] [spider.worker] [TIMING] worker_id=3eec1144-22d2-4f53-8819-797ffffdadae task_id=none get_next_task request_start=501838910 connect_end=501838911 send_end=501838911 receive_end=501838913 connect_duration_ms=1 send_duration_ms=0 receive_duration_ms=1 total_duration_ms=3
[2026-02-02 22:49:56.812] [info] [spider.worker] [TIMING] worker_id=3eec1144-22d2-4f53-8819-797ffffdadae task_id=none get_next_task request_start=501839016 connect_end=501839017 send_end=501839017 receive_end=501839020 connect_duration_ms=1 send_duration_ms=0 receive_duration_ms=3 total_duration_ms=4
[2026-02-02 22:49:56.918] [info] [spider.worker] [TIMING] worker_id=3eec1144-22d2-4f53-8819-797ffffdadae task_id=none get_next_task request_start=501839123 connect_end=501839124 send_end=501839124 receive_end=501839126 connect_duration_ms=1 send_duration_ms=0 receive_duration_ms=2 total_duration_ms=3
[2026-02-02 22:49:57.025] [info] [spider.worker] [TIMING] worker_id=3eec1144-22d2-4f53-8819-797ffffdadae task_id=none get_next_task request_start=501839229 connect_end=501839230 send_end=501839230 receive_end=501839233 connect_duration_ms=1 send_duration_ms=0 receive_duration_ms=2 total_duration_ms=3
[2026-02-02 22:49:57.131] [info] [spider.worker] [TIMING] worker_id=3eec1144-22d2-4f53-8819-797ffffdadae task_id=none get_next_task request_start=501839335 connect_end=501839337 send_end=501839337 receive_end=501839340 connect_duration_ms=1 send_duration_ms=0 receive_duration_ms=3 total_duration_ms=4
[2026-02-02 22:49:57.238] [info] [spider.worker] [TIMING] worker_id=3eec1144-22d2-4f53-8819-797ffffdadae task_id=none get_next_task request_start=501839443 connect_end=501839444 send_end=501839444 receive_end=501839447 connect_duration_ms=1 send_duration_ms=0 receive_duration_ms=2 total_duration_ms=4
[2026-02-02 22:49:57.345] [info] [spider.worker] [TIMING] worker_id=3eec1144-22d2-4f53-8819-797ffffdadae task_id=none get_next_task request_start=501839549 connect_end=501839550 send_end=501839550 receive_end=501839553 connect_duration_ms=1 send_duration_ms=0 receive_duration_ms=3 total_duration_ms=4
[2026-02-02 22:49:57.452] [info] [spider.worker] [TIMING] worker_id=3eec1144-22d2-4f53-8819-797ffffdadae task_id=none get_next_task request_start=501839656 connect_end=501839658 send_end=501839658 receive_end=501839661 connect_duration_ms=1 send_duration_ms=0 receive_duration_ms=2 total_duration_ms=4
[2026-02-02 22:49:57.559] [info] [spider.worker] [TIMING] worker_id=3eec1144-22d2-4f53-8819-797ffffdadae task_id=none get_next_task request_start=501839763 connect_end=501839764 send_end=501839764 receive_end=501839767 connect_duration_ms=1 send_duration_ms=0 receive_duration_ms=2 total_duration_ms=3
[2026-02-02 22:49:57.666] [info] [spider.worker] [TIMING] worker_id=3eec1144-22d2-4f53-8819-797ffffdadae task_id=none get_next_task request_start=501839870 connect_end=501839871 send_end=501839871 receive_end=501839874 connect_duration_ms=1 send_duration_ms=0 receive_duration_ms=3 total_duration_ms=4
[2026-02-02 22:49:57.772] [info] [spider.worker] [TIMING] worker_id=3eec1144-22d2-4f53-8819-797ffffdadae task_id=none get_next_task request_start=501839976 connect_end=501839977 send_end=501839977 receive_end=501839980 connect_duration_ms=1 send_duration_ms=0 receive_duration_ms=3 total_duration_ms=4
[2026-02-02 22:49:57.879] [info] [spider.worker] [TIMING] worker_id=3eec1144-22d2-4f53-8819-797ffffdadae task_id=none get_next_task request_start=501840083 connect_end=501840084 send_end=501840084 receive_end=501840087 connect_duration_ms=1 send_duration_ms=0 receive_duration_ms=3 total_duration_ms=4
[2026-02-02 22:49:57.983] [info] [spider.worker] [TIMING] worker_id=3eec1144-22d2-4f53-8819-797ffffdadae task_id=none get_next_task request_start=501840189 connect_end=501840190 send_end=501840190 receive_end=501840191 connect_duration_ms=1 send_duration_ms=0 receive_duration_ms=1 total_duration_ms=2
[2026-02-02 22:49:58.088] [info] [spider.worker] [TIMING] worker_id=3eec1144-22d2-4f53-8819-797ffffdadae task_id=none get_next_task request_start=501840294 connect_end=501840295 send_end=501840295 receive_end=501840296 connect_duration_ms=1 send_duration_ms=0 receive_duration_ms=1 total_duration_ms=2
[2026-02-02 22:49:58.198] [info] [spider.worker] [TIMING] worker_id=3eec1144-22d2-4f53-8819-797ffffdadae task_id=none get_next_task request_start=501840399 connect_end=501840400 send_end=501840400 receive_end=501840406 connect_duration_ms=1 send_duration_ms=0 receive_duration_ms=5 total_duration_ms=7
[2026-02-02 22:49:58.306] [info] [spider.worker] [TIMING] worker_id=3eec1144-22d2-4f53-8819-797ffffdadae task_id=none get_next_task request_start=501840508 connect_end=501840510 send_end=501840510 receive_end=501840514 connect_duration_ms=1 send_duration_ms=0 receive_duration_ms=4 total_duration_ms=5
[2026-02-02 22:49:58.411] [info] [spider.worker] [TIMING] worker_id=3eec1144-22d2-4f53-8819-797ffffdadae task_id=none get_next_task request_start=501840616 connect_end=501840617 send_end=501840617 receive_end=501840619 connect_duration_ms=0 send_duration_ms=0 receive_duration_ms=1 total_duration_ms=2
[2026-02-02 22:49:58.515] [info] [spider.worker] [TIMING] worker_id=3eec1144-22d2-4f53-8819-797ffffdadae task_id=none get_next_task request_start=501840721 connect_end=501840721 send_end=501840721 receive_end=501840724 connect_duration_ms=0 send_duration_ms=0 receive_duration_ms=2 total_duration_ms=3
[2026-02-02 22:49:58.623] [info] [spider.worker] [TIMING] worker_id=3eec1144-22d2-4f53-8819-797ffffdadae task_id=none get_next_task request_start=501840826 connect_end=501840827 send_end=501840827 receive_end=501840831 connect_duration_ms=0 send_duration_ms=0 receive_duration_ms=4 total_duration_ms=5
[2026-02-02 22:49:58.729] [info] [spider.worker] [TIMING] worker_id=3eec1144-22d2-4f53-8819-797ffffdadae task_id=none get_next_task request_start=501840933 connect_end=501840934 send_end=501840934 receive_end=501840937 connect_duration_ms=1 send_duration_ms=0 receive_duration_ms=2 total_duration_ms=4
[2026-02-02 22:49:58.837] [info] [spider.worker] [TIMING] worker_id=3eec1144-22d2-4f53-8819-797ffffdadae task_id=none get_next_task request_start=501841040 connect_end=501841041 send_end=501841041 receive_end=501841045 connect_duration_ms=0 send_duration_ms=0 receive_duration_ms=4 total_duration_ms=5
[2026-02-02 22:49:58.944] [info] [spider.worker] [TIMING] worker_id=3eec1144-22d2-4f53-8819-797ffffdadae task_id=none get_next_task request_start=501841148 connect_end=501841149 send_end=501841149 receive_end=501841152 connect_duration_ms=1 send_duration_ms=0 receive_duration_ms=2 total_duration_ms=4
[2026-02-02 22:49:59.051] [info] [spider.worker] [TIMING] worker_id=3eec1144-22d2-4f53-8819-797ffffdadae task_id=none get_next_task request_start=501841255 connect_end=501841256 send_end=501841256 receive_end=501841260 connect_duration_ms=1 send_duration_ms=0 receive_duration_ms=3 total_duration_ms=4
[2026-02-02 22:49:59.159] [info] [spider.worker] [TIMING] worker_id=3eec1144-22d2-4f53-8819-797ffffdadae task_id=none get_next_task request_start=501841362 connect_end=501841363 send_end=501841363 receive_end=501841367 connect_duration_ms=1 send_duration_ms=0 receive_duration_ms=3 total_duration_ms=4
[2026-02-02 22:49:59.266] [info] [spider.worker] [TIMING] worker_id=3eec1144-22d2-4f53-8819-797ffffdadae task_id=none get_next_task request_start=501841470 connect_end=501841471 send_end=501841471 receive_end=501841474 connect_duration_ms=1 send_duration_ms=0 receive_duration_ms=3 total_duration_ms=4
[2026-02-02 22:49:59.373] [info] [spider.worker] [TIMING] worker_id=3eec1144-22d2-4f53-8819-797ffffdadae task_id=none get_next_task request_start=501841577 connect_end=501841578 send_end=501841578 receive_end=501841581 connect_duration_ms=1 send_duration_ms=0 receive_duration_ms=3 total_duration_ms=4
[2026-02-02 22:49:59.478] [info] [spider.worker] [TIMING] worker_id=3eec1144-22d2-4f53-8819-797ffffdadae task_id=none get_next_task request_start=501841684 connect_end=501841684 send_end=501841685 receive_end=501841686 connect_duration_ms=0 send_duration_ms=0 receive_duration_ms=1 total_duration_ms=2
[2026-02-02 22:49:59.582] [info] [spider.worker] [TIMING] worker_id=3eec1144-22d2-4f53-8819-797ffffdadae task_id=none get_next_task request_start=501841788 connect_end=501841788 send_end=501841789 receive_end=501841790 connect_duration_ms=0 send_duration_ms=0 receive_duration_ms=1 total_duration_ms=2
[2026-02-02 22:49:59.690] [info] [spider.worker] [TIMING] worker_id=3eec1144-22d2-4f53-8819-797ffffdadae task_id=none get_next_task request_start=501841892 connect_end=501841893 send_end=501841893 receive_end=501841898 connect_duration_ms=0 send_duration_ms=0 receive_duration_ms=4 total_duration_ms=5
[2026-02-02 22:49:59.796] [info] [spider.worker] [TIMING] worker_id=3eec1144-22d2-4f53-8819-797ffffdadae task_id=none get_next_task request_start=501842000 connect_end=501842001 send_end=501842001 receive_end=501842005 connect_duration_ms=0 send_duration_ms=0 receive_duration_ms=4 total_duration_ms=5
[2026-02-02 22:49:59.903] [info] [spider.worker] [TIMING] worker_id=3eec1144-22d2-4f53-8819-797ffffdadae task_id=none get_next_task request_start=501842107 connect_end=501842108 send_end=501842108 receive_end=501842111 connect_duration_ms=1 send_duration_ms=0 receive_duration_ms=2 total_duration_ms=3
[2026-02-02 22:50:00.011] [info] [spider.worker] [TIMING] worker_id=3eec1144-22d2-4f53-8819-797ffffdadae task_id=none get_next_task request_start=501842214 connect_end=501842215 send_end=501842215 receive_end=501842219 connect_duration_ms=1 send_duration_ms=0 receive_duration_ms=4 total_duration_ms=5
[2026-02-02 22:50:00.117] [info] [spider.worker] [TIMING] worker_id=3eec1144-22d2-4f53-8819-797ffffdadae task_id=none get_next_task request_start=501842322 connect_end=501842323 send_end=501842323 receive_end=501842326 connect_duration_ms=1 send_duration_ms=0 receive_duration_ms=2 total_duration_ms=3
[2026-02-02 22:50:00.227] [info] [spider.worker] [TIMING] worker_id=3eec1144-22d2-4f53-8819-797ffffdadae task_id=none get_next_task request_start=501842429 connect_end=501842430 send_end=501842430 receive_end=501842436 connect_duration_ms=1 send_duration_ms=0 receive_duration_ms=5 total_duration_ms=6
[2026-02-02 22:50:00.334] [info] [spider.worker] [TIMING] worker_id=3eec1144-22d2-4f53-8819-797ffffdadae task_id=none get_next_task request_start=501842538 connect_end=501842539 send_end=501842539 receive_end=501842542 connect_duration_ms=0 send_duration_ms=0 receive_duration_ms=3 total_duration_ms=4
[2026-02-02 22:50:00.440] [info] [spider.worker] [TIMING] worker_id=3eec1144-22d2-4f53-8819-797ffffdadae task_id=none get_next_task request_start=501842644 connect_end=501842645 send_end=501842645 receive_end=501842648 connect_duration_ms=0 send_duration_ms=0 receive_duration_ms=2 total_duration_ms=3
[2026-02-02 22:50:00.548] [info] [spider.worker] [TIMING] worker_id=3eec1144-22d2-4f53-8819-797ffffdadae task_id=none get_next_task request_start=501842751 connect_end=501842753 send_end=501842753 receive_end=501842756 connect_duration_ms=1 send_duration_ms=0 receive_duration_ms=3 total_duration_ms=4
[2026-02-02 22:50:00.664] [info] [spider.worker] [TIMING] worker_id=3eec1144-22d2-4f53-8819-797ffffdadae task_id=none get_next_task request_start=501842859 connect_end=501842860 send_end=501842860 receive_end=501842873 connect_duration_ms=1 send_duration_ms=0 receive_duration_ms=12 total_duration_ms=13
[2026-02-02 22:50:00.771] [info] [spider.worker] [TIMING] worker_id=3eec1144-22d2-4f53-8819-797ffffdadae task_id=none get_next_task request_start=501842975 connect_end=501842976 send_end=501842976 receive_end=501842980 connect_duration_ms=1 send_duration_ms=0 receive_duration_ms=3 total_duration_ms=4
[2026-02-02 22:50:00.879] [info] [spider.worker] [TIMING] worker_id=3eec1144-22d2-4f53-8819-797ffffdadae task_id=none get_next_task request_start=501843082 connect_end=501843083 send_end=501843083 receive_end=501843088 connect_duration_ms=1 send_duration_ms=0 receive_duration_ms=4 total_duration_ms=5
[2026-02-02 22:50:00.986] [info] [spider.worker] [TIMING] worker_id=3eec1144-22d2-4f53-8819-797ffffdadae task_id=none get_next_task request_start=501843190 connect_end=501843191 send_end=501843192 receive_end=501843195 connect_duration_ms=1 send_duration_ms=0 receive_duration_ms=3 total_duration_ms=4
[2026-02-02 22:50:01.097] [info] [spider.worker] [TIMING] worker_id=3eec1144-22d2-4f53-8819-797ffffdadae task_id=none get_next_task request_start=501843298 connect_end=501843299 send_end=501843299 receive_end=501843305 connect_duration_ms=1 send_duration_ms=0 receive_duration_ms=5 total_duration_ms=7
[2026-02-02 22:50:01.202] [info] [spider.worker] [TIMING] worker_id=3eec1144-22d2-4f53-8819-797ffffdadae task_id=none get_next_task request_start=501843408 connect_end=501843409 send_end=501843409 receive_end=501843411 connect_duration_ms=1 send_duration_ms=0 receive_duration_ms=1 total_duration_ms=3
[2026-02-02 22:50:01.308] [info] [spider.worker] [TIMING] worker_id=3eec1144-22d2-4f53-8819-797ffffdadae task_id=none get_next_task request_start=501843513 connect_end=501843514 send_end=501843514 receive_end=501843516 connect_duration_ms=0 send_duration_ms=0 receive_duration_ms=2 total_duration_ms=3
[2026-02-02 22:50:01.414] [info] [spider.worker] [TIMING] worker_id=3eec1144-22d2-4f53-8819-797ffffdadae task_id=none get_next_task request_start=501843618 connect_end=501843619 send_end=501843620 receive_end=501843623 connect_duration_ms=1 send_duration_ms=0 receive_duration_ms=3 total_duration_ms=4
[2026-02-02 22:50:01.522] [info] [spider.worker] [TIMING] worker_id=3eec1144-22d2-4f53-8819-797ffffdadae task_id=none get_next_task request_start=501843726 connect_end=501843727 send_end=501843727 receive_end=501843731 connect_duration_ms=1 send_duration_ms=0 receive_duration_ms=4 total_duration_ms=5
[2026-02-02 22:50:01.629] [info] [spider.worker] [TIMING] worker_id=3eec1144-22d2-4f53-8819-797ffffdadae task_id=none get_next_task request_start=501843833 connect_end=501843834 send_end=501843834 receive_end=501843838 connect_duration_ms=1 send_duration_ms=0 receive_duration_ms=3 total_duration_ms=4
[2026-02-02 22:50:01.737] [info] [spider.worker] [TIMING] worker_id=3eec1144-22d2-4f53-8819-797ffffdadae task_id=none get_next_task request_start=501843940 connect_end=501843941 send_end=501843941 receive_end=501843945 connect_duration_ms=1 send_duration_ms=0 receive_duration_ms=3 total_duration_ms=4
[2026-02-02 22:50:01.844] [info] [spider.worker] [TIMING] worker_id=3eec1144-22d2-4f53-8819-797ffffdadae task_id=none get_next_task request_start=501844047 connect_end=501844048 send_end=501844048 receive_end=501844053 connect_duration_ms=1 send_duration_ms=0 receive_duration_ms=4 total_duration_ms=5
[2026-02-02 22:50:01.952] [info] [spider.worker] [TIMING] worker_id=3eec1144-22d2-4f53-8819-797ffffdadae task_id=none get_next_task request_start=501844155 connect_end=501844156 send_end=501844156 receive_end=501844160 connect_duration_ms=0 send_duration_ms=0 receive_duration_ms=4 total_duration_ms=5
[2026-02-02 22:50:02.060] [info] [spider.worker] [TIMING] worker_id=3eec1144-22d2-4f53-8819-797ffffdadae task_id=none get_next_task request_start=501844263 connect_end=501844264 send_end=501844264 receive_end=501844269 connect_duration_ms=1 send_duration_ms=0 receive_duration_ms=4 total_duration_ms=5
[2026-02-02 22:50:02.167] [info] [spider.worker] [TIMING] worker_id=3eec1144-22d2-4f53-8819-797ffffdadae task_id=none get_next_task request_start=501844371 connect_end=501844372 send_end=501844372 receive_end=501844376 connect_duration_ms=1 send_duration_ms=0 receive_duration_ms=3 total_duration_ms=4
[2026-02-02 22:50:02.276] [info] [spider.worker] [TIMING] worker_id=3eec1144-22d2-4f53-8819-797ffffdadae task_id=none get_next_task request_start=501844478 connect_end=501844479 send_end=501844479 receive_end=501844484 connect_duration_ms=1 send_duration_ms=0 receive_duration_ms=4 total_duration_ms=5
[2026-02-02 22:50:02.383] [info] [spider.worker] [TIMING] worker_id=3eec1144-22d2-4f53-8819-797ffffdadae task_id=none get_next_task request_start=501844586 connect_end=501844587 send_end=501844587 receive_end=501844591 connect_duration_ms=1 send_duration_ms=0 receive_duration_ms=3 total_duration_ms=5
[2026-02-02 22:50:02.490] [info] [spider.worker] [TIMING] worker_id=3eec1144-22d2-4f53-8819-797ffffdadae task_id=none get_next_task request_start=501844694 connect_end=501844695 send_end=501844695 receive_end=501844699 connect_duration_ms=0 send_duration_ms=0 receive_duration_ms=3 total_duration_ms=4
[2026-02-02 22:50:02.597] [info] [spider.worker] [TIMING] worker_id=3eec1144-22d2-4f53-8819-797ffffdadae task_id=none get_next_task request_start=501844801 connect_end=501844802 send_end=501844802 receive_end=501844806 connect_duration_ms=1 send_duration_ms=0 receive_duration_ms=3 total_duration_ms=4
[2026-02-02 22:50:02.706] [info] [spider.worker] [TIMING] worker_id=3eec1144-22d2-4f53-8819-797ffffdadae task_id=none get_next_task request_start=501844908 connect_end=501844909 send_end=501844910 receive_end=501844915 connect_duration_ms=1 send_duration_ms=0 receive_duration_ms=5 total_duration_ms=6
[2026-02-02 22:50:02.845] [info] [spider.worker] [TIMING] worker_id=3eec1144-22d2-4f53-8819-797ffffdadae task_id=none get_next_task request_start=501845047 connect_end=501845049 send_end=501845049 receive_end=501845053 connect_duration_ms=1 send_duration_ms=0 receive_duration_ms=4 total_duration_ms=6
[2026-02-02 22:50:02.954] [info] [spider.worker] [TIMING] worker_id=3eec1144-22d2-4f53-8819-797ffffdadae task_id=none get_next_task request_start=501845156 connect_end=501845158 send_end=501845158 receive_end=501845162 connect_duration_ms=1 send_duration_ms=0 receive_duration_ms=4 total_duration_ms=5
[2026-02-02 22:50:03.062] [info] [spider.worker] [TIMING] worker_id=3eec1144-22d2-4f53-8819-797ffffdadae task_id=none get_next_task request_start=501845265 connect_end=501845266 send_end=501845266 receive_end=501845270 connect_duration_ms=1 send_duration_ms=0 receive_duration_ms=4 total_duration_ms=5
[2026-02-02 22:50:03.170] [info] [spider.worker] [TIMING] worker_id=3eec1144-22d2-4f53-8819-797ffffdadae task_id=none get_next_task request_start=501845373 connect_end=501845374 send_end=501845374 receive_end=501845379 connect_duration_ms=1 send_duration_ms=0 receive_duration_ms=4 total_duration_ms=5
[2026-02-02 22:50:03.279] [info] [spider.worker] [TIMING] worker_id=3eec1144-22d2-4f53-8819-797ffffdadae task_id=none get_next_task request_start=501845481 connect_end=501845483 send_end=501845483 receive_end=501845487 connect_duration_ms=1 send_duration_ms=0 receive_duration_ms=4 total_duration_ms=5
[2026-02-02 22:50:03.387] [info] [spider.worker] [TIMING] worker_id=3eec1144-22d2-4f53-8819-797ffffdadae task_id=none get_next_task request_start=501845590 connect_end=501845592 send_end=501845592 receive_end=501845596 connect_duration_ms=1 send_duration_ms=0 receive_duration_ms=4 total_duration_ms=5
[2026-02-02 22:50:03.496] [info] [spider.worker] [TIMING] worker_id=3eec1144-22d2-4f53-8819-797ffffdadae task_id=none get_next_task request_start=501845698 connect_end=501845700 send_end=501845700 receive_end=501845704 connect_duration_ms=1 send_duration_ms=0 receive_duration_ms=4 total_duration_ms=5
[2026-02-02 22:50:03.604] [info] [spider.worker] [TIMING] worker_id=3eec1144-22d2-4f53-8819-797ffffdadae task_id=none get_next_task request_start=501845807 connect_end=501845808 send_end=501845808 receive_end=501845812 connect_duration_ms=1 send_duration_ms=0 receive_duration_ms=3 total_duration_ms=4
[2026-02-02 22:50:03.711] [info] [spider.worker] [TIMING] worker_id=3eec1144-22d2-4f53-8819-797ffffdadae task_id=none get_next_task request_start=501845914 connect_end=501845916 send_end=501845916 receive_end=501845920 connect_duration_ms=1 send_duration_ms=0 receive_duration_ms=4 total_duration_ms=5
[2026-02-02 22:50:03.819] [info] [spider.worker] [TIMING] worker_id=3eec1144-22d2-4f53-8819-797ffffdadae task_id=none get_next_task request_start=501846023 connect_end=501846024 send_end=501846024 receive_end=501846027 connect_duration_ms=1 send_duration_ms=0 receive_duration_ms=3 total_duration_ms=4
[2026-02-02 22:50:03.928] [info] [spider.worker] [TIMING] worker_id=3eec1144-22d2-4f53-8819-797ffffdadae task_id=none get_next_task request_start=501846130 connect_end=501846132 send_end=501846132 receive_end=501846136 connect_duration_ms=1 send_duration_ms=0 receive_duration_ms=4 total_duration_ms=5
[2026-02-02 22:50:04.035] [info] [spider.worker] [TIMING] worker_id=3eec1144-22d2-4f53-8819-797ffffdadae task_id=none get_next_task request_start=501846239 connect_end=501846240 send_end=501846240 receive_end=501846244 connect_duration_ms=1 send_duration_ms=0 receive_duration_ms=3 total_duration_ms=4
[2026-02-02 22:50:04.143] [info] [spider.worker] [TIMING] worker_id=3eec1144-22d2-4f53-8819-797ffffdadae task_id=none get_next_task request_start=501846346 connect_end=501846348 send_end=501846348 receive_end=501846351 connect_duration_ms=1 send_duration_ms=0 receive_duration_ms=3 total_duration_ms=4
[2026-02-02 22:50:04.251] [info] [spider.worker] [TIMING] worker_id=3eec1144-22d2-4f53-8819-797ffffdadae task_id=none get_next_task request_start=501846454 connect_end=501846455 send_end=501846455 receive_end=501846459 connect_duration_ms=1 send_duration_ms=0 receive_duration_ms=4 total_duration_ms=5
[2026-02-02 22:50:04.359] [info] [spider.worker] [TIMING] worker_id=3eec1144-22d2-4f53-8819-797ffffdadae task_id=none get_next_task request_start=501846562 connect_end=501846563 send_end=501846563 receive_end=501846567 connect_duration_ms=1 send_duration_ms=0 receive_duration_ms=3 total_duration_ms=5
[2026-02-02 22:50:04.466] [info] [spider.worker] [TIMING] worker_id=3eec1144-22d2-4f53-8819-797ffffdadae task_id=none get_next_task request_start=501846670 connect_end=501846672 send_end=501846672 receive_end=501846675 connect_duration_ms=1 send_duration_ms=0 receive_duration_ms=2 total_duration_ms=4
[2026-02-02 22:50:04.573] [info] [spider.worker] [TIMING] worker_id=3eec1144-22d2-4f53-8819-797ffffdadae task_id=none get_next_task request_start=501846777 connect_end=501846778 send_end=501846778 receive_end=501846781 connect_duration_ms=1 send_duration_ms=0 receive_duration_ms=2 total_duration_ms=4
[2026-02-02 22:50:04.678] [info] [spider.worker] [TIMING] worker_id=3eec1144-22d2-4f53-8819-797ffffdadae task_id=none get_next_task request_start=501846884 connect_end=501846885 send_end=501846885 receive_end=501846887 connect_duration_ms=0 send_duration_ms=0 receive_duration_ms=1 total_duration_ms=2
[2026-02-02 22:50:04.786] [info] [spider.worker] [TIMING] worker_id=3eec1144-22d2-4f53-8819-797ffffdadae task_id=none get_next_task request_start=501846989 connect_end=501846990 send_end=501846990 receive_end=501846994 connect_duration_ms=1 send_duration_ms=0 receive_duration_ms=3 total_duration_ms=5
[2026-02-02 22:50:04.893] [info] [spider.worker] [TIMING] worker_id=3eec1144-22d2-4f53-8819-797ffffdadae task_id=none get_next_task request_start=501847097 connect_end=501847098 send_end=501847098 receive_end=501847101 connect_duration_ms=1 send_duration_ms=0 receive_duration_ms=3 total_duration_ms=4
[2026-02-02 22:50:04.999] [info] [spider.worker] [TIMING] worker_id=3eec1144-22d2-4f53-8819-797ffffdadae task_id=none get_next_task request_start=501847204 connect_end=501847205 send_end=501847205 receive_end=501847207 connect_duration_ms=1 send_duration_ms=0 receive_duration_ms=1 total_duration_ms=3
[2026-02-02 22:50:05.108] [info] [spider.worker] [TIMING] worker_id=3eec1144-22d2-4f53-8819-797ffffdadae task_id=none get_next_task request_start=501847310 connect_end=501847311 send_end=501847311 receive_end=501847316 connect_duration_ms=1 send_duration_ms=0 receive_duration_ms=4 total_duration_ms=6
[2026-02-02 22:50:05.216] [info] [spider.worker] [TIMING] worker_id=3eec1144-22d2-4f53-8819-797ffffdadae task_id=none get_next_task request_start=501847419 connect_end=501847421 send_end=501847421 receive_end=501847425 connect_duration_ms=1 send_duration_ms=0 receive_duration_ms=4 total_duration_ms=5
[2026-02-02 22:50:05.324] [info] [spider.worker] [TIMING] worker_id=3eec1144-22d2-4f53-8819-797ffffdadae task_id=none get_next_task request_start=501847527 connect_end=501847528 send_end=501847528 receive_end=501847532 connect_duration_ms=1 send_duration_ms=0 receive_duration_ms=3 total_duration_ms=5
[2026-02-02 22:50:05.432] [info] [spider.worker] [TIMING] worker_id=3eec1144-22d2-4f53-8819-797ffffdadae task_id=none get_next_task request_start=501847635 connect_end=501847636 send_end=501847636 receive_end=501847640 connect_duration_ms=1 send_duration_ms=0 receive_duration_ms=3 total_duration_ms=5
[2026-02-02 22:50:05.539] [info] [spider.worker] [TIMING] worker_id=3eec1144-22d2-4f53-8819-797ffffdadae task_id=none get_next_task request_start=501847743 connect_end=501847744 send_end=501847744 receive_end=501847747 connect_duration_ms=1 send_duration_ms=0 receive_duration_ms=3 total_duration_ms=4
[2026-02-02 22:50:05.646] [info] [spider.worker] [TIMING] worker_id=3eec1144-22d2-4f53-8819-797ffffdadae task_id=none get_next_task request_start=501847850 connect_end=501847851 send_end=501847851 receive_end=501847854 connect_duration_ms=1 send_duration_ms=0 receive_duration_ms=2 total_duration_ms=4
[2026-02-02 22:50:05.754] [info] [spider.worker] [TIMING] worker_id=3eec1144-22d2-4f53-8819-797ffffdadae task_id=none get_next_task request_start=501847957 connect_end=501847958 send_end=501847958 receive_end=501847962 connect_duration_ms=1 send_duration_ms=0 receive_duration_ms=4 total_duration_ms=5
[2026-02-02 22:50:05.860] [info] [spider.worker] [TIMING] worker_id=3eec1144-22d2-4f53-8819-797ffffdadae task_id=none get_next_task request_start=501848065 connect_end=501848066 send_end=501848066 receive_end=501848069 connect_duration_ms=1 send_duration_ms=0 receive_duration_ms=3 total_duration_ms=4
[2026-02-02 22:50:05.978] [info] [spider.worker] [TIMING] worker_id=3eec1144-22d2-4f53-8819-797ffffdadae task_id=none get_next_task request_start=501848181 connect_end=501848183 send_end=501848183 receive_end=501848186 connect_duration_ms=1 send_duration_ms=0 receive_duration_ms=3 total_duration_ms=4
[2026-02-02 22:50:06.087] [info] [spider.worker] [TIMING] worker_id=3eec1144-22d2-4f53-8819-797ffffdadae task_id=none get_next_task request_start=501848289 connect_end=501848290 send_end=501848290 receive_end=501848295 connect_duration_ms=1 send_duration_ms=0 receive_duration_ms=4 total_duration_ms=6
[2026-02-02 22:50:06.193] [info] [spider.worker] [TIMING] worker_id=3eec1144-22d2-4f53-8819-797ffffdadae task_id=none get_next_task request_start=501848397 connect_end=501848398 send_end=501848398 receive_end=501848402 connect_duration_ms=0 send_duration_ms=0 receive_duration_ms=3 total_duration_ms=4
[2026-02-02 22:50:06.300] [info] [spider.worker] [TIMING] worker_id=3eec1144-22d2-4f53-8819-797ffffdadae task_id=none get_next_task request_start=501848505 connect_end=501848506 send_end=501848506 receive_end=501848509 connect_duration_ms=1 send_duration_ms=0 receive_duration_ms=2 total_duration_ms=4
[2026-02-02 22:50:06.407] [info] [spider.worker] [TIMING] worker_id=3eec1144-22d2-4f53-8819-797ffffdadae task_id=none get_next_task request_start=501848611 connect_end=501848612 send_end=501848612 receive_end=501848615 connect_duration_ms=0 send_duration_ms=0 receive_duration_ms=3 total_duration_ms=3
[2026-02-02 22:50:06.512] [info] [spider.worker] [TIMING] worker_id=3eec1144-22d2-4f53-8819-797ffffdadae task_id=none get_next_task request_start=501848717 connect_end=501848718 send_end=501848718 receive_end=501848720 connect_duration_ms=0 send_duration_ms=0 receive_duration_ms=1 total_duration_ms=2
[2026-02-02 22:50:06.619] [info] [spider.worker] [TIMING] worker_id=3eec1144-22d2-4f53-8819-797ffffdadae task_id=none get_next_task request_start=501848822 connect_end=501848824 send_end=501848824 receive_end=501848827 connect_duration_ms=1 send_duration_ms=0 receive_duration_ms=3 total_duration_ms=4
[2026-02-02 22:50:06.727] [info] [spider.worker] [TIMING] worker_id=3eec1144-22d2-4f53-8819-797ffffdadae task_id=none get_next_task request_start=501848930 connect_end=501848932 send_end=501848932 receive_end=501848935 connect_duration_ms=1 send_duration_ms=0 receive_duration_ms=3 total_duration_ms=4
[2026-02-02 22:50:06.835] [info] [spider.worker] [TIMING] worker_id=3eec1144-22d2-4f53-8819-797ffffdadae task_id=none get_next_task request_start=501849038 connect_end=501849040 send_end=501849040 receive_end=501849043 connect_duration_ms=1 send_duration_ms=0 receive_duration_ms=3 total_duration_ms=5
[2026-02-02 22:50:06.943] [info] [spider.worker] [TIMING] worker_id=3eec1144-22d2-4f53-8819-797ffffdadae task_id=none get_next_task request_start=501849147 connect_end=501849148 send_end=501849148 receive_end=501849151 connect_duration_ms=1 send_duration_ms=0 receive_duration_ms=3 total_duration_ms=4
[2026-02-02 22:50:07.050] [info] [spider.worker] [TIMING] worker_id=3eec1144-22d2-4f53-8819-797ffffdadae task_id=none get_next_task request_start=501849254 connect_end=501849255 send_end=501849255 receive_end=501849259 connect_duration_ms=1 send_duration_ms=0 receive_duration_ms=3 total_duration_ms=4
[2026-02-02 22:50:07.156] [info] [spider.worker] [TIMING] worker_id=3eec1144-22d2-4f53-8819-797ffffdadae task_id=none get_next_task request_start=501849360 connect_end=501849361 send_end=501849361 receive_end=501849364 connect_duration_ms=0 send_duration_ms=0 receive_duration_ms=3 total_duration_ms=3
[2026-02-02 22:50:07.263] [info] [spider.worker] [TIMING] worker_id=3eec1144-22d2-4f53-8819-797ffffdadae task_id=none get_next_task request_start=501849467 connect_end=501849468 send_end=501849468 receive_end=501849471 connect_duration_ms=1 send_duration_ms=0 receive_duration_ms=3 total_duration_ms=4
[2026-02-02 22:50:07.371] [info] [spider.worker] [TIMING] worker_id=3eec1144-22d2-4f53-8819-797ffffdadae task_id=none get_next_task request_start=501849574 connect_end=501849576 send_end=501849576 receive_end=501849579 connect_duration_ms=1 send_duration_ms=0 receive_duration_ms=3 total_duration_ms=4
[2026-02-02 22:50:07.478] [info] [spider.worker] [TIMING] worker_id=3eec1144-22d2-4f53-8819-797ffffdadae task_id=none get_next_task request_start=501849682 connect_end=501849683 send_end=501849683 receive_end=501849686 connect_duration_ms=1 send_duration_ms=0 receive_duration_ms=3 total_duration_ms=4
[2026-02-02 22:50:07.586] [info] [spider.worker] [TIMING] worker_id=3eec1144-22d2-4f53-8819-797ffffdadae task_id=none get_next_task request_start=501849789 connect_end=501849791 send_end=501849791 receive_end=501849794 connect_duration_ms=1 send_duration_ms=0 receive_duration_ms=3 total_duration_ms=4
[2026-02-02 22:50:07.693] [info] [spider.worker] [TIMING] worker_id=3eec1144-22d2-4f53-8819-797ffffdadae task_id=none get_next_task request_start=501849897 connect_end=501849898 send_end=501849898 receive_end=501849901 connect_duration_ms=1 send_duration_ms=0 receive_duration_ms=3 total_duration_ms=4
[2026-02-02 22:50:07.801] [info] [spider.worker] [TIMING] worker_id=3eec1144-22d2-4f53-8819-797ffffdadae task_id=none get_next_task request_start=501850004 connect_end=501850006 send_end=501850006 receive_end=501850009 connect_duration_ms=1 send_duration_ms=0 receive_duration_ms=3 total_duration_ms=5
[2026-02-02 22:50:07.909] [info] [spider.worker] [TIMING] worker_id=3eec1144-22d2-4f53-8819-797ffffdadae task_id=none get_next_task request_start=501850113 connect_end=501850114 send_end=501850114 receive_end=501850117 connect_duration_ms=1 send_duration_ms=0 receive_duration_ms=3 total_duration_ms=4
[2026-02-02 22:50:08.016] [info] [spider.worker] [TIMING] worker_id=3eec1144-22d2-4f53-8819-797ffffdadae task_id=none get_next_task request_start=501850220 connect_end=501850221 send_end=501850221 receive_end=501850224 connect_duration_ms=1 send_duration_ms=0 receive_duration_ms=3 total_duration_ms=4
[2026-02-02 22:50:08.124] [info] [spider.worker] [TIMING] worker_id=3eec1144-22d2-4f53-8819-797ffffdadae task_id=none get_next_task request_start=501850327 connect_end=501850328 send_end=501850328 receive_end=501850332 connect_duration_ms=1 send_duration_ms=0 receive_duration_ms=3 total_duration_ms=5
[2026-02-02 22:50:08.232] [info] [spider.worker] [TIMING] worker_id=3eec1144-22d2-4f53-8819-797ffffdadae task_id=none get_next_task request_start=501850435 connect_end=501850436 send_end=501850436 receive_end=501850440 connect_duration_ms=1 send_duration_ms=0 receive_duration_ms=3 total_duration_ms=4
[2026-02-02 22:50:08.339] [info] [spider.worker] [TIMING] worker_id=3eec1144-22d2-4f53-8819-797ffffdadae task_id=none get_next_task request_start=501850543 connect_end=501850544 send_end=501850544 receive_end=501850548 connect_duration_ms=1 send_duration_ms=0 receive_duration_ms=3 total_duration_ms=4
[2026-02-02 22:50:08.448] [info] [spider.worker] [TIMING] worker_id=3eec1144-22d2-4f53-8819-797ffffdadae task_id=none get_next_task request_start=501850651 connect_end=501850652 send_end=501850652 receive_end=501850656 connect_duration_ms=1 send_duration_ms=0 receive_duration_ms=4 total_duration_ms=5
[2026-02-02 22:50:08.556] [info] [spider.worker] [TIMING] worker_id=3eec1144-22d2-4f53-8819-797ffffdadae task_id=none get_next_task request_start=501850759 connect_end=501850760 send_end=501850760 receive_end=501850764 connect_duration_ms=1 send_duration_ms=0 receive_duration_ms=3 total_duration_ms=4
[2026-02-02 22:50:08.664] [info] [spider.worker] [TIMING] worker_id=3eec1144-22d2-4f53-8819-797ffffdadae task_id=none get_next_task request_start=501850867 connect_end=501850868 send_end=501850868 receive_end=501850872 connect_duration_ms=1 send_duration_ms=0 receive_duration_ms=3 total_duration_ms=4
[2026-02-02 22:50:08.771] [info] [spider.worker] [TIMING] worker_id=3eec1144-22d2-4f53-8819-797ffffdadae task_id=none get_next_task request_start=501850975 connect_end=501850976 send_end=501850976 receive_end=501850979 connect_duration_ms=1 send_duration_ms=0 receive_duration_ms=3 total_duration_ms=4
[2026-02-02 22:50:08.876] [info] [spider.worker] [TIMING] worker_id=3eec1144-22d2-4f53-8819-797ffffdadae task_id=none get_next_task request_start=501851082 connect_end=501851082 send_end=501851082 receive_end=501851085 connect_duration_ms=0 send_duration_ms=0 receive_duration_ms=2 total_duration_ms=2
[2026-02-02 22:50:08.981] [info] [spider.worker] [TIMING] worker_id=3eec1144-22d2-4f53-8819-797ffffdadae task_id=none get_next_task request_start=501851187 connect_end=501851188 send_end=501851188 receive_end=501851189 connect_duration_ms=0 send_duration_ms=0 receive_duration_ms=1 total_duration_ms=2
[2026-02-02 22:50:09.089] [info] [spider.worker] [TIMING] worker_id=3eec1144-22d2-4f53-8819-797ffffdadae task_id=none get_next_task request_start=501851293 connect_end=501851294 send_end=501851294 receive_end=501851297 connect_duration_ms=1 send_duration_ms=0 receive_duration_ms=3 total_duration_ms=4
[2026-02-02 22:50:09.196] [info] [spider.worker] [TIMING] worker_id=3eec1144-22d2-4f53-8819-797ffffdadae task_id=none get_next_task request_start=501851400 connect_end=501851401 send_end=501851401 receive_end=501851404 connect_duration_ms=0 send_duration_ms=0 receive_duration_ms=3 total_duration_ms=4
[2026-02-02 22:50:09.302] [info] [spider.worker] [TIMING] worker_id=3eec1144-22d2-4f53-8819-797ffffdadae task_id=none get_next_task request_start=501851507 connect_end=501851508 send_end=501851508 receive_end=501851511 connect_duration_ms=1 send_duration_ms=0 receive_duration_ms=2 total_duration_ms=4
[2026-02-02 22:50:09.411] [info] [spider.worker] [TIMING] worker_id=3eec1144-22d2-4f53-8819-797ffffdadae task_id=none get_next_task request_start=501851614 connect_end=501851615 send_end=501851615 receive_end=501851619 connect_duration_ms=1 send_duration_ms=0 receive_duration_ms=4 total_duration_ms=5
[2026-02-02 22:50:09.518] [info] [spider.worker] [TIMING] worker_id=3eec1144-22d2-4f53-8819-797ffffdadae task_id=none get_next_task request_start=501851722 connect_end=501851723 send_end=501851723 receive_end=501851726 connect_duration_ms=1 send_duration_ms=0 receive_duration_ms=3 total_duration_ms=4
[2026-02-02 22:50:09.626] [info] [spider.worker] [TIMING] worker_id=3eec1144-22d2-4f53-8819-797ffffdadae task_id=none get_next_task request_start=501851829 connect_end=501851831 send_end=501851831 receive_end=501851834 connect_duration_ms=1 send_duration_ms=0 receive_duration_ms=3 total_duration_ms=4
[2026-02-02 22:50:09.734] [info] [spider.worker] [TIMING] worker_id=3eec1144-22d2-4f53-8819-797ffffdadae task_id=none get_next_task request_start=501851937 connect_end=501851938 send_end=501851939 receive_end=501851942 connect_duration_ms=1 send_duration_ms=0 receive_duration_ms=3 total_duration_ms=4
[2026-02-02 22:50:09.841] [info] [spider.worker] [TIMING] worker_id=3eec1144-22d2-4f53-8819-797ffffdadae task_id=none get_next_task request_start=501852045 connect_end=501852046 send_end=501852046 receive_end=501852050 connect_duration_ms=1 send_duration_ms=0 receive_duration_ms=3 total_duration_ms=4
[2026-02-02 22:50:09.949] [info] [spider.worker] [TIMING] worker_id=3eec1144-22d2-4f53-8819-797ffffdadae task_id=none get_next_task request_start=501852152 connect_end=501852154 send_end=501852154 receive_end=501852157 connect_duration_ms=1 send_duration_ms=0 receive_duration_ms=3 total_duration_ms=4
[2026-02-02 22:50:10.057] [info] [spider.worker] [TIMING] worker_id=3eec1144-22d2-4f53-8819-797ffffdadae task_id=none get_next_task request_start=501852260 connect_end=501852262 send_end=501852262 receive_end=501852265 connect_duration_ms=1 send_duration_ms=0 receive_duration_ms=3 total_duration_ms=4
[2026-02-02 22:50:10.165] [info] [spider.worker] [TIMING] worker_id=3eec1144-22d2-4f53-8819-797ffffdadae task_id=none get_next_task request_start=501852368 connect_end=501852370 send_end=501852370 receive_end=501852373 connect_duration_ms=1 send_duration_ms=0 receive_duration_ms=3 total_duration_ms=5
[2026-02-02 22:50:10.275] [info] [spider.worker] [TIMING] worker_id=3eec1144-22d2-4f53-8819-797ffffdadae task_id=none get_next_task request_start=501852477 connect_end=501852478 send_end=501852478 receive_end=501852483 connect_duration_ms=1 send_duration_ms=0 receive_duration_ms=4 total_duration_ms=6
[2026-02-02 22:50:10.383] [info] [spider.worker] [TIMING] worker_id=3eec1144-22d2-4f53-8819-797ffffdadae task_id=none get_next_task request_start=501852586 connect_end=501852588 send_end=501852588 receive_end=501852592 connect_duration_ms=1 send_duration_ms=0 receive_duration_ms=4 total_duration_ms=5
[2026-02-02 22:50:10.491] [info] [spider.worker] [TIMING] worker_id=3eec1144-22d2-4f53-8819-797ffffdadae task_id=none get_next_task request_start=501852695 connect_end=501852696 send_end=501852696 receive_end=501852700 connect_duration_ms=1 send_duration_ms=0 receive_duration_ms=3 total_duration_ms=4
[2026-02-02 22:50:10.600] [info] [spider.worker] [TIMING] worker_id=3eec1144-22d2-4f53-8819-797ffffdadae task_id=none get_next_task request_start=501852803 connect_end=501852804 send_end=501852804 receive_end=501852808 connect_duration_ms=1 send_duration_ms=0 receive_duration_ms=3 total_duration_ms=4
[2026-02-02 22:50:10.708] [info] [spider.worker] [TIMING] worker_id=3eec1144-22d2-4f53-8819-797ffffdadae task_id=none get_next_task request_start=501852911 connect_end=501852913 send_end=501852913 receive_end=501852916 connect_duration_ms=1 send_duration_ms=0 receive_duration_ms=3 total_duration_ms=4
[2026-02-02 22:50:10.814] [info] [spider.worker] [TIMING] worker_id=3eec1144-22d2-4f53-8819-797ffffdadae task_id=none get_next_task request_start=501853018 connect_end=501853020 send_end=501853020 receive_end=501853023 connect_duration_ms=1 send_duration_ms=0 receive_duration_ms=2 total_duration_ms=4
[2026-02-02 22:50:10.922] [info] [spider.worker] [TIMING] worker_id=3eec1144-22d2-4f53-8819-797ffffdadae task_id=none get_next_task request_start=501853126 connect_end=501853127 send_end=501853127 receive_end=501853131 connect_duration_ms=1 send_duration_ms=0 receive_duration_ms=3 total_duration_ms=4
[2026-02-02 22:50:11.030] [info] [spider.worker] [TIMING] worker_id=3eec1144-22d2-4f53-8819-797ffffdadae task_id=none get_next_task request_start=501853234 connect_end=501853235 send_end=501853235 receive_end=501853238 connect_duration_ms=1 send_duration_ms=0 receive_duration_ms=3 total_duration_ms=4
[2026-02-02 22:50:11.139] [info] [spider.worker] [TIMING] worker_id=3eec1144-22d2-4f53-8819-797ffffdadae task_id=none get_next_task request_start=501853341 connect_end=501853343 send_end=501853343 receive_end=501853347 connect_duration_ms=1 send_duration_ms=0 receive_duration_ms=4 total_duration_ms=5
[2026-02-02 22:50:11.245] [info] [spider.worker] [TIMING] worker_id=3eec1144-22d2-4f53-8819-797ffffdadae task_id=none get_next_task request_start=501853450 connect_end=501853451 send_end=501853451 receive_end=501853454 connect_duration_ms=1 send_duration_ms=0 receive_duration_ms=2 total_duration_ms=3
[2026-02-02 22:50:11.353] [info] [spider.worker] [TIMING] worker_id=3eec1144-22d2-4f53-8819-797ffffdadae task_id=none get_next_task request_start=501853556 connect_end=501853558 send_end=501853558 receive_end=501853561 connect_duration_ms=1 send_duration_ms=0 receive_duration_ms=3 total_duration_ms=4
[2026-02-02 22:50:11.461] [info] [spider.worker] [TIMING] worker_id=3eec1144-22d2-4f53-8819-797ffffdadae task_id=none get_next_task request_start=501853664 connect_end=501853665 send_end=501853665 receive_end=501853670 connect_duration_ms=1 send_duration_ms=0 receive_duration_ms=4 total_duration_ms=5
[2026-02-02 22:50:11.569] [info] [spider.worker] [TIMING] worker_id=3eec1144-22d2-4f53-8819-797ffffdadae task_id=none get_next_task request_start=501853773 connect_end=501853774 send_end=501853774 receive_end=501853777 connect_duration_ms=1 send_duration_ms=0 receive_duration_ms=3 total_duration_ms=4
[2026-02-02 22:50:11.678] [info] [spider.worker] [TIMING] worker_id=3eec1144-22d2-4f53-8819-797ffffdadae task_id=none get_next_task request_start=501853880 connect_end=501853882 send_end=501853882 receive_end=501853886 connect_duration_ms=1 send_duration_ms=0 receive_duration_ms=4 total_duration_ms=5
[2026-02-02 22:50:11.786] [info] [spider.worker] [TIMING] worker_id=3eec1144-22d2-4f53-8819-797ffffdadae task_id=none get_next_task request_start=501853989 connect_end=501853990 send_end=501853990 receive_end=501853994 connect_duration_ms=1 send_duration_ms=0 receive_duration_ms=3 total_duration_ms=4
[2026-02-02 22:50:11.893] [info] [spider.worker] [TIMING] worker_id=3eec1144-22d2-4f53-8819-797ffffdadae task_id=none get_next_task request_start=501854097 connect_end=501854098 send_end=501854098 receive_end=501854102 connect_duration_ms=1 send_duration_ms=0 receive_duration_ms=3 total_duration_ms=4
[2026-02-02 22:50:12.007] [info] [spider.worker] [TIMING] worker_id=3eec1144-22d2-4f53-8819-797ffffdadae task_id=none get_next_task request_start=501854204 connect_end=501854206 send_end=501854206 receive_end=501854215 connect_duration_ms=1 send_duration_ms=0 receive_duration_ms=9 total_duration_ms=10
[2026-02-02 22:50:12.115] [info] [spider.worker] [TIMING] worker_id=3eec1144-22d2-4f53-8819-797ffffdadae task_id=none get_next_task request_start=501854319 connect_end=501854320 send_end=501854320 receive_end=501854324 connect_duration_ms=1 send_duration_ms=0 receive_duration_ms=3 total_duration_ms=5
[2026-02-02 22:50:12.223] [info] [spider.worker] [TIMING] worker_id=3eec1144-22d2-4f53-8819-797ffffdadae task_id=none get_next_task request_start=501854427 connect_end=501854428 send_end=501854428 receive_end=501854432 connect_duration_ms=1 send_duration_ms=0 receive_duration_ms=3 total_duration_ms=4
[2026-02-02 22:50:12.331] [info] [spider.worker] [TIMING] worker_id=3eec1144-22d2-4f53-8819-797ffffdadae task_id=none get_next_task request_start=501854535 connect_end=501854536 send_end=501854536 receive_end=501854539 connect_duration_ms=1 send_duration_ms=0 receive_duration_ms=3 total_duration_ms=4
[2026-02-02 22:50:12.440] [info] [spider.worker] [TIMING] worker_id=3eec1144-22d2-4f53-8819-797ffffdadae task_id=none get_next_task request_start=501854643 connect_end=501854644 send_end=501854644 receive_end=501854648 connect_duration_ms=1 send_duration_ms=0 receive_duration_ms=3 total_duration_ms=5
[2026-02-02 22:50:12.547] [info] [spider.worker] [TIMING] worker_id=3eec1144-22d2-4f53-8819-797ffffdadae task_id=none get_next_task request_start=501854751 connect_end=501854752 send_end=501854752 receive_end=501854755 connect_duration_ms=1 send_duration_ms=0 receive_duration_ms=3 total_duration_ms=4
[2026-02-02 22:50:12.654] [info] [spider.worker] [TIMING] worker_id=3eec1144-22d2-4f53-8819-797ffffdadae task_id=none get_next_task request_start=501854858 connect_end=501854859 send_end=501854859 receive_end=501854862 connect_duration_ms=1 send_duration_ms=0 receive_duration_ms=3 total_duration_ms=4
[2026-02-02 22:50:12.761] [info] [spider.worker] [TIMING] worker_id=3eec1144-22d2-4f53-8819-797ffffdadae task_id=none get_next_task request_start=501854965 connect_end=501854966 send_end=501854966 receive_end=501854970 connect_duration_ms=1 send_duration_ms=0 receive_duration_ms=3 total_duration_ms=4
[2026-02-02 22:50:12.869] [info] [spider.worker] [TIMING] worker_id=3eec1144-22d2-4f53-8819-797ffffdadae task_id=none get_next_task request_start=501855073 connect_end=501855074 send_end=501855074 receive_end=501855077 connect_duration_ms=1 send_duration_ms=0 receive_duration_ms=3 total_duration_ms=4
[2026-02-02 22:50:12.977] [info] [spider.worker] [TIMING] worker_id=3eec1144-22d2-4f53-8819-797ffffdadae task_id=none get_next_task request_start=501855181 connect_end=501855182 send_end=501855182 receive_end=501855186 connect_duration_ms=1 send_duration_ms=0 receive_duration_ms=3 total_duration_ms=4
[2026-02-02 22:50:13.086] [info] [spider.worker] [TIMING] worker_id=3eec1144-22d2-4f53-8819-797ffffdadae task_id=none get_next_task request_start=501855289 connect_end=501855290 send_end=501855290 receive_end=501855294 connect_duration_ms=1 send_duration_ms=0 receive_duration_ms=4 total_duration_ms=5
[2026-02-02 22:50:13.194] [info] [spider.worker] [TIMING] worker_id=3eec1144-22d2-4f53-8819-797ffffdadae task_id=none get_next_task request_start=501855397 connect_end=501855399 send_end=501855399 receive_end=501855402 connect_duration_ms=1 send_duration_ms=0 receive_duration_ms=3 total_duration_ms=4
[2026-02-02 22:50:13.302] [info] [spider.worker] [TIMING] worker_id=3eec1144-22d2-4f53-8819-797ffffdadae task_id=none get_next_task request_start=501855506 connect_end=501855507 send_end=501855507 receive_end=501855511 connect_duration_ms=1 send_duration_ms=0 receive_duration_ms=3 total_duration_ms=5
[2026-02-02 22:50:13.410] [info] [spider.worker] [TIMING] worker_id=3eec1144-22d2-4f53-8819-797ffffdadae task_id=none get_next_task request_start=501855614 connect_end=501855615 send_end=501855615 receive_end=501855618 connect_duration_ms=1 send_duration_ms=0 receive_duration_ms=3 total_duration_ms=4
[2026-02-02 22:50:13.518] [info] [spider.worker] [TIMING] worker_id=3eec1144-22d2-4f53-8819-797ffffdadae task_id=none get_next_task request_start=501855721 connect_end=501855723 send_end=501855723 receive_end=501855726 connect_duration_ms=1 send_duration_ms=0 receive_duration_ms=3 total_duration_ms=4
[2026-02-02 22:50:13.627] [info] [spider.worker] [TIMING] worker_id=3eec1144-22d2-4f53-8819-797ffffdadae task_id=none get_next_task request_start=501855830 connect_end=501855831 send_end=501855831 receive_end=501855835 connect_duration_ms=1 send_duration_ms=0 receive_duration_ms=3 total_duration_ms=5
[2026-02-02 22:50:13.734] [info] [spider.worker] [TIMING] worker_id=3eec1144-22d2-4f53-8819-797ffffdadae task_id=none get_next_task request_start=501855938 connect_end=501855939 send_end=501855939 receive_end=501855943 connect_duration_ms=1 send_duration_ms=0 receive_duration_ms=3 total_duration_ms=4
[2026-02-02 22:50:13.841] [info] [spider.worker] [TIMING] worker_id=3eec1144-22d2-4f53-8819-797ffffdadae task_id=none get_next_task request_start=501856045 connect_end=501856047 send_end=501856047 receive_end=501856050 connect_duration_ms=1 send_duration_ms=0 receive_duration_ms=3 total_duration_ms=4
[2026-02-02 22:50:13.949] [info] [spider.worker] [TIMING] worker_id=3eec1144-22d2-4f53-8819-797ffffdadae task_id=none get_next_task request_start=501856153 connect_end=501856154 send_end=501856154 receive_end=501856157 connect_duration_ms=1 send_duration_ms=0 receive_duration_ms=3 total_duration_ms=4
[2026-02-02 22:50:14.057] [info] [spider.worker] [TIMING] worker_id=3eec1144-22d2-4f53-8819-797ffffdadae task_id=none get_next_task request_start=501856260 connect_end=501856261 send_end=501856261 receive_end=501856266 connect_duration_ms=1 send_duration_ms=0 receive_duration_ms=4 total_duration_ms=5
[2026-02-02 22:50:14.165] [info] [spider.worker] [TIMING] worker_id=3eec1144-22d2-4f53-8819-797ffffdadae task_id=none get_next_task request_start=501856369 connect_end=501856370 send_end=501856370 receive_end=501856373 connect_duration_ms=1 send_duration_ms=0 receive_duration_ms=3 total_duration_ms=4
[2026-02-02 22:50:14.273] [info] [spider.worker] [TIMING] worker_id=3eec1144-22d2-4f53-8819-797ffffdadae task_id=none get_next_task request_start=501856477 connect_end=501856478 send_end=501856478 receive_end=501856482 connect_duration_ms=1 send_duration_ms=0 receive_duration_ms=3 total_duration_ms=4
[2026-02-02 22:50:14.382] [info] [spider.worker] [TIMING] worker_id=3eec1144-22d2-4f53-8819-797ffffdadae task_id=none get_next_task request_start=501856585 connect_end=501856586 send_end=501856586 receive_end=501856590 connect_duration_ms=1 send_duration_ms=0 receive_duration_ms=4 total_duration_ms=5
[2026-02-02 22:50:14.490] [info] [spider.worker] [TIMING] worker_id=3eec1144-22d2-4f53-8819-797ffffdadae task_id=none get_next_task request_start=501856693 connect_end=501856694 send_end=501856694 receive_end=501856699 connect_duration_ms=1 send_duration_ms=0 receive_duration_ms=4 total_duration_ms=5
[2026-02-02 22:50:14.596] [info] [spider.worker] [TIMING] worker_id=3eec1144-22d2-4f53-8819-797ffffdadae task_id=none get_next_task request_start=501856801 connect_end=501856802 send_end=501856802 receive_end=501856804 connect_duration_ms=0 send_duration_ms=0 receive_duration_ms=2 total_duration_ms=2
[2026-02-02 22:50:14.702] [info] [spider.worker] [TIMING] worker_id=3eec1144-22d2-4f53-8819-797ffffdadae task_id=none get_next_task request_start=501856906 connect_end=501856907 send_end=501856907 receive_end=501856910 connect_duration_ms=0 send_duration_ms=0 receive_duration_ms=2 total_duration_ms=3
[2026-02-02 22:50:14.807] [info] [spider.worker] [TIMING] worker_id=3eec1144-22d2-4f53-8819-797ffffdadae task_id=none get_next_task request_start=501857012 connect_end=501857013 send_end=501857013 receive_end=501857015 connect_duration_ms=0 send_duration_ms=0 receive_duration_ms=2 total_duration_ms=2
[2026-02-02 22:50:14.912] [info] [spider.worker] [TIMING] worker_id=3eec1144-22d2-4f53-8819-797ffffdadae task_id=none get_next_task request_start=501857117 connect_end=501857118 send_end=501857118 receive_end=501857121 connect_duration_ms=0 send_duration_ms=0 receive_duration_ms=2 total_duration_ms=3
[2026-02-02 22:50:15.019] [info] [spider.worker] [TIMING] worker_id=3eec1144-22d2-4f53-8819-797ffffdadae task_id=none get_next_task request_start=501857223 connect_end=501857224 send_end=501857224 receive_end=501857227 connect_duration_ms=0 send_duration_ms=0 receive_duration_ms=3 total_duration_ms=4
[2026-02-02 22:50:15.128] [info] [spider.worker] [TIMING] worker_id=3eec1144-22d2-4f53-8819-797ffffdadae task_id=none get_next_task request_start=501857331 connect_end=501857332 send_end=501857332 receive_end=501857336 connect_duration_ms=1 send_duration_ms=0 receive_duration_ms=4 total_duration_ms=5
[2026-02-02 22:50:15.237] [info] [spider.worker] [TIMING] worker_id=3eec1144-22d2-4f53-8819-797ffffdadae task_id=none get_next_task request_start=501857439 connect_end=501857440 send_end=501857440 receive_end=501857445 connect_duration_ms=1 send_duration_ms=0 receive_duration_ms=5 total_duration_ms=6
[2026-02-02 22:50:15.344] [info] [spider.worker] [TIMING] worker_id=3eec1144-22d2-4f53-8819-797ffffdadae task_id=none get_next_task request_start=501857548 connect_end=501857549 send_end=501857549 receive_end=501857552 connect_duration_ms=0 send_duration_ms=0 receive_duration_ms=3 total_duration_ms=4
[2026-02-02 22:50:15.451] [info] [spider.worker] [TIMING] worker_id=3eec1144-22d2-4f53-8819-797ffffdadae task_id=none get_next_task request_start=501857655 connect_end=501857656 send_end=501857656 receive_end=501857659 connect_duration_ms=1 send_duration_ms=0 receive_duration_ms=3 total_duration_ms=4
[2026-02-02 22:50:15.559] [info] [spider.worker] [TIMING] worker_id=3eec1144-22d2-4f53-8819-797ffffdadae task_id=none get_next_task request_start=501857762 connect_end=501857763 send_end=501857764 receive_end=501857767 connect_duration_ms=1 send_duration_ms=0 receive_duration_ms=3 total_duration_ms=4
[2026-02-02 22:50:15.667] [info] [spider.worker] [TIMING] worker_id=3eec1144-22d2-4f53-8819-797ffffdadae task_id=none get_next_task request_start=501857870 connect_end=501857871 send_end=501857871 receive_end=501857875 connect_duration_ms=1 send_duration_ms=0 receive_duration_ms=3 total_duration_ms=5
[2026-02-02 22:50:15.775] [info] [spider.worker] [TIMING] worker_id=3eec1144-22d2-4f53-8819-797ffffdadae task_id=none get_next_task request_start=501857978 connect_end=501857980 send_end=501857980 receive_end=501857983 connect_duration_ms=1 send_duration_ms=0 receive_duration_ms=3 total_duration_ms=5
[2026-02-02 22:50:15.883] [info] [spider.worker] [TIMING] worker_id=3eec1144-22d2-4f53-8819-797ffffdadae task_id=none get_next_task request_start=501858086 connect_end=501858088 send_end=501858088 receive_end=501858091 connect_duration_ms=1 send_duration_ms=0 receive_duration_ms=3 total_duration_ms=4
[2026-02-02 22:50:15.990] [info] [spider.worker] [TIMING] worker_id=3eec1144-22d2-4f53-8819-797ffffdadae task_id=none get_next_task request_start=501858194 connect_end=501858195 send_end=501858195 receive_end=501858198 connect_duration_ms=1 send_duration_ms=0 receive_duration_ms=3 total_duration_ms=4
[2026-02-02 22:50:16.098] [info] [spider.worker] [TIMING] worker_id=3eec1144-22d2-4f53-8819-797ffffdadae task_id=none get_next_task request_start=501858301 connect_end=501858303 send_end=501858303 receive_end=501858306 connect_duration_ms=1 send_duration_ms=0 receive_duration_ms=3 total_duration_ms=4
[2026-02-02 22:50:16.204] [info] [spider.worker] [TIMING] worker_id=3eec1144-22d2-4f53-8819-797ffffdadae task_id=none get_next_task request_start=501858409 connect_end=501858410 send_end=501858410 receive_end=501858413 connect_duration_ms=0 send_duration_ms=0 receive_duration_ms=3 total_duration_ms=3
[2026-02-02 22:50:16.310] [info] [spider.worker] [TIMING] worker_id=3eec1144-22d2-4f53-8819-797ffffdadae task_id=none get_next_task request_start=501858515 connect_end=501858516 send_end=501858516 receive_end=501858518 connect_duration_ms=0 send_duration_ms=0 receive_duration_ms=2 total_duration_ms=3
[2026-02-02 22:50:16.415] [info] [spider.worker] [TIMING] worker_id=3eec1144-22d2-4f53-8819-797ffffdadae task_id=none get_next_task request_start=501858621 connect_end=501858621 send_end=501858621 receive_end=501858623 connect_duration_ms=0 send_duration_ms=0 receive_duration_ms=2 total_duration_ms=2
[2026-02-02 22:50:16.522] [info] [spider.worker] [TIMING] worker_id=3eec1144-22d2-4f53-8819-797ffffdadae task_id=none get_next_task request_start=501858726 connect_end=501858727 send_end=501858727 receive_end=501858731 connect_duration_ms=1 send_duration_ms=0 receive_duration_ms=3 total_duration_ms=4
[2026-02-02 22:50:16.630] [info] [spider.worker] [TIMING] worker_id=3eec1144-22d2-4f53-8819-797ffffdadae task_id=none get_next_task request_start=501858834 connect_end=501858835 send_end=501858835 receive_end=501858838 connect_duration_ms=1 send_duration_ms=0 receive_duration_ms=3 total_duration_ms=4
[2026-02-02 22:50:16.738] [info] [spider.worker] [TIMING] worker_id=3eec1144-22d2-4f53-8819-797ffffdadae task_id=none get_next_task request_start=501858942 connect_end=501858943 send_end=501858943 receive_end=501858946 connect_duration_ms=1 send_duration_ms=0 receive_duration_ms=3 total_duration_ms=4
[2026-02-02 22:50:16.846] [info] [spider.worker] [TIMING] worker_id=3eec1144-22d2-4f53-8819-797ffffdadae task_id=none get_next_task request_start=501859049 connect_end=501859050 send_end=501859051 receive_end=501859054 connect_duration_ms=1 send_duration_ms=0 receive_duration_ms=3 total_duration_ms=4
[2026-02-02 22:50:16.953] [info] [spider.worker] [TIMING] worker_id=3eec1144-22d2-4f53-8819-797ffffdadae task_id=none get_next_task request_start=501859157 connect_end=501859158 send_end=501859158 receive_end=501859162 connect_duration_ms=1 send_duration_ms=0 receive_duration_ms=3 total_duration_ms=4
[2026-02-02 22:50:17.061] [info] [spider.worker] [TIMING] worker_id=3eec1144-22d2-4f53-8819-797ffffdadae task_id=none get_next_task request_start=501859264 connect_end=501859265 send_end=501859265 receive_end=501859269 connect_duration_ms=1 send_duration_ms=0 receive_duration_ms=3 total_duration_ms=4
[2026-02-02 22:50:17.168] [info] [spider.worker] [TIMING] worker_id=3eec1144-22d2-4f53-8819-797ffffdadae task_id=none get_next_task request_start=501859372 connect_end=501859373 send_end=501859373 receive_end=501859376 connect_duration_ms=0 send_duration_ms=0 receive_duration_ms=3 total_duration_ms=4
[2026-02-02 22:50:17.274] [info] [spider.worker] [TIMING] worker_id=3eec1144-22d2-4f53-8819-797ffffdadae task_id=none get_next_task request_start=501859479 connect_end=501859480 send_end=501859480 receive_end=501859482 connect_duration_ms=1 send_duration_ms=0 receive_duration_ms=2 total_duration_ms=3
[2026-02-02 22:50:17.382] [info] [spider.worker] [TIMING] worker_id=3eec1144-22d2-4f53-8819-797ffffdadae task_id=none get_next_task request_start=501859585 connect_end=501859587 send_end=501859587 receive_end=501859590 connect_duration_ms=1 send_duration_ms=0 receive_duration_ms=3 total_duration_ms=4
[2026-02-02 22:50:17.489] [info] [spider.worker] [TIMING] worker_id=3eec1144-22d2-4f53-8819-797ffffdadae task_id=none get_next_task request_start=501859693 connect_end=501859694 send_end=501859694 receive_end=501859697 connect_duration_ms=1 send_duration_ms=0 receive_duration_ms=3 total_duration_ms=4
[2026-02-02 22:50:17.597] [info] [spider.worker] [TIMING] worker_id=3eec1144-22d2-4f53-8819-797ffffdadae task_id=none get_next_task request_start=501859801 connect_end=501859802 send_end=501859802 receive_end=501859806 connect_duration_ms=1 send_duration_ms=0 receive_duration_ms=3 total_duration_ms=4
[2026-02-02 22:50:17.705] [info] [spider.worker] [TIMING] worker_id=3eec1144-22d2-4f53-8819-797ffffdadae task_id=none get_next_task request_start=501859909 connect_end=501859910 send_end=501859910 receive_end=501859913 connect_duration_ms=1 send_duration_ms=0 receive_duration_ms=3 total_duration_ms=4
[2026-02-02 22:50:17.811] [info] [spider.worker] [TIMING] worker_id=3eec1144-22d2-4f53-8819-797ffffdadae task_id=none get_next_task request_start=501860016 connect_end=501860017 send_end=501860017 receive_end=501860019 connect_duration_ms=0 send_duration_ms=0 receive_duration_ms=2 total_duration_ms=3
[2026-02-02 22:50:17.917] [info] [spider.worker] [TIMING] worker_id=3eec1144-22d2-4f53-8819-797ffffdadae task_id=none get_next_task request_start=501860122 connect_end=501860123 send_end=501860123 receive_end=501860125 connect_duration_ms=0 send_duration_ms=0 receive_duration_ms=2 total_duration_ms=3
[2026-02-02 22:50:18.022] [info] [spider.worker] [TIMING] worker_id=3eec1144-22d2-4f53-8819-797ffffdadae task_id=none get_next_task request_start=501860227 connect_end=501860228 send_end=501860228 receive_end=501860230 connect_duration_ms=0 send_duration_ms=0 receive_duration_ms=1 total_duration_ms=2
[2026-02-02 22:50:18.129] [info] [spider.worker] [TIMING] worker_id=3eec1144-22d2-4f53-8819-797ffffdadae task_id=none get_next_task request_start=501860333 connect_end=501860334 send_end=501860334 receive_end=501860338 connect_duration_ms=1 send_duration_ms=0 receive_duration_ms=3 total_duration_ms=4
[2026-02-02 22:50:18.238] [info] [spider.worker] [TIMING] worker_id=3eec1144-22d2-4f53-8819-797ffffdadae task_id=none get_next_task request_start=501860441 connect_end=501860442 send_end=501860442 receive_end=501860446 connect_duration_ms=1 send_duration_ms=0 receive_duration_ms=3 total_duration_ms=5
[2026-02-02 22:50:18.345] [info] [spider.worker] [TIMING] worker_id=3eec1144-22d2-4f53-8819-797ffffdadae task_id=none get_next_task request_start=501860549 connect_end=501860550 send_end=501860550 receive_end=501860554 connect_duration_ms=0 send_duration_ms=0 receive_duration_ms=3 total_duration_ms=4
[2026-02-02 22:50:18.452] [info] [spider.worker] [TIMING] worker_id=3eec1144-22d2-4f53-8819-797ffffdadae task_id=none get_next_task request_start=501860656 connect_end=501860657 send_end=501860657 receive_end=501860660 connect_duration_ms=0 send_duration_ms=0 receive_duration_ms=3 total_duration_ms=4
[2026-02-02 22:50:18.557] [info] [spider.worker] [TIMING] worker_id=3eec1144-22d2-4f53-8819-797ffffdadae task_id=none get_next_task request_start=501860762 connect_end=501860763 send_end=501860763 receive_end=501860765 connect_duration_ms=0 send_duration_ms=0 receive_duration_ms=2 total_duration_ms=3
[2026-02-02 22:50:18.664] [info] [spider.worker] [TIMING] worker_id=3eec1144-22d2-4f53-8819-797ffffdadae task_id=none get_next_task request_start=501860868 connect_end=501860869 send_end=501860869 receive_end=501860873 connect_duration_ms=1 send_duration_ms=0 receive_duration_ms=3 total_duration_ms=4
[2026-02-02 22:50:18.773] [info] [spider.worker] [TIMING] worker_id=3eec1144-22d2-4f53-8819-797ffffdadae task_id=none get_next_task request_start=501860976 connect_end=501860977 send_end=501860977 receive_end=501860981 connect_duration_ms=1 send_duration_ms=0 receive_duration_ms=4 total_duration_ms=5
[2026-02-02 22:50:18.881] [info] [spider.worker] [TIMING] worker_id=3eec1144-22d2-4f53-8819-797ffffdadae task_id=none get_next_task request_start=501861085 connect_end=501861086 send_end=501861086 receive_end=501861089 connect_duration_ms=1 send_duration_ms=0 receive_duration_ms=3 total_duration_ms=4
[2026-02-02 22:50:18.989] [info] [spider.worker] [TIMING] worker_id=3eec1144-22d2-4f53-8819-797ffffdadae task_id=none get_next_task request_start=501861192 connect_end=501861194 send_end=501861194 receive_end=501861197 connect_duration_ms=1 send_duration_ms=0 receive_duration_ms=3 total_duration_ms=4
[2026-02-02 22:50:19.097] [info] [spider.worker] [TIMING] worker_id=3eec1144-22d2-4f53-8819-797ffffdadae task_id=none get_next_task request_start=501861300 connect_end=501861301 send_end=501861301 receive_end=501861305 connect_duration_ms=1 send_duration_ms=0 receive_duration_ms=3 total_duration_ms=4
[2026-02-02 22:50:19.205] [info] [spider.worker] [TIMING] worker_id=3eec1144-22d2-4f53-8819-797ffffdadae task_id=none get_next_task request_start=501861408 connect_end=501861410 send_end=501861410 receive_end=501861413 connect_duration_ms=1 send_duration_ms=0 receive_duration_ms=3 total_duration_ms=4
[2026-02-02 22:50:19.313] [info] [spider.worker] [TIMING] worker_id=3eec1144-22d2-4f53-8819-797ffffdadae task_id=none get_next_task request_start=501861517 connect_end=501861518 send_end=501861518 receive_end=501861522 connect_duration_ms=1 send_duration_ms=0 receive_duration_ms=3 total_duration_ms=4
[2026-02-02 22:50:19.422] [info] [spider.worker] [TIMING] worker_id=3eec1144-22d2-4f53-8819-797ffffdadae task_id=none get_next_task request_start=501861625 connect_end=501861626 send_end=501861626 receive_end=501861631 connect_duration_ms=1 send_duration_ms=0 receive_duration_ms=4 total_duration_ms=5
[2026-02-02 22:50:19.530] [info] [spider.worker] [TIMING] worker_id=3eec1144-22d2-4f53-8819-797ffffdadae task_id=none get_next_task request_start=501861734 connect_end=501861735 send_end=501861735 receive_end=501861739 connect_duration_ms=1 send_duration_ms=0 receive_duration_ms=3 total_duration_ms=5
[2026-02-02 22:50:19.638] [info] [spider.worker] [TIMING] worker_id=3eec1144-22d2-4f53-8819-797ffffdadae task_id=none get_next_task request_start=501861842 connect_end=501861843 send_end=501861843 receive_end=501861847 connect_duration_ms=1 send_duration_ms=0 receive_duration_ms=3 total_duration_ms=4
[2026-02-02 22:50:19.746] [info] [spider.worker] [TIMING] worker_id=3eec1144-22d2-4f53-8819-797ffffdadae task_id=none get_next_task request_start=501861950 connect_end=501861951 send_end=501861951 receive_end=501861954 connect_duration_ms=1 send_duration_ms=0 receive_duration_ms=3 total_duration_ms=4
[2026-02-02 22:50:19.854] [info] [spider.worker] [TIMING] worker_id=3eec1144-22d2-4f53-8819-797ffffdadae task_id=none get_next_task request_start=501862058 connect_end=501862059 send_end=501862059 receive_end=501862062 connect_duration_ms=1 send_duration_ms=0 receive_duration_ms=3 total_duration_ms=4
[2026-02-02 22:50:19.961] [info] [spider.worker] [TIMING] worker_id=3eec1144-22d2-4f53-8819-797ffffdadae task_id=none get_next_task request_start=501862164 connect_end=501862166 send_end=501862166 receive_end=501862170 connect_duration_ms=1 send_duration_ms=0 receive_duration_ms=4 total_duration_ms=5
[2026-02-02 22:50:20.070] [info] [spider.worker] [TIMING] worker_id=3eec1144-22d2-4f53-8819-797ffffdadae task_id=none get_next_task request_start=501862273 connect_end=501862274 send_end=501862274 receive_end=501862278 connect_duration_ms=1 send_duration_ms=0 receive_duration_ms=3 total_duration_ms=5
[2026-02-02 22:50:20.178] [info] [spider.worker] [TIMING] worker_id=3eec1144-22d2-4f53-8819-797ffffdadae task_id=none get_next_task request_start=501862381 connect_end=501862383 send_end=501862383 receive_end=501862386 connect_duration_ms=1 send_duration_ms=0 receive_duration_ms=3 total_duration_ms=4
[2026-02-02 22:50:20.286] [info] [spider.worker] [TIMING] worker_id=3eec1144-22d2-4f53-8819-797ffffdadae task_id=none get_next_task request_start=501862489 connect_end=501862490 send_end=501862490 receive_end=501862494 connect_duration_ms=1 send_duration_ms=0 receive_duration_ms=3 total_duration_ms=4
[2026-02-02 22:50:20.394] [info] [spider.worker] [TIMING] worker_id=3eec1144-22d2-4f53-8819-797ffffdadae task_id=none get_next_task request_start=501862597 connect_end=501862599 send_end=501862599 receive_end=501862602 connect_duration_ms=1 send_duration_ms=0 receive_duration_ms=3 total_duration_ms=4
[2026-02-02 22:50:20.502] [info] [spider.worker] [TIMING] worker_id=3eec1144-22d2-4f53-8819-797ffffdadae task_id=none get_next_task request_start=501862705 connect_end=501862707 send_end=501862707 receive_end=501862710 connect_duration_ms=1 send_duration_ms=0 receive_duration_ms=3 total_duration_ms=4
[2026-02-02 22:50:20.610] [info] [spider.worker] [TIMING] worker_id=3eec1144-22d2-4f53-8819-797ffffdadae task_id=none get_next_task request_start=501862813 connect_end=501862814 send_end=501862814 receive_end=501862818 connect_duration_ms=1 send_duration_ms=0 receive_duration_ms=3 total_duration_ms=4
[2026-02-02 22:50:20.717] [info] [spider.worker] [TIMING] worker_id=3eec1144-22d2-4f53-8819-797ffffdadae task_id=none get_next_task request_start=501862921 connect_end=501862922 send_end=501862922 receive_end=501862926 connect_duration_ms=1 send_duration_ms=0 receive_duration_ms=3 total_duration_ms=4
[2026-02-02 22:50:20.826] [info] [spider.worker] [TIMING] worker_id=3eec1144-22d2-4f53-8819-797ffffdadae task_id=none get_next_task request_start=501863029 connect_end=501863031 send_end=501863031 receive_end=501863034 connect_duration_ms=1 send_duration_ms=0 receive_duration_ms=3 total_duration_ms=4
[2026-02-02 22:50:20.933] [info] [spider.worker] [TIMING] worker_id=3eec1144-22d2-4f53-8819-797ffffdadae task_id=none get_next_task request_start=501863137 connect_end=501863138 send_end=501863138 receive_end=501863141 connect_duration_ms=1 send_duration_ms=0 receive_duration_ms=3 total_duration_ms=4
[2026-02-02 22:50:21.041] [info] [spider.worker] [TIMING] worker_id=3eec1144-22d2-4f53-8819-797ffffdadae task_id=none get_next_task request_start=501863245 connect_end=501863246 send_end=501863246 receive_end=501863250 connect_duration_ms=1 send_duration_ms=0 receive_duration_ms=3 total_duration_ms=5
[2026-02-02 22:50:21.149] [info] [spider.worker] [TIMING] worker_id=3eec1144-22d2-4f53-8819-797ffffdadae task_id=none get_next_task request_start=501863352 connect_end=501863353 send_end=501863353 receive_end=501863358 connect_duration_ms=1 send_duration_ms=0 receive_duration_ms=4 total_duration_ms=5
[2026-02-02 22:50:21.256] [info] [spider.worker] [TIMING] worker_id=3eec1144-22d2-4f53-8819-797ffffdadae task_id=none get_next_task request_start=501863460 connect_end=501863461 send_end=501863461 receive_end=501863465 connect_duration_ms=1 send_duration_ms=0 receive_duration_ms=3 total_duration_ms=4
[2026-02-02 22:50:21.365] [info] [spider.worker] [TIMING] worker_id=3eec1144-22d2-4f53-8819-797ffffdadae task_id=none get_next_task request_start=501863568 connect_end=501863569 send_end=501863569 receive_end=501863573 connect_duration_ms=1 send_duration_ms=0 receive_duration_ms=3 total_duration_ms=5
[2026-02-02 22:50:21.473] [info] [spider.worker] [TIMING] worker_id=3eec1144-22d2-4f53-8819-797ffffdadae task_id=none get_next_task request_start=501863676 connect_end=501863677 send_end=501863677 receive_end=501863681 connect_duration_ms=1 send_duration_ms=0 receive_duration_ms=3 total_duration_ms=5
[2026-02-02 22:50:21.581] [info] [spider.worker] [TIMING] worker_id=3eec1144-22d2-4f53-8819-797ffffdadae task_id=none get_next_task request_start=501863784 connect_end=501863786 send_end=501863786 receive_end=501863789 connect_duration_ms=1 send_duration_ms=0 receive_duration_ms=3 total_duration_ms=5
[2026-02-02 22:50:21.689] [info] [spider.worker] [TIMING] worker_id=3eec1144-22d2-4f53-8819-797ffffdadae task_id=none get_next_task request_start=501863892 connect_end=501863894 send_end=501863894 receive_end=501863897 connect_duration_ms=1 send_duration_ms=0 receive_duration_ms=3 total_duration_ms=4
[2026-02-02 22:50:21.796] [info] [spider.worker] [TIMING] worker_id=3eec1144-22d2-4f53-8819-797ffffdadae task_id=none get_next_task request_start=501864000 connect_end=501864001 send_end=501864001 receive_end=501864005 connect_duration_ms=1 send_duration_ms=0 receive_duration_ms=3 total_duration_ms=4
[2026-02-02 22:50:21.904] [info] [spider.worker] [TIMING] worker_id=3eec1144-22d2-4f53-8819-797ffffdadae task_id=none get_next_task request_start=501864108 connect_end=501864109 send_end=501864109 receive_end=501864113 connect_duration_ms=1 send_duration_ms=0 receive_duration_ms=3 total_duration_ms=4
[2026-02-02 22:50:22.013] [info] [spider.worker] [TIMING] worker_id=3eec1144-22d2-4f53-8819-797ffffdadae task_id=none get_next_task request_start=501864216 connect_end=501864217 send_end=501864217 receive_end=501864221 connect_duration_ms=1 send_duration_ms=0 receive_duration_ms=4 total_duration_ms=5
[2026-02-02 22:50:22.122] [info] [spider.worker] [TIMING] worker_id=3eec1144-22d2-4f53-8819-797ffffdadae task_id=none get_next_task request_start=501864325 connect_end=501864326 send_end=501864326 receive_end=501864330 connect_duration_ms=1 send_duration_ms=0 receive_duration_ms=3 total_duration_ms=5
[2026-02-02 22:50:22.230] [info] [spider.worker] [TIMING] worker_id=3eec1144-22d2-4f53-8819-797ffffdadae task_id=none get_next_task request_start=501864433 connect_end=501864435 send_end=501864435 receive_end=501864439 connect_duration_ms=1 send_duration_ms=0 receive_duration_ms=4 total_duration_ms=5
[2026-02-02 22:50:22.339] [info] [spider.worker] [TIMING] worker_id=3eec1144-22d2-4f53-8819-797ffffdadae task_id=none get_next_task request_start=501864542 connect_end=501864544 send_end=501864544 receive_end=501864547 connect_duration_ms=1 send_duration_ms=0 receive_duration_ms=3 total_duration_ms=4
[2026-02-02 22:50:22.447] [info] [spider.worker] [TIMING] worker_id=3eec1144-22d2-4f53-8819-797ffffdadae task_id=none get_next_task request_start=501864650 connect_end=501864652 send_end=501864652 receive_end=501864656 connect_duration_ms=1 send_duration_ms=0 receive_duration_ms=3 total_duration_ms=5
[2026-02-02 22:50:22.555] [info] [spider.worker] [TIMING] worker_id=3eec1144-22d2-4f53-8819-797ffffdadae task_id=none get_next_task request_start=501864759 connect_end=501864760 send_end=501864760 receive_end=501864764 connect_duration_ms=1 send_duration_ms=0 receive_duration_ms=3 total_duration_ms=4
[2026-02-02 22:50:22.664] [info] [spider.worker] [TIMING] worker_id=3eec1144-22d2-4f53-8819-797ffffdadae task_id=none get_next_task request_start=501864867 connect_end=501864868 send_end=501864868 receive_end=501864872 connect_duration_ms=1 send_duration_ms=0 receive_duration_ms=3 total_duration_ms=5
[2026-02-02 22:50:22.771] [info] [spider.worker] [TIMING] worker_id=3eec1144-22d2-4f53-8819-797ffffdadae task_id=none get_next_task request_start=501864975 connect_end=501864976 send_end=501864976 receive_end=501864979 connect_duration_ms=1 send_duration_ms=0 receive_duration_ms=3 total_duration_ms=4
[2026-02-02 22:50:22.879] [info] [spider.worker] [TIMING] worker_id=3eec1144-22d2-4f53-8819-797ffffdadae task_id=none get_next_task request_start=501865082 connect_end=501865084 send_end=501865084 receive_end=501865087 connect_duration_ms=1 send_duration_ms=0 receive_duration_ms=3 total_duration_ms=4
[2026-02-02 22:50:22.986] [info] [spider.worker] [TIMING] worker_id=3eec1144-22d2-4f53-8819-797ffffdadae task_id=none get_next_task request_start=501865190 connect_end=501865191 send_end=501865191 receive_end=501865194 connect_duration_ms=1 send_duration_ms=0 receive_duration_ms=3 total_duration_ms=4
[2026-02-02 22:50:23.094] [info] [spider.worker] [TIMING] worker_id=3eec1144-22d2-4f53-8819-797ffffdadae task_id=none get_next_task request_start=501865298 connect_end=501865299 send_end=501865299 receive_end=501865303 connect_duration_ms=1 send_duration_ms=0 receive_duration_ms=3 total_duration_ms=5
[2026-02-02 22:50:23.202] [info] [spider.worker] [TIMING] worker_id=3eec1144-22d2-4f53-8819-797ffffdadae task_id=none get_next_task request_start=501865406 connect_end=501865407 send_end=501865407 receive_end=501865410 connect_duration_ms=1 send_duration_ms=0 receive_duration_ms=3 total_duration_ms=4
[2026-02-02 22:50:23.309] [info] [spider.worker] [TIMING] worker_id=3eec1144-22d2-4f53-8819-797ffffdadae task_id=none get_next_task request_start=501865513 connect_end=501865515 send_end=501865515 receive_end=501865517 connect_duration_ms=1 send_duration_ms=0 receive_duration_ms=2 total_duration_ms=3
[2026-02-02 22:50:23.417] [info] [spider.worker] [TIMING] worker_id=3eec1144-22d2-4f53-8819-797ffffdadae task_id=none get_next_task request_start=501865620 connect_end=501865622 send_end=501865622 receive_end=501865625 connect_duration_ms=1 send_duration_ms=0 receive_duration_ms=3 total_duration_ms=4
[2026-02-02 22:50:23.525] [info] [spider.worker] [TIMING] worker_id=3eec1144-22d2-4f53-8819-797ffffdadae task_id=none get_next_task request_start=501865729 connect_end=501865730 send_end=501865730 receive_end=501865734 connect_duration_ms=1 send_duration_ms=0 receive_duration_ms=3 total_duration_ms=4
[2026-02-02 22:50:23.634] [info] [spider.worker] [TIMING] worker_id=3eec1144-22d2-4f53-8819-797ffffdadae task_id=none get_next_task request_start=501865837 connect_end=501865839 send_end=501865839 receive_end=501865843 connect_duration_ms=1 send_duration_ms=0 receive_duration_ms=4 total_duration_ms=5
[2026-02-02 22:50:23.742] [info] [spider.worker] [TIMING] worker_id=3eec1144-22d2-4f53-8819-797ffffdadae task_id=none get_next_task request_start=501865946 connect_end=501865947 send_end=501865947 receive_end=501865951 connect_duration_ms=1 send_duration_ms=0 receive_duration_ms=3 total_duration_ms=4
[2026-02-02 22:50:23.853] [info] [spider.worker] [TIMING] worker_id=3eec1144-22d2-4f53-8819-797ffffdadae task_id=none get_next_task request_start=501866054 connect_end=501866056 send_end=501866056 receive_end=501866061 connect_duration_ms=1 send_duration_ms=0 receive_duration_ms=5 total_duration_ms=6
[2026-02-02 22:50:23.961] [info] [spider.worker] [TIMING] worker_id=3eec1144-22d2-4f53-8819-797ffffdadae task_id=none get_next_task request_start=501866165 connect_end=501866166 send_end=501866166 receive_end=501866170 connect_duration_ms=1 send_duration_ms=0 receive_duration_ms=3 total_duration_ms=4
[2026-02-02 22:50:24.070] [info] [spider.worker] [TIMING] worker_id=3eec1144-22d2-4f53-8819-797ffffdadae task_id=none get_next_task request_start=501866273 connect_end=501866274 send_end=501866274 receive_end=501866279 connect_duration_ms=1 send_duration_ms=0 receive_duration_ms=4 total_duration_ms=5
[2026-02-02 22:50:24.178] [info] [spider.worker] [TIMING] worker_id=3eec1144-22d2-4f53-8819-797ffffdadae task_id=none get_next_task request_start=501866381 connect_end=501866383 send_end=501866383 receive_end=501866386 connect_duration_ms=1 send_duration_ms=0 receive_duration_ms=3 total_duration_ms=5
[2026-02-02 22:50:24.286] [info] [spider.worker] [TIMING] worker_id=3eec1144-22d2-4f53-8819-797ffffdadae task_id=none get_next_task request_start=501866490 connect_end=501866491 send_end=501866491 receive_end=501866495 connect_duration_ms=1 send_duration_ms=0 receive_duration_ms=3 total_duration_ms=4
[2026-02-02 22:50:24.395] [info] [spider.worker] [TIMING] worker_id=3eec1144-22d2-4f53-8819-797ffffdadae task_id=none get_next_task request_start=501866598 connect_end=501866599 send_end=501866599 receive_end=501866603 connect_duration_ms=1 send_duration_ms=0 receive_duration_ms=4 total_duration_ms=5
[2026-02-02 22:50:24.503] [info] [spider.worker] [TIMING] worker_id=3eec1144-22d2-4f53-8819-797ffffdadae task_id=none get_next_task request_start=501866706 connect_end=501866708 send_end=501866708 receive_end=501866711 connect_duration_ms=1 send_duration_ms=0 receive_duration_ms=3 total_duration_ms=4
[2026-02-02 22:50:24.611] [info] [spider.worker] [TIMING] worker_id=3eec1144-22d2-4f53-8819-797ffffdadae task_id=none get_next_task request_start=501866814 connect_end=501866816 send_end=501866816 receive_end=501866819 connect_duration_ms=1 send_duration_ms=0 receive_duration_ms=3 total_duration_ms=4
[2026-02-02 22:50:24.718] [info] [spider.worker] [TIMING] worker_id=3eec1144-22d2-4f53-8819-797ffffdadae task_id=none get_next_task request_start=501866922 connect_end=501866923 send_end=501866923 receive_end=501866926 connect_duration_ms=1 send_duration_ms=0 receive_duration_ms=3 total_duration_ms=4
[2026-02-02 22:50:24.826] [info] [spider.worker] [TIMING] worker_id=3eec1144-22d2-4f53-8819-797ffffdadae task_id=none get_next_task request_start=501867029 connect_end=501867031 send_end=501867031 receive_end=501867034 connect_duration_ms=1 send_duration_ms=0 receive_duration_ms=3 total_duration_ms=5
[2026-02-02 22:50:24.934] [info] [spider.worker] [TIMING] worker_id=3eec1144-22d2-4f53-8819-797ffffdadae task_id=none get_next_task request_start=501867137 connect_end=501867139 send_end=501867139 receive_end=501867142 connect_duration_ms=1 send_duration_ms=0 receive_duration_ms=3 total_duration_ms=4
[2026-02-02 22:50:25.041] [info] [spider.worker] [TIMING] worker_id=3eec1144-22d2-4f53-8819-797ffffdadae task_id=none get_next_task request_start=501867245 connect_end=501867246 send_end=501867246 receive_end=501867249 connect_duration_ms=1 send_duration_ms=0 receive_duration_ms=3 total_duration_ms=4
[2026-02-02 22:50:25.149] [info] [spider.worker] [TIMING] worker_id=3eec1144-22d2-4f53-8819-797ffffdadae task_id=none get_next_task request_start=501867353 connect_end=501867354 send_end=501867354 receive_end=501867358 connect_duration_ms=1 send_duration_ms=0 receive_duration_ms=3 total_duration_ms=4
[2026-02-02 22:50:25.258] [info] [spider.worker] [TIMING] worker_id=3eec1144-22d2-4f53-8819-797ffffdadae task_id=none get_next_task request_start=501867461 connect_end=501867462 send_end=501867462 receive_end=501867466 connect_duration_ms=1 send_duration_ms=0 receive_duration_ms=3 total_duration_ms=4
[2026-02-02 22:50:25.366] [info] [spider.worker] [TIMING] worker_id=3eec1144-22d2-4f53-8819-797ffffdadae task_id=none get_next_task request_start=501867569 connect_end=501867570 send_end=501867570 receive_end=501867574 connect_duration_ms=1 send_duration_ms=0 receive_duration_ms=3 total_duration_ms=5
[2026-02-02 22:50:25.472] [info] [spider.worker] [TIMING] worker_id=3eec1144-22d2-4f53-8819-797ffffdadae task_id=none get_next_task request_start=501867676 connect_end=501867677 send_end=501867677 receive_end=501867680 connect_duration_ms=1 send_duration_ms=0 receive_duration_ms=2 total_duration_ms=3
[2026-02-02 22:50:25.579] [info] [spider.worker] [TIMING] worker_id=3eec1144-22d2-4f53-8819-797ffffdadae task_id=none get_next_task request_start=501867782 connect_end=501867784 send_end=501867784 receive_end=501867788 connect_duration_ms=1 send_duration_ms=0 receive_duration_ms=3 total_duration_ms=5
[2026-02-02 22:50:25.688] [info] [spider.worker] [TIMING] worker_id=3eec1144-22d2-4f53-8819-797ffffdadae task_id=none get_next_task request_start=501867891 connect_end=501867892 send_end=501867892 receive_end=501867896 connect_duration_ms=1 send_duration_ms=0 receive_duration_ms=3 total_duration_ms=5
[2026-02-02 22:50:25.796] [info] [spider.worker] [TIMING] worker_id=3eec1144-22d2-4f53-8819-797ffffdadae task_id=none get_next_task request_start=501867999 connect_end=501868001 send_end=501868001 receive_end=501868004 connect_duration_ms=1 send_duration_ms=0 receive_duration_ms=3 total_duration_ms=4
[2026-02-02 22:50:25.904] [info] [spider.worker] [TIMING] worker_id=3eec1144-22d2-4f53-8819-797ffffdadae task_id=none get_next_task request_start=501868107 connect_end=501868108 send_end=501868108 receive_end=501868112 connect_duration_ms=0 send_duration_ms=0 receive_duration_ms=4 total_duration_ms=5
[2026-02-02 22:50:26.013] [info] [spider.worker] [TIMING] worker_id=3eec1144-22d2-4f53-8819-797ffffdadae task_id=none get_next_task request_start=501868216 connect_end=501868217 send_end=501868217 receive_end=501868221 connect_duration_ms=1 send_duration_ms=0 receive_duration_ms=3 total_duration_ms=5
[2026-02-02 22:50:26.121] [info] [spider.worker] [TIMING] worker_id=3eec1144-22d2-4f53-8819-797ffffdadae task_id=none get_next_task request_start=501868325 connect_end=501868326 send_end=501868326 receive_end=501868329 connect_duration_ms=1 send_duration_ms=0 receive_duration_ms=3 total_duration_ms=4
[2026-02-02 22:50:26.229] [info] [spider.worker] [TIMING] worker_id=3eec1144-22d2-4f53-8819-797ffffdadae task_id=none get_next_task request_start=501868432 connect_end=501868434 send_end=501868434 receive_end=501868437 connect_duration_ms=1 send_duration_ms=0 receive_duration_ms=3 total_duration_ms=4
[2026-02-02 22:50:26.335] [info] [spider.worker] [TIMING] worker_id=3eec1144-22d2-4f53-8819-797ffffdadae task_id=none get_next_task request_start=501868540 connect_end=501868541 send_end=501868541 receive_end=501868543 connect_duration_ms=1 send_duration_ms=0 receive_duration_ms=2 total_duration_ms=3
[2026-02-02 22:50:26.441] [info] [spider.worker] [TIMING] worker_id=3eec1144-22d2-4f53-8819-797ffffdadae task_id=none get_next_task request_start=501868646 connect_end=501868647 send_end=501868648 receive_end=501868650 connect_duration_ms=1 send_duration_ms=0 receive_duration_ms=1 total_duration_ms=3
[2026-02-02 22:50:26.547] [info] [spider.worker] [TIMING] worker_id=3eec1144-22d2-4f53-8819-797ffffdadae task_id=none get_next_task request_start=501868752 connect_end=501868753 send_end=501868753 receive_end=501868755 connect_duration_ms=1 send_duration_ms=0 receive_duration_ms=2 total_duration_ms=3
[2026-02-02 22:50:26.654] [info] [spider.worker] [TIMING] worker_id=3eec1144-22d2-4f53-8819-797ffffdadae task_id=none get_next_task request_start=501868858 connect_end=501868859 send_end=501868859 receive_end=501868862 connect_duration_ms=0 send_duration_ms=0 receive_duration_ms=2 total_duration_ms=3
[2026-02-02 22:50:26.760] [info] [spider.worker] [TIMING] worker_id=3eec1144-22d2-4f53-8819-797ffffdadae task_id=none get_next_task request_start=501868965 connect_end=501868966 send_end=501868966 receive_end=501868969 connect_duration_ms=1 send_duration_ms=0 receive_duration_ms=2 total_duration_ms=3
[2026-02-02 22:50:26.869] [info] [spider.worker] [TIMING] worker_id=3eec1144-22d2-4f53-8819-797ffffdadae task_id=none get_next_task request_start=501869072 connect_end=501869073 send_end=501869073 receive_end=501869078 connect_duration_ms=1 send_duration_ms=0 receive_duration_ms=4 total_duration_ms=6
[2026-02-02 22:50:26.978] [info] [spider.worker] [TIMING] worker_id=3eec1144-22d2-4f53-8819-797ffffdadae task_id=none get_next_task request_start=501869181 connect_end=501869182 send_end=501869182 receive_end=501869186 connect_duration_ms=1 send_duration_ms=0 receive_duration_ms=3 total_duration_ms=5
[2026-02-02 22:50:27.087] [info] [spider.worker] [TIMING] worker_id=3eec1144-22d2-4f53-8819-797ffffdadae task_id=none get_next_task request_start=501869289 connect_end=501869290 send_end=501869290 receive_end=501869295 connect_duration_ms=1 send_duration_ms=0 receive_duration_ms=4 total_duration_ms=5
[2026-02-02 22:50:27.195] [info] [spider.worker] [TIMING] worker_id=3eec1144-22d2-4f53-8819-797ffffdadae task_id=none get_next_task request_start=501869398 connect_end=501869399 send_end=501869399 receive_end=501869403 connect_duration_ms=1 send_duration_ms=0 receive_duration_ms=4 total_duration_ms=5
[2026-02-02 22:50:27.302] [info] [spider.worker] [TIMING] worker_id=3eec1144-22d2-4f53-8819-797ffffdadae task_id=none get_next_task request_start=501869506 connect_end=501869507 send_end=501869507 receive_end=501869510 connect_duration_ms=1 send_duration_ms=0 receive_duration_ms=3 total_duration_ms=4
[2026-02-02 22:50:27.407] [info] [spider.worker] [TIMING] worker_id=3eec1144-22d2-4f53-8819-797ffffdadae task_id=none get_next_task request_start=501869612 connect_end=501869613 send_end=501869613 receive_end=501869616 connect_duration_ms=0 send_duration_ms=0 receive_duration_ms=2 total_duration_ms=3
[2026-02-02 22:50:27.515] [info] [spider.worker] [TIMING] worker_id=3eec1144-22d2-4f53-8819-797ffffdadae task_id=none get_next_task request_start=501869719 connect_end=501869720 send_end=501869720 receive_end=501869723 connect_duration_ms=1 send_duration_ms=0 receive_duration_ms=3 total_duration_ms=4
[2026-02-02 22:50:27.623] [info] [spider.worker] [TIMING] worker_id=3eec1144-22d2-4f53-8819-797ffffdadae task_id=none get_next_task request_start=501869827 connect_end=501869828 send_end=501869828 receive_end=501869831 connect_duration_ms=1 send_duration_ms=0 receive_duration_ms=3 total_duration_ms=4
[2026-02-02 22:50:27.732] [info] [spider.worker] [TIMING] worker_id=3eec1144-22d2-4f53-8819-797ffffdadae task_id=none get_next_task request_start=501869935 connect_end=501869936 send_end=501869936 receive_end=501869940 connect_duration_ms=1 send_duration_ms=0 receive_duration_ms=4 total_duration_ms=5
[2026-02-02 22:50:27.839] [info] [spider.worker] [TIMING] worker_id=3eec1144-22d2-4f53-8819-797ffffdadae task_id=none get_next_task request_start=501870043 connect_end=501870044 send_end=501870044 receive_end=501870048 connect_duration_ms=1 send_duration_ms=0 receive_duration_ms=3 total_duration_ms=4
[2026-02-02 22:50:27.947] [info] [spider.worker] [TIMING] worker_id=3eec1144-22d2-4f53-8819-797ffffdadae task_id=none get_next_task request_start=501870151 connect_end=501870152 send_end=501870152 receive_end=501870156 connect_duration_ms=1 send_duration_ms=0 receive_duration_ms=3 total_duration_ms=4
[2026-02-02 22:50:28.055] [info] [spider.worker] [TIMING] worker_id=3eec1144-22d2-4f53-8819-797ffffdadae task_id=none get_next_task request_start=501870259 connect_end=501870260 send_end=501870260 receive_end=501870264 connect_duration_ms=1 send_duration_ms=0 receive_duration_ms=3 total_duration_ms=5
[2026-02-02 22:50:28.164] [info] [spider.worker] [TIMING] worker_id=3eec1144-22d2-4f53-8819-797ffffdadae task_id=none get_next_task request_start=501870366 connect_end=501870367 send_end=501870367 receive_end=501870372 connect_duration_ms=1 send_duration_ms=0 receive_duration_ms=5 total_duration_ms=6
[2026-02-02 22:50:28.272] [info] [spider.worker] [TIMING] worker_id=3eec1144-22d2-4f53-8819-797ffffdadae task_id=none get_next_task request_start=501870475 connect_end=501870477 send_end=501870477 receive_end=501870481 connect_duration_ms=1 send_duration_ms=0 receive_duration_ms=4 total_duration_ms=5
[2026-02-02 22:50:28.382] [info] [spider.worker] [TIMING] worker_id=3eec1144-22d2-4f53-8819-797ffffdadae task_id=none get_next_task request_start=501870584 connect_end=501870586 send_end=501870586 receive_end=501870590 connect_duration_ms=1 send_duration_ms=0 receive_duration_ms=4 total_duration_ms=5
[2026-02-02 22:50:28.487] [info] [spider.worker] [TIMING] worker_id=3eec1144-22d2-4f53-8819-797ffffdadae task_id=none get_next_task request_start=501870692 connect_end=501870693 send_end=501870693 receive_end=501870695 connect_duration_ms=0 send_duration_ms=0 receive_duration_ms=1 total_duration_ms=2
[2026-02-02 22:50:28.593] [info] [spider.worker] [TIMING] worker_id=3eec1144-22d2-4f53-8819-797ffffdadae task_id=none get_next_task request_start=501870798 connect_end=501870799 send_end=501870799 receive_end=501870801 connect_duration_ms=1 send_duration_ms=0 receive_duration_ms=2 total_duration_ms=3
[2026-02-02 22:50:28.699] [info] [spider.worker] [TIMING] worker_id=3eec1144-22d2-4f53-8819-797ffffdadae task_id=none get_next_task request_start=501870904 connect_end=501870905 send_end=501870905 receive_end=501870908 connect_duration_ms=1 send_duration_ms=0 receive_duration_ms=2 total_duration_ms=3
[2026-02-02 22:50:28.807] [info] [spider.worker] [TIMING] worker_id=3eec1144-22d2-4f53-8819-797ffffdadae task_id=none get_next_task request_start=501871011 connect_end=501871012 send_end=501871012 receive_end=501871015 connect_duration_ms=1 send_duration_ms=0 receive_duration_ms=3 total_duration_ms=4
[2026-02-02 22:50:28.915] [info] [spider.worker] [TIMING] worker_id=3eec1144-22d2-4f53-8819-797ffffdadae task_id=none get_next_task request_start=501871118 connect_end=501871120 send_end=501871120 receive_end=501871123 connect_duration_ms=1 send_duration_ms=0 receive_duration_ms=3 total_duration_ms=4
[2026-02-02 22:50:29.023] [info] [spider.worker] [TIMING] worker_id=3eec1144-22d2-4f53-8819-797ffffdadae task_id=none get_next_task request_start=501871226 connect_end=501871227 send_end=501871227 receive_end=501871231 connect_duration_ms=1 send_duration_ms=0 receive_duration_ms=3 total_duration_ms=4
[2026-02-02 22:50:29.131] [info] [spider.worker] [TIMING] worker_id=3eec1144-22d2-4f53-8819-797ffffdadae task_id=none get_next_task request_start=501871334 connect_end=501871336 send_end=501871336 receive_end=501871339 connect_duration_ms=1 send_duration_ms=0 receive_duration_ms=3 total_duration_ms=4
[2026-02-02 22:50:29.238] [info] [spider.worker] [TIMING] worker_id=3eec1144-22d2-4f53-8819-797ffffdadae task_id=none get_next_task request_start=501871442 connect_end=501871443 send_end=501871443 receive_end=501871447 connect_duration_ms=1 send_duration_ms=0 receive_duration_ms=3 total_duration_ms=4
[2026-02-02 22:50:29.347] [info] [spider.worker] [TIMING] worker_id=3eec1144-22d2-4f53-8819-797ffffdadae task_id=none get_next_task request_start=501871550 connect_end=501871551 send_end=501871551 receive_end=501871555 connect_duration_ms=1 send_duration_ms=0 receive_duration_ms=3 total_duration_ms=5
[2026-02-02 22:50:29.455] [info] [spider.worker] [TIMING] worker_id=3eec1144-22d2-4f53-8819-797ffffdadae task_id=none get_next_task request_start=501871658 connect_end=501871659 send_end=501871660 receive_end=501871663 connect_duration_ms=1 send_duration_ms=0 receive_duration_ms=3 total_duration_ms=4
[2026-02-02 22:50:29.563] [info] [spider.worker] [TIMING] worker_id=3eec1144-22d2-4f53-8819-797ffffdadae task_id=none get_next_task request_start=501871766 connect_end=501871768 send_end=501871768 receive_end=501871771 connect_duration_ms=1 send_duration_ms=0 receive_duration_ms=3 total_duration_ms=4
[2026-02-02 22:50:29.671] [info] [spider.worker] [TIMING] worker_id=3eec1144-22d2-4f53-8819-797ffffdadae task_id=none get_next_task request_start=501871874 connect_end=501871875 send_end=501871876 receive_end=501871879 connect_duration_ms=1 send_duration_ms=0 receive_duration_ms=3 total_duration_ms=5
[2026-02-02 22:50:29.779] [info] [spider.worker] [TIMING] worker_id=3eec1144-22d2-4f53-8819-797ffffdadae task_id=none get_next_task request_start=501871982 connect_end=501871984 send_end=501871984 receive_end=501871987 connect_duration_ms=1 send_duration_ms=0 receive_duration_ms=3 total_duration_ms=4
[2026-02-02 22:50:29.886] [info] [spider.worker] [TIMING] worker_id=3eec1144-22d2-4f53-8819-797ffffdadae task_id=none get_next_task request_start=501872090 connect_end=501872091 send_end=501872091 receive_end=501872095 connect_duration_ms=1 send_duration_ms=0 receive_duration_ms=3 total_duration_ms=4
[2026-02-02 22:50:29.994] [info] [spider.worker] [TIMING] worker_id=3eec1144-22d2-4f53-8819-797ffffdadae task_id=none get_next_task request_start=501872198 connect_end=501872199 send_end=501872199 receive_end=501872203 connect_duration_ms=1 send_duration_ms=0 receive_duration_ms=3 total_duration_ms=4
[2026-02-02 22:50:30.102] [info] [spider.worker] [TIMING] worker_id=3eec1144-22d2-4f53-8819-797ffffdadae task_id=none get_next_task request_start=501872305 connect_end=501872306 send_end=501872306 receive_end=501872311 connect_duration_ms=1 send_duration_ms=0 receive_duration_ms=4 total_duration_ms=5
[2026-02-02 22:50:30.211] [info] [spider.worker] [TIMING] worker_id=3eec1144-22d2-4f53-8819-797ffffdadae task_id=none get_next_task request_start=501872414 connect_end=501872415 send_end=501872415 receive_end=501872419 connect_duration_ms=1 send_duration_ms=0 receive_duration_ms=4 total_duration_ms=5
[2026-02-02 22:50:30.318] [info] [spider.worker] [TIMING] worker_id=3eec1144-22d2-4f53-8819-797ffffdadae task_id=none get_next_task request_start=501872522 connect_end=501872524 send_end=501872524 receive_end=501872527 connect_duration_ms=1 send_duration_ms=0 receive_duration_ms=3 total_duration_ms=4
[2026-02-02 22:50:30.426] [info] [spider.worker] [TIMING] worker_id=3eec1144-22d2-4f53-8819-797ffffdadae task_id=none get_next_task request_start=501872630 connect_end=501872631 send_end=501872631 receive_end=501872635 connect_duration_ms=1 send_duration_ms=0 receive_duration_ms=3 total_duration_ms=4
[2026-02-02 22:50:30.535] [info] [spider.worker] [TIMING] worker_id=3eec1144-22d2-4f53-8819-797ffffdadae task_id=none get_next_task request_start=501872738 connect_end=501872740 send_end=501872740 receive_end=501872743 connect_duration_ms=1 send_duration_ms=0 receive_duration_ms=3 total_duration_ms=4
[2026-02-02 22:50:30.643] [info] [spider.worker] [TIMING] worker_id=3eec1144-22d2-4f53-8819-797ffffdadae task_id=none get_next_task request_start=501872846 connect_end=501872848 send_end=501872848 receive_end=501872851 connect_duration_ms=1 send_duration_ms=0 receive_duration_ms=3 total_duration_ms=4
[2026-02-02 22:50:30.751] [info] [spider.worker] [TIMING] worker_id=3eec1144-22d2-4f53-8819-797ffffdadae task_id=none get_next_task request_start=501872954 connect_end=501872956 send_end=501872956 receive_end=501872959 connect_duration_ms=1 send_duration_ms=0 receive_duration_ms=3 total_duration_ms=4
[2026-02-02 22:50:30.857] [info] [spider.worker] [TIMING] worker_id=3eec1144-22d2-4f53-8819-797ffffdadae task_id=none get_next_task request_start=501873062 connect_end=501873063 send_end=501873063 receive_end=501873066 connect_duration_ms=1 send_duration_ms=0 receive_duration_ms=2 total_duration_ms=3
[2026-02-02 22:50:30.965] [info] [spider.worker] [TIMING] worker_id=3eec1144-22d2-4f53-8819-797ffffdadae task_id=none get_next_task request_start=501873169 connect_end=501873170 send_end=501873170 receive_end=501873174 connect_duration_ms=1 send_duration_ms=0 receive_duration_ms=3 total_duration_ms=4
[2026-02-02 22:50:31.073] [info] [spider.worker] [TIMING] worker_id=3eec1144-22d2-4f53-8819-797ffffdadae task_id=none get_next_task request_start=501873276 connect_end=501873277 send_end=501873277 receive_end=501873281 connect_duration_ms=0 send_duration_ms=0 receive_duration_ms=3 total_duration_ms=4
[2026-02-02 22:50:31.181] [info] [spider.worker] [TIMING] worker_id=3eec1144-22d2-4f53-8819-797ffffdadae task_id=none get_next_task request_start=501873383 connect_end=501873384 send_end=501873384 receive_end=501873389 connect_duration_ms=1 send_duration_ms=0 receive_duration_ms=4 total_duration_ms=5
[2026-02-02 22:50:31.288] [info] [spider.worker] [TIMING] worker_id=3eec1144-22d2-4f53-8819-797ffffdadae task_id=none get_next_task request_start=501873492 connect_end=501873493 send_end=501873493 receive_end=501873497 connect_duration_ms=1 send_duration_ms=0 receive_duration_ms=3 total_duration_ms=5
[2026-02-02 22:50:31.396] [info] [spider.worker] [TIMING] worker_id=3eec1144-22d2-4f53-8819-797ffffdadae task_id=none get_next_task request_start=501873599 connect_end=501873600 send_end=501873600 receive_end=501873604 connect_duration_ms=1 send_duration_ms=0 receive_duration_ms=3 total_duration_ms=5
[2026-02-02 22:50:31.504] [info] [spider.worker] [TIMING] worker_id=3eec1144-22d2-4f53-8819-797ffffdadae task_id=none get_next_task request_start=501873707 connect_end=501873708 send_end=501873709 receive_end=501873713 connect_duration_ms=1 send_duration_ms=0 receive_duration_ms=4 total_duration_ms=5
[2026-02-02 22:50:31.612] [info] [spider.worker] [TIMING] worker_id=3eec1144-22d2-4f53-8819-797ffffdadae task_id=none get_next_task request_start=501873815 connect_end=501873816 send_end=501873816 receive_end=501873821 connect_duration_ms=0 send_duration_ms=0 receive_duration_ms=4 total_duration_ms=5
[2026-02-02 22:50:31.720] [info] [spider.worker] [TIMING] worker_id=3eec1144-22d2-4f53-8819-797ffffdadae task_id=none get_next_task request_start=501873924 connect_end=501873925 send_end=501873925 receive_end=501873928 connect_duration_ms=1 send_duration_ms=0 receive_duration_ms=3 total_duration_ms=4
[2026-02-02 22:50:31.837] [info] [spider.worker] [TIMING] worker_id=3eec1144-22d2-4f53-8819-797ffffdadae task_id=none get_next_task request_start=501874040 connect_end=501874042 send_end=501874042 receive_end=501874045 connect_duration_ms=1 send_duration_ms=0 receive_duration_ms=3 total_duration_ms=5
[2026-02-02 22:50:31.945] [info] [spider.worker] [TIMING] worker_id=3eec1144-22d2-4f53-8819-797ffffdadae task_id=none get_next_task request_start=501874148 connect_end=501874149 send_end=501874149 receive_end=501874153 connect_duration_ms=1 send_duration_ms=0 receive_duration_ms=3 total_duration_ms=4
[2026-02-02 22:50:32.053] [info] [spider.worker] [TIMING] worker_id=3eec1144-22d2-4f53-8819-797ffffdadae task_id=none get_next_task request_start=501874257 connect_end=501874258 send_end=501874258 receive_end=501874261 connect_duration_ms=1 send_duration_ms=0 receive_duration_ms=3 total_duration_ms=4
[2026-02-02 22:50:32.160] [info] [spider.worker] [TIMING] worker_id=3eec1144-22d2-4f53-8819-797ffffdadae task_id=none get_next_task request_start=501874364 connect_end=501874365 send_end=501874365 receive_end=501874369 connect_duration_ms=1 send_duration_ms=0 receive_duration_ms=3 total_duration_ms=4
[2026-02-02 22:50:32.268] [info] [spider.worker] [TIMING] worker_id=3eec1144-22d2-4f53-8819-797ffffdadae task_id=none get_next_task request_start=501874471 connect_end=501874473 send_end=501874473 receive_end=501874476 connect_duration_ms=1 send_duration_ms=0 receive_duration_ms=3 total_duration_ms=4
[2026-02-02 22:50:32.377] [info] [spider.worker] [TIMING] worker_id=3eec1144-22d2-4f53-8819-797ffffdadae task_id=none get_next_task request_start=501874579 connect_end=501874581 send_end=501874581 receive_end=501874585 connect_duration_ms=1 send_duration_ms=0 receive_duration_ms=3 total_duration_ms=5
[2026-02-02 22:50:32.485] [info] [spider.worker] [TIMING] worker_id=3eec1144-22d2-4f53-8819-797ffffdadae task_id=none get_next_task request_start=501874688 connect_end=501874690 send_end=501874690 receive_end=501874694 connect_duration_ms=1 send_duration_ms=0 receive_duration_ms=3 total_duration_ms=5
[2026-02-02 22:50:32.592] [info] [spider.worker] [TIMING] worker_id=3eec1144-22d2-4f53-8819-797ffffdadae task_id=none get_next_task request_start=501874797 connect_end=501874798 send_end=501874798 receive_end=501874801 connect_duration_ms=1 send_duration_ms=0 receive_duration_ms=2 total_duration_ms=3
[2026-02-02 22:50:32.700] [info] [spider.worker] [TIMING] worker_id=3eec1144-22d2-4f53-8819-797ffffdadae task_id=none get_next_task request_start=501874904 connect_end=501874905 send_end=501874905 receive_end=501874909 connect_duration_ms=1 send_duration_ms=0 receive_duration_ms=3 total_duration_ms=4
[2026-02-02 22:50:32.807] [info] [spider.worker] [TIMING] worker_id=3eec1144-22d2-4f53-8819-797ffffdadae task_id=none get_next_task request_start=501875011 connect_end=501875012 send_end=501875013 receive_end=501875016 connect_duration_ms=1 send_duration_ms=0 receive_duration_ms=3 total_duration_ms=4
[2026-02-02 22:50:32.915] [info] [spider.worker] [TIMING] worker_id=3eec1144-22d2-4f53-8819-797ffffdadae task_id=none get_next_task request_start=501875119 connect_end=501875120 send_end=501875120 receive_end=501875124 connect_duration_ms=1 send_duration_ms=0 receive_duration_ms=3 total_duration_ms=4
[2026-02-02 22:50:33.023] [info] [spider.worker] [TIMING] worker_id=3eec1144-22d2-4f53-8819-797ffffdadae task_id=none get_next_task request_start=501875227 connect_end=501875228 send_end=501875228 receive_end=501875231 connect_duration_ms=1 send_duration_ms=0 receive_duration_ms=3 total_duration_ms=4
[2026-02-02 22:50:33.131] [info] [spider.worker] [TIMING] worker_id=3eec1144-22d2-4f53-8819-797ffffdadae task_id=none get_next_task request_start=501875334 connect_end=501875336 send_end=501875336 receive_end=501875339 connect_duration_ms=1 send_duration_ms=0 receive_duration_ms=3 total_duration_ms=4
[2026-02-02 22:50:33.238] [info] [spider.worker] [TIMING] worker_id=3eec1144-22d2-4f53-8819-797ffffdadae task_id=none get_next_task request_start=501875442 connect_end=501875443 send_end=501875443 receive_end=501875447 connect_duration_ms=1 send_duration_ms=0 receive_duration_ms=3 total_duration_ms=4
[2026-02-02 22:50:33.346] [info] [spider.worker] [TIMING] worker_id=3eec1144-22d2-4f53-8819-797ffffdadae task_id=none get_next_task request_start=501875550 connect_end=501875551 send_end=501875551 receive_end=501875554 connect_duration_ms=1 send_duration_ms=0 receive_duration_ms=3 total_duration_ms=4
[2026-02-02 22:50:33.454] [info] [spider.worker] [TIMING] worker_id=3eec1144-22d2-4f53-8819-797ffffdadae task_id=none get_next_task request_start=501875658 connect_end=501875659 send_end=501875659 receive_end=501875662 connect_duration_ms=1 send_duration_ms=0 receive_duration_ms=3 total_duration_ms=4
[2026-02-02 22:50:33.562] [info] [spider.worker] [TIMING] worker_id=3eec1144-22d2-4f53-8819-797ffffdadae task_id=none get_next_task request_start=501875765 connect_end=501875767 send_end=501875767 receive_end=501875770 connect_duration_ms=1 send_duration_ms=0 receive_duration_ms=3 total_duration_ms=4
[2026-02-02 22:50:33.670] [info] [spider.worker] [TIMING] worker_id=3eec1144-22d2-4f53-8819-797ffffdadae task_id=none get_next_task request_start=501875873 connect_end=501875875 send_end=501875875 receive_end=501875878 connect_duration_ms=1 send_duration_ms=0 receive_duration_ms=3 total_duration_ms=5
[2026-02-02 22:50:33.778] [info] [spider.worker] [TIMING] worker_id=3eec1144-22d2-4f53-8819-797ffffdadae task_id=none get_next_task request_start=501875982 connect_end=501875983 send_end=501875983 receive_end=501875987 connect_duration_ms=1 send_duration_ms=0 receive_duration_ms=3 total_duration_ms=4
[2026-02-02 22:50:33.887] [info] [spider.worker] [TIMING] worker_id=3eec1144-22d2-4f53-8819-797ffffdadae task_id=none get_next_task request_start=501876090 connect_end=501876091 send_end=501876091 receive_end=501876095 connect_duration_ms=1 send_duration_ms=0 receive_duration_ms=3 total_duration_ms=5
[2026-02-02 22:50:33.995] [info] [spider.worker] [TIMING] worker_id=3eec1144-22d2-4f53-8819-797ffffdadae task_id=none get_next_task request_start=501876198 connect_end=501876199 send_end=501876199 receive_end=501876203 connect_duration_ms=1 send_duration_ms=0 receive_duration_ms=4 total_duration_ms=5
[2026-02-02 22:50:34.103] [info] [spider.worker] [TIMING] worker_id=3eec1144-22d2-4f53-8819-797ffffdadae task_id=none get_next_task request_start=501876306 connect_end=501876308 send_end=501876308 receive_end=501876312 connect_duration_ms=1 send_duration_ms=0 receive_duration_ms=3 total_duration_ms=5
[2026-02-02 22:50:34.212] [info] [spider.worker] [TIMING] worker_id=3eec1144-22d2-4f53-8819-797ffffdadae task_id=none get_next_task request_start=501876415 connect_end=501876417 send_end=501876417 receive_end=501876421 connect_duration_ms=1 send_duration_ms=0 receive_duration_ms=3 total_duration_ms=5
[2026-02-02 22:50:34.320] [info] [spider.worker] [TIMING] worker_id=3eec1144-22d2-4f53-8819-797ffffdadae task_id=none get_next_task request_start=501876523 connect_end=501876525 send_end=501876525 receive_end=501876528 connect_duration_ms=1 send_duration_ms=0 receive_duration_ms=3 total_duration_ms=5
[2026-02-02 22:50:34.428] [info] [spider.worker] [TIMING] worker_id=3eec1144-22d2-4f53-8819-797ffffdadae task_id=none get_next_task request_start=501876632 connect_end=501876633 send_end=501876633 receive_end=501876636 connect_duration_ms=1 send_duration_ms=0 receive_duration_ms=3 total_duration_ms=4
[2026-02-02 22:50:34.536] [info] [spider.worker] [TIMING] worker_id=3eec1144-22d2-4f53-8819-797ffffdadae task_id=none get_next_task request_start=501876739 connect_end=501876740 send_end=501876741 receive_end=501876744 connect_duration_ms=1 send_duration_ms=0 receive_duration_ms=3 total_duration_ms=5
[2026-02-02 22:50:34.643] [info] [spider.worker] [TIMING] worker_id=3eec1144-22d2-4f53-8819-797ffffdadae task_id=none get_next_task request_start=501876848 connect_end=501876849 send_end=501876849 receive_end=501876851 connect_duration_ms=1 send_duration_ms=0 receive_duration_ms=2 total_duration_ms=3
[2026-02-02 22:50:34.751] [info] [spider.worker] [TIMING] worker_id=3eec1144-22d2-4f53-8819-797ffffdadae task_id=none get_next_task request_start=501876954 connect_end=501876955 send_end=501876955 receive_end=501876959 connect_duration_ms=1 send_duration_ms=0 receive_duration_ms=3 total_duration_ms=4
[2026-02-02 22:50:34.860] [info] [spider.worker] [TIMING] worker_id=3eec1144-22d2-4f53-8819-797ffffdadae task_id=none get_next_task request_start=501877063 connect_end=501877065 send_end=501877065 receive_end=501877068 connect_duration_ms=2 send_duration_ms=0 receive_duration_ms=3 total_duration_ms=5
[2026-02-02 22:50:34.969] [info] [spider.worker] [TIMING] worker_id=3eec1144-22d2-4f53-8819-797ffffdadae task_id=none get_next_task request_start=501877172 connect_end=501877174 send_end=501877174 receive_end=501877177 connect_duration_ms=1 send_duration_ms=0 receive_duration_ms=3 total_duration_ms=5
[2026-02-02 22:50:35.077] [info] [spider.worker] [TIMING] worker_id=3eec1144-22d2-4f53-8819-797ffffdadae task_id=none get_next_task request_start=501877281 connect_end=501877282 send_end=501877282 receive_end=501877286 connect_duration_ms=1 send_duration_ms=0 receive_duration_ms=3 total_duration_ms=4
[2026-02-02 22:50:35.185] [info] [spider.worker] [TIMING] worker_id=3eec1144-22d2-4f53-8819-797ffffdadae task_id=none get_next_task request_start=501877388 connect_end=501877390 send_end=501877390 receive_end=501877393 connect_duration_ms=1 send_duration_ms=0 receive_duration_ms=3 total_duration_ms=4
[2026-02-02 22:50:35.293] [info] [spider.worker] [TIMING] worker_id=3eec1144-22d2-4f53-8819-797ffffdadae task_id=none get_next_task request_start=501877496 connect_end=501877498 send_end=501877498 receive_end=501877501 connect_duration_ms=1 send_duration_ms=0 receive_duration_ms=3 total_duration_ms=4
[2026-02-02 22:50:35.401] [info] [spider.worker] [TIMING] worker_id=3eec1144-22d2-4f53-8819-797ffffdadae task_id=none get_next_task request_start=501877605 connect_end=501877606 send_end=501877606 receive_end=501877610 connect_duration_ms=1 send_duration_ms=0 receive_duration_ms=3 total_duration_ms=5
[2026-02-02 22:50:35.510] [info] [spider.worker] [TIMING] worker_id=3eec1144-22d2-4f53-8819-797ffffdadae task_id=none get_next_task request_start=501877713 connect_end=501877715 send_end=501877715 receive_end=501877719 connect_duration_ms=1 send_duration_ms=0 receive_duration_ms=3 total_duration_ms=5
[2026-02-02 22:50:35.618] [info] [spider.worker] [TIMING] worker_id=3eec1144-22d2-4f53-8819-797ffffdadae task_id=none get_next_task request_start=501877822 connect_end=501877823 send_end=501877823 receive_end=501877827 connect_duration_ms=1 send_duration_ms=0 receive_duration_ms=3 total_duration_ms=4
[2026-02-02 22:50:35.727] [info] [spider.worker] [TIMING] worker_id=3eec1144-22d2-4f53-8819-797ffffdadae task_id=none get_next_task request_start=501877930 connect_end=501877931 send_end=501877931 receive_end=501877935 connect_duration_ms=1 send_duration_ms=0 receive_duration_ms=3 total_duration_ms=4
[2026-02-02 22:50:35.835] [info] [spider.worker] [TIMING] worker_id=3eec1144-22d2-4f53-8819-797ffffdadae task_id=none get_next_task request_start=501878038 connect_end=501878039 send_end=501878039 receive_end=501878043 connect_duration_ms=1 send_duration_ms=0 receive_duration_ms=3 total_duration_ms=4
[2026-02-02 22:50:35.943] [info] [spider.worker] [TIMING] worker_id=3eec1144-22d2-4f53-8819-797ffffdadae task_id=none get_next_task request_start=501878146 connect_end=501878147 send_end=501878148 receive_end=501878151 connect_duration_ms=1 send_duration_ms=0 receive_duration_ms=3 total_duration_ms=4
[2026-02-02 22:50:36.051] [info] [spider.worker] [TIMING] worker_id=3eec1144-22d2-4f53-8819-797ffffdadae task_id=none get_next_task request_start=501878255 connect_end=501878256 send_end=501878256 receive_end=501878259 connect_duration_ms=1 send_duration_ms=0 receive_duration_ms=3 total_duration_ms=4
[2026-02-02 22:50:36.158] [info] [spider.worker] [TIMING] worker_id=3eec1144-22d2-4f53-8819-797ffffdadae task_id=none get_next_task request_start=501878362 connect_