[2026-02-03 01:10:37.182] [warning] [spider.worker] Prefer using `SPIDER_STORAGE_URL` environment variable over `--storage_url` argument.
[2026-02-03 01:10:37.389] [info] [spider.worker] [TIMING] worker_id=27babf96-41ca-4466-a031-22a7dca58492 task_id=none get_next_task request_start=510279567 connect_end=510279569 send_end=510279569 receive_end=510279597 connect_duration_ms=1 send_duration_ms=0 receive_duration_ms=28 total_duration_ms=30
[2026-02-03 01:10:37.501] [info] [spider.worker] [TIMING] worker_id=27babf96-41ca-4466-a031-22a7dca58492 task_id=none get_next_task request_start=510279699 connect_end=510279700 send_end=510279700 receive_end=510279709 connect_duration_ms=0 send_duration_ms=0 receive_duration_ms=9 total_duration_ms=10
[2026-02-03 01:10:37.609] [info] [spider.worker] [TIMING] worker_id=27babf96-41ca-4466-a031-22a7dca58492 task_id=none get_next_task request_start=510279811 connect_end=510279813 send_end=510279813 receive_end=510279818 connect_duration_ms=1 send_duration_ms=0 receive_duration_ms=4 total_duration_ms=6
[2026-02-03 01:10:37.717] [info] [spider.worker] [TIMING] worker_id=27babf96-41ca-4466-a031-22a7dca58492 task_id=none get_next_task request_start=510279920 connect_end=510279921 send_end=510279921 receive_end=510279926 connect_duration_ms=1 send_duration_ms=0 receive_duration_ms=4 total_duration_ms=6
[2026-02-03 01:10:37.835] [info] [spider.worker] [TIMING] worker_id=27babf96-41ca-4466-a031-22a7dca58492 task_id=none get_next_task request_start=510280028 connect_end=510280029 send_end=510280029 receive_end=510280043 connect_duration_ms=1 send_duration_ms=0 receive_duration_ms=13 total_duration_ms=14
[2026-02-03 01:10:37.948] [info] [spider.worker] [TIMING] worker_id=27babf96-41ca-4466-a031-22a7dca58492 task_id=none get_next_task request_start=510280145 connect_end=510280146 send_end=510280146 receive_end=510280156 connect_duration_ms=1 send_duration_ms=0 receive_duration_ms=9 total_duration_ms=11
[2026-02-03 01:10:38.054] [info] [spider.worker] [TIMING] worker_id=27babf96-41ca-4466-a031-22a7dca58492 task_id=none get_next_task request_start=510280258 connect_end=510280259 send_end=510280259 receive_end=510280262 connect_duration_ms=1 send_duration_ms=0 receive_duration_ms=3 total_duration_ms=4
[2026-02-03 01:10:38.160] [info] [spider.worker] [TIMING] worker_id=27babf96-41ca-4466-a031-22a7dca58492 task_id=none get_next_task request_start=510280364 connect_end=510280366 send_end=510280366 receive_end=510280368 connect_duration_ms=1 send_duration_ms=0 receive_duration_ms=1 total_duration_ms=3
[2026-02-03 01:10:38.269] [info] [spider.worker] [TIMING] worker_id=27babf96-41ca-4466-a031-22a7dca58492 task_id=none get_next_task request_start=510280469 connect_end=510280470 send_end=510280470 receive_end=510280477 connect_duration_ms=1 send_duration_ms=0 receive_duration_ms=6 total_duration_ms=7
[2026-02-03 01:10:38.375] [info] [spider.worker] [TIMING] worker_id=27babf96-41ca-4466-a031-22a7dca58492 task_id=none get_next_task request_start=510280579 connect_end=510280580 send_end=510280580 receive_end=510280584 connect_duration_ms=1 send_duration_ms=0 receive_duration_ms=3 total_duration_ms=5
[2026-02-03 01:10:38.493] [info] [spider.worker] [TIMING] worker_id=27babf96-41ca-4466-a031-22a7dca58492 task_id=none get_next_task request_start=510280685 connect_end=510280686 send_end=510280686 receive_end=510280701 connect_duration_ms=0 send_duration_ms=0 receive_duration_ms=15 total_duration_ms=16
[2026-02-03 01:10:38.597] [info] [spider.worker] [TIMING] worker_id=27babf96-41ca-4466-a031-22a7dca58492 task_id=none get_next_task request_start=510280803 connect_end=510280804 send_end=510280804 receive_end=510280806 connect_duration_ms=1 send_duration_ms=0 receive_duration_ms=1 total_duration_ms=2
[2026-02-03 01:10:38.706] [info] [spider.worker] [TIMING] worker_id=27babf96-41ca-4466-a031-22a7dca58492 task_id=none get_next_task request_start=510280908 connect_end=510280909 send_end=510280909 receive_end=510280914 connect_duration_ms=1 send_duration_ms=0 receive_duration_ms=5 total_duration_ms=6
[2026-02-03 01:10:38.817] [info] [spider.worker] [TIMING] worker_id=27babf96-41ca-4466-a031-22a7dca58492 task_id=none get_next_task request_start=510281017 connect_end=510281018 send_end=510281018 receive_end=510281026 connect_duration_ms=1 send_duration_ms=0 receive_duration_ms=7 total_duration_ms=9
[2026-02-03 01:10:38.927] [info] [spider.worker] [TIMING] worker_id=27babf96-41ca-4466-a031-22a7dca58492 task_id=none get_next_task request_start=510281128 connect_end=510281129 send_end=510281129 receive_end=510281136 connect_duration_ms=1 send_duration_ms=0 receive_duration_ms=6 total_duration_ms=7
[2026-02-03 01:10:39.036] [info] [spider.worker] [TIMING] worker_id=27babf96-41ca-4466-a031-22a7dca58492 task_id=none get_next_task request_start=510281238 connect_end=510281240 send_end=510281240 receive_end=510281245 connect_duration_ms=1 send_duration_ms=0 receive_duration_ms=4 total_duration_ms=6
[2026-02-03 01:10:39.145] [info] [spider.worker] [TIMING] worker_id=27babf96-41ca-4466-a031-22a7dca58492 task_id=none get_next_task request_start=510281347 connect_end=510281349 send_end=510281349 receive_end=510281354 connect_duration_ms=1 send_duration_ms=0 receive_duration_ms=4 total_duration_ms=6
[2026-02-03 01:10:39.256] [info] [spider.worker] [TIMING] worker_id=27babf96-41ca-4466-a031-22a7dca58492 task_id=none get_next_task request_start=510281457 connect_end=510281459 send_end=510281459 receive_end=510281464 connect_duration_ms=1 send_duration_ms=0 receive_duration_ms=5 total_duration_ms=7
[2026-02-03 01:10:39.380] [info] [spider.worker] [TIMING] worker_id=27babf96-41ca-4466-a031-22a7dca58492 task_id=none get_next_task request_start=510281584 connect_end=510281585 send_end=510281585 receive_end=510281588 connect_duration_ms=1 send_duration_ms=0 receive_duration_ms=2 total_duration_ms=4
[2026-02-03 01:10:39.484] [info] [spider.worker] [TIMING] worker_id=27babf96-41ca-4466-a031-22a7dca58492 task_id=none get_next_task request_start=510281690 connect_end=510281691 send_end=510281691 receive_end=510281693 connect_duration_ms=0 send_duration_ms=0 receive_duration_ms=1 total_duration_ms=2
[2026-02-03 01:10:39.589] [info] [spider.worker] [TIMING] worker_id=27babf96-41ca-4466-a031-22a7dca58492 task_id=none get_next_task request_start=510281794 connect_end=510281795 send_end=510281795 receive_end=510281797 connect_duration_ms=0 send_duration_ms=0 receive_duration_ms=2 total_duration_ms=2
[2026-02-03 01:10:39.696] [info] [spider.worker] [TIMING] worker_id=27babf96-41ca-4466-a031-22a7dca58492 task_id=none get_next_task request_start=510281899 connect_end=510281901 send_end=510281901 receive_end=510281904 connect_duration_ms=1 send_duration_ms=0 receive_duration_ms=3 total_duration_ms=4
[2026-02-03 01:10:39.803] [info] [spider.worker] [TIMING] worker_id=27babf96-41ca-4466-a031-22a7dca58492 task_id=none get_next_task request_start=510282006 connect_end=510282008 send_end=510282008 receive_end=510282011 connect_duration_ms=1 send_duration_ms=0 receive_duration_ms=3 total_duration_ms=5
[2026-02-03 01:10:39.911] [info] [spider.worker] [TIMING] worker_id=27babf96-41ca-4466-a031-22a7dca58492 task_id=none get_next_task request_start=510282114 connect_end=510282116 send_end=510282116 receive_end=510282120 connect_duration_ms=1 send_duration_ms=0 receive_duration_ms=3 total_duration_ms=5
[2026-02-03 01:10:40.015] [info] [spider.worker] [TIMING] worker_id=27babf96-41ca-4466-a031-22a7dca58492 task_id=none get_next_task request_start=510282221 connect_end=510282222 send_end=510282222 receive_end=510282224 connect_duration_ms=0 send_duration_ms=0 receive_duration_ms=1 total_duration_ms=2
[2026-02-03 01:10:40.120] [info] [spider.worker] [TIMING] worker_id=27babf96-41ca-4466-a031-22a7dca58492 task_id=none get_next_task request_start=510282325 connect_end=510282326 send_end=510282326 receive_end=510282328 connect_duration_ms=0 send_duration_ms=0 receive_duration_ms=1 total_duration_ms=2
[2026-02-03 01:10:40.224] [info] [spider.worker] [TIMING] worker_id=27babf96-41ca-4466-a031-22a7dca58492 task_id=none get_next_task request_start=510282429 connect_end=510282430 send_end=510282430 receive_end=510282432 connect_duration_ms=1 send_duration_ms=0 receive_duration_ms=1 total_duration_ms=2
[2026-02-03 01:10:40.328] [info] [spider.worker] [TIMING] worker_id=27babf96-41ca-4466-a031-22a7dca58492 task_id=none get_next_task request_start=510282533 connect_end=510282534 send_end=510282534 receive_end=510282536 connect_duration_ms=0 send_duration_ms=0 receive_duration_ms=1 total_duration_ms=2
[2026-02-03 01:10:40.432] [info] [spider.worker] [TIMING] worker_id=27babf96-41ca-4466-a031-22a7dca58492 task_id=none get_next_task request_start=510282638 connect_end=510282639 send_end=510282639 receive_end=510282640 connect_duration_ms=0 send_duration_ms=0 receive_duration_ms=1 total_duration_ms=2
[2026-02-03 01:10:40.537] [info] [spider.worker] [TIMING] worker_id=27babf96-41ca-4466-a031-22a7dca58492 task_id=none get_next_task request_start=510282742 connect_end=510282744 send_end=510282744 receive_end=510282745 connect_duration_ms=1 send_duration_ms=0 receive_duration_ms=1 total_duration_ms=3
[2026-02-03 01:10:40.646] [info] [spider.worker] [TIMING] worker_id=27babf96-41ca-4466-a031-22a7dca58492 task_id=none get_next_task request_start=510282847 connect_end=510282849 send_end=510282849 receive_end=510282854 connect_duration_ms=1 send_duration_ms=0 receive_duration_ms=5 total_duration_ms=7
[2026-02-03 01:10:40.753] [info] [spider.worker] [TIMING] worker_id=27babf96-41ca-4466-a031-22a7dca58492 task_id=none get_next_task request_start=510282956 connect_end=510282958 send_end=510282958 receive_end=510282962 connect_duration_ms=1 send_duration_ms=0 receive_duration_ms=4 total_duration_ms=5
[2026-02-03 01:10:40.860] [info] [spider.worker] [TIMING] worker_id=27babf96-41ca-4466-a031-22a7dca58492 task_id=none get_next_task request_start=510283064 connect_end=510283065 send_end=510283065 receive_end=510283068 connect_duration_ms=1 send_duration_ms=0 receive_duration_ms=3 total_duration_ms=4
[2026-02-03 01:10:40.970] [info] [spider.worker] [TIMING] worker_id=27babf96-41ca-4466-a031-22a7dca58492 task_id=none get_next_task request_start=510283170 connect_end=510283172 send_end=510283172 receive_end=510283178 connect_duration_ms=1 send_duration_ms=0 receive_duration_ms=6 total_duration_ms=7
[2026-02-03 01:10:41.079] [info] [spider.worker] [TIMING] worker_id=27babf96-41ca-4466-a031-22a7dca58492 task_id=none get_next_task request_start=510283281 connect_end=510283282 send_end=510283282 receive_end=510283287 connect_duration_ms=1 send_duration_ms=0 receive_duration_ms=4 total_duration_ms=6
[2026-02-03 01:10:41.186] [info] [spider.worker] [TIMING] worker_id=27babf96-41ca-4466-a031-22a7dca58492 task_id=none get_next_task request_start=510283389 connect_end=510283390 send_end=510283390 receive_end=510283394 connect_duration_ms=1 send_duration_ms=0 receive_duration_ms=3 total_duration_ms=5
[2026-02-03 01:10:41.294] [info] [spider.worker] [TIMING] worker_id=27babf96-41ca-4466-a031-22a7dca58492 task_id=none get_next_task request_start=510283496 connect_end=510283498 send_end=510283498 receive_end=510283503 connect_duration_ms=1 send_duration_ms=0 receive_duration_ms=5 total_duration_ms=6
[2026-02-03 01:10:41.420] [info] [spider.worker] [TIMING] worker_id=27babf96-41ca-4466-a031-22a7dca58492 task_id=none get_next_task request_start=510283605 connect_end=510283606 send_end=510283606 receive_end=510283629 connect_duration_ms=1 send_duration_ms=0 receive_duration_ms=22 total_duration_ms=23
[2026-02-03 01:10:41.529] [info] [spider.worker] [TIMING] worker_id=27babf96-41ca-4466-a031-22a7dca58492 task_id=none get_next_task request_start=510283731 connect_end=510283732 send_end=510283732 receive_end=510283737 connect_duration_ms=1 send_duration_ms=0 receive_duration_ms=5 total_duration_ms=6
[2026-02-03 01:10:41.638] [info] [spider.worker] [TIMING] worker_id=27babf96-41ca-4466-a031-22a7dca58492 task_id=none get_next_task request_start=510283840 connect_end=510283842 send_end=510283842 receive_end=510283846 connect_duration_ms=1 send_duration_ms=0 receive_duration_ms=4 total_duration_ms=6
[2026-02-03 01:10:41.749] [info] [spider.worker] [TIMING] worker_id=27babf96-41ca-4466-a031-22a7dca58492 task_id=none get_next_task request_start=510283949 connect_end=510283950 send_end=510283950 receive_end=510283957 connect_duration_ms=1 send_duration_ms=0 receive_duration_ms=6 total_duration_ms=8
[2026-02-03 01:10:41.857] [info] [spider.worker] [TIMING] worker_id=27babf96-41ca-4466-a031-22a7dca58492 task_id=none get_next_task request_start=510284059 connect_end=510284061 send_end=510284061 receive_end=510284065 connect_duration_ms=1 send_duration_ms=0 receive_duration_ms=4 total_duration_ms=5
[2026-02-03 01:10:41.964] [info] [spider.worker] [TIMING] worker_id=27babf96-41ca-4466-a031-22a7dca58492 task_id=none get_next_task request_start=510284167 connect_end=510284169 send_end=510284169 receive_end=510284172 connect_duration_ms=1 send_duration_ms=0 receive_duration_ms=3 total_duration_ms=4
[2026-02-03 01:10:42.072] [info] [spider.worker] [TIMING] worker_id=27babf96-41ca-4466-a031-22a7dca58492 task_id=none get_next_task request_start=510284275 connect_end=510284276 send_end=510284276 receive_end=510284281 connect_duration_ms=1 send_duration_ms=0 receive_duration_ms=4 total_duration_ms=6
[2026-02-03 01:10:42.180] [info] [spider.worker] [TIMING] worker_id=27babf96-41ca-4466-a031-22a7dca58492 task_id=none get_next_task request_start=510284383 connect_end=510284385 send_end=510284385 receive_end=510284388 connect_duration_ms=1 send_duration_ms=0 receive_duration_ms=3 total_duration_ms=4
[2026-02-03 01:10:42.288] [info] [spider.worker] [TIMING] worker_id=27babf96-41ca-4466-a031-22a7dca58492 task_id=none get_next_task request_start=510284491 connect_end=510284493 send_end=510284493 receive_end=510284496 connect_duration_ms=1 send_duration_ms=0 receive_duration_ms=3 total_duration_ms=5
[2026-02-03 01:10:42.396] [info] [spider.worker] [TIMING] worker_id=27babf96-41ca-4466-a031-22a7dca58492 task_id=none get_next_task request_start=510284599 connect_end=510284600 send_end=510284600 receive_end=510284605 connect_duration_ms=1 send_duration_ms=0 receive_duration_ms=4 total_duration_ms=6
[2026-02-03 01:10:42.505] [info] [spider.worker] [TIMING] worker_id=27babf96-41ca-4466-a031-22a7dca58492 task_id=none get_next_task request_start=510284707 connect_end=510284709 send_end=510284709 receive_end=510284714 connect_duration_ms=1 send_duration_ms=0 receive_duration_ms=4 total_duration_ms=6
[2026-02-03 01:10:42.614] [info] [spider.worker] [TIMING] worker_id=27babf96-41ca-4466-a031-22a7dca58492 task_id=none get_next_task request_start=510284816 connect_end=510284818 send_end=510284818 receive_end=510284823 connect_duration_ms=1 send_duration_ms=0 receive_duration_ms=4 total_duration_ms=6
[2026-02-03 01:10:42.722] [info] [spider.worker] [TIMING] worker_id=27babf96-41ca-4466-a031-22a7dca58492 task_id=none get_next_task request_start=510284925 connect_end=510284927 send_end=510284927 receive_end=510284931 connect_duration_ms=1 send_duration_ms=0 receive_duration_ms=4 total_duration_ms=5
[2026-02-03 01:10:42.830] [info] [spider.worker] [TIMING] worker_id=27babf96-41ca-4466-a031-22a7dca58492 task_id=none get_next_task request_start=510285033 connect_end=510285035 send_end=510285035 receive_end=510285038 connect_duration_ms=1 send_duration_ms=0 receive_duration_ms=3 total_duration_ms=5
[2026-02-03 01:10:42.935] [info] [spider.worker] [TIMING] worker_id=27babf96-41ca-4466-a031-22a7dca58492 task_id=none get_next_task request_start=510285140 connect_end=510285141 send_end=510285141 receive_end=510285143 connect_duration_ms=1 send_duration_ms=0 receive_duration_ms=1 total_duration_ms=2
[2026-02-03 01:10:43.039] [info] [spider.worker] [TIMING] worker_id=27babf96-41ca-4466-a031-22a7dca58492 task_id=none get_next_task request_start=510285245 connect_end=510285246 send_end=510285246 receive_end=510285248 connect_duration_ms=1 send_duration_ms=0 receive_duration_ms=2 total_duration_ms=3
[2026-02-03 01:10:43.143] [info] [spider.worker] [TIMING] worker_id=27babf96-41ca-4466-a031-22a7dca58492 task_id=none get_next_task request_start=510285349 connect_end=510285350 send_end=510285350 receive_end=510285352 connect_duration_ms=0 send_duration_ms=0 receive_duration_ms=1 total_duration_ms=2
[2026-02-03 01:10:43.249] [info] [spider.worker] [TIMING] worker_id=27babf96-41ca-4466-a031-22a7dca58492 task_id=none get_next_task request_start=510285453 connect_end=510285454 send_end=510285454 receive_end=510285458 connect_duration_ms=1 send_duration_ms=0 receive_duration_ms=3 total_duration_ms=4
[2026-02-03 01:10:43.356] [info] [spider.worker] [TIMING] worker_id=27babf96-41ca-4466-a031-22a7dca58492 task_id=none get_next_task request_start=510285560 connect_end=510285561 send_end=510285561 receive_end=510285564 connect_duration_ms=1 send_duration_ms=0 receive_duration_ms=2 total_duration_ms=4
[2026-02-03 01:10:43.464] [info] [spider.worker] [TIMING] worker_id=27babf96-41ca-4466-a031-22a7dca58492 task_id=none get_next_task request_start=510285666 connect_end=510285667 send_end=510285667 receive_end=510285673 connect_duration_ms=1 send_duration_ms=0 receive_duration_ms=5 total_duration_ms=6
[2026-02-03 01:10:43.591] [info] [spider.worker] [TIMING] worker_id=27babf96-41ca-4466-a031-22a7dca58492 task_id=none get_next_task request_start=510285774 connect_end=510285776 send_end=510285776 receive_end=510285799 connect_duration_ms=1 send_duration_ms=0 receive_duration_ms=23 total_duration_ms=24
[2026-02-03 01:10:43.695] [info] [spider.worker] [TIMING] worker_id=27babf96-41ca-4466-a031-22a7dca58492 task_id=none get_next_task request_start=510285901 connect_end=510285902 send_end=510285902 receive_end=510285903 connect_duration_ms=0 send_duration_ms=0 receive_duration_ms=1 total_duration_ms=2
[2026-02-03 01:10:43.800] [info] [spider.worker] [TIMING] worker_id=27babf96-41ca-4466-a031-22a7dca58492 task_id=none get_next_task request_start=510286005 connect_end=510286006 send_end=510286006 receive_end=510286008 connect_duration_ms=1 send_duration_ms=0 receive_duration_ms=1 total_duration_ms=3
[2026-02-03 01:10:43.906] [info] [spider.worker] [TIMING] worker_id=27babf96-41ca-4466-a031-22a7dca58492 task_id=none get_next_task request_start=510286110 connect_end=510286111 send_end=510286111 receive_end=510286115 connect_duration_ms=1 send_duration_ms=0 receive_duration_ms=3 total_duration_ms=4
[2026-02-03 01:10:44.012] [info] [spider.worker] [TIMING] worker_id=27babf96-41ca-4466-a031-22a7dca58492 task_id=none get_next_task request_start=510286216 connect_end=510286218 send_end=510286218 receive_end=510286221 connect_duration_ms=1 send_duration_ms=0 receive_duration_ms=2 total_duration_ms=4
[2026-02-03 01:10:44.121] [info] [spider.worker] [TIMING] worker_id=27babf96-41ca-4466-a031-22a7dca58492 task_id=none get_next_task request_start=510286323 connect_end=510286324 send_end=510286324 receive_end=510286329 connect_duration_ms=1 send_duration_ms=0 receive_duration_ms=4 total_duration_ms=6
[2026-02-03 01:10:44.226] [info] [spider.worker] [TIMING] worker_id=27babf96-41ca-4466-a031-22a7dca58492 task_id=none get_next_task request_start=510286431 connect_end=510286433 send_end=510286433 receive_end=510286435 connect_duration_ms=1 send_duration_ms=0 receive_duration_ms=2 total_duration_ms=3
[2026-02-03 01:10:44.336] [info] [spider.worker] [TIMING] worker_id=27babf96-41ca-4466-a031-22a7dca58492 task_id=none get_next_task request_start=510286537 connect_end=510286538 send_end=510286538 receive_end=510286544 connect_duration_ms=1 send_duration_ms=0 receive_duration_ms=5 total_duration_ms=7
[2026-02-03 01:10:44.444] [info] [spider.worker] [TIMING] worker_id=27babf96-41ca-4466-a031-22a7dca58492 task_id=none get_next_task request_start=510286646 connect_end=510286648 send_end=510286648 receive_end=510286652 connect_duration_ms=1 send_duration_ms=0 receive_duration_ms=4 total_duration_ms=5
[2026-02-03 01:10:44.556] [info] [spider.worker] [TIMING] worker_id=27babf96-41ca-4466-a031-22a7dca58492 task_id=none get_next_task request_start=510286754 connect_end=510286756 send_end=510286756 receive_end=510286764 connect_duration_ms=1 send_duration_ms=0 receive_duration_ms=8 total_duration_ms=10
[2026-02-03 01:10:44.661] [info] [spider.worker] [TIMING] worker_id=27babf96-41ca-4466-a031-22a7dca58492 task_id=none get_next_task request_start=510286866 connect_end=510286867 send_end=510286867 receive_end=510286869 connect_duration_ms=1 send_duration_ms=0 receive_duration_ms=2 total_duration_ms=3
[2026-02-03 01:10:44.772] [info] [spider.worker] [TIMING] worker_id=27babf96-41ca-4466-a031-22a7dca58492 task_id=none get_next_task request_start=510286971 connect_end=510286972 send_end=510286972 receive_end=510286980 connect_duration_ms=1 send_duration_ms=0 receive_duration_ms=8 total_duration_ms=9
[2026-02-03 01:10:44.917] [info] [spider.worker] [TIMING] worker_id=27babf96-41ca-4466-a031-22a7dca58492 task_id=none get_next_task request_start=510287099 connect_end=510287100 send_end=510287100 receive_end=510287125 connect_duration_ms=1 send_duration_ms=0 receive_duration_ms=24 total_duration_ms=26
[2026-02-03 01:10:45.025] [info] [spider.worker] [TIMING] worker_id=27babf96-41ca-4466-a031-22a7dca58492 task_id=none get_next_task request_start=510287228 connect_end=510287230 send_end=510287230 receive_end=510287233 connect_duration_ms=1 send_duration_ms=0 receive_duration_ms=3 total_duration_ms=5
[2026-02-03 01:10:45.134] [info] [spider.worker] [TIMING] worker_id=27babf96-41ca-4466-a031-22a7dca58492 task_id=none get_next_task request_start=510287336 connect_end=510287338 send_end=510287338 receive_end=510287342 connect_duration_ms=1 send_duration_ms=0 receive_duration_ms=3 total_duration_ms=5
[2026-02-03 01:10:45.240] [info] [spider.worker] [TIMING] worker_id=27babf96-41ca-4466-a031-22a7dca58492 task_id=none get_next_task request_start=510287444 connect_end=510287446 send_end=510287446 receive_end=510287448 connect_duration_ms=1 send_duration_ms=0 receive_duration_ms=2 total_duration_ms=3
[2026-02-03 01:10:45.344] [info] [spider.worker] [TIMING] worker_id=27babf96-41ca-4466-a031-22a7dca58492 task_id=none get_next_task request_start=510287550 connect_end=510287551 send_end=510287551 receive_end=510287552 connect_duration_ms=0 send_duration_ms=0 receive_duration_ms=1 total_duration_ms=2
[2026-02-03 01:10:45.448] [info] [spider.worker] [TIMING] worker_id=27babf96-41ca-4466-a031-22a7dca58492 task_id=none get_next_task request_start=510287654 connect_end=510287655 send_end=510287655 receive_end=510287657 connect_duration_ms=0 send_duration_ms=0 receive_duration_ms=2 total_duration_ms=2
[2026-02-03 01:10:45.574] [info] [spider.worker] [TIMING] worker_id=27babf96-41ca-4466-a031-22a7dca58492 task_id=none get_next_task request_start=510287759 connect_end=510287760 send_end=510287760 receive_end=510287782 connect_duration_ms=1 send_duration_ms=0 receive_duration_ms=21 total_duration_ms=23
[2026-02-03 01:10:45.681] [info] [spider.worker] [TIMING] worker_id=27babf96-41ca-4466-a031-22a7dca58492 task_id=none get_next_task request_start=510287884 connect_end=510287885 send_end=510287885 receive_end=510287889 connect_duration_ms=1 send_duration_ms=0 receive_duration_ms=3 total_duration_ms=4
[2026-02-03 01:10:45.792] [info] [spider.worker] [TIMING] worker_id=27babf96-41ca-4466-a031-22a7dca58492 task_id=none get_next_task request_start=510287991 connect_end=510287994 send_end=510287994 receive_end=510288000 connect_duration_ms=2 send_duration_ms=0 receive_duration_ms=6 total_duration_ms=8
[2026-02-03 01:10:45.902] [info] [spider.worker] [TIMING] worker_id=27babf96-41ca-4466-a031-22a7dca58492 task_id=none get_next_task request_start=510288102 connect_end=510288103 send_end=510288103 receive_end=510288110 connect_duration_ms=1 send_duration_ms=0 receive_duration_ms=6 total_duration_ms=8
[2026-02-03 01:10:46.012] [info] [spider.worker] [TIMING] worker_id=27babf96-41ca-4466-a031-22a7dca58492 task_id=none get_next_task request_start=510288212 connect_end=510288214 send_end=510288214 receive_end=510288221 connect_duration_ms=1 send_duration_ms=0 receive_duration_ms=6 total_duration_ms=8
[2026-02-03 01:10:46.120] [info] [spider.worker] [TIMING] worker_id=27babf96-41ca-4466-a031-22a7dca58492 task_id=none get_next_task request_start=510288323 connect_end=510288324 send_end=510288324 receive_end=510288329 connect_duration_ms=1 send_duration_ms=0 receive_duration_ms=4 total_duration_ms=5
[2026-02-03 01:10:46.228] [info] [spider.worker] [TIMING] worker_id=27babf96-41ca-4466-a031-22a7dca58492 task_id=none get_next_task request_start=510288431 connect_end=510288433 send_end=510288433 receive_end=510288436 connect_duration_ms=1 send_duration_ms=0 receive_duration_ms=3 total_duration_ms=5
[2026-02-03 01:10:46.336] [info] [spider.worker] [TIMING] worker_id=27babf96-41ca-4466-a031-22a7dca58492 task_id=none get_next_task request_start=510288538 connect_end=510288540 send_end=510288540 receive_end=510288545 connect_duration_ms=1 send_duration_ms=0 receive_duration_ms=4 total_duration_ms=6
[2026-02-03 01:10:46.445] [info] [spider.worker] [TIMING] worker_id=27babf96-41ca-4466-a031-22a7dca58492 task_id=none get_next_task request_start=510288647 connect_end=510288649 send_end=510288649 receive_end=510288653 connect_duration_ms=1 send_duration_ms=0 receive_duration_ms=4 total_duration_ms=5
[2026-02-03 01:10:46.674] [info] [spider.worker] [TIMING] worker_id=27babf96-41ca-4466-a031-22a7dca58492 task_id=none get_next_task request_start=510288758 connect_end=510288760 send_end=510288760 receive_end=510288882 connect_duration_ms=1 send_duration_ms=0 receive_duration_ms=122 total_duration_ms=124
[2026-02-03 01:10:46.793] [info] [spider.worker] [TIMING] worker_id=27babf96-41ca-4466-a031-22a7dca58492 task_id=none get_next_task request_start=510288985 connect_end=510288987 send_end=510288987 receive_end=510289001 connect_duration_ms=2 send_duration_ms=0 receive_duration_ms=13 total_duration_ms=15
[2026-02-03 01:10:46.944] [info] [spider.worker] [TIMING] worker_id=27babf96-41ca-4466-a031-22a7dca58492 task_id=none get_next_task request_start=510289103 connect_end=510289105 send_end=510289105 receive_end=510289152 connect_duration_ms=1 send_duration_ms=0 receive_duration_ms=47 total_duration_ms=49
[2026-02-03 01:10:47.062] [info] [spider.worker] [TIMING] worker_id=27babf96-41ca-4466-a031-22a7dca58492 task_id=none get_next_task request_start=510289255 connect_end=510289257 send_end=510289257 receive_end=510289271 connect_duration_ms=1 send_duration_ms=0 receive_duration_ms=13 total_duration_ms=15
[2026-02-03 01:10:47.202] [info] [spider.worker] [TIMING] worker_id=27babf96-41ca-4466-a031-22a7dca58492 task_id=none get_next_task request_start=510289373 connect_end=510289375 send_end=510289375 receive_end=510289410 connect_duration_ms=1 send_duration_ms=0 receive_duration_ms=35 total_duration_ms=36
[2026-02-03 01:10:47.463] [info] [spider.worker] [TIMING] worker_id=27babf96-41ca-4466-a031-22a7dca58492 task_id=58b276a2-9349-4864-b543-49dfc0aa56cf get_next_task request_start=510289513 connect_end=510289514 send_end=510289514 receive_end=510289606 connect_duration_ms=1 send_duration_ms=0 receive_duration_ms=91 total_duration_ms=93
[2026-02-03 01:10:47.467] [info] [spider.worker] [TIMING] task_id=58b276a2-9349-4864-b543-49dfc0aa56cf storage_connect_start=510289672 storage_connect_end=510289675 storage_connect_duration_ms=3 phase=pre_execution
[2026-02-03 01:10:47.468] [info] [spider.worker] [TIMING] task_id=58b276a2-9349-4864-b543-49dfc0aa56cf func=job_orchestration.executor.query.spider_search_task.search_without_channel fetch_input_start=510289675 fetch_input_end=510289677 fetch_input_duration_ms=1
[2026-02-03 01:10:47.469] [info] [spider.worker] [TIMING] task_id=58b276a2-9349-4864-b543-49dfc0aa56cf func=job_orchestration.executor.query.spider_search_task.search_without_channel input_send_start=510289677 input_send_end=510289677 input_send_duration_ms=0 bytes=612
[2026-02-03 01:10:47.469] [info] [spider.worker] [TIMING] task_id=58b276a2-9349-4864-b543-49dfc0aa56cf func=job_orchestration.executor.query.spider_search_task.search_without_channel spawn_start=510289677 spawn_end=510289677 spawn_duration_ms=0
[2026-02-03 01:10:49.090] [info] [spider.worker] [TIMING] task_id=58b276a2-9349-4864-b543-49dfc0aa56cf func=job_orchestration.executor.query.spider_search_task.search_without_channel execution_start=510289678 execution_end=510291299 execution_duration_ms=1620
[2026-02-03 01:10:49.091] [info] [spider.worker] [TIMING] task_id=58b276a2-9349-4864-b543-49dfc0aa56cf func=job_orchestration.executor.query.spider_search_task.search_without_channel storage_connect_start=510291299 storage_connect_end=510291300 storage_connect_duration_ms=1 phase=handle_result
[2026-02-03 01:10:49.099] [info] [spider.worker] [TIMING] task_id=58b276a2-9349-4864-b543-49dfc0aa56cf func=job_orchestration.executor.query.spider_search_task.search_without_channel submit_output_start=510291300 submit_output_end=510291307 submit_output_duration_ms=6
[2026-02-03 01:10:49.115] [info] [spider.worker] [TIMING] worker_id=27babf96-41ca-4466-a031-22a7dca58492 task_id=5ab975a2-7b92-4912-8ba0-c5bae7e3ac67 get_next_task request_start=510291309 connect_end=510291311 send_end=510291311 receive_end=510291311 connect_duration_ms=1 send_duration_ms=0 receive_duration_ms=0 total_duration_ms=1
[2026-02-03 01:10:49.117] [info] [spider.worker] [TIMING] task_id=5ab975a2-7b92-4912-8ba0-c5bae7e3ac67 storage_connect_start=510291324 storage_connect_end=510291326 storage_connect_duration_ms=1 phase=pre_execution
[2026-02-03 01:10:49.119] [info] [spider.worker] [TIMING] task_id=5ab975a2-7b92-4912-8ba0-c5bae7e3ac67 func=job_orchestration.executor.query.spider_search_task.search_without_channel fetch_input_start=510291326 fetch_input_end=510291327 fetch_input_duration_ms=1
[2026-02-03 01:10:49.119] [info] [spider.worker] [TIMING] task_id=5ab975a2-7b92-4912-8ba0-c5bae7e3ac67 func=job_orchestration.executor.query.spider_search_task.search_without_channel input_send_start=510291328 input_send_end=510291328 input_send_duration_ms=0 bytes=612
[2026-02-03 01:10:49.119] [info] [spider.worker] [TIMING] task_id=5ab975a2-7b92-4912-8ba0-c5bae7e3ac67 func=job_orchestration.executor.query.spider_search_task.search_without_channel spawn_start=510291327 spawn_end=510291328 spawn_duration_ms=0
[2026-02-03 01:10:50.817] [info] [spider.worker] [TIMING] task_id=5ab975a2-7b92-4912-8ba0-c5bae7e3ac67 func=job_orchestration.executor.query.spider_search_task.search_without_channel execution_start=510291328 execution_end=510293026 execution_duration_ms=1698
[2026-02-03 01:10:50.819] [info] [spider.worker] [TIMING] task_id=5ab975a2-7b92-4912-8ba0-c5bae7e3ac67 func=job_orchestration.executor.query.spider_search_task.search_without_channel storage_connect_start=510293026 storage_connect_end=510293028 storage_connect_duration_ms=1 phase=handle_result
[2026-02-03 01:10:50.832] [info] [spider.worker] [TIMING] task_id=5ab975a2-7b92-4912-8ba0-c5bae7e3ac67 func=job_orchestration.executor.query.spider_search_task.search_without_channel submit_output_start=510293028 submit_output_end=510293041 submit_output_duration_ms=12
[2026-02-03 01:10:50.849] [info] [spider.worker] [TIMING] worker_id=27babf96-41ca-4466-a031-22a7dca58492 task_id=36aeb012-be24-494b-91ac-5088bbe4fa96 get_next_task request_start=510293043 connect_end=510293044 send_end=510293045 receive_end=510293045 connect_duration_ms=1 send_duration_ms=0 receive_duration_ms=0 total_duration_ms=1
[2026-02-03 01:10:50.851] [info] [spider.worker] [TIMING] task_id=36aeb012-be24-494b-91ac-5088bbe4fa96 storage_connect_start=510293058 storage_connect_end=510293059 storage_connect_duration_ms=1 phase=pre_execution
[2026-02-03 01:10:50.852] [info] [spider.worker] [TIMING] task_id=36aeb012-be24-494b-91ac-5088bbe4fa96 func=job_orchestration.executor.query.spider_search_task.search_without_channel fetch_input_start=510293059 fetch_input_end=510293060 fetch_input_duration_ms=1
[2026-02-03 01:10:50.853] [info] [spider.worker] [TIMING] task_id=36aeb012-be24-494b-91ac-5088bbe4fa96 func=job_orchestration.executor.query.spider_search_task.search_without_channel input_send_start=510293061 input_send_end=510293061 input_send_duration_ms=0 bytes=612
[2026-02-03 01:10:50.853] [info] [spider.worker] [TIMING] task_id=36aeb012-be24-494b-91ac-5088bbe4fa96 func=job_orchestration.executor.query.spider_search_task.search_without_channel spawn_start=510293061 spawn_end=510293061 spawn_duration_ms=0
[2026-02-03 01:10:52.016] [info] [spider.worker] [TIMING] task_id=36aeb012-be24-494b-91ac-5088bbe4fa96 func=job_orchestration.executor.query.spider_search_task.search_without_channel execution_start=510293061 execution_end=510294224 execution_duration_ms=1162
[2026-02-03 01:10:52.018] [info] [spider.worker] [TIMING] task_id=36aeb012-be24-494b-91ac-5088bbe4fa96 func=job_orchestration.executor.query.spider_search_task.search_without_channel storage_connect_start=510294224 storage_connect_end=510294226 storage_connect_duration_ms=1 phase=handle_result
[2026-02-03 01:10:52.040] [info] [spider.worker] [TIMING] task_id=36aeb012-be24-494b-91ac-5088bbe4fa96 func=job_orchestration.executor.query.spider_search_task.search_without_channel submit_output_start=510294226 submit_output_end=510294249 submit_output_duration_ms=22
[2026-02-03 01:10:52.058] [info] [spider.worker] [TIMING] worker_id=27babf96-41ca-4466-a031-22a7dca58492 task_id=c6e33851-391e-402f-bae3-df22cca53255 get_next_task request_start=510294252 connect_end=510294253 send_end=510294253 receive_end=510294253 connect_duration_ms=1 send_duration_ms=0 receive_duration_ms=0 total_duration_ms=1
[2026-02-03 01:10:52.060] [info] [spider.worker] [TIMING] task_id=c6e33851-391e-402f-bae3-df22cca53255 storage_connect_start=510294266 storage_connect_end=510294268 storage_connect_duration_ms=1 phase=pre_execution
[2026-02-03 01:10:52.061] [info] [spider.worker] [TIMING] task_id=c6e33851-391e-402f-bae3-df22cca53255 func=job_orchestration.executor.query.spider_search_task.search_without_channel fetch_input_start=510294268 fetch_input_end=510294269 fetch_input_duration_ms=1
[2026-02-03 01:10:52.061] [info] [spider.worker] [TIMING] task_id=c6e33851-391e-402f-bae3-df22cca53255 func=job_orchestration.executor.query.spider_search_task.search_without_channel input_send_start=510294270 input_send_end=510294270 input_send_duration_ms=0 bytes=612
[2026-02-03 01:10:52.061] [info] [spider.worker] [TIMING] task_id=c6e33851-391e-402f-bae3-df22cca53255 func=job_orchestration.executor.query.spider_search_task.search_without_channel spawn_start=510294269 spawn_end=510294270 spawn_duration_ms=0
[2026-02-03 01:10:53.228] [info] [spider.worker] [TIMING] task_id=c6e33851-391e-402f-bae3-df22cca53255 func=job_orchestration.executor.query.spider_search_task.search_without_channel execution_start=510294270 execution_end=510295436 execution_duration_ms=1166
[2026-02-03 01:10:53.230] [info] [spider.worker] [TIMING] task_id=c6e33851-391e-402f-bae3-df22cca53255 func=job_orchestration.executor.query.spider_search_task.search_without_channel storage_connect_start=510295436 storage_connect_end=510295438 storage_connect_duration_ms=2 phase=handle_result
[2026-02-03 01:10:53.260] [info] [spider.worker] [TIMING] task_id=c6e33851-391e-402f-bae3-df22cca53255 func=job_orchestration.executor.query.spider_search_task.search_without_channel submit_output_start=510295438 submit_output_end=510295468 submit_output_duration_ms=29
[2026-02-03 01:10:53.283] [info] [spider.worker] [TIMING] worker_id=27babf96-41ca-4466-a031-22a7dca58492 task_id=c22a6d63-ffbe-46b9-9eb8-c86da209fde9 get_next_task request_start=510295470 connect_end=510295472 send_end=510295472 receive_end=510295472 connect_duration_ms=1 send_duration_ms=0 receive_duration_ms=0 total_duration_ms=1
[2026-02-03 01:10:53.285] [info] [spider.worker] [TIMING] task_id=c22a6d63-ffbe-46b9-9eb8-c86da209fde9 storage_connect_start=510295492 storage_connect_end=510295493 storage_connect_duration_ms=1 phase=pre_execution
[2026-02-03 01:10:53.286] [info] [spider.worker] [TIMING] task_id=c22a6d63-ffbe-46b9-9eb8-c86da209fde9 func=job_orchestration.executor.query.spider_search_task.search_without_channel fetch_input_start=510295493 fetch_input_end=510295494 fetch_input_duration_ms=1
[2026-02-03 01:10:53.286] [info] [spider.worker] [TIMING] task_id=c22a6d63-ffbe-46b9-9eb8-c86da209fde9 func=job_orchestration.executor.query.spider_search_task.search_without_channel input_send_start=510295495 input_send_end=510295495 input_send_duration_ms=0 bytes=612
[2026-02-03 01:10:53.286] [info] [spider.worker] [TIMING] task_id=c22a6d63-ffbe-46b9-9eb8-c86da209fde9 func=job_orchestration.executor.query.spider_search_task.search_without_channel spawn_start=510295494 spawn_end=510295495 spawn_duration_ms=0
[2026-02-03 01:10:54.899] [info] [spider.worker] [TIMING] task_id=c22a6d63-ffbe-46b9-9eb8-c86da209fde9 func=job_orchestration.executor.query.spider_search_task.search_without_channel execution_start=510295495 execution_end=510297107 execution_duration_ms=1612
[2026-02-03 01:10:54.901] [info] [spider.worker] [TIMING] task_id=c22a6d63-ffbe-46b9-9eb8-c86da209fde9 func=job_orchestration.executor.query.spider_search_task.search_without_channel storage_connect_start=510297108 storage_connect_end=510297110 storage_connect_duration_ms=2 phase=handle_result
[2026-02-03 01:10:54.938] [info] [spider.worker] [TIMING] task_id=c22a6d63-ffbe-46b9-9eb8-c86da209fde9 func=job_orchestration.executor.query.spider_search_task.search_without_channel submit_output_start=510297110 submit_output_end=510297147 submit_output_duration_ms=36
[2026-02-03 01:10:54.959] [info] [spider.worker] [TIMING] worker_id=27babf96-41ca-4466-a031-22a7dca58492 task_id=47488132-8458-4e34-81f0-8e1e308023dd get_next_task request_start=510297149 connect_end=510297151 send_end=510297151 receive_end=510297151 connect_duration_ms=1 send_duration_ms=0 receive_duration_ms=0 total_duration_ms=1
[2026-02-03 01:10:54.960] [info] [spider.worker] [TIMING] task_id=47488132-8458-4e34-81f0-8e1e308023dd storage_connect_start=510297167 storage_connect_end=510297169 storage_connect_duration_ms=1 phase=pre_execution
[2026-02-03 01:10:54.961] [info] [spider.worker] [TIMING] task_id=47488132-8458-4e34-81f0-8e1e308023dd func=job_orchestration.executor.query.spider_search_task.search_without_channel fetch_input_start=510297169 fetch_input_end=510297170 fetch_input_duration_ms=0
[2026-02-03 01:10:54.962] [info] [spider.worker] [TIMING] task_id=47488132-8458-4e34-81f0-8e1e308023dd func=job_orchestration.executor.query.spider_search_task.search_without_channel input_send_start=510297170 input_send_end=510297170 input_send_duration_ms=0 bytes=612
[2026-02-03 01:10:54.962] [info] [spider.worker] [TIMING] task_id=47488132-8458-4e34-81f0-8e1e308023dd func=job_orchestration.executor.query.spider_search_task.search_without_channel spawn_start=510297170 spawn_end=510297170 spawn_duration_ms=0
[2026-02-03 01:10:56.238] [info] [spider.worker] [TIMING] task_id=47488132-8458-4e34-81f0-8e1e308023dd func=job_orchestration.executor.query.spider_search_task.search_without_channel execution_start=510297171 execution_end=510298446 execution_duration_ms=1275
[2026-02-03 01:10:56.240] [info] [spider.worker] [TIMING] task_id=47488132-8458-4e34-81f0-8e1e308023dd func=job_orchestration.executor.query.spider_search_task.search_without_channel storage_connect_start=510298446 storage_connect_end=510298448 storage_connect_duration_ms=2 phase=handle_result
[2026-02-03 01:10:56.266] [info] [spider.worker] [TIMING] task_id=47488132-8458-4e34-81f0-8e1e308023dd func=job_orchestration.executor.query.spider_search_task.search_without_channel submit_output_start=510298448 submit_output_end=510298474 submit_output_duration_ms=26
[2026-02-03 01:10:56.292] [info] [spider.worker] [TIMING] worker_id=27babf96-41ca-4466-a031-22a7dca58492 task_id=93936415-182c-4853-a375-1fe3670b8019 get_next_task request_start=510298477 connect_end=510298478 send_end=510298478 receive_end=510298478 connect_duration_ms=1 send_duration_ms=0 receive_duration_ms=0 total_duration_ms=1
[2026-02-03 01:10:56.294] [info] [spider.worker] [TIMING] task_id=93936415-182c-4853-a375-1fe3670b8019 storage_connect_start=510298501 storage_connect_end=510298503 storage_connect_duration_ms=1 phase=pre_execution
[2026-02-03 01:10:56.295] [info] [spider.worker] [TIMING] task_id=93936415-182c-4853-a375-1fe3670b8019 func=job_orchestration.executor.query.spider_search_task.search_without_channel fetch_input_start=510298503 fetch_input_end=510298503 fetch_input_duration_ms=0
[2026-02-03 01:10:56.296] [info] [spider.worker] [TIMING] task_id=93936415-182c-4853-a375-1fe3670b8019 func=job_orchestration.executor.query.spider_search_task.search_without_channel input_send_start=510298504 input_send_end=510298504 input_send_duration_ms=0 bytes=612
[2026-02-03 01:10:56.296] [info] [spider.worker] [TIMING] task_id=93936415-182c-4853-a375-1fe3670b8019 func=job_orchestration.executor.query.spider_search_task.search_without_channel spawn_start=510298504 spawn_end=510298504 spawn_duration_ms=0
[2026-02-03 01:10:57.663] [info] [spider.worker] [TIMING] task_id=93936415-182c-4853-a375-1fe3670b8019 func=job_orchestration.executor.query.spider_search_task.search_without_channel execution_start=510298504 execution_end=510299872 execution_duration_ms=1367
[2026-02-03 01:10:57.665] [info] [spider.worker] [TIMING] task_id=93936415-182c-4853-a375-1fe3670b8019 func=job_orchestration.executor.query.spider_search_task.search_without_channel storage_connect_start=510299872 storage_connect_end=510299873 storage_connect_duration_ms=1 phase=handle_result
[2026-02-03 01:10:57.676] [info] [spider.worker] [TIMING] task_id=93936415-182c-4853-a375-1fe3670b8019 func=job_orchestration.executor.query.spider_search_task.search_without_channel submit_output_start=510299874 submit_output_end=510299884 submit_output_duration_ms=10
[2026-02-03 01:10:57.693] [info] [spider.worker] [TIMING] worker_id=27babf96-41ca-4466-a031-22a7dca58492 task_id=5dfe3eff-429a-4916-96dc-f966aaa219ec get_next_task request_start=510299887 connect_end=510299888 send_end=510299888 receive_end=510299888 connect_duration_ms=1 send_duration_ms=0 receive_duration_ms=0 total_duration_ms=1
[2026-02-03 01:10:57.694] [info] [spider.worker] [TIMING] task_id=5dfe3eff-429a-4916-96dc-f966aaa219ec storage_connect_start=510299901 storage_connect_end=510299903 storage_connect_duration_ms=1 phase=pre_execution
[2026-02-03 01:10:57.695] [info] [spider.worker] [TIMING] task_id=5dfe3eff-429a-4916-96dc-f966aaa219ec func=job_orchestration.executor.query.spider_search_task.search_without_channel fetch_input_start=510299903 fetch_input_end=510299904 fetch_input_duration_ms=0
[2026-02-03 01:10:57.696] [info] [spider.worker] [TIMING] task_id=5dfe3eff-429a-4916-96dc-f966aaa219ec func=job_orchestration.executor.query.spider_search_task.search_without_channel input_send_start=510299904 input_send_end=510299904 input_send_duration_ms=0 bytes=612
[2026-02-03 01:10:57.696] [info] [spider.worker] [TIMING] task_id=5dfe3eff-429a-4916-96dc-f966aaa219ec func=job_orchestration.executor.query.spider_search_task.search_without_channel spawn_start=510299904 spawn_end=510299904 spawn_duration_ms=0
[2026-02-03 01:10:58.902] [info] [spider.worker] [TIMING] task_id=5dfe3eff-429a-4916-96dc-f966aaa219ec func=job_orchestration.executor.query.spider_search_task.search_without_channel execution_start=510299905 execution_end=510301110 execution_duration_ms=1205
[2026-02-03 01:10:58.904] [info] [spider.worker] [TIMING] task_id=5dfe3eff-429a-4916-96dc-f966aaa219ec func=job_orchestration.executor.query.spider_search_task.search_without_channel storage_connect_start=510301110 storage_connect_end=510301113 storage_connect_duration_ms=2 phase=handle_result
[2026-02-03 01:10:58.946] [info] [spider.worker] [TIMING] task_id=5dfe3eff-429a-4916-96dc-f966aaa219ec func=job_orchestration.executor.query.spider_search_task.search_without_channel submit_output_start=510301113 submit_output_end=510301154 submit_output_duration_ms=41
[2026-02-03 01:10:58.968] [info] [spider.worker] [TIMING] worker_id=27babf96-41ca-4466-a031-22a7dca58492 task_id=e4be89fa-e404-49c1-a338-fe70ccd633c6 get_next_task request_start=510301157 connect_end=510301158 send_end=510301158 receive_end=510301158 connect_duration_ms=1 send_duration_ms=0 receive_duration_ms=0 total_duration_ms=1
[2026-02-03 01:10:58.969] [info] [spider.worker] [TIMING] task_id=e4be89fa-e404-49c1-a338-fe70ccd633c6 storage_connect_start=510301176 storage_connect_end=510301178 storage_connect_duration_ms=1 phase=pre_execution
[2026-02-03 01:10:58.970] [info] [spider.worker] [TIMING] task_id=e4be89fa-e404-49c1-a338-fe70ccd633c6 func=job_orchestration.executor.query.spider_search_task.search_without_channel fetch_input_start=510301178 fetch_input_end=510301179 fetch_input_duration_ms=1
[2026-02-03 01:10:58.971] [info] [spider.worker] [TIMING] task_id=e4be89fa-e404-49c1-a338-fe70ccd633c6 func=job_orchestration.executor.query.spider_search_task.search_without_channel input_send_start=510301179 input_send_end=510301179 input_send_duration_ms=0 bytes=612
[2026-02-03 01:10:58.971] [info] [spider.worker] [TIMING] task_id=e4be89fa-e404-49c1-a338-fe70ccd633c6 func=job_orchestration.executor.query.spider_search_task.search_without_channel spawn_start=510301179 spawn_end=510301179 spawn_duration_ms=0
[2026-02-03 01:11:00.174] [info] [spider.worker] [TIMING] task_id=e4be89fa-e404-49c1-a338-fe70ccd633c6 func=job_orchestration.executor.query.spider_search_task.search_without_channel execution_start=510301180 execution_end=510302383 execution_duration_ms=1202
[2026-02-03 01:11:00.176] [info] [spider.worker] [TIMING] task_id=e4be89fa-e404-49c1-a338-fe70ccd633c6 func=job_orchestration.executor.query.spider_search_task.search_without_channel storage_connect_start=510302383 storage_connect_end=510302385 storage_connect_duration_ms=1 phase=handle_result
[2026-02-03 01:11:00.185] [info] [spider.worker] [TIMING] task_id=e4be89fa-e404-49c1-a338-fe70ccd633c6 func=job_orchestration.executor.query.spider_search_task.search_without_channel submit_output_start=510302385 submit_output_end=510302393 submit_output_duration_ms=8
[2026-02-03 01:11:00.210] [info] [spider.worker] [TIMING] worker_id=27babf96-41ca-4466-a031-22a7dca58492 task_id=baa7a839-8341-487b-a686-d53a2faa68ab get_next_task request_start=510302395 connect_end=510302397 send_end=510302397 receive_end=510302397 connect_duration_ms=1 send_duration_ms=0 receive_duration_ms=0 total_duration_ms=1
[2026-02-03 01:11:00.212] [info] [spider.worker] [TIMING] task_id=baa7a839-8341-487b-a686-d53a2faa68ab storage_connect_start=510302419 storage_connect_end=510302420 storage_connect_duration_ms=1 phase=pre_execution
[2026-02-03 01:11:00.213] [info] [spider.worker] [TIMING] task_id=baa7a839-8341-487b-a686-d53a2faa68ab func=job_orchestration.executor.query.spider_search_task.search_without_channel fetch_input_start=510302420 fetch_input_end=510302421 fetch_input_duration_ms=0
[2026-02-03 01:11:00.213] [info] [spider.worker] [TIMING] task_id=baa7a839-8341-487b-a686-d53a2faa68ab func=job_orchestration.executor.query.spider_search_task.search_without_channel input_send_start=510302422 input_send_end=510302422 input_send_duration_ms=0 bytes=612
[2026-02-03 01:11:00.213] [info] [spider.worker] [TIMING] task_id=baa7a839-8341-487b-a686-d53a2faa68ab func=job_orchestration.executor.query.spider_search_task.search_without_channel spawn_start=510302421 spawn_end=510302422 spawn_duration_ms=0
[2026-02-03 01:11:01.562] [info] [spider.worker] [TIMING] task_id=baa7a839-8341-487b-a686-d53a2faa68ab func=job_orchestration.executor.query.spider_search_task.search_without_channel execution_start=510302422 execution_end=510303770 execution_duration_ms=1348
[2026-02-03 01:11:01.564] [info] [spider.worker] [TIMING] task_id=baa7a839-8341-487b-a686-d53a2faa68ab func=job_orchestration.executor.query.spider_search_task.search_without_channel storage_connect_start=510303770 storage_connect_end=510303772 storage_connect_duration_ms=2 phase=handle_result
[2026-02-03 01:11:01.594] [info] [spider.worker] [TIMING] task_id=baa7a839-8341-487b-a686-d53a2faa68ab func=job_orchestration.executor.query.spider_search_task.search_without_channel submit_output_start=510303772 submit_output_end=510303802 submit_output_duration_ms=29
[2026-02-03 01:11:01.610] [info] [spider.worker] [TIMING] worker_id=27babf96-41ca-4466-a031-22a7dca58492 task_id=5dc7a148-9316-4e51-8e3d-4607d72c2201 get_next_task request_start=510303805 connect_end=510303806 send_end=510303806 receive_end=510303807 connect_duration_ms=1 send_duration_ms=0 receive_duration_ms=0 total_duration_ms=1
[2026-02-03 01:11:01.612] [info] [spider.worker] [TIMING] task_id=5dc7a148-9316-4e51-8e3d-4607d72c2201 storage_connect_start=510303819 storage_connect_end=510303820 storage_connect_duration_ms=1 phase=pre_execution
[2026-02-03 01:11:01.615] [info] [spider.worker] [TIMING] task_id=5dc7a148-9316-4e51-8e3d-4607d72c2201 func=job_orchestration.executor.query.spider_search_task.search_without_channel fetch_input_start=510303820 fetch_input_end=510303823 fetch_input_duration_ms=3
[2026-02-03 01:11:01.616] [info] [spider.worker] [TIMING] task_id=5dc7a148-9316-4e51-8e3d-4607d72c2201 func=job_orchestration.executor.query.spider_search_task.search_without_channel input_send_start=510303824 input_send_end=510303824 input_send_duration_ms=0 bytes=612
[2026-02-03 01:11:01.616] [info] [spider.worker] [TIMING] task_id=5dc7a148-9316-4e51-8e3d-4607d72c2201 func=job_orchestration.executor.query.spider_search_task.search_without_channel spawn_start=510303824 spawn_end=510303824 spawn_duration_ms=0
[2026-02-03 01:11:03.038] [info] [spider.worker] [TIMING] task_id=5dc7a148-9316-4e51-8e3d-4607d72c2201 func=job_orchestration.executor.query.spider_search_task.search_without_channel execution_start=510303825 execution_end=510305246 execution_duration_ms=1421
[2026-02-03 01:11:03.047] [info] [spider.worker] [TIMING] task_id=5dc7a148-9316-4e51-8e3d-4607d72c2201 func=job_orchestration.executor.query.spider_search_task.search_without_channel storage_connect_start=510305246 storage_connect_end=510305255 storage_connect_duration_ms=9 phase=handle_result
[2026-02-03 01:11:03.088] [info] [spider.worker] [TIMING] task_id=5dc7a148-9316-4e51-8e3d-4607d72c2201 func=job_orchestration.executor.query.spider_search_task.search_without_channel submit_output_start=510305255 submit_output_end=510305297 submit_output_duration_ms=41
[2026-02-03 01:11:03.139] [info] [spider.worker] [TIMING] worker_id=27babf96-41ca-4466-a031-22a7dca58492 task_id=5c99199e-74e7-49f0-96ea-27c0be8a44f3 get_next_task request_start=510305299 connect_end=510305300 send_end=510305300 receive_end=510305300 connect_duration_ms=1 send_duration_ms=0 receive_duration_ms=0 total_duration_ms=1
[2026-02-03 01:11:03.140] [info] [spider.worker] [TIMING] task_id=5c99199e-74e7-49f0-96ea-27c0be8a44f3 storage_connect_start=510305347 storage_connect_end=510305348 storage_connect_duration_ms=1 phase=pre_execution
[2026-02-03 01:11:03.141] [info] [spider.worker] [TIMING] task_id=5c99199e-74e7-49f0-96ea-27c0be8a44f3 func=job_orchestration.executor.query.spider_search_task.search_without_channel fetch_input_start=510305348 fetch_input_end=510305349 fetch_input_duration_ms=0
[2026-02-03 01:11:03.141] [info] [spider.worker] [TIMING] task_id=5c99199e-74e7-49f0-96ea-27c0be8a44f3 func=job_orchestration.executor.query.spider_search_task.search_without_channel input_send_start=510305350 input_send_end=510305350 input_send_duration_ms=0 bytes=612
[2026-02-03 01:11:03.141] [info] [spider.worker] [TIMING] task_id=5c99199e-74e7-49f0-96ea-27c0be8a44f3 func=job_orchestration.executor.query.spider_search_task.search_without_channel spawn_start=510305349 spawn_end=510305350 spawn_duration_ms=0
[2026-02-03 01:11:04.452] [info] [spider.worker] [TIMING] task_id=5c99199e-74e7-49f0-96ea-27c0be8a44f3 func=job_orchestration.executor.query.spider_search_task.search_without_channel execution_start=510305350 execution_end=510306660 execution_duration_ms=1310
[2026-02-03 01:11:04.454] [info] [spider.worker] [TIMING] task_id=5c99199e-74e7-49f0-96ea-27c0be8a44f3 func=job_orchestration.executor.query.spider_search_task.search_without_channel storage_connect_start=510306660 storage_connect_end=510306662 storage_connect_duration_ms=1 phase=handle_result
[2026-02-03 01:11:04.502] [info] [spider.worker] [TIMING] task_id=5c99199e-74e7-49f0-96ea-27c0be8a44f3 func=job_orchestration.executor.query.spider_search_task.search_without_channel submit_output_start=510306662 submit_output_end=510306710 submit_output_duration_ms=48
[2026-02-03 01:11:04.519] [info] [spider.worker] [TIMING] worker_id=27babf96-41ca-4466-a031-22a7dca58492 task_id=20d8cc37-326a-44ab-b148-a6c47af061cf get_next_task request_start=510306712 connect_end=510306713 send_end=510306713 receive_end=510306714 connect_duration_ms=1 send_duration_ms=0 receive_duration_ms=0 total_duration_ms=1
[2026-02-03 01:11:04.521] [info] [spider.worker] [TIMING] task_id=20d8cc37-326a-44ab-b148-a6c47af061cf storage_connect_start=510306727 storage_connect_end=510306729 storage_connect_duration_ms=1 phase=pre_execution
[2026-02-03 01:11:04.522] [info] [spider.worker] [TIMING] task_id=20d8cc37-326a-44ab-b148-a6c47af061cf func=job_orchestration.executor.query.spider_search_task.search_without_channel fetch_input_start=510306729 fetch_input_end=510306730 fetch_input_duration_ms=0
[2026-02-03 01:11:04.523] [info] [spider.worker] [TIMING] task_id=20d8cc37-326a-44ab-b148-a6c47af061cf func=job_orchestration.executor.query.spider_search_task.search_without_channel input_send_start=510306731 input_send_end=510306731 input_send_duration_ms=0 bytes=612
[2026-02-03 01:11:04.523] [info] [spider.worker] [TIMING] task_id=20d8cc37-326a-44ab-b148-a6c47af061cf func=job_orchestration.executor.query.spider_search_task.search_without_channel spawn_start=510306730 spawn_end=510306731 spawn_duration_ms=0
[2026-02-03 01:11:05.820] [info] [spider.worker] [TIMING] task_id=20d8cc37-326a-44ab-b148-a6c47af061cf func=job_orchestration.executor.query.spider_search_task.search_without_channel execution_start=510306731 execution_end=510308029 execution_duration_ms=1297
[2026-02-03 01:11:05.830] [info] [spider.worker] [TIMING] task_id=20d8cc37-326a-44ab-b148-a6c47af061cf func=job_orchestration.executor.query.spider_search_task.search_without_channel storage_connect_start=510308029 storage_connect_end=510308038 storage_connect_duration_ms=9 phase=handle_result
[2026-02-03 01:11:05.844] [info] [spider.worker] [TIMING] task_id=20d8cc37-326a-44ab-b148-a6c47af061cf func=job_orchestration.executor.query.spider_search_task.search_without_channel submit_output_start=510308038 submit_output_end=510308052 submit_output_duration_ms=13
[2026-02-03 01:11:05.869] [info] [spider.worker] [TIMING] worker_id=27babf96-41ca-4466-a031-22a7dca58492 task_id=279e788a-7c9c-4c61-8cc2-f77f2a61626c get_next_task request_start=510308054 connect_end=510308055 send_end=510308055 receive_end=510308056 connect_duration_ms=1 send_duration_ms=0 receive_duration_ms=0 total_duration_ms=1
[2026-02-03 01:11:05.871] [info] [spider.worker] [TIMING] task_id=279e788a-7c9c-4c61-8cc2-f77f2a61626c storage_connect_start=510308077 storage_connect_end=510308079 storage_connect_duration_ms=1 phase=pre_execution
[2026-02-03 01:11:05.872] [info] [spider.worker] [TIMING] task_id=279e788a-7c9c-4c61-8cc2-f77f2a61626c func=job_orchestration.executor.query.spider_search_task.search_without_channel fetch_input_start=510308079 fetch_input_end=510308080 fetch_input_duration_ms=1
[2026-02-03 01:11:05.873] [info] [spider.worker] [TIMING] task_id=279e788a-7c9c-4c61-8cc2-f77f2a61626c func=job_orchestration.executor.query.spider_search_task.search_without_channel input_send_start=510308081 input_send_end=510308081 input_send_duration_ms=0 bytes=612
[2026-02-03 01:11:05.873] [info] [spider.worker] [TIMING] task_id=279e788a-7c9c-4c61-8cc2-f77f2a61626c func=job_orchestration.executor.query.spider_search_task.search_without_channel spawn_start=510308080 spawn_end=510308081 spawn_duration_ms=0
[2026-02-03 01:11:07.279] [info] [spider.worker] [TIMING] task_id=279e788a-7c9c-4c61-8cc2-f77f2a61626c func=job_orchestration.executor.query.spider_search_task.search_without_channel execution_start=510308081 execution_end=510309488 execution_duration_ms=1406
[2026-02-03 01:11:07.281] [info] [spider.worker] [TIMING] task_id=279e788a-7c9c-4c61-8cc2-f77f2a61626c func=job_orchestration.executor.query.spider_search_task.search_without_channel storage_connect_start=510309488 storage_connect_end=510309489 storage_connect_duration_ms=1 phase=handle_result
[2026-02-03 01:11:07.302] [info] [spider.worker] [TIMING] task_id=279e788a-7c9c-4c61-8cc2-f77f2a61626c func=job_orchestration.executor.query.spider_search_task.search_without_channel submit_output_start=510309489 submit_output_end=510309511 submit_output_duration_ms=21
[2026-02-03 01:11:07.319] [info] [spider.worker] [TIMING] worker_id=27babf96-41ca-4466-a031-22a7dca58492 task_id=afd5514a-8265-4547-b771-bbb7e31ff69e get_next_task request_start=510309513 connect_end=510309514 send_end=510309514 receive_end=510309514 connect_duration_ms=1 send_duration_ms=0 receive_duration_ms=0 total_duration_ms=1
[2026-02-03 01:11:07.321] [info] [spider.worker] [TIMING] task_id=afd5514a-8265-4547-b771-bbb7e31ff69e storage_connect_start=510309528 storage_connect_end=510309529 storage_connect_duration_ms=1 phase=pre_execution
[2026-02-03 01:11:07.322] [info] [spider.worker] [TIMING] task_id=afd5514a-8265-4547-b771-bbb7e31ff69e func=job_orchestration.executor.query.spider_search_task.search_without_channel fetch_input_start=510309529 fetch_input_end=510309531 fetch_input_duration_ms=1
[2026-02-03 01:11:07.323] [info] [spider.worker] [TIMING] task_id=afd5514a-8265-4547-b771-bbb7e31ff69e func=job_orchestration.executor.query.spider_search_task.search_without_channel input_send_start=510309531 input_send_end=510309531 input_send_duration_ms=0 bytes=612
[2026-02-03 01:11:07.323] [info] [spider.worker] [TIMING] task_id=afd5514a-8265-4547-b771-bbb7e31ff69e func=job_orchestration.executor.query.spider_search_task.search_without_channel spawn_start=510309531 spawn_end=510309531 spawn_duration_ms=0
[2026-02-03 01:11:08.715] [info] [spider.worker] [TIMING] task_id=afd5514a-8265-4547-b771-bbb7e31ff69e func=job_orchestration.executor.query.spider_search_task.search_without_channel execution_start=510309531 execution_end=510310923 execution_duration_ms=1391
[2026-02-03 01:11:08.716] [info] [spider.worker] [TIMING] task_id=afd5514a-8265-4547-b771-bbb7e31ff69e func=job_orchestration.executor.query.spider_search_task.search_without_channel storage_connect_start=510310923 storage_connect_end=510310925 storage_connect_duration_ms=1 phase=handle_result
[2026-02-03 01:11:08.745] [info] [spider.worker] [TIMING] task_id=afd5514a-8265-4547-b771-bbb7e31ff69e func=job_orchestration.executor.query.spider_search_task.search_without_channel submit_output_start=510310925 submit_output_end=510310954 submit_output_duration_ms=28
[2026-02-03 01:11:08.761] [info] [spider.worker] [TIMING] worker_id=27babf96-41ca-4466-a031-22a7dca58492 task_id=7bf4128b-550a-47ad-91f8-3aa5dd5ab887 get_next_task request_start=510310956 connect_end=510310958 send_end=510310958 receive_end=510310958 connect_duration_ms=1 send_duration_ms=0 receive_duration_ms=0 total_duration_ms=1
[2026-02-03 01:11:08.763] [info] [spider.worker] [TIMING] task_id=7bf4128b-550a-47ad-91f8-3aa5dd5ab887 storage_connect_start=510310969 storage_connect_end=510310971 storage_connect_duration_ms=1 phase=pre_execution
[2026-02-03 01:11:08.764] [info] [spider.worker] [TIMING] task_id=7bf4128b-550a-47ad-91f8-3aa5dd5ab887 func=job_orchestration.executor.query.spider_search_task.search_without_channel fetch_input_start=510310971 fetch_input_end=510310972 fetch_input_duration_ms=1
[2026-02-03 01:11:08.765] [info] [spider.worker] [TIMING] task_id=7bf4128b-550a-47ad-91f8-3aa5dd5ab887 func=job_orchestration.executor.query.spider_search_task.search_without_channel input_send_start=510310973 input_send_end=510310973 input_send_duration_ms=0 bytes=612
[2026-02-03 01:11:08.765] [info] [spider.worker] [TIMING] task_id=7bf4128b-550a-47ad-91f8-3aa5dd5ab887 func=job_orchestration.executor.query.spider_search_task.search_without_channel spawn_start=510310973 spawn_end=510310973 spawn_duration_ms=0
[2026-02-03 01:11:09.999] [info] [spider.worker] [TIMING] task_id=7bf4128b-550a-47ad-91f8-3aa5dd5ab887 func=job_orchestration.executor.query.spider_search_task.search_without_channel execution_start=510310973 execution_end=510312208 execution_duration_ms=1234
[2026-02-03 01:11:10.001] [info] [spider.worker] [TIMING] task_id=7bf4128b-550a-47ad-91f8-3aa5dd5ab887 func=job_orchestration.executor.query.spider_search_task.search_without_channel storage_connect_start=510312208 storage_connect_end=510312210 storage_connect_duration_ms=1 phase=handle_result
[2026-02-03 01:11:10.032] [info] [spider.worker] [TIMING] task_id=7bf4128b-550a-47ad-91f8-3aa5dd5ab887 func=job_orchestration.executor.query.spider_search_task.search_without_channel submit_output_start=510312210 submit_output_end=510312240 submit_output_duration_ms=30
[2026-02-03 01:11:10.053] [info] [spider.worker] [TIMING] worker_id=27babf96-41ca-4466-a031-22a7dca58492 task_id=1d55bf69-60e2-4c0a-9e95-fb965ae9187a get_next_task request_start=510312242 connect_end=510312243 send_end=510312243 receive_end=510312244 connect_duration_ms=1 send_duration_ms=0 receive_duration_ms=0 total_duration_ms=1
[2026-02-03 01:11:10.055] [info] [spider.worker] [TIMING] task_id=1d55bf69-60e2-4c0a-9e95-fb965ae9187a storage_connect_start=510312262 storage_connect_end=510312263 storage_connect_duration_ms=1 phase=pre_execution
[2026-02-03 01:11:10.056] [info] [spider.worker] [TIMING] task_id=1d55bf69-60e2-4c0a-9e95-fb965ae9187a func=job_orchestration.executor.query.spider_search_task.search_without_channel fetch_input_start=510312263 fetch_input_end=510312264 fetch_input_duration_ms=1
[2026-02-03 01:11:10.057] [info] [spider.worker] [TIMING] task_id=1d55bf69-60e2-4c0a-9e95-fb965ae9187a func=job_orchestration.executor.query.spider_search_task.search_without_channel input_send_start=510312265 input_send_end=510312265 input_send_duration_ms=0 bytes=612
[2026-02-03 01:11:10.057] [info] [spider.worker] [TIMING] task_id=1d55bf69-60e2-4c0a-9e95-fb965ae9187a func=job_orchestration.executor.query.spider_search_task.search_without_channel spawn_start=510312265 spawn_end=510312265 spawn_duration_ms=0
[2026-02-03 01:11:11.349] [info] [spider.worker] [TIMING] task_id=1d55bf69-60e2-4c0a-9e95-fb965ae9187a func=job_orchestration.executor.query.spider_search_task.search_without_channel execution_start=510312265 execution_end=510313558 execution_duration_ms=1292
[2026-02-03 01:11:11.351] [info] [spider.worker] [TIMING] task_id=1d55bf69-60e2-4c0a-9e95-fb965ae9187a func=job_orchestration.executor.query.spider_search_task.search_without_channel storage_connect_start=510313558 storage_connect_end=510313559 storage_connect_duration_ms=1 phase=handle_result
[2026-02-03 01:11:11.393] [info] [spider.worker] [TIMING] task_id=1d55bf69-60e2-4c0a-9e95-fb965ae9187a func=job_orchestration.executor.query.spider_search_task.search_without_channel submit_output_start=510313559 submit_output_end=510313602 submit_output_duration_ms=42
[2026-02-03 01:11:11.411] [info] [spider.worker] [TIMING] worker_id=27babf96-41ca-4466-a031-22a7dca58492 task_id=c9990169-f6b9-4d82-a209-02eb981338de get_next_task request_start=510313603 connect_end=510313604 send_end=510313604 receive_end=510313605 connect_duration_ms=1 send_duration_ms=0 receive_duration_ms=0 total_duration_ms=1
[2026-02-03 01:11:11.413] [info] [spider.worker] [TIMING] task_id=c9990169-f6b9-4d82-a209-02eb981338de storage_connect_start=510313620 storage_connect_end=510313621 storage_connect_duration_ms=1 phase=pre_execution
[2026-02-03 01:11:11.414] [info] [spider.worker] [TIMING] task_id=c9990169-f6b9-4d82-a209-02eb981338de func=job_orchestration.executor.query.spider_search_task.search_without_channel fetch_input_start=510313621 fetch_input_end=510313622 fetch_input_duration_ms=0
[2026-02-03 01:11:11.414] [info] [spider.worker] [TIMING] task_id=c9990169-f6b9-4d82-a209-02eb981338de func=job_orchestration.executor.query.spider_search_task.search_without_channel input_send_start=510313623 input_send_end=510313623 input_send_duration_ms=0 bytes=612
[2026-02-03 01:11:11.414] [info] [spider.worker] [TIMING] task_id=c9990169-f6b9-4d82-a209-02eb981338de func=job_orchestration.executor.query.spider_search_task.search_without_channel spawn_start=510313622 spawn_end=510313623 spawn_duration_ms=0
[2026-02-03 01:11:12.891] [info] [spider.worker] [TIMING] task_id=c9990169-f6b9-4d82-a209-02eb981338de func=job_orchestration.executor.query.spider_search_task.search_without_channel execution_start=510313623 execution_end=510315099 execution_duration_ms=1476
[2026-02-03 01:11:12.893] [info] [spider.worker] [TIMING] task_id=c9990169-f6b9-4d82-a209-02eb981338de func=job_orchestration.executor.query.spider_search_task.search_without_channel storage_connect_start=510315099 storage_connect_end=510315101 storage_connect_duration_ms=1 phase=handle_result
[2026-02-03 01:11:12.921] [info] [spider.worker] [TIMING] task_id=c9990169-f6b9-4d82-a209-02eb981338de func=job_orchestration.executor.query.spider_search_task.search_without_channel submit_output_start=510315101 submit_output_end=510315130 submit_output_duration_ms=28
[2026-02-03 01:11:12.937] [info] [spider.worker] [TIMING] worker_id=27babf96-41ca-4466-a031-22a7dca58492 task_id=8c271818-efdb-4dcb-a678-a74f2e5ea53d get_next_task request_start=510315132 connect_end=510315133 send_end=510315133 receive_end=510315133 connect_duration_ms=1 send_duration_ms=0 receive_duration_ms=0 total_duration_ms=1
[2026-02-03 01:11:12.938] [info] [spider.worker] [TIMING] task_id=8c271818-efdb-4dcb-a678-a74f2e5ea53d storage_connect_start=510315145 storage_connect_end=510315147 storage_connect_duration_ms=1 phase=pre_execution
[2026-02-03 01:11:12.939] [info] [spider.worker] [TIMING] task_id=8c271818-efdb-4dcb-a678-a74f2e5ea53d func=job_orchestration.executor.query.spider_search_task.search_without_channel fetch_input_start=510315147 fetch_input_end=510315148 fetch_input_duration_ms=1
[2026-02-03 01:11:12.940] [info] [spider.worker] [TIMING] task_id=8c271818-efdb-4dcb-a678-a74f2e5ea53d func=job_orchestration.executor.query.spider_search_task.search_without_channel input_send_start=510315148 input_send_end=510315148 input_send_duration_ms=0 bytes=612
[2026-02-03 01:11:12.940] [info] [spider.worker] [TIMING] task_id=8c271818-efdb-4dcb-a678-a74f2e5ea53d func=job_orchestration.executor.query.spider_search_task.search_without_channel spawn_start=510315148 spawn_end=510315148 spawn_duration_ms=0
[2026-02-03 01:11:14.418] [info] [spider.worker] [TIMING] task_id=8c271818-efdb-4dcb-a678-a74f2e5ea53d func=job_orchestration.executor.query.spider_search_task.search_without_channel execution_start=510315149 execution_end=510316627 execution_duration_ms=1478
[2026-02-03 01:11:14.420] [info] [spider.worker] [TIMING] task_id=8c271818-efdb-4dcb-a678-a74f2e5ea53d func=job_orchestration.executor.query.spider_search_task.search_without_channel storage_connect_start=510316627 storage_connect_end=510316628 storage_connect_duration_ms=1 phase=handle_result
[2026-02-03 01:11:14.446] [info] [spider.worker] [TIMING] task_id=8c271818-efdb-4dcb-a678-a74f2e5ea53d func=job_orchestration.executor.query.spider_search_task.search_without_channel submit_output_start=510316628 submit_output_end=510316654 submit_output_duration_ms=25
[2026-02-03 01:11:14.483] [info] [spider.worker] [TIMING] worker_id=27babf96-41ca-4466-a031-22a7dca58492 task_id=cb3e6863-7675-49af-a936-750386ffa4b3 get_next_task request_start=510316656 connect_end=510316657 send_end=510316657 receive_end=510316657 connect_duration_ms=1 send_duration_ms=0 receive_duration_ms=0 total_duration_ms=1
[2026-02-03 01:11:14.485] [info] [spider.worker] [TIMING] task_id=cb3e6863-7675-49af-a936-750386ffa4b3 storage_connect_start=510316692 storage_connect_end=510316694 storage_connect_duration_ms=1 phase=pre_execution
[2026-02-03 01:11:14.486] [info] [spider.worker] [TIMING] task_id=cb3e6863-7675-49af-a936-750386ffa4b3 func=job_orchestration.executor.query.spider_search_task.search_without_channel fetch_input_start=510316694 fetch_input_end=510316694 fetch_input_duration_ms=0
[2026-02-03 01:11:14.487] [info] [spider.worker] [TIMING] task_id=cb3e6863-7675-49af-a936-750386ffa4b3 func=job_orchestration.executor.query.spider_search_task.search_without_channel input_send_start=510316695 input_send_end=510316695 input_send_duration_ms=0 bytes=612
[2026-02-03 01:11:14.487] [info] [spider.worker] [TIMING] task_id=cb3e6863-7675-49af-a936-750386ffa4b3 func=job_orchestration.executor.query.spider_search_task.search_without_channel spawn_start=510316694 spawn_end=510316695 spawn_duration_ms=0
[2026-02-03 01:11:15.691] [info] [spider.worker] [TIMING] task_id=cb3e6863-7675-49af-a936-750386ffa4b3 func=job_orchestration.executor.query.spider_search_task.search_without_channel execution_start=510316695 execution_end=510317900 execution_duration_ms=1204
[2026-02-03 01:11:15.693] [info] [spider.worker] [TIMING] task_id=cb3e6863-7675-49af-a936-750386ffa4b3 func=job_orchestration.executor.query.spider_search_task.search_without_channel storage_connect_start=510317900 storage_connect_end=510317901 storage_connect_duration_ms=1 phase=handle_result
[2026-02-03 01:11:15.720] [info] [spider.worker] [TIMING] task_id=cb3e6863-7675-49af-a936-750386ffa4b3 func=job_orchestration.executor.query.spider_search_task.search_without_channel submit_output_start=510317901 submit_output_end=510317929 submit_output_duration_ms=27
[2026-02-03 01:11:15.737] [info] [spider.worker] [TIMING] worker_id=27babf96-41ca-4466-a031-22a7dca58492 task_id=2368850b-d69b-4b96-a1e2-ff0a8a77c896 get_next_task request_start=510317931 connect_end=510317932 send_end=510317932 receive_end=510317932 connect_duration_ms=1 send_duration_ms=0 receive_duration_ms=0 total_duration_ms=1
[2026-02-03 01:11:15.739] [info] [spider.worker] [TIMING] task_id=2368850b-d69b-4b96-a1e2-ff0a8a77c896 storage_connect_start=510317946 storage_connect_end=510317948 storage_connect_duration_ms=1 phase=pre_execution
[2026-02-03 01:11:15.740] [info] [spider.worker] [TIMING] task_id=2368850b-d69b-4b96-a1e2-ff0a8a77c896 func=job_orchestration.executor.query.spider_search_task.search_without_channel fetch_input_start=510317948 fetch_input_end=510317949 fetch_input_duration_ms=0
[2026-02-03 01:11:15.741] [info] [spider.worker] [TIMING] task_id=2368850b-d69b-4b96-a1e2-ff0a8a77c896 func=job_orchestration.executor.query.spider_search_task.search_without_channel input_send_start=510317949 input_send_end=510317949 input_send_duration_ms=0 bytes=612
[2026-02-03 01:11:15.741] [info] [spider.worker] [TIMING] task_id=2368850b-d69b-4b96-a1e2-ff0a8a77c896 func=job_orchestration.executor.query.spider_search_task.search_without_channel spawn_start=510317949 spawn_end=510317949 spawn_duration_ms=0
[2026-02-03 01:11:17.067] [info] [spider.worker] [TIMING] task_id=2368850b-d69b-4b96-a1e2-ff0a8a77c896 func=job_orchestration.executor.query.spider_search_task.search_without_channel execution_start=510317949 execution_end=510319275 execution_duration_ms=1325
[2026-02-03 01:11:17.069] [info] [spider.worker] [TIMING] task_id=2368850b-d69b-4b96-a1e2-ff0a8a77c896 func=job_orchestration.executor.query.spider_search_task.search_without_channel storage_connect_start=510319275 storage_connect_end=510319277 storage_connect_duration_ms=2 phase=handle_result
[2026-02-03 01:11:17.107] [info] [spider.worker] [TIMING] task_id=2368850b-d69b-4b96-a1e2-ff0a8a77c896 func=job_orchestration.executor.query.spider_search_task.search_without_channel submit_output_start=510319277 submit_output_end=510319315 submit_output_duration_ms=38
[2026-02-03 01:11:17.129] [info] [spider.worker] [TIMING] worker_id=27babf96-41ca-4466-a031-22a7dca58492 task_id=93eba6e8-c564-44cf-858b-0f82b60f6d41 get_next_task request_start=510319318 connect_end=510319319 send_end=510319319 receive_end=510319319 connect_duration_ms=1 send_duration_ms=0 receive_duration_ms=0 total_duration_ms=1
[2026-02-03 01:11:17.131] [info] [spider.worker] [TIMING] task_id=93eba6e8-c564-44cf-858b-0f82b60f6d41 storage_connect_start=510319338 storage_connect_end=510319339 storage_connect_duration_ms=1 phase=pre_execution
[2026-02-03 01:11:17.132] [info] [spider.worker] [TIMING] task_id=93eba6e8-c564-44cf-858b-0f82b60f6d41 func=job_orchestration.executor.query.spider_search_task.search_without_channel fetch_input_start=510319339 fetch_input_end=510319340 fetch_input_duration_ms=1
[2026-02-03 01:11:17.133] [info] [spider.worker] [TIMING] task_id=93eba6e8-c564-44cf-858b-0f82b60f6d41 func=job_orchestration.executor.query.spider_search_task.search_without_channel input_send_start=510319341 input_send_end=510319341 input_send_duration_ms=0 bytes=612
[2026-02-03 01:11:17.133] [info] [spider.worker] [TIMING] task_id=93eba6e8-c564-44cf-858b-0f82b60f6d41 func=job_orchestration.executor.query.spider_search_task.search_without_channel spawn_start=510319341 spawn_end=510319341 spawn_duration_ms=0
[2026-02-03 01:11:18.268] [info] [spider.worker] [TIMING] task_id=93eba6e8-c564-44cf-858b-0f82b60f6d41 func=job_orchestration.executor.query.spider_search_task.search_without_channel execution_start=510319341 execution_end=510320476 execution_duration_ms=1134
[2026-02-03 01:11:18.277] [info] [spider.worker] [TIMING] task_id=93eba6e8-c564-44cf-858b-0f82b60f6d41 func=job_orchestration.executor.query.spider_search_task.search_without_channel storage_connect_start=510320476 storage_connect_end=510320485 storage_connect_duration_ms=8 phase=handle_result
[2026-02-03 01:11:18.296] [info] [spider.worker] [TIMING] task_id=93eba6e8-c564-44cf-858b-0f82b60f6d41 func=job_orchestration.executor.query.spider_search_task.search_without_channel submit_output_start=510320485 submit_output_end=510320504 submit_output_duration_ms=19
[2026-02-03 01:11:18.313] [info] [spider.worker] [TIMING] worker_id=27babf96-41ca-4466-a031-22a7dca58492 task_id=2f9ebba9-14c9-47c9-a1f2-03a93a78bd34 get_next_task request_start=510320507 connect_end=510320508 send_end=510320508 receive_end=510320508 connect_duration_ms=1 send_duration_ms=0 receive_duration_ms=0 total_duration_ms=1
[2026-02-03 01:11:18.314] [info] [spider.worker] [TIMING] task_id=2f9ebba9-14c9-47c9-a1f2-03a93a78bd34 storage_connect_start=510320521 storage_connect_end=510320523 storage_connect_duration_ms=1 phase=pre_execution
[2026-02-03 01:11:18.315] [info] [spider.worker] [TIMING] task_id=2f9ebba9-14c9-47c9-a1f2-03a93a78bd34 func=job_orchestration.executor.query.spider_search_task.search_without_channel fetch_input_start=510320523 fetch_input_end=510320524 fetch_input_duration_ms=0
[2026-02-03 01:11:18.316] [info] [spider.worker] [TIMING] task_id=2f9ebba9-14c9-47c9-a1f2-03a93a78bd34 func=job_orchestration.executor.query.spider_search_task.search_without_channel input_send_start=510320524 input_send_end=510320524 input_send_duration_ms=0 bytes=612
[2026-02-03 01:11:18.316] [info] [spider.worker] [TIMING] task_id=2f9ebba9-14c9-47c9-a1f2-03a93a78bd34 func=job_orchestration.executor.query.spider_search_task.search_without_channel spawn_start=510320524 spawn_end=510320524 spawn_duration_ms=0
[2026-02-03 01:11:19.592] [info] [spider.worker] [TIMING] task_id=2f9ebba9-14c9-47c9-a1f2-03a93a78bd34 func=job_orchestration.executor.query.spider_search_task.search_without_channel execution_start=510320524 execution_end=510321801 execution_duration_ms=1276
[2026-02-03 01:11:19.593] [info] [spider.worker] [TIMING] task_id=2f9ebba9-14c9-47c9-a1f2-03a93a78bd34 func=job_orchestration.executor.query.spider_search_task.search_without_channel storage_connect_start=510321801 storage_connect_end=510321802 storage_connect_duration_ms=1 phase=handle_result
[2026-02-03 01:11:19.604] [info] [spider.worker] [TIMING] task_id=2f9ebba9-14c9-47c9-a1f2-03a93a78bd34 func=job_orchestration.executor.query.spider_search_task.search_without_channel submit_output_start=510321802 submit_output_end=510321813 submit_output_duration_ms=10
[2026-02-03 01:11:19.664] [info] [spider.worker] [TIMING] worker_id=27babf96-41ca-4466-a031-22a7dca58492 task_id=596e88b7-43d6-4a02-80c6-1bb5da2eecdd get_next_task request_start=510321815 connect_end=510321816 send_end=510321816 receive_end=510321816 connect_duration_ms=1 send_duration_ms=0 receive_duration_ms=0 total_duration_ms=1
[2026-02-03 01:11:19.665] [info] [spider.worker] [TIMING] task_id=596e88b7-43d6-4a02-80c6-1bb5da2eecdd storage_connect_start=510321872 storage_connect_end=510321873 storage_connect_duration_ms=1 phase=pre_execution
[2026-02-03 01:11:19.666] [info] [spider.worker] [TIMING] task_id=596e88b7-43d6-4a02-80c6-1bb5da2eecdd func=job_orchestration.executor.query.spider_search_task.search_without_channel fetch_input_start=510321873 fetch_input_end=510321874 fetch_input_duration_ms=0
[2026-02-03 01:11:19.666] [info] [spider.worker] [TIMING] task_id=596e88b7-43d6-4a02-80c6-1bb5da2eecdd func=job_orchestration.executor.query.spider_search_task.search_without_channel input_send_start=510321874 input_send_end=510321874 input_send_duration_ms=0 bytes=612
[2026-02-03 01:11:19.666] [info] [spider.worker] [TIMING] task_id=596e88b7-43d6-4a02-80c6-1bb5da2eecdd func=job_orchestration.executor.query.spider_search_task.search_without_channel spawn_start=510321874 spawn_end=510321874 spawn_duration_ms=0
[2026-02-03 01:11:20.887] [info] [spider.worker] [TIMING] task_id=596e88b7-43d6-4a02-80c6-1bb5da2eecdd func=job_orchestration.executor.query.spider_search_task.search_without_channel execution_start=510321875 execution_end=510323095 execution_duration_ms=1220
[2026-02-03 01:11:20.900] [info] [spider.worker] [TIMING] task_id=596e88b7-43d6-4a02-80c6-1bb5da2eecdd func=job_orchestration.executor.query.spider_search_task.search_without_channel storage_connect_start=510323095 storage_connect_end=510323108 storage_connect_duration_ms=13 phase=handle_result
[2026-02-03 01:11:20.941] [info] [spider.worker] [TIMING] task_id=596e88b7-43d6-4a02-80c6-1bb5da2eecdd func=job_orchestration.executor.query.spider_search_task.search_without_channel submit_output_start=510323108 submit_output_end=510323149 submit_output_duration_ms=41
[2026-02-03 01:11:20.955] [info] [spider.worker] [TIMING] worker_id=27babf96-41ca-4466-a031-22a7dca58492 task_id=a6d36ad9-8d62-451c-adb6-c8e39665da65 get_next_task request_start=510323152 connect_end=510323153 send_end=510323153 receive_end=510323153 connect_duration_ms=1 send_duration_ms=0 receive_duration_ms=0 total_duration_ms=1
[2026-02-03 01:11:20.956] [info] [spider.worker] [TIMING] task_id=a6d36ad9-8d62-451c-adb6-c8e39665da65 storage_connect_start=510323163 storage_connect_end=510323165 storage_connect_duration_ms=1 phase=pre_execution
[2026-02-03 01:11:20.957] [info] [spider.worker] [TIMING] task_id=a6d36ad9-8d62-451c-adb6-c8e39665da65 func=job_orchestration.executor.query.spider_search_task.search_without_channel fetch_input_start=510323165 fetch_input_end=510323165 fetch_input_duration_ms=0
[2026-02-03 01:11:20.958] [info] [spider.worker] [TIMING] task_id=a6d36ad9-8d62-451c-adb6-c8e39665da65 func=job_orchestration.executor.query.spider_search_task.search_without_channel input_send_start=510323166 input_send_end=510323166 input_send_duration_ms=0 bytes=612
[2026-02-03 01:11:20.958] [info] [spider.worker] [TIMING] task_id=a6d36ad9-8d62-451c-adb6-c8e39665da65 func=job_orchestration.executor.query.spider_search_task.search_without_channel spawn_start=510323166 spawn_end=510323166 spawn_duration_ms=0
[2026-02-03 01:11:22.244] [info] [spider.worker] [TIMING] task_id=a6d36ad9-8d62-451c-adb6-c8e39665da65 func=job_orchestration.executor.query.spider_search_task.search_without_channel execution_start=510323166 execution_end=510324453 execution_duration_ms=1286
[2026-02-03 01:11:22.246] [info] [spider.worker] [TIMING] task_id=a6d36ad9-8d62-451c-adb6-c8e39665da65 func=job_orchestration.executor.query.spider_search_task.search_without_channel storage_connect_start=510324453 storage_connect_end=510324454 storage_connect_duration_ms=1 phase=handle_result
[2026-02-03 01:11:22.288] [info] [spider.worker] [TIMING] task_id=a6d36ad9-8d62-451c-adb6-c8e39665da65 func=job_orchestration.executor.query.spider_search_task.search_without_channel submit_output_start=510324454 submit_output_end=510324497 submit_output_duration_ms=42
[2026-02-03 01:11:22.320] [info] [spider.worker] [TIMING] worker_id=27babf96-41ca-4466-a031-22a7dca58492 task_id=80ca706f-86a5-440d-af81-c44a7f727079 get_next_task request_start=510324499 connect_end=510324500 send_end=510324500 receive_end=510324500 connect_duration_ms=1 send_duration_ms=0 receive_duration_ms=0 total_duration_ms=1
[2026-02-03 01:11:22.322] [info] [spider.worker] [TIMING] task_id=80ca706f-86a5-440d-af81-c44a7f727079 storage_connect_start=510324528 storage_connect_end=510324530 storage_connect_duration_ms=1 phase=pre_execution
[2026-02-03 01:11:22.323] [info] [spider.worker] [TIMING] task_id=80ca706f-86a5-440d-af81-c44a7f727079 func=job_orchestration.executor.query.spider_search_task.search_without_channel fetch_input_start=510324530 fetch_input_end=510324531 fetch_input_duration_ms=1
[2026-02-03 01:11:22.323] [info] [spider.worker] [TIMING] task_id=80ca706f-86a5-440d-af81-c44a7f727079 func=job_orchestration.executor.query.spider_search_task.search_without_channel input_send_start=510324532 input_send_end=510324532 input_send_duration_ms=0 bytes=612
[2026-02-03 01:11:22.323] [info] [spider.worker] [TIMING] task_id=80ca706f-86a5-440d-af81-c44a7f727079 func=job_orchestration.executor.query.spider_search_task.search_without_channel spawn_start=510324531 spawn_end=510324532 spawn_duration_ms=0
[2026-02-03 01:11:23.648] [info] [spider.worker] [TIMING] task_id=80ca706f-86a5-440d-af81-c44a7f727079 func=job_orchestration.executor.query.spider_search_task.search_without_channel execution_start=510324532 execution_end=510325857 execution_duration_ms=1324
[2026-02-03 01:11:23.650] [info] [spider.worker] [TIMING] task_id=80ca706f-86a5-440d-af81-c44a7f727079 func=job_orchestration.executor.query.spider_search_task.search_without_channel storage_connect_start=510325857 storage_connect_end=510325858 storage_connect_duration_ms=1 phase=handle_result
[2026-02-03 01:11:23.664] [info] [spider.worker] [TIMING] task_id=80ca706f-86a5-440d-af81-c44a7f727079 func=job_orchestration.executor.query.spider_search_task.search_without_channel submit_output_start=510325858 submit_output_end=510325872 submit_output_duration_ms=13
[2026-02-03 01:11:23.680] [info] [spider.worker] [TIMING] worker_id=27babf96-41ca-4466-a031-22a7dca58492 task_id=3bf3cac3-119e-43ed-9430-6b0fd69c7f43 get_next_task request_start=510325874 connect_end=510325876 send_end=510325876 receive_end=510325876 connect_duration_ms=1 send_duration_ms=0 receive_duration_ms=0 total_duration_ms=1
[2026-02-03 01:11:23.682] [info] [spider.worker] [TIMING] task_id=3bf3cac3-119e-43ed-9430-6b0fd69c7f43 storage_connect_start=510325889 storage_connect_end=510325890 storage_connect_duration_ms=1 phase=pre_execution
[2026-02-03 01:11:23.683] [info] [spider.worker] [TIMING] task_id=3bf3cac3-119e-43ed-9430-6b0fd69c7f43 func=job_orchestration.executor.query.spider_search_task.search_without_channel fetch_input_start=510325890 fetch_input_end=510325891 fetch_input_duration_ms=0
[2026-02-03 01:11:23.684] [info] [spider.worker] [TIMING] task_id=3bf3cac3-119e-43ed-9430-6b0fd69c7f43 func=job_orchestration.executor.query.spider_search_task.search_without_channel input_send_start=510325892 input_send_end=510325892 input_send_duration_ms=0 bytes=612
[2026-02-03 01:11:23.684] [info] [spider.worker] [TIMING] task_id=3bf3cac3-119e-43ed-9430-6b0fd69c7f43 func=job_orchestration.executor.query.spider_search_task.search_without_channel spawn_start=510325891 spawn_end=510325892 spawn_duration_ms=0
[2026-02-03 01:11:24.932] [info] [spider.worker] [TIMING] task_id=3bf3cac3-119e-43ed-9430-6b0fd69c7f43 func=job_orchestration.executor.query.spider_search_task.search_without_channel execution_start=510325892 execution_end=510327140 execution_duration_ms=1247
[2026-02-03 01:11:24.933] [info] [spider.worker] [TIMING] task_id=3bf3cac3-119e-43ed-9430-6b0fd69c7f43 func=job_orchestration.executor.query.spider_search_task.search_without_channel storage_connect_start=510327140 storage_connect_end=510327141 storage_connect_duration_ms=1 phase=handle_result
[2026-02-03 01:11:24.960] [info] [spider.worker] [TIMING] task_id=3bf3cac3-119e-43ed-9430-6b0fd69c7f43 func=job_orchestration.executor.query.spider_search_task.search_without_channel submit_output_start=510327141 submit_output_end=510327168 submit_output_duration_ms=26
[2026-02-03 01:11:24.980] [info] [spider.worker] [TIMING] worker_id=27babf96-41ca-4466-a031-22a7dca58492 task_id=243f4e30-4da1-4510-bc17-e92dabcaff62 get_next_task request_start=510327170 connect_end=510327172 send_end=510327172 receive_end=510327172 connect_duration_ms=1 send_duration_ms=0 receive_duration_ms=0 total_duration_ms=1
[2026-02-03 01:11:24.982] [info] [spider.worker] [TIMING] task_id=243f4e30-4da1-4510-bc17-e92dabcaff62 storage_connect_start=510327189 storage_connect_end=510327190 storage_connect_duration_ms=1 phase=pre_execution
[2026-02-03 01:11:24.983] [info] [spider.worker] [TIMING] task_id=243f4e30-4da1-4510-bc17-e92dabcaff62 func=job_orchestration.executor.query.spider_search_task.search_without_channel fetch_input_start=510327190 fetch_input_end=510327191 fetch_input_duration_ms=1
[2026-02-03 01:11:24.984] [info] [spider.worker] [TIMING] task_id=243f4e30-4da1-4510-bc17-e92dabcaff62 func=job_orchestration.executor.query.spider_search_task.search_without_channel input_send_start=510327192 input_send_end=510327192 input_send_duration_ms=0 bytes=612
[2026-02-03 01:11:24.984] [info] [spider.worker] [TIMING] task_id=243f4e30-4da1-4510-bc17-e92dabcaff62 func=job_orchestration.executor.query.spider_search_task.search_without_channel spawn_start=510327192 spawn_end=510327192 spawn_duration_ms=0
[2026-02-03 01:11:26.298] [info] [spider.worker] [TIMING] task_id=243f4e30-4da1-4510-bc17-e92dabcaff62 func=job_orchestration.executor.query.spider_search_task.search_without_channel execution_start=510327192 execution_end=510328507 execution_duration_ms=1314
[2026-02-03 01:11:26.300] [info] [spider.worker] [TIMING] task_id=243f4e30-4da1-4510-bc17-e92dabcaff62 func=job_orchestration.executor.query.spider_search_task.search_without_channel storage_connect_start=510328507 storage_connect_end=510328508 storage_connect_duration_ms=1 phase=handle_result
[2026-02-03 01:11:26.314] [info] [spider.worker] [TIMING] task_id=243f4e30-4da1-4510-bc17-e92dabcaff62 func=job_orchestration.executor.query.spider_search_task.search_without_channel submit_output_start=510328508 submit_output_end=510328522 submit_output_duration_ms=14
[2026-02-03 01:11:26.331] [info] [spider.worker] [TIMING] worker_id=27babf96-41ca-4466-a031-22a7dca58492 task_id=ca61e1db-b969-4c03-aac5-c74933b6f78b get_next_task request_start=510328524 connect_end=510328526 send_end=510328526 receive_end=510328526 connect_duration_ms=1 send_duration_ms=0 receive_duration_ms=0 total_duration_ms=1
[2026-02-03 01:11:26.333] [info] [spider.worker] [TIMING] task_id=ca61e1db-b969-4c03-aac5-c74933b6f78b storage_connect_start=510328539 storage_connect_end=510328541 storage_connect_duration_ms=1 phase=pre_execution
[2026-02-03 01:11:26.334] [info] [spider.worker] [TIMING] task_id=ca61e1db-b969-4c03-aac5-c74933b6f78b func=job_orchestration.executor.query.spider_search_task.search_without_channel fetch_input_start=510328541 fetch_input_end=510328542 fetch_input_duration_ms=1
[2026-02-03 01:11:26.334] [info] [spider.worker] [TIMING] task_id=ca61e1db-b969-4c03-aac5-c74933b6f78b func=job_orchestration.executor.query.spider_search_task.search_without_channel input_send_start=510328543 input_send_end=510328543 input_send_duration_ms=0 bytes=612
[2026-02-03 01:11:26.334] [info] [spider.worker] [TIMING] task_id=ca61e1db-b969-4c03-aac5-c74933b6f78b func=job_orchestration.executor.query.spider_search_task.search_without_channel spawn_start=510328542 spawn_end=510328543 spawn_duration_ms=0
[2026-02-03 01:11:27.717] [info] [spider.worker] [TIMING] task_id=ca61e1db-b969-4c03-aac5-c74933b6f78b func=job_orchestration.executor.query.spider_search_task.search_without_channel execution_start=510328543 execution_end=510329925 execution_duration_ms=1381
[2026-02-03 01:11:27.718] [info] [spider.worker] [TIMING] task_id=ca61e1db-b969-4c03-aac5-c74933b6f78b func=job_orchestration.executor.query.spider_search_task.search_without_channel storage_connect_start=510329925 storage_connect_end=510329927 storage_connect_duration_ms=1 phase=handle_result
[2026-02-03 01:11:27.750] [info] [spider.worker] [TIMING] task_id=ca61e1db-b969-4c03-aac5-c74933b6f78b func=job_orchestration.executor.query.spider_search_task.search_without_channel submit_output_start=510329927 submit_output_end=510329958 submit_output_duration_ms=31
[2026-02-03 01:11:27.764] [info] [spider.worker] [TIMING] worker_id=27babf96-41ca-4466-a031-22a7dca58492 task_id=2d78f666-8401-49e2-9423-e9569ebc3259 get_next_task request_start=510329960 connect_end=510329961 send_end=510329961 receive_end=510329962 connect_duration_ms=1 send_duration_ms=0 receive_duration_ms=0 total_duration_ms=1
[2026-02-03 01:11:27.766] [info] [spider.worker] [TIMING] task_id=2d78f666-8401-49e2-9423-e9569ebc3259 storage_connect_start=510329973 storage_connect_end=510329975 storage_connect_duration_ms=1 phase=pre_execution
[2026-02-03 01:11:27.768] [info] [spider.worker] [TIMING] task_id=2d78f666-8401-49e2-9423-e9569ebc3259 func=job_orchestration.executor.query.spider_search_task.search_without_channel fetch_input_start=510329975 fetch_input_end=510329976 fetch_input_duration_ms=1
[2026-02-03 01:11:27.768] [info] [spider.worker] [TIMING] task_id=2d78f666-8401-49e2-9423-e9569ebc3259 func=job_orchestration.executor.query.spider_search_task.search_without_channel input_send_start=510329977 input_send_end=510329977 input_send_duration_ms=0 bytes=612
[2026-02-03 01:11:27.768] [info] [spider.worker] [TIMING] task_id=2d78f666-8401-49e2-9423-e9569ebc3259 func=job_orchestration.executor.query.spider_search_task.search_without_channel spawn_start=510329976 spawn_end=510329977 spawn_duration_ms=0
[2026-02-03 01:11:29.030] [info] [spider.worker] [TIMING] task_id=2d78f666-8401-49e2-9423-e9569ebc3259 func=job_orchestration.executor.query.spider_search_task.search_without_channel execution_start=510329977 execution_end=510331238 execution_duration_ms=1261
[2026-02-03 01:11:29.032] [info] [spider.worker] [TIMING] task_id=2d78f666-8401-49e2-9423-e9569ebc3259 func=job_orchestration.executor.query.spider_search_task.search_without_channel storage_connect_start=510331238 storage_connect_end=510331241 storage_connect_duration_ms=2 phase=handle_result
[2026-02-03 01:11:29.040] [info] [spider.worker] [TIMING] task_id=2d78f666-8401-49e2-9423-e9569ebc3259 func=job_orchestration.executor.query.spider_search_task.search_without_channel submit_output_start=510331241 submit_output_end=510331248 submit_output_duration_ms=7
[2026-02-03 01:11:29.056] [info] [spider.worker] [TIMING] worker_id=27babf96-41ca-4466-a031-22a7dca58492 task_id=5ef5881c-d0e3-4e1d-8a62-c093077e3239 get_next_task request_start=510331250 connect_end=510331252 send_end=510331252 receive_end=510331252 connect_duration_ms=1 send_duration_ms=0 receive_duration_ms=0 total_duration_ms=1
[2026-02-03 01:11:29.058] [info] [spider.worker] [TIMING] task_id=5ef5881c-d0e3-4e1d-8a62-c093077e3239 storage_connect_start=510331265 storage_connect_end=510331267 storage_connect_duration_ms=1 phase=pre_execution
[2026-02-03 01:11:29.059] [info] [spider.worker] [TIMING] task_id=5ef5881c-d0e3-4e1d-8a62-c093077e3239 func=job_orchestration.executor.query.spider_search_task.search_without_channel fetch_input_start=510331267 fetch_input_end=510331268 fetch_input_duration_ms=1
[2026-02-03 01:11:29.060] [info] [spider.worker] [TIMING] task_id=5ef5881c-d0e3-4e1d-8a62-c093077e3239 func=job_orchestration.executor.query.spider_search_task.search_without_channel input_send_start=510331268 input_send_end=510331268 input_send_duration_ms=0 bytes=612
[2026-02-03 01:11:29.060] [info] [spider.worker] [TIMING] task_id=5ef5881c-d0e3-4e1d-8a62-c093077e3239 func=job_orchestration.executor.query.spider_search_task.search_without_channel spawn_start=510331268 spawn_end=510331268 spawn_duration_ms=0
[2026-02-03 01:11:30.554] [info] [spider.worker] [TIMING] task_id=5ef5881c-d0e3-4e1d-8a62-c093077e3239 func=job_orchestration.executor.query.spider_search_task.search_without_channel execution_start=510331268 execution_end=510332762 execution_duration_ms=1493
[2026-02-03 01:11:30.556] [info] [spider.worker] [TIMING] task_id=5ef5881c-d0e3-4e1d-8a62-c093077e3239 func=job_orchestration.executor.query.spider_search_task.search_without_channel storage_connect_start=510332762 storage_connect_end=510332765 storage_connect_duration_ms=2 phase=handle_result
[2026-02-03 01:11:30.573] [info] [spider.worker] [TIMING] task_id=5ef5881c-d0e3-4e1d-8a62-c093077e3239 func=job_orchestration.executor.query.spider_search_task.search_without_channel submit_output_start=510332765 submit_output_end=510332782 submit_output_duration_ms=17
[2026-02-03 01:11:30.639] [info] [spider.worker] [TIMING] worker_id=27babf96-41ca-4466-a031-22a7dca58492 task_id=cc32b695-930f-4485-b1b4-3c2e8e2c0b5f get_next_task request_start=510332784 connect_end=510332786 send_end=510332786 receive_end=510332786 connect_duration_ms=1 send_duration_ms=0 receive_duration_ms=0 total_duration_ms=1
[2026-02-03 01:11:30.641] [info] [spider.worker] [TIMING] task_id=cc32b695-930f-4485-b1b4-3c2e8e2c0b5f storage_connect_start=510332848 storage_connect_end=510332849 storage_connect_duration_ms=1 phase=pre_execution
[2026-02-03 01:11:30.642] [info] [spider.worker] [TIMING] task_id=cc32b695-930f-4485-b1b4-3c2e8e2c0b5f func=job_orchestration.executor.query.spider_search_task.search_without_channel fetch_input_start=510332849 fetch_input_end=510332851 fetch_input_duration_ms=1
[2026-02-03 01:11:30.643] [info] [spider.worker] [TIMING] task_id=cc32b695-930f-4485-b1b4-3c2e8e2c0b5f func=job_orchestration.executor.query.spider_search_task.search_without_channel input_send_start=510332851 input_send_end=510332851 input_send_duration_ms=0 bytes=612
[2026-02-03 01:11:30.643] [info] [spider.worker] [TIMING] task_id=cc32b695-930f-4485-b1b4-3c2e8e2c0b5f func=job_orchestration.executor.query.spider_search_task.search_without_channel spawn_start=510332851 spawn_end=510332851 spawn_duration_ms=0
[2026-02-03 01:11:32.097] [info] [spider.worker] [TIMING] task_id=cc32b695-930f-4485-b1b4-3c2e8e2c0b5f func=job_orchestration.executor.query.spider_search_task.search_without_channel execution_start=510332852 execution_end=510334305 execution_duration_ms=1453
[2026-02-03 01:11:32.099] [info] [spider.worker] [TIMING] task_id=cc32b695-930f-4485-b1b4-3c2e8e2c0b5f func=job_orchestration.executor.query.spider_search_task.search_without_channel storage_connect_start=510334305 storage_connect_end=510334307 storage_connect_duration_ms=2 phase=handle_result
[2026-02-03 01:11:32.140] [info] [spider.worker] [TIMING] task_id=cc32b695-930f-4485-b1b4-3c2e8e2c0b5f func=job_orchestration.executor.query.spider_search_task.search_without_channel submit_output_start=510334307 submit_output_end=510334349 submit_output_duration_ms=41
[2026-02-03 01:11:32.184] [info] [spider.worker] [TIMING] worker_id=27babf96-41ca-4466-a031-22a7dca58492 task_id=36dd7303-7112-4379-954d-b16a288e2fca get_next_task request_start=510334351 connect_end=510334352 send_end=510334352 receive_end=510334353 connect_duration_ms=1 send_duration_ms=0 receive_duration_ms=0 total_duration_ms=1
[2026-02-03 01:11:32.187] [info] [spider.worker] [TIMING] task_id=36dd7303-7112-4379-954d-b16a288e2fca storage_connect_start=510334393 storage_connect_end=510334395 storage_connect_duration_ms=2 phase=pre_execution
[2026-02-03 01:11:32.188] [info] [spider.worker] [TIMING] task_id=36dd7303-7112-4379-954d-b16a288e2fca func=job_orchestration.executor.query.spider_search_task.search_without_channel fetch_input_start=510334395 fetch_input_end=510334396 fetch_input_duration_ms=1
[2026-02-03 01:11:32.188] [info] [spider.worker] [TIMING] task_id=36dd7303-7112-4379-954d-b16a288e2fca func=job_orchestration.executor.query.spider_search_task.search_without_channel input_send_start=510334397 input_send_end=510334397 input_send_duration_ms=0 bytes=612
[2026-02-03 01:11:32.188] [info] [spider.worker] [TIMING] task_id=36dd7303-7112-4379-954d-b16a288e2fca func=job_orchestration.executor.query.spider_search_task.search_without_channel spawn_start=510334396 spawn_end=510334397 spawn_duration_ms=0
[2026-02-03 01:11:33.721] [info] [spider.worker] [TIMING] task_id=36dd7303-7112-4379-954d-b16a288e2fca func=job_orchestration.executor.query.spider_search_task.search_without_channel execution_start=510334397 execution_end=510335929 execution_duration_ms=1532
[2026-02-03 01:11:33.722] [info] [spider.worker] [TIMING] task_id=36dd7303-7112-4379-954d-b16a288e2fca func=job_orchestration.executor.query.spider_search_task.search_without_channel storage_connect_start=510335929 storage_connect_end=510335930 storage_connect_duration_ms=0 phase=handle_result
[2026-02-03 01:11:33.741] [info] [spider.worker] [TIMING] task_id=36dd7303-7112-4379-954d-b16a288e2fca func=job_orchestration.executor.query.spider_search_task.search_without_channel submit_output_start=510335930 submit_output_end=510335949 submit_output_duration_ms=18
[2026-02-03 01:11:33.773] [info] [spider.worker] [TIMING] worker_id=27babf96-41ca-4466-a031-22a7dca58492 task_id=08c7e3e8-23cd-4d94-8c59-8d6824cf4133 get_next_task request_start=510335951 connect_end=510335952 send_end=510335952 receive_end=510335952 connect_duration_ms=1 send_duration_ms=0 receive_duration_ms=0 total_duration_ms=1
[2026-02-03 01:11:33.775] [info] [spider.worker] [TIMING] task_id=08c7e3e8-23cd-4d94-8c59-8d6824cf4133 storage_connect_start=510335982 storage_connect_end=510335984 storage_connect_duration_ms=1 phase=pre_execution
[2026-02-03 01:11:33.777] [info] [spider.worker] [TIMING] task_id=08c7e3e8-23cd-4d94-8c59-8d6824cf4133 func=job_orchestration.executor.query.spider_search_task.search_without_channel fetch_input_start=510335984 fetch_input_end=510335985 fetch_input_duration_ms=1
[2026-02-03 01:11:33.777] [info] [spider.worker] [TIMING] task_id=08c7e3e8-23cd-4d94-8c59-8d6824cf4133 func=job_orchestration.executor.query.spider_search_task.search_without_channel input_send_start=510335985 input_send_end=510335985 input_send_duration_ms=0 bytes=612
[2026-02-03 01:11:33.777] [info] [spider.worker] [TIMING] task_id=08c7e3e8-23cd-4d94-8c59-8d6824cf4133 func=job_orchestration.executor.query.spider_search_task.search_without_channel spawn_start=510335985 spawn_end=510335985 spawn_duration_ms=0
[2026-02-03 01:11:35.086] [info] [spider.worker] [TIMING] task_id=08c7e3e8-23cd-4d94-8c59-8d6824cf4133 func=job_orchestration.executor.query.spider_search_task.search_without_channel execution_start=510335986 execution_end=510337294 execution_duration_ms=1308
[2026-02-03 01:11:35.087] [info] [spider.worker] [TIMING] task_id=08c7e3e8-23cd-4d94-8c59-8d6824cf4133 func=job_orchestration.executor.query.spider_search_task.search_without_channel storage_connect_start=510337294 storage_connect_end=510337295 storage_connect_duration_ms=1 phase=handle_result
[2026-02-03 01:11:35.099] [info] [spider.worker] [TIMING] task_id=08c7e3e8-23cd-4d94-8c59-8d6824cf4133 func=job_orchestration.executor.query.spider_search_task.search_without_channel submit_output_start=510337295 submit_output_end=510337308 submit_output_duration_ms=12
[2026-02-03 01:11:35.136] [info] [spider.worker] [TIMING] worker_id=27babf96-41ca-4466-a031-22a7dca58492 task_id=55a420a4-ec5a-4aaf-ad83-0df067756656 get_next_task request_start=510337310 connect_end=510337311 send_end=510337311 receive_end=510337311 connect_duration_ms=1 send_duration_ms=0 receive_duration_ms=0 total_duration_ms=1
[2026-02-03 01:11:35.137] [info] [spider.worker] [TIMING] task_id=55a420a4-ec5a-4aaf-ad83-0df067756656 storage_connect_start=510337344 storage_connect_end=510337346 storage_connect_duration_ms=1 phase=pre_execution
[2026-02-03 01:11:35.138] [info] [spider.worker] [TIMING] task_id=55a420a4-ec5a-4aaf-ad83-0df067756656 func=job_orchestration.executor.query.spider_search_task.search_without_channel fetch_input_start=510337346 fetch_input_end=510337347 fetch_input_duration_ms=0
[2026-02-03 01:11:35.139] [info] [spider.worker] [TIMING] task_id=55a420a4-ec5a-4aaf-ad83-0df067756656 func=job_orchestration.executor.query.spider_search_task.search_without_channel input_send_start=510337347 input_send_end=510337347 input_send_duration_ms=0 bytes=612
[2026-02-03 01:11:35.139] [info] [spider.worker] [TIMING] task_id=55a420a4-ec5a-4aaf-ad83-0df067756656 func=job_orchestration.executor.query.spider_search_task.search_without_channel spawn_start=510337347 spawn_end=510337347 spawn_duration_ms=0
[2026-02-03 01:11:36.677] [info] [spider.worker] [TIMING] task_id=55a420a4-ec5a-4aaf-ad83-0df067756656 func=job_orchestration.executor.query.spider_search_task.search_without_channel execution_start=510337347 execution_end=510338885 execution_duration_ms=1537
[2026-02-03 01:11:36.678] [info] [spider.worker] [TIMING] task_id=55a420a4-ec5a-4aaf-ad83-0df067756656 func=job_orchestration.executor.query.spider_search_task.search_without_channel storage_connect_start=510338885 storage_connect_end=510338886 storage_connect_duration_ms=1 phase=handle_result
[2026-02-03 01:11:36.708] [info] [spider.worker] [TIMING] task_id=55a420a4-ec5a-4aaf-ad83-0df067756656 func=job_orchestration.executor.query.spider_search_task.search_without_channel submit_output_start=510338886 submit_output_end=510338917 submit_output_duration_ms=30
[2026-02-03 01:11:36.758] [info] [spider.worker] [TIMING] worker_id=27babf96-41ca-4466-a031-22a7dca58492 task_id=a7ce0990-027f-40ac-be5b-41563b8211e4 get_next_task request_start=510338919 connect_end=510338920 send_end=510338920 receive_end=510338920 connect_duration_ms=1 send_duration_ms=0 receive_duration_ms=0 total_duration_ms=1
[2026-02-03 01:11:36.760] [info] [spider.worker] [TIMING] task_id=a7ce0990-027f-40ac-be5b-41563b8211e4 storage_connect_start=510338967 storage_connect_end=510338969 storage_connect_duration_ms=2 phase=pre_execution
[2026-02-03 01:11:36.762] [info] [spider.worker] [TIMING] task_id=a7ce0990-027f-40ac-be5b-41563b8211e4 func=job_orchestration.executor.query.spider_search_task.search_without_channel fetch_input_start=510338969 fetch_input_end=510338970 fetch_input_duration_ms=1
[2026-02-03 01:11:36.762] [info] [spider.worker] [TIMING] task_id=a7ce0990-027f-40ac-be5b-41563b8211e4 func=job_orchestration.executor.query.spider_search_task.search_without_channel input_send_start=510338971 input_send_end=510338971 input_send_duration_ms=0 bytes=612
[2026-02-03 01:11:36.762] [info] [spider.worker] [TIMING] task_id=a7ce0990-027f-40ac-be5b-41563b8211e4 func=job_orchestration.executor.query.spider_search_task.search_without_channel spawn_start=510338970 spawn_end=510338971 spawn_duration_ms=0
[2026-02-03 01:11:38.180] [info] [spider.worker] [TIMING] task_id=a7ce0990-027f-40ac-be5b-41563b8211e4 func=job_orchestration.executor.query.spider_search_task.search_without_channel execution_start=510338971 execution_end=510340388 execution_duration_ms=1417
[2026-02-03 01:11:38.181] [info] [spider.worker] [TIMING] task_id=a7ce0990-027f-40ac-be5b-41563b8211e4 func=job_orchestration.executor.query.spider_search_task.search_without_channel storage_connect_start=510340388 storage_connect_end=510340389 storage_connect_duration_ms=1 phase=handle_result
[2026-02-03 01:11:38.225] [info] [spider.worker] [TIMING] task_id=a7ce0990-027f-40ac-be5b-41563b8211e4 func=job_orchestration.executor.query.spider_search_task.search_without_channel submit_output_start=510340390 submit_output_end=510340433 submit_output_duration_ms=43
[2026-02-03 01:11:38.241] [info] [spider.worker] [TIMING] worker_id=27babf96-41ca-4466-a031-22a7dca58492 task_id=7cca8825-a85a-4b86-b5c6-414788d5c93a get_next_task request_start=510340436 connect_end=510340437 send_end=510340437 receive_end=510340437 connect_duration_ms=1 send_duration_ms=0 receive_duration_ms=0 total_duration_ms=1
[2026-02-03 01:11:38.243] [info] [spider.worker] [TIMING] task_id=7cca8825-a85a-4b86-b5c6-414788d5c93a storage_connect_start=510340450 storage_connect_end=510340452 storage_connect_duration_ms=1 phase=pre_execution
[2026-02-03 01:11:38.245] [info] [spider.worker] [TIMING] task_id=7cca8825-a85a-4b86-b5c6-414788d5c93a func=job_orchestration.executor.query.spider_search_task.search_without_channel fetch_input_start=510340452 fetch_input_end=510340453 fetch_input_duration_ms=1
[2026-02-03 01:11:38.245] [info] [spider.worker] [TIMING] task_id=7cca8825-a85a-4b86-b5c6-414788d5c93a func=job_orchestration.executor.query.spider_search_task.search_without_channel input_send_start=510340453 input_send_end=510340453 input_send_duration_ms=0 bytes=612
[2026-02-03 01:11:38.245] [info] [spider.worker] [TIMING] task_id=7cca8825-a85a-4b86-b5c6-414788d5c93a func=job_orchestration.executor.query.spider_search_task.search_without_channel spawn_start=510340453 spawn_end=510340453 spawn_duration_ms=0
[2026-02-03 01:11:39.450] [info] [spider.worker] [TIMING] task_id=7cca8825-a85a-4b86-b5c6-414788d5c93a func=job_orchestration.executor.query.spider_search_task.search_without_channel execution_start=510340454 execution_end=510341659 execution_duration_ms=1205
[2026-02-03 01:11:39.452] [info] [spider.worker] [TIMING] task_id=7cca8825-a85a-4b86-b5c6-414788d5c93a func=job_orchestration.executor.query.spider_search_task.search_without_channel storage_connect_start=510341659 storage_connect_end=510341660 storage_connect_duration_ms=1 phase=handle_result
[2026-02-03 01:11:39.467] [info] [spider.worker] [TIMING] task_id=7cca8825-a85a-4b86-b5c6-414788d5c93a func=job_orchestration.executor.query.spider_search_task.search_without_channel submit_output_start=510341660 submit_output_end=510341675 submit_output_duration_ms=14
[2026-02-03 01:11:39.508] [info] [spider.worker] [TIMING] worker_id=27babf96-41ca-4466-a031-22a7dca58492 task_id=3592fd9a-87f4-4d39-acae-c81b72718f8a get_next_task request_start=510341677 connect_end=510341678 send_end=510341678 receive_end=510341679 connect_duration_ms=1 send_duration_ms=0 receive_duration_ms=0 total_duration_ms=1
[2026-02-03 01:11:39.510] [info] [spider.worker] [TIMING] task_id=3592fd9a-87f4-4d39-acae-c81b72718f8a storage_connect_start=510341717 storage_connect_end=510341718 storage_connect_duration_ms=1 phase=pre_execution
[2026-02-03 01:11:39.511] [info] [spider.worker] [TIMING] task_id=3592fd9a-87f4-4d39-acae-c81b72718f8a func=job_orchestration.executor.query.spider_search_task.search_without_channel fetch_input_start=510341718 fetch_input_end=510341719 fetch_input_duration_ms=0
[2026-02-03 01:11:39.511] [info] [spider.worker] [TIMING] task_id=3592fd9a-87f4-4d39-acae-c81b72718f8a func=job_orchestration.executor.query.spider_search_task.search_without_channel input_send_start=510341720 input_send_end=510341720 input_send_duration_ms=0 bytes=612
[2026-02-03 01:11:39.511] [info] [spider.worker] [TIMING] task_id=3592fd9a-87f4-4d39-acae-c81b72718f8a func=job_orchestration.executor.query.spider_search_task.search_without_channel spawn_start=510341719 spawn_end=510341720 spawn_duration_ms=0
[2026-02-03 01:11:40.893] [info] [spider.worker] [TIMING] task_id=3592fd9a-87f4-4d39-acae-c81b72718f8a func=job_orchestration.executor.query.spider_search_task.search_without_channel execution_start=510341720 execution_end=510343102 execution_duration_ms=1381
[2026-02-03 01:11:40.895] [info] [spider.worker] [TIMING] task_id=3592fd9a-87f4-4d39-acae-c81b72718f8a func=job_orchestration.executor.query.spider_search_task.search_without_channel storage_connect_start=510343102 storage_connect_end=510343103 storage_connect_duration_ms=1 phase=handle_result
[2026-02-03 01:11:40.950] [info] [spider.worker] [TIMING] task_id=3592fd9a-87f4-4d39-acae-c81b72718f8a func=job_orchestration.executor.query.spider_search_task.search_without_channel submit_output_start=510343103 submit_output_end=510343159 submit_output_duration_ms=55
[2026-02-03 01:11:40.985] [info] [spider.worker] [TIMING] worker_id=27babf96-41ca-4466-a031-22a7dca58492 task_id=87ee0236-9e71-4664-b0dc-2aad3e673013 get_next_task request_start=510343161 connect_end=510343162 send_end=510343162 receive_end=510343163 connect_duration_ms=1 send_duration_ms=0 receive_duration_ms=0 total_duration_ms=1
[2026-02-03 01:11:40.987] [info] [spider.worker] [TIMING] task_id=87ee0236-9e71-4664-b0dc-2aad3e673013 storage_connect_start=510343193 storage_connect_end=510343195 storage_connect_duration_ms=1 phase=pre_execution
[2026-02-03 01:11:40.988] [info] [spider.worker] [TIMING] task_id=87ee0236-9e71-4664-b0dc-2aad3e673013 func=job_orchestration.executor.query.spider_search_task.search_without_channel fetch_input_start=510343195 fetch_input_end=510343196 fetch_input_duration_ms=1
[2026-02-03 01:11:40.988] [info] [spider.worker] [TIMING] task_id=87ee0236-9e71-4664-b0dc-2aad3e673013 func=job_orchestration.executor.query.spider_search_task.search_without_channel input_send_start=510343196 input_send_end=510343196 input_send_duration_ms=0 bytes=612
[2026-02-03 01:11:40.988] [info] [spider.worker] [TIMING] task_id=87ee0236-9e71-4664-b0dc-2aad3e673013 func=job_orchestration.executor.query.spider_search_task.search_without_channel spawn_start=510343196 spawn_end=510343197 spawn_duration_ms=0
[2026-02-03 01:11:42.649] [info] [spider.worker] [TIMING] task_id=87ee0236-9e71-4664-b0dc-2aad3e673013 func=job_orchestration.executor.query.spider_search_task.search_without_channel execution_start=510343197 execution_end=510344858 execution_duration_ms=1660
[2026-02-03 01:11:42.651] [info] [spider.worker] [TIMING] task_id=87ee0236-9e71-4664-b0dc-2aad3e673013 func=job_orchestration.executor.query.spider_search_task.search_without_channel storage_connect_start=510344858 storage_connect_end=510344859 storage_connect_duration_ms=1 phase=handle_result
[2026-02-03 01:11:42.689] [info] [spider.worker] [TIMING] task_id=87ee0236-9e71-4664-b0dc-2aad3e673013 func=job_orchestration.executor.query.spider_search_task.search_without_channel submit_output_start=510344859 submit_output_end=510344897 submit_output_duration_ms=37
[2026-02-03 01:11:42.717] [info] [spider.worker] [TIMING] worker_id=27babf96-41ca-4466-a031-22a7dca58492 task_id=f00c9c23-f5b9-4c0a-87a8-1f15405fa647 get_next_task request_start=510344899 connect_end=510344900 send_end=510344900 receive_end=510344900 connect_duration_ms=1 send_duration_ms=0 receive_duration_ms=0 total_duration_ms=1
[2026-02-03 01:11:42.719] [info] [spider.worker] [TIMING] task_id=f00c9c23-f5b9-4c0a-87a8-1f15405fa647 storage_connect_start=510344926 storage_connect_end=510344927 storage_connect_duration_ms=1 phase=pre_execution
[2026-02-03 01:11:42.720] [info] [spider.worker] [TIMING] task_id=f00c9c23-f5b9-4c0a-87a8-1f15405fa647 func=job_orchestration.executor.query.spider_search_task.search_without_channel fetch_input_start=510344927 fetch_input_end=510344928 fetch_input_duration_ms=1
[2026-02-03 01:11:42.721] [info] [spider.worker] [TIMING] task_id=f00c9c23-f5b9-4c0a-87a8-1f15405fa647 func=job_orchestration.executor.query.spider_search_task.search_without_channel input_send_start=510344929 input_send_end=510344929 input_send_duration_ms=0 bytes=612
[2026-02-03 01:11:42.721] [info] [spider.worker] [TIMING] task_id=f00c9c23-f5b9-4c0a-87a8-1f15405fa647 func=job_orchestration.executor.query.spider_search_task.search_without_channel spawn_start=510344929 spawn_end=510344929 spawn_duration_ms=0
[2026-02-03 01:11:44.203] [info] [spider.worker] [TIMING] task_id=f00c9c23-f5b9-4c0a-87a8-1f15405fa647 func=job_orchestration.executor.query.spider_search_task.search_without_channel execution_start=510344929 execution_end=510346411 execution_duration_ms=1481
[2026-02-03 01:11:44.204] [info] [spider.worker] [TIMING] task_id=f00c9c23-f5b9-4c0a-87a8-1f15405fa647 func=job_orchestration.executor.query.spider_search_task.search_without_channel storage_connect_start=510346411 storage_connect_end=510346412 storage_connect_duration_ms=1 phase=handle_result
[2026-02-03 01:11:44.218] [info] [spider.worker] [TIMING] task_id=f00c9c23-f5b9-4c0a-87a8-1f15405fa647 func=job_orchestration.executor.query.spider_search_task.search_without_channel submit_output_start=510346412 submit_output_end=510346426 submit_output_duration_ms=13
[2026-02-03 01:11:44.267] [info] [spider.worker] [TIMING] worker_id=27babf96-41ca-4466-a031-22a7dca58492 task_id=82f957d0-aacf-493e-8f44-ab904f7de213 get_next_task request_start=510346428 connect_end=510346430 send_end=510346430 receive_end=510346430 connect_duration_ms=1 send_duration_ms=0 receive_duration_ms=0 total_duration_ms=1
[2026-02-03 01:11:44.269] [info] [spider.worker] [TIMING] task_id=82f957d0-aacf-493e-8f44-ab904f7de213 storage_connect_start=510346476 storage_connect_end=510346478 storage_connect_duration_ms=1 phase=pre_execution
[2026-02-03 01:11:44.270] [info] [spider.worker] [TIMING] task_id=82f957d0-aacf-493e-8f44-ab904f7de213 func=job_orchestration.executor.query.spider_search_task.search_without_channel fetch_input_start=510346478 fetch_input_end=510346479 fetch_input_duration_ms=1
[2026-02-03 01:11:44.271] [info] [spider.worker] [TIMING] task_id=82f957d0-aacf-493e-8f44-ab904f7de213 func=job_orchestration.executor.query.spider_search_task.search_without_channel input_send_start=510346479 input_send_end=510346479 input_send_duration_ms=0 bytes=612
[2026-02-03 01:11:44.271] [info] [spider.worker] [TIMING] task_id=82f957d0-aacf-493e-8f44-ab904f7de213 func=job_orchestration.executor.query.spider_search_task.search_without_channel spawn_start=510346479 spawn_end=510346479 spawn_duration_ms=0
[2026-02-03 01:11:45.705] [info] [spider.worker] [TIMING] task_id=82f957d0-aacf-493e-8f44-ab904f7de213 func=job_orchestration.executor.query.spider_search_task.search_without_channel execution_start=510346479 execution_end=510347914 execution_duration_ms=1434
[2026-02-03 01:11:45.707] [info] [spider.worker] [TIMING] task_id=82f957d0-aacf-493e-8f44-ab904f7de213 func=job_orchestration.executor.query.spider_search_task.search_without_channel storage_connect_start=510347914 storage_connect_end=510347915 storage_connect_duration_ms=1 phase=handle_result
[2026-02-03 01:11:45.718] [info] [spider.worker] [TIMING] task_id=82f957d0-aacf-493e-8f44-ab904f7de213 func=job_orchestration.executor.query.spider_search_task.search_without_channel submit_output_start=510347915 submit_output_end=510347926 submit_output_duration_ms=10
[2026-02-03 01:11:45.734] [info] [spider.worker] [TIMING] worker_id=27babf96-41ca-4466-a031-22a7dca58492 task_id=7e3488c7-a490-4b27-98f3-cc13f08df305 get_next_task request_start=510347929 connect_end=510347930 send_end=510347930 receive_end=510347930 connect_duration_ms=1 send_duration_ms=0 receive_duration_ms=0 total_duration_ms=1
[2026-02-03 01:11:45.736] [info] [spider.worker] [TIMING] task_id=7e3488c7-a490-4b27-98f3-cc13f08df305 storage_connect_start=510347943 storage_connect_end=510347944 storage_connect_duration_ms=1 phase=pre_execution
[2026-02-03 01:11:45.737] [info] [spider.worker] [TIMING] task_id=7e3488c7-a490-4b27-98f3-cc13f08df305 func=job_orchestration.executor.query.spider_search_task.search_without_channel fetch_input_start=510347944 fetch_input_end=510347945 fetch_input_duration_ms=1
[2026-02-03 01:11:45.738] [info] [spider.worker] [TIMING] task_id=7e3488c7-a490-4b27-98f3-cc13f08df305 func=job_orchestration.executor.query.spider_search_task.search_without_channel input_send_start=510347946 input_send_end=510347946 input_send_duration_ms=0 bytes=612
[2026-02-03 01:11:45.738] [info] [spider.worker] [TIMING] task_id=7e3488c7-a490-4b27-98f3-cc13f08df305 func=job_orchestration.executor.query.spider_search_task.search_without_channel spawn_start=510347945 spawn_end=510347946 spawn_duration_ms=0
[2026-02-03 01:11:47.425] [info] [spider.worker] [TIMING] task_id=7e3488c7-a490-4b27-98f3-cc13f08df305 func=job_orchestration.executor.query.spider_search_task.search_without_channel execution_start=510347946 execution_end=510349633 execution_duration_ms=1687
[2026-02-03 01:11:47.434] [info] [spider.worker] [TIMING] task_id=7e3488c7-a490-4b27-98f3-cc13f08df305 func=job_orchestration.executor.query.spider_search_task.search_without_channel storage_connect_start=510349633 storage_connect_end=510349642 storage_connect_duration_ms=8 phase=handle_result
[2026-02-03 01:11:47.451] [info] [spider.worker] [TIMING] task_id=7e3488c7-a490-4b27-98f3-cc13f08df305 func=job_orchestration.executor.query.spider_search_task.search_without_channel submit_output_start=510349642 submit_output_end=510349660 submit_output_duration_ms=17
[2026-02-03 01:11:47.460] [info] [spider.worker] [TIMING] worker_id=27babf96-41ca-4466-a031-22a7dca58492 task_id=4c698256-da34-4682-97ae-f2e75ab62e80 get_next_task request_start=510349662 connect_end=510349664 send_end=510349664 receive_end=510349664 connect_duration_ms=1 send_duration_ms=0 receive_duration_ms=0 total_duration_ms=1
[2026-02-03 01:11:47.461] [info] [spider.worker] [TIMING] task_id=4c698256-da34-4682-97ae-f2e75ab62e80 storage_connect_start=510349668 storage_connect_end=510349670 storage_connect_duration_ms=1 phase=pre_execution
[2026-02-03 01:11:47.462] [info] [spider.worker] [TIMING] task_id=4c698256-da34-4682-97ae-f2e75ab62e80 func=job_orchestration.executor.query.spider_search_task.search_without_channel fetch_input_start=510349670 fetch_input_end=510349671 fetch_input_duration_ms=1
[2026-02-03 01:11:47.463] [info] [spider.worker] [TIMING] task_id=4c698256-da34-4682-97ae-f2e75ab62e80 func=job_orchestration.executor.query.spider_search_task.search_without_channel input_send_start=510349671 input_send_end=510349671 input_send_duration_ms=0 bytes=612
[2026-02-03 01:11:47.463] [info] [spider.worker] [TIMING] task_id=4c698256-da34-4682-97ae-f2e75ab62e80 func=job_orchestration.executor.query.spider_search_task.search_without_channel spawn_start=510349671 spawn_end=510349671 spawn_duration_ms=0
[2026-02-03 01:11:48.777] [info] [spider.worker] [TIMING] task_id=4c698256-da34-4682-97ae-f2e75ab62e80 func=job_orchestration.executor.query.spider_search_task.search_without_channel execution_start=510349672 execution_end=510350986 execution_duration_ms=1314
[2026-02-03 01:11:48.780] [info] [spider.worker] [TIMING] task_id=4c698256-da34-4682-97ae-f2e75ab62e80 func=job_orchestration.executor.query.spider_search_task.search_without_channel storage_connect_start=510350986 storage_connect_end=510350988 storage_connect_duration_ms=2 phase=handle_result
[2026-02-03 01:11:48.793] [info] [spider.worker] [TIMING] task_id=4c698256-da34-4682-97ae-f2e75ab62e80 func=job_orchestration.executor.query.spider_search_task.search_without_channel submit_output_start=510350988 submit_output_end=510351002 submit_output_duration_ms=13
[2026-02-03 01:11:48.888] [info] [spider.worker] [TIMING] worker_id=27babf96-41ca-4466-a031-22a7dca58492 task_id=35ef9f63-08e7-4f8a-b271-f3e3ae299e2c get_next_task request_start=510351003 connect_end=510351005 send_end=510351005 receive_end=510351005 connect_duration_ms=1 send_duration_ms=0 receive_duration_ms=0 total_duration_ms=1
[2026-02-03 01:11:48.890] [info] [spider.worker] [TIMING] task_id=35ef9f63-08e7-4f8a-b271-f3e3ae299e2c storage_connect_start=510351096 storage_connect_end=510351098 storage_connect_duration_ms=1 phase=pre_execution
[2026-02-03 01:11:48.891] [info] [spider.worker] [TIMING] task_id=35ef9f63-08e7-4f8a-b271-f3e3ae299e2c func=job_orchestration.executor.query.spider_search_task.search_without_channel fetch_input_start=510351098 fetch_input_end=510351099 fetch_input_duration_ms=1
[2026-02-03 01:11:48.892] [info] [spider.worker] [TIMING] task_id=35ef9f63-08e7-4f8a-b271-f3e3ae299e2c func=job_orchestration.executor.query.spider_search_task.search_without_channel input_send_start=510351100 input_send_end=510351100 input_send_duration_ms=0 bytes=612
[2026-02-03 01:11:48.892] [info] [spider.worker] [TIMING] task_id=35ef9f63-08e7-4f8a-b271-f3e3ae299e2c func=job_orchestration.executor.query.spider_search_task.search_without_channel spawn_start=510351099 spawn_end=510351100 spawn_duration_ms=0
[2026-02-03 01:11:50.127] [info] [spider.worker] [TIMING] task_id=35ef9f63-08e7-4f8a-b271-f3e3ae299e2c func=job_orchestration.executor.query.spider_search_task.search_without_channel execution_start=510351100 execution_end=510352335 execution_duration_ms=1234
[2026-02-03 01:11:50.129] [info] [spider.worker] [TIMING] task_id=35ef9f63-08e7-4f8a-b271-f3e3ae299e2c func=job_orchestration.executor.query.spider_search_task.search_without_channel storage_connect_start=510352335 storage_connect_end=510352337 storage_connect_duration_ms=2 phase=handle_result
[2026-02-03 01:11:50.242] [info] [spider.worker] [TIMING] task_id=35ef9f63-08e7-4f8a-b271-f3e3ae299e2c func=job_orchestration.executor.query.spider_search_task.search_without_channel submit_output_start=510352337 submit_output_end=510352450 submit_output_duration_ms=112
[2026-02-03 01:11:50.394] [info] [spider.worker] [TIMING] worker_id=27babf96-41ca-4466-a031-22a7dca58492 task_id=e76b9d9c-2d52-43d5-851a-1804b1ad7cdb get_next_task request_start=510352453 connect_end=510352454 send_end=510352454 receive_end=510352454 connect_duration_ms=1 send_duration_ms=0 receive_duration_ms=0 total_duration_ms=1
[2026-02-03 01:11:50.395] [info] [spider.worker] [TIMING] task_id=e76b9d9c-2d52-43d5-851a-1804b1ad7cdb storage_connect_start=510352602 storage_connect_end=510352604 storage_connect_duration_ms=1 phase=pre_execution
[2026-02-03 01:11:50.397] [info] [spider.worker] [TIMING] task_id=e76b9d9c-2d52-43d5-851a-1804b1ad7cdb func=job_orchestration.executor.query.spider_search_task.search_without_channel fetch_input_start=510352604 fetch_input_end=510352605 fetch_input_duration_ms=1
[2026-02-03 01:11:50.397] [info] [spider.worker] [TIMING] task_id=e76b9d9c-2d52-43d5-851a-1804b1ad7cdb func=job_orchestration.executor.query.spider_search_task.search_without_channel input_send_start=510352606 input_send_end=510352606 input_send_duration_ms=0 bytes=612
[2026-02-03 01:11:50.397] [info] [spider.worker] [TIMING] task_id=e76b9d9c-2d52-43d5-851a-1804b1ad7cdb func=job_orchestration.executor.query.spider_search_task.search_without_channel spawn_start=510352605 spawn_end=510352606 spawn_duration_ms=0
[2026-02-03 01:11:51.949] [info] [spider.worker] [TIMING] task_id=e76b9d9c-2d52-43d5-851a-1804b1ad7cdb func=job_orchestration.executor.query.spider_search_task.search_without_channel execution_start=510352606 execution_end=510354157 execution_duration_ms=1551
[2026-02-03 01:11:51.951] [info] [spider.worker] [TIMING] task_id=e76b9d9c-2d52-43d5-851a-1804b1ad7cdb func=job_orchestration.executor.query.spider_search_task.search_without_channel storage_connect_start=510354157 storage_connect_end=510354159 storage_connect_duration_ms=1 phase=handle_result
[2026-02-03 01:11:51.961] [info] [spider.worker] [TIMING] task_id=e76b9d9c-2d52-43d5-851a-1804b1ad7cdb func=job_orchestration.executor.query.spider_search_task.search_without_channel submit_output_start=510354159 submit_output_end=510354169 submit_output_duration_ms=9
[2026-02-03 01:11:52.011] [info] [spider.worker] [TIMING] worker_id=27babf96-41ca-4466-a031-22a7dca58492 task_id=87dd2516-1759-4294-b857-82e5d4126ae9 get_next_task request_start=510354171 connect_end=510354173 send_end=510354173 receive_end=510354173 connect_duration_ms=1 send_duration_ms=0 receive_duration_ms=0 total_duration_ms=1
[2026-02-03 01:11:52.013] [info] [spider.worker] [TIMING] task_id=87dd2516-1759-4294-b857-82e5d4126ae9 storage_connect_start=510354219 storage_connect_end=510354221 storage_connect_duration_ms=1 phase=pre_execution
[2026-02-03 01:11:52.013] [info] [spider.worker] [TIMING] task_id=87dd2516-1759-4294-b857-82e5d4126ae9 func=job_orchestration.executor.query.spider_search_task.search_without_channel fetch_input_start=510354221 fetch_input_end=510354222 fetch_input_duration_ms=0
[2026-02-03 01:11:52.014] [info] [spider.worker] [TIMING] task_id=87dd2516-1759-4294-b857-82e5d4126ae9 func=job_orchestration.executor.query.spider_search_task.search_without_channel input_send_start=510354222 input_send_end=510354222 input_send_duration_ms=0 bytes=612
[2026-02-03 01:11:52.014] [info] [spider.worker] [TIMING] task_id=87dd2516-1759-4294-b857-82e5d4126ae9 func=job_orchestration.executor.query.spider_search_task.search_without_channel spawn_start=510354222 spawn_end=510354222 spawn_duration_ms=0
[2026-02-03 01:11:53.307] [info] [spider.worker] [TIMING] task_id=87dd2516-1759-4294-b857-82e5d4126ae9 func=job_orchestration.executor.query.spider_search_task.search_without_channel execution_start=510354223 execution_end=510355516 execution_duration_ms=1293
[2026-02-03 01:11:53.309] [info] [spider.worker] [TIMING] task_id=87dd2516-1759-4294-b857-82e5d4126ae9 func=job_orchestration.executor.query.spider_search_task.search_without_channel storage_connect_start=510355516 storage_connect_end=510355517 storage_connect_duration_ms=1 phase=handle_result
[2026-02-03 01:11:53.383] [info] [spider.worker] [TIMING] task_id=87dd2516-1759-4294-b857-82e5d4126ae9 func=job_orchestration.executor.query.spider_search_task.search_without_channel submit_output_start=510355517 submit_output_end=510355592 submit_output_duration_ms=74
[2026-02-03 01:11:53.425] [info] [spider.worker] [TIMING] worker_id=27babf96-41ca-4466-a031-22a7dca58492 task_id=02d03b78-8aed-43aa-9649-1b7ecedb42f0 get_next_task request_start=510355594 connect_end=510355595 send_end=510355595 receive_end=510355595 connect_duration_ms=1 send_duration_ms=0 receive_duration_ms=0 total_duration_ms=1
[2026-02-03 01:11:53.427] [info] [spider.worker] [TIMING] task_id=02d03b78-8aed-43aa-9649-1b7ecedb42f0 storage_connect_start=510355634 storage_connect_end=510355635 storage_connect_duration_ms=1 phase=pre_execution
[2026-02-03 01:11:53.428] [info] [spider.worker] [TIMING] task_id=02d03b78-8aed-43aa-9649-1b7ecedb42f0 func=job_orchestration.executor.query.spider_search_task.search_without_channel fetch_input_start=510355635 fetch_input_end=510355637 fetch_input_duration_ms=1
[2026-02-03 01:11:53.429] [info] [spider.worker] [TIMING] task_id=02d03b78-8aed-43aa-9649-1b7ecedb42f0 func=job_orchestration.executor.query.spider_search_task.search_without_channel input_send_start=510355637 input_send_end=510355637 input_send_duration_ms=0 bytes=612
[2026-02-03 01:11:53.430] [info] [spider.worker] [TIMING] task_id=02d03b78-8aed-43aa-9649-1b7ecedb42f0 func=job_orchestration.executor.query.spider_search_task.search_without_channel spawn_start=510355637 spawn_end=510355639 spawn_duration_ms=2
[2026-02-03 01:11:54.649] [info] [spider.worker] [TIMING] task_id=02d03b78-8aed-43aa-9649-1b7ecedb42f0 func=job_orchestration.executor.query.spider_search_task.search_without_channel execution_start=510355639 execution_end=510356857 execution_duration_ms=1218
[2026-02-03 01:11:54.651] [info] [spider.worker] [TIMING] task_id=02d03b78-8aed-43aa-9649-1b7ecedb42f0 func=job_orchestration.executor.query.spider_search_task.search_without_channel storage_connect_start=510356857 storage_connect_end=510356859 storage_connect_duration_ms=1 phase=handle_result
[2026-02-03 01:11:54.678] [info] [spider.worker] [TIMING] task_id=02d03b78-8aed-43aa-9649-1b7ecedb42f0 func=job_orchestration.executor.query.spider_search_task.search_without_channel submit_output_start=510356859 submit_output_end=510356886 submit_output_duration_ms=27
[2026-02-03 01:11:54.703] [info] [spider.worker] [TIMING] worker_id=27babf96-41ca-4466-a031-22a7dca58492 task_id=77443406-f9ca-446e-af4f-ab507eb8c7b6 get_next_task request_start=510356888 connect_end=510356890 send_end=510356890 receive_end=510356890 connect_duration_ms=1 send_duration_ms=0 receive_duration_ms=0 total_duration_ms=1
[2026-02-03 01:11:54.704] [info] [spider.worker] [TIMING] task_id=77443406-f9ca-446e-af4f-ab507eb8c7b6 storage_connect_start=510356911 storage_connect_end=510356913 storage_connect_duration_ms=1 phase=pre_execution
[2026-02-03 01:11:54.706] [info] [spider.worker] [TIMING] task_id=77443406-f9ca-446e-af4f-ab507eb8c7b6 func=job_orchestration.executor.query.spider_search_task.search_without_channel fetch_input_start=510356913 fetch_input_end=510356914 fetch_input_duration_ms=1
[2026-02-03 01:11:54.706] [info] [spider.worker] [TIMING] task_id=77443406-f9ca-446e-af4f-ab507eb8c7b6 func=job_orchestration.executor.query.spider_search_task.search_without_channel input_send_start=510356915 input_send_end=510356915 input_send_duration_ms=0 bytes=612
[2026-02-03 01:11:54.706] [info] [spider.worker] [TIMING] task_id=77443406-f9ca-446e-af4f-ab507eb8c7b6 func=job_orchestration.executor.query.spider_search_task.search_without_channel spawn_start=510356914 spawn_end=510356915 spawn_duration_ms=0
[2026-02-03 01:11:56.330] [info] [spider.worker] [TIMING] task_id=77443406-f9ca-446e-af4f-ab507eb8c7b6 func=job_orchestration.executor.query.spider_search_task.search_without_channel execution_start=510356915 execution_end=510358539 execution_duration_ms=1623
[2026-02-03 01:11:56.332] [info] [spider.worker] [TIMING] task_id=77443406-f9ca-446e-af4f-ab507eb8c7b6 func=job_orchestration.executor.query.spider_search_task.search_without_channel storage_connect_start=510358539 storage_connect_end=510358541 storage_connect_duration_ms=1 phase=handle_result
[2026-02-03 01:11:56.374] [info] [spider.worker] [TIMING] task_id=77443406-f9ca-446e-af4f-ab507eb8c7b6 func=job_orchestration.executor.query.spider_search_task.search_without_channel submit_output_start=510358541 submit_output_end=510358582 submit_output_duration_ms=41
[2026-02-03 01:11:56.420] [info] [spider.worker] [TIMING] worker_id=27babf96-41ca-4466-a031-22a7dca58492 task_id=5dcf66e9-55a4-4cb9-8085-9314c2db7418 get_next_task request_start=510358585 connect_end=510358586 send_end=510358586 receive_end=510358586 connect_duration_ms=1 send_duration_ms=0 receive_duration_ms=0 total_duration_ms=1
[2026-02-03 01:11:56.421] [info] [spider.worker] [TIMING] task_id=5dcf66e9-55a4-4cb9-8085-9314c2db7418 storage_connect_start=510358628 storage_connect_end=510358630 storage_connect_duration_ms=1 phase=pre_execution
[2026-02-03 01:11:56.422] [info] [spider.worker] [TIMING] task_id=5dcf66e9-55a4-4cb9-8085-9314c2db7418 func=job_orchestration.executor.query.spider_search_task.search_without_channel fetch_input_start=510358630 fetch_input_end=510358631 fetch_input_duration_ms=1
[2026-02-03 01:11:56.423] [info] [spider.worker] [TIMING] task_id=5dcf66e9-55a4-4cb9-8085-9314c2db7418 func=job_orchestration.executor.query.spider_search_task.search_without_channel input_send_start=510358631 input_send_end=510358631 input_send_duration_ms=0 bytes=612
[2026-02-03 01:11:56.423] [info] [spider.worker] [TIMING] task_id=5dcf66e9-55a4-4cb9-8085-9314c2db7418 func=job_orchestration.executor.query.spider_search_task.search_without_channel spawn_start=510358631 spawn_end=510358631 spawn_duration_ms=0
[2026-02-03 01:11:57.806] [info] [spider.worker] [TIMING] task_id=5dcf66e9-55a4-4cb9-8085-9314c2db7418 func=job_orchestration.executor.query.spider_search_task.search_without_channel execution_start=510358632 execution_end=510360014 execution_duration_ms=1382
[2026-02-03 01:11:57.807] [info] [spider.worker] [TIMING] task_id=5dcf66e9-55a4-4cb9-8085-9314c2db7418 func=job_orchestration.executor.query.spider_search_task.search_without_channel storage_connect_start=510360014 storage_connect_end=510360016 storage_connect_duration_ms=1 phase=handle_result
[2026-02-03 01:11:57.837] [info] [spider.worker] [TIMING] task_id=5dcf66e9-55a4-4cb9-8085-9314c2db7418 func=job_orchestration.executor.query.spider_search_task.search_without_channel submit_output_start=510360016 submit_output_end=510360045 submit_output_duration_ms=29
[2026-02-03 01:11:57.870] [info] [spider.worker] [TIMING] worker_id=27babf96-41ca-4466-a031-22a7dca58492 task_id=00fdcceb-d2e1-49f6-afb9-77d4109cf298 get_next_task request_start=510360048 connect_end=510360049 send_end=510360049 receive_end=510360049 connect_duration_ms=1 send_duration_ms=0 receive_duration_ms=0 total_duration_ms=1
[2026-02-03 01:11:57.872] [info] [spider.worker] [TIMING] task_id=00fdcceb-d2e1-49f6-afb9-77d4109cf298 storage_connect_start=510360079 storage_connect_end=510360080 storage_connect_duration_ms=1 phase=pre_execution
[2026-02-03 01:11:57.873] [info] [spider.worker] [TIMING] task_id=00fdcceb-d2e1-49f6-afb9-77d4109cf298 func=job_orchestration.executor.query.spider_search_task.search_without_channel fetch_input_start=510360080 fetch_input_end=510360081 fetch_input_duration_ms=1
[2026-02-03 01:11:57.874] [info] [spider.worker] [TIMING] task_id=00fdcceb-d2e1-49f6-afb9-77d4109cf298 func=job_orchestration.executor.query.spider_search_task.search_without_channel input_send_start=510360082 input_send_end=510360082 input_send_duration_ms=0 bytes=612
[2026-02-03 01:11:57.874] [info] [spider.worker] [TIMING] task_id=00fdcceb-d2e1-49f6-afb9-77d4109cf298 func=job_orchestration.executor.query.spider_search_task.search_without_channel spawn_start=510360082 spawn_end=510360082 spawn_duration_ms=0
[2026-02-03 01:11:59.255] [info] [spider.worker] [TIMING] task_id=00fdcceb-d2e1-49f6-afb9-77d4109cf298 func=job_orchestration.executor.query.spider_search_task.search_without_channel execution_start=510360082 execution_end=510361464 execution_duration_ms=1381
[2026-02-03 01:11:59.257] [info] [spider.worker] [TIMING] task_id=00fdcceb-d2e1-49f6-afb9-77d4109cf298 func=job_orchestration.executor.query.spider_search_task.search_without_channel storage_connect_start=510361464 storage_connect_end=510361465 storage_connect_duration_ms=1 phase=handle_result
[2026-02-03 01:11:59.262] [info] [spider.worker] [TIMING] task_id=00fdcceb-d2e1-49f6-afb9-77d4109cf298 func=job_orchestration.executor.query.spider_search_task.search_without_channel submit_output_start=510361465 submit_output_end=510361470 submit_output_duration_ms=5
[2026-02-03 01:11:59.279] [info] [spider.worker] [TIMING] worker_id=27babf96-41ca-4466-a031-22a7dca58492 task_id=daa50a78-c231-4e3e-9511-d8fbcbe7d55b get_next_task request_start=510361473 connect_end=510361474 send_end=510361474 receive_end=510361474 connect_duration_ms=1 send_duration_ms=0 receive_duration_ms=0 total_duration_ms=1
[2026-02-03 01:11:59.281] [info] [spider.worker] [TIMING] task_id=daa50a78-c231-4e3e-9511-d8fbcbe7d55b storage_connect_start=510361487 storage_connect_end=510361489 storage_connect_duration_ms=1 phase=pre_execution
[2026-02-03 01:11:59.282] [info] [spider.worker] [TIMING] task_id=daa50a78-c231-4e3e-9511-d8fbcbe7d55b func=job_orchestration.executor.query.spider_search_task.search_without_channel fetch_input_start=510361489 fetch_input_end=510361490 fetch_input_duration_ms=1
[2026-02-03 01:11:59.283] [info] [spider.worker] [TIMING] task_id=daa50a78-c231-4e3e-9511-d8fbcbe7d55b func=job_orchestration.executor.query.spider_search_task.search_without_channel input_send_start=510361491 input_send_end=510361491 input_send_duration_ms=0 bytes=612
[2026-02-03 01:11:59.283] [info] [spider.worker] [TIMING] task_id=daa50a78-c231-4e3e-9511-d8fbcbe7d55b func=job_orchestration.executor.query.spider_search_task.search_without_channel spawn_start=510361490 spawn_end=510361491 spawn_duration_ms=0
[2026-02-03 01:12:00.792] [info] [spider.worker] [TIMING] task_id=daa50a78-c231-4e3e-9511-d8fbcbe7d55b func=job_orchestration.executor.query.spider_search_task.search_without_channel execution_start=510361491 execution_end=510363001 execution_duration_ms=1509
[2026-02-03 01:12:00.794] [info] [spider.worker] [TIMING] task_id=daa50a78-c231-4e3e-9511-d8fbcbe7d55b func=job_orchestration.executor.query.spider_search_task.search_without_channel storage_connect_start=510363001 storage_connect_end=510363003 storage_connect_duration_ms=1 phase=handle_result
[2026-02-03 01:12:00.826] [info] [spider.worker] [TIMING] task_id=daa50a78-c231-4e3e-9511-d8fbcbe7d55b func=job_orchestration.executor.query.spider_search_task.search_without_channel submit_output_start=510363003 submit_output_end=510363034 submit_output_duration_ms=31
[2026-02-03 01:12:00.846] [info] [spider.worker] [TIMING] worker_id=27babf96-41ca-4466-a031-22a7dca58492 task_id=7d074b14-5c44-4368-9711-42d7d857c66c get_next_task request_start=510363037 connect_end=510363038 send_end=510363038 receive_end=510363038 connect_duration_ms=1 send_duration_ms=0 receive_duration_ms=0 total_duration_ms=1
[2026-02-03 01:12:00.848] [info] [spider.worker] [TIMING] task_id=7d074b14-5c44-4368-9711-42d7d857c66c storage_connect_start=510363054 storage_connect_end=510363056 storage_connect_duration_ms=1 phase=pre_execution
[2026-02-03 01:12:00.849] [info] [spider.worker] [TIMING] task_id=7d074b14-5c44-4368-9711-42d7d857c66c func=job_orchestration.executor.query.spider_search_task.search_without_channel fetch_input_start=510363056 fetch_input_end=510363057 fetch_input_duration_ms=1
[2026-02-03 01:12:00.849] [info] [spider.worker] [TIMING] task_id=7d074b14-5c44-4368-9711-42d7d857c66c func=job_orchestration.executor.query.spider_search_task.search_without_channel input_send_start=510363058 input_send_end=510363058 input_send_duration_ms=0 bytes=612
[2026-02-03 01:12:00.849] [info] [spider.worker] [TIMING] task_id=7d074b14-5c44-4368-9711-42d7d857c66c func=job_orchestration.executor.query.spider_search_task.search_without_channel spawn_start=510363057 spawn_end=510363058 spawn_duration_ms=0
[2026-02-03 01:12:02.103] [info] [spider.worker] [TIMING] task_id=7d074b14-5c44-4368-9711-42d7d857c66c func=job_orchestration.executor.query.spider_search_task.search_without_channel execution_start=510363058 execution_end=510364312 execution_duration_ms=1253
[2026-02-03 01:12:02.105] [info] [spider.worker] [TIMING] task_id=7d074b14-5c44-4368-9711-42d7d857c66c func=job_orchestration.executor.query.spider_search_task.search_without_channel storage_connect_start=510364312 storage_connect_end=510364314 storage_connect_duration_ms=1 phase=handle_result
[2026-02-03 01:12:02.112] [info] [spider.worker] [TIMING] task_id=7d074b14-5c44-4368-9711-42d7d857c66c func=job_orchestration.executor.query.spider_search_task.search_without_channel submit_output_start=510364314 submit_output_end=510364321 submit_output_duration_ms=7
[2026-02-03 01:12:02.146] [info] [spider.worker] [TIMING] worker_id=27babf96-41ca-4466-a031-22a7dca58492 task_id=e593c34d-236b-452c-a6cb-c5c06435b4c9 get_next_task request_start=510364323 connect_end=510364324 send_end=510364324 receive_end=510364324 connect_duration_ms=1 send_duration_ms=0 receive_duration_ms=0 total_duration_ms=1
[2026-02-03 01:12:02.147] [info] [spider.worker] [TIMING] task_id=e593c34d-236b-452c-a6cb-c5c06435b4c9 storage_connect_start=510364354 storage_connect_end=510364356 storage_connect_duration_ms=1 phase=pre_execution
[2026-02-03 01:12:02.148] [info] [spider.worker] [TIMING] task_id=e593c34d-236b-452c-a6cb-c5c06435b4c9 func=job_orchestration.executor.query.spider_search_task.search_without_channel fetch_input_start=510364356 fetch_input_end=510364357 fetch_input_duration_ms=0
[2026-02-03 01:12:02.149] [info] [spider.worker] [TIMING] task_id=e593c34d-236b-452c-a6cb-c5c06435b4c9 func=job_orchestration.executor.query.spider_search_task.search_without_channel input_send_start=510364357 input_send_end=510364357 input_send_duration_ms=0 bytes=612
[2026-02-03 01:12:02.149] [info] [spider.worker] [TIMING] task_id=e593c34d-236b-452c-a6cb-c5c06435b4c9 func=job_orchestration.executor.query.spider_search_task.search_without_channel spawn_start=510364357 spawn_end=510364357 spawn_duration_ms=0
[2026-02-03 01:12:03.450] [info] [spider.worker] [TIMING] task_id=e593c34d-236b-452c-a6cb-c5c06435b4c9 func=job_orchestration.executor.query.spider_search_task.search_without_channel execution_start=510364357 execution_end=510365659 execution_duration_ms=1301
[2026-02-03 01:12:03.457] [info] [spider.worker] [TIMING] task_id=e593c34d-236b-452c-a6cb-c5c06435b4c9 func=job_orchestration.executor.query.spider_search_task.search_without_channel storage_connect_start=510365659 storage_connect_end=510365666 storage_connect_duration_ms=7 phase=handle_result
[2026-02-03 01:12:03.479] [info] [spider.worker] [TIMING] task_id=e593c34d-236b-452c-a6cb-c5c06435b4c9 func=job_orchestration.executor.query.spider_search_task.search_without_channel submit_output_start=510365666 submit_output_end=510365688 submit_output_duration_ms=21
[2026-02-03 01:12:03.496] [info] [spider.worker] [TIMING] worker_id=27babf96-41ca-4466-a031-22a7dca58492 task_id=1fdbdee3-89e8-4ace-90f6-787bc9cc3139 get_next_task request_start=510365691 connect_end=510365692 send_end=510365692 receive_end=510365692 connect_duration_ms=1 send_duration_ms=0 receive_duration_ms=0 total_duration_ms=1
[2026-02-03 01:12:03.498] [info] [spider.worker] [TIMING] task_id=1fdbdee3-89e8-4ace-90f6-787bc9cc3139 storage_connect_start=510365705 storage_connect_end=510365706 storage_connect_duration_ms=1 phase=pre_execution
[2026-02-03 01:12:03.499] [info] [spider.worker] [TIMING] task_id=1fdbdee3-89e8-4ace-90f6-787bc9cc3139 func=job_orchestration.executor.query.spider_search_task.search_without_channel fetch_input_start=510365706 fetch_input_end=510365707 fetch_input_duration_ms=1
[2026-02-03 01:12:03.500] [info] [spider.worker] [TIMING] task_id=1fdbdee3-89e8-4ace-90f6-787bc9cc3139 func=job_orchestration.executor.query.spider_search_task.search_without_channel input_send_start=510365708 input_send_end=510365708 input_send_duration_ms=0 bytes=612
[2026-02-03 01:12:03.500] [info] [spider.worker] [TIMING] task_id=1fdbdee3-89e8-4ace-90f6-787bc9cc3139 func=job_orchestration.executor.query.spider_search_task.search_without_channel spawn_start=510365707 spawn_end=510365708 spawn_duration_ms=0
[2026-02-03 01:12:04.888] [info] [spider.worker] [TIMING] task_id=1fdbdee3-89e8-4ace-90f6-787bc9cc3139 func=job_orchestration.executor.query.spider_search_task.search_without_channel execution_start=510365708 execution_end=510367096 execution_duration_ms=1388
[2026-02-03 01:12:04.890] [info] [spider.worker] [TIMING] task_id=1fdbdee3-89e8-4ace-90f6-787bc9cc3139 func=job_orchestration.executor.query.spider_search_task.search_without_channel storage_connect_start=510367096 storage_connect_end=510367098 storage_connect_duration_ms=1 phase=handle_result
[2026-02-03 01:12:04.927] [info] [spider.worker] [TIMING] task_id=1fdbdee3-89e8-4ace-90f6-787bc9cc3139 func=job_orchestration.executor.query.spider_search_task.search_without_channel submit_output_start=510367098 submit_output_end=510367135 submit_output_duration_ms=36
[2026-02-03 01:12:04.946] [info] [spider.worker] [TIMING] worker_id=27babf96-41ca-4466-a031-22a7dca58492 task_id=775f89bf-fac4-4181-904e-bae778f17941 get_next_task request_start=510367138 connect_end=510367139 send_end=510367139 receive_end=510367139 connect_duration_ms=1 send_duration_ms=0 receive_duration_ms=0 total_duration_ms=1
[2026-02-03 01:12:04.948] [info] [spider.worker] [TIMING] task_id=775f89bf-fac4-4181-904e-bae778f17941 storage_connect_start=510367155 storage_connect_end=510367156 storage_connect_duration_ms=1 phase=pre_execution
[2026-02-03 01:12:04.949] [info] [spider.worker] [TIMING] task_id=775f89bf-fac4-4181-904e-bae778f17941 func=job_orchestration.executor.query.spider_search_task.search_without_channel fetch_input_start=510367156 fetch_input_end=510367157 fetch_input_duration_ms=1
[2026-02-03 01:12:04.950] [info] [spider.worker] [TIMING] task_id=775f89bf-fac4-4181-904e-bae778f17941 func=job_orchestration.executor.query.spider_search_task.search_without_channel input_send_start=510367158 input_send_end=510367158 input_send_duration_ms=0 bytes=612
[2026-02-03 01:12:04.950] [info] [spider.worker] [TIMING] task_id=775f89bf-fac4-4181-904e-bae778f17941 func=job_orchestration.executor.query.spider_search_task.search_without_channel spawn_start=510367158 spawn_end=510367158 spawn_duration_ms=0
[2026-02-03 01:12:06.555] [info] [spider.worker] [TIMING] task_id=775f89bf-fac4-4181-904e-bae778f17941 func=job_orchestration.executor.query.spider_search_task.search_without_channel execution_start=510367158 execution_end=510368763 execution_duration_ms=1604
[2026-02-03 01:12:06.557] [info] [spider.worker] [TIMING] task_id=775f89bf-fac4-4181-904e-bae778f17941 func=job_orchestration.executor.query.spider_search_task.search_without_channel storage_connect_start=510368763 storage_connect_end=510368765 storage_connect_duration_ms=1 phase=handle_result
[2026-02-03 01:12:06.571] [info] [spider.worker] [TIMING] task_id=775f89bf-fac4-4181-904e-bae778f17941 func=job_orchestration.executor.query.spider_search_task.search_without_channel submit_output_start=510368765 submit_output_end=510368780 submit_output_duration_ms=14
[2026-02-03 01:12:06.614] [info] [spider.worker] [TIMING] worker_id=27babf96-41ca-4466-a031-22a7dca58492 task_id=c8c5f297-5bd9-4468-bfb7-0f2d2c69d71e get_next_task request_start=510368791 connect_end=510368792 send_end=510368792 receive_end=510368792 connect_duration_ms=1 send_duration_ms=0 receive_duration_ms=0 total_duration_ms=1
[2026-02-03 01:12:06.616] [info] [spider.worker] [TIMING] task_id=c8c5f297-5bd9-4468-bfb7-0f2d2c69d71e storage_connect_start=510368823 storage_connect_end=510368825 storage_connect_duration_ms=1 phase=pre_execution
[2026-02-03 01:12:06.618] [info] [spider.worker] [TIMING] task_id=c8c5f297-5bd9-4468-bfb7-0f2d2c69d71e func=job_orchestration.executor.query.spider_search_task.search_without_channel fetch_input_start=510368825 fetch_input_end=510368826 fetch_input_duration_ms=1
[2026-02-03 01:12:06.618] [info] [spider.worker] [TIMING] task_id=c8c5f297-5bd9-4468-bfb7-0f2d2c69d71e func=job_orchestration.executor.query.spider_search_task.search_without_channel input_send_start=510368826 input_send_end=510368827 input_send_duration_ms=0 bytes=612
[2026-02-03 01:12:06.618] [info] [spider.worker] [TIMING] task_id=c8c5f297-5bd9-4468-bfb7-0f2d2c69d71e func=job_orchestration.executor.query.spider_search_task.search_without_channel spawn_start=510368826 spawn_end=510368827 spawn_duration_ms=0
[2026-02-03 01:12:08.027] [info] [spider.worker] [TIMING] task_id=c8c5f297-5bd9-4468-bfb7-0f2d2c69d71e func=job_orchestration.executor.query.spider_search_task.search_without_channel execution_start=510368827 execution_end=510370236 execution_duration_ms=1408
[2026-02-03 01:12:08.036] [info] [spider.worker] [TIMING] task_id=c8c5f297-5bd9-4468-bfb7-0f2d2c69d71e func=job_orchestration.executor.query.spider_search_task.search_without_channel storage_connect_start=510370236 storage_connect_end=510370245 storage_connect_duration_ms=8 phase=handle_result
[2026-02-03 01:12:08.055] [info] [spider.worker] [TIMING] task_id=c8c5f297-5bd9-4468-bfb7-0f2d2c69d71e func=job_orchestration.executor.query.spider_search_task.search_without_channel submit_output_start=510370245 submit_output_end=510370263 submit_output_duration_ms=18
[2026-02-03 01:12:08.072] [info] [spider.worker] [TIMING] worker_id=27babf96-41ca-4466-a031-22a7dca58492 task_id=32969966-a7f7-40d9-9162-c5b84eda91a9 get_next_task request_start=510370266 connect_end=510370267 send_end=510370267 receive_end=510370267 connect_duration_ms=1 send_duration_ms=0 receive_duration_ms=0 total_duration_ms=1
[2026-02-03 01:12:08.074] [info] [spider.worker] [TIMING] task_id=32969966-a7f7-40d9-9162-c5b84eda91a9 storage_connect_start=510370280 storage_connect_end=510370282 storage_connect_duration_ms=1 phase=pre_execution
[2026-02-03 01:12:08.075] [info] [spider.worker] [TIMING] task_id=32969966-a7f7-40d9-9162-c5b84eda91a9 func=job_orchestration.executor.query.spider_search_task.search_without_channel fetch_input_start=510370282 fetch_input_end=510370284 fetch_input_duration_ms=1
[2026-02-03 01:12:08.076] [info] [spider.worker] [TIMING] task_id=32969966-a7f7-40d9-9162-c5b84eda91a9 func=job_orchestration.executor.query.spider_search_task.search_without_channel input_send_start=510370284 input_send_end=510370284 input_send_duration_ms=0 bytes=612
[2026-02-03 01:12:08.076] [info] [spider.worker] [TIMING] task_id=32969966-a7f7-40d9-9162-c5b84eda91a9 func=job_orchestration.executor.query.spider_search_task.search_without_channel spawn_start=510370284 spawn_end=510370284 spawn_duration_ms=0
[2026-02-03 01:12:09.489] [info] [spider.worker] [TIMING] task_id=32969966-a7f7-40d9-9162-c5b84eda91a9 func=job_orchestration.executor.query.spider_search_task.search_without_channel execution_start=510370285 execution_end=510371698 execution_duration_ms=1413
[2026-02-03 01:12:09.490] [info] [spider.worker] [TIMING] task_id=32969966-a7f7-40d9-9162-c5b84eda91a9 func=job_orchestration.executor.query.spider_search_task.search_without_channel storage_connect_start=510371698 storage_connect_end=510371699 storage_connect_duration_ms=1 phase=handle_result
[2026-02-03 01:12:09.522] [info] [spider.worker] [TIMING] task_id=32969966-a7f7-40d9-9162-c5b84eda91a9 func=job_orchestration.executor.query.spider_search_task.search_without_channel submit_output_start=510371699 submit_output_end=510371730 submit_output_duration_ms=31
[2026-02-03 01:12:09.527] [info] [spider.worker] [TIMING] worker_id=27babf96-41ca-4466-a031-22a7dca58492 task_id=none get_next_task request_start=510371732 connect_end=510371733 send_end=510371733 receive_end=510371736 connect_duration_ms=0 send_duration_ms=0 receive_duration_ms=3 total_duration_ms=4
[2026-02-03 01:12:09.638] [info] [spider.worker] [TIMING] worker_id=27babf96-41ca-4466-a031-22a7dca58492 task_id=none get_next_task request_start=510371839 connect_end=510371841 send_end=510371841 receive_end=510371846 connect_duration_ms=2 send_duration_ms=0 receive_duration_ms=5 total_duration_ms=7
[2026-02-03 01:12:09.826] [info] [spider.worker] [TIMING] worker_id=27babf96-41ca-4466-a031-22a7dca58492 task_id=none get_next_task request_start=510371950 connect_end=510371951 send_end=510371951 receive_end=510372034 connect_duration_ms=1 send_duration_ms=0 receive_duration_ms=83 total_duration_ms=84
[2026-02-03 01:12:09.939] [info] [spider.worker] [TIMING] worker_id=27babf96-41ca-4466-a031-22a7dca58492 task_id=none get_next_task request_start=510372136 connect_end=510372137 send_end=510372137 receive_end=510372148 connect_duration_ms=0 send_duration_ms=0 receive_duration_ms=10 total_duration_ms=11
[2026-02-03 01:12:10.051] [info] [spider.worker] [TIMING] worker_id=27babf96-41ca-4466-a031-22a7dca58492 task_id=none get_next_task request_start=510372250 connect_end=510372252 send_end=510372252 receive_end=510372259 connect_duration_ms=1 send_duration_ms=0 receive_duration_ms=6 total_duration_ms=8
[2026-02-03 01:12:10.162] [info] [spider.worker] [TIMING] worker_id=27babf96-41ca-4466-a031-22a7dca58492 task_id=none get_next_task request_start=510372362 connect_end=510372364 send_end=510372364 receive_end=510372371 connect_duration_ms=2 send_duration_ms=0 receive_duration_ms=6 total_duration_ms=8
[2026-02-03 01:12:10.272] [info] [spider.worker] [TIMING] worker_id=27babf96-41ca-4466-a031-22a7dca58492 task_id=none get_next_task request_start=510372473 connect_end=510372475 send_end=510372475 receive_end=510372480 connect_duration_ms=1 send_duration_ms=0 receive_duration_ms=5 total_duration_ms=7
[2026-02-03 01:12:10.388] [info] [spider.worker] [TIMING] worker_id=27babf96-41ca-4466-a031-22a7dca58492 task_id=none get_next_task request_start=510372583 connect_end=510372585 send_end=510372585 receive_end=510372597 connect_duration_ms=1 send_duration_ms=0 receive_duration_ms=11 total_duration_ms=13
[2026-02-03 01:12:10.497] [info] [spider.worker] [TIMING] worker_id=27babf96-41ca-4466-a031-22a7dca58492 task_id=none get_next_task request_start=510372698 connect_end=510372699 send_end=510372699 receive_end=510372705 connect_duration_ms=1 send_duration_ms=0 receive_duration_ms=5 total_duration_ms=6
[2026-02-03 01:12:10.605] [info] [spider.worker] [TIMING] worker_id=27babf96-41ca-4466-a031-22a7dca58492 task_id=none get_next_task request_start=510372806 connect_end=510372808 send_end=510372808 receive_end=510372814 connect_duration_ms=1 send_duration_ms=0 receive_duration_ms=5 total_duration_ms=7
[2026-02-03 01:12:10.710] [info] [spider.worker] [TIMING] worker_id=27babf96-41ca-4466-a031-22a7dca58492 task_id=none get_next_task request_start=510372916 connect_end=510372917 send_end=510372917 receive_end=510372919 connect_duration_ms=0 send_duration_ms=0 receive_duration_ms=2 total_duration_ms=2
[2026-02-03 01:12:10.815] [info] [spider.worker] [TIMING] worker_id=27babf96-41ca-4466-a031-22a7dca58492 task_id=none get_next_task request_start=510373020 connect_end=510373021 send_end=510373021 receive_end=510373023 connect_duration_ms=1 send_duration_ms=0 receive_duration_ms=2 total_duration_ms=3
[2026-02-03 01:12:10.920] [info] [spider.worker] [TIMING] worker_id=27babf96-41ca-4466-a031-22a7dca58492 task_id=none get_next_task request_start=510373125 connect_end=510373126 send_end=510373126 receive_end=510373128 connect_duration_ms=0 send_duration_ms=0 receive_duration_ms=2 total_duration_ms=3
[2026-02-03 01:12:11.025] [info] [spider.worker] [TIMING] worker_id=27babf96-41ca-4466-a031-22a7dca58492 task_id=none get_next_task request_start=510373230 connect_end=510373231 send_end=510373231 receive_end=510373233 connect_duration_ms=1 send_duration_ms=0 receive_duration_ms=2 total_duration_ms=3
[2026-02-03 01:12:11.131] [info] [spider.worker] [TIMING] worker_id=27babf96-41ca-4466-a031-22a7dca58492 task_id=none get_next_task request_start=510373335 connect_end=510373336 send_end=510373336 receive_end=510373340 connect_duration_ms=1 send_duration_ms=0 receive_duration_ms=3 total_duration_ms=4
[2026-02-03 01:12:11.245] [info] [spider.worker] [TIMING] worker_id=27babf96-41ca-4466-a031-22a7dca58492 task_id=none get_next_task request_start=510373441 connect_end=510373442 send_end=510373442 receive_end=510373453 connect_duration_ms=0 send_duration_ms=0 receive_duration_ms=11 total_duration_ms=12
[2026-02-03 01:12:11.351] [info] [spider.worker] [TIMING] worker_id=27babf96-41ca-4466-a031-22a7dca58492 task_id=none get_next_task request_start=510373555 connect_end=510373556 send_end=510373556 receive_end=510373559 connect_duration_ms=1 send_duration_ms=0 receive_duration_ms=2 total_duration_ms=4
[2026-02-03 01:12:11.457] [info] [spider.worker] [TIMING] worker_id=27babf96-41ca-4466-a031-22a7dca58492 task_id=none get_next_task request_start=510373661 connect_end=510373663 send_end=510373663 receive_end=510373665 connect_duration_ms=1 send_duration_ms=0 receive_duration_ms=2 total_duration_ms=3
[2026-02-03 01:12:11.563] [info] [spider.worker] [TIMING] worker_id=27babf96-41ca-4466-a031-22a7dca58492 task_id=none get_next_task request_start=510373767 connect_end=510373768 send_end=510373768 receive_end=510373771 connect_duration_ms=1 send_duration_ms=0 receive_duration_ms=2 total_duration_ms=3
[2026-02-03 01:12:11.680] [info] [spider.worker] [TIMING] worker_id=27babf96-41ca-4466-a031-22a7dca58492 task_id=none get_next_task request_start=510373873 connect_end=510373874 send_end=510373874 receive_end=510373888 connect_duration_ms=1 send_duration_ms=0 receive_duration_ms=13 total_duration_ms=15
[2026-02-03 01:12:11.785] [info] [spider.worker] [TIMING] worker_id=27babf96-41ca-4466-a031-22a7dca58492 task_id=none get_next_task request_start=510373989 connect_end=510373991 send_end=510373991 receive_end=510373994 connect_duration_ms=1 send_duration_ms=0 receive_duration_ms=3 total_duration_ms=4
[2026-02-03 01:12:11.892] [info] [spider.worker] [TIMING] worker_id=27babf96-41ca-4466-a031-22a7dca58492 task_id=none get_next_task request_start=510374095 connect_end=510374097 send_end=510374097 receive_end=510374100 connect_duration_ms=1 send_duration_ms=0 receive_duration_ms=3 total_duration_ms=4
[2026-02-03 01:12:11.998] [info] [spider.worker] [TIMING] worker_id=27babf96-41ca-4466-a031-22a7dca58492 task_id=none get_next_task request_start=510374202 connect_end=510374203 send_end=510374203 receive_end=510374206 connect_duration_ms=1 send_duration_ms=0 receive_duration_ms=3 total_duration_ms=4
[2026-02-03 01:12:12.102] [info] [spider.worker] [TIMING] worker_id=27babf96-41ca-4466-a031-22a7dca58492 task_id=none get_next_task request_start=510374308 connect_end=510374309 send_end=510374309 receive_end=510374311 connect_duration_ms=0 send_duration_ms=0 receive_duration_ms=1 total_duration_ms=2
[2026-02-03 01:12:12.206] [info] [spider.worker] [TIMING] worker_id=27babf96-41ca-4466-a031-22a7dca58492 task_id=none get_next_task request_start=510374412 connect_end=510374413 send_end=510374413 receive_end=510374415 connect_duration_ms=0 send_duration_ms=0 receive_duration_ms=1 total_duration_ms=2
[2026-02-03 01:12:12.311] [info] [spider.worker] [TIMING] worker_id=27babf96-41ca-4466-a031-22a7dca58492 task_id=none get_next_task request_start=510374516 connect_end=510374517 send_end=510374517 receive_end=510374520 connect_duration_ms=0 send_duration_ms=0 receive_duration_ms=2 total_duration_ms=3
[2026-02-03 01:12:12.428] [info] [spider.worker] [TIMING] worker_id=27babf96-41ca-4466-a031-22a7dca58492 task_id=none get_next_task request_start=510374621 connect_end=510374622 send_end=510374622 receive_end=510374637 connect_duration_ms=1 send_duration_ms=0 receive_duration_ms=14 total_duration_ms=15
[2026-02-03 01:12:12.534] [info] [spider.worker] [TIMING] worker_id=27babf96-41ca-4466-a031-22a7dca58492 task_id=none get_next_task request_start=510374739 connect_end=510374740 send_end=510374740 receive_end=510374743 connect_duration_ms=1 send_duration_ms=0 receive_duration_ms=2 total_duration_ms=3
[2026-02-03 01:12:12.640] [info] [spider.worker] [TIMING] worker_id=27babf96-41ca-4466-a031-22a7dca58492 task_id=none get_next_task request_start=510374845 connect_end=510374846 send_end=510374846 receive_end=510374848 connect_duration_ms=0 send_duration_ms=0 receive_duration_ms=2 total_duration_ms=3
[2026-02-03 01:12:12.745] [info] [spider.worker] [TIMING] worker_id=27babf96-41ca-4466-a031-22a7dca58492 task_id=none get_next_task request_start=510374950 connect_end=510374951 send_end=510374951 receive_end=510374953 connect_duration_ms=1 send_duration_ms=0 receive_duration_ms=2 total_duration_ms=3
[2026-02-03 01:12:12.853] [info] [spider.worker] [TIMING] worker_id=27babf96-41ca-4466-a031-22a7dca58492 task_id=none get_next_task request_start=510375056 connect_end=510375057 send_end=510375057 receive_end=510375061 connect_duration_ms=1 send_duration_ms=0 receive_duration_ms=4 total_duration_ms=5
[2026-02-03 01:12:12.961] [info] [spider.worker] [TIMING] worker_id=27babf96-41ca-4466-a031-22a7dca58492 task_id=none get_next_task request_start=510375163 connect_end=510375165 send_end=510375165 receive_end=510375169 connect_duration_ms=1 send_duration_ms=0 receive_duration_ms=4 total_duration_ms=5
[2026-02-03 01:12:13.069] [info] [spider.worker] [TIMING] worker_id=27babf96-41ca-4466-a031-22a7dca58492 task_id=none get_next_task request_start=510375271 connect_end=510375273 send_end=510375273 receive_end=510375277 connect_duration_ms=1 send_duration_ms=0 receive_duration_ms=4 total_duration_ms=5
[2026-02-03 01:12:13.177] [info] [spider.worker] [TIMING] worker_id=27babf96-41ca-4466-a031-22a7dca58492 task_id=none get_next_task request_start=510375380 connect_end=510375381 send_end=510375381 receive_end=510375385 connect_duration_ms=1 send_duration_ms=0 receive_duration_ms=4 total_duration_ms=5
[2026-02-03 01:12:13.281] [info] [spider.worker] [TIMING] worker_id=27babf96-41ca-4466-a031-22a7dca58492 task_id=none get_next_task request_start=510375487 connect_end=510375488 send_end=510375488 receive_end=510375490 connect_duration_ms=1 send_duration_ms=0 receive_duration_ms=1 total_duration_ms=3
[2026-02-03 01:12:13.386] [info] [spider.worker] [TIMING] worker_id=27babf96-41ca-4466-a031-22a7dca58492 task_id=none get_next_task request_start=510375592 connect_end=510375593 send_end=510375593 receive_end=510375595 connect_duration_ms=1 send_duration_ms=0 receive_duration_ms=2 total_duration_ms=3
[2026-02-03 01:12:13.495] [info] [spider.worker] [TIMING] worker_id=27babf96-41ca-4466-a031-22a7dca58492 task_id=none get_next_task request_start=510375697 connect_end=510375699 send_end=510375699 receive_end=510375703 connect_duration_ms=1 send_duration_ms=0 receive_duration_ms=3 total_duration_ms=5
[2026-02-03 01:12:13.600] [info] [spider.worker] [TIMING] worker_id=27babf96-41ca-4466-a031-22a7dca58492 task_id=none get_next_task request_start=510375805 connect_end=510375806 send_end=510375806 receive_end=510375808 connect_duration_ms=0 send_duration_ms=0 receive_duration_ms=2 total_duration_ms=3
[2026-02-03 01:12:13.708] [info] [spider.worker] [TIMING] worker_id=27babf96-41ca-4466-a031-22a7dca58492 task_id=none get_next_task request_start=510375911 connect_end=510375912 send_end=510375912 receive_end=510375916 connect_duration_ms=1 send_duration_ms=0 receive_duration_ms=4 total_duration_ms=5
[2026-02-03 01:12:13.814] [info] [spider.worker] [TIMING] worker_id=27babf96-41ca-4466-a031-22a7dca58492 task_id=none get_next_task request_start=510376018 connect_end=510376019 send_end=510376019 receive_end=510376023 connect_duration_ms=0 send_duration_ms=0 receive_duration_ms=3 total_duration_ms=4
[2026-02-03 01:12:13.922] [info] [spider.worker] [TIMING] worker_id=27babf96-41ca-4466-a031-22a7dca58492 task_id=none get_next_task request_start=510376125 connect_end=510376126 send_end=510376126 receive_end=510376130 connect_duration_ms=1 send_duration_ms=0 receive_duration_ms=4 total_duration_ms=5
[2026-02-03 01:12:14.030] [info] [spider.worker] [TIMING] worker_id=27babf96-41ca-4466-a031-22a7dca58492 task_id=none get_next_task request_start=510376233 connect_end=510376234 send_end=510376235 receive_end=510376239 connect_duration_ms=1 send_duration_ms=0 receive_duration_ms=4 total_duration_ms=5
[2026-02-03 01:12:14.138] [info] [spider.worker] [TIMING] worker_id=27babf96-41ca-4466-a031-22a7dca58492 task_id=none get_next_task request_start=510376341 connect_end=510376342 send_end=510376342 receive_end=510376347 connect_duration_ms=1 send_duration_ms=0 receive_duration_ms=4 total_duration_ms=5
[2026-02-03 01:12:14.247] [info] [spider.worker] [TIMING] worker_id=27babf96-41ca-4466-a031-22a7dca58492 task_id=none get_next_task request_start=510376449 connect_end=510376451 send_end=510376451 receive_end=510376455 connect_duration_ms=1 send_duration_ms=0 receive_duration_ms=4 total_duration_ms=6
[2026-02-03 01:12:14.356] [info] [spider.worker] [TIMING] worker_id=27babf96-41ca-4466-a031-22a7dca58492 task_id=none get_next_task request_start=510376558 connect_end=510376560 send_end=510376560 receive_end=510376564 connect_duration_ms=1 send_duration_ms=0 receive_duration_ms=4 total_duration_ms=6
[2026-02-03 01:12:14.464] [info] [spider.worker] [TIMING] worker_id=27babf96-41ca-4466-a031-22a7dca58492 task_id=none get_next_task request_start=510376666 connect_end=510376668 send_end=510376668 receive_end=510376673 connect_duration_ms=1 send_duration_ms=0 receive_duration_ms=4 total_duration_ms=6
[2026-02-03 01:12:14.573] [info] [spider.worker] [TIMING] worker_id=27babf96-41ca-4466-a031-22a7dca58492 task_id=none get_next_task request_start=510376775 connect_end=510376777 send_end=510376777 receive_end=510376781 connect_duration_ms=1 send_duration_ms=0 receive_duration_ms=4 total_duration_ms=5
[2026-02-03 01:12:14.682] [info] [spider.worker] [TIMING] worker_id=27babf96-41ca-4466-a031-22a7dca58492 task_id=none get_next_task request_start=510376884 connect_end=510376886 send_end=510376886 receive_end=510376890 connect_duration_ms=2 send_duration_ms=0 receive_duration_ms=4 total_duration_ms=6
[2026-02-03 01:12:14.789] [info] [spider.worker] [TIMING] worker_id=27babf96-41ca-4466-a031-22a7dca58492 task_id=none get_next_task request_start=510376993 connect_end=510376995 send_end=510376995 receive_end=510376997 connect_duration_ms=1 send_duration_ms=0 receive_duration_ms=2 total_duration_ms=3
[2026-02-03 01:12:14.895] [info] [spider.worker] [TIMING] worker_id=27babf96-41ca-4466-a031-22a7dca58492 task_id=none get_next_task request_start=510377099 connect_end=510377100 send_end=510377100 receive_end=510377103 connect_duration_ms=1 send_duration_ms=0 receive_duration_ms=2 total_duration_ms=4
[2026-02-03 01:12:15.002] [info] [spider.worker] [TIMING] worker_id=27babf96-41ca-4466-a031-22a7dca58492 task_id=none get_next_task request_start=510377205 connect_end=510377207 send_end=510377207 receive_end=510377211 connect_duration_ms=1 send_duration_ms=0 receive_duration_ms=4 total_duration_ms=5
[2026-02-03 01:12:15.108] [info] [spider.worker] [TIMING] worker_id=27babf96-41ca-4466-a031-22a7dca58492 task_id=none get_next_task request_start=510377313 connect_end=510377314 send_end=510377314 receive_end=510377317 connect_duration_ms=1 send_duration_ms=0 receive_duration_ms=2 total_duration_ms=3
[2026-02-03 01:12:15.215] [info] [spider.worker] [TIMING] worker_id=27babf96-41ca-4466-a031-22a7dca58492 task_id=none get_next_task request_start=510377419 connect_end=510377421 send_end=510377421 receive_end=510377424 connect_duration_ms=1 send_duration_ms=0 receive_duration_ms=2 total_duration_ms=4
[2026-02-03 01:12:15.324] [info] [spider.worker] [TIMING] worker_id=27babf96-41ca-4466-a031-22a7dca58492 task_id=none get_next_task request_start=510377526 connect_end=510377528 send_end=510377528 receive_end=510377533 connect_duration_ms=1 send_duration_ms=0 receive_duration_ms=4 total_duration_ms=6
[2026-02-03 01:12:15.434] [info] [spider.worker] [TIMING] worker_id=27babf96-41ca-4466-a031-22a7dca58492 task_id=none get_next_task request_start=510377635 connect_end=510377636 send_end=510377637 receive_end=510377642 connect_duration_ms=1 send_duration_ms=0 receive_duration_ms=5 total_duration_ms=7
[2026-02-03 01:12:15.543] [info] [spider.worker] [TIMING] worker_id=27babf96-41ca-4466-a031-22a7dca58492 task_id=none get_next_task request_start=510377745 connect_end=510377746 send_end=510377747 receive_end=510377751 connect_duration_ms=1 send_duration_ms=0 receive_duration_ms=4 total_duration_ms=6
[2026-02-03 01:12:15.651] [info] [spider.worker] [TIMING] worker_id=27babf96-41ca-4466-a031-22a7dca58492 task_id=none get_next_task request_start=510377853 connect_end=510377855 send_end=510377855 receive_end=510377859 connect_duration_ms=1 send_duration_ms=0 receive_duration_ms=3 total_duration_ms=5
[2026-02-03 01:12:15.759] [info] [spider.worker] [TIMING] worker_id=27babf96-41ca-4466-a031-22a7dca58492 task_id=none get_next_task request_start=510377962 connect_end=510377963 send_end=510377963 receive_end=510377967 connect_duration_ms=1 send_duration_ms=0 receive_duration_ms=3 total_duration_ms=5
[2026-02-03 01:12:15.868] [info] [spider.worker] [TIMING] worker_id=27babf96-41ca-4466-a031-22a7dca58492 task_id=none get_next_task request_start=510378070 connect_end=510378072 send_end=510378072 receive_end=510378076 connect_duration_ms=1 send_duration_ms=0 receive_duration_ms=4 total_duration_ms=6
[2026-02-03 01:12:15.977] [info] [spider.worker] [TIMING] worker_id=27babf96-41ca-4466-a031-22a7dca58492 task_id=none get_next_task request_start=510378179 connect_end=510378181 send_end=510378181 receive_end=510378186 connect_duration_ms=1 send_duration_ms=0 receive_duration_ms=4 total_duration_ms=6
[2026-02-03 01:12:16.086] [info] [spider.worker] [TIMING] worker_id=27babf96-41ca-4466-a031-22a7dca58492 task_id=none get_next_task request_start=510378288 connect_end=510378290 send_end=510378290 receive_end=510378294 connect_duration_ms=1 send_duration_ms=0 receive_duration_ms=3 total_duration_ms=5
[2026-02-03 01:12:16.193] [info] [spider.worker] [TIMING] worker_id=27babf96-41ca-4466-a031-22a7dca58492 task_id=none get_next_task request_start=510378397 connect_end=510378399 send_end=510378399 receive_end=510378401 connect_duration_ms=1 send_duration_ms=0 receive_duration_ms=2 total_duration_ms=4
[2026-02-03 01:12:16.301] [info] [spider.worker] [TIMING] worker_id=27babf96-41ca-4466-a031-22a7dca58492 task_id=none get_next_task request_start=510378504 connect_end=510378506 send_end=510378506 receive_end=510378510 connect_duration_ms=1 send_duration_ms=0 receive_duration_ms=3 total_duration_ms=5
[2026-02-03 01:12:16.411] [info] [spider.worker] [TIMING] worker_id=27babf96-41ca-4466-a031-22a7dca58492 task_id=none get_next_task request_start=510378611 connect_end=510378613 send_end=510378613 receive_end=510378620 connect_duration_ms=1 send_duration_ms=0 receive_duration_ms=6 total_duration_ms=8
[2026-02-03 01:12:16.519] [info] [spider.worker] [TIMING] worker_id=27babf96-41ca-4466-a031-22a7dca58492 task_id=none get_next_task request_start=510378722 connect_end=510378724 send_end=510378724 receive_end=510378728 connect_duration_ms=1 send_duration_ms=0 receive_duration_ms=3 total_duration_ms=5
[2026-02-03 01:12:16.625] [info] [spider.worker] [TIMING] worker_id=27babf96-41ca-4466-a031-22a7dca58492 task_id=none get_next_task request_start=510378830 connect_end=510378831 send_end=510378831 receive_end=510378833 connect_duration_ms=1 send_duration_ms=0 receive_duration_ms=1 total_duration_ms=3
[2026-02-03 01:12:16.734] [info] [spider.worker] [TIMING] worker_id=27babf96-41ca-4466-a031-22a7dca58492 task_id=none get_next_task request_start=510378935 connect_end=510378936 send_end=510378936 receive_end=510378943 connect_duration_ms=1 send_duration_ms=0 receive_duration_ms=6 total_duration_ms=8
[2026-02-03 01:12:16.843] [info] [spider.worker] [TIMING] worker_id=27babf96-41ca-4466-a031-22a7dca58492 task_id=none get_next_task request_start=510379046 connect_end=510379047 send_end=510379047 receive_end=510379051 connect_duration_ms=1 send_duration_ms=0 receive_duration_ms=3 total_duration_ms=5
[2026-02-03 01:12:16.952] [info] [spider.worker] [TIMING] worker_id=27babf96-41ca-4466-a031-22a7dca58492 task_id=none get_next_task request_start=510379154 connect_end=510379156 send_end=510379156 receive_end=510379160 connect_duration_ms=1 send_duration_ms=0 receive_duration_ms=4 total_duration_ms=6
[2026-02-03 01:12:17.060] [info] [spider.worker] [TIMING] worker_id=27babf96-41ca-4466-a031-22a7dca58492 task_id=none get_next_task request_start=510379263 connect_end=510379265 send_end=510379265 receive_end=510379269 connect_duration_ms=1 send_duration_ms=0 receive_duration_ms=3 total_duration_ms=5
[2026-02-03 01:12:17.173] [info] [spider.worker] [TIMING] worker_id=27babf96-41ca-4466-a031-22a7dca58492 task_id=none get_next_task request_start=510379371 connect_end=510379373 send_end=510379373 receive_end=510379381 connect_duration_ms=2 send_duration_ms=0 receive_duration_ms=7 total_duration_ms=9
[2026-02-03 01:12:17.283] [info] [spider.worker] [TIMING] worker_id=27babf96-41ca-4466-a031-22a7dca58492 task_id=none get_next_task request_start=510379484 connect_end=510379485 send_end=510379485 receive_end=510379491 connect_duration_ms=1 send_duration_ms=0 receive_duration_ms=5 total_duration_ms=7
[2026-02-03 01:12:17.391] [info] [spider.worker] [TIMING] worker_id=27babf96-41ca-4466-a031-22a7dca58492 task_id=none get_next_task request_start=510379594 connect_end=510379595 send_end=510379595 receive_end=510379600 connect_duration_ms=1 send_duration_ms=0 receive_duration_ms=4 total_duration_ms=5
[2026-02-03 01:12:17.500] [info] [spider.worker] [TIMING] worker_id=27babf96-41ca-4466-a031-22a7dca58492 task_id=none get_next_task request_start=510379702 connect_end=510379703 send_end=510379703 receive_end=510379709 connect_duration_ms=1 send_duration_ms=0 receive_duration_ms=5 total_duration_ms=7
[2026-02-03 01:12:17.611] [info] [spider.worker] [TIMING] worker_id=27babf96-41ca-4466-a031-22a7dca58492 task_id=none get_next_task request_start=510379811 connect_end=510379813 send_end=510379813 receive_end=510379819 connect_duration_ms=1 send_duration_ms=0 receive_duration_ms=5 total_duration_ms=7
[2026-02-03 01:12:17.719] [info] [spider.worker] [TIMING] worker_id=27babf96-41ca-4466-a031-22a7dca58492 task_id=none get_next_task request_start=510379922 connect_end=510379924 send_end=510379924 receive_end=510379928 connect_duration_ms=1 send_duration_ms=0 receive_duration_ms=4 total_duration_ms=5
[2026-02-03 01:12:17.829] [info] [spider.worker] [TIMING] worker_id=27babf96-41ca-4466-a031-22a7dca58492 task_id=none get_next_task request_start=510380031 connect_end=510380033 send_end=510380033 receive_end=510380037 connect_duration_ms=1 send_duration_ms=0 receive_duration_ms=4 total_duration_ms=6
[2026-02-03 01:12:17.938] [info] [spider.worker] [TIMING] worker_id=27babf96-41ca-4466-a031-22a7dca58492 task_id=none get_next_task request_start=510380140 connect_end=510380141 send_end=510380142 receive_end=510380146 connect_duration_ms=1 send_duration_ms=0 receive_duration_ms=4 total_duration_ms=5
[2026-02-03 01:12:18.046] [info] [spider.worker] [TIMING] worker_id=27babf96-41ca-4466-a031-22a7dca58492 task_id=none get_next_task request_start=510380249 connect_end=510380251 send_end=510380251 receive_end=510380255 connect_duration_ms=1 send_duration_ms=0 receive_duration_ms=3 total_duration_ms=5
[2026-02-03 01:12:18.155] [info] [spider.worker] [TIMING] worker_id=27babf96-41ca-4466-a031-22a7dca58492 task_id=none get_next_task request_start=510380357 connect_end=510380359 send_end=510380359 receive_end=510380363 connect_duration_ms=1 send_duration_ms=0 receive_duration_ms=4 total_duration_ms=6
[2026-02-03 01:12:18.264] [info] [spider.worker] [TIMING] worker_id=27babf96-41ca-4466-a031-22a7dca58492 task_id=none get_next_task request_start=510380466 connect_end=510380468 send_end=510380468 receive_end=510380472 connect_duration_ms=1 send_duration_ms=0 receive_duration_ms=4 total_duration_ms=6
[2026-02-03 01:12:18.373] [info] [spider.worker] [TIMING] worker_id=27babf96-41ca-4466-a031-22a7dca58492 task_id=none get_next_task request_start=510380575 connect_end=510380577 send_end=510380577 receive_end=510380581 connect_duration_ms=1 send_duration_ms=0 receive_duration_ms=4 total_duration_ms=6
[2026-02-03 01:12:18.486] [info] [spider.worker] [TIMING] worker_id=27babf96-41ca-4466-a031-22a7dca58492 task_id=none get_next_task request_start=510380684 connect_end=510380685 send_end=510380685 receive_end=510380694 connect_duration_ms=1 send_duration_ms=0 receive_duration_ms=8 total_duration_ms=10
[2026-02-03 01:12:18.596] [info] [spider.worker] [TIMING] worker_id=27babf96-41ca-4466-a031-22a7dca58492 task_id=none get_next_task request_start=510380797 connect_end=510380799 send_end=510380799 receive_end=510380804 connect_duration_ms=1 send_duration_ms=0 receive_duration_ms=5 total_duration_ms=7
[2026-02-03 01:12:18.705] [info] [spider.worker] [TIMING] worker_id=27babf96-41ca-4466-a031-22a7dca58492 task_id=none get_next_task request_start=510380907 connect_end=510380909 send_end=510380909 receive_end=510380913 connect_duration_ms=1 send_duration_ms=0 receive_duration_ms=4 total_duration_ms=6
[2026-02-03 01:12:18.814] [info] [spider.worker] [TIMING] worker_id=27babf96-41ca-4466-a031-22a7dca58492 task_id=none get_next_task request_start=510381016 connect_end=510381018 send_end=510381018 receive_end=510381022 connect_duration_ms=1 send_duration_ms=0 receive_duration_ms=4 total_duration_ms=6
[2026-02-03 01:12:18.923] [info] [spider.worker] [TIMING] worker_id=27babf96-41ca-4466-a031-22a7dca58492 task_id=none get_next_task request_start=510381125 connect_end=510381127 send_end=510381127 receive_end=510381131 connect_duration_ms=1 send_duration_ms=0 receive_duration_ms=4 total_duration_ms=6
[2026-02-03 01:12:19.028] [info] [spider.worker] [TIMING] worker_id=27babf96-41ca-4466-a031-22a7dca58492 task_id=none get_next_task request_start=510381233 connect_end=510381234 send_end=510381234 receive_end=510381236 connect_duration_ms=1 send_duration_ms=0 receive_duration_ms=2 total_duration_ms=3
[2026-02-03 01:12:19.132] [info] [spider.worker] [TIMING] worker_id=27babf96-41ca-4466-a031-22a7dca58492 task_id=none get_next_task request_start=510381337 connect_end=510381338 send_end=510381338 receive_end=510381340 connect_duration_ms=1 send_duration_ms=0 receive_duration_ms=1 total_duration_ms=3
[2026-02-03 01:12:19.236] [info] [spider.worker] [TIMING] worker_id=27babf96-41ca-4466-a031-22a7dca58492 task_id=none get_next_task request_start=510381442 connect_end=510381443 send_end=510381443 receive_end=510381445 connect_duration_ms=1 send_duration_ms=0 receive_duration_ms=1 total_duration_ms=2
[2026-02-03 01:12:19.345] [info] [spider.worker] [TIMING] worker_id=27babf96-41ca-4466-a031-22a7dca58492 task_id=none get_next_task request_start=510381547 connect_end=510381548 send_end=510381548 receive_end=510381553 connect_duration_ms=0 send_duration_ms=0 receive_duration_ms=5 total_duration_ms=6
[2026-02-03 01:12:19.456] [info] [spider.worker] [TIMING] worker_id=27babf96-41ca-4466-a031-22a7dca58492 task_id=none get_next_task request_start=510381655 connect_end=510381656 send_end=510381656 receive_end=510381665 connect_duration_ms=0 send_duration_ms=0 receive_duration_ms=8 total_duration_ms=9
[2026-02-03 01:12:19.562] [info] [spider.worker] [TIMING] worker_id=27babf96-41ca-4466-a031-22a7dca58492 task_id=none get_next_task request_start=510381766 connect_end=510381767 send_end=510381767 receive_end=510381771 connect_duration_ms=1 send_duration_ms=0 receive_duration_ms=3 total_duration_ms=4
[2026-02-03 01:12:19.672] [info] [spider.worker] [TIMING] worker_id=27babf96-41ca-4466-a031-22a7dca58492 task_id=none get_next_task request_start=510381873 connect_end=510381874 send_end=510381874 receive_end=510381880 connect_duration_ms=1 send_duration_ms=0 receive_duration_ms=6 total_duration_ms=7
[2026-02-03 01:12:19.776] [info] [spider.worker] [TIMING] worker_id=27babf96-41ca-4466-a031-22a7dca58492 task_id=none get_next_task request_start=510381982 connect_end=510381983 send_end=510381983 receive_end=510381985 connect_duration_ms=0 send_duration_ms=0 receive_duration_ms=1 total_duration_ms=2
[2026-02-03 01:12:19.881] [info] [spider.worker] [TIMING] worker_id=27babf96-41ca-4466-a031-22a7dca58492 task_id=none get_next_task request_start=510382086 connect_end=510382087 send_end=510382087 receive_end=510382089 connect_duration_ms=1 send_duration_ms=0 receive_duration_ms=2 total_duration_ms=3
[2026-02-03 01:12:19.985] [info] [spider.worker] [TIMING] worker_id=27babf96-41ca-4466-a031-22a7dca58492 task_id=none get_next_task request_start=510382191 connect_end=510382191 send_end=510382191 receive_end=510382193 connect_duration_ms=0 send_duration_ms=0 receive_duration_ms=1 total_duration_ms=2
[2026-02-03 01:12:20.089] [info] [spider.worker] [TIMING] worker_id=27babf96-41ca-4466-a031-22a7dca58492 task_id=none get_next_task request_start=510382295 connect_end=510382295 send_end=510382295 receive_end=510382297 connect_duration_ms=0 send_duration_ms=0 receive_duration_ms=1 total_duration_ms=2
[2026-02-03 01:12:20.200] [info] [spider.worker] [TIMING] worker_id=27babf96-41ca-4466-a031-22a7dca58492 task_id=none get_next_task request_start=510382399 connect_end=510382399 send_end=510382400 receive_end=510382408 connect_duration_ms=0 send_duration_ms=0 receive_duration_ms=8 total_duration_ms=9
[2026-02-03 01:12:20.306] [info] [spider.worker] [TIMING] worker_id=27babf96-41ca-4466-a031-22a7dca58492 task_id=none get_next_task request_start=510382510 connect_end=510382511 send_end=510382511 receive_end=510382514 connect_duration_ms=0 send_duration_ms=0 receive_duration_ms=3 total_duration_ms=4
[2026-02-03 01:12:20.412] [info] [spider.worker] [TIMING] worker_id=27babf96-41ca-4466-a031-22a7dca58492 task_id=none get_next_task request_start=510382616 connect_end=510382617 send_end=510382617 receive_end=510382620 connect_duration_ms=1 send_duration_ms=0 receive_duration_ms=3 total_duration_ms=4
[2026-02-03 01:12:20.518] [info] [spider.worker] [TIMING] worker_id=27babf96-41ca-4466-a031-22a7dca58492 task_id=none get_next_task request_start=510382722 connect_end=510382723 send_end=510382723 receive_end=510382726 connect_duration_ms=1 send_duration_ms=0 receive_duration_ms=2 total_duration_ms=3
[2026-02-03 01:12:20.632] [info] [spider.worker] [TIMING] worker_id=27babf96-41ca-4466-a031-22a7dca58492 task_id=none get_next_task request_start=510382827 connect_end=510382828 send_end=510382828 receive_end=510382840 connect_duration_ms=1 send_duration_ms=0 receive_duration_ms=11 total_duration_ms=13
[2026-02-03 01:12:20.741] [info] [spider.worker] [TIMING] worker_id=27babf96-41ca-4466-a031-22a7dca58492 task_id=none get_next_task request_start=510382942 connect_end=510382944 send_end=510382944 receive_end=510382950 connect_duration_ms=1 send_duration_ms=0 receive_duration_ms=5 total_duration_ms=7
[2026-02-03 01:12:20.849] [info] [spider.worker] [TIMING] worker_id=27babf96-41ca-4466-a031-22a7dca58492 task_id=none get_next_task request_start=510383052 connect_end=510383053 send_end=510383053 receive_end=510383057 connect_duration_ms=1 send_duration_ms=0 receive_duration_ms=3 total_duration_ms=5
[2026-02-03 01:12:20.953] [info] [spider.worker] [TIMING] worker_id=27babf96-41ca-4466-a031-22a7dca58492 task_id=none get_next_task request_start=510383159 connect_end=510383160 send_end=510383160 receive_end=510383161 connect_duration_ms=0 send_duration_ms=0 receive_duration_ms=1 total_duration_ms=2
[2026-02-03 01:12:21.068] [info] [spider.worker] [TIMING] worker_id=27babf96-41ca-4466-a031-22a7dca58492 task_id=none get_next_task request_start=510383271 connect_end=510383273 send_end=510383273 receive_end=510383276 connect_duration_ms=1 send_duration_ms=0 receive_duration_ms=3 total_duration_ms=4
[2026-02-03 01:12:21.175] [info] [spider.worker] [TIMING] worker_id=27babf96-41ca-4466-a031-22a7dca58492 task_id=none get_next_task request_start=510383378 connect_end=510383379 send_end=510383379 receive_end=510383383 connect_duration_ms=1 send_duration_ms=0 receive_duration_ms=4 total_duration_ms=5
[2026-02-03 01:12:21.283] [info] [spider.worker] [TIMING] worker_id=27babf96-41ca-4466-a031-22a7dca58492 task_id=none get_next_task request_start=510383486 connect_end=510383488 send_end=510383488 receive_end=510383492 connect_duration_ms=1 send_duration_ms=0 receive_duration_ms=4 total_duration_ms=5
[2026-02-03 01:12:21.391] [info] [spider.worker] [TIMING] worker_id=27babf96-41ca-4466-a031-22a7dca58492 task_id=none get_next_task request_start=510383594 connect_end=510383595 send_end=510383595 receive_end=510383599 connect_duration_ms=1 send_duration_ms=0 receive_duration_ms=4 total_duration_ms=5
[2026-02-03 01:12:21.496] [info] [spider.worker] [TIMING] worker_id=27babf96-41ca-4466-a031-22a7dca58492 task_id=none get_next_task request_start=510383702 connect_end=510383703 send_end=510383703 receive_end=510383705 connect_duration_ms=1 send_duration_ms=0 receive_duration_ms=1 total_duration_ms=3
[2026-02-03 01:12:21.602] [info] [spider.worker] [TIMING] worker_id=27babf96-41ca-4466-a031-22a7dca58492 task_id=none get_next_task request_start=510383807 connect_end=510383808 send_end=510383808 receive_end=510383811 connect_duration_ms=1 send_duration_ms=0 receive_duration_ms=2 total_duration_ms=4
[2026-02-03 01:12:21.710] [info] [spider.worker] [TIMING] worker_id=27babf96-41ca-4466-a031-22a7dca58492 task_id=none get_next_task request_start=510383913 connect_end=510383915 send_end=510383915 receive_end=510383919 connect_duration_ms=1 send_duration_ms=0 receive_duration_ms=4 total_duration_ms=5
[2026-02-03 01:12:21.819] [info] [spider.worker] [TIMING] worker_id=27babf96-41ca-4466-a031-22a7dca58492 task_id=none get_next_task request_start=510384021 connect_end=510384022 send_end=510384023 receive_end=510384027 connect_duration_ms=1 send_duration_ms=0 receive_duration_ms=4 total_duration_ms=5
[2026-02-03 01:12:21.927] [info] [spider.worker] [TIMING] worker_id=27babf96-41ca-4466-a031-22a7dca58492 task_id=none get_next_task request_start=510384130 connect_end=510384131 send_end=510384131 receive_end=510384136 connect_duration_ms=1 send_duration_ms=0 receive_duration_ms=4 total_duration_ms=5
[2026-02-03 01:12:22.037] [info] [spider.worker] [TIMING] worker_id=27babf96-41ca-4466-a031-22a7dca58492 task_id=none get_next_task request_start=510384238 connect_end=510384240 send_end=510384240 receive_end=510384245 connect_duration_ms=1 send_duration_ms=0 receive_duration_ms=4 total_duration_ms=6
[2026-02-03 01:12:22.146] [info] [spider.worker] [TIMING] worker_id=27babf96-41ca-4466-a031-22a7dca58492 task_id=none get_next_task request_start=510384348 connect_end=510384350 send_end=510384350 receive_end=510384354 connect_duration_ms=1 send_duration_ms=0 receive_duration_ms=4 total_duration_ms=6
[2026-02-03 01:12:22.255] [info] [spider.worker] [TIMING] worker_id=27babf96-41ca-4466-a031-22a7dca58492 task_id=none get_next_task request_start=510384457 connect_end=510384459 send_end=510384459 receive_end=510384463 connect_duration_ms=1 send_duration_ms=0 receive_duration_ms=4 total_duration_ms=5
[2026-02-03 01:12:22.363] [info] [spider.worker] [TIMING] worker_id=27babf96-41ca-4466-a031-22a7dca58492 task_id=none get_next_task request_start=510384566 connect_end=510384568 send_end=510384568 receive_end=510384572 connect_duration_ms=2 send_duration_ms=0 receive_duration_ms=4 total_duration_ms=6
[2026-02-03 01:12:22.473] [info] [spider.worker] [TIMING] worker_id=27babf96-41ca-4466-a031-22a7dca58492 task_id=none get_next_task request_start=510384674 connect_end=510384677 send_end=510384677 receive_end=510384681 connect_duration_ms=2 send_duration_ms=0 receive_duration_ms=4 total_duration_ms=6
[2026-02-03 01:12:22.581] [info] [spider.worker] [TIMING] worker_id=27babf96-41ca-4466-a031-22a7dca58492 task_id=none get_next_task request_start=510384784 connect_end=510384785 send_end=510384785 receive_end=510384790 connect_duration_ms=1 send_duration_ms=0 receive_duration_ms=4 total_duration_ms=5
[2026-02-03 01:12:22.691] [info] [spider.worker] [TIMING] worker_id=27babf96-41ca-4466-a031-22a7dca58492 task_id=none get_next_task request_start=510384893 connect_end=510384894 send_end=510384894 receive_end=510384899 connect_duration_ms=1 send_duration_ms=0 receive_duration_ms=4 total_duration_ms=6
[2026-02-03 01:12:22.800] [info] [spider.worker] [TIMING] worker_id=27babf96-41ca-4466-a031-22a7dca58492 task_id=none get_next_task request_start=510385002 connect_end=510385004 send_end=510385004 receive_end=510385008 connect_duration_ms=1 send_duration_ms=0 receive_duration_ms=4 total_duration_ms=6
[2026-02-03 01:12:22.908] [info] [spider.worker] [TIMING] worker_id=27babf96-41ca-4466-a031-22a7dca58492 task_id=none get_next_task request_start=510385111 connect_end=510385112 send_end=510385112 receive_end=510385116 connect_duration_ms=1 send_duration_ms=0 receive_duration_ms=3 total_duration_ms=5
[2026-02-03 01:12:23.017] [info] [spider.worker] [TIMING] worker_id=27babf96-41ca-4466-a031-22a7dca58492 task_id=none get_next_task request_start=510385219 connect_end=510385221 send_end=510385221 receive_end=510385225 connect_duration_ms=1 send_duration_ms=0 receive_duration_ms=4 total_duration_ms=6
[2026-02-03 01:12:23.126] [info] [spider.worker] [TIMING] worker_id=27babf96-41ca-4466-a031-22a7dca58492 task_id=none get_next_task request_start=510385328 connect_end=510385330 send_end=510385330 receive_end=510385334 connect_duration_ms=1 send_duration_ms=0 receive_duration_ms=4 total_duration_ms=5
[2026-02-03 01:12:23.235] [info] [spider.worker] [TIMING] worker_id=27babf96-41ca-4466-a031-22a7dca58492 task_id=none get_next_task request_start=510385437 connect_end=510385439 send_end=510385439 receive_end=510385443 connect_duration_ms=1 send_duration_ms=0 receive_duration_ms=4 total_duration_ms=5
[2026-02-03 01:12:23.344] [info] [spider.worker] [TIMING] worker_id=27babf96-41ca-4466-a031-22a7dca58492 task_id=none get_next_task request_start=510385546 connect_end=510385548 send_end=510385548 receive_end=510385552 connect_duration_ms=1 send_duration_ms=0 receive_duration_ms=3 total_duration_ms=5
[2026-02-03 01:12:23.452] [info] [spider.worker] [TIMING] worker_id=27babf96-41ca-4466-a031-22a7dca58492 task_id=none get_next_task request_start=510385655 connect_end=510385656 send_end=510385656 receive_end=510385660 connect_duration_ms=1 send_duration_ms=0 receive_duration_ms=3 total_duration_ms=5
[2026-02-03 01:12:23.561] [info] [spider.worker] [TIMING] worker_id=27babf96-41ca-4466-a031-22a7dca58492 task_id=none get_next_task request_start=510385762 connect_end=510385764 send_end=510385764 receive_end=510385769 connect_duration_ms=1 send_duration_ms=0 receive_duration_ms=4 total_duration_ms=6
[2026-02-03 01:12:23.669] [info] [spider.worker] [TIMING] worker_id=27babf96-41ca-4466-a031-22a7dca58492 task_id=none get_next_task request_start=510385871 connect_end=510385873 send_end=510385873 receive_end=510385877 connect_duration_ms=1 send_duration_ms=0 receive_duration_ms=4 total_duration_ms=5
[2026-02-03 01:12:23.778] [info] [spider.worker] [TIMING] worker_id=27babf96-41ca-4466-a031-22a7dca58492 task_id=none get_next_task request_start=510385979 connect_end=510385981 send_end=510385981 receive_end=510385986 connect_duration_ms=1 send_duration_ms=0 receive_duration_ms=5 total_duration_ms=6
[2026-02-03 01:12:23.886] [info] [spider.worker] [TIMING] worker_id=27babf96-41ca-4466-a031-22a7dca58492 task_id=none get_next_task request_start=510386089 connect_end=510386090 send_end=510386090 receive_end=510386094 connect_duration_ms=1 send_duration_ms=0 receive_duration_ms=4 total_duration_ms=5
[2026-02-03 01:12:23.995] [info] [spider.worker] [TIMING] worker_id=27babf96-41ca-4466-a031-22a7dca58492 task_id=none get_next_task request_start=510386197 connect_end=510386199 send_end=510386199 receive_end=510386203 connect_duration_ms=1 send_duration_ms=0 receive_duration_ms=4 total_duration_ms=5
[2026-02-03 01:12:24.103] [info] [spider.worker] [TIMING] worker_id=27babf96-41ca-4466-a031-22a7dca58492 task_id=none get_next_task request_start=510386306 connect_end=510386307 send_end=510386307 receive_end=510386311 connect_duration_ms=1 send_duration_ms=0 receive_duration_ms=3 total_duration_ms=5
[2026-02-03 01:12:24.211] [info] [spider.worker] [TIMING] worker_id=27babf96-41ca-4466-a031-22a7dca58492 task_id=none get_next_task request_start=510386414 connect_end=510386415 send_end=510386415 receive_end=510386419 connect_duration_ms=1 send_duration_ms=0 receive_duration_ms=3 total_duration_ms=5
[2026-02-03 01:12:24.317] [info] [spider.worker] [TIMING] worker_id=27babf96-41ca-4466-a031-22a7dca58492 task_id=none get_next_task request_start=510386522 connect_end=510386523 send_end=510386523 receive_end=510386526 connect_duration_ms=1 send_duration_ms=0 receive_duration_ms=2 total_duration_ms=3
[2026-02-03 01:12:24.424] [info] [spider.worker] [TIMING] worker_id=27babf96-41ca-4466-a031-22a7dca58492 task_id=none get_next_task request_start=510386627 connect_end=510386629 send_end=510386629 receive_end=510386633 connect_duration_ms=1 send_duration_ms=0 receive_duration_ms=4 total_duration_ms=5
[2026-02-03 01:12:24.528] [info] [spider.worker] [TIMING] worker_id=27babf96-41ca-4466-a031-22a7dca58492 task_id=none get_next_task request_start=510386734 connect_end=510386735 send_end=510386735 receive_end=510386737 connect_duration_ms=0 send_duration_ms=0 receive_duration_ms=1 total_duration_ms=2
[2026-02-03 01:12:24.637] [info] [spider.worker] [TIMING] worker_id=27babf96-41ca-4466-a031-22a7dca58492 task_id=none get_next_task request_start=510386839 connect_end=510386840 send_end=510386840 receive_end=510386846 connect_duration_ms=1 send_duration_ms=0 receive_duration_ms=5 total_duration_ms=7
[2026-02-03 01:12:24.746] [info] [spider.worker] [TIMING] worker_id=27babf96-41ca-4466-a031-22a7dca58492 task_id=none get_next_task request_start=510386947 connect_end=510386948 send_end=510386948 receive_end=510386954 connect_duration_ms=1 send_duration_ms=0 receive_duration_ms=6 total_duration_ms=7
[2026-02-03 01:12:24.854] [info] [spider.worker] [TIMING] worker_id=27babf96-41ca-4466-a031-22a7dca58492 task_id=none get_next_task request_start=510387057 connect_end=510387059 send_end=510387059 receive_end=510387063 connect_duration_ms=1 send_duration_ms=0 receive_duration_ms=3 total_duration_ms=5
[2026-02-03 01:12:24.962] [info] [spider.worker] [TIMING] worker_id=27babf96-41ca-4466-a031-22a7dca58492 task_id=none get_next_task request_start=510387165 connect_end=510387166 send_end=510387166 receive_end=510387171 connect_duration_ms=1 send_duration_ms=0 receive_duration_ms=4 total_duration_ms=5
[2026-02-03 01:12:25.068] [info] [spider.worker] [TIMING] worker_id=27babf96-41ca-4466-a031-22a7dca58492 task_id=none get_next_task request_start=510387272 connect_end=510387273 send_end=510387273 receive_end=510387276 connect_duration_ms=1 send_duration_ms=0 receive_duration_ms=2 total_duration_ms=4
[2026-02-03 01:12:25.174] [info] [spider.worker] [TIMING] worker_id=27babf96-41ca-4466-a031-22a7dca58492 task_id=none get_next_task request_start=510387378 connect_end=510387380 send_end=510387380 receive_end=510387382 connect_duration_ms=1 send_duration_ms=0 receive_duration_ms=2 total_duration_ms=3
[2026-02-03 01:12:25.280] [info] [spider.worker] [TIMING] worker_id=27babf96-41ca-4466-a031-22a7dca58492 task_id=none get_next_task request_start=510387484 connect_end=510387485 send_end=510387485 receive_end=510387488 connect_duration_ms=1 send_duration_ms=0 receive_duration_ms=3 total_duration_ms=4
[2026-02-03 01:12:25.394] [info] [spider.worker] [TIMING] worker_id=27babf96-41ca-4466-a031-22a7dca58492 task_id=none get_next_task request_start=510387598 connect_end=510387600 send_end=510387600 receive_end=510387602 connect_duration_ms=1 send_duration_ms=0 receive_duration_ms=2 total_duration_ms=3
[2026-02-03 01:12:25.502] [info] [spider.worker] [TIMING] worker_id=27babf96-41ca-4466-a031-22a7dca58492 task_id=none get_next_task request_start=510387705 connect_end=510387707 send_end=510387707 receive_end=510387711 connect_duration_ms=1 send_duration_ms=0 receive_duration_ms=4 total_duration_ms=5
[2026-02-03 01:12:25.609] [info] [spider.worker] [TIMING] worker_id=27babf96-41ca-4466-a031-22a7dca58492 task_id=none get_next_task request_start=510387813 connect_end=510387815 send_end=510387815 receive_end=510387817 connect_duration_ms=1 send_duration_ms=0 receive_duration_ms=2 total_duration_ms=3
[2026-02-03 01:12:25.718] [info] [spider.worker] [TIMING] worker_id=27babf96-41ca-4466-a031-22a7dca58492 task_id=none get_next_task request_start=510387920 connect_end=510387922 send_end=510387922 receive_end=510387926 connect_duration_ms=2 send_duration_ms=0 receive_duration_ms=4 total_duration_ms=6
[2026-02-03 01:12:25.826] [info] [spider.worker] [TIMING] worker_id=27babf96-41ca-4466-a031-22a7dca58492 task_id=none get_next_task request_start=510388029 connect_end=510388031 send_end=510388031 receive_end=510388035 connect_duration_ms=1 send_duration_ms=0 receive_duration_ms=4 total_duration_ms=5
[2026-02-03 01:12:25.935] [info] [spider.worker] [TIMING] worker_id=27babf96-41ca-4466-a031-22a7dca58492 task_id=none get_next_task request_start=510388137 connect_end=510388139 send_end=510388139 receive_end=510388143 connect_duration_ms=1 send_duration_ms=0 receive_duration_ms=4 total_duration_ms=5
[2026-02-03 01:12:26.044] [info] [spider.worker] [TIMING] worker_id=27babf96-41ca-4466-a031-22a7dca58492 task_id=none get_next_task request_start=510388246 connect_end=510388247 send_end=510388248 receive_end=510388252 connect_duration_ms=1 send_duration_ms=0 receive_duration_ms=4 total_duration_ms=6
[2026-02-03 01:12:26.149] [info] [spider.worker] [TIMING] worker_id=27babf96-41ca-4466-a031-22a7dca58492 task_id=none get_next_task request_start=510388354 connect_end=510388355 send_end=510388355 receive_end=510388357 connect_duration_ms=1 send_duration_ms=0 receive_duration_ms=2 total_duration_ms=3
[2026-02-03 01:12:26.260] [info] [spider.worker] [TIMING] worker_id=27babf96-41ca-4466-a031-22a7dca58492 task_id=none get_next_task request_start=510388460 connect_end=510388461 send_end=510388461 receive_end=510388468 connect_duration_ms=1 send_duration_ms=0 receive_duration_ms=7 total_duration_ms=8
[2026-02-03 01:12:26.366] [info] [spider.worker] [TIMING] worker_id=27babf96-41ca-4466-a031-22a7dca58492 task_id=none get_next_task request_start=510388570 connect_end=510388572 send_end=510388572 receive_end=510388574 connect_duration_ms=1 send_duration_ms=0 receive_duration_ms=2 total_duration_ms=3
[2026-02-03 01:12:26.471] [info] [spider.worker] [TIMING] worker_id=27babf96-41ca-4466-a031-22a7dca58492 task_id=none get_next_task request_start=510388676 connect_end=510388677 send_end=510388677 receive_end=510388680 connect_duration_ms=1 send_duration_ms=0 receive_duration_ms=2 total_duration_ms=3
[2026-02-03 01:12:26.577] [info] [spider.worker] [TIMING] worker_id=27babf96-41ca-4466-a031-22a7dca58492 task_id=none get_next_task request_start=510388782 connect_end=510388784 send_end=510388784 receive_end=510388786 connect_duration_ms=1 send_duration_ms=0 receive_duration_ms=2 total_duration_ms=3
[2026-02-03 01:12:26.684] [info] [spider.worker] [TIMING] worker_id=27babf96-41ca-4466-a031-22a7dca58492 task_id=none get_next_task request_start=510388888 connect_end=510388889 send_end=510388889 receive_end=510388893 connect_duration_ms=1 send_duration_ms=0 receive_duration_ms=3 total_duration_ms=4
[2026-02-03 01:12:26.790] [info] [spider.worker] [TIMING] worker_id=27babf96-41ca-4466-a031-22a7dca58492 task_id=none get_next_task request_start=510388995 connect_end=510388996 send_end=510388996 receive_end=510388998 connect_duration_ms=1 send_duration_ms=0 receive_duration_ms=2 total_duration_ms=3
[2026-02-03 01:12:26.895] [info] [spider.worker] [TIMING] worker_id=27babf96-41ca-4466-a031-22a7dca58492 task_id=none get_next_task request_start=510389100 connect_end=510389101 send_end=510389101 receive_end=510389103 connect_duration_ms=1 send_duration_ms=0 receive_duration_ms=2 total_duration_ms=3
[2026-02-03 01:12:27.003] [info] [spider.worker] [TIMING] worker_id=27babf96-41ca-4466-a031-22a7dca58492 task_id=none get_next_task request_start=510389206 connect_end=510389207 send_end=510389207 receive_end=510389212 connect_duration_ms=1 send_duration_ms=0 receive_duration_ms=4 total_duration_ms=5
[2026-02-03 01:12:27.112] [info] [spider.worker] [TIMING] worker_id=27babf96-41ca-4466-a031-22a7dca58492 task_id=none get_next_task request_start=510389314 connect_end=510389316 send_end=510389316 receive_end=510389320 connect_duration_ms=1 send_duration_ms=0 receive_duration_ms=3 total_duration_ms=5
[2026-02-03 01:12:27.227] [info] [spider.worker] [TIMING] worker_id=27babf96-41ca-4466-a031-22a7dca58492 task_id=none get_next_task request_start=510389425 connect_end=510389426 send_end=510389426 receive_end=510389436 connect_duration_ms=1 send_duration_ms=0 receive_duration_ms=9 total_duration_ms=11
[2026-02-03 01:12:27.336] [info] [spider.worker] [TIMING] worker_id=27babf96-41ca-4466-a031-22a7dca58492 task_id=none get_next_task request_start=510389539 connect_end=510389540 send_end=510389540 receive_end=510389544 connect_duration_ms=1 send_duration_ms=0 receive_duration_ms=3 total_duration_ms=5
[2026-02-03 01:12:27.446] [info] [spider.worker] [TIMING] worker_id=27babf96-41ca-4466-a031-22a7dca58492 task_id=none get_next_task request_start=510389647 connect_end=510389648 send_end=510389648 receive_end=510389654 connect_duration_ms=1 send_duration_ms=0 receive_duration_ms=5 total_duration_ms=7
[2026-02-03 01:12:27.556] [info] [spider.worker] [TIMING] worker_id=27babf96-41ca-4466-a031-22a7dca58492 task_id=none get_next_task request_start=510389756 connect_end=510389758 send_end=510389758 receive_end=510389764 connect_duration_ms=1 send_duration_ms=0 receive_duration_ms=6 total_duration_ms=7
[2026-02-03 01:12:27.705] [info] [spider.worker] [TIMING] worker_id=27babf96-41ca-4466-a031-22a7dca58492 task_id=none get_next_task request_start=510389901 connect_end=510389904 send_end=510389904 receive_end=510389913 connect_duration_ms=2 send_duration_ms=0 receive_duration_ms=9 total_duration_ms=11
[2026-02-03 01:12:27.813] [info] [spider.worker] [TIMING] worker_id=27babf96-41ca-4466-a031-22a7dca58492 task_id=none get_next_task request_start=510390016 connect_end=510390018 send_end=510390018 receive_end=510390022 connect_duration_ms=1 send_duration_ms=0 receive_duration_ms=3 total_duration_ms=5
[2026-02-03 01:12:27.922] [info] [spider.worker] [TIMING] worker_id=27babf96-41ca-4466-a031-22a7dca58492 task_id=none get_next_task request_start=510390124 connect_end=510390126 send_end=510390126 receive_end=510390130 connect_duration_ms=1 send_duration_ms=0 receive_duration_ms=4 total_duration_ms=6
[2026-02-03 01:12:28.029] [info] [spider.worker] [TIMING] worker_id=27babf96-41ca-4466-a031-22a7dca58492 task_id=none get_next_task request_start=510390233 connect_end=510390235 send_end=510390235 receive_end=510390238 connect_duration_ms=1 send_duration_ms=0 receive_duration_ms=3 total_duration_ms=4
[2026-02-03 01:12:28.140] [info] [spider.worker] [TIMING] worker_id=27babf96-41ca-4466-a031-22a7dca58492 task_id=none get_next_task request_start=510390340 connect_end=510390342 send_end=510390342 receive_end=510390348 connect_duration_ms=1 send_duration_ms=0 receive_duration_ms=5 total_duration_ms=7
[2026-02-03 01:12:28.249] [info] [spider.worker] [TIMING] worker_id=27babf96-41ca-4466-a031-22a7dca58492 task_id=none get_next_task request_start=510390450 connect_end=510390452 send_end=510390452 receive_end=510390458 connect_duration_ms=1 send_duration_ms=0 receive_duration_ms=5 total_duration_ms=7
[2026-02-03 01:12:28.358] [info] [spider.worker] [TIMING] worker_id=27babf96-41ca-4466-a031-22a7dca58492 task_id=none get_next_task request_start=510390560 connect_end=510390562 send_end=510390562 receive_end=510390567 connect_duration_ms=1 send_duration_ms=0 receive_duration_ms=4 total_duration_ms=6
[2026-02-03 01:12:28.469] [info] [spider.worker] [TIMING] worker_id=27babf96-41ca-4466-a031-22a7dca58492 task_id=none get_next_task request_start=510390669 connect_end=510390671 send_end=510390671 receive_end=510390677 connect_duration_ms=1 send_duration_ms=0 receive_duration_ms=6 total_duration_ms=8
[2026-02-03 01:12:28.578] [info] [spider.worker] [TIMING] worker_id=27babf96-41ca-4466-a031-22a7dca58492 task_id=none get_next_task request_start=510390780 connect_end=510390782 send_end=510390782 receive_end=510390786 connect_duration_ms=1 send_duration_ms=0 receive_duration_ms=4 total_duration_ms=6
[2026-02-03 01:12:28.688] [info] [spider.worker] [TIMING] worker_id=27babf96-41ca-4466-a031-22a7dca58492 task_id=none get_next_task request_start=510390889 connect_end=510390890 send_end=510390890 receive_end=510390896 connect_duration_ms=1 send_duration_ms=0 receive_duration_ms=5 total_duration_ms=7
[2026-02-03 01:12:28.797] [info] [spider.worker] [TIMING] worker_id=27babf96-41ca-4466-a031-22a7dca58492 task_id=none get_next_task request_start=510390999 connect_end=510391001 send_end=510391001 receive_end=510391005 connect_duration_ms=1 send_duration_ms=0 receive_duration_ms=4 total_duration_ms=6
[2026-02-03 01:12:28.906] [info] [spider.worker] [TIMING] worker_id=27babf96-41ca-4466-a031-22a7dca58492 task_id=none get_next_task request_start=510391108 connect_end=510391110 send_end=510391110 receive_end=510391114 connect_duration_ms=1 send_duration_ms=0 receive_duration_ms=4 total_duration_ms=6
[2026-02-03 01:12:29.015] [info] [spider.worker] [TIMING] worker_id=27babf96-41ca-4466-a031-22a7dca58492 task_id=none get_next_task request_start=510391217 connect_end=510391219 send_end=510391219 receive_end=510391224 connect_duration_ms=1 send_duration_ms=0 receive_duration_ms=4 total_duration_ms=6
[2026-02-03 01:12:29.126] [info] [spider.worker] [TIMING] worker_id=27babf96-41ca-4466-a031-22a7dca58492 task_id=none get_next_task request_start=510391327 connect_end=510391328 send_end=510391328 receive_end=510391335 connect_duration_ms=1 send_duration_ms=0 receive_duration_ms=6 total_duration_ms=8
[2026-02-03 01:12:29.236] [info] [spider.worker] [TIMING] worker_id=27babf96-41ca-4466-a031-22a7dca58492 task_id=none get_next_task request_start=510391438 connect_end=510391440 send_end=510391440 receive_end=510391444 connect_duration_ms=2 send_duration_ms=0 receive_duration_ms=4 total_duration_ms=6
[2026-02-03 01:12:29.357] [info] [spider.worker] [TIMING] worker_id=27babf96-41ca-4466-a031-22a7dca58492 task_id=none get_next_task request_start=510391551 connect_end=510391553 send_end=510391553 receive_end=510391565 connect_duration_ms=1 send_duration_ms=0 receive_duration_ms=12 total_duration_ms=14
[2026-02-03 01:12:29.467] [info] [spider.worker] [TIMING] worker_id=27babf96-41ca-4466-a031-22a7dca58492 task_id=none get_next_task request_start=510391669 connect_end=510391671 send_end=510391671 receive_end=510391675 connect_duration_ms=2 send_duration_ms=0 receive_duration_ms=4 total_duration_ms=6
[2026-02-03 01:12:29.575] [info] [spider.worker] [TIMING] worker_id=27babf96-41ca-4466-a031-22a7dca58492 task_id=none get_next_task request_start=510391778 connect_end=510391779 send_end=510391779 receive_end=510391784 connect_duration_ms=1 send_duration_ms=0 receive_duration_ms=4 total_duration_ms=6
[2026-02-03 01:12:29.684] [info] [spider.worker] [TIMING] worker_id=27babf96-41ca-4466-a031-22a7dca58492 task_id=none get_next_task request_start=510391886 connect_end=510391888 send_end=510391888 receive_end=510391892 connect_duration_ms=1 send_duration_ms=0 receive_duration_ms=3 total_duration_ms=5
[2026-02-03 01:12:29.792] [info] [spider.worker] [TIMING] worker_id=27babf96-41ca-4466-a031-22a7dca58492 task_id=none get_next_task request_start=510391995 connect_end=510391997 send_end=510391997 receive_end=510392001 connect_duration_ms=2 send_duration_ms=0 receive_duration_ms=3 total_duration_ms=5
[2026-02-03 01:12:29.898] [info] [spider.worker] [TIMING] worker_id=27babf96-41ca-4466-a031-22a7dca58492 task_id=none get_next_task request_start=510392103 connect_end=510392104 send_end=510392104 receive_end=510392106 connect_duration_ms=1 send_duration_ms=0 receive_duration_ms=2 total_duration_ms=3
[2026-02-03 01:12:30.003] [info] [spider.worker] [TIMING] worker_id=27babf96-41ca-4466-a031-22a7dca58492 task_id=none get_next_task request_start=510392208 connect_end=510392209 send_end=510392209 receive_end=510392211 connect_duration_ms=1 send_duration_ms=0 receive_duration_ms=2 total_duration_ms=3
[2026-02-03 01:12:30.110] [info] [spider.worker] [TIMING] worker_id=27babf96-41ca-4466-a031-22a7dca58492 task_id=none get_next_task request_start=510392314 connect_end=510392315 send_end=510392315 receive_end=510392318 connect_duration_ms=1 send_duration_ms=0 receive_duration_ms=3 total_duration_ms=4
[2026-02-03 01:12:30.218] [info] [spider.worker] [TIMING] worker_id=27babf96-41ca-4466-a031-22a7dca58492 task_id=none get_next_task request_start=510392421 connect_end=510392422 send_end=510392422 receive_end=510392427 connect_duration_ms=1 send_duration_ms=0 receive_duration_ms=4 total_duration_ms=5
[2026-02-03 01:12:30.324] [info] [spider.worker] [TIMING] worker_id=27babf96-41ca-4466-a031-22a7dca58492 task_id=none get_next_task request_start=510392528 connect_end=510392530 send_end=510392530 receive_end=510392532 connect_duration_ms=1 send_duration_ms=0 receive_duration_ms=2 total_duration_ms=4
[2026-02-03 01:12:30.429] [info] [spider.worker] [TIMING] worker_id=27babf96-41ca-4466-a031-22a7dca58492 task_id=none get_next_task request_start=510392634 connect_end=510392635 send_end=510392635 receive_end=510392637 connect_duration_ms=0 send_duration_ms=0 receive_duration_ms=2 total_duration_ms=3
[2026-02-03 01:12:30.538] [info] [spider.worker] [TIMING] worker_id=27babf96-41ca-4466-a031-22a7dca58492 task_id=none get_next_task request_start=510392739 connect_end=510392741 send_end=510392741 receive_end=510392747 connect_duration_ms=1 send_duration_ms=0 receive_duration_ms=5 total_duration_ms=7
[2026-02-03 01:12:30.646] [info] [spider.worker] [TIMING] worker_id=27babf96-41ca-4466-a031-22a7dca58492 task_id=none get_next_task request_start=510392849 connect_end=510392850 send_end=510392850 receive_end=510392855 connect_duration_ms=1 send_duration_ms=0 receive_duration_ms=4 total_duration_ms=5
[2026-02-03 01:12:30.752] [info] [spider.worker] [TIMING] worker_id=27babf96-41ca-4466-a031-22a7dca58492 task_id=none get_next_task request_start=510392956 connect_end=510392958 send_end=510392958 receive_end=510392960 connect_duration_ms=1 send_duration_ms=0 receive_duration_ms=2 total_duration_ms=3
[2026-02-03 01:12:30.857] [info] [spider.worker] [TIMING] worker_id=27babf96-41ca-4466-a031-22a7dca58492 task_id=none get_next_task request_start=510393062 connect_end=510393063 send_end=510393063 receive_end=510393065 connect_duration_ms=1 send_duration_ms=0 receive_duration_ms=2 total_duration_ms=3
[2026-02-03 01:12:30.964] [info] [spider.worker] [TIMING] worker_id=27babf96-41ca-4466-a031-22a7dca58492 task_id=none get_next_task request_start=510393168 connect_end=510393169 send_end=510393169 receive_end=510393173 connect_duration_ms=0 send_duration_ms=0 receive_duration_ms=3 total_duration_ms=4
[2026-02-03 01:12:31.074] [info] [spider.worker] [TIMING] worker_id=27babf96-41ca-4466-a031-22a7dca58492 task_id=none get_next_task request_start=510393274 connect_end=510393276 send_end=510393276 receive_end=510393283 connect_duration_ms=1 send_duration_ms=0 receive_duration_ms=6 total_duration_ms=8
[2026-02-03 01:12:31.184] [info] [spider.worker] [TIMING] worker_id=27babf96-41ca-4466-a031-22a7dca58492 task_id=none get_next_task request_start=510393385 connect_end=510393386 send_end=510393386 receive_end=510393392 connect_duration_ms=1 send_duration_ms=0 receive_duration_ms=5 total_duration_ms=7
[2026-02-03 01:12:31.318] [info] [spider.worker] [TIMING] worker_id=27babf96-41ca-4466-a031-22a7dca58492 task_id=none get_next_task request_start=510393505 connect_end=510393507 send_end=510393507 receive_end=510393526 connect_duration_ms=1 send_duration_ms=0 receive_duration_ms=18 total_duration_ms=20
[2026-02-03 01:12:31.426] [info] [spider.worker] [TIMING] worker_id=27babf96-41ca-4466-a031-22a7dca58492 task_id=none get_next_task request_start=510393629 connect_end=510393630 send_end=510393630 receive_end=510393635 connect_duration_ms=1 send_duration_ms=0 receive_duration_ms=4 total_duration_ms=5
[2026-02-03 01:12:31.531] [info] [spider.worker] [TIMING] worker_id=27babf96-41ca-4466-a031-22a7dca58492 task_id=none get_next_task request_start=510393737 connect_end=510393738 send_end=510393738 receive_end=510393740 connect_duration_ms=1 send_duration_ms=0 receive_duration_ms=2 total_duration_ms=3
[2026-02-03 01:12:31.637] [info] [spider.worker] [TIMING] worker_id=27babf96-41ca-4466-a031-22a7dca58492 task_id=none get_next_task request_start=510393842 connect_end=510393843 send_end=510393843 receive_end=510393845 connect_duration_ms=1 send_duration_ms=0 receive_duration_ms=2 total_duration_ms=3
[2026-02-03 01:12:31.742] [info] [spider.worker] [TIMING] worker_id=27babf96-41ca-4466-a031-22a7dca58492 task_id=none get_next_task request_start=510393947 connect_end=510393948 send_end=510393948 receive_end=510393950 connect_duration_ms=0 send_duration_ms=0 receive_duration_ms=2 total_duration_ms=3
[2026-02-03 01:12:31.847] [info] [spider.worker] [TIMING] worker_id=27babf96-41ca-4466-a031-22a7dca58492 task_id=none get_next_task request_start=510394052 connect_end=510394053 send_end=510394053 receive_end=510394055 connect_duration_ms=1 send_duration_ms=0 receive_duration_ms=2 total_duration_ms=3
[2026-02-03 01:12:31.955] [info] [spider.worker] [TIMING] worker_id=27babf96-41ca-4466-a031-22a7dca58492 task_id=none get_next_task request_start=510394157 connect_end=510394158 send_end=510394158 receive_end=510394163 connect_duration_ms=0 send_duration_ms=0 receive_duration_ms=5 total_duration_ms=6
[2026-02-03 01:12:32.063] [info] [spider.worker] [TIMING] worker_id=27babf96-41ca-4466-a031-22a7dca58492 task_id=none get_next_task request_start=510394265 connect_end=510394266 send_end=510394266 receive_end=510394271 connect_duration_ms=1 send_duration_ms=0 receive_duration_ms=5 total_duration_ms=6
[2026-02-03 01:12:32.168] [info] [spider.worker] [TIMING] worker_id=27babf96-41ca-4466-a031-22a7dca58492 task_id=none get_next_task request_start=510394373 connect_end=510394374 send_end=510394374 receive_end=510394376 connect_duration_ms=0 send_duration_ms=0 receive_duration_ms=1 total_duration_ms=2
[2026-02-03 01:12:32.299] [info] [spider.worker] [TIMING] worker_id=27babf96-41ca-4466-a031-22a7dca58492 task_id=none get_next_task request_start=510394478 connect_end=510394479 send_end=510394479 receive_end=510394507 connect_duration_ms=1 send_duration_ms=0 receive_duration_ms=27 total_duration_ms=29
[2026-02-03 01:12:32.405] [info] [spider.worker] [TIMING] worker_id=27babf96-41ca-4466-a031-22a7dca58492 task_id=none get_next_task request_start=510394609 connect_end=510394611 send_end=510394611 receive_end=510394613 connect_duration_ms=1 send_duration_ms=0 receive_duration_ms=2 total_duration_ms=3
[2026-02-03 01:12:32.517] [info] [spider.worker] [TIMING] worker_id=27babf96-41ca-4466-a031-22a7dca58492 task_id=none get_next_task request_start=510394716 connect_end=510394717 send_end=510394717 receive_end=510394725 connect_duration_ms=1 send_duration_ms=0 receive_duration_ms=7 total_duration_ms=9
[2026-02-03 01:12:32.627] [info] [spider.worker] [TIMING] worker_id=27babf96-41ca-4466-a031-22a7dca58492 task_id=none get_next_task request_start=510394827 connect_end=510394829 send_end=510394829 receive_end=510394836 connect_duration_ms=1 send_duration_ms=0 receive_duration_ms=6 total_duration_ms=8
[2026-02-03 01:12:32.737] [info] [spider.worker] [TIMING] worker_id=27babf96-41ca-4466-a031-22a7dca58492 task_id=none get_next_task request_start=510394938 connect_end=510394940 send_end=510394940 receive_end=510394945 connect_duration_ms=1 send_duration_ms=0 receive_duration_ms=4 total_duration_ms=6
[2026-02-03 01:12:32.855] [info] [spider.worker] [TIMING] worker_id=27babf96-41ca-4466-a031-22a7dca58492 task_id=none get_next_task request_start=510395051 connect_end=510395054 send_end=510395054 receive_end=510395064 connect_duration_ms=2 send_duration_ms=0 receive_duration_ms=9 total_duration_ms=12
[2026-02-03 01:12:32.965] [info] [spider.worker] [TIMING] worker_id=27babf96-41ca-4466-a031-22a7dca58492 task_id=none get_next_task request_start=510395166 connect_end=510395168 send_end=510395168 receive_end=510395173 connect_duration_ms=1 send_duration_ms=0 receive_duration_ms=5 total_duration_ms=7
[2026-02-03 01:12:33.075] [info] [spider.worker] [TIMING] worker_id=27babf96-41ca-4466-a031-22a7dca58492 task_id=none get_next_task request_start=510395277 connect_end=510395278 send_end=510395278 receive_end=510395284 connect_duration_ms=1 send_duration_ms=0 receive_duration_ms=5 total_duration_ms=7
[2026-02-03 01:12:33.183] [info] [spider.worker] [TIMING] worker_id=27babf96-41ca-4466-a031-22a7dca58492 task_id=none get_next_task request_start=510395386 connect_end=510395388 send_end=510395388 receive_end=510395392 connect_duration_ms=1 send_duration_ms=0 receive_duration_ms=3 total_duration_ms=5
[2026-02-03 01:12:33.293] [info] [spider.worker] [TIMING] worker_id=27babf96-41ca-4466-a031-22a7dca58492 task_id=none get_next_task request_start=510395495 connect_end=510395496 send_end=510395496 receive_end=510395501 connect_duration_ms=1 send_duration_ms=0 receive_duration_ms=5 total_duration_ms=6
[2026-02-03 01:12:33.402] [info] [spider.worker] [TIMING] worker_id=27babf96-41ca-4466-a031-22a7dca58492 task_id=none get_next_task request_start=510395604 connect_end=510395606 send_end=510395606 receive_end=510395610 connect_duration_ms=1 send_duration_ms=0 receive_duration_ms=4 total_duration_ms=6
[2026-02-03 01:12:33.511] [info] [spider.worker] [TIMING] worker_id=27babf96-41ca-4466-a031-22a7dca58492 task_id=none get_next_task request_start=510395713 connect_end=510395715 send_end=510395715 receive_end=510395719 connect_duration_ms=1 send_duration_ms=0 receive_duration_ms=4 total_duration_ms=6
[2026-02-03 01:12:33.622] [info] [spider.worker] [TIMING] worker_id=27babf96-41ca-4466-a031-22a7dca58492 task_id=none get_next_task request_start=510395822 connect_end=510395824 send_end=510395824 receive_end=510395830 connect_duration_ms=1 send_duration_ms=0 receive_duration_ms=6 total_duration_ms=8
[2026-02-03 01:12:33.731] [info] [spider.worker] [TIMING] worker_id=27babf96-41ca-4466-a031-22a7dca58492 task_id=none get_next_task request_start=510395933 connect_end=510395934 send_end=510395935 receive_end=510395940 connect_duration_ms=1 send_duration_ms=0 receive_duration_ms=5 total_duration_ms=6
[2026-02-03 01:12:33.840] [info] [spider.worker] [TIMING] worker_id=27babf96-41ca-4466-a031-22a7dca58492 task_id=none get_next_task request_start=510396042 connect_end=510396044 send_end=510396044 receive_end=510396048 connect_duration_ms=1 send_duration_ms=0 receive_duration_ms=4 total_duration_ms=6
[2026-02-03 01:12:33.949] [info] [spider.worker] [TIMING] worker_id=27babf96-41ca-4466-a031-22a7dca58492 task_id=none get_next_task request_start=510396151 connect_end=510396153 send_end=510396153 receive_end=510396157 connect_duration_ms=1 send_duration_ms=0 receive_duration_ms=4 total_duration_ms=5
[2026-02-03 01:12:34.058] [info] [spider.worker] [TIMING] worker_id=27babf96-41ca-4466-a031-22a7dca58492 task_id=none get_next_task request_start=510396260 connect_end=510396262 send_end=510396262 receive_end=510396266 connect_duration_ms=2 send_duration_ms=0 receive_duration_ms=3 total_duration_ms=6
[2026-02-03 01:12:34.166] [info] [spider.worker] [TIMING] worker_id=27babf96-41ca-4466-a031-22a7dca58492 task_id=none get_next_task request_start=510396369 connect_end=510396371 send_end=510396371 receive_end=510396375 connect_duration_ms=1 send_duration_ms=0 receive_duration_ms=3 total_duration_ms=5
[2026-02-03 01:12:34.275] [info] [spider.worker] [TIMING] worker_id=27babf96-41ca-4466-a031-22a7dca58492 task_id=none get_next_task request_start=510396477 connect_end=510396479 send_end=510396479 receive_end=510396484 connect_duration_ms=1 send_duration_ms=0 receive_duration_ms=4 total_duration_ms=6
[2026-02-03 01:12:34.385] [info] [spider.worker] [TIMING] worker_id=27babf96-41ca-4466-a031-22a7dca58492 task_id=none get_next_task request_start=510396587 connect_end=510396589 send_end=510396589 receive_end=510396593 connect_duration_ms=1 send_duration_ms=0 receive_duration_ms=4 total_duration_ms=6
[2026-02-03 01:12:34.494] [info] [spider.worker] [TIMING] worker_id=27babf96-41ca-4466-a031-22a7dca58492 task_id=none get_next_task request_start=510396696 connect_end=510396698 send_end=510396698 receive_end=510396702 connect_duration_ms=1 send_duration_ms=0 receive_duration_ms=4 total_duration_ms=6
[2026-02-03 01:12:34.603] [info] [spider.worker] [TIMING] worker_id=27babf96-41ca-4466-a031-22a7dca58492 task_id=none get_next_task request_start=510396805 connect_end=510396806 send_end=510396806 receive_end=510396812 connect_duration_ms=1 send_duration_ms=0 receive_duration_ms=5 total_duration_ms=6
[2026-02-03 01:12:34.712] [info] [spider.worker] [TIMING] worker_id=27babf96-41ca-4466-a031-22a7dca58492 task_id=none get_next_task request_start=510396914 connect_end=510396916 send_end=510396916 receive_end=510396921 connect_duration_ms=1 send_duration_ms=0 receive_duration_ms=4 total_duration_ms=6
[2026-02-03 01:12:34.822] [info] [spider.worker] [TIMING] worker_id=27babf96-41ca-4466-a031-22a7dca58492 task_id=none get_next_task request_start=510397023 connect_end=510397025 send_end=510397025 receive_end=510397030 connect_duration_ms=1 send_duration_ms=0 receive_duration_ms=5 total_duration_ms=6
[2026-02-03 01:12:34.931] [info] [spider.worker] [TIMING] worker_id=27babf96-41ca-4466-a031-22a7dca58492 task_id=none get_next_task request_start=510397133 connect_end=510397135 send_end=510397135 receive_end=510397140 connect_duration_ms=1 send_duration_ms=0 receive_duration_ms=5 total_duration_ms=7
[2026-02-03 01:12:35.042] [info] [spider.worker] [TIMING] worker_id=27babf96-41ca-4466-a031-22a7dca58492 task_id=none get_next_task request_start=510397243 connect_end=510397245 send_end=510397245 receive_end=510397250 connect_duration_ms=1 send_duration_ms=0 receive_duration_ms=5 total_duration_ms=7
[2026-02-03 01:12:35.152] [info] [spider.worker] [TIMING] worker_id=27babf96-41ca-4466-a031-22a7dca58492 task_id=none get_next_task request_start=510397353 connect_end=510397355 send_end=510397355 receive_end=510397360 connect_duration_ms=2 send_duration_ms=0 receive_duration_ms=4 total_duration_ms=6
[2026-02-03 01:12:35.260] [info] [spider.worker] [TIMING] worker_id=27babf96-41ca-4466-a031-22a7dca58492 task_id=none get_next_task request_start=510397462 connect_end=510397464 send_end=510397464 receive_end=510397468 connect_duration_ms=1 send_duration_ms=0 receive_duration_ms=4 total_duration_ms=5
[2026-02-03 01:12:35.370] [info] [spider.worker] [TIMING] worker_id=27babf96-41ca-4466-a031-22a7dca58492 task_id=none get_next_task request_start=510397571 connect_end=510397572 send_end=510397572 receive_end=510397578 connect_duration_ms=1 send_duration_ms=0 receive_duration_ms=5 total_duration_ms=7
[2026-02-03 01:12:35.479] [info] [spider.worker] [TIMING] worker_id=27babf96-41ca-4466-a031-22a7dca58492 task_id=none get_next_task request_start=510397680 connect_end=510397682 send_end=510397682 receive_end=510397687 connect_duration_ms=1 send_duration_ms=0 receive_duration_ms=5 total_duration_ms=7
[2026-02-03 01:12:35.587] [info] [spider.worker] [TIMING] worker_id=27babf96-41ca-4466-a031-22a7dca58492 task_id=none get_next_task request_start=510397790 connect_end=510397792 send_end=510397792 receive_end=510397796 connect_duration_ms=1 send_duration_ms=0 receive_duration_ms=4 total_duration_ms=5
[2026-02-03 01:12:35.697] [info] [spider.worker] [TIMING] worker_id=27babf96-41ca-4466-a031-22a7dca58492 task_id=none get_next_task request_start=510397898 connect_end=510397900 send_end=510397900 receive_end=510397905 connect_duration_ms=1 send_duration_ms=0 receive_duration_ms=4 total_duration_ms=6
[2026-02-03 01:12:35.805] [info] [spider.worker] [TIMING] worker_id=27babf96-41ca-4466-a031-22a7dca58492 task_id=none get_next_task request_start=510398007 connect_end=510398009 send_end=510398009 receive_end=510398013 connect_duration_ms=1 send_duration_ms=0 receive_duration_ms=4 total_duration_ms=5
[2026-02-03 01:12:35.914] [info] [spider.worker] [TIMING] worker_id=27babf96-41ca-4466-a031-22a7dca58492 task_id=none get_next_task request_start=510398116 connect_end=510398118 send_end=510398118 receive_end=510398122 connect_duration_ms=2 send_duration_ms=0 receive_duration_ms=4 total_duration_ms=6
[2026-02-03 01:12:36.022] [info] [spider.worker] [TIMING] worker_id=27babf96-41ca-4466-a031-22a7dca58492 task_id=none get_next_task request_start=510398225 connect_end=510398226 send_end=510398226 receive_end=510398230 connect_duration_ms=1 send_duration_ms=0 receive_duration_ms=3 total_duration_ms=5
[2026-02-03 01:12:36.128] [info] [spider.worker] [TIMING] worker_id=27babf96-41ca-4466-a031-22a7dca58492 task_id=none get_next_task request_start=510398332 connect_end=510398333 send_end=510398333 receive_end=510398336 connect_duration_ms=1 send_duration_ms=0 receive_duration_ms=3 total_duration_ms=4
[2026-02-03 01:12:36.233] [info] [spider.worker] [TIMING] worker_id=27babf96-41ca-4466-a031-22a7dca58492 task_id=none get_next_task request_start=510398438 connect_end=510398439 send_end=510398439 receive_end=510398442 connect_duration_ms=1 send_duration_ms=0 receive_duration_ms=2 total_duration_ms=3
[2026-02-03 01:12:36.341] [info] [spider.worker] [TIMING] worker_id=27babf96-41ca-4466-a031-22a7dca58492 task_id=none get_next_task request_start=510398544 connect_end=510398545 send_end=510398545 receive_end=510398549 connect_duration_ms=1 send_duration_ms=0 receive_duration_ms=3 total_duration_ms=5
[2026-02-03 01:12:36.542] [info] [spider.worker] [TIMING] worker_id=27babf96-41ca-4466-a031-22a7dca58492 task_id=none get_next_task request_start=510398729 connect_end=510398731 send_end=510398732 receive_end=510398750 connect_duration_ms=2 send_duration_ms=0 receive_duration_ms=18 total_duration_ms=21
[2026-02-03 01:12:36.652] [info] [spider.worker] [TIMING] worker_id=27babf96-41ca-4466-a031-22a7dca58492 task_id=none get_next_task request_start=510398853 connect_end=510398854 send_end=510398854 receive_end=510398860 connect_duration_ms=1 send_duration_ms=0 receive_duration_ms=6 total_duration_ms=7
[2026-02-03 01:12:36.760] [info] [spider.worker] [TIMING] worker_id=27babf96-41ca-4466-a031-22a7dca58492 task_id=none get_next_task request_start=510398962 connect_end=510398963 send_end=510398963 receive_end=510398968 connect_duration_ms=1 send_duration_ms=0 receive_duration_ms=5 total_duration_ms=6
[2026-02-03 01:12:36.869] [info] [spider.worker] [TIMING] worker_id=27babf96-41ca-4466-a031-22a7dca58492 task_id=none get_next_task request_start=510399071 connect_end=510399072 send_end=510399072 receive_end=510399077 connect_duration_ms=1 send_duration_ms=0 receive_duration_ms=4 total_duration_ms=6
[2026-02-03 01:12:36.978] [info] [spider.worker] [TIMING] worker_id=27babf96-41ca-4466-a031-22a7dca58492 task_id=none get_next_task request_start=510399179 connect_end=510399181 send_end=510399181 receive_end=510399186 connect_duration_ms=1 send_duration_ms=0 receive_duration_ms=5 total_duration_ms=6
[2026-02-03 01:12:37.088] [info] [spider.worker] [TIMING] worker_id=27babf96-41ca-4466-a031-22a7dca58492 task_id=none get_next_task request_start=510399289 connect_end=510399290 send_end=510399290 receive_end=510399296 connect_duration_ms=1 send_duration_ms=0 receive_duration_ms=5 total_duration_ms=7
[2026-02-03 01:12:37.195] [info] [spider.worker] [TIMING] worker_id=27babf96-41ca-4466-a031-22a7dca58492 task_id=none get_next_task request_start=510399399 connect_end=510399401 send_end=510399401 receive_end=510399403 connect_duration_ms=1 send_duration_ms=0 receive_duration_ms=2 total_duration_ms=3
[2026-02-03 01:12:37.303] [info] [spider.worker] [TIMING] worker_id=27babf96-41ca-4466-a031-22a7dca58492 task_id=none get_next_task request_start=510399505 connect_end=510399507 send_end=510399507 receive_end=510399511 connect_duration_ms=1 send_duration_ms=0 receive_duration_ms=4 total_duration_ms=6
[2026-02-03 01:12:37.419] [info] [spider.worker] [TIMING] worker_id=27babf96-41ca-4466-a031-22a7dca58492 task_id=none get_next_task request_start=510399614 connect_end=510399616 send_end=510399616 receive_end=510399628 connect_duration_ms=1 send_duration_ms=0 receive_duration_ms=11 total_duration_ms=13
[2026-02-03 01:12:37.528] [info] [spider.worker] [TIMING] worker_id=27babf96-41ca-4466-a031-22a7dca58492 task_id=none get_next_task request_start=510399730 connect_end=510399732 send_end=510399732 receive_end=510399737 connect_duration_ms=1 send_duration_ms=0 receive_duration_ms=4 total_duration_ms=6
[2026-02-03 01:12:37.639] [info] [spider.worker] [TIMING] worker_id=27babf96-41ca-4466-a031-22a7dca58492 task_id=none get_next_task request_start=510399840 connect_end=510399842 send_end=510399842 receive_end=510399848 connect_duration_ms=1 send_duration_ms=0 receive_duration_ms=6 total_duration_ms=7
[2026-02-03 01:12:37.743] [info] [spider.worker] [TIMING] worker_id=27babf96-41ca-4466-a031-22a7dca58492 task_id=none get_next_task request_start=510399949 connect_end=510399950 send_end=510399950 receive_end=510399952 connect_duration_ms=0 send_duration_ms=0 receive_duration_ms=1 total_duration_ms=2
[2026-02-03 01:12:37.848] [info] [spider.worker] [TIMING] worker_id=27babf96-41ca-4466-a031-22a7dca58492 task_id=none get_next_task request_start=510400053 connect_end=510400054 send_end=510400054 receive_end=510400056 connect_duration_ms=1 send_duration_ms=0 receive_duration_ms=1 total_duration_ms=2
[2026-02-03 01:12:37.956] [info] [spider.worker] [TIMING] worker_id=27babf96-41ca-4466-a031-22a7dca58492 task_id=none get_next_task request_start=510400158 connect_end=510400159 send_end=510400159 receive_end=510400165 connect_duration_ms=0 send_duration_ms=0 receive_duration_ms=5 total_duration_ms=6
[2026-02-03 01:12:38.064] [info] [spider.worker] [TIMING] worker_id=27babf96-41ca-4466-a031-22a7dca58492 task_id=none get_next_task request_start=510400267 connect_end=510400267 send_end=510400267 receive_end=510400273 connect_duration_ms=0 send_duration_ms=0 receive_duration_ms=5 total_duration_ms=6
[2026-02-03 01:12:38.173] [info] [spider.worker] [TIMING] worker_id=27babf96-41ca-4466-a031-22a7dca58492 task_id=none get_next_task request_start=510400375 connect_end=510400376 send_end=510400376 receive_end=510400381 connect_duration_ms=1 send_duration_ms=0 receive_duration_ms=4 total_duration_ms=6
[2026-02-03 01:12:38.280] [info] [spider.worker] [TIMING] worker_id=27babf96-41ca-4466-a031-22a7dca58492 task_id=none get_next_task request_start=510400483 connect_end=510400485 send_end=510400485 receive_end=510400489 connect_duration_ms=1 send_duration_ms=0 receive_duration_ms=3 total_duration_ms=5
[2026-02-03 01:12:38.390] [info] [spider.worker] [TIMING] worker_id=27babf96-41ca-4466-a031-22a7dca58492 task_id=none get_next_task request_start=510400591 connect_end=510400593 send_end=510400593 receive_end=510400599 connect_duration_ms=1 send_duration_ms=0 receive_duration_ms=5 total_duration_ms=7
[2026-02-03 01:12:38.501] [info] [spider.worker] [TIMING] worker_id=27babf96-41ca-4466-a031-22a7dca58492 task_id=none get_next_task request_start=510400701 connect_end=510400703 send_end=510400703 receive_end=510400709 connect_duration_ms=1 send_duration_ms=0 receive_duration_ms=6 total_duration_ms=7
[2026-02-03 01:12:38.609] [info] [spider.worker] [TIMING] worker_id=27babf96-41ca-4466-a031-22a7dca58492 task_id=none get_next_task request_start=510400812 connect_end=510400813 send_end=510400813 receive_end=510400817 connect_duration_ms=1 send_duration_ms=0 receive_duration_ms=3 total_duration_ms=5
[2026-02-03 01:12:38.718] [info] [spider.worker] [TIMING] worker_id=27babf96-41ca-4466-a031-22a7dca58492 task_id=none get_next_task request_start=510400920 connect_end=510400922 send_end=510400922 receive_end=510400926 connect_duration_ms=1 send_duration_ms=0 receive_duration_ms=4 total_duration_ms=6
[2026-02-03 01:12:38.827] [info] [spider.worker] [TIMING] worker_id=27babf96-41ca-4466-a031-22a7dca58492 task_id=none get_next_task request_start=510401030 connect_end=510401032 send_end=510401032 receive_end=510401036 connect_duration_ms=1 send_duration_ms=0 receive_duration_ms=4 total_duration_ms=6
[2026-02-03 01:12:38.937] [info] [spider.worker] [TIMING] worker_id=27babf96-41ca-4466-a031-22a7dca58492 task_id=none get_next_task request_start=510401139 connect_end=510401141 send_end=510401141 receive_end=510401145 connect_duration_ms=1 send_duration_ms=0 receive_duration_ms=4 total_duration_ms=6
[2026-02-03 01:12:39.047] [info] [spider.worker] [TIMING] worker_id=27babf96-41ca-4466-a031-22a7dca58492 task_id=none get_next_task request_start=510401248 connect_end=510401250 send_end=510401250 receive_end=510401256 connect_duration_ms=1 send_duration_ms=0 receive_duration_ms=5 total_duration_ms=7
[2026-02-03 01:12:39.157] [info] [spider.worker] [TIMING] worker_id=27babf96-41ca-4466-a031-22a7dca58492 task_id=none get_next_task request_start=510401358 connect_end=510401360 send_end=510401361 receive_end=510401366 connect_duration_ms=2 send_duration_ms=0 receive_duration_ms=5 total_duration_ms=7
[2026-02-03 01:12:39.263] [info] [spider.worker] [TIMING] worker_id=27babf96-41ca-4466-a031-22a7dca58492 task_id=none get_next_task request_start=510401468 connect_end=510401469 send_end=510401469 receive_end=510401471 connect_duration_ms=1 send_duration_ms=0 receive_duration_ms=2 total_duration_ms=3
[2026-02-03 01:12:39.372] [info] [spider.worker] [TIMING] worker_id=27babf96-41ca-4466-a031-22a7dca58492 task_id=none get_next_task request_start=510401574 connect_end=510401576 send_end=510401576 receive_end=510401580 connect_duration_ms=1 send_duration_ms=0 receive_duration_ms=3 total_duration_ms=5
[2026-02-03 01:12:39.480] [info] [spider.worker] [TIMING] worker_id=27babf96-41ca-4466-a031-22a7dca58492 task_id=none get_next_task request_start=510401683 connect_end=510401685 send_end=510401685 receive_end=510401688 connect_duration_ms=1 send_duration_ms=0 receive_duration_ms=3 total_duration_ms=5
[2026-02-03 01:12:39.589] [info] [spider.worker] [TIMING] worker_id=27babf96-41ca-4466-a031-22a7dca58492 task_id=none get_next_task request_start=510401791 connect_end=510401793 send_end=510401794 receive_end=510401797 connect_duration_ms=1 send_duration_ms=0 receive_duration_ms=3 total_duration_ms=5
[2026-02-03 01:12:39.699] [info] [spider.worker] [TIMING] worker_id=27babf96-41ca-4466-a031-22a7dca58492 task_id=none get_next_task request_start=510401900 connect_end=510401902 send_end=510401902 receive_end=510401907 connect_duration_ms=1 send_duration_ms=0 receive_duration_ms=4 total_duration_ms=6
[2026-02-03 01:12:39.806] [info] [spider.worker] [TIMING] worker_id=27babf96-41ca-4466-a031-22a7dca58492 task_id=none get_next_task request_start=510402009 connect_end=510402011 send_end=510402011 receive_end=510402015 co