[2026-02-03 01:10:37.183] [warning] [spider.worker] Prefer using `SPIDER_STORAGE_URL` environment variable over `--storage_url` argument.
[2026-02-03 01:10:37.380] [info] [spider.worker] [TIMING] worker_id=0a8fe0c6-ecb3-4c70-a103-297a58ab0749 task_id=none get_next_task request_start=510279566 connect_end=510279568 send_end=510279568 receive_end=510279588 connect_duration_ms=2 send_duration_ms=0 receive_duration_ms=19 total_duration_ms=21
[2026-02-03 01:10:37.489] [info] [spider.worker] [TIMING] worker_id=0a8fe0c6-ecb3-4c70-a103-297a58ab0749 task_id=none get_next_task request_start=510279690 connect_end=510279691 send_end=510279691 receive_end=510279697 connect_duration_ms=0 send_duration_ms=0 receive_duration_ms=6 total_duration_ms=7
[2026-02-03 01:10:37.597] [info] [spider.worker] [TIMING] worker_id=0a8fe0c6-ecb3-4c70-a103-297a58ab0749 task_id=none get_next_task request_start=510279799 connect_end=510279801 send_end=510279801 receive_end=510279806 connect_duration_ms=1 send_duration_ms=0 receive_duration_ms=4 total_duration_ms=6
[2026-02-03 01:10:37.705] [info] [spider.worker] [TIMING] worker_id=0a8fe0c6-ecb3-4c70-a103-297a58ab0749 task_id=none get_next_task request_start=510279908 connect_end=510279910 send_end=510279910 receive_end=510279914 connect_duration_ms=1 send_duration_ms=0 receive_duration_ms=3 total_duration_ms=5
[2026-02-03 01:10:37.819] [info] [spider.worker] [TIMING] worker_id=0a8fe0c6-ecb3-4c70-a103-297a58ab0749 task_id=none get_next_task request_start=510280016 connect_end=510280017 send_end=510280017 receive_end=510280028 connect_duration_ms=1 send_duration_ms=0 receive_duration_ms=10 total_duration_ms=12
[2026-02-03 01:10:37.927] [info] [spider.worker] [TIMING] worker_id=0a8fe0c6-ecb3-4c70-a103-297a58ab0749 task_id=none get_next_task request_start=510280129 connect_end=510280130 send_end=510280130 receive_end=510280135 connect_duration_ms=1 send_duration_ms=0 receive_duration_ms=4 total_duration_ms=6
[2026-02-03 01:10:38.035] [info] [spider.worker] [TIMING] worker_id=0a8fe0c6-ecb3-4c70-a103-297a58ab0749 task_id=none get_next_task request_start=510280237 connect_end=510280238 send_end=510280238 receive_end=510280244 connect_duration_ms=0 send_duration_ms=0 receive_duration_ms=5 total_duration_ms=6
[2026-02-03 01:10:38.142] [info] [spider.worker] [TIMING] worker_id=0a8fe0c6-ecb3-4c70-a103-297a58ab0749 task_id=none get_next_task request_start=510280346 connect_end=510280347 send_end=510280347 receive_end=510280350 connect_duration_ms=1 send_duration_ms=0 receive_duration_ms=2 total_duration_ms=4
[2026-02-03 01:10:38.260] [info] [spider.worker] [TIMING] worker_id=0a8fe0c6-ecb3-4c70-a103-297a58ab0749 task_id=none get_next_task request_start=510280461 connect_end=510280463 send_end=510280463 receive_end=510280468 connect_duration_ms=1 send_duration_ms=0 receive_duration_ms=5 total_duration_ms=7
[2026-02-03 01:10:38.366] [info] [spider.worker] [TIMING] worker_id=0a8fe0c6-ecb3-4c70-a103-297a58ab0749 task_id=none get_next_task request_start=510280570 connect_end=510280571 send_end=510280571 receive_end=510280575 connect_duration_ms=1 send_duration_ms=0 receive_duration_ms=3 total_duration_ms=5
[2026-02-03 01:10:38.477] [info] [spider.worker] [TIMING] worker_id=0a8fe0c6-ecb3-4c70-a103-297a58ab0749 task_id=none get_next_task request_start=510280676 connect_end=510280677 send_end=510280677 receive_end=510280685 connect_duration_ms=1 send_duration_ms=0 receive_duration_ms=8 total_duration_ms=9
[2026-02-03 01:10:38.582] [info] [spider.worker] [TIMING] worker_id=0a8fe0c6-ecb3-4c70-a103-297a58ab0749 task_id=none get_next_task request_start=510280787 connect_end=510280788 send_end=510280789 receive_end=510280790 connect_duration_ms=1 send_duration_ms=0 receive_duration_ms=1 total_duration_ms=3
[2026-02-03 01:10:38.689] [info] [spider.worker] [TIMING] worker_id=0a8fe0c6-ecb3-4c70-a103-297a58ab0749 task_id=none get_next_task request_start=510280892 connect_end=510280894 send_end=510280894 receive_end=510280898 connect_duration_ms=1 send_duration_ms=0 receive_duration_ms=3 total_duration_ms=5
[2026-02-03 01:10:38.801] [info] [spider.worker] [TIMING] worker_id=0a8fe0c6-ecb3-4c70-a103-297a58ab0749 task_id=none get_next_task request_start=510281000 connect_end=510281001 send_end=510281001 receive_end=510281009 connect_duration_ms=1 send_duration_ms=0 receive_duration_ms=7 total_duration_ms=9
[2026-02-03 01:10:38.910] [info] [spider.worker] [TIMING] worker_id=0a8fe0c6-ecb3-4c70-a103-297a58ab0749 task_id=none get_next_task request_start=510281111 connect_end=510281113 send_end=510281113 receive_end=510281118 connect_duration_ms=1 send_duration_ms=0 receive_duration_ms=5 total_duration_ms=6
[2026-02-03 01:10:39.018] [info] [spider.worker] [TIMING] worker_id=0a8fe0c6-ecb3-4c70-a103-297a58ab0749 task_id=none get_next_task request_start=510281221 connect_end=510281223 send_end=510281223 receive_end=510281226 connect_duration_ms=1 send_duration_ms=0 receive_duration_ms=3 total_duration_ms=5
[2026-02-03 01:10:39.126] [info] [spider.worker] [TIMING] worker_id=0a8fe0c6-ecb3-4c70-a103-297a58ab0749 task_id=none get_next_task request_start=510281329 connect_end=510281331 send_end=510281331 receive_end=510281335 connect_duration_ms=1 send_duration_ms=0 receive_duration_ms=4 total_duration_ms=5
[2026-02-03 01:10:39.235] [info] [spider.worker] [TIMING] worker_id=0a8fe0c6-ecb3-4c70-a103-297a58ab0749 task_id=none get_next_task request_start=510281437 connect_end=510281439 send_end=510281439 receive_end=510281443 connect_duration_ms=1 send_duration_ms=0 receive_duration_ms=4 total_duration_ms=5
[2026-02-03 01:10:39.348] [info] [spider.worker] [TIMING] worker_id=0a8fe0c6-ecb3-4c70-a103-297a58ab0749 task_id=none get_next_task request_start=510281544 connect_end=510281546 send_end=510281546 receive_end=510281556 connect_duration_ms=1 send_duration_ms=0 receive_duration_ms=10 total_duration_ms=11
[2026-02-03 01:10:39.454] [info] [spider.worker] [TIMING] worker_id=0a8fe0c6-ecb3-4c70-a103-297a58ab0749 task_id=none get_next_task request_start=510281659 connect_end=510281660 send_end=510281660 receive_end=510281663 connect_duration_ms=1 send_duration_ms=0 receive_duration_ms=2 total_duration_ms=3
[2026-02-03 01:10:39.559] [info] [spider.worker] [TIMING] worker_id=0a8fe0c6-ecb3-4c70-a103-297a58ab0749 task_id=none get_next_task request_start=510281764 connect_end=510281766 send_end=510281766 receive_end=510281768 connect_duration_ms=1 send_duration_ms=0 receive_duration_ms=2 total_duration_ms=3
[2026-02-03 01:10:39.670] [info] [spider.worker] [TIMING] worker_id=0a8fe0c6-ecb3-4c70-a103-297a58ab0749 task_id=none get_next_task request_start=510281870 connect_end=510281872 send_end=510281872 receive_end=510281878 connect_duration_ms=1 send_duration_ms=0 receive_duration_ms=6 total_duration_ms=7
[2026-02-03 01:10:39.779] [info] [spider.worker] [TIMING] worker_id=0a8fe0c6-ecb3-4c70-a103-297a58ab0749 task_id=none get_next_task request_start=510281981 connect_end=510281982 send_end=510281982 receive_end=510281987 connect_duration_ms=1 send_duration_ms=0 receive_duration_ms=4 total_duration_ms=6
[2026-02-03 01:10:39.889] [info] [spider.worker] [TIMING] worker_id=0a8fe0c6-ecb3-4c70-a103-297a58ab0749 task_id=none get_next_task request_start=510282090 connect_end=510282092 send_end=510282092 receive_end=510282098 connect_duration_ms=1 send_duration_ms=0 receive_duration_ms=5 total_duration_ms=7
[2026-02-03 01:10:39.993] [info] [spider.worker] [TIMING] worker_id=0a8fe0c6-ecb3-4c70-a103-297a58ab0749 task_id=none get_next_task request_start=510282199 connect_end=510282200 send_end=510282200 receive_end=510282201 connect_duration_ms=0 send_duration_ms=0 receive_duration_ms=1 total_duration_ms=2
[2026-02-03 01:10:40.097] [info] [spider.worker] [TIMING] worker_id=0a8fe0c6-ecb3-4c70-a103-297a58ab0749 task_id=none get_next_task request_start=510282303 connect_end=510282304 send_end=510282304 receive_end=510282306 connect_duration_ms=1 send_duration_ms=0 receive_duration_ms=1 total_duration_ms=2
[2026-02-03 01:10:40.201] [info] [spider.worker] [TIMING] worker_id=0a8fe0c6-ecb3-4c70-a103-297a58ab0749 task_id=none get_next_task request_start=510282407 connect_end=510282408 send_end=510282408 receive_end=510282410 connect_duration_ms=0 send_duration_ms=0 receive_duration_ms=1 total_duration_ms=2
[2026-02-03 01:10:40.308] [info] [spider.worker] [TIMING] worker_id=0a8fe0c6-ecb3-4c70-a103-297a58ab0749 task_id=none get_next_task request_start=510282511 connect_end=510282512 send_end=510282512 receive_end=510282516 connect_duration_ms=1 send_duration_ms=0 receive_duration_ms=4 total_duration_ms=5
[2026-02-03 01:10:40.413] [info] [spider.worker] [TIMING] worker_id=0a8fe0c6-ecb3-4c70-a103-297a58ab0749 task_id=none get_next_task request_start=510282618 connect_end=510282619 send_end=510282619 receive_end=510282621 connect_duration_ms=1 send_duration_ms=0 receive_duration_ms=1 total_duration_ms=3
[2026-02-03 01:10:40.517] [info] [spider.worker] [TIMING] worker_id=0a8fe0c6-ecb3-4c70-a103-297a58ab0749 task_id=none get_next_task request_start=510282723 connect_end=510282724 send_end=510282724 receive_end=510282726 connect_duration_ms=0 send_duration_ms=0 receive_duration_ms=1 total_duration_ms=2
[2026-02-03 01:10:40.624] [info] [spider.worker] [TIMING] worker_id=0a8fe0c6-ecb3-4c70-a103-297a58ab0749 task_id=none get_next_task request_start=510282828 connect_end=510282829 send_end=510282829 receive_end=510282832 connect_duration_ms=1 send_duration_ms=0 receive_duration_ms=3 total_duration_ms=4
[2026-02-03 01:10:40.732] [info] [spider.worker] [TIMING] worker_id=0a8fe0c6-ecb3-4c70-a103-297a58ab0749 task_id=none get_next_task request_start=510282935 connect_end=510282936 send_end=510282936 receive_end=510282940 connect_duration_ms=1 send_duration_ms=0 receive_duration_ms=3 total_duration_ms=5
[2026-02-03 01:10:40.839] [info] [spider.worker] [TIMING] worker_id=0a8fe0c6-ecb3-4c70-a103-297a58ab0749 task_id=none get_next_task request_start=510283042 connect_end=510283044 send_end=510283044 receive_end=510283047 connect_duration_ms=1 send_duration_ms=0 receive_duration_ms=3 total_duration_ms=5
[2026-02-03 01:10:40.947] [info] [spider.worker] [TIMING] worker_id=0a8fe0c6-ecb3-4c70-a103-297a58ab0749 task_id=none get_next_task request_start=510283149 connect_end=510283151 send_end=510283151 receive_end=510283156 connect_duration_ms=1 send_duration_ms=0 receive_duration_ms=5 total_duration_ms=6
[2026-02-03 01:10:41.056] [info] [spider.worker] [TIMING] worker_id=0a8fe0c6-ecb3-4c70-a103-297a58ab0749 task_id=none get_next_task request_start=510283258 connect_end=510283259 send_end=510283259 receive_end=510283264 connect_duration_ms=1 send_duration_ms=0 receive_duration_ms=4 total_duration_ms=6
[2026-02-03 01:10:41.164] [info] [spider.worker] [TIMING] worker_id=0a8fe0c6-ecb3-4c70-a103-297a58ab0749 task_id=none get_next_task request_start=510283367 connect_end=510283368 send_end=510283369 receive_end=510283372 connect_duration_ms=1 send_duration_ms=0 receive_duration_ms=3 total_duration_ms=5
[2026-02-03 01:10:41.271] [info] [spider.worker] [TIMING] worker_id=0a8fe0c6-ecb3-4c70-a103-297a58ab0749 task_id=none get_next_task request_start=510283474 connect_end=510283476 send_end=510283476 receive_end=510283479 connect_duration_ms=1 send_duration_ms=0 receive_duration_ms=3 total_duration_ms=4
[2026-02-03 01:10:41.392] [info] [spider.worker] [TIMING] worker_id=0a8fe0c6-ecb3-4c70-a103-297a58ab0749 task_id=none get_next_task request_start=510283581 connect_end=510283583 send_end=510283583 receive_end=510283600 connect_duration_ms=1 send_duration_ms=0 receive_duration_ms=17 total_duration_ms=18
[2026-02-03 01:10:41.499] [info] [spider.worker] [TIMING] worker_id=0a8fe0c6-ecb3-4c70-a103-297a58ab0749 task_id=none get_next_task request_start=510283702 connect_end=510283704 send_end=510283704 receive_end=510283707 connect_duration_ms=1 send_duration_ms=0 receive_duration_ms=3 total_duration_ms=4
[2026-02-03 01:10:41.607] [info] [spider.worker] [TIMING] worker_id=0a8fe0c6-ecb3-4c70-a103-297a58ab0749 task_id=none get_next_task request_start=510283810 connect_end=510283811 send_end=510283811 receive_end=510283815 connect_duration_ms=1 send_duration_ms=0 receive_duration_ms=3 total_duration_ms=5
[2026-02-03 01:10:41.715] [info] [spider.worker] [TIMING] worker_id=0a8fe0c6-ecb3-4c70-a103-297a58ab0749 task_id=none get_next_task request_start=510283918 connect_end=510283920 send_end=510283920 receive_end=510283923 connect_duration_ms=1 send_duration_ms=0 receive_duration_ms=3 total_duration_ms=5
[2026-02-03 01:10:41.826] [info] [spider.worker] [TIMING] worker_id=0a8fe0c6-ecb3-4c70-a103-297a58ab0749 task_id=none get_next_task request_start=510284026 connect_end=510284027 send_end=510284027 receive_end=510284035 connect_duration_ms=1 send_duration_ms=0 receive_duration_ms=7 total_duration_ms=8
[2026-02-03 01:10:41.936] [info] [spider.worker] [TIMING] worker_id=0a8fe0c6-ecb3-4c70-a103-297a58ab0749 task_id=none get_next_task request_start=510284138 connect_end=510284140 send_end=510284140 receive_end=510284144 connect_duration_ms=1 send_duration_ms=0 receive_duration_ms=4 total_duration_ms=6
[2026-02-03 01:10:42.044] [info] [spider.worker] [TIMING] worker_id=0a8fe0c6-ecb3-4c70-a103-297a58ab0749 task_id=none get_next_task request_start=510284247 connect_end=510284249 send_end=510284249 receive_end=510284253 connect_duration_ms=1 send_duration_ms=0 receive_duration_ms=3 total_duration_ms=5
[2026-02-03 01:10:42.153] [info] [spider.worker] [TIMING] worker_id=0a8fe0c6-ecb3-4c70-a103-297a58ab0749 task_id=none get_next_task request_start=510284355 connect_end=510284357 send_end=510284357 receive_end=510284362 connect_duration_ms=1 send_duration_ms=0 receive_duration_ms=4 total_duration_ms=6
[2026-02-03 01:10:42.261] [info] [spider.worker] [TIMING] worker_id=0a8fe0c6-ecb3-4c70-a103-297a58ab0749 task_id=none get_next_task request_start=510284464 connect_end=510284466 send_end=510284466 receive_end=510284470 connect_duration_ms=1 send_duration_ms=0 receive_duration_ms=3 total_duration_ms=5
[2026-02-03 01:10:42.371] [info] [spider.worker] [TIMING] worker_id=0a8fe0c6-ecb3-4c70-a103-297a58ab0749 task_id=none get_next_task request_start=510284572 connect_end=510284574 send_end=510284574 receive_end=510284579 connect_duration_ms=1 send_duration_ms=0 receive_duration_ms=5 total_duration_ms=7
[2026-02-03 01:10:42.479] [info] [spider.worker] [TIMING] worker_id=0a8fe0c6-ecb3-4c70-a103-297a58ab0749 task_id=none get_next_task request_start=510284682 connect_end=510284683 send_end=510284683 receive_end=510284687 connect_duration_ms=1 send_duration_ms=0 receive_duration_ms=3 total_duration_ms=5
[2026-02-03 01:10:42.587] [info] [spider.worker] [TIMING] worker_id=0a8fe0c6-ecb3-4c70-a103-297a58ab0749 task_id=none get_next_task request_start=510284790 connect_end=510284791 send_end=510284791 receive_end=510284795 connect_duration_ms=1 send_duration_ms=0 receive_duration_ms=3 total_duration_ms=5
[2026-02-03 01:10:42.697] [info] [spider.worker] [TIMING] worker_id=0a8fe0c6-ecb3-4c70-a103-297a58ab0749 task_id=none get_next_task request_start=510284898 connect_end=510284900 send_end=510284900 receive_end=510284905 connect_duration_ms=1 send_duration_ms=0 receive_duration_ms=5 total_duration_ms=7
[2026-02-03 01:10:42.807] [info] [spider.worker] [TIMING] worker_id=0a8fe0c6-ecb3-4c70-a103-297a58ab0749 task_id=none get_next_task request_start=510285008 connect_end=510285009 send_end=510285009 receive_end=510285015 connect_duration_ms=1 send_duration_ms=0 receive_duration_ms=5 total_duration_ms=7
[2026-02-03 01:10:42.915] [info] [spider.worker] [TIMING] worker_id=0a8fe0c6-ecb3-4c70-a103-297a58ab0749 task_id=none get_next_task request_start=510285118 connect_end=510285120 send_end=510285120 receive_end=510285124 connect_duration_ms=1 send_duration_ms=0 receive_duration_ms=3 total_duration_ms=5
[2026-02-03 01:10:43.020] [info] [spider.worker] [TIMING] worker_id=0a8fe0c6-ecb3-4c70-a103-297a58ab0749 task_id=none get_next_task request_start=510285225 connect_end=510285226 send_end=510285226 receive_end=510285228 connect_duration_ms=1 send_duration_ms=0 receive_duration_ms=1 total_duration_ms=2
[2026-02-03 01:10:43.123] [info] [spider.worker] [TIMING] worker_id=0a8fe0c6-ecb3-4c70-a103-297a58ab0749 task_id=none get_next_task request_start=510285329 connect_end=510285330 send_end=510285330 receive_end=510285332 connect_duration_ms=0 send_duration_ms=0 receive_duration_ms=1 total_duration_ms=2
[2026-02-03 01:10:43.230] [info] [spider.worker] [TIMING] worker_id=0a8fe0c6-ecb3-4c70-a103-297a58ab0749 task_id=none get_next_task request_start=510285434 connect_end=510285435 send_end=510285435 receive_end=510285439 connect_duration_ms=1 send_duration_ms=0 receive_duration_ms=3 total_duration_ms=5
[2026-02-03 01:10:43.340] [info] [spider.worker] [TIMING] worker_id=0a8fe0c6-ecb3-4c70-a103-297a58ab0749 task_id=none get_next_task request_start=510285541 connect_end=510285543 send_end=510285543 receive_end=510285548 connect_duration_ms=1 send_duration_ms=0 receive_duration_ms=5 total_duration_ms=7
[2026-02-03 01:10:43.448] [info] [spider.worker] [TIMING] worker_id=0a8fe0c6-ecb3-4c70-a103-297a58ab0749 task_id=none get_next_task request_start=510285650 connect_end=510285651 send_end=510285651 receive_end=510285656 connect_duration_ms=1 send_duration_ms=0 receive_duration_ms=4 total_duration_ms=6
[2026-02-03 01:10:43.570] [info] [spider.worker] [TIMING] worker_id=0a8fe0c6-ecb3-4c70-a103-297a58ab0749 task_id=none get_next_task request_start=510285758 connect_end=510285759 send_end=510285759 receive_end=510285778 connect_duration_ms=1 send_duration_ms=0 receive_duration_ms=19 total_duration_ms=20
[2026-02-03 01:10:43.675] [info] [spider.worker] [TIMING] worker_id=0a8fe0c6-ecb3-4c70-a103-297a58ab0749 task_id=none get_next_task request_start=510285880 connect_end=510285881 send_end=510285881 receive_end=510285883 connect_duration_ms=0 send_duration_ms=0 receive_duration_ms=1 total_duration_ms=2
[2026-02-03 01:10:43.780] [info] [spider.worker] [TIMING] worker_id=0a8fe0c6-ecb3-4c70-a103-297a58ab0749 task_id=none get_next_task request_start=510285985 connect_end=510285987 send_end=510285987 receive_end=510285988 connect_duration_ms=1 send_duration_ms=0 receive_duration_ms=1 total_duration_ms=3
[2026-02-03 01:10:43.886] [info] [spider.worker] [TIMING] worker_id=0a8fe0c6-ecb3-4c70-a103-297a58ab0749 task_id=none get_next_task request_start=510286090 connect_end=510286091 send_end=510286091 receive_end=510286095 connect_duration_ms=1 send_duration_ms=0 receive_duration_ms=3 total_duration_ms=4
[2026-02-03 01:10:43.992] [info] [spider.worker] [TIMING] worker_id=0a8fe0c6-ecb3-4c70-a103-297a58ab0749 task_id=none get_next_task request_start=510286196 connect_end=510286197 send_end=510286197 receive_end=510286200 connect_duration_ms=1 send_duration_ms=0 receive_duration_ms=2 total_duration_ms=3
[2026-02-03 01:10:44.101] [info] [spider.worker] [TIMING] worker_id=0a8fe0c6-ecb3-4c70-a103-297a58ab0749 task_id=none get_next_task request_start=510286302 connect_end=510286304 send_end=510286304 receive_end=510286309 connect_duration_ms=1 send_duration_ms=0 receive_duration_ms=5 total_duration_ms=7
[2026-02-03 01:10:44.209] [info] [spider.worker] [TIMING] worker_id=0a8fe0c6-ecb3-4c70-a103-297a58ab0749 task_id=none get_next_task request_start=510286412 connect_end=510286413 send_end=510286413 receive_end=510286418 connect_duration_ms=1 send_duration_ms=0 receive_duration_ms=4 total_duration_ms=6
[2026-02-03 01:10:44.319] [info] [spider.worker] [TIMING] worker_id=0a8fe0c6-ecb3-4c70-a103-297a58ab0749 task_id=none get_next_task request_start=510286520 connect_end=510286522 send_end=510286522 receive_end=510286527 connect_duration_ms=1 send_duration_ms=0 receive_duration_ms=4 total_duration_ms=6
[2026-02-03 01:10:44.426] [info] [spider.worker] [TIMING] worker_id=0a8fe0c6-ecb3-4c70-a103-297a58ab0749 task_id=none get_next_task request_start=510286629 connect_end=510286631 send_end=510286631 receive_end=510286634 connect_duration_ms=1 send_duration_ms=0 receive_duration_ms=3 total_duration_ms=4
[2026-02-03 01:10:44.541] [info] [spider.worker] [TIMING] worker_id=0a8fe0c6-ecb3-4c70-a103-297a58ab0749 task_id=none get_next_task request_start=510286737 connect_end=510286738 send_end=510286738 receive_end=510286749 connect_duration_ms=1 send_duration_ms=0 receive_duration_ms=10 total_duration_ms=12
[2026-02-03 01:10:44.646] [info] [spider.worker] [TIMING] worker_id=0a8fe0c6-ecb3-4c70-a103-297a58ab0749 task_id=none get_next_task request_start=510286851 connect_end=510286852 send_end=510286852 receive_end=510286854 connect_duration_ms=1 send_duration_ms=0 receive_duration_ms=2 total_duration_ms=3
[2026-02-03 01:10:44.759] [info] [spider.worker] [TIMING] worker_id=0a8fe0c6-ecb3-4c70-a103-297a58ab0749 task_id=none get_next_task request_start=510286956 connect_end=510286957 send_end=510286957 receive_end=510286968 connect_duration_ms=1 send_duration_ms=0 receive_duration_ms=10 total_duration_ms=11
[2026-02-03 01:10:44.906] [info] [spider.worker] [TIMING] worker_id=0a8fe0c6-ecb3-4c70-a103-297a58ab0749 task_id=none get_next_task request_start=510287070 connect_end=510287071 send_end=510287071 receive_end=510287114 connect_duration_ms=1 send_duration_ms=0 receive_duration_ms=43 total_duration_ms=44
[2026-02-03 01:10:45.013] [info] [spider.worker] [TIMING] worker_id=0a8fe0c6-ecb3-4c70-a103-297a58ab0749 task_id=none get_next_task request_start=510287217 connect_end=510287218 send_end=510287218 receive_end=510287221 connect_duration_ms=1 send_duration_ms=0 receive_duration_ms=3 total_duration_ms=4
[2026-02-03 01:10:45.120] [info] [spider.worker] [TIMING] worker_id=0a8fe0c6-ecb3-4c70-a103-297a58ab0749 task_id=none get_next_task request_start=510287323 connect_end=510287325 send_end=510287325 receive_end=510287328 connect_duration_ms=1 send_duration_ms=0 receive_duration_ms=3 total_duration_ms=5
[2026-02-03 01:10:45.228] [info] [spider.worker] [TIMING] worker_id=0a8fe0c6-ecb3-4c70-a103-297a58ab0749 task_id=none get_next_task request_start=510287431 connect_end=510287432 send_end=510287432 receive_end=510287437 connect_duration_ms=1 send_duration_ms=0 receive_duration_ms=4 total_duration_ms=6
[2026-02-03 01:10:45.337] [info] [spider.worker] [TIMING] worker_id=0a8fe0c6-ecb3-4c70-a103-297a58ab0749 task_id=none get_next_task request_start=510287539 connect_end=510287541 send_end=510287542 receive_end=510287546 connect_duration_ms=1 send_duration_ms=0 receive_duration_ms=4 total_duration_ms=6
[2026-02-03 01:10:45.442] [info] [spider.worker] [TIMING] worker_id=0a8fe0c6-ecb3-4c70-a103-297a58ab0749 task_id=none get_next_task request_start=510287647 connect_end=510287649 send_end=510287649 receive_end=510287651 connect_duration_ms=1 send_duration_ms=0 receive_duration_ms=2 total_duration_ms=3
[2026-02-03 01:10:45.565] [info] [spider.worker] [TIMING] worker_id=0a8fe0c6-ecb3-4c70-a103-297a58ab0749 task_id=none get_next_task request_start=510287758 connect_end=510287760 send_end=510287760 receive_end=510287774 connect_duration_ms=1 send_duration_ms=0 receive_duration_ms=13 total_duration_ms=15
[2026-02-03 01:10:45.674] [info] [spider.worker] [TIMING] worker_id=0a8fe0c6-ecb3-4c70-a103-297a58ab0749 task_id=none get_next_task request_start=510287876 connect_end=510287877 send_end=510287877 receive_end=510287883 connect_duration_ms=1 send_duration_ms=0 receive_duration_ms=5 total_duration_ms=6
[2026-02-03 01:10:45.784] [info] [spider.worker] [TIMING] worker_id=0a8fe0c6-ecb3-4c70-a103-297a58ab0749 task_id=none get_next_task request_start=510287985 connect_end=510287987 send_end=510287987 receive_end=510287992 connect_duration_ms=1 send_duration_ms=0 receive_duration_ms=5 total_duration_ms=6
[2026-02-03 01:10:45.895] [info] [spider.worker] [TIMING] worker_id=0a8fe0c6-ecb3-4c70-a103-297a58ab0749 task_id=none get_next_task request_start=510288094 connect_end=510288095 send_end=510288095 receive_end=510288103 connect_duration_ms=0 send_duration_ms=0 receive_duration_ms=8 total_duration_ms=9
[2026-02-03 01:10:46.005] [info] [spider.worker] [TIMING] worker_id=0a8fe0c6-ecb3-4c70-a103-297a58ab0749 task_id=none get_next_task request_start=510288205 connect_end=510288207 send_end=510288207 receive_end=510288213 connect_duration_ms=1 send_duration_ms=0 receive_duration_ms=6 total_duration_ms=7
[2026-02-03 01:10:46.112] [info] [spider.worker] [TIMING] worker_id=0a8fe0c6-ecb3-4c70-a103-297a58ab0749 task_id=none get_next_task request_start=510288316 connect_end=510288317 send_end=510288317 receive_end=510288321 connect_duration_ms=1 send_duration_ms=0 receive_duration_ms=3 total_duration_ms=5
[2026-02-03 01:10:46.220] [info] [spider.worker] [TIMING] worker_id=0a8fe0c6-ecb3-4c70-a103-297a58ab0749 task_id=none get_next_task request_start=510288423 connect_end=510288425 send_end=510288425 receive_end=510288428 connect_duration_ms=1 send_duration_ms=0 receive_duration_ms=3 total_duration_ms=5
[2026-02-03 01:10:46.329] [info] [spider.worker] [TIMING] worker_id=0a8fe0c6-ecb3-4c70-a103-297a58ab0749 task_id=none get_next_task request_start=510288531 connect_end=510288532 send_end=510288532 receive_end=510288538 connect_duration_ms=1 send_duration_ms=0 receive_duration_ms=5 total_duration_ms=6
[2026-02-03 01:10:46.437] [info] [spider.worker] [TIMING] worker_id=0a8fe0c6-ecb3-4c70-a103-297a58ab0749 task_id=none get_next_task request_start=510288640 connect_end=510288641 send_end=510288641 receive_end=510288646 connect_duration_ms=1 send_duration_ms=0 receive_duration_ms=4 total_duration_ms=5
[2026-02-03 01:10:46.583] [info] [spider.worker] [TIMING] worker_id=0a8fe0c6-ecb3-4c70-a103-297a58ab0749 task_id=none get_next_task request_start=510288748 connect_end=510288750 send_end=510288750 receive_end=510288791 connect_duration_ms=1 send_duration_ms=0 receive_duration_ms=41 total_duration_ms=43
[2026-02-03 01:10:46.783] [info] [spider.worker] [TIMING] worker_id=0a8fe0c6-ecb3-4c70-a103-297a58ab0749 task_id=none get_next_task request_start=510288910 connect_end=510288912 send_end=510288912 receive_end=510288992 connect_duration_ms=1 send_duration_ms=0 receive_duration_ms=79 total_duration_ms=81
[2026-02-03 01:10:46.935] [info] [spider.worker] [TIMING] worker_id=0a8fe0c6-ecb3-4c70-a103-297a58ab0749 task_id=none get_next_task request_start=510289094 connect_end=510289096 send_end=510289096 receive_end=510289143 connect_duration_ms=1 send_duration_ms=0 receive_duration_ms=47 total_duration_ms=49
[2026-02-03 01:10:47.051] [info] [spider.worker] [TIMING] worker_id=0a8fe0c6-ecb3-4c70-a103-297a58ab0749 task_id=none get_next_task request_start=510289254 connect_end=510289256 send_end=510289256 receive_end=510289260 connect_duration_ms=2 send_duration_ms=0 receive_duration_ms=3 total_duration_ms=5
[2026-02-03 01:10:47.198] [info] [spider.worker] [TIMING] worker_id=0a8fe0c6-ecb3-4c70-a103-297a58ab0749 task_id=none get_next_task request_start=510289362 connect_end=510289364 send_end=510289364 receive_end=510289406 connect_duration_ms=1 send_duration_ms=0 receive_duration_ms=42 total_duration_ms=43
[2026-02-03 01:10:47.334] [info] [spider.worker] [TIMING] worker_id=0a8fe0c6-ecb3-4c70-a103-297a58ab0749 task_id=none get_next_task request_start=510289508 connect_end=510289510 send_end=510289510 receive_end=510289542 connect_duration_ms=1 send_duration_ms=0 receive_duration_ms=32 total_duration_ms=33
[2026-02-03 01:10:47.473] [info] [spider.worker] [TIMING] worker_id=0a8fe0c6-ecb3-4c70-a103-297a58ab0749 task_id=02151869-505c-4bd6-b293-9d63160d4a17 get_next_task request_start=510289644 connect_end=510289646 send_end=510289646 receive_end=510289646 connect_duration_ms=1 send_duration_ms=0 receive_duration_ms=0 total_duration_ms=1
[2026-02-03 01:10:47.476] [info] [spider.worker] [TIMING] task_id=02151869-505c-4bd6-b293-9d63160d4a17 storage_connect_start=510289682 storage_connect_end=510289684 storage_connect_duration_ms=2 phase=pre_execution
[2026-02-03 01:10:47.477] [info] [spider.worker] [TIMING] task_id=02151869-505c-4bd6-b293-9d63160d4a17 func=job_orchestration.executor.query.spider_search_task.search_without_channel fetch_input_start=510289684 fetch_input_end=510289685 fetch_input_duration_ms=1
[2026-02-03 01:10:47.477] [info] [spider.worker] [TIMING] task_id=02151869-505c-4bd6-b293-9d63160d4a17 func=job_orchestration.executor.query.spider_search_task.search_without_channel input_send_start=510289686 input_send_end=510289686 input_send_duration_ms=0 bytes=612
[2026-02-03 01:10:47.478] [info] [spider.worker] [TIMING] task_id=02151869-505c-4bd6-b293-9d63160d4a17 func=job_orchestration.executor.query.spider_search_task.search_without_channel spawn_start=510289685 spawn_end=510289686 spawn_duration_ms=0
[2026-02-03 01:10:48.769] [info] [spider.worker] [TIMING] task_id=02151869-505c-4bd6-b293-9d63160d4a17 func=job_orchestration.executor.query.spider_search_task.search_without_channel execution_start=510289686 execution_end=510290977 execution_duration_ms=1290
[2026-02-03 01:10:48.771] [info] [spider.worker] [TIMING] task_id=02151869-505c-4bd6-b293-9d63160d4a17 func=job_orchestration.executor.query.spider_search_task.search_without_channel storage_connect_start=510290977 storage_connect_end=510290979 storage_connect_duration_ms=1 phase=handle_result
[2026-02-03 01:10:48.841] [info] [spider.worker] [TIMING] task_id=02151869-505c-4bd6-b293-9d63160d4a17 func=job_orchestration.executor.query.spider_search_task.search_without_channel submit_output_start=510290979 submit_output_end=510291049 submit_output_duration_ms=70
[2026-02-03 01:10:48.874] [info] [spider.worker] [TIMING] worker_id=0a8fe0c6-ecb3-4c70-a103-297a58ab0749 task_id=cfc6f686-0215-4c98-8d73-280dd1816421 get_next_task request_start=510291051 connect_end=510291052 send_end=510291052 receive_end=510291052 connect_duration_ms=1 send_duration_ms=0 receive_duration_ms=0 total_duration_ms=1
[2026-02-03 01:10:48.876] [info] [spider.worker] [TIMING] task_id=cfc6f686-0215-4c98-8d73-280dd1816421 storage_connect_start=510291083 storage_connect_end=510291084 storage_connect_duration_ms=1 phase=pre_execution
[2026-02-03 01:10:48.877] [info] [spider.worker] [TIMING] task_id=cfc6f686-0215-4c98-8d73-280dd1816421 func=job_orchestration.executor.query.spider_search_task.search_without_channel fetch_input_start=510291084 fetch_input_end=510291085 fetch_input_duration_ms=0
[2026-02-03 01:10:48.877] [info] [spider.worker] [TIMING] task_id=cfc6f686-0215-4c98-8d73-280dd1816421 func=job_orchestration.executor.query.spider_search_task.search_without_channel input_send_start=510291086 input_send_end=510291086 input_send_duration_ms=0 bytes=612
[2026-02-03 01:10:48.877] [info] [spider.worker] [TIMING] task_id=cfc6f686-0215-4c98-8d73-280dd1816421 func=job_orchestration.executor.query.spider_search_task.search_without_channel spawn_start=510291085 spawn_end=510291086 spawn_duration_ms=0
[2026-02-03 01:10:50.241] [info] [spider.worker] [TIMING] task_id=cfc6f686-0215-4c98-8d73-280dd1816421 func=job_orchestration.executor.query.spider_search_task.search_without_channel execution_start=510291086 execution_end=510292450 execution_duration_ms=1363
[2026-02-03 01:10:50.262] [info] [spider.worker] [TIMING] task_id=cfc6f686-0215-4c98-8d73-280dd1816421 func=job_orchestration.executor.query.spider_search_task.search_without_channel storage_connect_start=510292450 storage_connect_end=510292471 storage_connect_duration_ms=20 phase=handle_result
[2026-02-03 01:10:50.303] [info] [spider.worker] [TIMING] task_id=cfc6f686-0215-4c98-8d73-280dd1816421 func=job_orchestration.executor.query.spider_search_task.search_without_channel submit_output_start=510292471 submit_output_end=510292512 submit_output_duration_ms=41
[2026-02-03 01:10:50.345] [info] [spider.worker] [TIMING] worker_id=0a8fe0c6-ecb3-4c70-a103-297a58ab0749 task_id=74a05fe2-adfe-4ebc-9139-eab27c231364 get_next_task request_start=510292514 connect_end=510292515 send_end=510292515 receive_end=510292516 connect_duration_ms=1 send_duration_ms=0 receive_duration_ms=0 total_duration_ms=2
[2026-02-03 01:10:50.347] [info] [spider.worker] [TIMING] task_id=74a05fe2-adfe-4ebc-9139-eab27c231364 storage_connect_start=510292554 storage_connect_end=510292555 storage_connect_duration_ms=1 phase=pre_execution
[2026-02-03 01:10:50.348] [info] [spider.worker] [TIMING] task_id=74a05fe2-adfe-4ebc-9139-eab27c231364 func=job_orchestration.executor.query.spider_search_task.search_without_channel fetch_input_start=510292555 fetch_input_end=510292556 fetch_input_duration_ms=0
[2026-02-03 01:10:50.348] [info] [spider.worker] [TIMING] task_id=74a05fe2-adfe-4ebc-9139-eab27c231364 func=job_orchestration.executor.query.spider_search_task.search_without_channel input_send_start=510292557 input_send_end=510292557 input_send_duration_ms=0 bytes=612
[2026-02-03 01:10:50.348] [info] [spider.worker] [TIMING] task_id=74a05fe2-adfe-4ebc-9139-eab27c231364 func=job_orchestration.executor.query.spider_search_task.search_without_channel spawn_start=510292556 spawn_end=510292557 spawn_duration_ms=0
[2026-02-03 01:10:51.849] [info] [spider.worker] [TIMING] task_id=74a05fe2-adfe-4ebc-9139-eab27c231364 func=job_orchestration.executor.query.spider_search_task.search_without_channel execution_start=510292557 execution_end=510294057 execution_duration_ms=1500
[2026-02-03 01:10:51.851] [info] [spider.worker] [TIMING] task_id=74a05fe2-adfe-4ebc-9139-eab27c231364 func=job_orchestration.executor.query.spider_search_task.search_without_channel storage_connect_start=510294057 storage_connect_end=510294059 storage_connect_duration_ms=1 phase=handle_result
[2026-02-03 01:10:51.866] [info] [spider.worker] [TIMING] task_id=74a05fe2-adfe-4ebc-9139-eab27c231364 func=job_orchestration.executor.query.spider_search_task.search_without_channel submit_output_start=510294059 submit_output_end=510294074 submit_output_duration_ms=15
[2026-02-03 01:10:51.916] [info] [spider.worker] [TIMING] worker_id=0a8fe0c6-ecb3-4c70-a103-297a58ab0749 task_id=4d004dfc-bc01-4c9a-a32f-f0983d1a53ed get_next_task request_start=510294076 connect_end=510294077 send_end=510294077 receive_end=510294077 connect_duration_ms=1 send_duration_ms=0 receive_duration_ms=0 total_duration_ms=1
[2026-02-03 01:10:51.918] [info] [spider.worker] [TIMING] task_id=4d004dfc-bc01-4c9a-a32f-f0983d1a53ed storage_connect_start=510294124 storage_connect_end=510294126 storage_connect_duration_ms=1 phase=pre_execution
[2026-02-03 01:10:51.919] [info] [spider.worker] [TIMING] task_id=4d004dfc-bc01-4c9a-a32f-f0983d1a53ed func=job_orchestration.executor.query.spider_search_task.search_without_channel fetch_input_start=510294126 fetch_input_end=510294127 fetch_input_duration_ms=1
[2026-02-03 01:10:51.919] [info] [spider.worker] [TIMING] task_id=4d004dfc-bc01-4c9a-a32f-f0983d1a53ed func=job_orchestration.executor.query.spider_search_task.search_without_channel input_send_start=510294128 input_send_end=510294128 input_send_duration_ms=0 bytes=612
[2026-02-03 01:10:51.919] [info] [spider.worker] [TIMING] task_id=4d004dfc-bc01-4c9a-a32f-f0983d1a53ed func=job_orchestration.executor.query.spider_search_task.search_without_channel spawn_start=510294127 spawn_end=510294128 spawn_duration_ms=0
[2026-02-03 01:10:53.398] [info] [spider.worker] [TIMING] task_id=4d004dfc-bc01-4c9a-a32f-f0983d1a53ed func=job_orchestration.executor.query.spider_search_task.search_without_channel execution_start=510294128 execution_end=510295607 execution_duration_ms=1478
[2026-02-03 01:10:53.400] [info] [spider.worker] [TIMING] task_id=4d004dfc-bc01-4c9a-a32f-f0983d1a53ed func=job_orchestration.executor.query.spider_search_task.search_without_channel storage_connect_start=510295607 storage_connect_end=510295608 storage_connect_duration_ms=1 phase=handle_result
[2026-02-03 01:10:53.435] [info] [spider.worker] [TIMING] task_id=4d004dfc-bc01-4c9a-a32f-f0983d1a53ed func=job_orchestration.executor.query.spider_search_task.search_without_channel submit_output_start=510295608 submit_output_end=510295644 submit_output_duration_ms=35
[2026-02-03 01:10:53.450] [info] [spider.worker] [TIMING] worker_id=0a8fe0c6-ecb3-4c70-a103-297a58ab0749 task_id=66dda1a2-2f67-40c0-8988-9967c307a0ef get_next_task request_start=510295646 connect_end=510295648 send_end=510295648 receive_end=510295648 connect_duration_ms=1 send_duration_ms=0 receive_duration_ms=0 total_duration_ms=1
[2026-02-03 01:10:53.451] [info] [spider.worker] [TIMING] task_id=66dda1a2-2f67-40c0-8988-9967c307a0ef storage_connect_start=510295658 storage_connect_end=510295660 storage_connect_duration_ms=1 phase=pre_execution
[2026-02-03 01:10:53.453] [info] [spider.worker] [TIMING] task_id=66dda1a2-2f67-40c0-8988-9967c307a0ef func=job_orchestration.executor.query.spider_search_task.search_without_channel fetch_input_start=510295660 fetch_input_end=510295661 fetch_input_duration_ms=1
[2026-02-03 01:10:53.453] [info] [spider.worker] [TIMING] task_id=66dda1a2-2f67-40c0-8988-9967c307a0ef func=job_orchestration.executor.query.spider_search_task.search_without_channel input_send_start=510295661 input_send_end=510295661 input_send_duration_ms=0 bytes=612
[2026-02-03 01:10:53.453] [info] [spider.worker] [TIMING] task_id=66dda1a2-2f67-40c0-8988-9967c307a0ef func=job_orchestration.executor.query.spider_search_task.search_without_channel spawn_start=510295661 spawn_end=510295662 spawn_duration_ms=0
[2026-02-03 01:10:54.731] [info] [spider.worker] [TIMING] task_id=66dda1a2-2f67-40c0-8988-9967c307a0ef func=job_orchestration.executor.query.spider_search_task.search_without_channel execution_start=510295662 execution_end=510296940 execution_duration_ms=1277
[2026-02-03 01:10:54.733] [info] [spider.worker] [TIMING] task_id=66dda1a2-2f67-40c0-8988-9967c307a0ef func=job_orchestration.executor.query.spider_search_task.search_without_channel storage_connect_start=510296940 storage_connect_end=510296942 storage_connect_duration_ms=1 phase=handle_result
[2026-02-03 01:10:54.763] [info] [spider.worker] [TIMING] task_id=66dda1a2-2f67-40c0-8988-9967c307a0ef func=job_orchestration.executor.query.spider_search_task.search_without_channel submit_output_start=510296942 submit_output_end=510296971 submit_output_duration_ms=29
[2026-02-03 01:10:54.784] [info] [spider.worker] [TIMING] worker_id=0a8fe0c6-ecb3-4c70-a103-297a58ab0749 task_id=7f716009-aa15-4dc6-a10d-f48253ec73cf get_next_task request_start=510296973 connect_end=510296974 send_end=510296975 receive_end=510296975 connect_duration_ms=1 send_duration_ms=0 receive_duration_ms=0 total_duration_ms=1
[2026-02-03 01:10:54.786] [info] [spider.worker] [TIMING] task_id=7f716009-aa15-4dc6-a10d-f48253ec73cf storage_connect_start=510296992 storage_connect_end=510296994 storage_connect_duration_ms=1 phase=pre_execution
[2026-02-03 01:10:54.786] [info] [spider.worker] [TIMING] task_id=7f716009-aa15-4dc6-a10d-f48253ec73cf func=job_orchestration.executor.query.spider_search_task.search_without_channel fetch_input_start=510296994 fetch_input_end=510296995 fetch_input_duration_ms=0
[2026-02-03 01:10:54.787] [info] [spider.worker] [TIMING] task_id=7f716009-aa15-4dc6-a10d-f48253ec73cf func=job_orchestration.executor.query.spider_search_task.search_without_channel input_send_start=510296995 input_send_end=510296995 input_send_duration_ms=0 bytes=612
[2026-02-03 01:10:54.787] [info] [spider.worker] [TIMING] task_id=7f716009-aa15-4dc6-a10d-f48253ec73cf func=job_orchestration.executor.query.spider_search_task.search_without_channel spawn_start=510296995 spawn_end=510296995 spawn_duration_ms=0
[2026-02-03 01:10:56.065] [info] [spider.worker] [TIMING] task_id=7f716009-aa15-4dc6-a10d-f48253ec73cf func=job_orchestration.executor.query.spider_search_task.search_without_channel execution_start=510296995 execution_end=510298273 execution_duration_ms=1277
[2026-02-03 01:10:56.067] [info] [spider.worker] [TIMING] task_id=7f716009-aa15-4dc6-a10d-f48253ec73cf func=job_orchestration.executor.query.spider_search_task.search_without_channel storage_connect_start=510298273 storage_connect_end=510298275 storage_connect_duration_ms=1 phase=handle_result
[2026-02-03 01:10:56.092] [info] [spider.worker] [TIMING] task_id=7f716009-aa15-4dc6-a10d-f48253ec73cf func=job_orchestration.executor.query.spider_search_task.search_without_channel submit_output_start=510298275 submit_output_end=510298301 submit_output_duration_ms=25
[2026-02-03 01:10:56.109] [info] [spider.worker] [TIMING] worker_id=0a8fe0c6-ecb3-4c70-a103-297a58ab0749 task_id=8e6489ae-244b-4ad8-9f61-3747d55f6fb6 get_next_task request_start=510298303 connect_end=510298304 send_end=510298304 receive_end=510298304 connect_duration_ms=1 send_duration_ms=0 receive_duration_ms=0 total_duration_ms=1
[2026-02-03 01:10:56.111] [info] [spider.worker] [TIMING] task_id=8e6489ae-244b-4ad8-9f61-3747d55f6fb6 storage_connect_start=510298318 storage_connect_end=510298319 storage_connect_duration_ms=1 phase=pre_execution
[2026-02-03 01:10:56.112] [info] [spider.worker] [TIMING] task_id=8e6489ae-244b-4ad8-9f61-3747d55f6fb6 func=job_orchestration.executor.query.spider_search_task.search_without_channel fetch_input_start=510298319 fetch_input_end=510298320 fetch_input_duration_ms=0
[2026-02-03 01:10:56.112] [info] [spider.worker] [TIMING] task_id=8e6489ae-244b-4ad8-9f61-3747d55f6fb6 func=job_orchestration.executor.query.spider_search_task.search_without_channel input_send_start=510298320 input_send_end=510298320 input_send_duration_ms=0 bytes=612
[2026-02-03 01:10:56.112] [info] [spider.worker] [TIMING] task_id=8e6489ae-244b-4ad8-9f61-3747d55f6fb6 func=job_orchestration.executor.query.spider_search_task.search_without_channel spawn_start=510298320 spawn_end=510298320 spawn_duration_ms=0
[2026-02-03 01:10:57.417] [info] [spider.worker] [TIMING] task_id=8e6489ae-244b-4ad8-9f61-3747d55f6fb6 func=job_orchestration.executor.query.spider_search_task.search_without_channel execution_start=510298321 execution_end=510299625 execution_duration_ms=1304
[2026-02-03 01:10:57.418] [info] [spider.worker] [TIMING] task_id=8e6489ae-244b-4ad8-9f61-3747d55f6fb6 func=job_orchestration.executor.query.spider_search_task.search_without_channel storage_connect_start=510299625 storage_connect_end=510299627 storage_connect_duration_ms=1 phase=handle_result
[2026-02-03 01:10:57.451] [info] [spider.worker] [TIMING] task_id=8e6489ae-244b-4ad8-9f61-3747d55f6fb6 func=job_orchestration.executor.query.spider_search_task.search_without_channel submit_output_start=510299627 submit_output_end=510299659 submit_output_duration_ms=32
[2026-02-03 01:10:57.484] [info] [spider.worker] [TIMING] worker_id=0a8fe0c6-ecb3-4c70-a103-297a58ab0749 task_id=af46e527-1882-4621-aa24-c96a9385b519 get_next_task request_start=510299661 connect_end=510299662 send_end=510299662 receive_end=510299662 connect_duration_ms=1 send_duration_ms=0 receive_duration_ms=0 total_duration_ms=1
[2026-02-03 01:10:57.486] [info] [spider.worker] [TIMING] task_id=af46e527-1882-4621-aa24-c96a9385b519 storage_connect_start=510299693 storage_connect_end=510299695 storage_connect_duration_ms=1 phase=pre_execution
[2026-02-03 01:10:57.487] [info] [spider.worker] [TIMING] task_id=af46e527-1882-4621-aa24-c96a9385b519 func=job_orchestration.executor.query.spider_search_task.search_without_channel fetch_input_start=510299695 fetch_input_end=510299696 fetch_input_duration_ms=1
[2026-02-03 01:10:57.488] [info] [spider.worker] [TIMING] task_id=af46e527-1882-4621-aa24-c96a9385b519 func=job_orchestration.executor.query.spider_search_task.search_without_channel input_send_start=510299696 input_send_end=510299696 input_send_duration_ms=0 bytes=612
[2026-02-03 01:10:57.488] [info] [spider.worker] [TIMING] task_id=af46e527-1882-4621-aa24-c96a9385b519 func=job_orchestration.executor.query.spider_search_task.search_without_channel spawn_start=510299696 spawn_end=510299696 spawn_duration_ms=0
[2026-02-03 01:10:59.055] [info] [spider.worker] [TIMING] task_id=af46e527-1882-4621-aa24-c96a9385b519 func=job_orchestration.executor.query.spider_search_task.search_without_channel execution_start=510299696 execution_end=510301263 execution_duration_ms=1567
[2026-02-03 01:10:59.057] [info] [spider.worker] [TIMING] task_id=af46e527-1882-4621-aa24-c96a9385b519 func=job_orchestration.executor.query.spider_search_task.search_without_channel storage_connect_start=510301263 storage_connect_end=510301265 storage_connect_duration_ms=1 phase=handle_result
[2026-02-03 01:10:59.088] [info] [spider.worker] [TIMING] task_id=af46e527-1882-4621-aa24-c96a9385b519 func=job_orchestration.executor.query.spider_search_task.search_without_channel submit_output_start=510301265 submit_output_end=510301296 submit_output_duration_ms=30
[2026-02-03 01:10:59.143] [info] [spider.worker] [TIMING] worker_id=0a8fe0c6-ecb3-4c70-a103-297a58ab0749 task_id=79317203-fbf1-4fcf-b63f-481c0a0f04ee get_next_task request_start=510301299 connect_end=510301300 send_end=510301300 receive_end=510301300 connect_duration_ms=1 send_duration_ms=0 receive_duration_ms=0 total_duration_ms=1
[2026-02-03 01:10:59.145] [info] [spider.worker] [TIMING] task_id=79317203-fbf1-4fcf-b63f-481c0a0f04ee storage_connect_start=510301352 storage_connect_end=510301353 storage_connect_duration_ms=1 phase=pre_execution
[2026-02-03 01:10:59.146] [info] [spider.worker] [TIMING] task_id=79317203-fbf1-4fcf-b63f-481c0a0f04ee func=job_orchestration.executor.query.spider_search_task.search_without_channel fetch_input_start=510301353 fetch_input_end=510301354 fetch_input_duration_ms=1
[2026-02-03 01:10:59.146] [info] [spider.worker] [TIMING] task_id=79317203-fbf1-4fcf-b63f-481c0a0f04ee func=job_orchestration.executor.query.spider_search_task.search_without_channel input_send_start=510301355 input_send_end=510301355 input_send_duration_ms=0 bytes=612
[2026-02-03 01:10:59.146] [info] [spider.worker] [TIMING] task_id=79317203-fbf1-4fcf-b63f-481c0a0f04ee func=job_orchestration.executor.query.spider_search_task.search_without_channel spawn_start=510301354 spawn_end=510301355 spawn_duration_ms=0
[2026-02-03 01:11:00.404] [info] [spider.worker] [TIMING] task_id=79317203-fbf1-4fcf-b63f-481c0a0f04ee func=job_orchestration.executor.query.spider_search_task.search_without_channel execution_start=510301355 execution_end=510302612 execution_duration_ms=1257
[2026-02-03 01:11:00.405] [info] [spider.worker] [TIMING] task_id=79317203-fbf1-4fcf-b63f-481c0a0f04ee func=job_orchestration.executor.query.spider_search_task.search_without_channel storage_connect_start=510302612 storage_connect_end=510302614 storage_connect_duration_ms=1 phase=handle_result
[2026-02-03 01:11:00.418] [info] [spider.worker] [TIMING] task_id=79317203-fbf1-4fcf-b63f-481c0a0f04ee func=job_orchestration.executor.query.spider_search_task.search_without_channel submit_output_start=510302614 submit_output_end=510302626 submit_output_duration_ms=12
[2026-02-03 01:11:00.457] [info] [spider.worker] [TIMING] worker_id=0a8fe0c6-ecb3-4c70-a103-297a58ab0749 task_id=ed3936fb-6161-442a-a2f1-facea0748463 get_next_task request_start=510302628 connect_end=510302629 send_end=510302629 receive_end=510302629 connect_duration_ms=0 send_duration_ms=0 receive_duration_ms=0 total_duration_ms=1
[2026-02-03 01:11:00.459] [info] [spider.worker] [TIMING] task_id=ed3936fb-6161-442a-a2f1-facea0748463 storage_connect_start=510302666 storage_connect_end=510302667 storage_connect_duration_ms=1 phase=pre_execution
[2026-02-03 01:11:00.460] [info] [spider.worker] [TIMING] task_id=ed3936fb-6161-442a-a2f1-facea0748463 func=job_orchestration.executor.query.spider_search_task.search_without_channel fetch_input_start=510302667 fetch_input_end=510302668 fetch_input_duration_ms=0
[2026-02-03 01:11:00.461] [info] [spider.worker] [TIMING] task_id=ed3936fb-6161-442a-a2f1-facea0748463 func=job_orchestration.executor.query.spider_search_task.search_without_channel input_send_start=510302669 input_send_end=510302669 input_send_duration_ms=0 bytes=612
[2026-02-03 01:11:00.461] [info] [spider.worker] [TIMING] task_id=ed3936fb-6161-442a-a2f1-facea0748463 func=job_orchestration.executor.query.spider_search_task.search_without_channel spawn_start=510302668 spawn_end=510302669 spawn_duration_ms=0
[2026-02-03 01:11:01.658] [info] [spider.worker] [TIMING] task_id=ed3936fb-6161-442a-a2f1-facea0748463 func=job_orchestration.executor.query.spider_search_task.search_without_channel execution_start=510302669 execution_end=510303867 execution_duration_ms=1197
[2026-02-03 01:11:01.661] [info] [spider.worker] [TIMING] task_id=ed3936fb-6161-442a-a2f1-facea0748463 func=job_orchestration.executor.query.spider_search_task.search_without_channel storage_connect_start=510303867 storage_connect_end=510303869 storage_connect_duration_ms=2 phase=handle_result
[2026-02-03 01:11:01.677] [info] [spider.worker] [TIMING] task_id=ed3936fb-6161-442a-a2f1-facea0748463 func=job_orchestration.executor.query.spider_search_task.search_without_channel submit_output_start=510303869 submit_output_end=510303885 submit_output_duration_ms=15
[2026-02-03 01:11:01.693] [info] [spider.worker] [TIMING] worker_id=0a8fe0c6-ecb3-4c70-a103-297a58ab0749 task_id=917ac6df-e841-41cd-8575-00d61b81859d get_next_task request_start=510303887 connect_end=510303888 send_end=510303888 receive_end=510303888 connect_duration_ms=1 send_duration_ms=0 receive_duration_ms=0 total_duration_ms=1
[2026-02-03 01:11:01.695] [info] [spider.worker] [TIMING] task_id=917ac6df-e841-41cd-8575-00d61b81859d storage_connect_start=510303902 storage_connect_end=510303904 storage_connect_duration_ms=1 phase=pre_execution
[2026-02-03 01:11:01.696] [info] [spider.worker] [TIMING] task_id=917ac6df-e841-41cd-8575-00d61b81859d func=job_orchestration.executor.query.spider_search_task.search_without_channel fetch_input_start=510303904 fetch_input_end=510303905 fetch_input_duration_ms=1
[2026-02-03 01:11:01.697] [info] [spider.worker] [TIMING] task_id=917ac6df-e841-41cd-8575-00d61b81859d func=job_orchestration.executor.query.spider_search_task.search_without_channel input_send_start=510303905 input_send_end=510303905 input_send_duration_ms=0 bytes=612
[2026-02-03 01:11:01.697] [info] [spider.worker] [TIMING] task_id=917ac6df-e841-41cd-8575-00d61b81859d func=job_orchestration.executor.query.spider_search_task.search_without_channel spawn_start=510303905 spawn_end=510303905 spawn_duration_ms=0
[2026-02-03 01:11:03.063] [info] [spider.worker] [TIMING] task_id=917ac6df-e841-41cd-8575-00d61b81859d func=job_orchestration.executor.query.spider_search_task.search_without_channel execution_start=510303906 execution_end=510305272 execution_duration_ms=1366
[2026-02-03 01:11:03.065] [info] [spider.worker] [TIMING] task_id=917ac6df-e841-41cd-8575-00d61b81859d func=job_orchestration.executor.query.spider_search_task.search_without_channel storage_connect_start=510305272 storage_connect_end=510305273 storage_connect_duration_ms=1 phase=handle_result
[2026-02-03 01:11:03.102] [info] [spider.worker] [TIMING] task_id=917ac6df-e841-41cd-8575-00d61b81859d func=job_orchestration.executor.query.spider_search_task.search_without_channel submit_output_start=510305273 submit_output_end=510305310 submit_output_duration_ms=36
[2026-02-03 01:11:03.152] [info] [spider.worker] [TIMING] worker_id=0a8fe0c6-ecb3-4c70-a103-297a58ab0749 task_id=104582c7-eab7-4a1c-a09c-1f0c8f6dda4d get_next_task request_start=510305312 connect_end=510305313 send_end=510305313 receive_end=510305313 connect_duration_ms=1 send_duration_ms=0 receive_duration_ms=0 total_duration_ms=1
[2026-02-03 01:11:03.153] [info] [spider.worker] [TIMING] task_id=104582c7-eab7-4a1c-a09c-1f0c8f6dda4d storage_connect_start=510305360 storage_connect_end=510305362 storage_connect_duration_ms=1 phase=pre_execution
[2026-02-03 01:11:03.154] [info] [spider.worker] [TIMING] task_id=104582c7-eab7-4a1c-a09c-1f0c8f6dda4d func=job_orchestration.executor.query.spider_search_task.search_without_channel fetch_input_start=510305362 fetch_input_end=510305362 fetch_input_duration_ms=0
[2026-02-03 01:11:03.155] [info] [spider.worker] [TIMING] task_id=104582c7-eab7-4a1c-a09c-1f0c8f6dda4d func=job_orchestration.executor.query.spider_search_task.search_without_channel input_send_start=510305363 input_send_end=510305363 input_send_duration_ms=0 bytes=612
[2026-02-03 01:11:03.155] [info] [spider.worker] [TIMING] task_id=104582c7-eab7-4a1c-a09c-1f0c8f6dda4d func=job_orchestration.executor.query.spider_search_task.search_without_channel spawn_start=510305363 spawn_end=510305363 spawn_duration_ms=0
[2026-02-03 01:11:04.572] [info] [spider.worker] [TIMING] task_id=104582c7-eab7-4a1c-a09c-1f0c8f6dda4d func=job_orchestration.executor.query.spider_search_task.search_without_channel execution_start=510305363 execution_end=510306780 execution_duration_ms=1416
[2026-02-03 01:11:04.584] [info] [spider.worker] [TIMING] task_id=104582c7-eab7-4a1c-a09c-1f0c8f6dda4d func=job_orchestration.executor.query.spider_search_task.search_without_channel storage_connect_start=510306780 storage_connect_end=510306793 storage_connect_duration_ms=12 phase=handle_result
[2026-02-03 01:11:04.667] [info] [spider.worker] [TIMING] task_id=104582c7-eab7-4a1c-a09c-1f0c8f6dda4d func=job_orchestration.executor.query.spider_search_task.search_without_channel submit_output_start=510306793 submit_output_end=510306876 submit_output_duration_ms=83
[2026-02-03 01:11:04.685] [info] [spider.worker] [TIMING] worker_id=0a8fe0c6-ecb3-4c70-a103-297a58ab0749 task_id=e5976ca9-b896-41f2-a2e6-9bd9268f40ba get_next_task request_start=510306878 connect_end=510306880 send_end=510306880 receive_end=510306880 connect_duration_ms=1 send_duration_ms=0 receive_duration_ms=0 total_duration_ms=1
[2026-02-03 01:11:04.687] [info] [spider.worker] [TIMING] task_id=e5976ca9-b896-41f2-a2e6-9bd9268f40ba storage_connect_start=510306894 storage_connect_end=510306895 storage_connect_duration_ms=1 phase=pre_execution
[2026-02-03 01:11:04.688] [info] [spider.worker] [TIMING] task_id=e5976ca9-b896-41f2-a2e6-9bd9268f40ba func=job_orchestration.executor.query.spider_search_task.search_without_channel fetch_input_start=510306895 fetch_input_end=510306896 fetch_input_duration_ms=1
[2026-02-03 01:11:04.688] [info] [spider.worker] [TIMING] task_id=e5976ca9-b896-41f2-a2e6-9bd9268f40ba func=job_orchestration.executor.query.spider_search_task.search_without_channel input_send_start=510306897 input_send_end=510306897 input_send_duration_ms=0 bytes=612
[2026-02-03 01:11:04.688] [info] [spider.worker] [TIMING] task_id=e5976ca9-b896-41f2-a2e6-9bd9268f40ba func=job_orchestration.executor.query.spider_search_task.search_without_channel spawn_start=510306896 spawn_end=510306897 spawn_duration_ms=0
[2026-02-03 01:11:06.066] [info] [spider.worker] [TIMING] task_id=e5976ca9-b896-41f2-a2e6-9bd9268f40ba func=job_orchestration.executor.query.spider_search_task.search_without_channel execution_start=510306897 execution_end=510308274 execution_duration_ms=1377
[2026-02-03 01:11:06.068] [info] [spider.worker] [TIMING] task_id=e5976ca9-b896-41f2-a2e6-9bd9268f40ba func=job_orchestration.executor.query.spider_search_task.search_without_channel storage_connect_start=510308274 storage_connect_end=510308276 storage_connect_duration_ms=1 phase=handle_result
[2026-02-03 01:11:06.097] [info] [spider.worker] [TIMING] task_id=e5976ca9-b896-41f2-a2e6-9bd9268f40ba func=job_orchestration.executor.query.spider_search_task.search_without_channel submit_output_start=510308276 submit_output_end=510308305 submit_output_duration_ms=29
[2026-02-03 01:11:06.111] [info] [spider.worker] [TIMING] worker_id=0a8fe0c6-ecb3-4c70-a103-297a58ab0749 task_id=568564fb-3839-4fb7-a0b6-e005e136969e get_next_task request_start=510308308 connect_end=510308309 send_end=510308309 receive_end=510308309 connect_duration_ms=1 send_duration_ms=0 receive_duration_ms=0 total_duration_ms=1
[2026-02-03 01:11:06.113] [info] [spider.worker] [TIMING] task_id=568564fb-3839-4fb7-a0b6-e005e136969e storage_connect_start=510308319 storage_connect_end=510308321 storage_connect_duration_ms=1 phase=pre_execution
[2026-02-03 01:11:06.114] [info] [spider.worker] [TIMING] task_id=568564fb-3839-4fb7-a0b6-e005e136969e func=job_orchestration.executor.query.spider_search_task.search_without_channel fetch_input_start=510308321 fetch_input_end=510308322 fetch_input_duration_ms=1
[2026-02-03 01:11:06.115] [info] [spider.worker] [TIMING] task_id=568564fb-3839-4fb7-a0b6-e005e136969e func=job_orchestration.executor.query.spider_search_task.search_without_channel input_send_start=510308323 input_send_end=510308323 input_send_duration_ms=0 bytes=612
[2026-02-03 01:11:06.115] [info] [spider.worker] [TIMING] task_id=568564fb-3839-4fb7-a0b6-e005e136969e func=job_orchestration.executor.query.spider_search_task.search_without_channel spawn_start=510308323 spawn_end=510308323 spawn_duration_ms=0
[2026-02-03 01:11:07.469] [info] [spider.worker] [TIMING] task_id=568564fb-3839-4fb7-a0b6-e005e136969e func=job_orchestration.executor.query.spider_search_task.search_without_channel execution_start=510308323 execution_end=510309677 execution_duration_ms=1354
[2026-02-03 01:11:07.471] [info] [spider.worker] [TIMING] task_id=568564fb-3839-4fb7-a0b6-e005e136969e func=job_orchestration.executor.query.spider_search_task.search_without_channel storage_connect_start=510309677 storage_connect_end=510309679 storage_connect_duration_ms=1 phase=handle_result
[2026-02-03 01:11:07.477] [info] [spider.worker] [TIMING] task_id=568564fb-3839-4fb7-a0b6-e005e136969e func=job_orchestration.executor.query.spider_search_task.search_without_channel submit_output_start=510309679 submit_output_end=510309686 submit_output_duration_ms=6
[2026-02-03 01:11:07.486] [info] [spider.worker] [TIMING] worker_id=0a8fe0c6-ecb3-4c70-a103-297a58ab0749 task_id=aceca5be-5939-4277-bfb2-816a30c1be6f get_next_task request_start=510309688 connect_end=510309689 send_end=510309689 receive_end=510309689 connect_duration_ms=1 send_duration_ms=0 receive_duration_ms=0 total_duration_ms=1
[2026-02-03 01:11:07.487] [info] [spider.worker] [TIMING] task_id=aceca5be-5939-4277-bfb2-816a30c1be6f storage_connect_start=510309694 storage_connect_end=510309695 storage_connect_duration_ms=0 phase=pre_execution
[2026-02-03 01:11:07.487] [info] [spider.worker] [TIMING] task_id=aceca5be-5939-4277-bfb2-816a30c1be6f func=job_orchestration.executor.query.spider_search_task.search_without_channel fetch_input_start=510309695 fetch_input_end=510309696 fetch_input_duration_ms=0
[2026-02-03 01:11:07.488] [info] [spider.worker] [TIMING] task_id=aceca5be-5939-4277-bfb2-816a30c1be6f func=job_orchestration.executor.query.spider_search_task.search_without_channel input_send_start=510309696 input_send_end=510309696 input_send_duration_ms=0 bytes=612
[2026-02-03 01:11:07.488] [info] [spider.worker] [TIMING] task_id=aceca5be-5939-4277-bfb2-816a30c1be6f func=job_orchestration.executor.query.spider_search_task.search_without_channel spawn_start=510309696 spawn_end=510309696 spawn_duration_ms=0
[2026-02-03 01:11:08.675] [info] [spider.worker] [TIMING] task_id=aceca5be-5939-4277-bfb2-816a30c1be6f func=job_orchestration.executor.query.spider_search_task.search_without_channel execution_start=510309696 execution_end=510310883 execution_duration_ms=1187
[2026-02-03 01:11:08.677] [info] [spider.worker] [TIMING] task_id=aceca5be-5939-4277-bfb2-816a30c1be6f func=job_orchestration.executor.query.spider_search_task.search_without_channel storage_connect_start=510310883 storage_connect_end=510310886 storage_connect_duration_ms=2 phase=handle_result
[2026-02-03 01:11:08.686] [info] [spider.worker] [TIMING] task_id=aceca5be-5939-4277-bfb2-816a30c1be6f func=job_orchestration.executor.query.spider_search_task.search_without_channel submit_output_start=510310886 submit_output_end=510310894 submit_output_duration_ms=8
[2026-02-03 01:11:08.703] [info] [spider.worker] [TIMING] worker_id=0a8fe0c6-ecb3-4c70-a103-297a58ab0749 task_id=cb814863-737b-4e31-9ed1-cea317e92e80 get_next_task request_start=510310897 connect_end=510310898 send_end=510310898 receive_end=510310898 connect_duration_ms=1 send_duration_ms=0 receive_duration_ms=0 total_duration_ms=1
[2026-02-03 01:11:08.704] [info] [spider.worker] [TIMING] task_id=cb814863-737b-4e31-9ed1-cea317e92e80 storage_connect_start=510310911 storage_connect_end=510310913 storage_connect_duration_ms=1 phase=pre_execution
[2026-02-03 01:11:08.705] [info] [spider.worker] [TIMING] task_id=cb814863-737b-4e31-9ed1-cea317e92e80 func=job_orchestration.executor.query.spider_search_task.search_without_channel fetch_input_start=510310913 fetch_input_end=510310914 fetch_input_duration_ms=0
[2026-02-03 01:11:08.706] [info] [spider.worker] [TIMING] task_id=cb814863-737b-4e31-9ed1-cea317e92e80 func=job_orchestration.executor.query.spider_search_task.search_without_channel input_send_start=510310914 input_send_end=510310914 input_send_duration_ms=0 bytes=612
[2026-02-03 01:11:08.706] [info] [spider.worker] [TIMING] task_id=cb814863-737b-4e31-9ed1-cea317e92e80 func=job_orchestration.executor.query.spider_search_task.search_without_channel spawn_start=510310914 spawn_end=510310914 spawn_duration_ms=0
[2026-02-03 01:11:10.207] [info] [spider.worker] [TIMING] task_id=cb814863-737b-4e31-9ed1-cea317e92e80 func=job_orchestration.executor.query.spider_search_task.search_without_channel execution_start=510310914 execution_end=510312415 execution_duration_ms=1501
[2026-02-03 01:11:10.209] [info] [spider.worker] [TIMING] task_id=cb814863-737b-4e31-9ed1-cea317e92e80 func=job_orchestration.executor.query.spider_search_task.search_without_channel storage_connect_start=510312415 storage_connect_end=510312417 storage_connect_duration_ms=1 phase=handle_result
[2026-02-03 01:11:10.228] [info] [spider.worker] [TIMING] task_id=cb814863-737b-4e31-9ed1-cea317e92e80 func=job_orchestration.executor.query.spider_search_task.search_without_channel submit_output_start=510312417 submit_output_end=510312436 submit_output_duration_ms=18
[2026-02-03 01:11:10.265] [info] [spider.worker] [TIMING] worker_id=0a8fe0c6-ecb3-4c70-a103-297a58ab0749 task_id=611700d4-44fd-411c-9e59-4aeef3d09395 get_next_task request_start=510312438 connect_end=510312439 send_end=510312439 receive_end=510312439 connect_duration_ms=1 send_duration_ms=0 receive_duration_ms=0 total_duration_ms=1
[2026-02-03 01:11:10.267] [info] [spider.worker] [TIMING] task_id=611700d4-44fd-411c-9e59-4aeef3d09395 storage_connect_start=510312474 storage_connect_end=510312476 storage_connect_duration_ms=1 phase=pre_execution
[2026-02-03 01:11:10.268] [info] [spider.worker] [TIMING] task_id=611700d4-44fd-411c-9e59-4aeef3d09395 func=job_orchestration.executor.query.spider_search_task.search_without_channel fetch_input_start=510312476 fetch_input_end=510312477 fetch_input_duration_ms=1
[2026-02-03 01:11:10.269] [info] [spider.worker] [TIMING] task_id=611700d4-44fd-411c-9e59-4aeef3d09395 func=job_orchestration.executor.query.spider_search_task.search_without_channel input_send_start=510312477 input_send_end=510312477 input_send_duration_ms=0 bytes=612
[2026-02-03 01:11:10.269] [info] [spider.worker] [TIMING] task_id=611700d4-44fd-411c-9e59-4aeef3d09395 func=job_orchestration.executor.query.spider_search_task.search_without_channel spawn_start=510312477 spawn_end=510312477 spawn_duration_ms=0
[2026-02-03 01:11:11.421] [info] [spider.worker] [TIMING] task_id=611700d4-44fd-411c-9e59-4aeef3d09395 func=job_orchestration.executor.query.spider_search_task.search_without_channel execution_start=510312478 execution_end=510313630 execution_duration_ms=1151
[2026-02-03 01:11:11.423] [info] [spider.worker] [TIMING] task_id=611700d4-44fd-411c-9e59-4aeef3d09395 func=job_orchestration.executor.query.spider_search_task.search_without_channel storage_connect_start=510313630 storage_connect_end=510313631 storage_connect_duration_ms=1 phase=handle_result
[2026-02-03 01:11:11.452] [info] [spider.worker] [TIMING] task_id=611700d4-44fd-411c-9e59-4aeef3d09395 func=job_orchestration.executor.query.spider_search_task.search_without_channel submit_output_start=510313631 submit_output_end=510313660 submit_output_duration_ms=28
[2026-02-03 01:11:11.470] [info] [spider.worker] [TIMING] worker_id=0a8fe0c6-ecb3-4c70-a103-297a58ab0749 task_id=ad5333c2-3b57-4973-9e85-e205dc619e2e get_next_task request_start=510313662 connect_end=510313664 send_end=510313664 receive_end=510313664 connect_duration_ms=1 send_duration_ms=0 receive_duration_ms=0 total_duration_ms=1
[2026-02-03 01:11:11.472] [info] [spider.worker] [TIMING] task_id=ad5333c2-3b57-4973-9e85-e205dc619e2e storage_connect_start=510313678 storage_connect_end=510313680 storage_connect_duration_ms=1 phase=pre_execution
[2026-02-03 01:11:11.473] [info] [spider.worker] [TIMING] task_id=ad5333c2-3b57-4973-9e85-e205dc619e2e func=job_orchestration.executor.query.spider_search_task.search_without_channel fetch_input_start=510313680 fetch_input_end=510313681 fetch_input_duration_ms=1
[2026-02-03 01:11:11.473] [info] [spider.worker] [TIMING] task_id=ad5333c2-3b57-4973-9e85-e205dc619e2e func=job_orchestration.executor.query.spider_search_task.search_without_channel input_send_start=510313682 input_send_end=510313682 input_send_duration_ms=0 bytes=612
[2026-02-03 01:11:11.473] [info] [spider.worker] [TIMING] task_id=ad5333c2-3b57-4973-9e85-e205dc619e2e func=job_orchestration.executor.query.spider_search_task.search_without_channel spawn_start=510313681 spawn_end=510313682 spawn_duration_ms=0
[2026-02-03 01:11:12.899] [info] [spider.worker] [TIMING] task_id=ad5333c2-3b57-4973-9e85-e205dc619e2e func=job_orchestration.executor.query.spider_search_task.search_without_channel execution_start=510313682 execution_end=510315107 execution_duration_ms=1424
[2026-02-03 01:11:12.900] [info] [spider.worker] [TIMING] task_id=ad5333c2-3b57-4973-9e85-e205dc619e2e func=job_orchestration.executor.query.spider_search_task.search_without_channel storage_connect_start=510315107 storage_connect_end=510315109 storage_connect_duration_ms=1 phase=handle_result
[2026-02-03 01:11:12.928] [info] [spider.worker] [TIMING] task_id=ad5333c2-3b57-4973-9e85-e205dc619e2e func=job_orchestration.executor.query.spider_search_task.search_without_channel submit_output_start=510315109 submit_output_end=510315137 submit_output_duration_ms=28
[2026-02-03 01:11:12.963] [info] [spider.worker] [TIMING] worker_id=0a8fe0c6-ecb3-4c70-a103-297a58ab0749 task_id=2d9706bf-7a9d-46d4-b824-06544ab2692a get_next_task request_start=510315139 connect_end=510315140 send_end=510315140 receive_end=510315140 connect_duration_ms=1 send_duration_ms=0 receive_duration_ms=0 total_duration_ms=1
[2026-02-03 01:11:12.965] [info] [spider.worker] [TIMING] task_id=2d9706bf-7a9d-46d4-b824-06544ab2692a storage_connect_start=510315172 storage_connect_end=510315173 storage_connect_duration_ms=1 phase=pre_execution
[2026-02-03 01:11:12.966] [info] [spider.worker] [TIMING] task_id=2d9706bf-7a9d-46d4-b824-06544ab2692a func=job_orchestration.executor.query.spider_search_task.search_without_channel fetch_input_start=510315173 fetch_input_end=510315174 fetch_input_duration_ms=0
[2026-02-03 01:11:12.967] [info] [spider.worker] [TIMING] task_id=2d9706bf-7a9d-46d4-b824-06544ab2692a func=job_orchestration.executor.query.spider_search_task.search_without_channel input_send_start=510315175 input_send_end=510315175 input_send_duration_ms=0 bytes=612
[2026-02-03 01:11:12.967] [info] [spider.worker] [TIMING] task_id=2d9706bf-7a9d-46d4-b824-06544ab2692a func=job_orchestration.executor.query.spider_search_task.search_without_channel spawn_start=510315174 spawn_end=510315175 spawn_duration_ms=0
[2026-02-03 01:11:14.573] [info] [spider.worker] [TIMING] task_id=2d9706bf-7a9d-46d4-b824-06544ab2692a func=job_orchestration.executor.query.spider_search_task.search_without_channel execution_start=510315175 execution_end=510316781 execution_duration_ms=1606
[2026-02-03 01:11:14.575] [info] [spider.worker] [TIMING] task_id=2d9706bf-7a9d-46d4-b824-06544ab2692a func=job_orchestration.executor.query.spider_search_task.search_without_channel storage_connect_start=510316781 storage_connect_end=510316783 storage_connect_duration_ms=2 phase=handle_result
[2026-02-03 01:11:14.587] [info] [spider.worker] [TIMING] task_id=2d9706bf-7a9d-46d4-b824-06544ab2692a func=job_orchestration.executor.query.spider_search_task.search_without_channel submit_output_start=510316783 submit_output_end=510316795 submit_output_duration_ms=11
[2026-02-03 01:11:14.625] [info] [spider.worker] [TIMING] worker_id=0a8fe0c6-ecb3-4c70-a103-297a58ab0749 task_id=04cc8179-91ce-40b2-9c7c-209e47e7cd1e get_next_task request_start=510316798 connect_end=510316799 send_end=510316799 receive_end=510316799 connect_duration_ms=1 send_duration_ms=0 receive_duration_ms=0 total_duration_ms=1
[2026-02-03 01:11:14.627] [info] [spider.worker] [TIMING] task_id=04cc8179-91ce-40b2-9c7c-209e47e7cd1e storage_connect_start=510316834 storage_connect_end=510316835 storage_connect_duration_ms=1 phase=pre_execution
[2026-02-03 01:11:14.628] [info] [spider.worker] [TIMING] task_id=04cc8179-91ce-40b2-9c7c-209e47e7cd1e func=job_orchestration.executor.query.spider_search_task.search_without_channel fetch_input_start=510316835 fetch_input_end=510316836 fetch_input_duration_ms=1
[2026-02-03 01:11:14.629] [info] [spider.worker] [TIMING] task_id=04cc8179-91ce-40b2-9c7c-209e47e7cd1e func=job_orchestration.executor.query.spider_search_task.search_without_channel input_send_start=510316837 input_send_end=510316837 input_send_duration_ms=0 bytes=612
[2026-02-03 01:11:14.629] [info] [spider.worker] [TIMING] task_id=04cc8179-91ce-40b2-9c7c-209e47e7cd1e func=job_orchestration.executor.query.spider_search_task.search_without_channel spawn_start=510316837 spawn_end=510316837 spawn_duration_ms=0
[2026-02-03 01:11:15.967] [info] [spider.worker] [TIMING] task_id=04cc8179-91ce-40b2-9c7c-209e47e7cd1e func=job_orchestration.executor.query.spider_search_task.search_without_channel execution_start=510316837 execution_end=510318176 execution_duration_ms=1338
[2026-02-03 01:11:15.969] [info] [spider.worker] [TIMING] task_id=04cc8179-91ce-40b2-9c7c-209e47e7cd1e func=job_orchestration.executor.query.spider_search_task.search_without_channel storage_connect_start=510318176 storage_connect_end=510318177 storage_connect_duration_ms=1 phase=handle_result
[2026-02-03 01:11:15.996] [info] [spider.worker] [TIMING] task_id=04cc8179-91ce-40b2-9c7c-209e47e7cd1e func=job_orchestration.executor.query.spider_search_task.search_without_channel submit_output_start=510318177 submit_output_end=510318204 submit_output_duration_ms=27
[2026-02-03 01:11:16.012] [info] [spider.worker] [TIMING] worker_id=0a8fe0c6-ecb3-4c70-a103-297a58ab0749 task_id=61fbc8eb-ff0c-4402-935a-6c4f623f953a get_next_task request_start=510318207 connect_end=510318208 send_end=510318208 receive_end=510318208 connect_duration_ms=1 send_duration_ms=0 receive_duration_ms=0 total_duration_ms=1
[2026-02-03 01:11:16.015] [info] [spider.worker] [TIMING] task_id=61fbc8eb-ff0c-4402-935a-6c4f623f953a storage_connect_start=510318221 storage_connect_end=510318223 storage_connect_duration_ms=1 phase=pre_execution
[2026-02-03 01:11:16.016] [info] [spider.worker] [TIMING] task_id=61fbc8eb-ff0c-4402-935a-6c4f623f953a func=job_orchestration.executor.query.spider_search_task.search_without_channel fetch_input_start=510318223 fetch_input_end=510318224 fetch_input_duration_ms=1
[2026-02-03 01:11:16.016] [info] [spider.worker] [TIMING] task_id=61fbc8eb-ff0c-4402-935a-6c4f623f953a func=job_orchestration.executor.query.spider_search_task.search_without_channel input_send_start=510318225 input_send_end=510318225 input_send_duration_ms=0 bytes=612
[2026-02-03 01:11:16.016] [info] [spider.worker] [TIMING] task_id=61fbc8eb-ff0c-4402-935a-6c4f623f953a func=job_orchestration.executor.query.spider_search_task.search_without_channel spawn_start=510318224 spawn_end=510318225 spawn_duration_ms=0
[2026-02-03 01:11:17.656] [info] [spider.worker] [TIMING] task_id=61fbc8eb-ff0c-4402-935a-6c4f623f953a func=job_orchestration.executor.query.spider_search_task.search_without_channel execution_start=510318225 execution_end=510319864 execution_duration_ms=1639
[2026-02-03 01:11:17.657] [info] [spider.worker] [TIMING] task_id=61fbc8eb-ff0c-4402-935a-6c4f623f953a func=job_orchestration.executor.query.spider_search_task.search_without_channel storage_connect_start=510319864 storage_connect_end=510319866 storage_connect_duration_ms=1 phase=handle_result
[2026-02-03 01:11:17.691] [info] [spider.worker] [TIMING] task_id=61fbc8eb-ff0c-4402-935a-6c4f623f953a func=job_orchestration.executor.query.spider_search_task.search_without_channel submit_output_start=510319866 submit_output_end=510319900 submit_output_duration_ms=33
[2026-02-03 01:11:17.713] [info] [spider.worker] [TIMING] worker_id=0a8fe0c6-ecb3-4c70-a103-297a58ab0749 task_id=7458644b-6c0d-47d4-be51-0607f2b71887 get_next_task request_start=510319902 connect_end=510319903 send_end=510319903 receive_end=510319903 connect_duration_ms=1 send_duration_ms=0 receive_duration_ms=0 total_duration_ms=1
[2026-02-03 01:11:17.714] [info] [spider.worker] [TIMING] task_id=7458644b-6c0d-47d4-be51-0607f2b71887 storage_connect_start=510319921 storage_connect_end=510319923 storage_connect_duration_ms=1 phase=pre_execution
[2026-02-03 01:11:17.715] [info] [spider.worker] [TIMING] task_id=7458644b-6c0d-47d4-be51-0607f2b71887 func=job_orchestration.executor.query.spider_search_task.search_without_channel fetch_input_start=510319923 fetch_input_end=510319924 fetch_input_duration_ms=0
[2026-02-03 01:11:17.716] [info] [spider.worker] [TIMING] task_id=7458644b-6c0d-47d4-be51-0607f2b71887 func=job_orchestration.executor.query.spider_search_task.search_without_channel input_send_start=510319924 input_send_end=510319924 input_send_duration_ms=0 bytes=612
[2026-02-03 01:11:17.716] [info] [spider.worker] [TIMING] task_id=7458644b-6c0d-47d4-be51-0607f2b71887 func=job_orchestration.executor.query.spider_search_task.search_without_channel spawn_start=510319924 spawn_end=510319924 spawn_duration_ms=0
[2026-02-03 01:11:19.235] [info] [spider.worker] [TIMING] task_id=7458644b-6c0d-47d4-be51-0607f2b71887 func=job_orchestration.executor.query.spider_search_task.search_without_channel execution_start=510319924 execution_end=510321444 execution_duration_ms=1519
[2026-02-03 01:11:19.237] [info] [spider.worker] [TIMING] task_id=7458644b-6c0d-47d4-be51-0607f2b71887 func=job_orchestration.executor.query.spider_search_task.search_without_channel storage_connect_start=510321444 storage_connect_end=510321446 storage_connect_duration_ms=1 phase=handle_result
[2026-02-03 01:11:19.287] [info] [spider.worker] [TIMING] task_id=7458644b-6c0d-47d4-be51-0607f2b71887 func=job_orchestration.executor.query.spider_search_task.search_without_channel submit_output_start=510321446 submit_output_end=510321496 submit_output_duration_ms=50
[2026-02-03 01:11:19.321] [info] [spider.worker] [TIMING] worker_id=0a8fe0c6-ecb3-4c70-a103-297a58ab0749 task_id=8118738c-6398-44d0-892d-1141443c483b get_next_task request_start=510321498 connect_end=510321500 send_end=510321500 receive_end=510321500 connect_duration_ms=1 send_duration_ms=0 receive_duration_ms=0 total_duration_ms=1
[2026-02-03 01:11:19.323] [info] [spider.worker] [TIMING] task_id=8118738c-6398-44d0-892d-1141443c483b storage_connect_start=510321530 storage_connect_end=510321532 storage_connect_duration_ms=1 phase=pre_execution
[2026-02-03 01:11:19.324] [info] [spider.worker] [TIMING] task_id=8118738c-6398-44d0-892d-1141443c483b func=job_orchestration.executor.query.spider_search_task.search_without_channel fetch_input_start=510321532 fetch_input_end=510321533 fetch_input_duration_ms=1
[2026-02-03 01:11:19.325] [info] [spider.worker] [TIMING] task_id=8118738c-6398-44d0-892d-1141443c483b func=job_orchestration.executor.query.spider_search_task.search_without_channel input_send_start=510321533 input_send_end=510321533 input_send_duration_ms=0 bytes=612
[2026-02-03 01:11:19.325] [info] [spider.worker] [TIMING] task_id=8118738c-6398-44d0-892d-1141443c483b func=job_orchestration.executor.query.spider_search_task.search_without_channel spawn_start=510321533 spawn_end=510321533 spawn_duration_ms=0
[2026-02-03 01:11:20.788] [info] [spider.worker] [TIMING] task_id=8118738c-6398-44d0-892d-1141443c483b func=job_orchestration.executor.query.spider_search_task.search_without_channel execution_start=510321534 execution_end=510322997 execution_duration_ms=1463
[2026-02-03 01:11:20.790] [info] [spider.worker] [TIMING] task_id=8118738c-6398-44d0-892d-1141443c483b func=job_orchestration.executor.query.spider_search_task.search_without_channel storage_connect_start=510322997 storage_connect_end=510322999 storage_connect_duration_ms=2 phase=handle_result
[2026-02-03 01:11:20.816] [info] [spider.worker] [TIMING] task_id=8118738c-6398-44d0-892d-1141443c483b func=job_orchestration.executor.query.spider_search_task.search_without_channel submit_output_start=510322999 submit_output_end=510323024 submit_output_duration_ms=25
[2026-02-03 01:11:20.838] [info] [spider.worker] [TIMING] worker_id=0a8fe0c6-ecb3-4c70-a103-297a58ab0749 task_id=6672433b-a5c0-4397-93a4-408524b71231 get_next_task request_start=510323027 connect_end=510323028 send_end=510323028 receive_end=510323028 connect_duration_ms=1 send_duration_ms=0 receive_duration_ms=0 total_duration_ms=1
[2026-02-03 01:11:20.840] [info] [spider.worker] [TIMING] task_id=6672433b-a5c0-4397-93a4-408524b71231 storage_connect_start=510323046 storage_connect_end=510323048 storage_connect_duration_ms=1 phase=pre_execution
[2026-02-03 01:11:20.841] [info] [spider.worker] [TIMING] task_id=6672433b-a5c0-4397-93a4-408524b71231 func=job_orchestration.executor.query.spider_search_task.search_without_channel fetch_input_start=510323048 fetch_input_end=510323049 fetch_input_duration_ms=1
[2026-02-03 01:11:20.842] [info] [spider.worker] [TIMING] task_id=6672433b-a5c0-4397-93a4-408524b71231 func=job_orchestration.executor.query.spider_search_task.search_without_channel input_send_start=510323050 input_send_end=510323050 input_send_duration_ms=0 bytes=612
[2026-02-03 01:11:20.842] [info] [spider.worker] [TIMING] task_id=6672433b-a5c0-4397-93a4-408524b71231 func=job_orchestration.executor.query.spider_search_task.search_without_channel spawn_start=510323050 spawn_end=510323050 spawn_duration_ms=0
[2026-02-03 01:11:22.355] [info] [spider.worker] [TIMING] task_id=6672433b-a5c0-4397-93a4-408524b71231 func=job_orchestration.executor.query.spider_search_task.search_without_channel execution_start=510323050 execution_end=510324563 execution_duration_ms=1512
[2026-02-03 01:11:22.356] [info] [spider.worker] [TIMING] task_id=6672433b-a5c0-4397-93a4-408524b71231 func=job_orchestration.executor.query.spider_search_task.search_without_channel storage_connect_start=510324563 storage_connect_end=510324565 storage_connect_duration_ms=1 phase=handle_result
[2026-02-03 01:11:22.372] [info] [spider.worker] [TIMING] task_id=6672433b-a5c0-4397-93a4-408524b71231 func=job_orchestration.executor.query.spider_search_task.search_without_channel submit_output_start=510324565 submit_output_end=510324580 submit_output_duration_ms=15
[2026-02-03 01:11:22.388] [info] [spider.worker] [TIMING] worker_id=0a8fe0c6-ecb3-4c70-a103-297a58ab0749 task_id=cfa7ca2c-596d-4563-8c14-b860961d639f get_next_task request_start=510324583 connect_end=510324584 send_end=510324584 receive_end=510324584 connect_duration_ms=1 send_duration_ms=0 receive_duration_ms=0 total_duration_ms=1
[2026-02-03 01:11:22.390] [info] [spider.worker] [TIMING] task_id=cfa7ca2c-596d-4563-8c14-b860961d639f storage_connect_start=510324597 storage_connect_end=510324599 storage_connect_duration_ms=1 phase=pre_execution
[2026-02-03 01:11:22.392] [info] [spider.worker] [TIMING] task_id=cfa7ca2c-596d-4563-8c14-b860961d639f func=job_orchestration.executor.query.spider_search_task.search_without_channel fetch_input_start=510324599 fetch_input_end=510324600 fetch_input_duration_ms=1
[2026-02-03 01:11:22.392] [info] [spider.worker] [TIMING] task_id=cfa7ca2c-596d-4563-8c14-b860961d639f func=job_orchestration.executor.query.spider_search_task.search_without_channel input_send_start=510324601 input_send_end=510324601 input_send_duration_ms=0 bytes=612
[2026-02-03 01:11:22.392] [info] [spider.worker] [TIMING] task_id=cfa7ca2c-596d-4563-8c14-b860961d639f func=job_orchestration.executor.query.spider_search_task.search_without_channel spawn_start=510324600 spawn_end=510324601 spawn_duration_ms=0
[2026-02-03 01:11:23.755] [info] [spider.worker] [TIMING] task_id=cfa7ca2c-596d-4563-8c14-b860961d639f func=job_orchestration.executor.query.spider_search_task.search_without_channel execution_start=510324601 execution_end=510325963 execution_duration_ms=1362
[2026-02-03 01:11:23.756] [info] [spider.worker] [TIMING] task_id=cfa7ca2c-596d-4563-8c14-b860961d639f func=job_orchestration.executor.query.spider_search_task.search_without_channel storage_connect_start=510325963 storage_connect_end=510325965 storage_connect_duration_ms=1 phase=handle_result
[2026-02-03 01:11:23.797] [info] [spider.worker] [TIMING] task_id=cfa7ca2c-596d-4563-8c14-b860961d639f func=job_orchestration.executor.query.spider_search_task.search_without_channel submit_output_start=510325965 submit_output_end=510326005 submit_output_duration_ms=40
[2026-02-03 01:11:23.848] [info] [spider.worker] [TIMING] worker_id=0a8fe0c6-ecb3-4c70-a103-297a58ab0749 task_id=88b63c27-d8ed-4c02-9643-a0ca1a62cacc get_next_task request_start=510326007 connect_end=510326009 send_end=510326009 receive_end=510326009 connect_duration_ms=1 send_duration_ms=0 receive_duration_ms=0 total_duration_ms=1
[2026-02-03 01:11:23.850] [info] [spider.worker] [TIMING] task_id=88b63c27-d8ed-4c02-9643-a0ca1a62cacc storage_connect_start=510326057 storage_connect_end=510326058 storage_connect_duration_ms=1 phase=pre_execution
[2026-02-03 01:11:23.851] [info] [spider.worker] [TIMING] task_id=88b63c27-d8ed-4c02-9643-a0ca1a62cacc func=job_orchestration.executor.query.spider_search_task.search_without_channel fetch_input_start=510326058 fetch_input_end=510326059 fetch_input_duration_ms=0
[2026-02-03 01:11:23.851] [info] [spider.worker] [TIMING] task_id=88b63c27-d8ed-4c02-9643-a0ca1a62cacc func=job_orchestration.executor.query.spider_search_task.search_without_channel input_send_start=510326059 input_send_end=510326059 input_send_duration_ms=0 bytes=612
[2026-02-03 01:11:23.851] [info] [spider.worker] [TIMING] task_id=88b63c27-d8ed-4c02-9643-a0ca1a62cacc func=job_orchestration.executor.query.spider_search_task.search_without_channel spawn_start=510326059 spawn_end=510326059 spawn_duration_ms=0
[2026-02-03 01:11:25.213] [info] [spider.worker] [TIMING] task_id=88b63c27-d8ed-4c02-9643-a0ca1a62cacc func=job_orchestration.executor.query.spider_search_task.search_without_channel execution_start=510326060 execution_end=510327422 execution_duration_ms=1361
[2026-02-03 01:11:25.228] [info] [spider.worker] [TIMING] task_id=88b63c27-d8ed-4c02-9643-a0ca1a62cacc func=job_orchestration.executor.query.spider_search_task.search_without_channel storage_connect_start=510327422 storage_connect_end=510327437 storage_connect_duration_ms=15 phase=handle_result
[2026-02-03 01:11:25.247] [info] [spider.worker] [TIMING] task_id=88b63c27-d8ed-4c02-9643-a0ca1a62cacc func=job_orchestration.executor.query.spider_search_task.search_without_channel submit_output_start=510327437 submit_output_end=510327456 submit_output_duration_ms=18
[2026-02-03 01:11:25.286] [info] [spider.worker] [TIMING] worker_id=0a8fe0c6-ecb3-4c70-a103-297a58ab0749 task_id=2b43e73c-5cc2-429b-b378-7dd8b623b070 get_next_task request_start=510327458 connect_end=510327459 send_end=510327459 receive_end=510327459 connect_duration_ms=1 send_duration_ms=0 receive_duration_ms=0 total_duration_ms=1
[2026-02-03 01:11:25.288] [info] [spider.worker] [TIMING] task_id=2b43e73c-5cc2-429b-b378-7dd8b623b070 storage_connect_start=510327494 storage_connect_end=510327496 storage_connect_duration_ms=1 phase=pre_execution
[2026-02-03 01:11:25.288] [info] [spider.worker] [TIMING] task_id=2b43e73c-5cc2-429b-b378-7dd8b623b070 func=job_orchestration.executor.query.spider_search_task.search_without_channel fetch_input_start=510327496 fetch_input_end=510327497 fetch_input_duration_ms=0
[2026-02-03 01:11:25.289] [info] [spider.worker] [TIMING] task_id=2b43e73c-5cc2-429b-b378-7dd8b623b070 func=job_orchestration.executor.query.spider_search_task.search_without_channel input_send_start=510327497 input_send_end=510327497 input_send_duration_ms=0 bytes=612
[2026-02-03 01:11:25.289] [info] [spider.worker] [TIMING] task_id=2b43e73c-5cc2-429b-b378-7dd8b623b070 func=job_orchestration.executor.query.spider_search_task.search_without_channel spawn_start=510327497 spawn_end=510327497 spawn_duration_ms=0
[2026-02-03 01:11:26.505] [info] [spider.worker] [TIMING] task_id=2b43e73c-5cc2-429b-b378-7dd8b623b070 func=job_orchestration.executor.query.spider_search_task.search_without_channel execution_start=510327498 execution_end=510328713 execution_duration_ms=1215
[2026-02-03 01:11:26.507] [info] [spider.worker] [TIMING] task_id=2b43e73c-5cc2-429b-b378-7dd8b623b070 func=job_orchestration.executor.query.spider_search_task.search_without_channel storage_connect_start=510328713 storage_connect_end=510328715 storage_connect_duration_ms=1 phase=handle_result
[2026-02-03 01:11:26.530] [info] [spider.worker] [TIMING] task_id=2b43e73c-5cc2-429b-b378-7dd8b623b070 func=job_orchestration.executor.query.spider_search_task.search_without_channel submit_output_start=510328715 submit_output_end=510328739 submit_output_duration_ms=23
[2026-02-03 01:11:26.547] [info] [spider.worker] [TIMING] worker_id=0a8fe0c6-ecb3-4c70-a103-297a58ab0749 task_id=a7a3e247-d4b8-4be1-af91-3ffcbc7eca02 get_next_task request_start=510328741 connect_end=510328742 send_end=510328742 receive_end=510328742 connect_duration_ms=1 send_duration_ms=0 receive_duration_ms=0 total_duration_ms=1
[2026-02-03 01:11:26.549] [info] [spider.worker] [TIMING] task_id=a7a3e247-d4b8-4be1-af91-3ffcbc7eca02 storage_connect_start=510328756 storage_connect_end=510328758 storage_connect_duration_ms=1 phase=pre_execution
[2026-02-03 01:11:26.550] [info] [spider.worker] [TIMING] task_id=a7a3e247-d4b8-4be1-af91-3ffcbc7eca02 func=job_orchestration.executor.query.spider_search_task.search_without_channel fetch_input_start=510328758 fetch_input_end=510328759 fetch_input_duration_ms=0
[2026-02-03 01:11:26.551] [info] [spider.worker] [TIMING] task_id=a7a3e247-d4b8-4be1-af91-3ffcbc7eca02 func=job_orchestration.executor.query.spider_search_task.search_without_channel input_send_start=510328759 input_send_end=510328759 input_send_duration_ms=0 bytes=612
[2026-02-03 01:11:26.551] [info] [spider.worker] [TIMING] task_id=a7a3e247-d4b8-4be1-af91-3ffcbc7eca02 func=job_orchestration.executor.query.spider_search_task.search_without_channel spawn_start=510328759 spawn_end=510328759 spawn_duration_ms=0
[2026-02-03 01:11:27.926] [info] [spider.worker] [TIMING] task_id=a7a3e247-d4b8-4be1-af91-3ffcbc7eca02 func=job_orchestration.executor.query.spider_search_task.search_without_channel execution_start=510328760 execution_end=510330135 execution_duration_ms=1375
[2026-02-03 01:11:27.942] [info] [spider.worker] [TIMING] task_id=a7a3e247-d4b8-4be1-af91-3ffcbc7eca02 func=job_orchestration.executor.query.spider_search_task.search_without_channel storage_connect_start=510330135 storage_connect_end=510330151 storage_connect_duration_ms=15 phase=handle_result
[2026-02-03 01:11:27.975] [info] [spider.worker] [TIMING] task_id=a7a3e247-d4b8-4be1-af91-3ffcbc7eca02 func=job_orchestration.executor.query.spider_search_task.search_without_channel submit_output_start=510330151 submit_output_end=510330183 submit_output_duration_ms=32
[2026-02-03 01:11:27.998] [info] [spider.worker] [TIMING] worker_id=0a8fe0c6-ecb3-4c70-a103-297a58ab0749 task_id=7e8e0404-e29d-47a8-95b2-ec08e3bf8395 get_next_task request_start=510330186 connect_end=510330187 send_end=510330187 receive_end=510330188 connect_duration_ms=1 send_duration_ms=0 receive_duration_ms=0 total_duration_ms=1
[2026-02-03 01:11:28.000] [info] [spider.worker] [TIMING] task_id=7e8e0404-e29d-47a8-95b2-ec08e3bf8395 storage_connect_start=510330206 storage_connect_end=510330208 storage_connect_duration_ms=1 phase=pre_execution
[2026-02-03 01:11:28.001] [info] [spider.worker] [TIMING] task_id=7e8e0404-e29d-47a8-95b2-ec08e3bf8395 func=job_orchestration.executor.query.spider_search_task.search_without_channel fetch_input_start=510330208 fetch_input_end=510330209 fetch_input_duration_ms=0
[2026-02-03 01:11:28.001] [info] [spider.worker] [TIMING] task_id=7e8e0404-e29d-47a8-95b2-ec08e3bf8395 func=job_orchestration.executor.query.spider_search_task.search_without_channel input_send_start=510330210 input_send_end=510330210 input_send_duration_ms=0 bytes=612
[2026-02-03 01:11:28.001] [info] [spider.worker] [TIMING] task_id=7e8e0404-e29d-47a8-95b2-ec08e3bf8395 func=job_orchestration.executor.query.spider_search_task.search_without_channel spawn_start=510330209 spawn_end=510330210 spawn_duration_ms=0
[2026-02-03 01:11:29.319] [info] [spider.worker] [TIMING] task_id=7e8e0404-e29d-47a8-95b2-ec08e3bf8395 func=job_orchestration.executor.query.spider_search_task.search_without_channel execution_start=510330210 execution_end=510331527 execution_duration_ms=1316
[2026-02-03 01:11:29.321] [info] [spider.worker] [TIMING] task_id=7e8e0404-e29d-47a8-95b2-ec08e3bf8395 func=job_orchestration.executor.query.spider_search_task.search_without_channel storage_connect_start=510331527 storage_connect_end=510331529 storage_connect_duration_ms=2 phase=handle_result
[2026-02-03 01:11:29.331] [info] [spider.worker] [TIMING] task_id=7e8e0404-e29d-47a8-95b2-ec08e3bf8395 func=job_orchestration.executor.query.spider_search_task.search_without_channel submit_output_start=510331529 submit_output_end=510331540 submit_output_duration_ms=10
[2026-02-03 01:11:29.348] [info] [spider.worker] [TIMING] worker_id=0a8fe0c6-ecb3-4c70-a103-297a58ab0749 task_id=fed73b4c-d6da-43bb-9f02-a50d57dfffca get_next_task request_start=510331542 connect_end=510331543 send_end=510331543 receive_end=510331543 connect_duration_ms=1 send_duration_ms=0 receive_duration_ms=0 total_duration_ms=1
[2026-02-03 01:11:29.350] [info] [spider.worker] [TIMING] task_id=fed73b4c-d6da-43bb-9f02-a50d57dfffca storage_connect_start=510331556 storage_connect_end=510331558 storage_connect_duration_ms=1 phase=pre_execution
[2026-02-03 01:11:29.351] [info] [spider.worker] [TIMING] task_id=fed73b4c-d6da-43bb-9f02-a50d57dfffca func=job_orchestration.executor.query.spider_search_task.search_without_channel fetch_input_start=510331558 fetch_input_end=510331559 fetch_input_duration_ms=1
[2026-02-03 01:11:29.351] [info] [spider.worker] [TIMING] task_id=fed73b4c-d6da-43bb-9f02-a50d57dfffca func=job_orchestration.executor.query.spider_search_task.search_without_channel input_send_start=510331560 input_send_end=510331560 input_send_duration_ms=0 bytes=612
[2026-02-03 01:11:29.351] [info] [spider.worker] [TIMING] task_id=fed73b4c-d6da-43bb-9f02-a50d57dfffca func=job_orchestration.executor.query.spider_search_task.search_without_channel spawn_start=510331559 spawn_end=510331560 spawn_duration_ms=0
[2026-02-03 01:11:30.687] [info] [spider.worker] [TIMING] task_id=fed73b4c-d6da-43bb-9f02-a50d57dfffca func=job_orchestration.executor.query.spider_search_task.search_without_channel execution_start=510331560 execution_end=510332896 execution_duration_ms=1335
[2026-02-03 01:11:30.689] [info] [spider.worker] [TIMING] task_id=fed73b4c-d6da-43bb-9f02-a50d57dfffca func=job_orchestration.executor.query.spider_search_task.search_without_channel storage_connect_start=510332896 storage_connect_end=510332897 storage_connect_duration_ms=1 phase=handle_result
[2026-02-03 01:11:30.698] [info] [spider.worker] [TIMING] task_id=fed73b4c-d6da-43bb-9f02-a50d57dfffca func=job_orchestration.executor.query.spider_search_task.search_without_channel submit_output_start=510332897 submit_output_end=510332907 submit_output_duration_ms=9
[2026-02-03 01:11:30.715] [info] [spider.worker] [TIMING] worker_id=0a8fe0c6-ecb3-4c70-a103-297a58ab0749 task_id=0dd2d254-e4d3-4b5b-b27b-579005610255 get_next_task request_start=510332909 connect_end=510332911 send_end=510332911 receive_end=510332911 connect_duration_ms=1 send_duration_ms=0 receive_duration_ms=0 total_duration_ms=1
[2026-02-03 01:11:30.717] [info] [spider.worker] [TIMING] task_id=0dd2d254-e4d3-4b5b-b27b-579005610255 storage_connect_start=510332924 storage_connect_end=510332925 storage_connect_duration_ms=1 phase=pre_execution
[2026-02-03 01:11:30.718] [info] [spider.worker] [TIMING] task_id=0dd2d254-e4d3-4b5b-b27b-579005610255 func=job_orchestration.executor.query.spider_search_task.search_without_channel fetch_input_start=510332925 fetch_input_end=510332926 fetch_input_duration_ms=1
[2026-02-03 01:11:30.719] [info] [spider.worker] [TIMING] task_id=0dd2d254-e4d3-4b5b-b27b-579005610255 func=job_orchestration.executor.query.spider_search_task.search_without_channel input_send_start=510332927 input_send_end=510332927 input_send_duration_ms=0 bytes=612
[2026-02-03 01:11:30.719] [info] [spider.worker] [TIMING] task_id=0dd2d254-e4d3-4b5b-b27b-579005610255 func=job_orchestration.executor.query.spider_search_task.search_without_channel spawn_start=510332926 spawn_end=510332927 spawn_duration_ms=0
[2026-02-03 01:11:32.164] [info] [spider.worker] [TIMING] task_id=0dd2d254-e4d3-4b5b-b27b-579005610255 func=job_orchestration.executor.query.spider_search_task.search_without_channel execution_start=510332927 execution_end=510334372 execution_duration_ms=1444
[2026-02-03 01:11:32.165] [info] [spider.worker] [TIMING] task_id=0dd2d254-e4d3-4b5b-b27b-579005610255 func=job_orchestration.executor.query.spider_search_task.search_without_channel storage_connect_start=510334372 storage_connect_end=510334373 storage_connect_duration_ms=1 phase=handle_result
[2026-02-03 01:11:32.190] [info] [spider.worker] [TIMING] task_id=0dd2d254-e4d3-4b5b-b27b-579005610255 func=job_orchestration.executor.query.spider_search_task.search_without_channel submit_output_start=510334373 submit_output_end=510334399 submit_output_duration_ms=25
[2026-02-03 01:11:32.251] [info] [spider.worker] [TIMING] worker_id=0a8fe0c6-ecb3-4c70-a103-297a58ab0749 task_id=19291096-f871-429a-a245-9dfd90b29a11 get_next_task request_start=510334401 connect_end=510334403 send_end=510334403 receive_end=510334403 connect_duration_ms=1 send_duration_ms=0 receive_duration_ms=0 total_duration_ms=1
[2026-02-03 01:11:32.253] [info] [spider.worker] [TIMING] task_id=19291096-f871-429a-a245-9dfd90b29a11 storage_connect_start=510334460 storage_connect_end=510334462 storage_connect_duration_ms=1 phase=pre_execution
[2026-02-03 01:11:32.254] [info] [spider.worker] [TIMING] task_id=19291096-f871-429a-a245-9dfd90b29a11 func=job_orchestration.executor.query.spider_search_task.search_without_channel fetch_input_start=510334462 fetch_input_end=510334463 fetch_input_duration_ms=1
[2026-02-03 01:11:32.255] [info] [spider.worker] [TIMING] task_id=19291096-f871-429a-a245-9dfd90b29a11 func=job_orchestration.executor.query.spider_search_task.search_without_channel input_send_start=510334463 input_send_end=510334463 input_send_duration_ms=0 bytes=612
[2026-02-03 01:11:32.255] [info] [spider.worker] [TIMING] task_id=19291096-f871-429a-a245-9dfd90b29a11 func=job_orchestration.executor.query.spider_search_task.search_without_channel spawn_start=510334463 spawn_end=510334463 spawn_duration_ms=0
[2026-02-03 01:11:33.799] [info] [spider.worker] [TIMING] task_id=19291096-f871-429a-a245-9dfd90b29a11 func=job_orchestration.executor.query.spider_search_task.search_without_channel execution_start=510334464 execution_end=510336007 execution_duration_ms=1543
[2026-02-03 01:11:33.801] [info] [spider.worker] [TIMING] task_id=19291096-f871-429a-a245-9dfd90b29a11 func=job_orchestration.executor.query.spider_search_task.search_without_channel storage_connect_start=510336007 storage_connect_end=510336009 storage_connect_duration_ms=1 phase=handle_result
[2026-02-03 01:11:33.807] [info] [spider.worker] [TIMING] task_id=19291096-f871-429a-a245-9dfd90b29a11 func=job_orchestration.executor.query.spider_search_task.search_without_channel submit_output_start=510336009 submit_output_end=510336016 submit_output_duration_ms=6
[2026-02-03 01:11:33.824] [info] [spider.worker] [TIMING] worker_id=0a8fe0c6-ecb3-4c70-a103-297a58ab0749 task_id=1ca49e2f-8c0a-40b1-80c2-edea5667e6e5 get_next_task request_start=510336018 connect_end=510336020 send_end=510336020 receive_end=510336020 connect_duration_ms=1 send_duration_ms=0 receive_duration_ms=0 total_duration_ms=1
[2026-02-03 01:11:33.826] [info] [spider.worker] [TIMING] task_id=1ca49e2f-8c0a-40b1-80c2-edea5667e6e5 storage_connect_start=510336033 storage_connect_end=510336034 storage_connect_duration_ms=1 phase=pre_execution
[2026-02-03 01:11:33.827] [info] [spider.worker] [TIMING] task_id=1ca49e2f-8c0a-40b1-80c2-edea5667e6e5 func=job_orchestration.executor.query.spider_search_task.search_without_channel fetch_input_start=510336034 fetch_input_end=510336035 fetch_input_duration_ms=1
[2026-02-03 01:11:33.828] [info] [spider.worker] [TIMING] task_id=1ca49e2f-8c0a-40b1-80c2-edea5667e6e5 func=job_orchestration.executor.query.spider_search_task.search_without_channel input_send_start=510336036 input_send_end=510336036 input_send_duration_ms=0 bytes=612
[2026-02-03 01:11:33.828] [info] [spider.worker] [TIMING] task_id=1ca49e2f-8c0a-40b1-80c2-edea5667e6e5 func=job_orchestration.executor.query.spider_search_task.search_without_channel spawn_start=510336035 spawn_end=510336036 spawn_duration_ms=0
[2026-02-03 01:11:35.415] [info] [spider.worker] [TIMING] task_id=1ca49e2f-8c0a-40b1-80c2-edea5667e6e5 func=job_orchestration.executor.query.spider_search_task.search_without_channel execution_start=510336036 execution_end=510337623 execution_duration_ms=1586
[2026-02-03 01:11:35.416] [info] [spider.worker] [TIMING] task_id=1ca49e2f-8c0a-40b1-80c2-edea5667e6e5 func=job_orchestration.executor.query.spider_search_task.search_without_channel storage_connect_start=510337623 storage_connect_end=510337624 storage_connect_duration_ms=1 phase=handle_result
[2026-02-03 01:11:35.445] [info] [spider.worker] [TIMING] task_id=1ca49e2f-8c0a-40b1-80c2-edea5667e6e5 func=job_orchestration.executor.query.spider_search_task.search_without_channel submit_output_start=510337624 submit_output_end=510337653 submit_output_duration_ms=28
[2026-02-03 01:11:35.458] [info] [spider.worker] [TIMING] worker_id=0a8fe0c6-ecb3-4c70-a103-297a58ab0749 task_id=2b901b71-716e-4d3d-9f63-8bf52a6da3d5 get_next_task request_start=510337655 connect_end=510337657 send_end=510337657 receive_end=510337657 connect_duration_ms=1 send_duration_ms=0 receive_duration_ms=0 total_duration_ms=1
[2026-02-03 01:11:35.459] [info] [spider.worker] [TIMING] task_id=2b901b71-716e-4d3d-9f63-8bf52a6da3d5 storage_connect_start=510337666 storage_connect_end=510337668 storage_connect_duration_ms=1 phase=pre_execution
[2026-02-03 01:11:35.460] [info] [spider.worker] [TIMING] task_id=2b901b71-716e-4d3d-9f63-8bf52a6da3d5 func=job_orchestration.executor.query.spider_search_task.search_without_channel fetch_input_start=510337668 fetch_input_end=510337669 fetch_input_duration_ms=0
[2026-02-03 01:11:35.461] [info] [spider.worker] [TIMING] task_id=2b901b71-716e-4d3d-9f63-8bf52a6da3d5 func=job_orchestration.executor.query.spider_search_task.search_without_channel input_send_start=510337669 input_send_end=510337669 input_send_duration_ms=0 bytes=612
[2026-02-03 01:11:35.461] [info] [spider.worker] [TIMING] task_id=2b901b71-716e-4d3d-9f63-8bf52a6da3d5 func=job_orchestration.executor.query.spider_search_task.search_without_channel spawn_start=510337669 spawn_end=510337669 spawn_duration_ms=0
[2026-02-03 01:11:37.080] [info] [spider.worker] [TIMING] task_id=2b901b71-716e-4d3d-9f63-8bf52a6da3d5 func=job_orchestration.executor.query.spider_search_task.search_without_channel execution_start=510337669 execution_end=510339288 execution_duration_ms=1618
[2026-02-03 01:11:37.082] [info] [spider.worker] [TIMING] task_id=2b901b71-716e-4d3d-9f63-8bf52a6da3d5 func=job_orchestration.executor.query.spider_search_task.search_without_channel storage_connect_start=510339288 storage_connect_end=510339290 storage_connect_duration_ms=2 phase=handle_result
[2026-02-03 01:11:37.100] [info] [spider.worker] [TIMING] task_id=2b901b71-716e-4d3d-9f63-8bf52a6da3d5 func=job_orchestration.executor.query.spider_search_task.search_without_channel submit_output_start=510339290 submit_output_end=510339308 submit_output_duration_ms=17
[2026-02-03 01:11:37.116] [info] [spider.worker] [TIMING] worker_id=0a8fe0c6-ecb3-4c70-a103-297a58ab0749 task_id=8e2915aa-55d2-4078-8bd2-5dea0799ad6f get_next_task request_start=510339310 connect_end=510339312 send_end=510339312 receive_end=510339312 connect_duration_ms=1 send_duration_ms=0 receive_duration_ms=0 total_duration_ms=1
[2026-02-03 01:11:37.118] [info] [spider.worker] [TIMING] task_id=8e2915aa-55d2-4078-8bd2-5dea0799ad6f storage_connect_start=510339325 storage_connect_end=510339327 storage_connect_duration_ms=1 phase=pre_execution
[2026-02-03 01:11:37.119] [info] [spider.worker] [TIMING] task_id=8e2915aa-55d2-4078-8bd2-5dea0799ad6f func=job_orchestration.executor.query.spider_search_task.search_without_channel fetch_input_start=510339327 fetch_input_end=510339328 fetch_input_duration_ms=0
[2026-02-03 01:11:37.120] [info] [spider.worker] [TIMING] task_id=8e2915aa-55d2-4078-8bd2-5dea0799ad6f func=job_orchestration.executor.query.spider_search_task.search_without_channel input_send_start=510339328 input_send_end=510339328 input_send_duration_ms=0 bytes=612
[2026-02-03 01:11:37.120] [info] [spider.worker] [TIMING] task_id=8e2915aa-55d2-4078-8bd2-5dea0799ad6f func=job_orchestration.executor.query.spider_search_task.search_without_channel spawn_start=510339328 spawn_end=510339328 spawn_duration_ms=0
[2026-02-03 01:11:38.658] [info] [spider.worker] [TIMING] task_id=8e2915aa-55d2-4078-8bd2-5dea0799ad6f func=job_orchestration.executor.query.spider_search_task.search_without_channel execution_start=510339328 execution_end=510340867 execution_duration_ms=1538
[2026-02-03 01:11:38.660] [info] [spider.worker] [TIMING] task_id=8e2915aa-55d2-4078-8bd2-5dea0799ad6f func=job_orchestration.executor.query.spider_search_task.search_without_channel storage_connect_start=510340867 storage_connect_end=510340869 storage_connect_duration_ms=2 phase=handle_result
[2026-02-03 01:11:38.687] [info] [spider.worker] [TIMING] task_id=8e2915aa-55d2-4078-8bd2-5dea0799ad6f func=job_orchestration.executor.query.spider_search_task.search_without_channel submit_output_start=510340869 submit_output_end=510340895 submit_output_duration_ms=26
[2026-02-03 01:11:38.708] [info] [spider.worker] [TIMING] worker_id=0a8fe0c6-ecb3-4c70-a103-297a58ab0749 task_id=61e90576-a660-45f8-b48b-9f946aafa02e get_next_task request_start=510340898 connect_end=510340900 send_end=510340900 receive_end=510340900 connect_duration_ms=1 send_duration_ms=0 receive_duration_ms=0 total_duration_ms=1
[2026-02-03 01:11:38.710] [info] [spider.worker] [TIMING] task_id=61e90576-a660-45f8-b48b-9f946aafa02e storage_connect_start=510340917 storage_connect_end=510340918 storage_connect_duration_ms=1 phase=pre_execution
[2026-02-03 01:11:38.710] [info] [spider.worker] [TIMING] task_id=61e90576-a660-45f8-b48b-9f946aafa02e func=job_orchestration.executor.query.spider_search_task.search_without_channel fetch_input_start=510340918 fetch_input_end=510340919 fetch_input_duration_ms=0
[2026-02-03 01:11:38.711] [info] [spider.worker] [TIMING] task_id=61e90576-a660-45f8-b48b-9f946aafa02e func=job_orchestration.executor.query.spider_search_task.search_without_channel input_send_start=510340919 input_send_end=510340919 input_send_duration_ms=0 bytes=612
[2026-02-03 01:11:38.711] [info] [spider.worker] [TIMING] task_id=61e90576-a660-45f8-b48b-9f946aafa02e func=job_orchestration.executor.query.spider_search_task.search_without_channel spawn_start=510340919 spawn_end=510340919 spawn_duration_ms=0
[2026-02-03 01:11:40.006] [info] [spider.worker] [TIMING] task_id=61e90576-a660-45f8-b48b-9f946aafa02e func=job_orchestration.executor.query.spider_search_task.search_without_channel execution_start=510340919 execution_end=510342215 execution_duration_ms=1295
[2026-02-03 01:11:40.008] [info] [spider.worker] [TIMING] task_id=61e90576-a660-45f8-b48b-9f946aafa02e func=job_orchestration.executor.query.spider_search_task.search_without_channel storage_connect_start=510342215 storage_connect_end=510342217 storage_connect_duration_ms=1 phase=handle_result
[2026-02-03 01:11:40.017] [info] [spider.worker] [TIMING] task_id=61e90576-a660-45f8-b48b-9f946aafa02e func=job_orchestration.executor.query.spider_search_task.search_without_channel submit_output_start=510342217 submit_output_end=510342225 submit_output_duration_ms=8
[2026-02-03 01:11:40.025] [info] [spider.worker] [TIMING] worker_id=0a8fe0c6-ecb3-4c70-a103-297a58ab0749 task_id=7f155bec-feb9-493a-a552-fa0ecec580e5 get_next_task request_start=510342227 connect_end=510342228 send_end=510342228 receive_end=510342228 connect_duration_ms=1 send_duration_ms=0 receive_duration_ms=0 total_duration_ms=1
[2026-02-03 01:11:40.026] [info] [spider.worker] [TIMING] task_id=7f155bec-feb9-493a-a552-fa0ecec580e5 storage_connect_start=510342234 storage_connect_end=510342235 storage_connect_duration_ms=1 phase=pre_execution
[2026-02-03 01:11:40.027] [info] [spider.worker] [TIMING] task_id=7f155bec-feb9-493a-a552-fa0ecec580e5 func=job_orchestration.executor.query.spider_search_task.search_without_channel fetch_input_start=510342235 fetch_input_end=510342236 fetch_input_duration_ms=0
[2026-02-03 01:11:40.028] [info] [spider.worker] [TIMING] task_id=7f155bec-feb9-493a-a552-fa0ecec580e5 func=job_orchestration.executor.query.spider_search_task.search_without_channel input_send_start=510342236 input_send_end=510342236 input_send_duration_ms=0 bytes=612
[2026-02-03 01:11:40.028] [info] [spider.worker] [TIMING] task_id=7f155bec-feb9-493a-a552-fa0ecec580e5 func=job_orchestration.executor.query.spider_search_task.search_without_channel spawn_start=510342236 spawn_end=510342236 spawn_duration_ms=0
[2026-02-03 01:11:41.338] [info] [spider.worker] [TIMING] task_id=7f155bec-feb9-493a-a552-fa0ecec580e5 func=job_orchestration.executor.query.spider_search_task.search_without_channel execution_start=510342237 execution_end=510343546 execution_duration_ms=1309
[2026-02-03 01:11:41.340] [info] [spider.worker] [TIMING] task_id=7f155bec-feb9-493a-a552-fa0ecec580e5 func=job_orchestration.executor.query.spider_search_task.search_without_channel storage_connect_start=510343546 storage_connect_end=510343548 storage_connect_duration_ms=1 phase=handle_result
[2026-02-03 01:11:41.350] [info] [spider.worker] [TIMING] task_id=7f155bec-feb9-493a-a552-fa0ecec580e5 func=job_orchestration.executor.query.spider_search_task.search_without_channel submit_output_start=510343548 submit_output_end=510343559 submit_output_duration_ms=10
[2026-02-03 01:11:41.367] [info] [spider.worker] [TIMING] worker_id=0a8fe0c6-ecb3-4c70-a103-297a58ab0749 task_id=ca4335bd-27f6-4224-a108-2fbadb88e12a get_next_task request_start=510343561 connect_end=510343563 send_end=510343563 receive_end=510343563 connect_duration_ms=1 send_duration_ms=0 receive_duration_ms=0 total_duration_ms=1
[2026-02-03 01:11:41.369] [info] [spider.worker] [TIMING] task_id=ca4335bd-27f6-4224-a108-2fbadb88e12a storage_connect_start=510343575 storage_connect_end=510343577 storage_connect_duration_ms=1 phase=pre_execution
[2026-02-03 01:11:41.370] [info] [spider.worker] [TIMING] task_id=ca4335bd-27f6-4224-a108-2fbadb88e12a func=job_orchestration.executor.query.spider_search_task.search_without_channel fetch_input_start=510343577 fetch_input_end=510343578 fetch_input_duration_ms=1
[2026-02-03 01:11:41.370] [info] [spider.worker] [TIMING] task_id=ca4335bd-27f6-4224-a108-2fbadb88e12a func=job_orchestration.executor.query.spider_search_task.search_without_channel input_send_start=510343579 input_send_end=510343579 input_send_duration_ms=0 bytes=612
[2026-02-03 01:11:41.370] [info] [spider.worker] [TIMING] task_id=ca4335bd-27f6-4224-a108-2fbadb88e12a func=job_orchestration.executor.query.spider_search_task.search_without_channel spawn_start=510343578 spawn_end=510343579 spawn_duration_ms=0
[2026-02-03 01:11:42.719] [info] [spider.worker] [TIMING] task_id=ca4335bd-27f6-4224-a108-2fbadb88e12a func=job_orchestration.executor.query.spider_search_task.search_without_channel execution_start=510343579 execution_end=510344928 execution_duration_ms=1348
[2026-02-03 01:11:42.721] [info] [spider.worker] [TIMING] task_id=ca4335bd-27f6-4224-a108-2fbadb88e12a func=job_orchestration.executor.query.spider_search_task.search_without_channel storage_connect_start=510344928 storage_connect_end=510344929 storage_connect_duration_ms=1 phase=handle_result
[2026-02-03 01:11:42.760] [info] [spider.worker] [TIMING] task_id=ca4335bd-27f6-4224-a108-2fbadb88e12a func=job_orchestration.executor.query.spider_search_task.search_without_channel submit_output_start=510344930 submit_output_end=510344968 submit_output_duration_ms=38
[2026-02-03 01:11:42.776] [info] [spider.worker] [TIMING] worker_id=0a8fe0c6-ecb3-4c70-a103-297a58ab0749 task_id=0afb930c-2f36-436c-b9d2-2585e8db05f6 get_next_task request_start=510344971 connect_end=510344972 send_end=510344972 receive_end=510344972 connect_duration_ms=1 send_duration_ms=0 receive_duration_ms=0 total_duration_ms=1
[2026-02-03 01:11:42.778] [info] [spider.worker] [TIMING] task_id=0afb930c-2f36-436c-b9d2-2585e8db05f6 storage_connect_start=510344984 storage_connect_end=510344986 storage_connect_duration_ms=1 phase=pre_execution
[2026-02-03 01:11:42.779] [info] [spider.worker] [TIMING] task_id=0afb930c-2f36-436c-b9d2-2585e8db05f6 func=job_orchestration.executor.query.spider_search_task.search_without_channel fetch_input_start=510344986 fetch_input_end=510344987 fetch_input_duration_ms=1
[2026-02-03 01:11:42.780] [info] [spider.worker] [TIMING] task_id=0afb930c-2f36-436c-b9d2-2585e8db05f6 func=job_orchestration.executor.query.spider_search_task.search_without_channel input_send_start=510344988 input_send_end=510344988 input_send_duration_ms=0 bytes=612
[2026-02-03 01:11:42.780] [info] [spider.worker] [TIMING] task_id=0afb930c-2f36-436c-b9d2-2585e8db05f6 func=job_orchestration.executor.query.spider_search_task.search_without_channel spawn_start=510344988 spawn_end=510344988 spawn_duration_ms=0
[2026-02-03 01:11:44.235] [info] [spider.worker] [TIMING] task_id=0afb930c-2f36-436c-b9d2-2585e8db05f6 func=job_orchestration.executor.query.spider_search_task.search_without_channel execution_start=510344988 execution_end=510346444 execution_duration_ms=1455
[2026-02-03 01:11:44.237] [info] [spider.worker] [TIMING] task_id=0afb930c-2f36-436c-b9d2-2585e8db05f6 func=job_orchestration.executor.query.spider_search_task.search_without_channel storage_connect_start=510346444 storage_connect_end=510346445 storage_connect_duration_ms=1 phase=handle_result
[2026-02-03 01:11:44.267] [info] [spider.worker] [TIMING] task_id=0afb930c-2f36-436c-b9d2-2585e8db05f6 func=job_orchestration.executor.query.spider_search_task.search_without_channel submit_output_start=510346445 submit_output_end=510346475 submit_output_duration_ms=30
[2026-02-03 01:11:44.284] [info] [spider.worker] [TIMING] worker_id=0a8fe0c6-ecb3-4c70-a103-297a58ab0749 task_id=80c08f8b-dd48-4e8b-bcf3-53237ca63bd4 get_next_task request_start=510346478 connect_end=510346479 send_end=510346479 receive_end=510346479 connect_duration_ms=1 send_duration_ms=0 receive_duration_ms=0 total_duration_ms=1
[2026-02-03 01:11:44.286] [info] [spider.worker] [TIMING] task_id=80c08f8b-dd48-4e8b-bcf3-53237ca63bd4 storage_connect_start=510346493 storage_connect_end=510346494 storage_connect_duration_ms=1 phase=pre_execution
[2026-02-03 01:11:44.287] [info] [spider.worker] [TIMING] task_id=80c08f8b-dd48-4e8b-bcf3-53237ca63bd4 func=job_orchestration.executor.query.spider_search_task.search_without_channel fetch_input_start=510346494 fetch_input_end=510346496 fetch_input_duration_ms=1
[2026-02-03 01:11:44.288] [info] [spider.worker] [TIMING] task_id=80c08f8b-dd48-4e8b-bcf3-53237ca63bd4 func=job_orchestration.executor.query.spider_search_task.search_without_channel input_send_start=510346496 input_send_end=510346496 input_send_duration_ms=0 bytes=612
[2026-02-03 01:11:44.288] [info] [spider.worker] [TIMING] task_id=80c08f8b-dd48-4e8b-bcf3-53237ca63bd4 func=job_orchestration.executor.query.spider_search_task.search_without_channel spawn_start=510346496 spawn_end=510346496 spawn_duration_ms=0
[2026-02-03 01:11:45.879] [info] [spider.worker] [TIMING] task_id=80c08f8b-dd48-4e8b-bcf3-53237ca63bd4 func=job_orchestration.executor.query.spider_search_task.search_without_channel execution_start=510346497 execution_end=510348087 execution_duration_ms=1590
[2026-02-03 01:11:45.881] [info] [spider.worker] [TIMING] task_id=80c08f8b-dd48-4e8b-bcf3-53237ca63bd4 func=job_orchestration.executor.query.spider_search_task.search_without_channel storage_connect_start=510348087 storage_connect_end=510348089 storage_connect_duration_ms=1 phase=handle_result
[2026-02-03 01:11:45.884] [info] [spider.worker] [TIMING] task_id=80c08f8b-dd48-4e8b-bcf3-53237ca63bd4 func=job_orchestration.executor.query.spider_search_task.search_without_channel submit_output_start=510348089 submit_output_end=510348093 submit_output_duration_ms=3
[2026-02-03 01:11:45.901] [info] [spider.worker] [TIMING] worker_id=0a8fe0c6-ecb3-4c70-a103-297a58ab0749 task_id=58d853f0-b357-4515-9ace-0ab130250681 get_next_task request_start=510348095 connect_end=510348097 send_end=510348097 receive_end=510348097 connect_duration_ms=1 send_duration_ms=0 receive_duration_ms=0 total_duration_ms=1
[2026-02-03 01:11:45.903] [info] [spider.worker] [TIMING] task_id=58d853f0-b357-4515-9ace-0ab130250681 storage_connect_start=510348110 storage_connect_end=510348111 storage_connect_duration_ms=1 phase=pre_execution
[2026-02-03 01:11:45.904] [info] [spider.worker] [TIMING] task_id=58d853f0-b357-4515-9ace-0ab130250681 func=job_orchestration.executor.query.spider_search_task.search_without_channel fetch_input_start=510348111 fetch_input_end=510348112 fetch_input_duration_ms=1
[2026-02-03 01:11:45.905] [info] [spider.worker] [TIMING] task_id=58d853f0-b357-4515-9ace-0ab130250681 func=job_orchestration.executor.query.spider_search_task.search_without_channel input_send_start=510348113 input_send_end=510348113 input_send_duration_ms=0 bytes=612
[2026-02-03 01:11:45.905] [info] [spider.worker] [TIMING] task_id=58d853f0-b357-4515-9ace-0ab130250681 func=job_orchestration.executor.query.spider_search_task.search_without_channel spawn_start=510348112 spawn_end=510348113 spawn_duration_ms=0
[2026-02-03 01:11:47.574] [info] [spider.worker] [TIMING] task_id=58d853f0-b357-4515-9ace-0ab130250681 func=job_orchestration.executor.query.spider_search_task.search_without_channel execution_start=510348113 execution_end=510349782 execution_duration_ms=1668
[2026-02-03 01:11:47.576] [info] [spider.worker] [TIMING] task_id=58d853f0-b357-4515-9ace-0ab130250681 func=job_orchestration.executor.query.spider_search_task.search_without_channel storage_connect_start=510349783 storage_connect_end=510349785 storage_connect_duration_ms=1 phase=handle_result
[2026-02-03 01:11:47.593] [info] [spider.worker] [TIMING] task_id=58d853f0-b357-4515-9ace-0ab130250681 func=job_orchestration.executor.query.spider_search_task.search_without_channel submit_output_start=510349785 submit_output_end=510349801 submit_output_duration_ms=16
[2026-02-03 01:11:47.626] [info] [spider.worker] [TIMING] worker_id=0a8fe0c6-ecb3-4c70-a103-297a58ab0749 task_id=613a7d3c-56ae-47aa-b8de-2cdf7dfad8d4 get_next_task request_start=510349804 connect_end=510349805 send_end=510349805 receive_end=510349805 connect_duration_ms=1 send_duration_ms=0 receive_duration_ms=0 total_duration_ms=1
[2026-02-03 01:11:47.628] [info] [spider.worker] [TIMING] task_id=613a7d3c-56ae-47aa-b8de-2cdf7dfad8d4 storage_connect_start=510349835 storage_connect_end=510349836 storage_connect_duration_ms=1 phase=pre_execution
[2026-02-03 01:11:47.629] [info] [spider.worker] [TIMING] task_id=613a7d3c-56ae-47aa-b8de-2cdf7dfad8d4 func=job_orchestration.executor.query.spider_search_task.search_without_channel fetch_input_start=510349836 fetch_input_end=510349837 fetch_input_duration_ms=0
[2026-02-03 01:11:47.629] [info] [spider.worker] [TIMING] task_id=613a7d3c-56ae-47aa-b8de-2cdf7dfad8d4 func=job_orchestration.executor.query.spider_search_task.search_without_channel input_send_start=510349837 input_send_end=510349837 input_send_duration_ms=0 bytes=612
[2026-02-03 01:11:47.629] [info] [spider.worker] [TIMING] task_id=613a7d3c-56ae-47aa-b8de-2cdf7dfad8d4 func=job_orchestration.executor.query.spider_search_task.search_without_channel spawn_start=510349837 spawn_end=510349837 spawn_duration_ms=0
[2026-02-03 01:11:49.059] [info] [spider.worker] [TIMING] task_id=613a7d3c-56ae-47aa-b8de-2cdf7dfad8d4 func=job_orchestration.executor.query.spider_search_task.search_without_channel execution_start=510349838 execution_end=510351268 execution_duration_ms=1430
[2026-02-03 01:11:49.061] [info] [spider.worker] [TIMING] task_id=613a7d3c-56ae-47aa-b8de-2cdf7dfad8d4 func=job_orchestration.executor.query.spider_search_task.search_without_channel storage_connect_start=510351268 storage_connect_end=510351269 storage_connect_duration_ms=1 phase=handle_result
[2026-02-03 01:11:49.086] [info] [spider.worker] [TIMING] task_id=613a7d3c-56ae-47aa-b8de-2cdf7dfad8d4 func=job_orchestration.executor.query.spider_search_task.search_without_channel submit_output_start=510351270 submit_output_end=510351294 submit_output_duration_ms=24
[2026-02-03 01:11:49.122] [info] [spider.worker] [TIMING] worker_id=0a8fe0c6-ecb3-4c70-a103-297a58ab0749 task_id=eb6ca4c7-19c5-4362-87c0-e7f1510322c2 get_next_task request_start=510351296 connect_end=510351297 send_end=510351297 receive_end=510351297 connect_duration_ms=1 send_duration_ms=0 receive_duration_ms=0 total_duration_ms=1
[2026-02-03 01:11:49.124] [info] [spider.worker] [TIMING] task_id=eb6ca4c7-19c5-4362-87c0-e7f1510322c2 storage_connect_start=510351331 storage_connect_end=510351332 storage_connect_duration_ms=1 phase=pre_execution
[2026-02-03 01:11:49.125] [info] [spider.worker] [TIMING] task_id=eb6ca4c7-19c5-4362-87c0-e7f1510322c2 func=job_orchestration.executor.query.spider_search_task.search_without_channel fetch_input_start=510351332 fetch_input_end=510351334 fetch_input_duration_ms=1
[2026-02-03 01:11:49.126] [info] [spider.worker] [TIMING] task_id=eb6ca4c7-19c5-4362-87c0-e7f1510322c2 func=job_orchestration.executor.query.spider_search_task.search_without_channel input_send_start=510351334 input_send_end=510351334 input_send_duration_ms=0 bytes=612
[2026-02-03 01:11:49.126] [info] [spider.worker] [TIMING] task_id=eb6ca4c7-19c5-4362-87c0-e7f1510322c2 func=job_orchestration.executor.query.spider_search_task.search_without_channel spawn_start=510351334 spawn_end=510351334 spawn_duration_ms=0
[2026-02-03 01:11:50.457] [info] [spider.worker] [TIMING] task_id=eb6ca4c7-19c5-4362-87c0-e7f1510322c2 func=job_orchestration.executor.query.spider_search_task.search_without_channel execution_start=510351334 execution_end=510352665 execution_duration_ms=1330
[2026-02-03 01:11:50.458] [info] [spider.worker] [TIMING] task_id=eb6ca4c7-19c5-4362-87c0-e7f1510322c2 func=job_orchestration.executor.query.spider_search_task.search_without_channel storage_connect_start=510352665 storage_connect_end=510352667 storage_connect_duration_ms=1 phase=handle_result
[2026-02-03 01:11:50.477] [info] [spider.worker] [TIMING] task_id=eb6ca4c7-19c5-4362-87c0-e7f1510322c2 func=job_orchestration.executor.query.spider_search_task.search_without_channel submit_output_start=510352667 submit_output_end=510352685 submit_output_duration_ms=18
[2026-02-03 01:11:50.494] [info] [spider.worker] [TIMING] worker_id=0a8fe0c6-ecb3-4c70-a103-297a58ab0749 task_id=45e498c2-da75-427a-97d3-6f50b9db6ecb get_next_task request_start=510352688 connect_end=510352689 send_end=510352689 receive_end=510352689 connect_duration_ms=1 send_duration_ms=0 receive_duration_ms=0 total_duration_ms=1
[2026-02-03 01:11:50.496] [info] [spider.worker] [TIMING] task_id=45e498c2-da75-427a-97d3-6f50b9db6ecb storage_connect_start=510352702 storage_connect_end=510352704 storage_connect_duration_ms=1 phase=pre_execution
[2026-02-03 01:11:50.497] [info] [spider.worker] [TIMING] task_id=45e498c2-da75-427a-97d3-6f50b9db6ecb func=job_orchestration.executor.query.spider_search_task.search_without_channel fetch_input_start=510352704 fetch_input_end=510352705 fetch_input_duration_ms=1
[2026-02-03 01:11:50.497] [info] [spider.worker] [TIMING] task_id=45e498c2-da75-427a-97d3-6f50b9db6ecb func=job_orchestration.executor.query.spider_search_task.search_without_channel input_send_start=510352706 input_send_end=510352706 input_send_duration_ms=0 bytes=612
[2026-02-03 01:11:50.497] [info] [spider.worker] [TIMING] task_id=45e498c2-da75-427a-97d3-6f50b9db6ecb func=job_orchestration.executor.query.spider_search_task.search_without_channel spawn_start=510352705 spawn_end=510352706 spawn_duration_ms=0
[2026-02-03 01:11:51.832] [info] [spider.worker] [TIMING] task_id=45e498c2-da75-427a-97d3-6f50b9db6ecb func=job_orchestration.executor.query.spider_search_task.search_without_channel execution_start=510352706 execution_end=510354040 execution_duration_ms=1334
[2026-02-03 01:11:51.834] [info] [spider.worker] [TIMING] task_id=45e498c2-da75-427a-97d3-6f50b9db6ecb func=job_orchestration.executor.query.spider_search_task.search_without_channel storage_connect_start=510354040 storage_connect_end=510354042 storage_connect_duration_ms=1 phase=handle_result
[2026-02-03 01:11:51.872] [info] [spider.worker] [TIMING] task_id=45e498c2-da75-427a-97d3-6f50b9db6ecb func=job_orchestration.executor.query.spider_search_task.search_without_channel submit_output_start=510354042 submit_output_end=510354080 submit_output_duration_ms=38
[2026-02-03 01:11:51.922] [info] [spider.worker] [TIMING] worker_id=0a8fe0c6-ecb3-4c70-a103-297a58ab0749 task_id=60ea477e-d517-4709-965b-d978b1ac381a get_next_task request_start=510354082 connect_end=510354084 send_end=510354084 receive_end=510354084 connect_duration_ms=1 send_duration_ms=0 receive_duration_ms=0 total_duration_ms=1
[2026-02-03 01:11:51.924] [info] [spider.worker] [TIMING] task_id=60ea477e-d517-4709-965b-d978b1ac381a storage_connect_start=510354130 storage_connect_end=510354132 storage_connect_duration_ms=1 phase=pre_execution
[2026-02-03 01:11:51.925] [info] [spider.worker] [TIMING] task_id=60ea477e-d517-4709-965b-d978b1ac381a func=job_orchestration.executor.query.spider_search_task.search_without_channel fetch_input_start=510354132 fetch_input_end=510354133 fetch_input_duration_ms=0
[2026-02-03 01:11:51.925] [info] [spider.worker] [TIMING] task_id=60ea477e-d517-4709-965b-d978b1ac381a func=job_orchestration.executor.query.spider_search_task.search_without_channel input_send_start=510354133 input_send_end=510354133 input_send_duration_ms=0 bytes=612
[2026-02-03 01:11:51.925] [info] [spider.worker] [TIMING] task_id=60ea477e-d517-4709-965b-d978b1ac381a func=job_orchestration.executor.query.spider_search_task.search_without_channel spawn_start=510354133 spawn_end=510354133 spawn_duration_ms=0
[2026-02-03 01:11:53.114] [info] [spider.worker] [TIMING] task_id=60ea477e-d517-4709-965b-d978b1ac381a func=job_orchestration.executor.query.spider_search_task.search_without_channel execution_start=510354134 execution_end=510355322 execution_duration_ms=1188
[2026-02-03 01:11:53.115] [info] [spider.worker] [TIMING] task_id=60ea477e-d517-4709-965b-d978b1ac381a func=job_orchestration.executor.query.spider_search_task.search_without_channel storage_connect_start=510355322 storage_connect_end=510355324 storage_connect_duration_ms=1 phase=handle_result
[2026-02-03 01:11:53.241] [info] [spider.worker] [TIMING] task_id=60ea477e-d517-4709-965b-d978b1ac381a func=job_orchestration.executor.query.spider_search_task.search_without_channel submit_output_start=510355324 submit_output_end=510355450 submit_output_duration_ms=126
[2026-02-03 01:11:53.291] [info] [spider.worker] [TIMING] worker_id=0a8fe0c6-ecb3-4c70-a103-297a58ab0749 task_id=76511179-2e1a-4fbd-8bf0-30684ef2b9c0 get_next_task request_start=510355453 connect_end=510355454 send_end=510355454 receive_end=510355454 connect_duration_ms=1 send_duration_ms=0 receive_duration_ms=0 total_duration_ms=1
[2026-02-03 01:11:53.293] [info] [spider.worker] [TIMING] task_id=76511179-2e1a-4fbd-8bf0-30684ef2b9c0 storage_connect_start=510355500 storage_connect_end=510355502 storage_connect_duration_ms=1 phase=pre_execution
[2026-02-03 01:11:53.294] [info] [spider.worker] [TIMING] task_id=76511179-2e1a-4fbd-8bf0-30684ef2b9c0 func=job_orchestration.executor.query.spider_search_task.search_without_channel fetch_input_start=510355502 fetch_input_end=510355502 fetch_input_duration_ms=0
[2026-02-03 01:11:53.295] [info] [spider.worker] [TIMING] task_id=76511179-2e1a-4fbd-8bf0-30684ef2b9c0 func=job_orchestration.executor.query.spider_search_task.search_without_channel input_send_start=510355503 input_send_end=510355503 input_send_duration_ms=0 bytes=612
[2026-02-03 01:11:53.295] [info] [spider.worker] [TIMING] task_id=76511179-2e1a-4fbd-8bf0-30684ef2b9c0 func=job_orchestration.executor.query.spider_search_task.search_without_channel spawn_start=510355502 spawn_end=510355503 spawn_duration_ms=0
[2026-02-03 01:11:54.699] [info] [spider.worker] [TIMING] task_id=76511179-2e1a-4fbd-8bf0-30684ef2b9c0 func=job_orchestration.executor.query.spider_search_task.search_without_channel execution_start=510355503 execution_end=510356908 execution_duration_ms=1404
[2026-02-03 01:11:54.701] [info] [spider.worker] [TIMING] task_id=76511179-2e1a-4fbd-8bf0-30684ef2b9c0 func=job_orchestration.executor.query.spider_search_task.search_without_channel storage_connect_start=510356908 storage_connect_end=510356909 storage_connect_duration_ms=1 phase=handle_result
[2026-02-03 01:11:54.728] [info] [spider.worker] [TIMING] task_id=76511179-2e1a-4fbd-8bf0-30684ef2b9c0 func=job_orchestration.executor.query.spider_search_task.search_without_channel submit_output_start=510356909 submit_output_end=510356936 submit_output_duration_ms=27
[2026-02-03 01:11:54.744] [info] [spider.worker] [TIMING] worker_id=0a8fe0c6-ecb3-4c70-a103-297a58ab0749 task_id=c142fd89-5a5b-49a0-8f40-96d352198e03 get_next_task request_start=510356939 connect_end=510356940 send_end=510356940 receive_end=510356940 connect_duration_ms=1 send_duration_ms=0 receive_duration_ms=0 total_duration_ms=1
[2026-02-03 01:11:54.746] [info] [spider.worker] [TIMING] task_id=c142fd89-5a5b-49a0-8f40-96d352198e03 storage_connect_start=510356953 storage_connect_end=510356955 storage_connect_duration_ms=1 phase=pre_execution
[2026-02-03 01:11:54.747] [info] [spider.worker] [TIMING] task_id=c142fd89-5a5b-49a0-8f40-96d352198e03 func=job_orchestration.executor.query.spider_search_task.search_without_channel fetch_input_start=510356955 fetch_input_end=510356956 fetch_input_duration_ms=1
[2026-02-03 01:11:54.748] [info] [spider.worker] [TIMING] task_id=c142fd89-5a5b-49a0-8f40-96d352198e03 func=job_orchestration.executor.query.spider_search_task.search_without_channel input_send_start=510356956 input_send_end=510356956 input_send_duration_ms=0 bytes=612
[2026-02-03 01:11:54.748] [info] [spider.worker] [TIMING] task_id=c142fd89-5a5b-49a0-8f40-96d352198e03 func=job_orchestration.executor.query.spider_search_task.search_without_channel spawn_start=510356956 spawn_end=510356956 spawn_duration_ms=0
[2026-02-03 01:11:56.095] [info] [spider.worker] [TIMING] task_id=c142fd89-5a5b-49a0-8f40-96d352198e03 func=job_orchestration.executor.query.spider_search_task.search_without_channel execution_start=510356957 execution_end=510358303 execution_duration_ms=1346
[2026-02-03 01:11:56.096] [info] [spider.worker] [TIMING] task_id=c142fd89-5a5b-49a0-8f40-96d352198e03 func=job_orchestration.executor.query.spider_search_task.search_without_channel storage_connect_start=510358303 storage_connect_end=510358305 storage_connect_duration_ms=1 phase=handle_result
[2026-02-03 01:11:56.131] [info] [spider.worker] [TIMING] task_id=c142fd89-5a5b-49a0-8f40-96d352198e03 func=job_orchestration.executor.query.spider_search_task.search_without_channel submit_output_start=510358305 submit_output_end=510358340 submit_output_duration_ms=35
[2026-02-03 01:11:56.153] [info] [spider.worker] [TIMING] worker_id=0a8fe0c6-ecb3-4c70-a103-297a58ab0749 task_id=0a298a70-5978-41d2-9af0-ce15e65e6cb2 get_next_task request_start=510358342 connect_end=510358344 send_end=510358344 receive_end=510358344 connect_duration_ms=1 send_duration_ms=0 receive_duration_ms=0 total_duration_ms=1
[2026-02-03 01:11:56.155] [info] [spider.worker] [TIMING] task_id=0a298a70-5978-41d2-9af0-ce15e65e6cb2 storage_connect_start=510358362 storage_connect_end=510358363 storage_connect_duration_ms=1 phase=pre_execution
[2026-02-03 01:11:56.156] [info] [spider.worker] [TIMING] task_id=0a298a70-5978-41d2-9af0-ce15e65e6cb2 func=job_orchestration.executor.query.spider_search_task.search_without_channel fetch_input_start=510358363 fetch_input_end=510358364 fetch_input_duration_ms=0
[2026-02-03 01:11:56.156] [info] [spider.worker] [TIMING] task_id=0a298a70-5978-41d2-9af0-ce15e65e6cb2 func=job_orchestration.executor.query.spider_search_task.search_without_channel input_send_start=510358365 input_send_end=510358365 input_send_duration_ms=0 bytes=612
[2026-02-03 01:11:56.156] [info] [spider.worker] [TIMING] task_id=0a298a70-5978-41d2-9af0-ce15e65e6cb2 func=job_orchestration.executor.query.spider_search_task.search_without_channel spawn_start=510358364 spawn_end=510358365 spawn_duration_ms=0
[2026-02-03 01:11:57.536] [info] [spider.worker] [TIMING] task_id=0a298a70-5978-41d2-9af0-ce15e65e6cb2 func=job_orchestration.executor.query.spider_search_task.search_without_channel execution_start=510358365 execution_end=510359744 execution_duration_ms=1379
[2026-02-03 01:11:57.537] [info] [spider.worker] [TIMING] task_id=0a298a70-5978-41d2-9af0-ce15e65e6cb2 func=job_orchestration.executor.query.spider_search_task.search_without_channel storage_connect_start=510359744 storage_connect_end=510359746 storage_connect_duration_ms=1 phase=handle_result
[2026-02-03 01:11:57.545] [info] [spider.worker] [TIMING] task_id=0a298a70-5978-41d2-9af0-ce15e65e6cb2 func=job_orchestration.executor.query.spider_search_task.search_without_channel submit_output_start=510359746 submit_output_end=510359753 submit_output_duration_ms=7
[2026-02-03 01:11:57.578] [info] [spider.worker] [TIMING] worker_id=0a8fe0c6-ecb3-4c70-a103-297a58ab0749 task_id=3874029a-93f8-4c43-9ab0-746733943ab4 get_next_task request_start=510359756 connect_end=510359757 send_end=510359757 receive_end=510359757 connect_duration_ms=1 send_duration_ms=0 receive_duration_ms=0 total_duration_ms=1
[2026-02-03 01:11:57.581] [info] [spider.worker] [TIMING] task_id=3874029a-93f8-4c43-9ab0-746733943ab4 storage_connect_start=510359787 storage_connect_end=510359789 storage_connect_duration_ms=1 phase=pre_execution
[2026-02-03 01:11:57.582] [info] [spider.worker] [TIMING] task_id=3874029a-93f8-4c43-9ab0-746733943ab4 func=job_orchestration.executor.query.spider_search_task.search_without_channel fetch_input_start=510359789 fetch_input_end=510359790 fetch_input_duration_ms=1
[2026-02-03 01:11:57.584] [info] [spider.worker] [TIMING] task_id=3874029a-93f8-4c43-9ab0-746733943ab4 func=job_orchestration.executor.query.spider_search_task.search_without_channel input_send_start=510359792 input_send_end=510359792 input_send_duration_ms=0 bytes=612
[2026-02-03 01:11:57.584] [info] [spider.worker] [TIMING] task_id=3874029a-93f8-4c43-9ab0-746733943ab4 func=job_orchestration.executor.query.spider_search_task.search_without_channel spawn_start=510359792 spawn_end=510359792 spawn_duration_ms=0
[2026-02-03 01:11:58.867] [info] [spider.worker] [TIMING] task_id=3874029a-93f8-4c43-9ab0-746733943ab4 func=job_orchestration.executor.query.spider_search_task.search_without_channel execution_start=510359793 execution_end=510361075 execution_duration_ms=1282
[2026-02-03 01:11:58.871] [info] [spider.worker] [TIMING] task_id=3874029a-93f8-4c43-9ab0-746733943ab4 func=job_orchestration.executor.query.spider_search_task.search_without_channel storage_connect_start=510361075 storage_connect_end=510361080 storage_connect_duration_ms=4 phase=handle_result
[2026-02-03 01:11:58.904] [info] [spider.worker] [TIMING] task_id=3874029a-93f8-4c43-9ab0-746733943ab4 func=job_orchestration.executor.query.spider_search_task.search_without_channel submit_output_start=510361080 submit_output_end=510361113 submit_output_duration_ms=32
[2026-02-03 01:11:58.920] [info] [spider.worker] [TIMING] worker_id=0a8fe0c6-ecb3-4c70-a103-297a58ab0749 task_id=89ab6d41-3339-4a03-a0c1-f3950462fafc get_next_task request_start=510361115 connect_end=510361116 send_end=510361116 receive_end=510361116 connect_duration_ms=1 send_duration_ms=0 receive_duration_ms=0 total_duration_ms=1
[2026-02-03 01:11:58.922] [info] [spider.worker] [TIMING] task_id=89ab6d41-3339-4a03-a0c1-f3950462fafc storage_connect_start=510361129 storage_connect_end=510361130 storage_connect_duration_ms=1 phase=pre_execution
[2026-02-03 01:11:58.923] [info] [spider.worker] [TIMING] task_id=89ab6d41-3339-4a03-a0c1-f3950462fafc func=job_orchestration.executor.query.spider_search_task.search_without_channel fetch_input_start=510361130 fetch_input_end=510361131 fetch_input_duration_ms=0
[2026-02-03 01:11:58.923] [info] [spider.worker] [TIMING] task_id=89ab6d41-3339-4a03-a0c1-f3950462fafc func=job_orchestration.executor.query.spider_search_task.search_without_channel input_send_start=510361132 input_send_end=510361132 input_send_duration_ms=0 bytes=612
[2026-02-03 01:11:58.923] [info] [spider.worker] [TIMING] task_id=89ab6d41-3339-4a03-a0c1-f3950462fafc func=job_orchestration.executor.query.spider_search_task.search_without_channel spawn_start=510361131 spawn_end=510361132 spawn_duration_ms=0
[2026-02-03 01:12:00.174] [info] [spider.worker] [TIMING] task_id=89ab6d41-3339-4a03-a0c1-f3950462fafc func=job_orchestration.executor.query.spider_search_task.search_without_channel execution_start=510361132 execution_end=510362382 execution_duration_ms=1250
[2026-02-03 01:12:00.183] [info] [spider.worker] [TIMING] task_id=89ab6d41-3339-4a03-a0c1-f3950462fafc func=job_orchestration.executor.query.spider_search_task.search_without_channel storage_connect_start=510362382 storage_connect_end=510362392 storage_connect_duration_ms=9 phase=handle_result
[2026-02-03 01:12:00.204] [info] [spider.worker] [TIMING] task_id=89ab6d41-3339-4a03-a0c1-f3950462fafc func=job_orchestration.executor.query.spider_search_task.search_without_channel submit_output_start=510362392 submit_output_end=510362413 submit_output_duration_ms=20
[2026-02-03 01:12:00.267] [info] [spider.worker] [TIMING] worker_id=0a8fe0c6-ecb3-4c70-a103-297a58ab0749 task_id=9c493494-c074-450e-9141-214dd9ec9aa4 get_next_task request_start=510362414 connect_end=510362415 send_end=510362415 receive_end=510362416 connect_duration_ms=1 send_duration_ms=0 receive_duration_ms=0 total_duration_ms=1
[2026-02-03 01:12:00.268] [info] [spider.worker] [TIMING] task_id=9c493494-c074-450e-9141-214dd9ec9aa4 storage_connect_start=510362475 storage_connect_end=510362477 storage_connect_duration_ms=1 phase=pre_execution
[2026-02-03 01:12:00.269] [info] [spider.worker] [TIMING] task_id=9c493494-c074-450e-9141-214dd9ec9aa4 func=job_orchestration.executor.query.spider_search_task.search_without_channel fetch_input_start=510362477 fetch_input_end=510362477 fetch_input_duration_ms=0
[2026-02-03 01:12:00.269] [info] [spider.worker] [TIMING] task_id=9c493494-c074-450e-9141-214dd9ec9aa4 func=job_orchestration.executor.query.spider_search_task.search_without_channel input_send_start=510362478 input_send_end=510362478 input_send_duration_ms=0 bytes=612
[2026-02-03 01:12:00.270] [info] [spider.worker] [TIMING] task_id=9c493494-c074-450e-9141-214dd9ec9aa4 func=job_orchestration.executor.query.spider_search_task.search_without_channel spawn_start=510362477 spawn_end=510362478 spawn_duration_ms=0
[2026-02-03 01:12:01.488] [info] [spider.worker] [TIMING] task_id=9c493494-c074-450e-9141-214dd9ec9aa4 func=job_orchestration.executor.query.spider_search_task.search_without_channel execution_start=510362478 execution_end=510363696 execution_duration_ms=1218
[2026-02-03 01:12:01.489] [info] [spider.worker] [TIMING] task_id=9c493494-c074-450e-9141-214dd9ec9aa4 func=job_orchestration.executor.query.spider_search_task.search_without_channel storage_connect_start=510363696 storage_connect_end=510363698 storage_connect_duration_ms=1 phase=handle_result
[2026-02-03 01:12:01.504] [info] [spider.worker] [TIMING] task_id=9c493494-c074-450e-9141-214dd9ec9aa4 func=job_orchestration.executor.query.spider_search_task.search_without_channel submit_output_start=510363698 submit_output_end=510363713 submit_output_duration_ms=14
[2026-02-03 01:12:01.544] [info] [spider.worker] [TIMING] worker_id=0a8fe0c6-ecb3-4c70-a103-297a58ab0749 task_id=8260b854-0835-448a-83e0-bc207d5b011f get_next_task request_start=510363715 connect_end=510363716 send_end=510363716 receive_end=510363716 connect_duration_ms=1 send_duration_ms=0 receive_duration_ms=0 total_duration_ms=1
[2026-02-03 01:12:01.546] [info] [spider.worker] [TIMING] task_id=8260b854-0835-448a-83e0-bc207d5b011f storage_connect_start=510363753 storage_connect_end=510363755 storage_connect_duration_ms=1 phase=pre_execution
[2026-02-03 01:12:01.548] [info] [spider.worker] [TIMING] task_id=8260b854-0835-448a-83e0-bc207d5b011f func=job_orchestration.executor.query.spider_search_task.search_without_channel fetch_input_start=510363755 fetch_input_end=510363756 fetch_input_duration_ms=1
[2026-02-03 01:12:01.548] [info] [spider.worker] [TIMING] task_id=8260b854-0835-448a-83e0-bc207d5b011f func=job_orchestration.executor.query.spider_search_task.search_without_channel input_send_start=510363756 input_send_end=510363756 input_send_duration_ms=0 bytes=612
[2026-02-03 01:12:01.548] [info] [spider.worker] [TIMING] task_id=8260b854-0835-448a-83e0-bc207d5b011f func=job_orchestration.executor.query.spider_search_task.search_without_channel spawn_start=510363756 spawn_end=510363757 spawn_duration_ms=0
[2026-02-03 01:12:02.994] [info] [spider.worker] [TIMING] task_id=8260b854-0835-448a-83e0-bc207d5b011f func=job_orchestration.executor.query.spider_search_task.search_without_channel execution_start=510363757 execution_end=510365203 execution_duration_ms=1445
[2026-02-03 01:12:02.996] [info] [spider.worker] [TIMING] task_id=8260b854-0835-448a-83e0-bc207d5b011f func=job_orchestration.executor.query.spider_search_task.search_without_channel storage_connect_start=510365203 storage_connect_end=510365204 storage_connect_duration_ms=1 phase=handle_result
[2026-02-03 01:12:03.038] [info] [spider.worker] [TIMING] task_id=8260b854-0835-448a-83e0-bc207d5b011f func=job_orchestration.executor.query.spider_search_task.search_without_channel submit_output_start=510365204 submit_output_end=510365246 submit_output_duration_ms=41
[2026-02-03 01:12:03.081] [info] [spider.worker] [TIMING] worker_id=0a8fe0c6-ecb3-4c70-a103-297a58ab0749 task_id=6b8d7a62-c0a5-4dcb-8aa8-5d2dbd622ff2 get_next_task request_start=510365248 connect_end=510365249 send_end=510365249 receive_end=510365250 connect_duration_ms=1 send_duration_ms=0 receive_duration_ms=0 total_duration_ms=1
[2026-02-03 01:12:03.083] [info] [spider.worker] [TIMING] task_id=6b8d7a62-c0a5-4dcb-8aa8-5d2dbd622ff2 storage_connect_start=510365290 storage_connect_end=510365291 storage_connect_duration_ms=1 phase=pre_execution
[2026-02-03 01:12:03.084] [info] [spider.worker] [TIMING] task_id=6b8d7a62-c0a5-4dcb-8aa8-5d2dbd622ff2 func=job_orchestration.executor.query.spider_search_task.search_without_channel fetch_input_start=510365291 fetch_input_end=510365292 fetch_input_duration_ms=1
[2026-02-03 01:12:03.085] [info] [spider.worker] [TIMING] task_id=6b8d7a62-c0a5-4dcb-8aa8-5d2dbd622ff2 func=job_orchestration.executor.query.spider_search_task.search_without_channel input_send_start=510365293 input_send_end=510365293 input_send_duration_ms=0 bytes=612
[2026-02-03 01:12:03.085] [info] [spider.worker] [TIMING] task_id=6b8d7a62-c0a5-4dcb-8aa8-5d2dbd622ff2 func=job_orchestration.executor.query.spider_search_task.search_without_channel spawn_start=510365292 spawn_end=510365293 spawn_duration_ms=0
[2026-02-03 01:12:04.319] [info] [spider.worker] [TIMING] task_id=6b8d7a62-c0a5-4dcb-8aa8-5d2dbd622ff2 func=job_orchestration.executor.query.spider_search_task.search_without_channel execution_start=510365293 execution_end=510366527 execution_duration_ms=1234
[2026-02-03 01:12:04.321] [info] [spider.worker] [TIMING] task_id=6b8d7a62-c0a5-4dcb-8aa8-5d2dbd622ff2 func=job_orchestration.executor.query.spider_search_task.search_without_channel storage_connect_start=510366527 storage_connect_end=510366529 storage_connect_duration_ms=1 phase=handle_result
[2026-02-03 01:12:04.329] [info] [spider.worker] [TIMING] task_id=6b8d7a62-c0a5-4dcb-8aa8-5d2dbd622ff2 func=job_orchestration.executor.query.spider_search_task.search_without_channel submit_output_start=510366529 submit_output_end=510366538 submit_output_duration_ms=8
[2026-02-03 01:12:04.338] [info] [spider.worker] [TIMING] worker_id=0a8fe0c6-ecb3-4c70-a103-297a58ab0749 task_id=ef7d52e6-c2e4-4eeb-8515-333ec808227d get_next_task request_start=510366540 connect_end=510366541 send_end=510366541 receive_end=510366542 connect_duration_ms=1 send_duration_ms=0 receive_duration_ms=0 total_duration_ms=1
[2026-02-03 01:12:04.339] [info] [spider.worker] [TIMING] task_id=ef7d52e6-c2e4-4eeb-8515-333ec808227d storage_connect_start=510366546 storage_connect_end=510366548 storage_connect_duration_ms=1 phase=pre_execution
[2026-02-03 01:12:04.340] [info] [spider.worker] [TIMING] task_id=ef7d52e6-c2e4-4eeb-8515-333ec808227d func=job_orchestration.executor.query.spider_search_task.search_without_channel fetch_input_start=510366548 fetch_input_end=510366549 fetch_input_duration_ms=0
[2026-02-03 01:12:04.341] [info] [spider.worker] [TIMING] task_id=ef7d52e6-c2e4-4eeb-8515-333ec808227d func=job_orchestration.executor.query.spider_search_task.search_without_channel input_send_start=510366549 input_send_end=510366549 input_send_duration_ms=0 bytes=612
[2026-02-03 01:12:04.341] [info] [spider.worker] [TIMING] task_id=ef7d52e6-c2e4-4eeb-8515-333ec808227d func=job_orchestration.executor.query.spider_search_task.search_without_channel spawn_start=510366549 spawn_end=510366549 spawn_duration_ms=0
[2026-02-03 01:12:05.706] [info] [spider.worker] [TIMING] task_id=ef7d52e6-c2e4-4eeb-8515-333ec808227d func=job_orchestration.executor.query.spider_search_task.search_without_channel execution_start=510366549 execution_end=510367914 execution_duration_ms=1364
[2026-02-03 01:12:05.707] [info] [spider.worker] [TIMING] task_id=ef7d52e6-c2e4-4eeb-8515-333ec808227d func=job_orchestration.executor.query.spider_search_task.search_without_channel storage_connect_start=510367914 storage_connect_end=510367916 storage_connect_duration_ms=1 phase=handle_result
[2026-02-03 01:12:05.721] [info] [spider.worker] [TIMING] task_id=ef7d52e6-c2e4-4eeb-8515-333ec808227d func=job_orchestration.executor.query.spider_search_task.search_without_channel submit_output_start=510367916 submit_output_end=510367930 submit_output_duration_ms=14
[2026-02-03 01:12:05.738] [info] [spider.worker] [TIMING] worker_id=0a8fe0c6-ecb3-4c70-a103-297a58ab0749 task_id=434c5969-b604-447b-b0e9-082eaf742fea get_next_task request_start=510367932 connect_end=510367933 send_end=510367933 receive_end=510367933 connect_duration_ms=1 send_duration_ms=0 receive_duration_ms=0 total_duration_ms=1
[2026-02-03 01:12:05.740] [info] [spider.worker] [TIMING] task_id=434c5969-b604-447b-b0e9-082eaf742fea storage_connect_start=510367946 storage_connect_end=510367948 storage_connect_duration_ms=1 phase=pre_execution
[2026-02-03 01:12:05.741] [info] [spider.worker] [TIMING] task_id=434c5969-b604-447b-b0e9-082eaf742fea func=job_orchestration.executor.query.spider_search_task.search_without_channel fetch_input_start=510367948 fetch_input_end=510367949 fetch_input_duration_ms=1
[2026-02-03 01:12:05.742] [info] [spider.worker] [TIMING] task_id=434c5969-b604-447b-b0e9-082eaf742fea func=job_orchestration.executor.query.spider_search_task.search_without_channel input_send_start=510367950 input_send_end=510367950 input_send_duration_ms=0 bytes=612
[2026-02-03 01:12:05.742] [info] [spider.worker] [TIMING] task_id=434c5969-b604-447b-b0e9-082eaf742fea func=job_orchestration.executor.query.spider_search_task.search_without_channel spawn_start=510367949 spawn_end=510367950 spawn_duration_ms=0
[2026-02-03 01:12:07.121] [info] [spider.worker] [TIMING] task_id=434c5969-b604-447b-b0e9-082eaf742fea func=job_orchestration.executor.query.spider_search_task.search_without_channel execution_start=510367950 execution_end=510369330 execution_duration_ms=1379
[2026-02-03 01:12:07.123] [info] [spider.worker] [TIMING] task_id=434c5969-b604-447b-b0e9-082eaf742fea func=job_orchestration.executor.query.spider_search_task.search_without_channel storage_connect_start=510369330 storage_connect_end=510369332 storage_connect_duration_ms=2 phase=handle_result
[2026-02-03 01:12:07.166] [info] [spider.worker] [TIMING] task_id=434c5969-b604-447b-b0e9-082eaf742fea func=job_orchestration.executor.query.spider_search_task.search_without_channel submit_output_start=510369332 submit_output_end=510369374 submit_output_duration_ms=42
[2026-02-03 01:12:07.188] [info] [spider.worker] [TIMING] worker_id=0a8fe0c6-ecb3-4c70-a103-297a58ab0749 task_id=415eaa3a-8594-43ec-a864-b49cd9f313fe get_next_task request_start=510369377 connect_end=510369379 send_end=510369379 receive_end=510369379 connect_duration_ms=1 send_duration_ms=0 receive_duration_ms=0 total_duration_ms=1
[2026-02-03 01:12:07.190] [info] [spider.worker] [TIMING] task_id=415eaa3a-8594-43ec-a864-b49cd9f313fe storage_connect_start=510369397 storage_connect_end=510369399 storage_connect_duration_ms=1 phase=pre_execution
[2026-02-03 01:12:07.191] [info] [spider.worker] [TIMING] task_id=415eaa3a-8594-43ec-a864-b49cd9f313fe func=job_orchestration.executor.query.spider_search_task.search_without_channel fetch_input_start=510369399 fetch_input_end=510369400 fetch_input_duration_ms=1
[2026-02-03 01:12:07.192] [info] [spider.worker] [TIMING] task_id=415eaa3a-8594-43ec-a864-b49cd9f313fe func=job_orchestration.executor.query.spider_search_task.search_without_channel input_send_start=510369400 input_send_end=510369400 input_send_duration_ms=0 bytes=612
[2026-02-03 01:12:07.192] [info] [spider.worker] [TIMING] task_id=415eaa3a-8594-43ec-a864-b49cd9f313fe func=job_orchestration.executor.query.spider_search_task.search_without_channel spawn_start=510369400 spawn_end=510369400 spawn_duration_ms=0
[2026-02-03 01:12:08.994] [info] [spider.worker] [TIMING] task_id=415eaa3a-8594-43ec-a864-b49cd9f313fe func=job_orchestration.executor.query.spider_search_task.search_without_channel execution_start=510369401 execution_end=510371203 execution_duration_ms=1802
[2026-02-03 01:12:08.995] [info] [spider.worker] [TIMING] task_id=415eaa3a-8594-43ec-a864-b49cd9f313fe func=job_orchestration.executor.query.spider_search_task.search_without_channel storage_connect_start=510371203 storage_connect_end=510371204 storage_connect_duration_ms=1 phase=handle_result
[2026-02-03 01:12:09.080] [info] [spider.worker] [TIMING] task_id=415eaa3a-8594-43ec-a864-b49cd9f313fe func=job_orchestration.executor.query.spider_search_task.search_without_channel submit_output_start=510371204 submit_output_end=510371288 submit_output_duration_ms=84
[2026-02-03 01:12:09.085] [info] [spider.worker] [TIMING] worker_id=0a8fe0c6-ecb3-4c70-a103-297a58ab0749 task_id=none get_next_task request_start=510371290 connect_end=510371291 send_end=510371291 receive_end=510371294 connect_duration_ms=1 send_duration_ms=0 receive_duration_ms=2 total_duration_ms=3
[2026-02-03 01:12:09.190] [info] [spider.worker] [TIMING] worker_id=0a8fe0c6-ecb3-4c70-a103-297a58ab0749 task_id=none get_next_task request_start=510371395 connect_end=510371396 send_end=510371396 receive_end=510371399 connect_duration_ms=0 send_duration_ms=0 receive_duration_ms=2 total_duration_ms=3
[2026-02-03 01:12:09.296] [info] [spider.worker] [TIMING] worker_id=0a8fe0c6-ecb3-4c70-a103-297a58ab0749 task_id=none get_next_task request_start=510371501 connect_end=510371502 send_end=510371502 receive_end=510371505 connect_duration_ms=1 send_duration_ms=0 receive_duration_ms=2 total_duration_ms=4
[2026-02-03 01:12:09.402] [info] [spider.worker] [TIMING] worker_id=0a8fe0c6-ecb3-4c70-a103-297a58ab0749 task_id=none get_next_task request_start=510371606 connect_end=510371607 send_end=510371607 receive_end=510371610 connect_duration_ms=0 send_duration_ms=0 receive_duration_ms=2 total_duration_ms=3
[2026-02-03 01:12:09.518] [info] [spider.worker] [TIMING] worker_id=0a8fe0c6-ecb3-4c70-a103-297a58ab0749 task_id=none get_next_task request_start=510371715 connect_end=510371717 send_end=510371717 receive_end=510371726 connect_duration_ms=1 send_duration_ms=0 receive_duration_ms=9 total_duration_ms=10
[2026-02-03 01:12:09.626] [info] [spider.worker] [TIMING] worker_id=0a8fe0c6-ecb3-4c70-a103-297a58ab0749 task_id=none get_next_task request_start=510371828 connect_end=510371830 send_end=510371830 receive_end=510371834 connect_duration_ms=1 send_duration_ms=0 receive_duration_ms=4 total_duration_ms=6
[2026-02-03 01:12:09.820] [info] [spider.worker] [TIMING] worker_id=0a8fe0c6-ecb3-4c70-a103-297a58ab0749 task_id=none get_next_task request_start=510371936 connect_end=510371937 send_end=510371937 receive_end=510372028 connect_duration_ms=1 send_duration_ms=0 receive_duration_ms=91 total_duration_ms=92
[2026-02-03 01:12:09.929] [info] [spider.worker] [TIMING] worker_id=0a8fe0c6-ecb3-4c70-a103-297a58ab0749 task_id=none get_next_task request_start=510372130 connect_end=510372132 send_end=510372132 receive_end=510372137 connect_duration_ms=1 send_duration_ms=0 receive_duration_ms=5 total_duration_ms=7
[2026-02-03 01:12:10.039] [info] [spider.worker] [TIMING] worker_id=0a8fe0c6-ecb3-4c70-a103-297a58ab0749 task_id=none get_next_task request_start=510372240 connect_end=510372242 send_end=510372242 receive_end=510372247 connect_duration_ms=1 send_duration_ms=0 receive_duration_ms=5 total_duration_ms=7
[2026-02-03 01:12:10.149] [info] [spider.worker] [TIMING] worker_id=0a8fe0c6-ecb3-4c70-a103-297a58ab0749 task_id=none get_next_task request_start=510372350 connect_end=510372351 send_end=510372351 receive_end=510372357 connect_duration_ms=1 send_duration_ms=0 receive_duration_ms=5 total_duration_ms=7
[2026-02-03 01:12:10.259] [info] [spider.worker] [TIMING] worker_id=0a8fe0c6-ecb3-4c70-a103-297a58ab0749 task_id=none get_next_task request_start=510372460 connect_end=510372462 send_end=510372462 receive_end=510372467 connect_duration_ms=1 send_duration_ms=0 receive_duration_ms=5 total_duration_ms=7
[2026-02-03 01:12:10.381] [info] [spider.worker] [TIMING] worker_id=0a8fe0c6-ecb3-4c70-a103-297a58ab0749 task_id=none get_next_task request_start=510372576 connect_end=510372578 send_end=510372578 receive_end=510372589 connect_duration_ms=1 send_duration_ms=0 receive_duration_ms=11 total_duration_ms=13
[2026-02-03 01:12:10.490] [info] [spider.worker] [TIMING] worker_id=0a8fe0c6-ecb3-4c70-a103-297a58ab0749 task_id=none get_next_task request_start=510372692 connect_end=510372693 send_end=510372693 receive_end=510372698 connect_duration_ms=1 send_duration_ms=0 receive_duration_ms=4 total_duration_ms=6
[2026-02-03 01:12:10.598] [info] [spider.worker] [TIMING] worker_id=0a8fe0c6-ecb3-4c70-a103-297a58ab0749 task_id=none get_next_task request_start=510372800 connect_end=510372801 send_end=510372801 receive_end=510372806 connect_duration_ms=0 send_duration_ms=0 receive_duration_ms=5 total_duration_ms=6
[2026-02-03 01:12:10.703] [info] [spider.worker] [TIMING] worker_id=0a8fe0c6-ecb3-4c70-a103-297a58ab0749 task_id=none get_next_task request_start=510372908 connect_end=510372909 send_end=510372909 receive_end=510372911 connect_duration_ms=0 send_duration_ms=0 receive_duration_ms=2 total_duration_ms=2
[2026-02-03 01:12:10.808] [info] [spider.worker] [TIMING] worker_id=0a8fe0c6-ecb3-4c70-a103-297a58ab0749 task_id=none get_next_task request_start=510373012 connect_end=510373013 send_end=510373013 receive_end=510373016 connect_duration_ms=0 send_duration_ms=0 receive_duration_ms=3 total_duration_ms=4
[2026-02-03 01:12:10.914] [info] [spider.worker] [TIMING] worker_id=0a8fe0c6-ecb3-4c70-a103-297a58ab0749 task_id=none get_next_task request_start=510373118 connect_end=510373119 send_end=510373119 receive_end=510373122 connect_duration_ms=0 send_duration_ms=0 receive_duration_ms=3 total_duration_ms=4
[2026-02-03 01:12:11.020] [info] [spider.worker] [TIMING] worker_id=0a8fe0c6-ecb3-4c70-a103-297a58ab0749 task_id=none get_next_task request_start=510373224 connect_end=510373225 send_end=510373225 receive_end=510373228 connect_duration_ms=0 send_duration_ms=0 receive_duration_ms=3 total_duration_ms=4
[2026-02-03 01:12:11.127] [info] [spider.worker] [TIMING] worker_id=0a8fe0c6-ecb3-4c70-a103-297a58ab0749 task_id=none get_next_task request_start=510373330 connect_end=510373332 send_end=510373332 receive_end=510373335 connect_duration_ms=1 send_duration_ms=0 receive_duration_ms=3 total_duration_ms=4
[2026-02-03 01:12:11.239] [info] [spider.worker] [TIMING] worker_id=0a8fe0c6-ecb3-4c70-a103-297a58ab0749 task_id=none get_next_task request_start=510373437 connect_end=510373439 send_end=510373439 receive_end=510373447 connect_duration_ms=1 send_duration_ms=0 receive_duration_ms=8 total_duration_ms=9
[2026-02-03 01:12:11.344] [info] [spider.worker] [TIMING] worker_id=0a8fe0c6-ecb3-4c70-a103-297a58ab0749 task_id=none get_next_task request_start=510373549 connect_end=510373550 send_end=510373550 receive_end=510373553 connect_duration_ms=1 send_duration_ms=0 receive_duration_ms=2 total_duration_ms=3
[2026-02-03 01:12:11.450] [info] [spider.worker] [TIMING] worker_id=0a8fe0c6-ecb3-4c70-a103-297a58ab0749 task_id=none get_next_task request_start=510373654 connect_end=510373656 send_end=510373656 receive_end=510373659 connect_duration_ms=1 send_duration_ms=0 receive_duration_ms=2 total_duration_ms=4
[2026-02-03 01:12:11.557] [info] [spider.worker] [TIMING] worker_id=0a8fe0c6-ecb3-4c70-a103-297a58ab0749 task_id=none get_next_task request_start=510373761 connect_end=510373762 send_end=510373762 receive_end=510373765 connect_duration_ms=1 send_duration_ms=0 receive_duration_ms=3 total_duration_ms=4
[2026-02-03 01:12:11.673] [info] [spider.worker] [TIMING] worker_id=0a8fe0c6-ecb3-4c70-a103-297a58ab0749 task_id=none get_next_task request_start=510373867 connect_end=510373869 send_end=510373869 receive_end=510373881 connect_duration_ms=1 send_duration_ms=0 receive_duration_ms=12 total_duration_ms=13
[2026-02-03 01:12:11.778] [info] [spider.worker] [TIMING] worker_id=0a8fe0c6-ecb3-4c70-a103-297a58ab0749 task_id=none get_next_task request_start=510373983 connect_end=510373984 send_end=510373985 receive_end=510373987 connect_duration_ms=1 send_duration_ms=0 receive_duration_ms=2 total_duration_ms=3
[2026-02-03 01:12:11.885] [info] [spider.worker] [TIMING] worker_id=0a8fe0c6-ecb3-4c70-a103-297a58ab0749 task_id=none get_next_task request_start=510374088 connect_end=510374090 send_end=510374090 receive_end=510374093 connect_duration_ms=1 send_duration_ms=0 receive_duration_ms=3 total_duration_ms=4
[2026-02-03 01:12:11.991] [info] [spider.worker] [TIMING] worker_id=0a8fe0c6-ecb3-4c70-a103-297a58ab0749 task_id=none get_next_task request_start=510374195 connect_end=510374196 send_end=510374196 receive_end=510374200 connect_duration_ms=1 send_duration_ms=0 receive_duration_ms=3 total_duration_ms=4
[2026-02-03 01:12:12.096] [info] [spider.worker] [TIMING] worker_id=0a8fe0c6-ecb3-4c70-a103-297a58ab0749 task_id=none get_next_task request_start=510374301 connect_end=510374302 send_end=510374302 receive_end=510374304 connect_duration_ms=0 send_duration_ms=0 receive_duration_ms=1 total_duration_ms=2
[2026-02-03 01:12:12.200] [info] [spider.worker] [TIMING] worker_id=0a8fe0c6-ecb3-4c70-a103-297a58ab0749 task_id=none get_next_task request_start=510374405 connect_end=510374406 send_end=510374406 receive_end=510374408 connect_duration_ms=0 send_duration_ms=0 receive_duration_ms=1 total_duration_ms=2
[2026-02-03 01:12:12.304] [info] [spider.worker] [TIMING] worker_id=0a8fe0c6-ecb3-4c70-a103-297a58ab0749 task_id=none get_next_task request_start=510374509 connect_end=510374510 send_end=510374510 receive_end=510374512 connect_duration_ms=0 send_duration_ms=0 receive_duration_ms=1 total_duration_ms=2
[2026-02-03 01:12:12.408] [info] [spider.worker] [TIMING] worker_id=0a8fe0c6-ecb3-4c70-a103-297a58ab0749 task_id=none get_next_task request_start=510374614 connect_end=510374615 send_end=510374615 receive_end=510374617 connect_duration_ms=1 send_duration_ms=0 receive_duration_ms=2 total_duration_ms=3
[2026-02-03 01:12:12.513] [info] [spider.worker] [TIMING] worker_id=0a8fe0c6-ecb3-4c70-a103-297a58ab0749 task_id=none get_next_task request_start=510374718 connect_end=510374719 send_end=510374719 receive_end=510374721 connect_duration_ms=0 send_duration_ms=0 receive_duration_ms=2 total_duration_ms=2
[2026-02-03 01:12:12.618] [info] [spider.worker] [TIMING] worker_id=0a8fe0c6-ecb3-4c70-a103-297a58ab0749 task_id=none get_next_task request_start=510374823 connect_end=510374824 send_end=510374824 receive_end=510374826 connect_duration_ms=0 send_duration_ms=0 receive_duration_ms=2 total_duration_ms=3
[2026-02-03 01:12:12.723] [info] [spider.worker] [TIMING] worker_id=0a8fe0c6-ecb3-4c70-a103-297a58ab0749 task_id=none get_next_task request_start=510374928 connect_end=510374929 send_end=510374929 receive_end=510374931 connect_duration_ms=1 send_duration_ms=0 receive_duration_ms=2 total_duration_ms=3
[2026-02-03 01:12:12.832] [info] [spider.worker] [TIMING] worker_id=0a8fe0c6-ecb3-4c70-a103-297a58ab0749 task_id=none get_next_task request_start=510375034 connect_end=510375035 send_end=510375035 receive_end=510375041 connect_duration_ms=1 send_duration_ms=0 receive_duration_ms=5 total_duration_ms=6
[2026-02-03 01:12:12.942] [info] [spider.worker] [TIMING] worker_id=0a8fe0c6-ecb3-4c70-a103-297a58ab0749 task_id=none get_next_task request_start=510375143 connect_end=510375144 send_end=510375144 receive_end=510375151 connect_duration_ms=1 send_duration_ms=0 receive_duration_ms=6 total_duration_ms=7
[2026-02-03 01:12:13.050] [info] [spider.worker] [TIMING] worker_id=0a8fe0c6-ecb3-4c70-a103-297a58ab0749 task_id=none get_next_task request_start=510375253 connect_end=510375254 send_end=510375254 receive_end=510375259 connect_duration_ms=1 send_duration_ms=0 receive_duration_ms=4 total_duration_ms=5
[2026-02-03 01:12:13.159] [info] [spider.worker] [TIMING] worker_id=0a8fe0c6-ecb3-4c70-a103-297a58ab0749 task_id=none get_next_task request_start=510375361 connect_end=510375362 send_end=510375362 receive_end=510375367 connect_duration_ms=1 send_duration_ms=0 receive_duration_ms=4 total_duration_ms=6
[2026-02-03 01:12:13.263] [info] [spider.worker] [TIMING] worker_id=0a8fe0c6-ecb3-4c70-a103-297a58ab0749 task_id=none get_next_task request_start=510375469 connect_end=510375470 send_end=510375470 receive_end=510375472 connect_duration_ms=0 send_duration_ms=0 receive_duration_ms=1 total_duration_ms=2
[2026-02-03 01:12:13.368] [info] [spider.worker] [TIMING] worker_id=0a8fe0c6-ecb3-4c70-a103-297a58ab0749 task_id=none get_next_task request_start=510375573 connect_end=510375574 send_end=510375574 receive_end=510375576 connect_duration_ms=1 send_duration_ms=0 receive_duration_ms=2 total_duration_ms=3
[2026-02-03 01:12:13.473] [info] [spider.worker] [TIMING] worker_id=0a8fe0c6-ecb3-4c70-a103-297a58ab0749 task_id=none get_next_task request_start=510375678 connect_end=510375679 send_end=510375679 receive_end=510375681 connect_duration_ms=1 send_duration_ms=0 receive_duration_ms=1 total_duration_ms=2
[2026-02-03 01:12:13.582] [info] [spider.worker] [TIMING] worker_id=0a8fe0c6-ecb3-4c70-a103-297a58ab0749 task_id=none get_next_task request_start=510375783 connect_end=510375785 send_end=510375785 receive_end=510375791 connect_duration_ms=1 send_duration_ms=0 receive_duration_ms=6 total_duration_ms=7
[2026-02-03 01:12:13.689] [info] [spider.worker] [TIMING] worker_id=0a8fe0c6-ecb3-4c70-a103-297a58ab0749 task_id=none get_next_task request_start=510375892 connect_end=510375893 send_end=510375893 receive_end=510375898 connect_duration_ms=0 send_duration_ms=0 receive_duration_ms=4 total_duration_ms=5
[2026-02-03 01:12:13.796] [info] [spider.worker] [TIMING] worker_id=0a8fe0c6-ecb3-4c70-a103-297a58ab0749 task_id=none get_next_task request_start=510375999 connect_end=510376000 send_end=510376000 receive_end=510376004 connect_duration_ms=0 send_duration_ms=0 receive_duration_ms=4 total_duration_ms=5
[2026-02-03 01:12:13.903] [info] [spider.worker] [TIMING] worker_id=0a8fe0c6-ecb3-4c70-a103-297a58ab0749 task_id=none get_next_task request_start=510376106 connect_end=510376107 send_end=510376107 receive_end=510376111 connect_duration_ms=1 send_duration_ms=0 receive_duration_ms=4 total_duration_ms=5
[2026-02-03 01:12:14.011] [info] [spider.worker] [TIMING] worker_id=0a8fe0c6-ecb3-4c70-a103-297a58ab0749 task_id=none get_next_task request_start=510376213 connect_end=510376215 send_end=510376215 receive_end=510376220 connect_duration_ms=1 send_duration_ms=0 receive_duration_ms=5 total_duration_ms=6
[2026-02-03 01:12:14.119] [info] [spider.worker] [TIMING] worker_id=0a8fe0c6-ecb3-4c70-a103-297a58ab0749 task_id=none get_next_task request_start=510376322 connect_end=510376323 send_end=510376323 receive_end=510376328 connect_duration_ms=1 send_duration_ms=0 receive_duration_ms=4 total_duration_ms=5
[2026-02-03 01:12:14.227] [info] [spider.worker] [TIMING] worker_id=0a8fe0c6-ecb3-4c70-a103-297a58ab0749 task_id=none get_next_task request_start=510376430 connect_end=510376432 send_end=510376432 receive_end=510376435 connect_duration_ms=1 send_duration_ms=0 receive_duration_ms=3 total_duration_ms=5
[2026-02-03 01:12:14.335] [info] [spider.worker] [TIMING] worker_id=0a8fe0c6-ecb3-4c70-a103-297a58ab0749 task_id=none get_next_task request_start=510376538 connect_end=510376539 send_end=510376539 receive_end=510376543 connect_duration_ms=1 send_duration_ms=0 receive_duration_ms=3 total_duration_ms=5
[2026-02-03 01:12:14.445] [info] [spider.worker] [TIMING] worker_id=0a8fe0c6-ecb3-4c70-a103-297a58ab0749 task_id=none get_next_task request_start=510376646 connect_end=510376647 send_end=510376647 receive_end=510376654 connect_duration_ms=1 send_duration_ms=0 receive_duration_ms=6 total_duration_ms=7
[2026-02-03 01:12:14.554] [info] [spider.worker] [TIMING] worker_id=0a8fe0c6-ecb3-4c70-a103-297a58ab0749 task_id=none get_next_task request_start=510376757 connect_end=510376758 send_end=510376758 receive_end=510376762 connect_duration_ms=1 send_duration_ms=0 receive_duration_ms=4 total_duration_ms=5
[2026-02-03 01:12:14.663] [info] [spider.worker] [TIMING] worker_id=0a8fe0c6-ecb3-4c70-a103-297a58ab0749 task_id=none get_next_task request_start=510376865 connect_end=510376867 send_end=510376867 receive_end=510376872 connect_duration_ms=1 send_duration_ms=0 receive_duration_ms=4 total_duration_ms=6
[2026-02-03 01:12:14.772] [info] [spider.worker] [TIMING] worker_id=0a8fe0c6-ecb3-4c70-a103-297a58ab0749 task_id=none get_next_task request_start=510376974 connect_end=510376976 send_end=510376976 receive_end=510376981 connect_duration_ms=1 send_duration_ms=0 receive_duration_ms=4 total_duration_ms=6
[2026-02-03 01:12:14.879] [info] [spider.worker] [TIMING] worker_id=0a8fe0c6-ecb3-4c70-a103-297a58ab0749 task_id=none get_next_task request_start=510377083 connect_end=510377085 send_end=510377085 receive_end=510377087 connect_duration_ms=1 send_duration_ms=0 receive_duration_ms=2 total_duration_ms=4
[2026-02-03 01:12:14.986] [info] [spider.worker] [TIMING] worker_id=0a8fe0c6-ecb3-4c70-a103-297a58ab0749 task_id=none get_next_task request_start=510377189 connect_end=510377191 send_end=510377191 receive_end=510377195 connect_duration_ms=1 send_duration_ms=0 receive_duration_ms=3 total_duration_ms=5
[2026-02-03 01:12:15.096] [info] [spider.worker] [TIMING] worker_id=0a8fe0c6-ecb3-4c70-a103-297a58ab0749 task_id=none get_next_task request_start=510377297 connect_end=510377299 send_end=510377299 receive_end=510377304 connect_duration_ms=1 send_duration_ms=0 receive_duration_ms=5 total_duration_ms=7
[2026-02-03 01:12:15.205] [info] [spider.worker] [TIMING] worker_id=0a8fe0c6-ecb3-4c70-a103-297a58ab0749 task_id=none get_next_task request_start=510377407 connect_end=510377409 send_end=510377409 receive_end=510377413 connect_duration_ms=1 send_duration_ms=0 receive_duration_ms=4 total_duration_ms=6
[2026-02-03 01:12:15.316] [info] [spider.worker] [TIMING] worker_id=0a8fe0c6-ecb3-4c70-a103-297a58ab0749 task_id=none get_next_task request_start=510377516 connect_end=510377518 send_end=510377518 receive_end=510377525 connect_duration_ms=1 send_duration_ms=0 receive_duration_ms=7 total_duration_ms=8
[2026-02-03 01:12:15.426] [info] [spider.worker] [TIMING] worker_id=0a8fe0c6-ecb3-4c70-a103-297a58ab0749 task_id=none get_next_task request_start=510377627 connect_end=510377628 send_end=510377629 receive_end=510377634 connect_duration_ms=1 send_duration_ms=0 receive_duration_ms=5 total_duration_ms=7
[2026-02-03 01:12:15.535] [info] [spider.worker] [TIMING] worker_id=0a8fe0c6-ecb3-4c70-a103-297a58ab0749 task_id=none get_next_task request_start=510377737 connect_end=510377739 send_end=510377739 receive_end=510377743 connect_duration_ms=1 send_duration_ms=0 receive_duration_ms=4 total_duration_ms=6
[2026-02-03 01:12:15.643] [info] [spider.worker] [TIMING] worker_id=0a8fe0c6-ecb3-4c70-a103-297a58ab0749 task_id=none get_next_task request_start=510377845 connect_end=510377847 send_end=510377847 receive_end=510377851 connect_duration_ms=1 send_duration_ms=0 receive_duration_ms=4 total_duration_ms=5
[2026-02-03 01:12:15.751] [info] [spider.worker] [TIMING] worker_id=0a8fe0c6-ecb3-4c70-a103-297a58ab0749 task_id=none get_next_task request_start=510377954 connect_end=510377956 send_end=510377956 receive_end=510377960 connect_duration_ms=2 send_duration_ms=0 receive_duration_ms=3 total_duration_ms=5
[2026-02-03 01:12:15.860] [info] [spider.worker] [TIMING] worker_id=0a8fe0c6-ecb3-4c70-a103-297a58ab0749 task_id=none get_next_task request_start=510378062 connect_end=510378064 send_end=510378064 receive_end=510378068 connect_duration_ms=1 send_duration_ms=0 receive_duration_ms=4 total_duration_ms=6
[2026-02-03 01:12:15.968] [info] [spider.worker] [TIMING] worker_id=0a8fe0c6-ecb3-4c70-a103-297a58ab0749 task_id=none get_next_task request_start=510378171 connect_end=510378173 send_end=510378173 receive_end=510378177 connect_duration_ms=1 send_duration_ms=0 receive_duration_ms=4 total_duration_ms=6
[2026-02-03 01:12:16.077] [info] [spider.worker] [TIMING] worker_id=0a8fe0c6-ecb3-4c70-a103-297a58ab0749 task_id=none get_next_task request_start=510378279 connect_end=510378280 send_end=510378281 receive_end=510378285 connect_duration_ms=1 send_duration_ms=0 receive_duration_ms=4 total_duration_ms=5
[2026-02-03 01:12:16.185] [info] [spider.worker] [TIMING] worker_id=0a8fe0c6-ecb3-4c70-a103-297a58ab0749 task_id=none get_next_task request_start=510378387 connect_end=510378389 send_end=510378389 receive_end=510378393 connect_duration_ms=1 send_duration_ms=0 receive_duration_ms=3 total_duration_ms=5
[2026-02-03 01:12:16.293] [info] [spider.worker] [TIMING] worker_id=0a8fe0c6-ecb3-4c70-a103-297a58ab0749 task_id=none get_next_task request_start=510378496 connect_end=510378497 send_end=510378497 receive_end=510378502 connect_duration_ms=1 send_duration_ms=0 receive_duration_ms=4 total_duration_ms=6
[2026-02-03 01:12:16.403] [info] [spider.worker] [TIMING] worker_id=0a8fe0c6-ecb3-4c70-a103-297a58ab0749 task_id=none get_next_task request_start=510378604 connect_end=510378606 send_end=510378606 receive_end=510378611 connect_duration_ms=1 send_duration_ms=0 receive_duration_ms=5 total_duration_ms=6
[2026-02-03 01:12:16.510] [info] [spider.worker] [TIMING] worker_id=0a8fe0c6-ecb3-4c70-a103-297a58ab0749 task_id=none get_next_task request_start=510378713 connect_end=510378715 send_end=510378715 receive_end=510378719 connect_duration_ms=1 send_duration_ms=0 receive_duration_ms=3 total_duration_ms=5
[2026-02-03 01:12:16.617] [info] [spider.worker] [TIMING] worker_id=0a8fe0c6-ecb3-4c70-a103-297a58ab0749 task_id=none get_next_task request_start=510378821 connect_end=510378823 send_end=510378823 receive_end=510378825 connect_duration_ms=1 send_duration_ms=0 receive_duration_ms=2 total_duration_ms=3
[2026-02-03 01:12:16.726] [info] [spider.worker] [TIMING] worker_id=0a8fe0c6-ecb3-4c70-a103-297a58ab0749 task_id=none get_next_task request_start=510378927 connect_end=510378929 send_end=510378929 receive_end=510378935 connect_duration_ms=1 send_duration_ms=0 receive_duration_ms=5 total_duration_ms=7
[2026-02-03 01:12:16.834] [info] [spider.worker] [TIMING] worker_id=0a8fe0c6-ecb3-4c70-a103-297a58ab0749 task_id=none get_next_task request_start=510379037 connect_end=510379039 send_end=510379039 receive_end=510379043 connect_duration_ms=1 send_duration_ms=0 receive_duration_ms=3 total_duration_ms=5
[2026-02-03 01:12:16.942] [info] [spider.worker] [TIMING] worker_id=0a8fe0c6-ecb3-4c70-a103-297a58ab0749 task_id=none get_next_task request_start=510379145 connect_end=510379147 send_end=510379147 receive_end=510379151 connect_duration_ms=1 send_duration_ms=0 receive_duration_ms=4 total_duration_ms=5
[2026-02-03 01:12:17.051] [info] [spider.worker] [TIMING] worker_id=0a8fe0c6-ecb3-4c70-a103-297a58ab0749 task_id=none get_next_task request_start=510379253 connect_end=510379255 send_end=510379255 receive_end=510379259 connect_duration_ms=1 send_duration_ms=0 receive_duration_ms=3 total_duration_ms=5
[2026-02-03 01:12:17.164] [info] [spider.worker] [TIMING] worker_id=0a8fe0c6-ecb3-4c70-a103-297a58ab0749 task_id=none get_next_task request_start=510379362 connect_end=510379364 send_end=510379364 receive_end=510379372 connect_duration_ms=1 send_duration_ms=0 receive_duration_ms=8 total_duration_ms=10
[2026-02-03 01:12:17.274] [info] [spider.worker] [TIMING] worker_id=0a8fe0c6-ecb3-4c70-a103-297a58ab0749 task_id=none get_next_task request_start=510379475 connect_end=510379477 send_end=510379477 receive_end=510379482 connect_duration_ms=1 send_duration_ms=0 receive_duration_ms=5 total_duration_ms=6
[2026-02-03 01:12:17.383] [info] [spider.worker] [TIMING] worker_id=0a8fe0c6-ecb3-4c70-a103-297a58ab0749 task_id=none get_next_task request_start=510379585 connect_end=510379586 send_end=510379586 receive_end=510379591 connect_duration_ms=1 send_duration_ms=0 receive_duration_ms=4 total_duration_ms=6
[2026-02-03 01:12:17.492] [info] [spider.worker] [TIMING] worker_id=0a8fe0c6-ecb3-4c70-a103-297a58ab0749 task_id=none get_next_task request_start=510379694 connect_end=510379695 send_end=510379696 receive_end=510379700 connect_duration_ms=1 send_duration_ms=0 receive_duration_ms=4 total_duration_ms=6
[2026-02-03 01:12:17.601] [info] [spider.worker] [TIMING] worker_id=0a8fe0c6-ecb3-4c70-a103-297a58ab0749 task_id=none get_next_task request_start=510379803 connect_end=510379805 send_end=510379805 receive_end=510379809 connect_duration_ms=1 send_duration_ms=0 receive_duration_ms=4 total_duration_ms=6
[2026-02-03 01:12:17.709] [info] [spider.worker] [TIMING] worker_id=0a8fe0c6-ecb3-4c70-a103-297a58ab0749 task_id=none get_next_task request_start=510379912 connect_end=510379913 send_end=510379914 receive_end=510379918 connect_duration_ms=1 send_duration_ms=0 receive_duration_ms=4 total_duration_ms=5
[2026-02-03 01:12:17.819] [info] [spider.worker] [TIMING] worker_id=0a8fe0c6-ecb3-4c70-a103-297a58ab0749 task_id=none get_next_task request_start=510380020 connect_end=510380022 send_end=510380022 receive_end=510380027 connect_duration_ms=1 send_duration_ms=0 receive_duration_ms=5 total_duration_ms=6
[2026-02-03 01:12:17.928] [info] [spider.worker] [TIMING] worker_id=0a8fe0c6-ecb3-4c70-a103-297a58ab0749 task_id=none get_next_task request_start=510380130 connect_end=510380131 send_end=510380131 receive_end=510380137 connect_duration_ms=1 send_duration_ms=0 receive_duration_ms=5 total_duration_ms=7
[2026-02-03 01:12:18.038] [info] [spider.worker] [TIMING] worker_id=0a8fe0c6-ecb3-4c70-a103-297a58ab0749 task_id=none get_next_task request_start=510380239 connect_end=510380241 send_end=510380241 receive_end=510380246 connect_duration_ms=1 send_duration_ms=0 receive_duration_ms=5 total_duration_ms=6
[2026-02-03 01:12:18.147] [info] [spider.worker] [TIMING] worker_id=0a8fe0c6-ecb3-4c70-a103-297a58ab0749 task_id=none get_next_task request_start=510380349 connect_end=510380351 send_end=510380351 receive_end=510380355 connect_duration_ms=1 send_duration_ms=0 receive_duration_ms=4 total_duration_ms=6
[2026-02-03 01:12:18.255] [info] [spider.worker] [TIMING] worker_id=0a8fe0c6-ecb3-4c70-a103-297a58ab0749 task_id=none get_next_task request_start=510380458 connect_end=510380459 send_end=510380460 receive_end=510380463 connect_duration_ms=1 send_duration_ms=0 receive_duration_ms=3 total_duration_ms=5
[2026-02-03 01:12:18.363] [info] [spider.worker] [TIMING] worker_id=0a8fe0c6-ecb3-4c70-a103-297a58ab0749 task_id=none get_next_task request_start=510380566 connect_end=510380567 send_end=510380567 receive_end=510380571 connect_duration_ms=1 send_duration_ms=0 receive_duration_ms=4 total_duration_ms=5
[2026-02-03 01:12:18.477] [info] [spider.worker] [TIMING] worker_id=0a8fe0c6-ecb3-4c70-a103-297a58ab0749 task_id=none get_next_task request_start=510380674 connect_end=510380676 send_end=510380676 receive_end=510380686 connect_duration_ms=1 send_duration_ms=0 receive_duration_ms=10 total_duration_ms=11
[2026-02-03 01:12:18.587] [info] [spider.worker] [TIMING] worker_id=0a8fe0c6-ecb3-4c70-a103-297a58ab0749 task_id=none get_next_task request_start=510380788 connect_end=510380790 send_end=510380790 receive_end=510380795 connect_duration_ms=1 send_duration_ms=0 receive_duration_ms=5 total_duration_ms=7
[2026-02-03 01:12:18.695] [info] [spider.worker] [TIMING] worker_id=0a8fe0c6-ecb3-4c70-a103-297a58ab0749 task_id=none get_next_task request_start=510380898 connect_end=510380900 send_end=510380900 receive_end=510380903 connect_duration_ms=1 send_duration_ms=0 receive_duration_ms=3 total_duration_ms=5
[2026-02-03 01:12:18.804] [info] [spider.worker] [TIMING] worker_id=0a8fe0c6-ecb3-4c70-a103-297a58ab0749 task_id=none get_next_task request_start=510381006 connect_end=510381008 send_end=510381008 receive_end=510381012 connect_duration_ms=1 send_duration_ms=0 receive_duration_ms=4 total_duration_ms=6
[2026-02-03 01:12:18.914] [info] [spider.worker] [TIMING] worker_id=0a8fe0c6-ecb3-4c70-a103-297a58ab0749 task_id=none get_next_task request_start=510381115 connect_end=510381117 send_end=510381117 receive_end=510381123 connect_duration_ms=1 send_duration_ms=0 receive_duration_ms=5 total_duration_ms=7
[2026-02-03 01:12:19.019] [info] [spider.worker] [TIMING] worker_id=0a8fe0c6-ecb3-4c70-a103-297a58ab0749 task_id=none get_next_task request_start=510381224 connect_end=510381225 send_end=510381225 receive_end=510381228 connect_duration_ms=0 send_duration_ms=0 receive_duration_ms=2 total_duration_ms=3
[2026-02-03 01:12:19.125] [info] [spider.worker] [TIMING] worker_id=0a8fe0c6-ecb3-4c70-a103-297a58ab0749 task_id=none get_next_task request_start=510381330 connect_end=510381331 send_end=510381331 receive_end=510381333 connect_duration_ms=1 send_duration_ms=0 receive_duration_ms=2 total_duration_ms=3
[2026-02-03 01:12:19.229] [info] [spider.worker] [TIMING] worker_id=0a8fe0c6-ecb3-4c70-a103-297a58ab0749 task_id=none get_next_task request_start=510381435 connect_end=510381436 send_end=510381436 receive_end=510381438 connect_duration_ms=1 send_duration_ms=0 receive_duration_ms=2 total_duration_ms=3
[2026-02-03 01:12:19.341] [info] [spider.worker] [TIMING] worker_id=0a8fe0c6-ecb3-4c70-a103-297a58ab0749 task_id=none get_next_task request_start=510381540 connect_end=510381542 send_end=510381542 receive_end=510381549 connect_duration_ms=1 send_duration_ms=0 receive_duration_ms=7 total_duration_ms=8
[2026-02-03 01:12:19.449] [info] [spider.worker] [TIMING] worker_id=0a8fe0c6-ecb3-4c70-a103-297a58ab0749 task_id=none get_next_task request_start=510381651 connect_end=510381652 send_end=510381652 receive_end=510381657 connect_duration_ms=1 send_duration_ms=0 receive_duration_ms=5 total_duration_ms=6
[2026-02-03 01:12:19.554] [info] [spider.worker] [TIMING] worker_id=0a8fe0c6-ecb3-4c70-a103-297a58ab0749 task_id=none get_next_task request_start=510381758 connect_end=510381759 send_end=510381759 receive_end=510381763 connect_duration_ms=0 send_duration_ms=0 receive_duration_ms=3 total_duration_ms=4
[2026-02-03 01:12:19.664] [info] [spider.worker] [TIMING] worker_id=0a8fe0c6-ecb3-4c70-a103-297a58ab0749 task_id=none get_next_task request_start=510381865 connect_end=510381867 send_end=510381867 receive_end=510381872 connect_duration_ms=1 send_duration_ms=0 receive_duration_ms=5 total_duration_ms=7
[2026-02-03 01:12:19.768] [info] [spider.worker] [TIMING] worker_id=0a8fe0c6-ecb3-4c70-a103-297a58ab0749 task_id=none get_next_task request_start=510381974 connect_end=510381975 send_end=510381975 receive_end=510381977 connect_duration_ms=0 send_duration_ms=0 receive_duration_ms=1 total_duration_ms=2
[2026-02-03 01:12:19.873] [info] [spider.worker] [TIMING] worker_id=0a8fe0c6-ecb3-4c70-a103-297a58ab0749 task_id=none get_next_task request_start=510382079 connect_end=510382079 send_end=510382079 receive_end=510382081 connect_duration_ms=0 send_duration_ms=0 receive_duration_ms=2 total_duration_ms=2
[2026-02-03 01:12:19.977] [info] [spider.worker] [TIMING] worker_id=0a8fe0c6-ecb3-4c70-a103-297a58ab0749 task_id=none get_next_task request_start=510382183 connect_end=510382184 send_end=510382184 receive_end=510382186 connect_duration_ms=0 send_duration_ms=0 receive_duration_ms=1 total_duration_ms=2
[2026-02-03 01:12:20.082] [info] [spider.worker] [TIMING] worker_id=0a8fe0c6-ecb3-4c70-a103-297a58ab0749 task_id=none get_next_task request_start=510382287 connect_end=510382288 send_end=510382289 receive_end=510382290 connect_duration_ms=1 send_duration_ms=0 receive_duration_ms=1 total_duration_ms=3
[2026-02-03 01:12:20.198] [info] [spider.worker] [TIMING] worker_id=0a8fe0c6-ecb3-4c70-a103-297a58ab0749 task_id=none get_next_task request_start=510382396 connect_end=510382398 send_end=510382398 receive_end=510382406 connect_duration_ms=1 send_duration_ms=0 receive_duration_ms=8 total_duration_ms=9
[2026-02-03 01:12:20.303] [info] [spider.worker] [TIMING] worker_id=0a8fe0c6-ecb3-4c70-a103-297a58ab0749 task_id=none get_next_task request_start=510382508 connect_end=510382509 send_end=510382509 receive_end=510382511 connect_duration_ms=1 send_duration_ms=0 receive_duration_ms=2 total_duration_ms=3
[2026-02-03 01:12:20.410] [info] [spider.worker] [TIMING] worker_id=0a8fe0c6-ecb3-4c70-a103-297a58ab0749 task_id=none get_next_task request_start=510382613 connect_end=510382614 send_end=510382614 receive_end=510382618 connect_duration_ms=0 send_duration_ms=0 receive_duration_ms=4 total_duration_ms=5
[2026-02-03 01:12:20.516] [info] [spider.worker] [TIMING] worker_id=0a8fe0c6-ecb3-4c70-a103-297a58ab0749 task_id=none get_next_task request_start=510382720 connect_end=510382721 send_end=510382721 receive_end=510382724 connect_duration_ms=1 send_duration_ms=0 receive_duration_ms=2 total_duration_ms=3
[2026-02-03 01:12:20.628] [info] [spider.worker] [TIMING] worker_id=0a8fe0c6-ecb3-4c70-a103-297a58ab0749 task_id=none get_next_task request_start=510382826 connect_end=510382827 send_end=510382827 receive_end=510382836 connect_duration_ms=1 send_duration_ms=0 receive_duration_ms=9 total_duration_ms=10
[2026-02-03 01:12:20.737] [info] [spider.worker] [TIMING] worker_id=0a8fe0c6-ecb3-4c70-a103-297a58ab0749 task_id=none get_next_task request_start=510382939 connect_end=510382940 send_end=510382940 receive_end=510382945 connect_duration_ms=1 send_duration_ms=0 receive_duration_ms=5 total_duration_ms=6
[2026-02-03 01:12:20.844] [info] [spider.worker] [TIMING] worker_id=0a8fe0c6-ecb3-4c70-a103-297a58ab0749 task_id=none get_next_task request_start=510383048 connect_end=510383049 send_end=510383049 receive_end=510383053 connect_duration_ms=1 send_duration_ms=0 receive_duration_ms=3 total_duration_ms=5
[2026-02-03 01:12:20.949] [info] [spider.worker] [TIMING] worker_id=0a8fe0c6-ecb3-4c70-a103-297a58ab0749 task_id=none get_next_task request_start=510383155 connect_end=510383155 send_end=510383155 receive_end=510383157 connect_duration_ms=0 send_duration_ms=0 receive_duration_ms=1 total_duration_ms=2
[2026-02-03 01:12:21.053] [info] [spider.worker] [TIMING] worker_id=0a8fe0c6-ecb3-4c70-a103-297a58ab0749 task_id=none get_next_task request_start=510383259 connect_end=510383260 send_end=510383260 receive_end=510383262 connect_duration_ms=0 send_duration_ms=0 receive_duration_ms=1 total_duration_ms=2
[2026-02-03 01:12:21.161] [info] [spider.worker] [TIMING] worker_id=0a8fe0c6-ecb3-4c70-a103-297a58ab0749 task_id=none get_next_task request_start=510383364 connect_end=510383365 send_end=510383365 receive_end=510383370 connect_duration_ms=1 send_duration_ms=0 receive_duration_ms=4 total_duration_ms=5
[2026-02-03 01:12:21.270] [info] [spider.worker] [TIMING] worker_id=0a8fe0c6-ecb3-4c70-a103-297a58ab0749 task_id=none get_next_task request_start=510383473 connect_end=510383474 send_end=510383474 receive_end=510383478 connect_duration_ms=1 send_duration_ms=0 receive_duration_ms=3 total_duration_ms=5
[2026-02-03 01:12:21.377] [info] [spider.worker] [TIMING] worker_id=0a8fe0c6-ecb3-4c70-a103-297a58ab0749 task_id=none get_next_task request_start=510383580 connect_end=510383581 send_end=510383581 receive_end=510383585 connect_duration_ms=1 send_duration_ms=0 receive_duration_ms=3 total_duration_ms=4
[2026-02-03 01:12:21.482] [info] [spider.worker] [TIMING] worker_id=0a8fe0c6-ecb3-4c70-a103-297a58ab0749 task_id=none get_next_task request_start=510383687 connect_end=510383688 send_end=510383688 receive_end=510383690 connect_duration_ms=1 send_duration_ms=0 receive_duration_ms=1 total_duration_ms=3
[2026-02-03 01:12:21.587] [info] [spider.worker] [TIMING] worker_id=0a8fe0c6-ecb3-4c70-a103-297a58ab0749 task_id=none get_next_task request_start=510383792 connect_end=510383793 send_end=510383793 receive_end=510383796 connect_duration_ms=1 send_duration_ms=0 receive_duration_ms=2 total_duration_ms=3
[2026-02-03 01:12:21.694] [info] [spider.worker] [TIMING] worker_id=0a8fe0c6-ecb3-4c70-a103-297a58ab0749 task_id=none get_next_task request_start=510383898 connect_end=510383899 send_end=510383899 receive_end=510383903 connect_duration_ms=1 send_duration_ms=0 receive_duration_ms=3 total_duration_ms=5
[2026-02-03 01:12:21.802] [info] [spider.worker] [TIMING] worker_id=0a8fe0c6-ecb3-4c70-a103-297a58ab0749 task_id=none get_next_task request_start=510384005 connect_end=510384006 send_end=510384006 receive_end=510384011 connect_duration_ms=1 send_duration_ms=0 receive_duration_ms=4 total_duration_ms=6
[2026-02-03 01:12:21.912] [info] [spider.worker] [TIMING] worker_id=0a8fe0c6-ecb3-4c70-a103-297a58ab0749 task_id=none get_next_task request_start=510384113 connect_end=510384115 send_end=510384115 receive_end=510384120 connect_duration_ms=1 send_duration_ms=0 receive_duration_ms=5 total_duration_ms=6
[2026-02-03 01:12:22.020] [info] [spider.worker] [TIMING] worker_id=0a8fe0c6-ecb3-4c70-a103-297a58ab0749 task_id=none get_next_task request_start=510384223 connect_end=510384225 send_end=510384225 receive_end=510384228 connect_duration_ms=1 send_duration_ms=0 receive_duration_ms=3 total_duration_ms=5
[2026-02-03 01:12:22.128] [info] [spider.worker] [TIMING] worker_id=0a8fe0c6-ecb3-4c70-a103-297a58ab0749 task_id=none get_next_task request_start=510384331 connect_end=510384332 send_end=510384332 receive_end=510384337 connect_duration_ms=1 send_duration_ms=0 receive_duration_ms=4 total_duration_ms=6
[2026-02-03 01:12:22.237] [info] [spider.worker] [TIMING] worker_id=0a8fe0c6-ecb3-4c70-a103-297a58ab0749 task_id=none get_next_task request_start=510384439 connect_end=510384441 send_end=510384441 receive_end=510384445 connect_duration_ms=1 send_duration_ms=0 receive_duration_ms=3 total_duration_ms=5
[2026-02-03 01:12:22.346] [info] [spider.worker] [TIMING] worker_id=0a8fe0c6-ecb3-4c70-a103-297a58ab0749 task_id=none get_next_task request_start=510384547 connect_end=510384549 send_end=510384549 receive_end=510384554 connect_duration_ms=1 send_duration_ms=0 receive_duration_ms=4 total_duration_ms=6
[2026-02-03 01:12:22.454] [info] [spider.worker] [TIMING] worker_id=0a8fe0c6-ecb3-4c70-a103-297a58ab0749 task_id=none get_next_task request_start=510384656 connect_end=510384658 send_end=510384658 receive_end=510384663 connect_duration_ms=1 send_duration_ms=0 receive_duration_ms=4 total_duration_ms=6
[2026-02-03 01:12:22.563] [info] [spider.worker] [TIMING] worker_id=0a8fe0c6-ecb3-4c70-a103-297a58ab0749 task_id=none get_next_task request_start=510384765 connect_end=510384767 send_end=510384767 receive_end=510384771 connect_duration_ms=1 send_duration_ms=0 receive_duration_ms=4 total_duration_ms=5
[2026-02-03 01:12:22.671] [info] [spider.worker] [TIMING] worker_id=0a8fe0c6-ecb3-4c70-a103-297a58ab0749 task_id=none get_next_task request_start=510384874 connect_end=510384876 send_end=510384876 receive_end=510384880 connect_duration_ms=1 send_duration_ms=0 receive_duration_ms=4 total_duration_ms=5
[2026-02-03 01:12:22.780] [info] [spider.worker] [TIMING] worker_id=0a8fe0c6-ecb3-4c70-a103-297a58ab0749 task_id=none get_next_task request_start=510384982 connect_end=510384984 send_end=510384984 receive_end=510384988 connect_duration_ms=1 send_duration_ms=0 receive_duration_ms=3 total_duration_ms=5
[2026-02-03 01:12:22.888] [info] [spider.worker] [TIMING] worker_id=0a8fe0c6-ecb3-4c70-a103-297a58ab0749 task_id=none get_next_task request_start=510385091 connect_end=510385092 send_end=510385092 receive_end=510385097 connect_duration_ms=1 send_duration_ms=0 receive_duration_ms=4 total_duration_ms=6
[2026-02-03 01:12:22.999] [info] [spider.worker] [TIMING] worker_id=0a8fe0c6-ecb3-4c70-a103-297a58ab0749 task_id=none get_next_task request_start=510385200 connect_end=510385201 send_end=510385201 receive_end=510385207 connect_duration_ms=1 send_duration_ms=0 receive_duration_ms=5 total_duration_ms=7
[2026-02-03 01:12:23.106] [info] [spider.worker] [TIMING] worker_id=0a8fe0c6-ecb3-4c70-a103-297a58ab0749 task_id=none get_next_task request_start=510385309 connect_end=510385311 send_end=510385311 receive_end=510385315 connect_duration_ms=1 send_duration_ms=0 receive_duration_ms=3 total_duration_ms=5
[2026-02-03 01:12:23.228] [info] [spider.worker] [TIMING] worker_id=0a8fe0c6-ecb3-4c70-a103-297a58ab0749 task_id=none get_next_task request_start=510385418 connect_end=510385420 send_end=510385420 receive_end=510385436 connect_duration_ms=1 send_duration_ms=0 receive_duration_ms=16 total_duration_ms=17
[2026-02-03 01:12:23.339] [info] [spider.worker] [TIMING] worker_id=0a8fe0c6-ecb3-4c70-a103-297a58ab0749 task_id=none get_next_task request_start=510385539 connect_end=510385542 send_end=510385542 receive_end=510385547 connect_duration_ms=2 send_duration_ms=0 receive_duration_ms=5 total_duration_ms=8
[2026-02-03 01:12:23.448] [info] [spider.worker] [TIMING] worker_id=0a8fe0c6-ecb3-4c70-a103-297a58ab0749 task_id=none get_next_task request_start=510385650 connect_end=510385652 send_end=510385652 receive_end=510385656 connect_duration_ms=1 send_duration_ms=0 receive_duration_ms=4 total_duration_ms=6
[2026-02-03 01:12:23.556] [info] [spider.worker] [TIMING] worker_id=0a8fe0c6-ecb3-4c70-a103-297a58ab0749 task_id=none get_next_task request_start=510385759 connect_end=510385760 send_end=510385760 receive_end=510385765 connect_duration_ms=1 send_duration_ms=0 receive_duration_ms=4 total_duration_ms=6
[2026-02-03 01:12:23.665] [info] [spider.worker] [TIMING] worker_id=0a8fe0c6-ecb3-4c70-a103-297a58ab0749 task_id=none get_next_task request_start=510385867 connect_end=510385869 send_end=510385869 receive_end=510385873 connect_duration_ms=2 send_duration_ms=0 receive_duration_ms=4 total_duration_ms=6
[2026-02-03 01:12:23.774] [info] [spider.worker] [TIMING] worker_id=0a8fe0c6-ecb3-4c70-a103-297a58ab0749 task_id=none get_next_task request_start=510385976 connect_end=510385978 send_end=510385978 receive_end=510385982 connect_duration_ms=1 send_duration_ms=0 receive_duration_ms=4 total_duration_ms=5
[2026-02-03 01:12:23.881] [info] [spider.worker] [TIMING] worker_id=0a8fe0c6-ecb3-4c70-a103-297a58ab0749 task_id=none get_next_task request_start=510386084 connect_end=510386085 send_end=510386086 receive_end=510386089 connect_duration_ms=1 send_duration_ms=0 receive_duration_ms=3 total_duration_ms=5
[2026-02-03 01:12:23.991] [info] [spider.worker] [TIMING] worker_id=0a8fe0c6-ecb3-4c70-a103-297a58ab0749 task_id=none get_next_task request_start=510386192 connect_end=510386194 send_end=510386194 receive_end=510386199 connect_duration_ms=1 send_duration_ms=0 receive_duration_ms=5 total_duration_ms=6
[2026-02-03 01:12:24.099] [info] [spider.worker] [TIMING] worker_id=0a8fe0c6-ecb3-4c70-a103-297a58ab0749 task_id=none get_next_task request_start=510386302 connect_end=510386303 send_end=510386303 receive_end=510386307 connect_duration_ms=1 send_duration_ms=0 receive_duration_ms=3 total_duration_ms=5
[2026-02-03 01:12:24.207] [info] [spider.worker] [TIMING] worker_id=0a8fe0c6-ecb3-4c70-a103-297a58ab0749 task_id=none get_next_task request_start=510386410 connect_end=510386412 send_end=510386412 receive_end=510386415 connect_duration_ms=1 send_duration_ms=0 receive_duration_ms=3 total_duration_ms=5
[2026-02-03 01:12:24.314] [info] [spider.worker] [TIMING] worker_id=0a8fe0c6-ecb3-4c70-a103-297a58ab0749 task_id=none get_next_task request_start=510386517 connect_end=510386519 send_end=510386519 receive_end=510386522 connect_duration_ms=1 send_duration_ms=0 receive_duration_ms=2 total_duration_ms=4
[2026-02-03 01:12:24.421] [info] [spider.worker] [TIMING] worker_id=0a8fe0c6-ecb3-4c70-a103-297a58ab0749 task_id=none get_next_task request_start=510386624 connect_end=510386625 send_end=510386625 receive_end=510386629 connect_duration_ms=1 send_duration_ms=0 receive_duration_ms=3 total_duration_ms=5
[2026-02-03 01:12:24.525] [info] [spider.worker] [TIMING] worker_id=0a8fe0c6-ecb3-4c70-a103-297a58ab0749 task_id=none get_next_task request_start=510386730 connect_end=510386731 send_end=510386731 receive_end=510386733 connect_duration_ms=0 send_duration_ms=0 receive_duration_ms=1 total_duration_ms=2
[2026-02-03 01:12:24.634] [info] [spider.worker] [TIMING] worker_id=0a8fe0c6-ecb3-4c70-a103-297a58ab0749 task_id=none get_next_task request_start=510386835 connect_end=510386836 send_end=510386836 receive_end=510386842 connect_duration_ms=1 send_duration_ms=0 receive_duration_ms=6 total_duration_ms=7
[2026-02-03 01:12:24.742] [info] [spider.worker] [TIMING] worker_id=0a8fe0c6-ecb3-4c70-a103-297a58ab0749 task_id=none get_next_task request_start=510386944 connect_end=510386946 send_end=510386946 receive_end=510386950 connect_duration_ms=1 send_duration_ms=0 receive_duration_ms=4 total_duration_ms=6
[2026-02-03 01:12:24.850] [info] [spider.worker] [TIMING] worker_id=0a8fe0c6-ecb3-4c70-a103-297a58ab0749 task_id=none get_next_task request_start=510387052 connect_end=510387054 send_end=510387054 receive_end=510387058 connect_duration_ms=1 send_duration_ms=0 receive_duration_ms=4 total_duration_ms=5
[2026-02-03 01:12:24.958] [info] [spider.worker] [TIMING] worker_id=0a8fe0c6-ecb3-4c70-a103-297a58ab0749 task_id=none get_next_task request_start=510387161 connect_end=510387163 send_end=510387163 receive_end=510387167 connect_duration_ms=1 send_duration_ms=0 receive_duration_ms=4 total_duration_ms=5
[2026-02-03 01:12:25.063] [info] [spider.worker] [TIMING] worker_id=0a8fe0c6-ecb3-4c70-a103-297a58ab0749 task_id=none get_next_task request_start=510387268 connect_end=510387269 send_end=510387269 receive_end=510387272 connect_duration_ms=0 send_duration_ms=0 receive_duration_ms=2 total_duration_ms=3
[2026-02-03 01:12:25.170] [info] [spider.worker] [TIMING] worker_id=0a8fe0c6-ecb3-4c70-a103-297a58ab0749 task_id=none get_next_task request_start=510387374 connect_end=510387376 send_end=510387376 receive_end=510387378 connect_duration_ms=1 send_duration_ms=0 receive_duration_ms=2 total_duration_ms=4
[2026-02-03 01:12:25.277] [info] [spider.worker] [TIMING] worker_id=0a8fe0c6-ecb3-4c70-a103-297a58ab0749 task_id=none get_next_task request_start=510387480 connect_end=510387482 send_end=510387482 receive_end=510387485 connect_duration_ms=1 send_duration_ms=0 receive_duration_ms=3 total_duration_ms=5
[2026-02-03 01:12:25.396] [info] [spider.worker] [TIMING] worker_id=0a8fe0c6-ecb3-4c70-a103-297a58ab0749 task_id=none get_next_task request_start=510387598 connect_end=510387600 send_end=510387600 receive_end=510387605 connect_duration_ms=1 send_duration_ms=0 receive_duration_ms=4 total_duration_ms=6
[2026-02-03 01:12:25.506] [info] [spider.worker] [TIMING] worker_id=0a8fe0c6-ecb3-4c70-a103-297a58ab0749 task_id=none get_next_task request_start=510387707 connect_end=510387709 send_end=510387709 receive_end=510387715 connect_duration_ms=1 send_duration_ms=0 receive_duration_ms=6 total_duration_ms=7
[2026-02-03 01:12:25.612] [info] [spider.worker] [TIMING] worker_id=0a8fe0c6-ecb3-4c70-a103-297a58ab0749 task_id=none get_next_task request_start=510387817 connect_end=510387818 send_end=510387818 receive_end=510387821 connect_duration_ms=1 send_duration_ms=0 receive_duration_ms=2 total_duration_ms=3
[2026-02-03 01:12:25.723] [info] [spider.worker] [TIMING] worker_id=0a8fe0c6-ecb3-4c70-a103-297a58ab0749 task_id=none get_next_task request_start=510387924 connect_end=510387925 send_end=510387925 receive_end=510387931 connect_duration_ms=1 send_duration_ms=0 receive_duration_ms=5 total_duration_ms=7
[2026-02-03 01:12:25.832] [info] [spider.worker] [TIMING] worker_id=0a8fe0c6-ecb3-4c70-a103-297a58ab0749 task_id=none get_next_task request_start=510388034 connect_end=510388035 send_end=510388035 receive_end=510388040 connect_duration_ms=1 send_duration_ms=0 receive_duration_ms=4 total_duration_ms=6
[2026-02-03 01:12:25.940] [info] [spider.worker] [TIMING] worker_id=0a8fe0c6-ecb3-4c70-a103-297a58ab0749 task_id=none get_next_task request_start=510388142 connect_end=510388144 send_end=510388144 receive_end=510388148 connect_duration_ms=1 send_duration_ms=0 receive_duration_ms=3 total_duration_ms=5
[2026-02-03 01:12:26.050] [info] [spider.worker] [TIMING] worker_id=0a8fe0c6-ecb3-4c70-a103-297a58ab0749 task_id=none get_next_task request_start=510388251 connect_end=510388253 send_end=510388253 receive_end=510388258 connect_duration_ms=2 send_duration_ms=0 receive_duration_ms=5 total_duration_ms=7
[2026-02-03 01:12:26.155] [info] [spider.worker] [TIMING] worker_id=0a8fe0c6-ecb3-4c70-a103-297a58ab0749 task_id=none get_next_task request_start=510388360 connect_end=510388361 send_end=510388361 receive_end=510388364 connect_duration_ms=1 send_duration_ms=0 receive_duration_ms=2 total_duration_ms=3
[2026-02-03 01:12:26.264] [info] [spider.worker] [TIMING] worker_id=0a8fe0c6-ecb3-4c70-a103-297a58ab0749 task_id=none get_next_task request_start=510388465 connect_end=510388467 send_end=510388467 receive_end=510388473 connect_duration_ms=1 send_duration_ms=0 receive_duration_ms=6 total_duration_ms=7
[2026-02-03 01:12:26.370] [info] [spider.worker] [TIMING] worker_id=0a8fe0c6-ecb3-4c70-a103-297a58ab0749 task_id=none get_next_task request_start=510388574 connect_end=510388576 send_end=510388576 receive_end=510388578 connect_duration_ms=1 send_duration_ms=0 receive_duration_ms=2 total_duration_ms=3
[2026-02-03 01:12:26.475] [info] [spider.worker] [TIMING] worker_id=0a8fe0c6-ecb3-4c70-a103-297a58ab0749 task_id=none get_next_task request_start=510388680 connect_end=510388681 send_end=510388681 receive_end=510388683 connect_duration_ms=1 send_duration_ms=0 receive_duration_ms=2 total_duration_ms=3
[2026-02-03 01:12:26.580] [info] [spider.worker] [TIMING] worker_id=0a8fe0c6-ecb3-4c70-a103-297a58ab0749 task_id=none get_next_task request_start=510388785 connect_end=510388787 send_end=510388787 receive_end=510388789 connect_duration_ms=1 send_duration_ms=0 receive_duration_ms=2 total_duration_ms=3
[2026-02-03 01:12:26.688] [info] [spider.worker] [TIMING] worker_id=0a8fe0c6-ecb3-4c70-a103-297a58ab0749 task_id=none get_next_task request_start=510388890 connect_end=510388891 send_end=510388891 receive_end=510388897 connect_duration_ms=0 send_duration_ms=0 receive_duration_ms=5 total_duration_ms=6
[2026-02-03 01:12:26.796] [info] [spider.worker] [TIMING] worker_id=0a8fe0c6-ecb3-4c70-a103-297a58ab0749 task_id=none get_next_task request_start=510388999 connect_end=510389000 send_end=510389000 receive_end=510389004 connect_duration_ms=1 send_duration_ms=0 receive_duration_ms=4 total_duration_ms=5
[2026-02-03 01:12:26.902] [info] [spider.worker] [TIMING] worker_id=0a8fe0c6-ecb3-4c70-a103-297a58ab0749 task_id=none get_next_task request_start=510389107 connect_end=510389108 send_end=510389108 receive_end=510389110 connect_duration_ms=1 send_duration_ms=0 receive_duration_ms=2 total_duration_ms=3
[2026-02-03 01:12:27.007] [info] [spider.worker] [TIMING] worker_id=0a8fe0c6-ecb3-4c70-a103-297a58ab0749 task_id=none get_next_task request_start=510389212 connect_end=510389213 send_end=510389213 receive_end=510389215 connect_duration_ms=1 send_duration_ms=0 receive_duration_ms=2 total_duration_ms=3
[2026-02-03 01:12:27.115] [info] [spider.worker] [TIMING] worker_id=0a8fe0c6-ecb3-4c70-a103-297a58ab0749 task_id=none get_next_task request_start=510389318 connect_end=510389319 send_end=510389319 receive_end=510389324 connect_duration_ms=1 send_duration_ms=0 receive_duration_ms=4 total_duration_ms=6
[2026-02-03 01:12:27.232] [info] [spider.worker] [TIMING] worker_id=0a8fe0c6-ecb3-4c70-a103-297a58ab0749 task_id=none get_next_task request_start=510389427 connect_end=510389428 send_end=510389428 receive_end=510389440 connect_duration_ms=1 send_duration_ms=0 receive_duration_ms=11 total_duration_ms=13
[2026-02-03 01:12:27.340] [info] [spider.worker] [TIMING] worker_id=0a8fe0c6-ecb3-4c70-a103-297a58ab0749 task_id=none get_next_task request_start=510389542 connect_end=510389544 send_end=510389544 receive_end=510389548 connect_duration_ms=1 send_duration_ms=0 receive_duration_ms=4 total_duration_ms=5
[2026-02-03 01:12:27.450] [info] [spider.worker] [TIMING] worker_id=0a8fe0c6-ecb3-4c70-a103-297a58ab0749 task_id=none get_next_task request_start=510389651 connect_end=510389653 send_end=510389653 receive_end=510389658 connect_duration_ms=1 send_duration_ms=0 receive_duration_ms=5 total_duration_ms=6
[2026-02-03 01:12:27.560] [info] [spider.worker] [TIMING] worker_id=0a8fe0c6-ecb3-4c70-a103-297a58ab0749 task_id=none get_next_task request_start=510389760 connect_end=510389762 send_end=510389762 receive_end=510389768 connect_duration_ms=1 send_duration_ms=0 receive_duration_ms=6 total_duration_ms=7
[2026-02-03 01:12:27.742] [info] [spider.worker] [TIMING] worker_id=0a8fe0c6-ecb3-4c70-a103-297a58ab0749 task_id=none get_next_task request_start=510389901 connect_end=510389904 send_end=510389904 receive_end=510389951 connect_duration_ms=2 send_duration_ms=0 receive_duration_ms=46 total_duration_ms=49
[2026-02-03 01:12:27.850] [info] [spider.worker] [TIMING] worker_id=0a8fe0c6-ecb3-4c70-a103-297a58ab0749 task_id=none get_next_task request_start=510390053 connect_end=510390055 send_end=510390055 receive_end=510390059 connect_duration_ms=1 send_duration_ms=0 receive_duration_ms=3 total_duration_ms=5
[2026-02-03 01:12:27.962] [info] [spider.worker] [TIMING] worker_id=0a8fe0c6-ecb3-4c70-a103-297a58ab0749 task_id=none get_next_task request_start=510390161 connect_end=510390163 send_end=510390163 receive_end=510390170 connect_duration_ms=1 send_duration_ms=0 receive_duration_ms=6 total_duration_ms=8
[2026-02-03 01:12:28.068] [info] [spider.worker] [TIMING] worker_id=0a8fe0c6-ecb3-4c70-a103-297a58ab0749 task_id=none get_next_task request_start=510390272 connect_end=510390274 send_end=510390274 receive_end=510390277 connect_duration_ms=1 send_duration_ms=0 receive_duration_ms=2 total_duration_ms=4
[2026-02-03 01:12:28.178] [info] [spider.worker] [TIMING] worker_id=0a8fe0c6-ecb3-4c70-a103-297a58ab0749 task_id=none get_next_task request_start=510390379 connect_end=510390381 send_end=510390381 receive_end=510390386 connect_duration_ms=2 send_duration_ms=0 receive_duration_ms=5 total_duration_ms=7
[2026-02-03 01:12:28.291] [info] [spider.worker] [TIMING] worker_id=0a8fe0c6-ecb3-4c70-a103-297a58ab0749 task_id=none get_next_task request_start=510390489 connect_end=510390491 send_end=510390491 receive_end=510390499 connect_duration_ms=1 send_duration_ms=0 receive_duration_ms=8 total_duration_ms=9
[2026-02-03 01:12:28.400] [info] [spider.worker] [TIMING] worker_id=0a8fe0c6-ecb3-4c70-a103-297a58ab0749 task_id=none get_next_task request_start=510390602 connect_end=510390604 send_end=510390604 receive_end=510390608 connect_duration_ms=1 send_duration_ms=0 receive_duration_ms=4 total_duration_ms=6
[2026-02-03 01:12:28.508] [info] [spider.worker] [TIMING] worker_id=0a8fe0c6-ecb3-4c70-a103-297a58ab0749 task_id=none get_next_task request_start=510390710 connect_end=510390712 send_end=510390712 receive_end=510390717 connect_duration_ms=1 send_duration_ms=0 receive_duration_ms=4 total_duration_ms=6
[2026-02-03 01:12:28.617] [info] [spider.worker] [TIMING] worker_id=0a8fe0c6-ecb3-4c70-a103-297a58ab0749 task_id=none get_next_task request_start=510390819 connect_end=510390821 send_end=510390821 receive_end=510390825 connect_duration_ms=1 send_duration_ms=0 receive_duration_ms=4 total_duration_ms=6
[2026-02-03 01:12:28.728] [info] [spider.worker] [TIMING] worker_id=0a8fe0c6-ecb3-4c70-a103-297a58ab0749 task_id=none get_next_task request_start=510390928 connect_end=510390930 send_end=510390930 receive_end=510390936 connect_duration_ms=1 send_duration_ms=0 receive_duration_ms=5 total_duration_ms=7
[2026-02-03 01:12:28.837] [info] [spider.worker] [TIMING] worker_id=0a8fe0c6-ecb3-4c70-a103-297a58ab0749 task_id=none get_next_task request_start=510391039 connect_end=510391041 send_end=510391041 receive_end=510391045 connect_duration_ms=1 send_duration_ms=0 receive_duration_ms=4 total_duration_ms=6
[2026-02-03 01:12:28.946] [info] [spider.worker] [TIMING] worker_id=0a8fe0c6-ecb3-4c70-a103-297a58ab0749 task_id=none get_next_task request_start=510391148 connect_end=510391150 send_end=510391150 receive_end=510391154 connect_duration_ms=1 send_duration_ms=0 receive_duration_ms=4 total_duration_ms=6
[2026-02-03 01:12:29.055] [info] [spider.worker] [TIMING] worker_id=0a8fe0c6-ecb3-4c70-a103-297a58ab0749 task_id=none get_next_task request_start=510391257 connect_end=510391258 send_end=510391259 receive_end=510391263 connect_duration_ms=1 send_duration_ms=0 receive_duration_ms=4 total_duration_ms=6
[2026-02-03 01:12:29.165] [info] [spider.worker] [TIMING] worker_id=0a8fe0c6-ecb3-4c70-a103-297a58ab0749 task_id=none get_next_task request_start=510391366 connect_end=510391367 send_end=510391367 receive_end=510391373 connect_duration_ms=1 send_duration_ms=0 receive_duration_ms=5 total_duration_ms=7
[2026-02-03 01:12:29.274] [info] [spider.worker] [TIMING] worker_id=0a8fe0c6-ecb3-4c70-a103-297a58ab0749 task_id=none get_next_task request_start=510391476 connect_end=510391477 send_end=510391477 receive_end=510391483 connect_duration_ms=1 send_duration_ms=0 receive_duration_ms=5 total_duration_ms=7
[2026-02-03 01:12:29.390] [info] [spider.worker] [TIMING] worker_id=0a8fe0c6-ecb3-4c70-a103-297a58ab0749 task_id=none get_next_task request_start=510391586 connect_end=510391588 send_end=510391588 receive_end=510391598 connect_duration_ms=2 send_duration_ms=0 receive_duration_ms=9 total_duration_ms=12
[2026-02-03 01:12:29.502] [info] [spider.worker] [TIMING] worker_id=0a8fe0c6-ecb3-4c70-a103-297a58ab0749 task_id=none get_next_task request_start=510391700 connect_end=510391702 send_end=510391702 receive_end=510391710 connect_duration_ms=1 send_duration_ms=0 receive_duration_ms=8 total_duration_ms=9
[2026-02-03 01:12:29.613] [info] [spider.worker] [TIMING] worker_id=0a8fe0c6-ecb3-4c70-a103-297a58ab0749 task_id=none get_next_task request_start=510391813 connect_end=510391815 send_end=510391815 receive_end=510391821 connect_duration_ms=1 send_duration_ms=0 receive_duration_ms=6 total_duration_ms=8
[2026-02-03 01:12:29.718] [info] [spider.worker] [TIMING] worker_id=0a8fe0c6-ecb3-4c70-a103-297a58ab0749 task_id=none get_next_task request_start=510391923 connect_end=510391924 send_end=510391924 receive_end=510391927 connect_duration_ms=1 send_duration_ms=0 receive_duration_ms=2 total_duration_ms=3
[2026-02-03 01:12:29.828] [info] [spider.worker] [TIMING] worker_id=0a8fe0c6-ecb3-4c70-a103-297a58ab0749 task_id=none get_next_task request_start=510392031 connect_end=510392033 send_end=510392033 receive_end=510392037 connect_duration_ms=1 send_duration_ms=0 receive_duration_ms=3 total_duration_ms=5
[2026-02-03 01:12:29.938] [info] [spider.worker] [TIMING] worker_id=0a8fe0c6-ecb3-4c70-a103-297a58ab0749 task_id=none get_next_task request_start=510392139 connect_end=510392140 send_end=510392140 receive_end=510392147 connect_duration_ms=1 send_duration_ms=0 receive_duration_ms=6 total_duration_ms=7
[2026-02-03 01:12:30.043] [info] [spider.worker] [TIMING] worker_id=0a8fe0c6-ecb3-4c70-a103-297a58ab0749 task_id=none get_next_task request_start=510392248 connect_end=510392250 send_end=510392250 receive_end=510392252 connect_duration_ms=1 send_duration_ms=0 receive_duration_ms=1 total_duration_ms=3
[2026-02-03 01:12:30.149] [info] [spider.worker] [TIMING] worker_id=0a8fe0c6-ecb3-4c70-a103-297a58ab0749 task_id=none get_next_task request_start=510392354 connect_end=510392355 send_end=510392355 receive_end=510392357 connect_duration_ms=1 send_duration_ms=0 receive_duration_ms=2 total_duration_ms=3
[2026-02-03 01:12:30.253] [info] [spider.worker] [TIMING] worker_id=0a8fe0c6-ecb3-4c70-a103-297a58ab0749 task_id=none get_next_task request_start=510392459 connect_end=510392459 send_end=510392459 receive_end=510392461 connect_duration_ms=0 send_duration_ms=0 receive_duration_ms=1 total_duration_ms=2
[2026-02-03 01:12:30.357] [info] [spider.worker] [TIMING] worker_id=0a8fe0c6-ecb3-4c70-a103-297a58ab0749 task_id=none get_next_task request_start=510392563 connect_end=510392564 send_end=510392564 receive_end=510392565 connect_duration_ms=0 send_duration_ms=0 receive_duration_ms=1 total_duration_ms=2
[2026-02-03 01:12:30.463] [info] [spider.worker] [TIMING] worker_id=0a8fe0c6-ecb3-4c70-a103-297a58ab0749 task_id=none get_next_task request_start=510392667 connect_end=510392669 send_end=510392669 receive_end=510392671 connect_duration_ms=1 send_duration_ms=0 receive_duration_ms=2 total_duration_ms=3
[2026-02-03 01:12:30.570] [info] [spider.worker] [TIMING] worker_id=0a8fe0c6-ecb3-4c70-a103-297a58ab0749 task_id=none get_next_task request_start=510392773 connect_end=510392774 send_end=510392774 receive_end=510392778 connect_duration_ms=1 send_duration_ms=0 receive_duration_ms=3 total_duration_ms=5
[2026-02-03 01:12:30.680] [info] [spider.worker] [TIMING] worker_id=0a8fe0c6-ecb3-4c70-a103-297a58ab0749 task_id=none get_next_task request_start=510392880 connect_end=510392881 send_end=510392881 receive_end=510392889 connect_duration_ms=0 send_duration_ms=0 receive_duration_ms=7 total_duration_ms=8
[2026-02-03 01:12:30.790] [info] [spider.worker] [TIMING] worker_id=0a8fe0c6-ecb3-4c70-a103-297a58ab0749 task_id=none get_next_task request_start=510392991 connect_end=510392992 send_end=510392992 receive_end=510392998 connect_duration_ms=1 send_duration_ms=0 receive_duration_ms=6 total_duration_ms=7
[2026-02-03 01:12:30.904] [info] [spider.worker] [TIMING] worker_id=0a8fe0c6-ecb3-4c70-a103-297a58ab0749 task_id=none get_next_task request_start=510393100 connect_end=510393102 send_end=510393102 receive_end=510393113 connect_duration_ms=1 send_duration_ms=0 receive_duration_ms=10 total_duration_ms=12
[2026-02-03 01:12:31.013] [info] [spider.worker] [TIMING] worker_id=0a8fe0c6-ecb3-4c70-a103-297a58ab0749 task_id=none get_next_task request_start=510393214 connect_end=510393215 send_end=510393215 receive_end=510393221 connect_duration_ms=0 send_duration_ms=0 receive_duration_ms=6 total_duration_ms=7
[2026-02-03 01:12:31.120] [info] [spider.worker] [TIMING] worker_id=0a8fe0c6-ecb3-4c70-a103-297a58ab0749 task_id=none get_next_task request_start=510393323 connect_end=510393325 send_end=510393325 receive_end=510393328 connect_duration_ms=1 send_duration_ms=0 receive_duration_ms=3 total_duration_ms=5
[2026-02-03 01:12:31.236] [info] [spider.worker] [TIMING] worker_id=0a8fe0c6-ecb3-4c70-a103-297a58ab0749 task_id=none get_next_task request_start=510393437 connect_end=510393439 send_end=510393439 receive_end=510393444 connect_duration_ms=1 send_duration_ms=0 receive_duration_ms=5 total_duration_ms=6
[2026-02-03 01:12:31.345] [info] [spider.worker] [TIMING] worker_id=0a8fe0c6-ecb3-4c70-a103-297a58ab0749 task_id=none get_next_task request_start=510393547 connect_end=510393548 send_end=510393549 receive_end=510393553 connect_duration_ms=1 send_duration_ms=0 receive_duration_ms=4 total_duration_ms=6
[2026-02-03 01:12:31.462] [info] [spider.worker] [TIMING] worker_id=0a8fe0c6-ecb3-4c70-a103-297a58ab0749 task_id=none get_next_task request_start=510393659 connect_end=510393661 send_end=510393661 receive_end=510393670 connect_duration_ms=2 send_duration_ms=0 receive_duration_ms=9 total_duration_ms=11
[2026-02-03 01:12:31.567] [info] [spider.worker] [TIMING] worker_id=0a8fe0c6-ecb3-4c70-a103-297a58ab0749 task_id=none get_next_task request_start=510393772 connect_end=510393773 send_end=510393773 receive_end=510393775 connect_duration_ms=1 send_duration_ms=0 receive_duration_ms=2 total_duration_ms=3
[2026-02-03 01:12:31.671] [info] [spider.worker] [TIMING] worker_id=0a8fe0c6-ecb3-4c70-a103-297a58ab0749 task_id=none get_next_task request_start=510393877 connect_end=510393878 send_end=510393878 receive_end=510393880 connect_duration_ms=0 send_duration_ms=0 receive_duration_ms=1 total_duration_ms=2
[2026-02-03 01:12:31.775] [info] [spider.worker] [TIMING] worker_id=0a8fe0c6-ecb3-4c70-a103-297a58ab0749 task_id=none get_next_task request_start=510393981 connect_end=510393982 send_end=510393982 receive_end=510393984 connect_duration_ms=0 send_duration_ms=0 receive_duration_ms=1 total_duration_ms=2
[2026-02-03 01:12:31.880] [info] [spider.worker] [TIMING] worker_id=0a8fe0c6-ecb3-4c70-a103-297a58ab0749 task_id=none get_next_task request_start=510394085 connect_end=510394086 send_end=510394086 receive_end=510394089 connect_duration_ms=1 send_duration_ms=0 receive_duration_ms=2 total_duration_ms=3
[2026-02-03 01:12:31.986] [info] [spider.worker] [TIMING] worker_id=0a8fe0c6-ecb3-4c70-a103-297a58ab0749 task_id=none get_next_task request_start=510394190 connect_end=510394191 send_end=510394191 receive_end=510394195 connect_duration_ms=1 send_duration_ms=0 receive_duration_ms=3 total_duration_ms=4
[2026-02-03 01:12:32.092] [info] [spider.worker] [TIMING] worker_id=0a8fe0c6-ecb3-4c70-a103-297a58ab0749 task_id=none get_next_task request_start=510394297 connect_end=510394299 send_end=510394299 receive_end=510394301 connect_duration_ms=1 send_duration_ms=0 receive_duration_ms=2 total_duration_ms=3
[2026-02-03 01:12:32.197] [info] [spider.worker] [TIMING] worker_id=0a8fe0c6-ecb3-4c70-a103-297a58ab0749 task_id=none get_next_task request_start=510394402 connect_end=510394403 send_end=510394403 receive_end=510394405 connect_duration_ms=0 send_duration_ms=0 receive_duration_ms=2 total_duration_ms=3
[2026-02-03 01:12:32.310] [info] [spider.worker] [TIMING] worker_id=0a8fe0c6-ecb3-4c70-a103-297a58ab0749 task_id=none get_next_task request_start=510394507 connect_end=510394508 send_end=510394508 receive_end=510394519 connect_duration_ms=0 send_duration_ms=0 receive_duration_ms=10 total_duration_ms=11
[2026-02-03 01:12:32.417] [info] [spider.worker] [TIMING] worker_id=0a8fe0c6-ecb3-4c70-a103-297a58ab0749 task_id=none get_next_task request_start=510394621 connect_end=510394623 send_end=510394623 receive_end=510394625 connect_duration_ms=1 send_duration_ms=0 receive_duration_ms=2 total_duration_ms=4
[2026-02-03 01:12:32.534] [info] [spider.worker] [TIMING] worker_id=0a8fe0c6-ecb3-4c70-a103-297a58ab0749 task_id=none get_next_task request_start=510394727 connect_end=510394728 send_end=510394728 receive_end=510394743 connect_duration_ms=1 send_duration_ms=0 receive_duration_ms=14 total_duration_ms=15
[2026-02-03 01:12:32.647] [info] [spider.worker] [TIMING] worker_id=0a8fe0c6-ecb3-4c70-a103-297a58ab0749 task_id=none get_next_task request_start=510394845 connect_end=510394847 send_end=510394847 receive_end=510394855 connect_duration_ms=1 send_duration_ms=0 receive_duration_ms=7 total_duration_ms=9
[2026-02-03 01:12:32.757] [info] [spider.worker] [TIMING] worker_id=0a8fe0c6-ecb3-4c70-a103-297a58ab0749 task_id=none get_next_task request_start=510394957 connect_end=510394959 send_end=510394959 receive_end=510394965 connect_duration_ms=1 send_duration_ms=0 receive_duration_ms=5 total_duration_ms=7
[2026-02-03 01:12:32.880] [info] [spider.worker] [TIMING] worker_id=0a8fe0c6-ecb3-4c70-a103-297a58ab0749 task_id=none get_next_task request_start=510395067 connect_end=510395069 send_end=510395069 receive_end=510395088 connect_duration_ms=1 send_duration_ms=0 receive_duration_ms=19 total_duration_ms=20
[2026-02-03 01:12:32.992] [info] [spider.worker] [TIMING] worker_id=0a8fe0c6-ecb3-4c70-a103-297a58ab0749 task_id=none get_next_task request_start=510395191 connect_end=510395192 send_end=510395192 receive_end=510395200 connect_duration_ms=1 send_duration_ms=0 receive_duration_ms=8 total_duration_ms=9
[2026-02-03 01:12:33.101] [info] [spider.worker] [TIMING] worker_id=0a8fe0c6-ecb3-4c70-a103-297a58ab0749 task_id=none get_next_task request_start=510395303 connect_end=510395305 send_end=510395305 receive_end=510395310 connect_duration_ms=1 send_duration_ms=0 receive_duration_ms=4 total_duration_ms=6
[2026-02-03 01:12:33.210] [info] [spider.worker] [TIMING] worker_id=0a8fe0c6-ecb3-4c70-a103-297a58ab0749 task_id=none get_next_task request_start=510395412 connect_end=510395414 send_end=510395414 receive_end=510395419 connect_duration_ms=1 send_duration_ms=0 receive_duration_ms=4 total_duration_ms=6
[2026-02-03 01:12:33.319] [info] [spider.worker] [TIMING] worker_id=0a8fe0c6-ecb3-4c70-a103-297a58ab0749 task_id=none get_next_task request_start=510395522 connect_end=510395523 send_end=510395523 receive_end=510395527 connect_duration_ms=1 send_duration_ms=0 receive_duration_ms=4 total_duration_ms=5
[2026-02-03 01:12:33.428] [info] [spider.worker] [TIMING] worker_id=0a8fe0c6-ecb3-4c70-a103-297a58ab0749 task_id=none get_next_task request_start=510395630 connect_end=510395632 send_end=510395632 receive_end=510395637 connect_duration_ms=2 send_duration_ms=0 receive_duration_ms=4 total_duration_ms=6
[2026-02-03 01:12:33.552] [info] [spider.worker] [TIMING] worker_id=0a8fe0c6-ecb3-4c70-a103-297a58ab0749 task_id=none get_next_task request_start=510395744 connect_end=510395746 send_end=510395746 receive_end=510395761 connect_duration_ms=2 send_duration_ms=0 receive_duration_ms=14 total_duration_ms=17
[2026-02-03 01:12:33.662] [info] [spider.worker] [TIMING] worker_id=0a8fe0c6-ecb3-4c70-a103-297a58ab0749 task_id=none get_next_task request_start=510395864 connect_end=510395866 send_end=510395866 receive_end=510395870 connect_duration_ms=1 send_duration_ms=0 receive_duration_ms=4 total_duration_ms=6
[2026-02-03 01:12:33.771] [info] [spider.worker] [TIMING] worker_id=0a8fe0c6-ecb3-4c70-a103-297a58ab0749 task_id=none get_next_task request_start=510395973 connect_end=510395975 send_end=510395975 receive_end=510395979 connect_duration_ms=1 send_duration_ms=0 receive_duration_ms=4 total_duration_ms=6
[2026-02-03 01:12:33.880] [info] [spider.worker] [TIMING] worker_id=0a8fe0c6-ecb3-4c70-a103-297a58ab0749 task_id=none get_next_task request_start=510396082 connect_end=510396084 send_end=510396084 receive_end=510396088 connect_duration_ms=1 send_duration_ms=0 receive_duration_ms=4 total_duration_ms=6
[2026-02-03 01:12:33.988] [info] [spider.worker] [TIMING] worker_id=0a8fe0c6-ecb3-4c70-a103-297a58ab0749 task_id=none get_next_task request_start=510396191 connect_end=510396192 send_end=510396192 receive_end=510396197 connect_duration_ms=1 send_duration_ms=0 receive_duration_ms=4 total_duration_ms=6
[2026-02-03 01:12:34.098] [info] [spider.worker] [TIMING] worker_id=0a8fe0c6-ecb3-4c70-a103-297a58ab0749 task_id=none get_next_task request_start=510396300 connect_end=510396301 send_end=510396301 receive_end=510396306 connect_duration_ms=1 send_duration_ms=0 receive_duration_ms=5 total_duration_ms=6
[2026-02-03 01:12:34.207] [info] [spider.worker] [TIMING] worker_id=0a8fe0c6-ecb3-4c70-a103-297a58ab0749 task_id=none get_next_task request_start=510396409 connect_end=510396411 send_end=510396411 receive_end=510396415 connect_duration_ms=1 send_duration_ms=0 receive_duration_ms=4 total_duration_ms=6
[2026-02-03 01:12:34.315] [info] [spider.worker] [TIMING] worker_id=0a8fe0c6-ecb3-4c70-a103-297a58ab0749 task_id=none get_next_task request_start=510396518 connect_end=510396520 send_end=510396520 receive_end=510396524 connect_duration_ms=1 send_duration_ms=0 receive_duration_ms=4 total_duration_ms=5
[2026-02-03 01:12:34.424] [info] [spider.worker] [TIMING] worker_id=0a8fe0c6-ecb3-4c70-a103-297a58ab0749 task_id=none get_next_task request_start=510396626 connect_end=510396628 send_end=510396628 receive_end=510396632 connect_duration_ms=1 send_duration_ms=0 receive_duration_ms=4 total_duration_ms=5
[2026-02-03 01:12:34.532] [info] [spider.worker] [TIMING] worker_id=0a8fe0c6-ecb3-4c70-a103-297a58ab0749 task_id=none get_next_task request_start=510396734 connect_end=510396736 send_end=510396736 receive_end=510396741 connect_duration_ms=1 send_duration_ms=0 receive_duration_ms=4 total_duration_ms=6
[2026-02-03 01:12:34.643] [info] [spider.worker] [TIMING] worker_id=0a8fe0c6-ecb3-4c70-a103-297a58ab0749 task_id=none get_next_task request_start=510396843 connect_end=510396845 send_end=510396845 receive_end=510396851 connect_duration_ms=1 send_duration_ms=0 receive_duration_ms=6 total_duration_ms=8
[2026-02-03 01:12:34.752] [info] [spider.worker] [TIMING] worker_id=0a8fe0c6-ecb3-4c70-a103-297a58ab0749 task_id=none get_next_task request_start=510396954 connect_end=510396956 send_end=510396956 receive_end=510396961 connect_duration_ms=1 send_duration_ms=0 receive_duration_ms=4 total_duration_ms=6
[2026-02-03 01:12:34.861] [info] [spider.worker] [TIMING] worker_id=0a8fe0c6-ecb3-4c70-a103-297a58ab0749 task_id=none get_next_task request_start=510397063 connect_end=510397065 send_end=510397065 receive_end=510397069 connect_duration_ms=1 send_duration_ms=0 receive_duration_ms=4 total_duration_ms=6
[2026-02-03 01:12:34.970] [info] [spider.worker] [TIMING] worker_id=0a8fe0c6-ecb3-4c70-a103-297a58ab0749 task_id=none get_next_task request_start=510397172 connect_end=510397174 send_end=510397174 receive_end=510397178 connect_duration_ms=1 send_duration_ms=0 receive_duration_ms=4 total_duration_ms=6
[2026-02-03 01:12:35.079] [info] [spider.worker] [TIMING] worker_id=0a8fe0c6-ecb3-4c70-a103-297a58ab0749 task_id=none get_next_task request_start=510397281 connect_end=510397283 send_end=510397283 receive_end=510397287 connect_duration_ms=1 send_duration_ms=0 receive_duration_ms=4 total_duration_ms=6
[2026-02-03 01:12:35.189] [info] [spider.worker] [TIMING] worker_id=0a8fe0c6-ecb3-4c70-a103-297a58ab0749 task_id=none get_next_task request_start=510397390 connect_end=510397392 send_end=510397392 receive_end=510397397 connect_duration_ms=1 send_duration_ms=0 receive_duration_ms=4 total_duration_ms=6
[2026-02-03 01:12:35.297] [info] [spider.worker] [TIMING] worker_id=0a8fe0c6-ecb3-4c70-a103-297a58ab0749 task_id=none get_next_task request_start=510397500 connect_end=510397501 send_end=510397501 receive_end=510397505 connect_duration_ms=1 send_duration_ms=0 receive_duration_ms=4 total_duration_ms=5
[2026-02-03 01:12:35.406] [info] [spider.worker] [TIMING] worker_id=0a8fe0c6-ecb3-4c70-a103-297a58ab0749 task_id=none get_next_task request_start=510397608 connect_end=510397610 send_end=510397610 receive_end=510397614 connect_duration_ms=1 send_duration_ms=0 receive_duration_ms=4 total_duration_ms=5
[2026-02-03 01:12:35.514] [info] [spider.worker] [TIMING] worker_id=0a8fe0c6-ecb3-4c70-a103-297a58ab0749 task_id=none get_next_task request_start=510397717 connect_end=510397718 send_end=510397718 receive_end=510397722 connect_duration_ms=1 send_duration_ms=0 receive_duration_ms=4 total_duration_ms=5
[2026-02-03 01:12:35.622] [info] [spider.worker] [TIMING] worker_id=0a8fe0c6-ecb3-4c70-a103-297a58ab0749 task_id=none get_next_task request_start=510397825 connect_end=510397826 send_end=510397826 receive_end=510397831 connect_duration_ms=1 send_duration_ms=0 receive_duration_ms=4 total_duration_ms=5
[2026-02-03 01:12:35.730] [info] [spider.worker] [TIMING] worker_id=0a8fe0c6-ecb3-4c70-a103-297a58ab0749 task_id=none get_next_task request_start=510397933 connect_end=510397934 send_end=510397934 receive_end=510397938 connect_duration_ms=1 send_duration_ms=0 receive_duration_ms=4 total_duration_ms=5
[2026-02-03 01:12:35.838] [info] [spider.worker] [TIMING] worker_id=0a8fe0c6-ecb3-4c70-a103-297a58ab0749 task_id=none get_next_task request_start=510398040 connect_end=510398041 send_end=510398041 receive_end=510398046 connect_duration_ms=1 send_duration_ms=0 receive_duration_ms=5 total_duration_ms=6
[2026-02-03 01:12:35.947] [info] [spider.worker] [TIMING] worker_id=0a8fe0c6-ecb3-4c70-a103-297a58ab0749 task_id=none get_next_task request_start=510398149 connect_end=510398150 send_end=510398151 receive_end=510398155 connect_duration_ms=1 send_duration_ms=0 receive_duration_ms=4 total_duration_ms=6
[2026-02-03 01:12:36.056] [info] [spider.worker] [TIMING] worker_id=0a8fe0c6-ecb3-4c70-a103-297a58ab0749 task_id=none get_next_task request_start=510398258 connect_end=510398258 send_end=510398259 receive_end=510398264 connect_duration_ms=0 send_duration_ms=0 receive_duration_ms=5 total_duration_ms=6
[2026-02-03 01:12:36.162] [info] [spider.worker] [TIMING] worker_id=0a8fe0c6-ecb3-4c70-a103-297a58ab0749 task_id=none get_next_task request_start=510398366 connect_end=510398367 send_end=510398367 receive_end=510398371 connect_duration_ms=1 send_duration_ms=0 receive_duration_ms=3 total_duration_ms=4
[2026-02-03 01:12:36.267] [info] [spider.worker] [TIMING] worker_id=0a8fe0c6-ecb3-4c70-a103-297a58ab0749 task_id=none get_next_task request_start=510398472 connect_end=510398473 send_end=510398473 receive_end=510398475 connect_duration_ms=0 send_duration_ms=0 receive_duration_ms=1 total_duration_ms=2
[2026-02-03 01:12:36.374] [info] [spider.worker] [TIMING] worker_id=0a8fe0c6-ecb3-4c70-a103-297a58ab0749 task_id=none get_next_task request_start=510398577 connect_end=510398579 send_end=510398579 receive_end=510398582 connect_duration_ms=1 send_duration_ms=0 receive_duration_ms=3 total_duration_ms=5
[2026-02-03 01:12:36.564] [info] [spider.worker] [TIMING] worker_id=0a8fe0c6-ecb3-4c70-a103-297a58ab0749 task_id=none get_next_task request_start=510398729 connect_end=510398732 send_end=510398732 receive_end=510398772 connect_duration_ms=2 send_duration_ms=0 receive_duration_ms=40 total_duration_ms=42
[2026-02-03 01:12:36.674] [info] [spider.worker] [TIMING] worker_id=0a8fe0c6-ecb3-4c70-a103-297a58ab0749 task_id=none get_next_task request_start=510398874 connect_end=510398875 send_end=510398875 receive_end=510398882 connect_duration_ms=0 send_duration_ms=0 receive_duration_ms=7 total_duration_ms=8
[2026-02-03 01:12:36.783] [info] [spider.worker] [TIMING] worker_id=0a8fe0c6-ecb3-4c70-a103-297a58ab0749 task_id=none get_next_task request_start=510398985 connect_end=510398986 send_end=510398986 receive_end=510398992 connect_duration_ms=1 send_duration_ms=0 receive_duration_ms=5 total_duration_ms=7
[2026-02-03 01:12:36.892] [info] [spider.worker] [TIMING] worker_id=0a8fe0c6-ecb3-4c70-a103-297a58ab0749 task_id=none get_next_task request_start=510399094 connect_end=510399096 send_end=510399096 receive_end=510399101 connect_duration_ms=1 send_duration_ms=0 receive_duration_ms=4 total_duration_ms=6
[2026-02-03 01:12:37.001] [info] [spider.worker] [TIMING] worker_id=0a8fe0c6-ecb3-4c70-a103-297a58ab0749 task_id=none get_next_task request_start=510399202 connect_end=510399203 send_end=510399203 receive_end=510399209 connect_duration_ms=0 send_duration_ms=0 receive_duration_ms=6 total_duration_ms=7
[2026-02-03 01:12:37.112] [info] [spider.worker] [TIMING] worker_id=0a8fe0c6-ecb3-4c70-a103-297a58ab0749 task_id=none get_next_task request_start=510399311 connect_end=510399312 send_end=510399312 receive_end=510399320 connect_duration_ms=0 send_duration_ms=0 receive_duration_ms=8 total_duration_ms=9
[2026-02-03 01:12:37.219] [info] [spider.worker] [TIMING] worker_id=0a8fe0c6-ecb3-4c70-a103-297a58ab0749 task_id=none get_next_task request_start=510399423 connect_end=510399424 send_end=510399424 receive_end=510399428 connect_duration_ms=1 send_duration_ms=0 receive_duration_ms=3 total_duration_ms=5
[2026-02-03 01:12:37.328] [info] [spider.worker] [TIMING] worker_id=0a8fe0c6-ecb3-4c70-a103-297a58ab0749 task_id=none get_next_task request_start=510399530 connect_end=510399531 send_end=510399531 receive_end=510399536 connect_duration_ms=1 send_duration_ms=0 receive_duration_ms=4 total_duration_ms=6
[2026-02-03 01:12:37.444] [info] [spider.worker] [TIMING] worker_id=0a8fe0c6-ecb3-4c70-a103-297a58ab0749 task_id=none get_next_task request_start=510399638 connect_end=510399640 send_end=510399640 receive_end=510399652 connect_duration_ms=1 send_duration_ms=0 receive_duration_ms=12 total_duration_ms=14
[2026-02-03 01:12:37.555] [info] [spider.worker] [TIMING] worker_id=0a8fe0c6-ecb3-4c70-a103-297a58ab0749 task_id=none get_next_task request_start=510399754 connect_end=510399756 send_end=510399756 receive_end=510399764 connect_duration_ms=1 send_duration_ms=0 receive_duration_ms=7 total_duration_ms=9
[2026-02-03 01:12:37.664] [info] [spider.worker] [TIMING] worker_id=0a8fe0c6-ecb3-4c70-a103-297a58ab0749 task_id=none get_next_task request_start=510399866 connect_end=510399868 send_end=510399868 receive_end=510399873 connect_duration_ms=1 send_duration_ms=0 receive_duration_ms=4 total_duration_ms=6
[2026-02-03 01:12:37.769] [info] [spider.worker] [TIMING] worker_id=0a8fe0c6-ecb3-4c70-a103-297a58ab0749 task_id=none get_next_task request_start=510399974 connect_end=510399976 send_end=510399976 receive_end=510399977 connect_duration_ms=1 send_duration_ms=0 receive_duration_ms=1 total_duration_ms=2
[2026-02-03 01:12:37.874] [info] [spider.worker] [TIMING] worker_id=0a8fe0c6-ecb3-4c70-a103-297a58ab0749 task_id=none get_next_task request_start=510400079 connect_end=510400080 send_end=510400080 receive_end=510400083 connect_duration_ms=1 send_duration_ms=0 receive_duration_ms=2 total_duration_ms=3
[2026-02-03 01:12:37.984] [info] [spider.worker] [TIMING] worker_id=0a8fe0c6-ecb3-4c70-a103-297a58ab0749 task_id=none get_next_task request_start=510400184 connect_end=510400185 send_end=510400186 receive_end=510400192 connect_duration_ms=1 send_duration_ms=0 receive_duration_ms=6 total_duration_ms=7
[2026-02-03 01:12:38.095] [info] [spider.worker] [TIMING] worker_id=0a8fe0c6-ecb3-4c70-a103-297a58ab0749 task_id=none get_next_task request_start=510400294 connect_end=510400295 send_end=510400295 receive_end=510400303 connect_duration_ms=0 send_duration_ms=0 receive_duration_ms=8 total_duration_ms=9
[2026-02-03 01:12:38.202] [info] [spider.worker] [TIMING] worker_id=0a8fe0c6-ecb3-4c70-a103-297a58ab0749 task_id=none get_next_task request_start=510400405 connect_end=510400406 send_end=510400406 receive_end=510400411 connect_duration_ms=1 send_duration_ms=0 receive_duration_ms=4 total_duration_ms=5
[2026-02-03 01:12:38.311] [info] [spider.worker] [TIMING] worker_id=0a8fe0c6-ecb3-4c70-a103-297a58ab0749 task_id=none get_next_task request_start=510400513 connect_end=510400515 send_end=510400515 receive_end=510400519 connect_duration_ms=1 send_duration_ms=0 receive_duration_ms=4 total_duration_ms=6
[2026-02-03 01:12:38.427] [info] [spider.worker] [TIMING] worker_id=0a8fe0c6-ecb3-4c70-a103-297a58ab0749 task_id=none get_next_task request_start=510400622 connect_end=510400624 send_end=510400624 receive_end=510400635 connect_duration_ms=1 send_duration_ms=0 receive_duration_ms=11 total_duration_ms=13
[2026-02-03 01:12:38.536] [info] [spider.worker] [TIMING] worker_id=0a8fe0c6-ecb3-4c70-a103-297a58ab0749 task_id=none get_next_task request_start=510400738 connect_end=510400739 send_end=510400739 receive_end=510400744 connect_duration_ms=1 send_duration_ms=0 receive_duration_ms=4 total_duration_ms=6
[2026-02-03 01:12:38.644] [info] [spider.worker] [TIMING] worker_id=0a8fe0c6-ecb3-4c70-a103-297a58ab0749 task_id=none get_next_task request_start=510400847 connect_end=510400848 send_end=510400848 receive_end=510400853 connect_duration_ms=1 send_duration_ms=0 receive_duration_ms=4 total_duration_ms=6
[2026-02-03 01:12:38.753] [info] [spider.worker] [TIMING] worker_id=0a8fe0c6-ecb3-4c70-a103-297a58ab0749 task_id=none get_next_task request_start=510400955 connect_end=510400957 send_end=510400957 receive_end=510400961 connect_duration_ms=1 send_duration_ms=0 receive_duration_ms=4 total_duration_ms=5
[2026-02-03 01:12:38.861] [info] [spider.worker] [TIMING] worker_id=0a8fe0c6-ecb3-4c70-a103-297a58ab0749 task_id=none get_next_task request_start=510401064 connect_end=510401065 send_end=510401066 receive_end=510401070 connect_duration_ms=1 send_duration_ms=0 receive_duration_ms=4 total_duration_ms=6
[2026-02-03 01:12:38.970] [info] [spider.worker] [TIMING] worker_id=0a8fe0c6-ecb3-4c70-a103-297a58ab0749 task_id=none get_next_task request_start=510401172 connect_end=510401174 send_end=510401174 receive_end=510401178 connect_duration_ms=1 send_duration_ms=0 receive_duration_ms=4 total_duration_ms=5
[2026-02-03 01:12:39.079] [info] [spider.worker] [TIMING] worker_id=0a8fe0c6-ecb3-4c70-a103-297a58ab0749 task_id=none get_next_task request_start=510401281 connect_end=510401283 send_end=510401283 receive_end=510401287 connect_duration_ms=1 send_duration_ms=0 receive_duration_ms=4 total_duration_ms=6
[2026-02-03 01:12:39.186] [info] [spider.worker] [TIMING] worker_id=0a8fe0c6-ecb3-4c70-a103-297a58ab0749 task_id=none get_next_task request_start=510401390 connect_end=510401392 send_end=510401392 receive_end=510401394 connect_duration_ms=1 send_duration_ms=0 receive_duration_ms=2 total_duration_ms=4
[2026-02-03 01:12:39.291] [info] [spider.worker] [TIMING] worker_id=0a8fe0c6-ecb3-4c70-a103-297a58ab0749 task_id=none get_next_task request_start=510401496 connect_end=510401497 send_end=510401497 receive_end=510401499 connect_duration_ms=1 send_duration_ms=0 receive_duration_ms=1 total_duration_ms=3
[2026-02-03 01:12:39.399] [info] [spider.worker] [TIMING] worker_id=0a8fe0c6-ecb3-4c70-a103-297a58ab0749 task_id=none get_next_task request_start=510401602 connect_end=510401603 send_end=510401603 receive_end=510401607 connect_duration_ms=1 send_duration_ms=0 receive_duration_ms=3 total_duration_ms=5
[2026-02-03 01:12:39.508] [info] [spider.worker] [TIMING] worker_id=0a8fe0c6-ecb3-4c70-a103-297a58ab0749 task_id=none get_next_task request_start=510401710 connect_end=510401712 send_end=510401712 receive_end=510401716 connect_duration_ms=1 send_duration_ms=0 receive_duration_ms=4 total_duration_ms=6
[2026-02-03 01:12:39.617] [info] [spider.worker] [TIMING] worker_id=0a8fe0c6-ecb3-4c70-a103-297a58ab0749 task_id=none get_next_task request_start=510401819 connect_end=510401820 send_end=510401820 receive_end=510401825 connect_duration_ms=1 send_duration_ms=0 receive_duration_ms=5 total_duration_ms=6
[2026-02-03 01:12:39.726] [info] [spider.worker] [TIMING] worker_id=0a8fe0c6-ecb3-4c70-a103-297a58ab0749 task_id=none get_next_task request_start=510401928 connect_end=510401929 send_end=510401929 receive_end=510401935 connect_duration_ms=1 send_duration_ms=0 receive_duration_ms=5 total_duration_ms=6
[2026-02-03 01:12:39.834] [info] [spider.worker] [TIMING] worker_id=0a8fe0c6-ecb3-4c70-a103-297a58ab0749 task_id=none get_next_task request_start=510402037 connect_end=510402039 send_end=510402039 receive_end=510402042 connect_duration_ms=1 send_duration_ms=0 receive_duration_ms=3 total_duration_ms=5
[2026-02-03 01:12:39.943] [info] [spider.worker] [TIMING] worker_id=0a8fe0c6-ecb3-4c70-a103-297a58ab0749 task_id=none get_next_task request_start=510402145 connect_end=510402147 send_end=510402147 receive_end=510402151 connect_duration_ms=1 send_duration_ms=0 receive_duration_ms=4 total_duration_ms=6
[2026-02-03 01:12:40.058] [info] [spider.worker] [TIMING] worker_id=0a8fe0c6-ecb3-4c70-a103-297a58ab0749 task_id=none get_next_task request_start=510402253 connect_end=510402254 send_end=510402254 receive_end=510402266 connect_duration_ms=1 send_duration_ms=0 receive_duration_ms=12 total_duration_ms=13
[2026-02-03 01:12:40.167] [info] [spider.worker] [TIMING] worker_id=0a8fe0c6-ecb3-4c70-a103-297a58ab0749 task_id=none get_next_task request_start=510402369 connect_end=510402370 send_end=510402370 receive_end=510402376 connect_duration_ms=1 send_duration_ms=0 receive_duration_ms=5 total_duration_ms=7
[2026-02-03 01:12:40.277] [info] [spider.worker] [TIMING] worker_id=0a8fe0c6-ecb3-4c70-a103-297a58ab0749 task_id=none get_next_task request_start=510402478 connect_end=510402480 send_end=510402480 receive_end=510402485 connect_duration_ms=1 send_duration_ms=0 receive_duration_ms=4 total_duration_ms=6
[2026-02-03 01:12:40.385] [info] [spider.worker] [TIMING] worker_id=0a8fe0c6-ecb3-4c70-a103-297a58ab0749 task_id=none get_next_task request_start=510402587 connect_end=510402589 send_end=510402589 receive_end=510402593 connect_duration_ms=1 send_duration_ms=0 receive_duration_ms=3 total_duration_ms=5
[2026-02-03 01:12:40.495] [info] [spider.worker] [TIMING] worker_id=0a8fe0c6-ecb3-4c70-a103-297a58ab0749 task_id=none get_next_task request_start=510402696 connect_end=510402697 send_end=510402697 receive_end=510402703 connect_duration_ms=1 send_duration_ms=0 receive_duration_ms=5 total_duration_ms=7
[2026-02-03 01:12:40.604] [info] [spider.worker] [TIMING] worker_id=0a8fe0c6-ecb3-4c70-a103-297a58ab0749 task_id=none get_next_task request_start=510402806 connect_end=510402807 send_end=510402807 receive_end=510402813 connect_duration_ms=1 send_duration_ms=0 receive_duration_ms=5 total_duration_ms=6
[2026-02-03 01:12:40.713] [info] [spider.worker] [TIMING] worker_id=0a8fe0c6-ecb3-4c70-a103-297a58ab0749 task_id=none get_next_task request_start=510402915 connect_end=510402917 send_end=510402917 receive_end=510402921 connect_duration_ms=2 send_duration_ms=0 receive_duration_ms=3 total_duration_ms=6
[2026-02-03 01:12:40.821] [info] [spider.worker] [TIMING] worker_id=0a8fe0c6-ecb3-4c70-a103-297a58ab0749 task_id=none get_next_task request_start=510403024 connect_end=510403025 send_end=510403025 receive_end=510403029 connect_duration_ms=1 send_duration_ms=0 receive_duration_ms=4 total_duration_ms=5
[2026-02-03 01:12:40.926] [info] [spider.worker] [TIMING] worker_id=0a8fe0c6-ecb3-4c70-a103-297a58ab0749 task_id=none get_next_task request_start=510403131 connect_end=510403132 send_end=510403132 receive_end=510403134 connect_duration_ms=1 send_duration_ms=0 receive_duration_ms=1 total_duration_ms=3
[2026-02-03 01:12:41.032] [info] [spider.worker] [TIMING] worker_id=0a8fe0c6-ecb3-4c70-a103-297a58ab0749 task_id=none get_next_task request_start=510403236 connect_end=510403237 send_end=510403237 receive_end=510403241 connect_duration_ms=1 send_duration_ms=0 receive_duration_ms=3 total_duration_ms=4
[2026-02-03 01:12:41.146] [info] [spider.worker] [TIMING] worker_id=0a8fe0c6-ecb3-4c70-a103-297a58ab0749 task_id=none get_next_task request_start=510403343 connect_end=510403345 send_end=510403345 receive_end=510403354 connect_duration_ms=1 send_duration_ms=0 receive_duration_ms=9 total_duration_ms=11
[2026-02-03 01:12:41.255] [info] [spider.worker] [TIMING] worker_id=0a8fe0c6-ecb3-4c70-a103-297a58ab0749 task_id=none get_next_task request_start=510403457 connect_end=510403458 send_end=510403458 receive_end=510403463 connect_duration_ms=1 send_duration_ms=0 receive_duration_ms=5 total_duration_ms=6
[2026-02-03 01:12:41.362] [info] [spider.worker] [TIMING] worker_id=0a8fe0c6-ecb3-4c70-a103-297a58ab0749 task_id=none get_next_task request_start=510403565 connect_end=510403567 send_end=510403567 receive_end=510403570 connect_duration_ms=1 send_duration_ms=0 receive_duration_ms=3 total_duration_ms=4
[2026-02-03 01:12:41.466] [info] [spider.worker] [TIMING] worker_id=0a8fe0c6-ecb3-4c70-a103-297a58ab0749 task_id=none get_next_task request_start=510403671 connect_end=510403672 send_end=510403672 receive_end=510403674 connect_duration_ms=0 send_duration_ms=0 receive_duration_ms=1 total_duration_ms=2
[2026-02-03 01:12:41.576] [info] [spider.worker] [TIMING] worker_id=0a8fe0c6-ecb3-4c70-a103-297a58ab0749 task_id=none get_next_task request_start=510403776 connect_end=510403777 send_end=510403777 receive_end=510403784 connect_duration_ms=1 send_duration_ms=0 receive_duration_ms=6 total_duration_ms=7
[2026-02-03 01:12:41.684] [info] [spider.worker] [TIMING] worker_id=0a8fe0c6-ecb3-4c70-a103-297a58ab0749 task_id=none get_next_task request_start=510403885 connect_end=510403887 send_end=510403887 receive_end=510403893 connect_duration_ms=1 send_duration_ms=0 receive_duration_ms=5 total_duration_ms=7
[2026-02-03 01:12:41.792] [info] [spider.worker] [TIMING] worker_id=0a8fe0c6-ecb3-4c70-a103-297a58ab0749 task_id=none get_next_task request_start=510403994 connect_end=510403995 send_end=510403995 receive_end=510404000 connect_duration_ms=1 send_duration_ms=0 receive_duration_ms=5 total_duration_ms=6
[2026-02-03 01:12:41.898] [info] [spider.worker] [TIMING] worker_id=0a8fe0c6-ecb3-4c70-a103-297a58ab0749 task_id=none get_next_task request_start=510404103 connect_end=510404104 send_end=510404104 receive_end=510404106 connect_duration_ms=1 send_duration_ms=0 receive_duration_ms=1 total_duration_ms=3
[2026-02-03 01:12:42.009] [info] [spider.worker] [TIMING] worker_id=0a8fe0c6-ecb3-4c70-a103-297a58ab0749 task_id=none get_next_task request_start=510404208 connect_end=510404209 send_end=510404209 receive_end=510404217 connect_duration_ms=1 send_duration_ms=0 receive_duration_ms=8 total_duration_ms=9
[2026-02-03 01:12:42.117] [info] [spider.worker] [TIMING] worker_id=0a8fe0c6-ecb3-4c70-a103-297a58ab0749 task_id=none get_next_task request_start=510404319 connect_end=510404320 send_end=510404320 receive_end=510404325 connect_duration_ms=1 send_duration_ms=0 receive_duration_ms=4 total_duration_ms=5
[2026-02-03 01:12:42.225] [info] [spider.worker] [TIMING] worker_id=0a8fe0c6-ecb3-4c70-a103-297a58ab0749 task_id=none get_next_task request_start=510404427 connect_end=510404429 send_end=510404429 receive_end=510404434 connect_duration_ms=1 send_duration_ms=0 receive_duration_ms=4 total_duration_ms=6
[2026-02-03 01:12:42.334] [info] [spider.worker] [TIMING] worker_id=0a8fe0c6-ecb3-4c70-a103-297a58ab0749 task_id=none get_next_task request_start=510404536 connect_end=510404538 send_end=510404538 receive_end=510404542 connect_duration_ms=2 send_duration_ms=0 receive_duration_ms=3 total_duration_ms=5
[2026-02-03 01:12:42.444] [info] [spider.worker] [TIMING] worker_id=0a8fe0c6-ecb3-4c70-a103-297a58ab0749 task_id=none get_next_task request_start=510404645 connect_end=510404647 send_end=510404647 receive_end=510404652 connect_duration_ms=1 send_duration_ms=0 receive_duration_ms=5 total_duration_ms=7
[2026-02-03 01:12:42.552] [info] [spider.worker] [TIMING] worker_id=0a8fe0c6-ecb3-4c70-a103-297a58ab0749 task_id=none get_next_task request_start=510404755 connect_end=510404757 send_end=510404757 receive_end=510404761 connect_duration_ms=1 send_duration_ms=0 receive_duration_ms=3 total_duration_ms=5
[2026-02-03 01:12:42.670] [info] [spider.worker] [TIMING] worker_id=0a8fe0c6-ecb3-4c70-a103-297a58ab0749 task_id=none get_next_task request_start=510404863 connect_end=510404865 send_end=510404865 receive_end=510404879 connect_duration_ms=1 send_duration_ms=0 receive_duration_ms=13 total_duration_ms=15
[2026-02-03 01:12:42.780] [info] [spider.worker] [TIMING] worker_id=0a8fe0c6-ecb3-4c70-a103-297a58ab0749 task_id=none get_next_task request_start=510404982 connect_end=510404983 send_end=510404983 receive_end=510404988 connect_duration_ms=1 send_duration_ms=0 receive_duration_ms=4 total_duration_ms=6
[2026-02-03 01:12:42.889] [info] [spider.worker] [TIMING] worker_id=0a8fe0c6-ecb3-4c70-a103-297a58ab0749 task_id=none get_next_task request_start=510405091 connect_end=510405093 send_end=510405093 receive_end=510405097 connect_duration_ms=1 send_duration_ms=0 receive_duration_ms=4 total_duration_ms=6
[2026-02-03 01:12:42.999] [info] [spider.worker] [TIMING] worker_id=0a8fe0c6-ecb3-4c70-a103-297a58ab0749 task_id=none get_next_task request_start=510405200 connect_end=510405202 send_end=510405202 receive_end=510405208 connect_duration_ms=2 send_duration_ms=0 receive_duration_ms=5 total_duration_ms=7
[2026-02-03 01:12:43.108] [info] [spider.worker] [TIMING] worker_id=0a8fe0c6-ecb3-4c70-a103-297a58ab0749 task_id=none get_next_task request_start=510405311 connect_end=510405312 send_end=510405313 receive_end=510405317 connect_duration_ms=1 send_duration_ms=0 receive_duration_ms=4 total_duration_ms=6
[2026-02-03 01:12:43.217] [info] [spider.worker] [TIMING] worker_id=0a8fe0c6-ecb3-4c70-a103-297a58ab0749 task_id=none get_next_task request_start=510405419 connect_end=510405421 send_end=510405421 receive_end=510405425 connect_duration_ms=1 send_duration_ms=0 receive_duration_ms=4 total_duration_ms=5
[2026-02-03 01:12:43.322] [info] [spider.worker] [TIMING] worker_id=0a8fe0c6-ecb3-4c70-a103-297a58ab0749 task_id=none get_next_task request_start=510405527 connect_end=510405528 send_end=510405528 receive_end=510405531 connect_duration_ms=1 send_duration_ms=0 receive_duration_ms=2 total_duration_ms=3
[2026-02-03 01:12:43.428] [info] [spider.worker] [TIMING] worker_id=0a8fe0c6-ecb3-4c70-a103-297a58ab0749 task_id=none get_next_task request_start=510405633 connect_end=510405634 send_end=510405634 receive_end=510405636 connect_duration_ms=1 send_duration_ms=0 receive_duration_ms=2 total_duration_ms=3
[2026-02-03 01:12:43.536] [info] [spider.worker] [TIMING] worker_id=0a8fe0c6-ecb3-4c70-a103-297a58ab0749 task_id=none get_next_task request_start=510405738 connect_end=510405740 send_end=510405740 receive_end=510405744 connect_duration_ms=1 send_duration_ms=0 receive_duration_ms=4 total_duration_ms=5
[2026-02-03 01:12:43.654] [info] [spider.worker] [TIMING] worker_id=0a8fe0c6-ecb3-4c70-a103-297a58ab0749 task_id=none get_next_task request_start=510405846 connect_end=510405848 send_end=510405848 receive_end=510405862 connect_duration_ms=1 send_duration_ms=0 receive_duration_ms=14 total_duration_ms=16
[2026-02-03 01:12:43.762] [info] [spider.worker] [TIMING] worker_id=0a8fe0c6-ecb3-4c70-a103-297a58ab0749 task_id=none get_next_task request_start=510405965 connect_end=510405966 send_end=510405966 receive_end=510405971 connect_duration_ms=1 send_duration_ms=0 receive_duration_ms=4 total_duration_ms=6
[2026-02-03 01:12:43.870] [info] [spider.worker] [TIMING] worker_id=0a8fe0c6-ecb3-4c70-a103-297a58ab0749 task_id=none get_next_task request_start=510406073 connect_end=510406075 send_end=510406075 receive_end=510406079 connect_duration_ms=1 send_duration_ms=0 receive_duration_ms=4 total_duration_ms=5
[2026-02-03 01:12:43.978] [info] [spider.worker] [TIMING] worker_id=0a8fe0c6-ecb3-4c70-a103-297a58ab0749 task_id=none get_next_task request_start=510406181 connect_end=510406182 send_end=510406183 receive_end=510406187 connect_duration_ms=1 send_duration_ms=0 receive_duration_ms=4 total_duration_ms=5
[2026-02-03 01:12:44.086] [info] [spider.worker] [TIMING] worker_id=0a8fe0c6-ecb3-4c70-a103-297a58ab0749 task_id=none get_next_task request_start=510406289 connect_end=510406290 send_end=510406290 receive_end=510406295 connect_duration_ms=1 send_duration_ms=0 receive_duration_ms=4 total_duration_ms=5
[2026-02-03 01:12:44.195] [info] [spider.worker] [TIMING] worker_id=0a8fe0c6-ecb3-4c70-a103-297a58ab0749 task_id=none get_next_task request_start=510406397 connect_end=510406399 send_end=510406399 receive_end=510406404 connect_duration_ms=1 send_duration_ms=0 receive_duration_ms=4 total_duration_ms=6
[2026-02-03 01:12:44.304] [info] [spider.worker] [TIMING] worker_id=0a8fe0c6-ecb3-4c70-a103-297a58ab0749 task_id=none get_next_task request_start=510406506 connect_end=510406508 send_end=510406508 receive_end=510406512 connect_duration_ms=1 send_duration_ms=0 receive_duration_ms=3 total_duration_ms=5
[2026-02-03 01:12:44.412] [info] [spider.worker] [TIMING] worker_id=0a8fe0c6-ecb3-4c70-a103-297a58ab0749 task_id=none get_next_task request_start=510406615 connect_end=510406616 send_end=510406616 receive_end=510406621 connect_duration_ms=1 send_duration_ms=0 receive_duration_ms=4 total_duration_ms=5
[2026-02-03 01:12:44.521] [info] [spider.worker] [TIMING] worker_id=0a8fe0c6-ecb3-4c70-a103-297a58ab0749 task_id=none get_next_task request_start=510406723 connect_end=510406725 send_end=510406725 receive_end=510406729 connect_duration_ms=1 send_duration_ms=0 receive_duration_ms=4 total_duration_ms=6
[2026-02-03 01:12:44.630] [info] [spider.worker] [TIMING] worker_id=0a8fe0c6-ecb3-4c70-a103-297a58ab0749 task_id=none get_next_task request_start=510406832 connect_end=510406834 send_end=510406834 receive_end=510406838 connect_duration_ms=1 send_duration_ms=0 receive_duration_ms=4 total_duration_ms=6
[2026-02-03 01:12:44.739] [info] [spider.worker] [TIMING] worker_id=0a8fe0c6-ecb3-4c70-a103-297a58ab0749 task_id=none get_next_task request_start=510406941 connect_end=510406943 send_end=510406943 receive_end=510406947 connect_duration_ms=1 send_duration_ms=0 receive_duration_ms=4 total_duration_ms=5
[2026-02-03 01:12:44.847] [info] [spider.worker] [TIMING] worker_id=0a8fe0c6-ecb3-4c70-a103-297a58ab0749 task_id=none get_next_task request_start=510407049 connect_end=510407051 send_end=510407051 receive_end=510407056 connect_duration_ms=2 send_duration_ms=0 receive_duration_ms=4 total_duration_ms=6
[2026-02-03 01:12:44.953] [info] [spider.worker] [TIMING] worker_id=0a8fe0c6-ecb3-4c70-a103-297a58ab0749 task_id=none get_next_task request_start=510407158 connect_end=510407159 send_end=510407159 receive_end=510407162 connect_duration_ms=1 send_duration_ms=0 receive_duration_ms=2 total_duration_ms=3
[2026-02-03 01:12:45.062] [info] [spider.worker] [TIMING] worker_id=0a8fe0c6-ecb3-4c70-a103-297a58ab0749 task_id=none get_next_task request_start=510407264 connect_end=510407266 send_end=510407266 receive_end=510407271 connect_duration_ms=1 send_duration_ms=0 receive_duration_ms=4 total_duration_ms=6
[2026-02-03 01:12:45.170] [info] [spider.worker] [TIMING] worker_id=0a8fe0c6-ecb3-4c70-a103-297a58ab0749 task_id=none get_next_task request_start=510407373 connect_end=510407374 send_end=510407374 receive_end=510407378 connect_duration_ms=1 send_duration_ms=0 receive_duration_ms=3 total_duration_ms=5
[2026-02-03 01:12:45.287] [info] [spider.worker] [TIMING] worker_id=0a8fe0c6-ecb3-4c70-a103-297a58ab0749 task_id=none get_next_task request_start=510407481 connect_end=510407484 send_end=510407484 receive_end=510407496 connect_duration_ms=2 send_duration_ms=0 receive_duration_ms=12 total_duration_ms=14
[2026-02-03 01:12:45.397] [info] [spider.worker] [TIMING] worker_id=0a8fe0c6-ecb3-4c70-a103-297a58ab0749 task_id=none get_next_task request_start=510407599 connect_end=510407601 send_end=510407601 receive_end=510407605 connect_duration_ms=2 send_duration_ms=0 receive_duration_ms=4 total_duration_ms=6
[2026-02-03 01:12:45.506] [info] [spider.worker] [TIMING] worker_id=0a8fe0c6-ecb3-4c70-a103-297a58ab0749 task_id=none get_next_task request_start=510407708 connect_end=510407709 send_end=510407709 receive_end=510407715 connect_duration_ms=1 send_duration_ms=0 receive_duration_ms=5 total_duration_ms=7
[2026-02-03 01:12:45.616] [info] [spider.worker] [TIMING] worker_id=0a8fe0c6-ecb3-4c70-a103-297a58ab0749 task_id=none get_next_task request_start=510407818 connect_end=510407820 send_end=510407820 receive_end=510407824 connect_duration_ms=2 send_duration_ms=0 receive_duration_ms=4 total_duration_ms=6
[2026-02-03 01:12:45.725] [info] [spider.worker] [TIMING] worker_id=0a8fe0c6-ecb3-4c70-a103-297a58ab0749 task_id=none get_next_task request_start=510407927 connect_end=510407928 send_end=510407928 receive_end=510407933 connect_duration_ms=1 send_duration_ms=0 receive_duration_ms=4 total_duration_ms=6
[2026-02-03 01:12:45.833] [info] [spider.worker] [TIMING] worker_id=0a8fe0c6-ecb3-4c70-a103-297a58ab0749 task_id=none get_next_task request_start=510408036 connect_end=510408037 send_end=510408038 receive_end=510408041 connect_duration_ms=1 send_duration_ms=0 receive_duration_ms=3 total_duration_ms=5
[2026-02-03 01:12:45.941] [info] [spider.worker] [TIMING] worker_id=0a8fe0c6-ecb3-4c70-a103-297a58ab0749 task_id=none get_next_task request_start=510408144 connect_end=510408145 send_end=510408146 receive_end=510408150 connect_duration_ms=1 send_duration_ms=0 receive_duration_ms=4 total_duration_ms=5
[2026-02-03 01:12:46.052] [info] [spider.worker] [TIMING] worker_id=0a8fe0c6-ecb3-4c70-a103-297a58ab0749 task_id=none get_next_task request_start=510408252 connect_end=510408254 send_end=510408254 receive_end=510408260 connect_duration_ms=1 send_duration_ms=0 receive_duration_ms=6 total_duration_ms=8
[2026-02-03 01:12:46.161] [info] [spider.worker] [TIMING] worker_id=0a8fe0c6-ecb3-4c70-a103-297a58ab0749 task_id=none get_next_task request_start=510408363 connect_end=510408365 send_end=510408365 receive_end=510408369 connect_duration_ms=1 send_duration_ms=0 receive_duration_ms=4 total_duration_ms=6
[2026-02-03 01:12:46.270] [info] [spider.worker] [TIMING] worker_id=0a8fe0c6-ecb3-4c70-a103-297a58ab0749 task_id=none get_next_task request_start=510408472 connect_end=510408474 send_end=510408474 receive_end=510408478 connect_duration_ms=1 send_duration_ms=0 receive_duration_ms=4 total_duration_ms=5
[2026-02-03 01:12:46.379] [info] [spider.worker] [TIMING] worker_id=0a8fe0c6-ecb3-4c70-a103-297a58ab0749 task_id=none get_next_task request_start=510408581 connect_end=510408582 send_end=510408583 receive_end=510408587 connect_duration_ms=1 send_duration_ms=0 receive_duration_ms=4 total_duration_ms=6
[2026-02-03 01:12:46.487] [info] [spider.worker] [TIMING] worker_id=0a8fe0c6-ecb3-4c70-a103-297a58ab0749 task_id=none get_next_task request_start=510408690 connect_end=510408692 send_end=510408692 receive_end=510408696 connect_duration_ms=1 send_duration_ms=0 receive_duration_ms=4 total_duration_ms=5
[2026-02-03 01:12:46.597] [info] [spider.worker] [TIMING] worker_id=0a8fe0c6-ecb3-4c70-a103-297a58ab0749 task_id=none get_next_task request_start=510408798 connect_end=510408800 send_end=510408800 receive_end=510408805 connect_duration_ms=1 send_duration_ms=0 receive_duration_ms=4 total_duration_ms=6
[2026-02-03 01:12:46.705] [info] [spider.worker] [TIMING] worker_id=0a8fe0c6-ecb3-4c70-a103-297a58ab0749 task_id=none get_next_task request_start=510408907 connect_end=510408909 send_end=510408909 receive_end=510408914 connect_duration_ms=1 send_duration_ms=0 receive_duration_ms=4 total_duration_ms=6
[2026-02-03 01:12:46.813] [info] [spider.worker] [TIMING] worker_id=0a8fe0c6-ecb3-4c70-a103-297a58ab0749 task_id=none get_next_task request_start=510409015 connect_end=510409017 send_end=510409017 receive_end=510409022 connect_duration_ms=1 send_duration_ms=0 receive_duration_ms=4 total_duration_ms=6
[2026-02-03 01:12:46.924] [info] [spider.worker] [TIMING] worker_id=0a8fe0c6-ecb3-4c70-a103-297a58ab0749 task_id=none get_next_task request_start=510409124 connect_end=510409126 send_end=510409126 receive_end=510409133 connect_duration_ms=1 send_duration_ms=0 receive_duration_ms=6 total_duration_ms=8
[2026-02-03 01:12:47.032] [info] [spider.worker] [TIMING] worker_id=0a8fe0c6-ecb3-4c70-a103-297a58ab0749 task_id=none get_next_task request_start=510409235 connect_end=510409237 send_end=510409237 receive_end=510409241 connect_duration_ms=1 send_duration_ms=0 receive_duration_ms=4 total_duration_ms=5
[2026-02-03 01:12:47.142] [info] [spider.worker] [TIMING] worker_id=0a8fe0c6-ecb3-4c70-a103-297a58ab0749 task_id=none get_next_task request_start=510409343 connect_end=510409345 send_end=510409345 receive_end=510409350 connect_duration_ms=1 send_duration_ms=0 receive_duration_ms=5 total_duration_ms=6
[2026-02-03 01:12:47.253] [info] [spider.worker] [TIMING] worker_id=0a8fe0c6-ecb3-4c70-a103-297a58ab0749 task_id=none get_next_task request_start=510409453 connect_end=510409455 send_end=510409455 receive_end=510409461 connect_duration_ms=1 send_duration_ms=0 receive_duration_ms=6 total_duration_ms=8
[2026-02-03 01:12:47.361] [info] [spider.worker] [TIMING] worker_id=0a8fe0c6-ecb3-4c70-a103-297a58ab0749 task_id=none get_next_task request_start=510409564 connect_end=510409565 send_end=510409565 receive_end=510409569 connect_duration_ms=1 send_duration_ms=0 receive_duration_ms=3 total_duration_ms=5
[2026-02-03 01:12:47.470] [info] [spider.worker] [TIMING] worker_id=0a8fe0c6-ecb3-4c70-a103-297a58ab0749 task_id=none get_next_task request_start=510409672 connect_end=510409674 send_end=510409674 receive_end=510409679 connect_duration_ms=1 send_duration_ms=0 receive_duration_ms=4 total_duration_ms=6
[2026-02-03 01:12:47.580] [info] [spider.worker] [TIMING] worker_id=0a8fe0c6-ecb3-4c70-a103-297a58ab0749 task_id=none get_next_task request_start=510409781 connect_end=510409783 send_end=510409783 receive_end=510409788 connect_duration_ms=1 send_duration_ms=0 receive_duration_ms=5 total_duration_ms=7
[2026-02-03 01:12:47.691] [info] [spider.worker] [TIMING] worker_id=0a8fe0c6-ecb3-4c70-a103-297a58ab0749 task_id=none get_next_task request_start=510409891 connect_end=510409893 send_end=510409893 receive_end=510409899 connect_duration_ms=1 send_duration_ms=0 receive_duration_ms=6 total_duration_ms=8
[2026-02-03 01:12:47.800] [info] [spider.worker] [TIMING] worker_id=0a8fe0c6-ecb3-4c70-a103-297a58ab0749 task_id=none get_next_task request_start=510410002 connect_end=510410004 send_end=510410004 receive_end=510410008 connect_duration_ms=1 send_duration_ms=0 receive_duration_ms=4 total_duration_ms=5
[2026-02-03 01:12:47.923] [info] [spider.worker] [TIMING] worker_id=0a8fe0c6-ecb3-4c70-a103-297a58ab0749 task_id=none get_next_task request_start=510410111 connect_end=510410113 send_end=510410113 receive_end=510410131 connect_duration_ms=1 send_duration_ms=0 receive_duration_ms=18 total_duration_ms=20
[2026-02-03 01:12:48.032] [info] [spider.worker] [TIMING] worker_id=0a8fe0c6-ecb3-4c70-a103-297a58ab0749 task_id=none get_next_task request_start=510410234 connect_end=510410236 send_end=510410236 receive_end=510410241 connect_duration_ms=1 send_duration_ms=0 receive_duration_ms=4 total_duration_ms=6
[2026-02-03 01:12:48.141] [info] [spider.worker] [TIMING] worker_id=0a8fe0c6-ecb3-4c70-a103-297a58ab0749 task_id=none get_next_task request_start=510410343 connect_end=510410345 send_end=510410345 receive_end=510410349 connect_duration_ms=1 send_duration_ms=0 receive_duration_ms=4 total_duration_ms=5
[2026-02-03 01:12:48.250] [info] [spider.worker] [TIMING] worker_id=0a8fe0c6-ecb3-4c70-a103-297a58ab0749 task_id=none get_next_task request_start=510410452 connect_end=510410453 send_end=510410453 receive_end=510410458 connect_duration_ms=1 send_duration_ms=0 receive_duration_ms=4 total_duration_ms=6
[2026-02-03 01:12:48.359] [info] [spider.worker] [TIMING] worker_id=0a8fe0c6-ecb3-4c70-a103-297a58ab0749 task_id=none get_next_task request_start=510410561 connect_end=510410563 send_end=510410563 receive_end=510410567 connect_duration_ms=1 send_duration_ms=0 receive_duration_ms=4 total_duration_ms=6
[2026-02-03 01:12:48.467] [info] [spider.worker] [TIMING] worker_id=0a8fe0c6-ecb3-4c70-a103-297a58ab0749 task_id=none get_next_task request_start=510410670 connect_end=510410671 send_end=510410671 receive_end=510410675 connect_duration_ms=1 send_duration_ms=0 receive_duration_ms=4 total_duration_ms=5
[2026-02-03 01:12:48.576] [info] [spider.worker] [TIMING] worker_id=0a8fe0c6-ecb3-4c70-a103-297a58ab0749 task_id=none get_next_task request_start=510410778 connect_end=510410780 send_end=510410780 receive_end=510410784 connect_duration_ms=1 send_duration_ms=0 receive_duration_ms=4 total_duration_ms=6
[2026-02-03 01:12:48.685] [info] [spider.worker] [TIMING] worker_id=0a8fe0c6-ecb3-4c70-a103-297a58ab0749 task_id=none get_next_task request_start=510410887 connect_end=510410889 send_end=510410889 receive_end=510410893 connect_duration_ms=1 send_duration_ms=0 receive_duration_ms=4 total_duration_ms=6
[2026-02-03 01:12:48.793] [info] [spider.worker] [TIMING] worker_id=0a8fe0c6-ecb3-4c70-a103-297a58ab0749 task_id=none get_next_task request_start=510410996 connect_end=510410998 send_end=510410998 receive_end=510411002 connect_duration_ms=1 send_duration_ms=0 receive_duration_ms=4 total_duration_ms=6
[2026-02-03 01:12:48.903] [info] [spider.worker] [TIMING] worker_id=0a8fe0c6-ecb3-4c70-a103-297a58ab0749 task_id=none get_next_task request_start=510411104 connect_end=510411106 send_end=510411106 receive_end=510411111 connect_duration_ms=1 send_duration_ms=0 receive_duration_ms=4 total_duration_ms=6
[2026-02-03 01:12:49.012] [info] [spider.worker] [TIMING] worker_id=0a8fe0c6-ecb3-4c70-a103-297a58ab0749 task_id=none get_next_task request_start=510411214 connect_end=510411216 send_end=510411216 receive_end=510411220 connect_duration_ms=2 send_duration_ms=0 receive_duration_ms=4 total_duration_ms=6
[2026-02-03 01:12:49.120] [info] [spider.worker] [TIMING] worker_id=0a8fe0c6-ecb3-4c70-a103-297a58ab0749 task_id=none get_next_task request_start=510411323 connect_end=510411325 send_end=510411325 receive_end=510411329 connect_duration_ms=1 send_duration_ms=0 receive_duration_ms=3 total_duration_ms=5
[2026-02-03 01:12:49.231] [info] [spider.worker] [TIMING] worker_id=0a8fe0c6-ecb3-4c70-a103-297a58ab0749 task_id=none get_next_task request_start=510411431 connect_end=510411433 send_end=510411433 receive_end=510411439 connect_duration_ms=1 send_duration_ms=0 receive_duration_ms=6 total_duration_ms=7
[2026-02-03 01:12:49.340] [info] [spider.worker] [TIMING] worker_id=0a8fe0c6-ecb3-4c70-a103-297a58ab0749 task_id=none get_next_task request_start=510411542 connect_end=510411544 send_end=510411544 receive_end=510411548 connect_duration_ms=1 send_duration_ms=0 receive_duration_ms=3 total_duration_ms=5
[2026-02-03 01:12:49.448] [info] [spider.worker] [TIMING] worker_id=0a8fe0c6-ecb3-4c70-a103-297a58ab0749 task_id=none get_next_task request_start=510411651 connect_end=510411653 send_end=510411653 receive_end=510411657 connect_duration_ms=1 send_duration_ms=0 receive_duration_ms=3 total_duration_ms=5
[2026-02-03 01:12:49.557] [info] [spider.worker] [TIMING] worker_id=0a8fe0c6-ecb3-4c70-a103-297a58ab0749 task_id=none get_next_task request_start=510411759 connect_end=510411761 send_end=510411761 receive_end=510411766 connect_duration_ms=1 send_duration_ms=0 receive_duration_ms=4 total_duration_ms=6
[2026-02-03 01:12:49.666] [info] [spider.worker] [TIMING] worker_id=0a8fe0c6-ecb3-4c70-a103-297a58ab0749 task_id=none get_next_task request_start=510411869 connect_end=510411870 send_end=510411870 receive_end=510411875 connect_duration_ms=1 send_duration_ms=0 receive_duration_ms=4 total_duration_ms=5
[2026-02-03 01:12:49.775] [info] [spider.worker] [TIMING] worker_id=0a8fe0c6-ecb3-4c70-a103-297a58ab0749 task_id=none get_next_task request_start=510411977 connect_end=510411979 send_end=510411979 receive_end=510411983 connect_duration_ms=1 send_duration_ms=0 receive_duration_ms=4 total_duration_ms=6
[2026-02-03 01:12:49.885] [info] [spider.worker] [TIMING] worker_id=0a8fe0c6-ecb3-4c70-a103-297a58ab0749 task_id=none get_next_task request_start=510412087 connect_end=510412088 send_end=510412088 receive_end=510412093 connect_duration_ms=1 send_duration_ms=0 receive_duration_ms=4 total_duration_ms=6
[2026-02-03 01:12:49.993] [info] [spider.worker] [TIMING] worker_id=0a8fe0c6-ecb3-4c70-a103-297a58ab0749 task_id=none get_next_task request_start=510412196 connect_end=510412197 send_end=510412197 receive_end=510412202 connect_duration_ms=1 send_duration_ms=0 receive_duration_ms=4 total_duration_ms=6
[2026-02-03 01:12:50.102] [info] [spider.worker] [TIMING] worker_id=0a8fe0c6-ecb3-4c70-a103-297a58ab0749 task_id=none get_next_task request_start=510412305 connect_end=510412307 send_end=510412307 receive_end=510412311 connect_duration_ms=1 send_duration_ms=0 receive_duration_ms=4 total_duration_ms=5
[2026-02-03 01:12:50.211] [info] [spider.worker] [TIMING] worker_id=0a8fe0c6-ecb3-4c70-a103-297a58ab0749 task_id=none get_next_task request_start=510412413 connect_end=510412415 send_end=510412415 receive_end=510412419 connect_duration_ms=1 send_duration_ms=0 receive_duration_ms=4 total_duration_ms=6
[2026-02-03 01:12:50.321] [info] [spider.worker] [TIMING] worker_id=0a8fe0c6-ecb3-4c70-a103-297a58ab0749 task_id=none get_next_task request_start=510412522 connect_end=510412524 send_end=510412525 receive_end=510412529 connect_duration_ms=2 send_duration_ms=0 receive_duration_ms=4 total_duration_ms=6
[2026-02-03 01:12:50.457] [info] [spider.worker] [TIMING] worker_id=0a8fe0c6-ecb3-4c70-a103-297a58ab0749 task_id=none get_next_task request_start=510412632 connect_end=510412633 send_end=510412633 receive_end=510412666 connect_duration_ms=1 send_duration_ms=0 receive_duration_ms=32 total_duration_ms=33
[2026-02-03 01:12:50.567] [info] [spider.worker] [TIMING] worker_id=0a8fe0c6-ecb3-4c70-a103-297a58ab0749 task_id=none get_next_task request_start=510412769 connect_end=510412770 send_end=510412770 receive_end=510412775 connect_duration_ms=1 send_duration_ms=0 receive_duration_ms=4 total_duration_ms=6
[2026-02-03 01:12:50.675] [info] [spider.worker] [TIMING] worker_id=0a8fe0c6-ecb3-4c70-a103-297a58ab0749 task_id=none get_next_task request_start=510412878 connect_end=510412879 send_end=510412879 receive_end=510412884 connect_duration_ms=1 send_duration_ms=0 receive_duration_ms=4 total_duration_ms=6
[2026-02-03 01:12:50.785] [info] [spider.worker] [TIMING] worker_id=0a8fe0c6-ecb3-4c70-a103-297a58ab0749 task_id=none get_next_task request_start=510412987 connect_end=510412989 send_end=510412989 receive_end=510412993 connect_duration_ms=1 send_duration_ms=0 receive_duration_ms=4 total_duration_ms=6
[2026-02-03 01:12:50.894] [info] [spider.worker] [TIMING] worker_id=0a8fe0c6-ecb3-4c70-a103-297a58ab0749 task_id=none get_next_task request_start=510413096 connect_end=510413098 send_end=510413098 receive_end=510413102 connect_duration_ms=1 send_duration_ms=0 receive_duration_ms=4 total_duration_ms=6
[2026-02-03 01:12:51.004] [info] [spider.worker] [TIMING] worker_id=0a8fe0c6-ecb3-4c70-a103-297a58ab0749 task_id=none get_next_task request_start=510413205 connect_end=510413207 send_end=510413207 receive_end=510413212 connect_duration_ms=1 send_duration_ms=0 receive_duration_ms=5 total_duration_ms=6
[2026-02-03 01:12:51.112] [info] [spider.worker] [TIMING] worker_id=0a8fe0c6-ecb3-4c70-a103-297a58ab0749 task_id=none get_next_task request_start=510413315 connect_end=510413316 send_end=510413316 receive_end=510413321 connect_duration_ms=1 send_duration_ms=0 receive_duration_ms=4 total_duration_ms=6
[2026-02-03 01:12:51.221] [info] [spider.worker] [TIMING] worker_id=0a8fe0c6-ecb3-4c70-a103-297a58ab0749 task_id=none get_next_task request_start=510413424 connect_end=510413425 send_end=510413425 receive_end=510413430 connect_duration_ms=1 send_duration_ms=0 receive_duration_ms=4 total_duration_ms=5
[2026-02-03 01:12:51.329] [info] [spider.worker] [TIMING] worker_id=0a8fe0c6-ecb3-4c70-a103-297a58ab0749 task_id=none get_next_task request_start=510413532 connect_end=510413533 send_end=510413533 receive_end=510413537 connect_duration_ms=1 send_duration_ms=0 receive_duration_ms=4 total_duration_ms=5
[2026-02-03 01:12:51.437] [info] [spider.worker] [TIMING] worker_id=0a8fe0c6-ecb3-4c70-a103-297a58ab0749 task_id=none get_next_task request_start=510413640 connect_end=510413641 send_end=510413641 receive_end=510413645 connect_duration_ms=1 send_duration_ms=0 receive_duration_ms=4 total_duration_ms=5
[2026-02-03 01:12:51.546] [info] [spider.worker] [TIMING] worker_id=0a8fe0c6-ecb3-4c70-a103-297a58ab0749 task_id=none get_next_task request_start=510413748 connect_end=510413750 send_end=510413750 receive_end=510413754 connect_duration_ms=1 send_duration_ms=0 receive_duration_ms=4 total_duration_ms=6
[2026-02-03 01:12:51.656] [info] [spider.worker] [TIMING] worker_id=0a8fe0c6-ecb3-4c70-a103-297a58ab0749 task_id=none get_next_task request_start=510413857 connect_end=510413859 send_end=510413859 receive_end=510413864 connect_duration_ms=2 send_duration_ms=0 receive_duration_ms=5 total_duration_ms=7
[2026-02-03 01:12:51.765] [info] [spider.worker] [TIMING] worker_id=0a8fe0c6-ecb3-4c70-a103-297a58ab0749 task_id=none get_next_task request_start=510413967 connect_end=510413969 send_end=510413969 receive_end=510413974 connect_duration_ms=1 send_duration_ms=0 receive_duration_ms=4 total_duration_ms=6
[2026-02-03 01:12:51.875] [info] [spider.worker] [TIMING] worker_id=0a8fe0c6-ecb3-4c70-a103-297a58ab0749 task_id=none get_next_task request_start=510414076 connect_end=510414078 send_end=510414078 receive_end=510414084 connect_duration_ms=1 send_duration_ms=0 receive_duration_ms=5 total_duration_ms=7
[2026-02-03 01:12:51.982] [info] [spider.worker] [TIMING] worker_id=0a8fe0c6-ecb3-4c70-a103-297a58ab0749 task_id=none get_next_task request_start=510414186 connect_end=510414187 send_end=510414187 receive_end=510414191 connect_duration_ms=1 send_duration_ms=0 receive_duration_ms=3 total_duration_ms=5
[2026-02-03 01:12:52.087] [info] [spider.worker] [TIMING] worker_id=0a8fe0c6-ecb3-4c70-a103-297a58ab0749 task_id=none get_next_task request_start=510414292 connect_end=510414294 send_end=510414294 receive_end=510414296 connect_duration_ms=1 send_duration_ms=0 receive_duration_ms=2 total_duration_ms=3
[2026-02-03 01:12:52.193] [info] [spider.worker] [TIMING] worker_id=0a8fe0c6-ecb3-4c70-a103-297a58ab0749 task_id=none get_next_task request_start=510414398 connect_end=510414399 send_end=510414399 receive_end=510414402 connect_duration_ms=1 send_duration_ms=0 receive_duration_ms=2 total_duration_ms=4
[2026-02-03 01:12:52.302] [info] [spider.worker] [TIMING] worker_id=0a8fe0c6-ecb3-4c70-a103-297a58ab0749 task_id=none get_next_task request_start=510414504 connect_end=510414506 send_end=510414506 receive_end=510414510 connect_duration_ms=1 send_duration_ms=0 receive_duration_ms=4 total_duration_ms=6
[2026-02-03 01:12:52.410] [info] [spider.worker] [TIMING] worker_id=0a8fe0c6-ecb3-4c70-a103-297a58ab0749 task_id=none get_next_task request_start=510414612 connect_end=510414614 send_end=510414614 receive_end=510414618 connect_duration_ms=1 send_duration_ms=0 receive_duration_ms=4 total_duration_ms=5
[2026-02-03 01:12:52.516] [info] [spider.worker] [TIMING] worker_id=0a8fe0c6-ecb3-4c70-a103-297a58ab0749 task_id=none get_next_task request_start=510414721 connect_end=510414722 send_end=510414722 receive_end=510414725 connect_duration_ms=1 send_duration_ms=0 receive_duration_ms=2 total_duration_ms=4
[2026-02-03 01:12:52.626] [info] [spider.worker] [TIMING] worker_id=0a8fe0c6-ecb3-4c70-a103-297a58ab0749 task_id=none get_next_task request_start=510414827 connect_end=510414829 send_end=510414829 receive_end=510414835 connect_duration_ms=1 send_duration_ms=0 receive_duration_ms=5 total_duration_ms=7
[2026-02-03 01:12:52.735] [info] [spider.worker] [TIMING] worker_id=0a8fe0c6-ecb3-4c70-a103-297a58ab0749 task_id=none get_next_task request_start=510414937 connect_end=510414939 send_end=510414939 receive_end=510414944 connect_duration_ms=1 send_duration_ms=0 receive_duration_ms=4 total_duration_ms=6
[2026-02-03 01:12:52.845] [info] [spider.worker] [TIMING] worker_id=0a8fe0c6-ecb3-4c70-a103-297a58ab0749 task_id=none get_next_task request_start=510415046 connect_end=510415048 send_end=510415048 receive_end=510415053 connect_duration_ms=1 send_duration_ms=0 receive_duration_ms=5 total_duration_ms=6
[2026-02-03 01:12:52.954] [info] [spider.worker] [TIMING] worker_id=0a8fe0c6-ecb3-4c70-a103-297a58ab0749 task_id=none get_next_task request_start=510415156 connect_end=510415158 send_end=510415158 receive_end=510415162 connect_duration_ms=1 send_duration_ms=0 receive_duration_ms=4 total_duration_ms=5
[2026-02-03 01:12:53.063] [info] [spider.worker] [TIMING] worker_id=0a8fe0c6-ecb3-4c70-a103-297a58ab0749 task_id=none get_next_task request_start=510415265 connect_end=510415267 send_end=510415267 receive_end=510415271 connect_duration_ms=1 send_duration_ms=0 receive_duration_ms=4 total_duration_ms=5
[2026-02-03 01:12:53.172] [info] [spider.worker] [TIMING] worker_id=0a8fe0c6-ecb3-4c70-a103-297a58ab0749 task_id=none get_next_task request_start=510415374 connect_end=510415376 send_end=510415376 receive_end=510415380 connect_duration_ms=1 send_duration_ms=0 receive_duration_ms=4 total_duration_ms=6
[2026-02-03 01:12:53.282] [info] [spider.worker] [TIMING] worker_id=0a8fe0c6-ecb3-4c70-a103-297a58ab0749 task_id=none get_next_task request_start=510415483 connect_end=510415485 send_end=510415485 receive_end=510415490 connect_duration_ms=1 send_duration_ms=0 receive_duration_ms=5 total_duration_ms=6
[2026-02-03 01:12:53.386] [info] [spider.worker] [TIMING] worker_id=0a8fe0c6-ecb3-4c70-a103-297a58ab0749 task_id=none get_next_task request_start=510415592 connect_end=510415593 send_end=510415593 receive_end=510415595 connect_duration_ms=1 send_duration_ms=0 receive_duration_ms=1 total_duration_ms=3
[2026-02-03 01:12:53.492] [info] [spider.worker] [TIMING] worker_id=0a8fe0c6-ecb3-4c70-a103-297a58ab0749 task_id=none get_next_task request_start=510415697 connect_end=510415698 send_end=510415698 receive_end=510415701 connect_duration_ms=1 send_duration_ms=0 receive_duration_ms=2 total_duration_ms=3
[2026-02-03 01:12:53.599] [info] [spider.worker] [TIMING] worker_id=0a8fe0c6-ecb3-4c70-a103-297a58ab0749 task_id=none get_next_task request_start=510415803 connect_end=510415804 send_end=510415804 receive_end=510415808 connect_duration_ms=1 send_duration_ms=0 receive_duration_ms=3 total_duration_ms=5
[2026-02-03 01:12:53.715] [info] [spider.worker] [TIMING] worker_id=0a8fe0c6-ecb3-4c70-a103-297a58ab0749 task_id=none get_next_task request_start=510415918 connect_end=510415920 send_end=510415920 receive_end=510415923 connect_duration_ms=1 send_duration_ms=0 receive_duration_ms=3 total_duration_ms=5
[2026-02-03 01:12:53.822] [info] [spider.worker] [TIMING] worker_id=0a8fe0c6-ecb3-4c70-a103-297a58ab0749 task_id=none get_next_task request_start=510416026 connect_end=510416027 send_end=510416027 receive_end=510416030 connect_duration_ms=1 send_duration_ms=0 receive_duration_ms=3 total_duration_ms=4
[2026-02-03 01:12:53.933] [info] [spider.worker] [TIMING] worker_id=0a8fe0c6-ecb3-4c70-a103-297a58ab0749 task_id=none get_next_task request_start=510416133 connect_end=510416134 send_end=510416134 receive_end=510416141 connect_duration_ms=1 send_duration_ms=0 receive_duration_ms=6 total_duration_ms=8
[2026-02-03 01:12:54.042] [info] [spider.worker] [TIMING] worker_id=0a8fe0c6-ecb3-4c70-a103-297a58ab0749 task_id=none get_next_task request_start=510416244 connect_end=510416245 send_end=510416245 receive_end=510416251 connect_duration_ms=1 send_duration_ms=0 receive_duration_ms=5 total_duration_ms=6
[2026-02-03 01:12:54.151] [info] [spider.worker] [TIMING] worker_id=0a8fe0c6-ecb3-4c70-a103-297a58ab0749 task_id=none get_next_task request_start=510416353 connect_end=510416355 send_end=510416355 receive_end=510416359 connect_duration_ms=1 send_duration_ms=0 receive_duration_ms=4 total_duration_ms=6
[2026-02-03 01:12:54.260] [info] [spider.worker] [TIMING] worker_id=0a8fe0c6-ecb3-4c70-a103-297a58ab0749 task_id=none get_next_task request_start=510416462 connect_end=510416464 send_end=510416464 receive_end=510416468 connect_duration_ms=1 send_duration_ms=0 receive_duration_ms=4 total_duration_ms=6
[2026-02-03 01:12:54.368] [info] [spider.worker] [TIMING] worker_id=0a8fe0c6-ecb3-4c70-a103-297a58ab0749 task_id=none get_next_task request_start=510416570 connect_end=510416572 send_end=510416572 receive_end=510416577 connect_duration_ms=1 send_duration_ms=0 receive_duration_ms=4 total_duration_ms=6
[2026-02-03 01:12:54.477] [info] [spider.worker] [TIMING] worker_id=0a8fe0c6-ecb3-4c70-a103-297a58ab0749 task_id=none get_next_task request_start=510416679 connect_end=510416681 send_end=510416681 receive_end=510416686 connect_duration_ms=1 send_duration_ms=0 receive_duration_ms=4 total_duration_ms=6
[2026-02-03 01:12:54.586] [info] [spider.worker] [TIMING] worker_id=0a8fe0c6-ecb3-4c70-a103-297a58ab0749 task_id=none get_next_task request_start=510416788 connect_end=510416790 send_end=510416790 receive_end=510416794 connect_duration_ms=1 send_duration_ms=0 receive_duration_ms=4 total_duration_ms=5
[2026-02-03 01:12:54.695] [info] [spider.worker] [TIMING] worker_id=0a8fe0c6-ecb3-4c70-a103-297a58ab0749 task_id=none get_next_task request_start=510416897 connect_end=510416898 send_end=510416899 receive_end=510416904 connect_duration_ms=1 send_duration_ms=0 receive_duration_ms=5 total_duration_ms=6
[2026-02-03 01:12:54.804] [info] [spider.worker] [TIMING] worker_id=0a8fe0c6-ecb3-4c70-a103-297a58ab0749 task_id=none get_next_task request_start=510417006 connect_end=510417008 send_end=510417008 receive_end=510417012 connect_duration_ms=1 send_duration_ms=0 receive_duration_ms=4 total_duration_ms=6
[2026-02-03 01:12:54.913] [info] [spider.worker] [TIMING] worker_id=0a8fe0c6-ecb3-4c70-a103-297a58ab0749 task_id=none get_next_task request_start=510417115 connect_end=510417117 send_end=510417117 receive_end=510417121 connect_duration_ms=1 send_duration_ms=0 receive_duration_ms=4 total_duration_ms=6
[2026-02-03 01:12:55.022] [info] [spider.worker] [TIMING] worker_id=0a8fe0c6-ecb3-4c70-a103-297a58ab0749 task_id=none get_next_task request_start=510417224 connect_end=510417226 send_end=510417226 receive_end=510417231 connect_duration_ms=1 send_duration_ms=0 receive_duration_ms=4 total_duration_ms=6
[2026-02-03 01:12:55.131] [info] [spider.worker] [TIMING] worker_id=0a8fe0c6-ecb3-4c70-a103-297a58ab0749 task_id=none get_next_task request_start=510417334 connect_end=510417335 send_end=510417335 receive_end=510417340 connect_duration_ms=1 send_duration_ms=0 receive_duration_ms=4 total_duration_ms=5
[2026-02-03 01:12:55.240] [info] [spider.worker] [TIMING] worker_id=0a8fe0c6-ecb3-4c70-a103-297a58ab0749 task_id=none get_next_task request_start=510417442 connect_end=510417444 send_end=510417444 receive_end=510417448 connect_duration_ms=1 send_duration_ms=0 receive_duration_ms=4 total_duration_ms=5
[2026-02-03 01:12:55.348] [info] [spider.worker] [TIMING] worker_id=0a8fe0c6-ecb3-4c70-a103-297a58ab0749 task_id=none get_next_task request_start=510417551 connect_end=510417552 send_end=510417552 receive_end=510417556 connect_duration_ms=1 send_duration_ms=0 receive_duration_ms=4 total_duration_ms=5
[2026-02-03 01:12:55.457] [info] [spider.worker] [TIMING] worker_id=0a8fe0c6-ecb3-4c70-a103-297a58ab0749 task_id=none get_next_task request_start=510417659 connect_end=510417661 send_end=510417661 receive_end=510417666 connect_duration_ms=2 send_duration_ms=0 receive_duration_ms=4 total_duration_ms=6
[2026-02-03 01:12:55.566] [info] [spider.worker] [TIMING] worker_id=0a8fe0c6-ecb3-4c70-a103-297a58ab0749 task_id=none get_next_task request_start=510417768 connect_end=510417770 send_end=510417770 receive_end=510417774 connect_duration_ms=1 send_duration_ms=0 receive_duration_ms=4 total_duration_ms=6
[2026-02-03 01:12:55.674] [info] [spider.worker] [TIMING] worker_id=0a8fe0c6-ecb3-4c70-a103-297a58ab0749 task_id=none get_next_task request_start=510417877 connect_end=510417879 send_end=510417879 receive_end=510417883 connect_duration_ms=1 send_duration_ms=0 receive_duration_ms=4 total_duration_ms=5
[2026-02-03 01:12:55.782] [info] [spider.worker] [TIMING] worker_id=0a8fe0c6-ecb3-4c70-a103-297a58ab0749 task_id=none get_next_task request_start=510417985 connect_end=510417987 send_end=510417987 receive_end=510417991 connect_duration_ms=1 send_duration_ms=0 receive_duration_ms=4 total_duration_ms=5
[2026-02-03 01:12:55.891] [info] [spider.worker] [TIMING] worker_id=0a8fe0c6-ecb3-4c70-a103-297a58ab0749 task_id=none get_next_task request_start=510418093 connect_end=510418095 send_end=510418095 receive_end=510418099 connect_duration_ms=1 send_duration_ms=0 receive_duration_ms=4 total_duration_ms=5
[2026-02-03 01:12:55.999] [info] [spider.worker] [TIMING] worker_id=0a8fe0c6-ecb3-4c70-a103-297a58ab0749 task_id=none get_next_task request_start=510418202 connect_end=510418204 send_end=510418204 receive_end=510418208 connect_duration_ms=1 send_duration_ms=0 receive_duration_ms=4 total_duration_ms=5
[2026-02-03 01:12:56.109] [info] [spider.worker] [TIMING] worker_id=0a8fe0c6-ecb3-4c70-a103-297a58ab0749 task_id=none get_next_task request_start=510418311 connect_end=510418313 send_end=510418313 receive_end=510418317 connect_duration_ms=2 send_duration_ms=0 receive_duration_ms=4 total_duration_ms=6
[2026-02-03 01:12:56.218] [info] [spider.worker] [TIMING] worker_id=0a8fe0c6-ecb3-4c70-a103-297a58ab0749 task_id=none get_next_task request_start=510418420 connect_end=510418422 send_end=510418422 receive_end=510418426 connect_duration_ms=1 send_duration_ms=0 receive_duration_ms=4 total_duration_ms=6
[2026-02-03 01:12:56.327] [info] [spider.worker] [TIMING] worker_id=0a8fe0c6-ecb3-4c70-a103-297a58ab0749 task_id=none get_next_task request_start=510418529 connect_end=510418531 send_end=510418531 receive_end=510418536 connect_duration_ms=1 send_duration_ms=0 receive_duration_ms=4 total_duration_ms=6
[2026-02-03 01:12:56.437] [info] [spider.worker] [TIMING] worker_id=0a8fe0c6-ecb3-4c70-a103-297a58ab0749 task_id=none get_next_task request_start=510418639 connect_end=510418641 send_end=510418641 receive_end=510418645 connect_duration_ms=1 send_duration_ms=0 receive_duration_ms=4 total_duration_ms=6
[2026-02-03 01:12:56.546] [info] [spider.worker] [TIMING] worker_id=0a8fe0c6-ecb3-4c70-a103-297a58ab0749 task_id=none get_next_task request_start=510418749 connect_end=510418750 send_end=510418750 receive_end=510418755 connect_duration_ms=1 send_duration_ms=0 receive_duration_ms=4 total_duration_ms=6
[2026-02-03 01:12:56.654] [info] [spider.worker] [TIMING] worker_id=0a8fe0c6-ecb3-4c70-a103-297a58ab0749 task_id=none get_next_task request_start=510418858 connect_end=510418859 send_end=510418859 receive_end=510418863 connect_duration_ms=1 send_duration_ms=0 receive_duration_ms=3 total_duration_ms=5
[2026-02-03 01:12:56.760] [info] [spider.worker] [TIMING] worker_id=0a8fe0c6-ecb3-4c70-a103-297a58ab0749 task_id=none get_next_task request_start=510418964 connect_end=510418966 send_end=510418966 receive_end=510418969 connect_duration_ms=1 send_duration_ms=0 receive_duration_ms=2 total_duration_ms=4
[2026-02-03 01:12:56.866] [info] [spider.worker] [TIMING] worker_id=0a8fe0c6-ecb3-4c70-a103-297a58ab0749 task_id=none get_next_task request_start=510419070 connect_end=510419071 send_end=510419071 receive_end=510419074 connect_duration_ms=0 send_duration_ms=0 receive_duration_ms=2 total_duration_ms=3
[2026-02-03 01:12:56.974] [info] [spider.worker] [TIMING] worker_id=0a8fe0c6-ecb3-4c70-a103-297a58ab0749 task_id=none get_next_task request_start=510419176 connect_end=510419178 send_end=510419178 receive_end=510419182 connect_duration_ms=1 send_duration_ms=0 receive_duration_ms=4 total_duration_ms=5
[2026-02-03 01:12:57.081] [info] [spider.worker] [TIMING] worker_id=0a8fe0c6-ecb3-4c70-a103-297a58ab0749 task_id=none get_next_task request_start=510419284 connect_end=510419285 send_end=510419285 receive_end=510419289 connect_duration_ms=1 send_duration_ms=0 receive_duration_ms=3 total_duration_ms=4
[2026-02-03 01:12:57.187] [info] [spider.worker] [TIMING] worker_id=0a8fe0c6-ecb3-4c70-a103-297a58ab0749 task_id=none get_next_task request_start=510419391 connect_end=510419393 send_end=510419393 receive_end=510419395 connect_duration_ms=1 send_duration_ms=0 receive_duration_ms=2 total_duration_ms=3
[2026-02-03 01:12:57.296] [info] [spider.worker] [TIMING] worker_id=0a8fe0c6-ecb3-4c70-a103-297a58ab0749 task_id=none get_next_task request_start=510419498 connect_end=510419500 send_end=510419500 receive_end=510419505 connect_duration_ms=1 send_duration_ms=0 receive_duration_ms=4 total_duration_ms=6
[2026-02-03 01:12:57.405] [info] [spider.worker] [TIMING] worker_id=0a8fe0c6-ecb3-4c70-a103-297a58ab0749 task_id=none get_next_task request_start=510419607 connect_end=510419609 send_end=510419609 receive_end=510419613 connect_duration_ms=1 send_duration_ms=0 receive_duration_ms=3 total_duration_ms=5
[2026-02-03 01:12:57.513] [info] [spider.worker] [TIMING] worker_id=0a8fe0c6-ecb3-4c70-a103-297a58ab0749 task_id=none get_next_task request_start=510419716 connect_end=510419717 send_end=510419718 receive_end=510419722 connect_duration_ms=1 send_duration_ms=0 receive_duration_ms=4 total_duration_ms=5
[2026-02-03 01:12:57.622] [info] [spider.worker] [TIMING] worker_id=0a8fe0c6-ecb3-4c70-a103-297a58ab0749 task_id=none get_next_task request_start=510419825 connect_end=510419826 send_end=510419826 receive_end=510419830 connect_duration_ms=1 send_duration_ms=0 receive_duration_ms=4 total_duration_ms=5
[2026-02-03 01:12:57.732] [info] [spider.worker] [TIMING] worker_id=0a8fe0c6-ecb3-4c70-a103-297a58ab0749 task_id=none get_next_task request_start=510419933 connect_end=510419935 send_end=510419935 receive_end=510419940 connect_duration_ms=2 send_duration_ms=0 receive_duration_ms=5 total_duration_ms=7
[2026-02-03 01:12:57.841] [info] [spider.worker] [TIMING] worker_id=0a8fe0c6-ecb3-4c70-a103-297a58ab0749 task_id=none get_next_task request_start=510420043 connect_end=510420045 send_end=510420045 receive_end=510420049 connect_duration_ms=1 send_duration_ms=0 receive_duration_ms=4 total_duration_ms=6
[2026-02-03 01:12:57.950] [info] [spider.worker] [TIMING] worker_id=0a8fe0c6-ecb3-4c70-a103-297a58ab0749 task_id=none get_next_task request_start=510420152 connect_end=510420154 send_end=510420154 receive_end=510420159 connect_duration_ms=1 send_duration_ms=0 receive_duration_ms=4 total_duration_ms=6
[2026-02-03 01:12:58.060] [info] [spider.worker] [TIMING] worker_id=0a8fe0c6-ecb3-4c70-a103-297a58ab0749 task_id=none get_next_task request_start=510420262 connect_end=510420264 send_end=510420264 receive_end=510420268 connect_duration_ms=1 send_duration_ms=0 receive_duration_ms=4 total_duration_ms=6
[2026-02-03 01:12:58.169] [info] [spider.worker] [TIMING] worker_id=0a8fe0c6-ecb3-4c70-a103-297a58ab0749 task_id=none get_next_task request_start=510420371 connect_end=510420373 send_end=510420373 receive_end=510420378 connect_duration_ms=1 send_duration_ms=0 receive_duration_ms=4 total_duration_ms=6
[2026-02-03 01:12:58.277] [info] [spider.worker] [TIMING] worker_id=0a8fe0c6-ecb3-4c70-a103-297a58ab0749 task_id=none get_next_task request_start=510420480 connect_end=510420482 send_end=510420482 receive_end=510420486 connect_duration_ms=1 send_duration_ms=0 receive_duration_ms=3 total_duration_ms=5
[2026-02-03 01:12:58.386] [info] [spider.worker] [TIMING] worker_id=0a8fe0c6-ecb3-4c70-a103-297a58ab0749 task_id=none get_next_task request_start=510420588 connect_end=510420590 send_end=510420590 receive_end=510420594 connect_duration_ms=1 send_duration_ms=0 receive_duration_ms=4 total_duration_ms=5
[2026-02-03 01:12:58.495] [info] [spider.worker] [TIMING] worker_id=0a8fe0c6-ecb3-4c70-a103-297a58ab0749 task_id=none get_next_task request_start=510420697 connect_end=510420699 send_end=510420699 receive_end=510420703 connect_duration_ms=1 send_duration_ms=0 receive_duration_ms=4 total_duration_ms=6
[2026-02-03 01:12:58.603] [info] [spider.worker] [TIMING] worker_id=0a8fe0c6-ecb3-4c70-a103-297a58ab0749 task_id=none get_next_task request_start=510420806 connect_end=510420807 send_end=510420807 receive_end=510420811 connect_duration_ms=1 send_duration_ms=0 receive_duration_ms=4 total_duration_ms=5
[2026-02-03 01:12:58.712] [info] [spider.worker] [TIMING] worker_id=0a8fe0c6-ecb3-4c70-a103-297a58ab0749 task_id=none get_next_task request_start=510420915 connect_end=510420916 send_end=510420916 receive_end=510420921 connect_duration_ms=1 send_duration_ms=0 receive_duration_ms=4 total_duration_ms=6
[2026-02-03 01:12:58.821] [info] [spider.worker] [TIMING] worker_id=0a8fe0c6-ecb3-4c70-a103-297a58ab0749 task_id=none get_next_task request_start=510421023 connect_end=510421025 send_end=510421025 receive_end=510421029 connect_duration_ms=1 send_duration_ms=0 receive_duration_ms=4 total_duration_ms=5
[2026-02-03 01:12:58.930] [info] [spider.worker] [TIMING] worker_id=0a8fe0c6-ecb3-4c70-a103-297a58ab0749 task_id=none get_next_task request_start=510421132 connect_end=510421134 send_end=510421134 receive_end=510421138 connect_duration_ms=1 send_duration_ms=0 receive_duration_ms=4 total_duration_ms=6
[2026-02-03 01:12:59.039] [info] [spider.worker] [TIMING] worker_id=0a8fe0c6-ecb3-4c70-a103-297a58ab0749 task_id=none get_next_task request_start=510421241 connect_end=510421243 send_end=510421243 receive_end=510421247 connect_duration_ms=1 send_duration_ms=0 receive_duration_ms=4 total_duration_ms=6
[2026-02-03 01:12:59.148] [info] [spider.worker] [TIMING] worker_id=0a8fe0c6-ecb3-4c70-a103-297a58ab0749 task_id=none get_next_task request_start=510421350 connect_end=510421352 send_end=510421352 receive_end=510421356 connect_duration_ms=1 send_duration_ms=0 receive_duration_ms=4 total_duration_ms=5
[2026-02-03 01:12:59.258] [info] [spider.worker] [TIMING] worker_id=0a8fe0c6-ecb3-4c70-a103-297a58ab0749 task_id=none get_next_task request_start=510421459 connect_end=510421461 send_end=510421461 receive_end=510421466 connect_duration_ms=1 send_duration_ms=0 receive_duration_ms=4 total_duration_ms=6
[2026-02-03 01:12:59.367] [info] [spider.worker] [TIMING] worker_id=0a8fe0c6-ecb3-4c70-a103-297a58ab0749 task_id=none get_next_task request_start=510421569 connect_end=510421571 send_end=510421571 receive_end=510421575 connect_duration_ms=1 send_duration_ms=0 receive_duration_ms=4 total_duration_ms=6
[2026-02-03 01:12:59.476] [info] [spider.worker] [TIMING] worker_id=0a8fe0c6-ecb3-4c70-a103-297a58ab0749 task_id=none get_next_task request_start=510421678 connect_end=510421680 send_end=510421680 receive_end=510421685 connect_duration_ms=1 send_duration_ms=0 receive_duration_ms=4 total_duration_ms=6
[2026-02-03 01:12:59.584] [info] [spider.worker] [TIMING] worker_id=0a8fe0c6-ecb3-4c70-a103-297a58ab0749 task_id=none get_next_task request_start=510421787 connect_end=510421789 send_end=510421789 receive_end=510421792 connect_duration_ms=1 send_duration_ms=0 receive_duration_ms=3 total_duration_ms=4
[2026-02-03 01:12:59.693] [info] [spider.worker] [TIMING] worker_id=0a8fe0c6-ecb3-4c70-a103-297a58ab0749 task_id=none get_next_task request_start=510421895 connect_end=510421897 send_end=510421897 receive_end=510421901 connect_duration_ms=1 send_duration_ms=0 receive_duration_ms=4 total_duration_ms=6
[2026-02-03 01:12:59.802] [info] [spider.worker] [TIMING] worker_id=0a8fe0c6-ecb3-4c70-a103-297a58ab0749 task_id=none get_next_task request_start=510422004 connect_end=510422006 send_end=510422006 receive_end=510422010 connect_duration_ms=1 send_duration_ms=0 receive_duration_ms=4 total_duration_ms=6
[2026-02-03 01:12:59.911] [info] [spider.worker] [TIMING] worker_id=0a8fe0c6-ecb3-4c70-a103-297a58ab0749 task_id=none get_next_task request_start=510422113 connect_end=510422115 send_end=510422115 receive_end=510422119 connect_duration_ms=1 send_duration_ms=0 receive_duration_ms=4 total_duration_ms=6
[2026-02-03 01:13:00.019] [info] [spider.worker] [TIMING] worker_id=0a8fe0c6-ecb3-4c70-a103-297a58ab0749 task_id=none get_next_task request_start=510422222 connect_end=510422223 send_end=510422223 receive_end=510422228 connect_duration_ms=1 send_duration_ms=0 receive_duration_ms=4 total_duration_ms=6
[2026-02-03 01:13:00.128] [info] [spider.worker] [TIMING] worker_id=0a8fe0c6-ecb3-4c70-a103-297a58ab0749 task_id=none get_next_task request_start=510422330 connect_end=510422332 send_end=510422332 receive_end=510422337 connect_duration_ms=1 send_duration_ms=0 receive_duration_ms=4 total_duration_ms=6
[2026-02-03 01:13:00.237] [info] [spider.worker] [TIMING] worker_id=0a8fe0c6-ecb3-4c70-a103-297a58ab0749 task_id=none get_next_task request_start=510422439 connect_end=510422441 send_end=510422441 receive_end=510422445 connect_duration_ms=1 send_duration_ms=0 receive_duration_ms=4 total_duration_ms=6
[2026-02-03 01:13:00.345] [info] [spider.worker] [TIMING] worker_id=0a8fe0c6-ecb3-4c70-a103-297a58ab0749 task_id=none get_next_task request_start=510422548 connect_end=510422550 send_end=510422550 receive_end=510422554 connect_duration_ms=1 send_duration_ms=0 receive_duration_ms=3 total_duration_ms=5
[2026-02-03 01:13:00.454] [info] [spider.worker] [TIMING] worker_id=0a8fe0c6-ecb3-4c70-a103-297a58ab0749 task_id=none get_next_task request_start=510422656 connect_end=510422658 send_end=510422658 receive_end=510422663 connect_duration_ms=1 send_duration_ms=0 receive_duration_ms=4 total_duration_ms=6
[2026-02-03 01:13:00.562] [info] [spider.worker] [TIMING] worker_id=0a8fe0c6-ecb3-4c70-a103-297a58ab0749 task_id=none get_next_task request_start=510422765 connect_end=510422767 send_end=510422767 receive_end=510422771 connect_duration_ms=1 send_duration_ms=0 receive_duration_ms=3 total_duration_ms=5
[2026-02-03 01:13:00.672] [info] [spider.worker] [TIMING] worker_id=0a8fe0c6-ecb3-4c70-a103-297a58ab0749 task_id=none get_next_task request_start=510422874 connect_end=510422876 send_end=510422876 receive_end=510422880 connect_duration_ms=2 send_duration_ms=0 receive_duration_ms=4 total_duration_ms=6
[2026-02-03 01:13:00.780] [info] [spider.worker] [TIMING] worker_id=0a8fe0c6-ecb3-4c70-a103-297a58ab0749 task_id=none get_next_task request_start=510422982 connect_end=510422984 send_end=510422984 receive_end=510422988 connect_duration_ms=1 send_duration_ms=0 receive_duration_ms=4 total_duration_ms=6
[2026-02-03 01:13:00.889] [info] [spider.worker] [TIMING] worker_id=0a8fe0c6-ecb3-4c70-a103-297a58ab0749 task_id=none get_next_task request_start=510423091 connect_end=510423093 send_end=510423093 receive_end=510423097 connect_duration_ms=2 send_duration_ms=0 receive_duration_ms=4 total_duration_ms=6
[2026-02-03 01:13:00.998] [info] [spider.worker] [TIMING] worker_id=0a8fe0c6-ecb3-4c70-a103-297a58ab0749 task_id=none get_next_task request_start=510423200 connect_end=510423202 send_end=510423202 receive_end=510423206 connect_duration_ms=1 send_duration_ms=0 receive_duration_ms=4 total_duration_ms=5
[2026-02-03 01:13:01.106] [info] [spider.worker] [TIMING] worker_id=0a8fe0c6-ecb3-4c70-a103-297a58ab0749 task_id=none get_next_task request_start=510423309 connect_end=510423310 send_end=510423310 receive_end=510423314 connect_duration_ms=1 send_duration_ms=0 receive_duration_ms=3 total_duration_ms=5
[2026-02-03 01:13:01.215] [info] [spider.worker] [TIMING] worker_id=0a8fe0c6-ecb3-4c70-a103-297a58ab0749 task_id=none get_next_task request_start=510423417 connect_end=510423419 send_end=510423419 receive_end=510423423 connect_duration_ms=1 send_duration_ms=0 receive_duration_ms=4 total_duration_ms=6
[2026-02-03 01:13:01.324] [info] [spider.worker] [TIMING] worker_id=0a8fe0c6-ecb3-4c70-a103-297a58ab0749 task_id=none get_next_task request_start=510423526 connect_end=510423528 send_end=510423528 receive_end=510423532 connect_duration_ms=1 send_duration_ms=0 receive_duration_ms=3 total_duration_ms=5
[2026-02-03 01:13:01.433] [info] [spider.worker] [TIMING] worker_id=0a8fe0c6-ecb3-4c70-a103-297a58ab0749 task_id=none get_next_task request_start=510423634 connect_end=510423636 send_end=510423636 receive_end=510423641 connect_duration_ms=1 send_duration_ms=0 receive_duration_ms=5 total_duration_ms=6
[2026-02-03 01:13:01.541] [info] [spider.worker] [TIMING] worker_id=0a8fe0c6-ecb3-4c70-a103-297a58ab0749 task_id=none get_next_task request_start=510423744 connect_end=510423745 send_end=510423745 receive_end=510423749 connect_duration_ms=1 send_duration_ms=0 receive_duration_ms=4 total_duration_ms=5
[2026-02-03 01:13:01.651] [info] [spider.worker] [TIMING] worker_id=0a8fe0c6-ecb3-4c70-a103-297a58ab0749 task_id=none get_next_task request_start=510423852 connect_end=510423854 send_end=510423854 receive_end=510423859 connect_duration_ms=1 send_duration_ms=0 receive_duration_ms=5 total_duration_ms=6
[2026-02-03 01:13:01.759] [info] [spider.worker] [TIMING] worker_id=0a8fe0c6-ecb3-4c70-a103-297a58ab0749 task_id=none get_next_task request_start=510423962 connect_end=510423963 send_end=510423963 receive_end=510423968 connect_duration_ms=1 send_duration_ms=0 receive_duration_ms=4 total_duration_ms=6
[2026-02-03 01:13:01.869] [info] [spider.worker] [TIMING] worker_id=0a8fe0c6-ecb3-4c70-a103-297a58ab0749 task_id=none get_next_task request_start=510424070 connect_end=510424072 send_end=510424072 receive_end=510424077 connect_duration_ms=1 send_duration_ms=0 receive_duration_ms=5 total_duration_ms=7
[2026-02-03 01:13:01.976] [info] [spider.worker] [TIMING] worker_id=0a8fe0c6-ecb3-4c70-a103-297a58ab0749 task_id=none get_next_task request_start=510424179 connect_end=510424180 send_end=510424181 receive_end=510424184 connect_duration_ms=1 send_duration_ms=0 receive_duration_ms=3 total_duration_ms=4
[2026-02-03 01:13:02.084] [info] [spider.worker] [TIMING] worker_id=0a8fe0c6-ecb3-4c70-a103-297a58ab0749 task_id=none get_next_task request_start=510424286 connect_end=510424288 send_end=510424288 receive_end=510424293 connect_duration_ms=1 send_duration_ms=0 receive_duration_ms=4 total_duration_ms=6
[2026-02-03 01:13:02.192] [info] [spider.worker] [TIMING] worker_id=0a8fe0c6-ecb3-4c70-a103-297a58ab0749 task_id=none get_next_task request_start=510424395 connect_end=510424396 send_end=510424396 receive_end=510424400 connect_duration_ms=1 send_duration_ms=0 receive_duration_ms=3 total_duration_ms=5
[2026-02-03 01:13:02.304] [info] [spider.worker] [TIMING] worker_id=0a8fe0c6-ecb3-4c70-a103-297a58ab0749 task_id=none get_next_task request_start=510424503 connect_end=510424505 send_end=510424505 receive_end=510424512 connect_duration_ms=1 send_duration_ms=0 receive_duration_ms=7 total_duration_ms=9
[2026-02-03 01:13:02.414] [info] [spider.worker] [TIMING] worker_id=0a8fe0c6-ecb3-4c70-a103-297a58ab0749 task_id=none get_next_task request_start=510424615 connect_end=510424617 send_end=510424617 receive_end=510424622 connect_duration_ms=1 send_duration_ms=0 receive_duration_ms=5 total_duration_ms=7
[2026-02-03 01:13:02.523] [info] [spider.worker] [TIMING] worker_id=0a8fe0c6-ecb3-4c70-a103-297a58ab0749 task_id=none get_next_task request_start=510424725 connect_end=510424727 send_end=510424727 receive_end=510424732 connect_duration_ms=1 send_duration_ms=0 receive_duration_ms=4 total_duration_ms=6
[2026-02-03 01:13:02.632] [info] [spider.worker] [TIMING] worker_id=0a8fe0c6-ecb3-4c70-a103-297a58ab0749 task_id=none get_next_task request_start=510424834 connect_end=510424836 send_end=510424836 receive_end=510424841 connect_duration_ms=1 send_duration_ms=0 receive_duration_ms=4 total_duration_ms=6
[2026-02-03 01:13:02.741] [info] [spider.worker] [TIMING] worker_id=0a8fe0c6-ecb3-4c70-a103-297a58ab0749 task_id=none get_next_task request_start=510424943 connect_end=510424945 send_end=510424945 receive_end=510424949 connect_duration_ms=1 send_duration_ms=0 receive_duration_ms=4 total_duration_ms=6
[2026-02-03 01:13:02.860] [info] [spider.worker] [TIMING] worker_id=0a8fe0c6-ecb3-4c70-a103-297a58ab0749 task_id=none get_next_task request_start=510425052 connect_end=510425053 send_end=510425053 receive_end=510425068 connect_duration_ms=1 send_duration_ms=0 receive_duration_ms=15 total_duration_ms=16
[2026-02-03 01:13:02.968] [info] [spider.worker] [TIMING] worker_id=0a8fe0c6-ecb3-4c70-a103-297a58ab0749 task_id=none get_next_task request_start=510425171 connect_end=510425172 send_end=510425172 receive_end=510425177 connect_duration_ms=1 send_duration_ms=0 receive_duration_ms=4 total_duration_ms=5
[2026-02-03 01:13:03.077] [info] [spider.worker] [TIMING] worker_id=0a8fe0c6-ecb3-4c70-a103-297a58ab0749 task_id=none get_next_task request_start=510425278 connect_end=510425280 send_end=510425280 receive_end=510425285 connect_duration_ms=1 send_duration_ms=0 receive_duration_ms=5 total_duration_ms=6
[2026-02-03 01:13:03.183] [info] [spider.worker] [TIMING] worker_id=0a8fe0c6-ecb3-4c70-a103-297a58ab0749 task_id=none get_next_task request_start=510425387 connect_end=510425388 send_end=510425388 receive_end=510425391 connect_duration_ms=1 send_duration_ms=0 receive_duration_ms=3 total_duration_ms=4
[2026-02-03 01:13:03.288] [info] [spider.worker] [TIMING] worker_id=0a8fe0c6-ecb3-4c70-a103-297a58ab0749 task_id=none get_next_task request_start=510425493 connect_end=510425494 send_end=510425494 receive_end=510425496 connect_duration_ms=1 send_duration_ms=0 receive_duration_ms=1 total_duration_ms=3
[2026-02-03 01:13:03.397] [info] [spider.worker] [TIMING] worker_id=0a8fe0c6-ecb3-4c70-a103-297a58ab0749 task_id=none get_next_task request_start=510425599 connect_end=510425600 send_end=510425600 receive_end=510425605 connect_duration_ms=1 send_duration_ms=0 receive_duration_ms=4 total_duration_ms=5
[2026-02-03 01:13:03.506] [info] [spider.worker] [TIMING] worker_id=0a8fe0c6-ecb3-4c70-a103-297a58ab0749 task_id=none get_next_task request_start=510425707 connect_end=510425709 send_end=510425709 receive_end=510425714 connect_duration_ms=1 send_duration_ms=0 receive_duration_ms=4 total_duration_ms=6
[2026-02-03 01:13:03.614] [info] [spider.worker] [TIMING] worker_id=0a8fe0c6-ecb3-4c70-a103-297a58ab0749 task_id=none get_next_task request_start=510425817 connect_end=510425818 send_end=510425818 receive_end=510425822 connect_duration_ms=1 send_duration_ms=0 receive_duration_ms=3 total_duration_ms=5
[2026-02-03 01:13:03.722] [info] [spider.worker] [TIMING] worker_id=0a8fe0c6-ecb3-4c70-a103-297a58ab0749 task_id=none get_next_task request_start=510425924 connect_end=510425926 send_end=510425926 receive_end=510425930 connect_duration_ms=1 send_duration_ms=0 receive_duration_ms=3 total_duration_ms=5
[2026-02-03 01:13:03.829] [info] [spider.worker] [TIMING] worker_id=0a8fe0c6-ecb3-4c70-a103-297a58ab0749 task_id=none get_next_task request_start=510426032 connect_end=510426034 send_end=510426034 receive_end=510426037 connect_duration_ms=1 send_duration_ms=0 receive_duration_ms=3 total_duration_ms=5
[2026-02-03 01:13:03.937] [info] [spider.worker] [TIMING] worker_id=0a8fe0c6-ecb3-4c70-a103-297a58ab0749 task_id=none get_next_task request_start=510426140 connect_end=510426141 send_end=510426141 receive_end=510426145 connect_duration_ms=1 send_duration_ms=0 receive_duration_ms=3 total_duration_ms=5
[2026-02-03 01:13:04.046] [info] [spider.worker] [TIMING] worker_id=0a8fe0c6-ecb3-4c70-a103-297a58ab0749 task_id=none get_next_task request_start=510426248 connect_end=510426250 send_end=510426250 receive_end=510426254 connect_duration_ms=1 send_duration_ms=0 receive_duration_ms=4 total_duration_ms=6
[2026-02-03 01:13:04.154] [info] [spider.worker] [TIMING] worker_id=0a8fe0c6-ecb3-4c70-a103-297a58ab0749 task_id=none get_next_task request_start=510426357 connect_end=510426358 send_end=510426358 receive_end=510426362 connect_duration_ms=1 send_duration_ms=0 receive_duration_ms=3 total_duration_ms=5
[2026-02-03 01:13:04.267] [info] [spider.worker] [TIMING] worker_id=0a8fe0c6-ecb3-4c70-a103-297a58ab0749 task_id=none get_next_task request_start=510426465 connect_end=510426467 send_end=510426467 receive_end=510426475 connect_duration_ms=2 send_duration_ms=0 receive_duration_ms=7 total_duration_ms=9
[2026-02-03 01:13:04.375] [info] [spider.worker] [TIMING] worker_id=0a8fe0c6-ecb3-4c70-a103-297a58ab0749 task_id=none get_next_task request_start=510426578 connect_end=510426579 send_end=510426579 receive_end=510426584 connect_duration_ms=1 send_duration_ms=0 receive_duration_ms=4 total_duration_ms=5
[2026-02-03 01:13:04.484] [info] [spider.worker] [TIMING] worker_id=0a8fe0c6-ecb3-4c70-a103-297a58ab0749 task_id=none get_next_task request_start=510426686 connect_end=510426688 send_end=510426688 receive_end=510426692 connect_duration_ms=1 send_duration_ms=0 receive_duration_ms=4 total_duration_ms=5
[2026-02-03 01:13:04.592] [info] [spider.worker] [TIMING] worker_id=0a8fe0c6-ecb3-4c70-a103-297a58ab0749 task_id=none get_next_task request_start=510426795 connect_end=510426796 send_end=510426796 receive_end=510426801 connect_duration_ms=1 send_duration_ms=0 receive_duration_ms=4 total_duration_ms=6
[2026-02-03 01:13:04.713] [info] [spider.worker] [TIMING] worker_id=0a8fe0c6-ecb3-4c70-a103-297a58ab0749 task_id=none get_next_task request_start=510426903 connect_end=510426905 send_end=510426905 receive_end=510426922 connect_duration_ms=2 send_duration_ms=0 receive_duration_ms=16 total_duration_ms=18
[2026-02-03 01:13:04.823] [info] [spider.worker] [TIMING] worker_id=0a8fe0c6-ecb3-4c70-a103-297a58ab0749 task_id=none get_next_task request_start=510427024 connect_end=510427026 send_end=510427026 receive_end=510427032 connect_duration_ms=1 send_duration_ms=0 receive_duration_ms=6 total_duration_ms=7
[2026-02-03 01:13:04.933] [info] [spider.worker] [TIMING] worker_id=0a8fe0c6-ecb3-4c70-a103-297a58ab0749 task_id=none get_next_task request_start=510427134 connect_end=510427136 send_end=510427136 receive_end=510427141 connect_duration_ms=1 send_duration_ms=0 receive_duration_ms=4 total_duration_ms=6
[2026-02-03 01:13:05.041] [info] [spider.worker] [TIMING] worker_id=0a8fe0c6-ecb3-4c70-a103-297a58ab0749 task_id=none get_next_task request_start=510427244 connect_end=510427245 send_end=510427245 receive_end=510427249 connect_duration_ms=1 send_duration_ms=0 receive_duration_ms=4 total_duration_ms=5
[2026-02-03 01:13:05.150] [info] [spider.worker] [TIMING] worker_id=0a8fe0c6-ecb3-4c70-a103-297a58ab0749 task_id=none get_next_task request_start=510427352 connect_end=510427354 send_end=510427354 receive_end=510427358 connect_duration_ms=1 send_duration_ms=0 receive_duration_ms=3 total_duration_ms=5
[2026-02-03 01:13:05.257] [info] [spider.worker] [TIMING] worker_id=0a8fe0c6-ecb3-4c70-a103-297a58ab0749 task_id=none get_next_task request_start=510427460 connect_end=510427462 send_end=510427462 receive_end=510427465 connect_duration_ms=1 send_duration_ms=0 receive_duration_ms=3 total_duration_ms=4
[2026-02-03 01:13:05.366] [info] [spider.worker] [TIMING] worker_id=0a8fe0c6-ecb3-4c70-a103-297a58ab0749 task_id=none get_next_task request_start=510427568 connect_end=510427569 send_end=510427569 receive_end=510427574 connect_duration_ms=1 send_duration_ms=0 receive_duration_ms=4 total_duration_ms=6
[2026-02-03 01:13:05.475] [info] [spider.worker] [TIMING] worker_id=0a8fe0c6-ecb3-4c70-a103-297a58ab0749 task_id=none get_next_task request_start=510427677 connect_end=510427678 send_end=510427678 receive_end=510427683 connect_duration_ms=1 send_duration_ms=0 receive_duration_ms=4 total_duration_ms=6
[2026-02-03 01:13:05.582] [info] [spider.worker] [TIMING] worker_id=0a8fe0c6-ecb3-4c70-a103-297a58ab0749 task_id=none get_next_task request_start=510427785 connect_end=510427787 send_end=510427787 receive_end=510427791 connect_duration_ms=1 send_duration_ms=0 receive_duration_ms=3 total_duration_ms=5
[2026-02-03 01:13:05.692] [info] [spider.worker] [TIMING] worker_id=0a8fe0c6-ecb3-4c70-a103-297a58ab0749 task_id=none get_next_task request_start=510427893 connect_end=510427895 send_end=510427895 receive_end=510427901 connect_duration_ms=1 send_duration_ms=0 receive_duration_ms=5 total_duration_ms=7
[2026-02-03 01:13:05.801] [info] [spider.worker] [TIMING] worker_id=0a8fe0c6-ecb3-4c70-a103-297a58ab0749 task_id=none get_next_task request_start=510428003 connect_end=510428005 send_end=510428005 receive_end=510428009 connect_duration_ms=1 send_duration_ms=0 receive_duration_ms=4 total_duration_ms=6
[2026-02-03 01:13:05.910] [info] [spider.worker] [TIMING] worker_id=0a8fe0c6-ecb3-4c70-a103-297a58ab0749 task_id=none get_next_task request_start=510428112 connect_end=510428113 send_end=510428113 receive_end=510428118 connect_duration_ms=1 send_duration_ms=0 receive_duration_ms=4 total_duration_ms=6
[2026-02-03 01:13:06.018] [info] [spider.worker] [TIMING] worker_id=0a8fe0c6-ecb3-4c70-a103-297a58ab0749 task_id=none get_next_task request_start=510428220 connect_end=510428222 send_end=510428222 receive_end=510428227 connect_duration_ms=1 send_duration_ms=0 receive_duration_ms=4 total_duration_ms=6
[2026-02-03 01:13:06.125] [info] [spider.worker] [TIMING] worker_id=0a8fe0c6-ecb3-4c70-a103-297a58ab0749 task_id=none get_next_task request_start=510428329 connect_end=510428330 send_end=510428330 receive_end=510428334 connect_duration_ms=1 send_duration_ms=0 receive_duration_ms=3 total_duration_ms=4
[2026-02-03 01:13:06.234] [info] [spider.worker] [TIMING] worker_id=0a8fe0c6-ecb3-4c70-a103-297a58ab0749 task_id=none get_next_task request_start=510428436 connect_end=510428438 send_end=510428438 receive_end=510428442 connect_duration_ms=1 send_duration_ms=0 receive_duration_ms=3 total_duration_ms=5
[2026-02-03 01:13:06.343] [info] [spider.worker] [TIMING] worker_id=0a8fe0c6-ecb3-4c70-a103-297a58ab0749 task_id=none get_next_task request_start=510428545 connect_end=510428546 send_end=510428546 receive_end=510428551 connect_duration_ms=1 send_duration_ms=0 receive_duration_ms=4 total_duration_ms=6
[2026-02-03 01:13:06.451] [info] [spider.worker] [TIMING] worker_id=0a8fe0c6-ecb3-4c70-a103-297a58ab0749 task_id=none get_next_task request_start=510428654 connect_end=510428655 send_end=510428655 receive_end=510428660 connect_duration_ms=1 send_duration_ms=0 receive_duration_ms=4 total_duration_ms=5
[2026-02-03 01:13:06.560] [info] [spider.worker] [TIMING] worker_id=0a8fe0c6-ecb3-4c70-a103-297a58ab0749 task_id=none get_next_task request_start=510428762 connect_end=510428764 send_end=510428764 receive_end=510428768 connect_duration_ms=1 send_duration_ms=0 receive_duration_ms=4 total_duration_ms=5
[2026-02-03 01:13:06.669] [info] [spider.worker] [TIMING] worker_id=0a8fe0c6-ecb3-4c70-a103-297a58ab0749 task_id=none get_next_task request_start=510428870 connect_end=510428872 send_end=510428872 receive_end=510428877 connect_duration_ms=1 send_duration_ms=0 receive_duration_ms=5 total_duration_ms=7
[2026-02-03 01:13:06.779] [info] [spider.worker] [TIMING] worker_id=0a8fe0c6-ecb3-4c70-a103-297a58ab0749 task_id=none get_next_task request_start=510428980 connect_end=510428981 send_end=510428981 receive_end=510428987 connect_duration_ms=1 send_duration_ms=0 receive_duration_ms=5 total_duration_ms=7
[2026-02-03 01:13:06.889] [info] [spider.worker] [TIMING] worker_id=0a8fe0c6-ecb3-4c70-a103-297a58ab0749 task_id=none get_next_task request_start=510429090 connect_end=510429091 send_end=510429091 receive_end=510429097 connect_duration_ms=1 send_duration_ms=0 receive_duration_ms=5 total_duration_ms=7
[2026-02-03 01:13:06.996] [info] [spider.worker] [TIMING] worker_id=0a8fe0c6-ecb3-4c70-a103-297a58ab0749 task_id=none get_next_task request_start=510429199 connect_end=510429200 send_end=510429200 receive_end=510429204 connect_duration_ms=1 send_duration_ms=0 receive_duration_ms=4 total_duration_ms=5
[2026-02-03 01:13:07.103] [info] [spider.worker] [TIMING] worker_id=0a8fe0c6-ecb3-4c70-a103-297a58ab0749 task_id=none get_next_task request_start=510429307 connect_end=510429308 send_end=510429308 receive_end=510429312 connect_duration_ms=1 send_duration_ms=0 receive_duration_ms=3 total_duration_ms=5
[2026-02-03 01:13:07.212] [info] [spider.worker] [TIMING] worker_id=0a8fe0c6-ecb3-4c70-a103-297a58ab0749 task_id=none get_next_task request_start=510429414 connect_end=510429416 send_end=510429416 receive_end=510429420 connect_duration_ms=1 send_duration_ms=0 receive_duration_ms=4 total_duration_ms=5
[2026-02-03 01:13:07.319] [info] [spider.worker] [TIMING] worker_id=0a8fe0c6-ecb3-4c70-a103-297a58ab0749 task_id=none get_next_task request_start=510429522 connect_end=510429524 send_end=510429524 receive_end=510429527 connect_duration_ms=1 send_duration_ms=0 receive_duration_ms=3 total_duration_ms=5
[2026-02-03 01:13:07.429] [info] [spider.worker] [TIMING] worker_id=0a8fe0c6-ecb3-4c70-a103-297a58ab0749 task_id=none get_next_task request_start=510429630 connect_end=510429632 send_end=510429632 receive_end=510429637 connect_duration_ms=1 send_duration_ms=0 receive_duration_ms=5 total_duration_ms=7
[2026-02-03 01:13:07.540] [info] [spider.worker] [TIMING] worker_id=0a8fe0c6-ecb3-4c70-a103-297a58ab0749 task_id=none get_next_task request_start=510429740 connect_end=510429741 send_end=510429741 receive_end=510429748 connect_duration_ms=1 send_duration_ms=0 receive_duration_ms=6 total_duration_ms=8
[2026-02-03 01:13:07.648] [info] [spider.worker] [TIMING] worker_id=0a8fe0c6-ecb3-4c70-a103-297a58ab0749 task_id=none get_next_task request_start=510429850 connect_end=510429852 send_end=510429852 receive_end=510429857 connect_duration_ms=1 send_duration_ms=0 receive_duration_ms=4 total_duration_ms=6
[2026-02-03 01:13:07.756] [info] [spider.worker] [TIMING] worker_id=0a8fe0c6-ecb3-4c70-a103-297a58ab0749 task_id=none get_next_task request_start=510429959 connect_end=510429961 send_end=510429961 receive_end=510429965 connect_duration_ms=1 send_duration_ms=0 receive_duration_ms=3 total_duration_ms=5
[2026-02-03 01:13:07.872] [info] [spider.worker] [TIMING] worker_id=0a8fe0c6-ecb3-4c70-a103-297a58ab0749 task_id=none get_next_task request_start=510430067 connect_end=510430069 send_end=510430069 receive_end=510430080 connect_duration_ms=1 send_duration_ms=0 receive_duration_ms=11 total_duration_ms=13
[2026-02-03 01:13:07.982] [info] [spider.worker] [TIMING] worker_id=0a8fe0c6-ecb3-4c70-a103-297a58ab0749 task_id=none get_next_task request_start=510430182 connect_end=510430184 send_end=510430184 receive_end=510430190 connect_duration_ms=1 send_duration_ms=0 receive_duration_ms=6 total_duration_ms=7
[2026-02-03 01:13:08.091] [info] [spider.worker] [TIMING] worker_id=0a8fe0c6-ecb3-4c70-a103-297a58ab0749 task_id=none get_next_task request_start=510430293 connect_end=510430295 send_end=510430295 receive_end=510430299 connect_duration_ms=1 send_duration_ms=0 receive_duration_ms=4 total_duration_ms=6
[2026-02-03 01:13:08.200] [info] [spider.worker] [TIMING] worker_id=0a8fe0c6-ecb3-4c70-a103-297a58ab0749 task_id=none get_next_task request_start=510430402 connect_end=510430403 send_end=510430403 receive_end=510430408 connect_duration_ms=1 send_duration_ms=0 receive_duration_ms=4 total_duration_ms=6
[2026-02-03 01:13:08.310] [info] [spider.worker] [TIMING] worker_id=0a8fe0c6-ecb3-4c70-a103-297a58ab0749 task_id=none get_next_task request_start=510430511 connect_end=510430512 send_end=510430512 receive_end=510430518 connect_duration_ms=1 send_duration_ms=0 receive_duration_ms=5 total_duration_ms=7
[2026-02-03 01:13:08.420] [info] [spider.worker] [TIMING] worker_id=0a8fe0c6-ecb3-4c70-a103-297a58ab0749 task_id=none get_next_task request_start=510430621 connect_end=510430622 send_end=510430622 receive_end=510430628 connect_duration_ms=1 send_duration_ms=0 receive_duration_ms=5 total_duration_ms=7
[2026-02-03 01:13:08.528] [info] [spider.worker] [TIMING] worker_id=0a8fe0c6-ecb3-4c70-a103-297a58ab0749 task_id=none get_next_task request_start=510430731 connect_end=510430732 send_end=510430732 receive_end=510430736 connect_duration_ms=1 send_duration_ms=0 receive_duration_ms=4 total_duration_ms=5
[2026-02-03 01:13:08.638] [info] [spider.worker] [TIMING] worker_id=0a8fe0c6-ecb3-4c70-a103-297a58ab0749 task_id=none get_next_task request_start=510430839 connect_end=510430840 send_end=510430840 receive_end=510430846 connect_duration_ms=1 send_duration_ms=0 receive_duration_ms=5 total_duration_ms=7
[2026-02-03 01:13:08.747] [info] [spider.worker] [TIMING] worker_id=0a8fe0c6-ecb3-4c70-a103-297a58ab0749 task_id=none get_next_task request_start=510430948 connect_end=510430950 send_end=510430950 receive_end=510430955 connect_duration_ms=1 send_duration_ms=0 receive_duration_ms=5 total_duration_ms=6
[2026-02-03 01:13:08.857] [info] [spider.worker] [TIMING] worker_id=0a8fe0c6-ecb3-4c70-a103-297a58ab0749 task_id=none get_next_task request_start=510431058 connect_end=510431059 send_end=510431059 receive_end=510431065 connect_duration_ms=1 send_duration_ms=0 receive_duration_ms=5 total_duration_ms=7
[2026-02-03 01:13:08.966] [info] [spider.worker] [TIMING] worker_id=0a8fe0c6-ecb3-4c70-a103-297a58ab0749 task_id=none get_next_task request_start=510431168 connect_end=510431169 send_end=510431169 receive_end=510431174 connect_duration_ms=1 send_duration_ms=0 receive_duration_ms=5 total_duration_ms=6
[2026-02-03 01:13:09.075] [info] [spider.worker] [TIMING] worker_id=0a8fe0c6-ecb3-4c70-a103-297a58ab0749 task_id=none get_next_task request_start=510431277 connect_end=510431279 send_end=510431279 receive_end=510431283 connect_duration_ms=1 send_duration_ms=0 receive_duration_ms=4 total_duration_ms=6
[2026-02-03 01:13:09.184] [info] [spider.worker] [TIMING] worker_id=0a8fe0c6-ecb3-4c70-a103-297a58ab0749 task_id=none get_next_task request_start=510431386 connect_end=510431387 send_end=510431387 receive_end=510431392 connect_duration_ms=1 send_duration_ms=0 receive_duration_ms=4 total_duration_ms=6
[2026-02-03 01:13:09.293] [info] [spider.worker] [TIMING] worker_id=0a8fe0c6-ecb3-4c70-a103-297a58ab0749 task_id=none get_next_task request_start=510431495 connect_end=510431497 send_end=510431497 receive_end=510431501 connect_duration_ms=1 send_duration_ms=0 receive_duration_ms=4 total_duration_ms=6
[2026-02-03 01:13:09.403] [info] [spider.worker] [TIMING] worker_id=0a8fe0c6-ecb3-4c70-a103-297a58ab0749 task_id=none get_next_task request_start=510431604 connect_end=510431606 send_end=510431606 receive_end=510431611 connect_duration_ms=1 send_duration_ms=0 receive_duration_ms=5 total_duration_ms=7
[2026-02-03 01:13:09.512] [info] [spider.worker] [TIMING] worker_id=0a8fe0c6-ecb3-4c70-a103-297a58ab0749 task_id=none get_next_task request_start=510431714 connect_end=510431716 send_end=510431716 receive_end=510431720 connect_duration_ms=1 send_duration_ms=0 receive_duration_ms=4 total_duration_ms=6
[2026-02-03 01:13:09.621] [info] [spider.worker] [TIMING] worker_id=0a8fe0c6-ecb3-4c70-a103-297a58ab0749 task_id=none get_next_task request_start=510431823 connect_end=510431825 send_end=510431825 receive_end=510431830 connect_duration_ms=1 send_duration_ms=0 receive_duration_ms=4 total_duration_ms=6
[2026-02-03 01:13:09.731] [info] [spider.worker] [TIMING] worker_id=0a8fe0c6-ecb3-4c70-a103-297a58ab0749 task_id=none get_next_task request_start=510431932 connect_end=510431934 send_end=510431934 receive_end=510431939 connect_duration_ms=1 send_duration_ms=0 receive_duration_ms=5 total_duration_ms=6
[2026-02-03 01:13:09.839] [info] [spider.worker] [TIMING] worker_id=0a8fe0c6-ecb3-4c70-a103-297a58ab0749 task_id=none get_next_task request_start=510432042 connect_end=510432043 send_end=510432044 receive_end=510432047 connect_duration_ms=1 send_duration_ms=0 receive_duration_ms=3 total_duration_ms=5
[2026-02-03 01:13:09.947] [info] [spider.worker] [TIMING] worker_id=0a8fe0c6-ecb3-4c70-a103-297a58ab0749 task_id=none get_next_task request_start=510432150 connect_end=510432151 send_end=510432151 receive_end=510432155 connect_duration_ms=1 send_duration_ms=0 receive_duration_ms=3 total_duration_ms=5
[2026-02-03 01:13:10.056] [info] [spider.worker] [TIMING] worker_id=0a8fe0c6-ecb3-4c70-a103-297a58ab0749 task_id=none get_next_task request_start=510432258 connect_end=510432259 send_end=510432259 receive_end=510432264 connect_duration_ms=1 send_duration_ms=0 receive_duration_ms=4 total_duration_ms=6
[2026-02-03 01:13:10.165] [info] [spider.worker] [TIMING] worker_id=0a8fe0c6-ecb3-4c70-a103-297a58ab0749 task_id=none get_next_task request_start=510432367 connect_end=510432369 send_end=510432369 receive_end=510432374 connect_duration_ms=1 send_duration_ms=0 receive_duration_ms=4 total_duration_ms=6
[2026-02-03 01:13:10.275] [info] [spider.worker] [TIMING] worker_id=0a8fe0c6-ecb3-4c70-a103-297a58ab0749 task_id=none get_next_task request_start=510432476 connect_end=510432478 send_end=510432478 receive_end=510432483 connect_duration_ms=2 send_duration_ms=0 receive_duration_ms=4 total_duration_ms=7
[2026-02-03 01:13:10.382] [info] [spider.worker] [TIMING] worker_id=0a8fe0c6-ecb3-4c70-a103-297a58ab0749 task_id=none get_next_task request_start=510432585 connect_end=510432587 send_end=510432587 receive_end=510432590 connect_duration_ms=1 send_duration_ms=0 receive_duration_ms=3 total_duration_ms=5
[2026-02-03 01:13:10.489] [info] [spider.worker] [TIMING] worker_id=0a8fe0c6-ecb3-4c70-a103-297a58ab0749 task_id=none get_next_task request_start=510432693 connect_end=510432695 send_end=510432695 receive_end=510432698 connect_duration_ms=1 send_duration_ms=0 receive_duration_ms=2 total_duration_ms=4
[2026-02-03 01:13:10.611] [info] [spider.worker] [TIMING] worker_id=0a8fe0c6-ecb3-4c70-a103-297a58ab0749 task_id=none get_next_task request_start=510432800 connect_end=510432802 send_end=510432802 receive_end=510432819 connect_duration_ms=1 send_duration_ms=0 receive_duration_ms=17 total_duration_ms=19
[2026-02-03 01:13:10.718] [info] [spider.worker] [TIMING] worker_id=0a8fe0c6-ecb3-4c70-a103-297a58ab0749 task_id=none get_next_task request_start=510432922 connect_end=510432924 send_end=510432924 receive_end=510432926 connect_duration_ms=1 send_duration_ms=0 receive_duration_ms=2 total_duration_ms=4
[2026-02-03 01:13:10.825] [info] [spider.worker] [TIMING] worker_id=0a8fe0c6-ecb3-4c70-a103-297a58ab0749 task_id=none get_next_task request_start=510433028 connect_end=510433030 send_end=510433030 receive_end=510433033 connect_duration_ms=1 send_duration_ms=0 receive_duration_ms=3 total_duration_ms=5
[2026-02-03 01:13:10.933] [info] [spider.worker] [TIMING] worker_id=0a8fe0c6-ecb3-4c70-a103-297a58ab0749 task_id=none get_next_task request_start=510433136 connect_end=510433138 send_end=510433138 receive_end=510433142 connect_duration_ms=1 send_duration_ms=0 receive_duration_ms=3 total_duration_ms=5
[2026-02-03 01:13:11.042] [info] [spider.worker] [TIMING] worker_id=0a8fe0c6-ecb3-4c70-a103-297a58ab0749 task_id=none get_next_task request_start=510433244 connect_end=510433246 send_end=510433246 receive_end=510433250 connect_duration_ms=1 send_duration_ms=0 receive_duration_ms=3 total_duration_ms=5
[2026-02-03 01:13:11.152] [info] [spider.worker] [TIMING] worker_id=0a8fe0c6-ecb3-4c70-a103-297a58ab0749 task_id=none get_next_task request_start=510433353 connect_end=510433355 send_end=510433355 receive_end=510433360 connect_duration_ms=2 send_duration_ms=0 receive_duration_ms=4 total_duration_ms=7
[2026-02-03 01:13:11.264] [info] [spider.worker] [TIMING] worker_id=0a8fe0c6-ecb3-4c70-a103-297a58ab0749 task_id=none get_next_task request_start=510433463 connect_end=510433464 send_end=510433464 receive_end=510433472 connect_duration_ms=1 send_duration_ms=0 receive_duration_ms=7 total_duration_ms=9
[2026-02-03 01:13:11.372] [info] [spider.worker] [TIMING] worker_id=0a8fe0c6-ecb3-4c70-a103-297a58ab0749 task_id=none get_next_task request_start=510433574 connect_end=510433576 send_end=510433576 receive_end=510433580 connect_duration_ms=1 send_duration_ms=0 receive_duration_ms=4 total_duration_ms=6
[2026-02-03 01:13:11.480] [info] [spider.worker] [TIMING] worker_id=0a8fe0c6-ecb3-4c70-a103-297a58ab0749 task_id=none get_next_task request_start=510433682 connect_end=510433683 send_end=510433683 receive_end=510433689 connect_duration_ms=1 send_duration_ms=0 receive_duration_ms=5 total_duration_ms=6
[2026-02-03 01:13:11.589] [info] [spider.worker] [TIMING] worker_id=0a8fe0c6-ecb3-4c70-a103-297a58ab0749 task_id=none get_next_task request_start=510433791 connect_end=510433793 send_end=510433793 receive_end=510433797 connect_duration_ms=1 send_duration_ms=0 receive_duration_ms=4 total_duration_ms=6
[2026-02-03 01:13:11.697] [info] [spider.worker] [TIMING] worker_id=0a8fe0c6-ecb3-4c70-a103-297a58ab0749 task_id=none get_next_task request_start=510433900 connect_end=510433902 send_end=510433902 receive_end=510433906 connect_duration_ms=1 send_duration_ms=0 receive_duration_ms=3 total_duration_ms=5
[2026-02-03 01:13:11.805] [info] [spider.worker] [TIMING] worker_id=0a8fe0c6-ecb3-4c70-a103-297a58ab0749 task_id=none get_next_task request_start=510434008 connect_end=510434010 send_end=510434010 receive_end=510434014 connect_duration_ms=1 send_duration_ms=0 receive_duration_ms=4 total_duration_ms=5
[2026-02-03 01:13:11.914] [info] [spider.worker] [TIMING] worker_id=0a8fe0c6-ecb3-4c70-a103-297a58ab0749 task_id=none get_next_task request_start=510434117 connect_end=510434119 send_end=510434119 receive_end=510434123 connect_duration_ms=1 send_duration_ms=0 receive_duration_ms=3 total_duration_ms=5
[2026-02-03 01:13:12.022] [info] [spider.worker] [TIMING] worker_id=0a8fe0c6-ecb3-4c70-a103-297a58ab0749 task_id=none get_next_task request_start=510434224 connect_end=510434225 send_end=510434225 receive_end=510434230 connect_duration_ms=1 send_duration_ms=0 receive_duration_ms=4 total_duration_ms=5
[2026-02-03 01:13:12.131] [info] [spider.worker] [TIMING] worker_id=0a8fe0c6-ecb3-4c70-a103-297a58ab0749 task_id=none get_next_task request_start=510434332 connect_end=510434334 send_end=510434334 receive_end=510434340 connect_duration_ms=1 send_duration_ms=0 receive_duration_ms=5 total_duration_ms=7
[2026-02-03 01:13:12.239] [info] [spider.worker] [TIMING] worker_id=0a8fe0c6-ecb3-4c70-a103-297a58ab0749 task_id=none get_next_task request_start=510434442 connect_end=510434444 send_end=510434444 receive_end=510434448 connect_duration_ms=1 send_duration_ms=0 receive_duration_ms=3 total_duration_ms=5
[2026-02-03 01:13:12.346] [info] [spider.worker] [TIMING] worker_id=0a8fe0c6-ecb3-4c70-a103-297a58ab0749 task_id=none get_next_task request_start=510434550 connect_end=510434552 send_end=510434552 receive_end=510434554 connect_duration_ms=1 send_duration_ms=0 receive_duration_ms=2 total_duration_ms=3
[2026-02-03 01:13:12.455] [info] [spider.worker] [TIMING] worker_id=0a8fe0c6-ecb3-4c70-a103-297a58ab0749 task_id=none get_next_task request_start=510434656 connect_end=510434658 send_end=510434658 receive_end=510434663 connect_duration_ms=1 send_duration_ms=0 receive_duration_ms=5 total_duration_ms=7
[2026-02-03 01:13:12.566] [info] [spider.worker] [TIMING] worker_id=0a8fe0c6-ecb3-4c70-a103-297a58ab0749 task_id=none get_next_task request_start=510434766 connect_end=510434767 send_end=510434767 receive_end=510434775 connect_duration_ms=1 send_duration_ms=0 receive_duration_ms=7 total_duration_ms=8
[2026-02-03 01:13:12.674] [info] [spider.worker] [TIMING] worker_id=0a8fe0c6-ecb3-4c70-a103-297a58ab0749 task_id=none get_next_task request_start=510434877 connect_end=510434879 send_end=510434879 receive_end=510434883 connect_duration_ms=1 send_duration_ms=0 receive_duration_ms=4 total_duration_ms=5
[2026-02-03 01:13:12.783] [info] [spider.worker] [TIMING] worker_id=0a8fe0c6-ecb3-4c70-a103-297a58ab0749 task_id=none get_next_task request_start=510434985 connect_end=510434987 send_end=510434987 receive_end=510434992 connect_duration_ms=1 send_duration_ms=0 receive_duration_ms=4 total_duration_ms=6
[2026-02-03 01:13:12.892] [info] [spider.worker] [TIMING] worker_id=0a8fe0c6-ecb3-4c70-a103-297a58ab0749 task_id=none get_next_task request_start=510435094 connect_end=510435095 send_end=510435096 receive_end=510435101 connect_duration_ms=1 send_duration_ms=0 receive_duration_ms=5 total_duration_ms=6
[2026-02-03 01:13:13.002] [info] [spider.worker] [TIMING] worker_id=0a8fe0c6-ecb3-4c70-a103-297a58ab0749 task_id=none get_next_task request_start=510435203 connect_end=510435205 send_end=510435205 receive_end=510435210 connect_duration_ms=1 send_duration_ms=0 receive_duration_ms=4 total_duration_ms=6
[2026-02-03 01:13:13.113] [info] [spider.worker] [TIMING] worker_id=0a8fe0c6-ecb3-4c70-a103-297a58ab0749 task_id=none get_next_task request_start=510435313 connect_end=510435315 send_end=510435315 receive_end=510435321 connect_duration_ms=1 send_duration_ms=0 receive_duration_ms=6 total_duration_ms=8
[2026-02-03 01:13:13.222] [info] [spider.worker] [TIMING] worker_id=0a8fe0c6-ecb3-4c70-a103-297a58ab0749 task_id=none get_next_task request_start=510435424 connect_end=510435426 send_end=510435426 receive_end=510435430 connect_duration_ms=1 send_duration_ms=0 receive_duration_ms=4 total_duration_ms=6
[2026-02-03 01:13:13.329] [info] [spider.worker] [TIMING] worker_id=0a8fe0c6-ecb3-4c70-a103-297a58ab0749 task_id=none get_next_task request_start=510435532 connect_end=510435533 send_end=510435533 receive_end=510435537 connect_duration_ms=1 send_duration_ms=0 receive_duration_ms=4 total_duration_ms=5
[2026-02-03 01:13:13.435] [info] [spider.worker] [TIMING] worker_id=0a8fe0c6-ecb3-4c70-a103-297a58ab0749 task_id=none get_next_task request_start=510435639 connect_end=510435640 send_end=510435640 receive_end=510435643 connect_duration_ms=1 send_duration_ms=0 receive_duration_ms=2 total_duration_ms=3
[2026-02-03 01:13:13.543] [info] [spider.worker] [TIMING] worker_id=0a8fe0c6-ecb3-4c70-a103-297a58ab0749 task_id=none get_next_task request_start=510435745 connect_end=510435747 send_end=510435747 receive_end=510435752 connect_duration_ms=1 send_duration_ms=0 receive_duration_ms=4 total_duration_ms=6
[2026-02-03 01:13:13.653] [info] [spider.worker] [TIMING] worker_id=0a8fe0c6-ecb3-4c70-a103-297a58ab0749 task_id=none get_next_task request_start=510435854 connect_end=510435855 send_end=510435856 receive_end=510435861 connect_duration_ms=1 send_duration_ms=0 receive_duration_ms=5 total_duration_ms=7
[2026-02-03 01:13:13.764] [info] [spider.worker] [TIMING] worker_id=0a8fe0c6-ecb3-4c70-a103-297a58ab0749 task_id=none get_next_task request_start=510435964 connect_end=510435965 send_end=510435966 receive_end=510435972 connect_duration_ms=1 send_duration_ms=0 receive_duration_ms=6 total_duration_ms=8
[2026-02-03 01:13:13.875] [info] [spider.worker] [TIMING] worker_id=0a8fe0c6-ecb3-4c70-a103-297a58ab0749 task_id=none get_next_task request_start=510436075 connect_end=510436077 send_end=510436077 receive_end=510436083 connect_duration_ms=1 send_duration_ms=0 receive_duration_ms=6 total_duration_ms=8
[2026-02-03 01:13:13.985] [info] [spider.worker] [TIMING] worker_id=0a8fe0c6-ecb3-4c70-a103-297a58ab0749 task_id=none get_next_task request_start=510436186 connect_end=510436188 send_end=510436188 receive_end=510436193 connect_duration_ms=1 send_duration_ms=0 receive_duration_ms=5 total_duration_ms=7
[2026-02-03 01:13:14.094] [info] [spider.worker] [TIMING] worker_id=0a8fe0c6-ecb3-4c70-a103-297a58ab0749 task_id=none get_next_task request_start=510436296 connect_end=510436298 send_end=510436298 receive_end=510436302 connect_duration_ms=1 send_duration_ms=0 receive_duration_ms=4 total_duration_ms=6
[2026-02-03 01:13:14.204] [info] [spider.worker] [TIMING] worker_id=0a8fe0c6-ecb3-4c70-a103-297a58ab0749 task_id=none get_next_task request_start=510436405 connect_end=510436407 send_end=510436407 receive_end=510436413 connect_duration_ms=1 send_duration_ms=0 receive_duration_ms=5 total_duration_ms=7
[2026-02-03 01:13:14.313] [info] [spider.worker] [TIMING] worker_id=0a8fe0c6-ecb3-4c70-a103-297a58ab0749 task_id=none get_next_task request_start=510436515 connect_end=510436517 send_end=510436517 receive_end=510436521 connect_duration_ms=1 send_duration_ms=0 receive_duration_ms=4 total_duration_ms=6
[2026-02-03 01:13:14.421] [info] [spider.worker] [TIMING] worker_id=0a8fe0c6-ecb3-4c70-a103-297a58ab0749 task_id=none get_next_task request_start=510436624 connect_end=510436626 send_end=510436626 receive_end=510436630 connect_duration_ms=1 send_duration_ms=0 receive_duration_ms=3 total_duration_ms=5
[2026-02-03 01:13:14.530] [info] [spider.worker] [TIMING] worker_id=0a8fe0c6-ecb3-4c70-a103-297a58ab0749 task_id=none get_next_task request_start=510436732 connect_end=510436734 send_end=510436734 receive_end=510436738 connect_duration_ms=1 send_duration_ms=0 receive_duration_ms=4 total_duration_ms=5
[2026-02-03 01:13:14.636] [info] [spider.worker] [TIMING] worker_id=0a8fe0c6-ecb3-4c70-a103-297a58ab0749 task_id=none get_next_task request_start=510436841 connect_end=510436842 send_end=510436842 receive_end=510436845 connect_duration_ms=1 send_duration_ms=0 receive_duration_ms=2 total_duration_ms=4
[2026-02-03 01:13:14.745] [info] [spider.worker] [TIMING] worker_id=0a8fe0c6-ecb3-4c70-a103-297a58ab0749 task_id=none get_next_task request_start=510436947 connect_end=510436949 send_end=510436949 receive_end=510436953 connect_duration_ms=1 send_duration_ms=0 receive_duration_ms=4 total_duration_ms=5
[2026-02-03 01:13:14.858] [info] [spider.worker] [TIMING] worker_id=0a8fe0c6-ecb3-4c70-a103-297a58ab0749 task_id=none get_next_task request_start=510437055 connect_end=510437057 send_end=510437057 receive_end=510437067 connect_duration_ms=1 send_duration_ms=0 receive_duration_ms=9 total_duration_ms=11
[2026-02-03 01:13:14.965] [info] [spider.worker] [TIMING] worker_id=0a8fe0c6-ecb3-4c70-a103-297a58ab0749 task_id=none get_next_task request_start=510437169 connect_end=510437170 send_end=510437170 receive_end=510437173 connect_duration_ms=0 send_duration_ms=0 receive_duration_ms=3 total_duration_ms=4
[2026-02-03 01:13:15.073] [info] [spider.worker] [TIMING] worker_id=0a8fe0c6-ecb3-4c70-a103-297a58ab0749 task_id=none get_next_task request_start=510437276 connect_end=510437278 send_end=510437278 receive_end=510437282 connect_duration_ms=1 send_duration_ms=0 receive_duration_ms=3 total_duration_ms=5
[2026-02-03 01:13:15.181] [info] [spider.worker] [TIMING] worker_id=0a8fe0c6-ecb3-4c70-a103-297a58ab0749 task_id=none get_next_task request_start=510437384 connect_end=510437386 send_end=510437386 receive_end=510437390 connect_duration_ms=1 send_duration_ms=0 receive_duration_ms=3 total_duration_ms=5
[2026-02-03 01:13:15.290] [info] [spider.worker] [TIMING] worker_id=0a8fe0c6-ecb3-4c70-a103-297a58ab0749 task_id=none get_next_task request_start=510437493 connect_end=510437494 send_end=510437494 receive_end=510437498 connect_duration_ms=1 send_duration_ms=0 receive_duration_ms=4 total_duration_ms=5
[2026-02-03 01:13:15.397] [info] [spider.worker] [TIMING] worker_id=0a8fe0c6-ecb3-4c70-a103-297a58ab0749 task_id=none get_next_task request_start=510437601 connect_end=510437603 send_end=510437603 receive_end=510437605 connect_duration_ms=1 send_duration_ms=0 receive_duration_ms=2 total_duration_ms=4
[2026-02-03 01:13:15.506] [info] [spider.worker] [TIMING] worker_id=0a8fe0c6-ecb3-4c70-a103-297a58ab0749 task_id=none get_next_task request_start=510437707 connect_end=510437709 send_end=510437709 receive_end=510437714 connect_duration_ms=1 send_duration_ms=0 receive_duration_ms=5 total_duration_ms=7
[2026-02-03 01:13:15.615] [info] [spider.worker] [TIMING] worker_id=0a8fe0c6-ecb3-4c70-a103-297a58ab0749 task_id=none get_next_task request_start=510437817 connect_end=510437818 send_end=510437819 receive_end=510437823 connect_duration_ms=1 send_duration_ms=0 receive_duration_ms=4 total_duration_ms=6
[2026-02-03 01:13:15.725] [info] [spider.worker] [TIMING] worker_id=0a8fe0c6-ecb3-4c70-a103-297a58ab0749 task_id=none get_next_task request_start=510437927 connect_end=510437929 send_end=510437929 receive_end=510437933 connect_duration_ms=2 send_duration_ms=0 receive_duration_ms=4 total_duration_ms=6
[2026-02-03 01:13:15.833] [info] [spider.worker] [TIMING] worker_id=0a8fe0c6-ecb3-4c70-a103-297a58ab0749 task_id=none get_next_task request_start=510438036 connect_end=510438038 send_end=510438038 receive_end=510438042 connect_duration_ms=1 send_duration_ms=0 receive_duration_ms=3 total_duration_ms=5
[2026-02-03 01:13:15.943] [info] [spider.worker] [TIMING] worker_id=0a8fe0c6-ecb3-4c70-a103-297a58ab0749 task_id=none get_next_task request_start=510438145 connect_end=510438147 send_end=510438147 receive_end=510438151 connect_duration_ms=1 send_duration_ms=0 receive_duration_ms=4 total_duration_ms=6
[2026-02-03 01:13:16.053] [info] [spider.worker] [TIMING] worker_id=0a8fe0c6-ecb3-4c70-a103-297a58ab0749 task_id=none get_next_task request_start=510438254 connect_end=510438256 send_end=510438256 receive_end=510438262 connect_duration_ms=1 send_duration_ms=0 receive_duration_ms=5 total_duration_ms=7
[2026-02-03 01:13:16.163] [info] [spider.worker] [TIMING] worker_id=0a8fe0c6-ecb3-4c70-a103-297a58ab0749 task_id=none get_next_task request_start=510438365 connect_end=510438366 send_end=510438366 receive_end=510438371 connect_duration_ms=1 send_duration_ms=0 receive_duration_ms=4 total_duration_ms=6
[2026-02-03 01:13:16.272] [info] [spider.worker] [TIMING] worker_id=0a8fe0c6-ecb3-4c70-a103-297a58ab0749 task_id=none get_next_task request_start=510438474 connect_end=510438476 send_end=510438476 receive_end=510438481 connect_duration_ms=1 send_duration_ms=0 receive_duration_ms=5 total_duration_ms=6
[2026-02-03 01:13:16.382] [info] [spider.worker] [TIMING] worker_id=0a8fe0c6-ecb3-4c70-a103-297a58ab0749 task_id=none get_next_task request_start=510438583 connect_end=510438585 send_end=510438585 receive_end=510438590 connect_duration_ms=1 send_duration_ms=0 receive_duration_ms=5 total_duration_ms=7
[2026-02-03 01:13:16.490] [info] [spider.worker] [TIMING] worker_id=0a8fe0c6-ecb3-4c70-a103-297a58ab0749 task_id=none get_next_task request_start=510438693 connect_end=510438695 send_end=510438695 receive_end=510438699 connect_duration_ms=1 send_duration_ms=0 receive_duration_ms=4 total_duration_ms=5
[2026-02-03 01:13:16.601] [info] [spider.worker] [TIMING] worker_id=0a8fe0c6-ecb3-4c70-a103-297a58ab0749 task_id=none get_next_task request_start=510438802 connect_end=510438803 send_end=510438803 receive_end=510438809 connect_duration_ms=1 send_duration_ms=0 receive_duration_ms=5 total_duration_ms=7
[2026-02-03 01:13:16.712] [info] [spider.worker] [TIMING] worker_id=0a8fe0c6-ecb3-4c70-a103-297a58ab0749 task_id=none get_next_task request_start=510438912 connect_end=510438914 send_end=510438914 receive_end=510438920 connect_duration_ms=1 send_duration_ms=0 receive_duration_ms=6 total_duration_ms=7
[2026-02-03 01:13:16.821] [info] [spider.worker] [TIMING] worker_id=0a8fe0c6-ecb3-4c70-a103-297a58ab0749 task_id=none get_next_task request_start=510439022 connect_end=510439024 send_end=510439024 receive_end=510439029 connect_duration_ms=1 send_duration_ms=0 receive_duration_ms=5 total_duration_ms=6
[2026-02-03 01:13:16.931] [info] [spider.worker] [TIMING] worker_id=0a8fe0c6-ecb3-4c70-a103-297a58ab0749 task_id=none get_next_task request_start=510439132 connect_end=510439133 send_end=510439133 receive_end=510439139 connect_duration_ms=1 send_duration_ms=0 receive_duration_ms=5 total_duration_ms=6
[2026-02-03 01:13:17.040] [info] [spider.worker] [TIMING] worker_id=0a8fe0c6-ecb3-4c70-a103-297a58ab0749 task_id=none get_next_task request_start=510439241 connect_end=510439243 send_end=510439243 receive_end=510439249 connect_duration_ms=1 send_duration_ms=0 receive_duration_ms=5 total_duration_ms=7
[2026-02-03 01:13:17.149] [info] [spider.worker] [TIMING] worker_id=0a8fe0c6-ecb3-4c70-a103-297a58ab0749 task_id=none get_next_task request_start=510439351 connect_end=510439352 send_end=510439352 receive_end=510439358 connect_duration_ms=1 send_duration_ms=0 receive_duration_ms=5 total_duration_ms=6
[2026-02-03 01:13:17.257] [info] [spider.worker] [TIMING] worker_id=0a8fe0c6-ecb3-4c70-a103-297a58ab0749 task_id=none get_next_task request_start=510439460 connect_end=510439462 send_end=510439462 receive_end=510439465 connect_duration_ms=1 send_duration_ms=0 receive_duration_ms=3 total_duration_ms=5
[2026-02-03 01:13:17.366] [info] [spider.worker] [TIMING] worker_id=0a8fe0c6-ecb3-4c70-a103-297a58ab0749 task_id=none get_next_task request_start=510439568 connect_end=510439569 send_end=510439569 receive_end=510439575 connect_duration_ms=1 send_duration_ms=0 receive_duration_ms=5 total_duration_ms=6
[2026-02-03 01:13:17.477] [info] [spider.worker] [TIMING] worker_id=0a8fe0c6-ecb3-4c70-a103-297a58ab0749 task_id=none get_next_task request_start=510439677 connect_end=510439679 send_end=510439679 receive_end=510439685 connect_duration_ms=1 send_duration_ms=0 receive_duration_ms=6 total_duration_ms=7
[2026-02-03 01:13:17.586] [info] [spider.worker] [TIMING] worker_id=0a8fe0c6-ecb3-4c70-a103-297a58ab0749 task_id=none get_next_task request_start=510439788 connect_end=510439789 send_end=510439789 receive_end=510439795 connect_duration_ms=1 send_duration_ms=0 receive_duration_ms=5 total_duration_ms=7
[2026-02-03 01:13:17.697] [info] [spider.worker] [TIMING] worker_id=0a8fe0c6-ecb3-4c70-a103-297a58ab0749 task_id=none get_next_task request_start=510439897 connect_end=510439898 send_end=510439899 receive_end=510439905 connect_duration_ms=1 send_duration_ms=0 receive_duration_ms=6 total_duration_ms=8
[2026-02-03 01:13:17.806] [info] [spider.worker] [TIMING] worker_id=0a8fe0c6-ecb3-4c70-a103-297a58ab0749 task_id=none get_next_task request_start=510440008 connect_end=510440010 send_end=510440010 receive_end=510440014 connect_duration_ms=1 send_duration_ms=0 receive_duration_ms=4 total_duration_ms=5
[2026-02-03 01:13:17.917] [info] [spider.worker] [TIMING] worker_id=0a8fe0c6-ecb3-4c70-a103-297a58ab0749 task_id=none get_next_task request_start=510440117 connect_end=510440119 send_end=510440119 receive_end=510440126 connect_duration_ms=2 send_duration_ms=0 receive_duration_ms=6 total_duration_ms=8
[2026-02-03 01:13:18.026] [info] [spider.worker] [TIMING] worker_id=0a8fe0c6-ecb3-4c70-a103-297a58ab0749 task_id=none get_next_task request_start=510440228 connect_end=510440230 send_end=510440230 receive_end=510440235 connect_duration_ms=1 send_duration_ms=0 receive_duration_ms=4 total_duration_ms=6
[2026-02-03 01:13:18.136] [info] [spider.worker] [TIMING] worker_id=0a8fe0c6-ecb3-4c70-a103-297a58ab0749 task_id=none get_next_task request_start=510440337 connect_end=510440339 send_end=510440339 receive_end=510440345 connect_duration_ms=1 send_duration_ms=0 receive_duration_ms=5 total_duration_ms=7
[2026-02-03 01:13:18.246] [info] [spider.worker] [TIMING] worker_id=0a8fe0c6-ecb3-4c70-a103-297a58ab0749 task_id=none get_next_task request_start=510440447 connect_end=510440449 send_end=510440449 receive_end=510440454 connect_duration_ms=1 send_duration_ms=0 receive_duration_ms=5 total_duration_ms=7
[2026-02-03 01:13:18.355] [info] [spider.worker] [TIMING] worker_id=0a8fe0c6-ecb3-4c70-a103-297a58ab0749 task_id=none get_next_task request_start=510440557 connect_end=510440559 send_end=510440559 receive_end=510440563 connect_duration_ms=1 send_duration_ms=0 receive_duration_ms=4 total_duration_ms=5
[2026-02-03 01:13:18.464] [info] [spider.worker] [TIMING] worker_id=0a8fe0c6-ecb3-4c70-a103-297a58ab0749 task_id=none get_next_task request_start=510440666 connect_end=510440667 send_end=510440667 receive_end=510440672 connect_duration_ms=1 send_duration_ms=0 receive_duration_ms=5 total_duration_ms=6
[2026-02-03 01:13:18.574] [info] [spider.worker] [TIMING] worker_id=0a8fe0c6-ecb3-4c70-a103-297a58ab0749 task_id=none get_