[2026-02-02 22:47:52.122] [warning] [spider.worker] Prefer using `SPIDER_STORAGE_URL` environment variable over `--storage_url` argument.
[2026-02-02 22:47:52.188] [info] [spider.worker] [TIMING] worker_id=027dee0b-a956-4d41-9e62-8f43be456421 task_id=none get_next_task request_start=501714395 connect_end=501714395 send_end=501714395 receive_end=501714397 connect_duration_ms=0 send_duration_ms=0 receive_duration_ms=1 total_duration_ms=2
[2026-02-02 22:47:52.292] [info] [spider.worker] [TIMING] worker_id=027dee0b-a956-4d41-9e62-8f43be456421 task_id=none get_next_task request_start=501714498 connect_end=501714499 send_end=501714499 receive_end=501714500 connect_duration_ms=0 send_duration_ms=0 receive_duration_ms=1 total_duration_ms=1
[2026-02-02 22:47:52.395] [info] [spider.worker] [TIMING] worker_id=027dee0b-a956-4d41-9e62-8f43be456421 task_id=none get_next_task request_start=501714602 connect_end=501714602 send_end=501714602 receive_end=501714603 connect_duration_ms=0 send_duration_ms=0 receive_duration_ms=1 total_duration_ms=1
[2026-02-02 22:47:52.500] [info] [spider.worker] [TIMING] worker_id=027dee0b-a956-4d41-9e62-8f43be456421 task_id=none get_next_task request_start=501714706 connect_end=501714707 send_end=501714707 receive_end=501714709 connect_duration_ms=0 send_duration_ms=0 receive_duration_ms=1 total_duration_ms=2
[2026-02-02 22:47:52.608] [info] [spider.worker] [TIMING] worker_id=027dee0b-a956-4d41-9e62-8f43be456421 task_id=none get_next_task request_start=501714811 connect_end=501714812 send_end=501714812 receive_end=501714816 connect_duration_ms=1 send_duration_ms=0 receive_duration_ms=4 total_duration_ms=5
[2026-02-02 22:47:52.718] [info] [spider.worker] [TIMING] worker_id=027dee0b-a956-4d41-9e62-8f43be456421 task_id=none get_next_task request_start=501714919 connect_end=501714920 send_end=501714920 receive_end=501714926 connect_duration_ms=1 send_duration_ms=0 receive_duration_ms=6 total_duration_ms=7
[2026-02-02 22:47:52.824] [info] [spider.worker] [TIMING] worker_id=027dee0b-a956-4d41-9e62-8f43be456421 task_id=none get_next_task request_start=501715028 connect_end=501715029 send_end=501715029 receive_end=501715032 connect_duration_ms=0 send_duration_ms=0 receive_duration_ms=3 total_duration_ms=3
[2026-02-02 22:47:52.927] [info] [spider.worker] [TIMING] worker_id=027dee0b-a956-4d41-9e62-8f43be456421 task_id=none get_next_task request_start=501715134 connect_end=501715135 send_end=501715135 receive_end=501715136 connect_duration_ms=0 send_duration_ms=0 receive_duration_ms=1 total_duration_ms=1
[2026-02-02 22:47:53.032] [info] [spider.worker] [TIMING] worker_id=027dee0b-a956-4d41-9e62-8f43be456421 task_id=none get_next_task request_start=501715238 connect_end=501715239 send_end=501715239 receive_end=501715240 connect_duration_ms=0 send_duration_ms=0 receive_duration_ms=1 total_duration_ms=2
[2026-02-02 22:47:53.140] [info] [spider.worker] [TIMING] worker_id=027dee0b-a956-4d41-9e62-8f43be456421 task_id=none get_next_task request_start=501715342 connect_end=501715342 send_end=501715343 receive_end=501715349 connect_duration_ms=0 send_duration_ms=0 receive_duration_ms=6 total_duration_ms=6
[2026-02-02 22:47:53.249] [info] [spider.worker] [TIMING] worker_id=027dee0b-a956-4d41-9e62-8f43be456421 task_id=none get_next_task request_start=501715451 connect_end=501715452 send_end=501715452 receive_end=501715457 connect_duration_ms=0 send_duration_ms=0 receive_duration_ms=5 total_duration_ms=6
[2026-02-02 22:47:53.356] [info] [spider.worker] [TIMING] worker_id=027dee0b-a956-4d41-9e62-8f43be456421 task_id=none get_next_task request_start=501715559 connect_end=501715560 send_end=501715560 receive_end=501715564 connect_duration_ms=1 send_duration_ms=0 receive_duration_ms=3 total_duration_ms=5
[2026-02-02 22:47:53.462] [info] [spider.worker] [TIMING] worker_id=027dee0b-a956-4d41-9e62-8f43be456421 task_id=none get_next_task request_start=501715667 connect_end=501715668 send_end=501715668 receive_end=501715670 connect_duration_ms=1 send_duration_ms=0 receive_duration_ms=2 total_duration_ms=3
[2026-02-02 22:47:53.566] [info] [spider.worker] [TIMING] worker_id=027dee0b-a956-4d41-9e62-8f43be456421 task_id=none get_next_task request_start=501715772 connect_end=501715773 send_end=501715773 receive_end=501715774 connect_duration_ms=0 send_duration_ms=0 receive_duration_ms=1 total_duration_ms=2
[2026-02-02 22:47:53.671] [info] [spider.worker] [TIMING] worker_id=027dee0b-a956-4d41-9e62-8f43be456421 task_id=none get_next_task request_start=501715876 connect_end=501715877 send_end=501715877 receive_end=501715879 connect_duration_ms=0 send_duration_ms=0 receive_duration_ms=1 total_duration_ms=2
[2026-02-02 22:47:53.773] [info] [spider.worker] [TIMING] worker_id=027dee0b-a956-4d41-9e62-8f43be456421 task_id=none get_next_task request_start=501715980 connect_end=501715981 send_end=501715981 receive_end=501715982 connect_duration_ms=0 send_duration_ms=0 receive_duration_ms=1 total_duration_ms=1
[2026-02-02 22:47:53.883] [info] [spider.worker] [TIMING] worker_id=027dee0b-a956-4d41-9e62-8f43be456421 task_id=none get_next_task request_start=501716084 connect_end=501716085 send_end=501716085 receive_end=501716091 connect_duration_ms=0 send_duration_ms=0 receive_duration_ms=6 total_duration_ms=7
[2026-02-02 22:47:53.989] [info] [spider.worker] [TIMING] worker_id=027dee0b-a956-4d41-9e62-8f43be456421 task_id=none get_next_task request_start=501716193 connect_end=501716194 send_end=501716194 receive_end=501716198 connect_duration_ms=1 send_duration_ms=0 receive_duration_ms=3 total_duration_ms=4
[2026-02-02 22:47:54.098] [info] [spider.worker] [TIMING] worker_id=027dee0b-a956-4d41-9e62-8f43be456421 task_id=none get_next_task request_start=501716300 connect_end=501716301 send_end=501716301 receive_end=501716306 connect_duration_ms=1 send_duration_ms=0 receive_duration_ms=4 total_duration_ms=5
[2026-02-02 22:47:54.212] [info] [spider.worker] [TIMING] worker_id=027dee0b-a956-4d41-9e62-8f43be456421 task_id=none get_next_task request_start=501716408 connect_end=501716410 send_end=501716410 receive_end=501716420 connect_duration_ms=1 send_duration_ms=0 receive_duration_ms=10 total_duration_ms=11
[2026-02-02 22:47:54.319] [info] [spider.worker] [TIMING] worker_id=027dee0b-a956-4d41-9e62-8f43be456421 task_id=none get_next_task request_start=501716522 connect_end=501716523 send_end=501716523 receive_end=501716528 connect_duration_ms=1 send_duration_ms=0 receive_duration_ms=4 total_duration_ms=5
[2026-02-02 22:47:54.423] [info] [spider.worker] [TIMING] worker_id=027dee0b-a956-4d41-9e62-8f43be456421 task_id=none get_next_task request_start=501716630 connect_end=501716630 send_end=501716630 receive_end=501716632 connect_duration_ms=0 send_duration_ms=0 receive_duration_ms=1 total_duration_ms=2
[2026-02-02 22:47:54.527] [info] [spider.worker] [TIMING] worker_id=027dee0b-a956-4d41-9e62-8f43be456421 task_id=none get_next_task request_start=501716733 connect_end=501716734 send_end=501716734 receive_end=501716735 connect_duration_ms=0 send_duration_ms=0 receive_duration_ms=1 total_duration_ms=1
[2026-02-02 22:47:54.631] [info] [spider.worker] [TIMING] worker_id=027dee0b-a956-4d41-9e62-8f43be456421 task_id=none get_next_task request_start=501716837 connect_end=501716838 send_end=501716838 receive_end=501716839 connect_duration_ms=1 send_duration_ms=0 receive_duration_ms=1 total_duration_ms=2
[2026-02-02 22:47:54.743] [info] [spider.worker] [TIMING] worker_id=027dee0b-a956-4d41-9e62-8f43be456421 task_id=none get_next_task request_start=501716942 connect_end=501716943 send_end=501716943 receive_end=501716951 connect_duration_ms=0 send_duration_ms=0 receive_duration_ms=8 total_duration_ms=9
[2026-02-02 22:47:54.849] [info] [spider.worker] [TIMING] worker_id=027dee0b-a956-4d41-9e62-8f43be456421 task_id=none get_next_task request_start=501717054 connect_end=501717055 send_end=501717055 receive_end=501717058 connect_duration_ms=1 send_duration_ms=0 receive_duration_ms=2 total_duration_ms=3
[2026-02-02 22:47:54.953] [info] [spider.worker] [TIMING] worker_id=027dee0b-a956-4d41-9e62-8f43be456421 task_id=none get_next_task request_start=501717159 connect_end=501717160 send_end=501717160 receive_end=501717161 connect_duration_ms=0 send_duration_ms=0 receive_duration_ms=1 total_duration_ms=2
[2026-02-02 22:47:55.058] [info] [spider.worker] [TIMING] worker_id=027dee0b-a956-4d41-9e62-8f43be456421 task_id=none get_next_task request_start=501717263 connect_end=501717264 send_end=501717264 receive_end=501717266 connect_duration_ms=0 send_duration_ms=0 receive_duration_ms=2 total_duration_ms=3
[2026-02-02 22:47:55.170] [info] [spider.worker] [TIMING] worker_id=027dee0b-a956-4d41-9e62-8f43be456421 task_id=none get_next_task request_start=501717369 connect_end=501717370 send_end=501717370 receive_end=501717378 connect_duration_ms=1 send_duration_ms=0 receive_duration_ms=8 total_duration_ms=9
[2026-02-02 22:47:55.274] [info] [spider.worker] [TIMING] worker_id=027dee0b-a956-4d41-9e62-8f43be456421 task_id=none get_next_task request_start=501717480 connect_end=501717482 send_end=501717482 receive_end=501717483 connect_duration_ms=1 send_duration_ms=0 receive_duration_ms=1 total_duration_ms=2
[2026-02-02 22:47:55.381] [info] [spider.worker] [TIMING] worker_id=027dee0b-a956-4d41-9e62-8f43be456421 task_id=none get_next_task request_start=501717585 connect_end=501717586 send_end=501717586 receive_end=501717589 connect_duration_ms=0 send_duration_ms=0 receive_duration_ms=3 total_duration_ms=4
[2026-02-02 22:47:55.489] [info] [spider.worker] [TIMING] worker_id=027dee0b-a956-4d41-9e62-8f43be456421 task_id=none get_next_task request_start=501717692 connect_end=501717694 send_end=501717694 receive_end=501717697 connect_duration_ms=1 send_duration_ms=0 receive_duration_ms=3 total_duration_ms=4
[2026-02-02 22:47:55.595] [info] [spider.worker] [TIMING] worker_id=027dee0b-a956-4d41-9e62-8f43be456421 task_id=none get_next_task request_start=501717800 connect_end=501717801 send_end=501717801 receive_end=501717804 connect_duration_ms=0 send_duration_ms=0 receive_duration_ms=2 total_duration_ms=3
[2026-02-02 22:47:55.704] [info] [spider.worker] [TIMING] worker_id=027dee0b-a956-4d41-9e62-8f43be456421 task_id=none get_next_task request_start=501717906 connect_end=501717907 send_end=501717908 receive_end=501717912 connect_duration_ms=1 send_duration_ms=0 receive_duration_ms=4 total_duration_ms=6
[2026-02-02 22:47:55.811] [info] [spider.worker] [TIMING] worker_id=027dee0b-a956-4d41-9e62-8f43be456421 task_id=none get_next_task request_start=501718014 connect_end=501718016 send_end=501718016 receive_end=501718019 connect_duration_ms=1 send_duration_ms=0 receive_duration_ms=3 total_duration_ms=4
[2026-02-02 22:47:55.917] [info] [spider.worker] [TIMING] worker_id=027dee0b-a956-4d41-9e62-8f43be456421 task_id=none get_next_task request_start=501718122 connect_end=501718123 send_end=501718123 receive_end=501718126 connect_duration_ms=1 send_duration_ms=0 receive_duration_ms=2 total_duration_ms=3
[2026-02-02 22:47:56.030] [info] [spider.worker] [TIMING] worker_id=027dee0b-a956-4d41-9e62-8f43be456421 task_id=none get_next_task request_start=501718229 connect_end=501718230 send_end=501718230 receive_end=501718238 connect_duration_ms=1 send_duration_ms=0 receive_duration_ms=8 total_duration_ms=9
[2026-02-02 22:47:56.137] [info] [spider.worker] [TIMING] worker_id=027dee0b-a956-4d41-9e62-8f43be456421 task_id=none get_next_task request_start=501718341 connect_end=501718342 send_end=501718342 receive_end=501718346 connect_duration_ms=1 send_duration_ms=0 receive_duration_ms=3 total_duration_ms=4
[2026-02-02 22:47:56.244] [info] [spider.worker] [TIMING] worker_id=027dee0b-a956-4d41-9e62-8f43be456421 task_id=none get_next_task request_start=501718448 connect_end=501718449 send_end=501718449 receive_end=501718452 connect_duration_ms=1 send_duration_ms=0 receive_duration_ms=2 total_duration_ms=3
[2026-02-02 22:47:56.348] [info] [spider.worker] [TIMING] worker_id=027dee0b-a956-4d41-9e62-8f43be456421 task_id=none get_next_task request_start=501718554 connect_end=501718555 send_end=501718555 receive_end=501718557 connect_duration_ms=1 send_duration_ms=0 receive_duration_ms=1 total_duration_ms=2
[2026-02-02 22:47:56.456] [info] [spider.worker] [TIMING] worker_id=027dee0b-a956-4d41-9e62-8f43be456421 task_id=none get_next_task request_start=501718659 connect_end=501718660 send_end=501718660 receive_end=501718665 connect_duration_ms=1 send_duration_ms=0 receive_duration_ms=4 total_duration_ms=5
[2026-02-02 22:47:56.565] [info] [spider.worker] [TIMING] worker_id=027dee0b-a956-4d41-9e62-8f43be456421 task_id=none get_next_task request_start=501718768 connect_end=501718769 send_end=501718769 receive_end=501718773 connect_duration_ms=1 send_duration_ms=0 receive_duration_ms=4 total_duration_ms=5
[2026-02-02 22:47:56.671] [info] [spider.worker] [TIMING] worker_id=027dee0b-a956-4d41-9e62-8f43be456421 task_id=none get_next_task request_start=501718876 connect_end=501718877 send_end=501718877 receive_end=501718880 connect_duration_ms=1 send_duration_ms=0 receive_duration_ms=2 total_duration_ms=3
[2026-02-02 22:47:56.778] [info] [spider.worker] [TIMING] worker_id=027dee0b-a956-4d41-9e62-8f43be456421 task_id=none get_next_task request_start=501718982 connect_end=501718984 send_end=501718984 receive_end=501718986 connect_duration_ms=1 send_duration_ms=0 receive_duration_ms=2 total_duration_ms=4
[2026-02-02 22:47:56.885] [info] [spider.worker] [TIMING] worker_id=027dee0b-a956-4d41-9e62-8f43be456421 task_id=none get_next_task request_start=501719089 connect_end=501719090 send_end=501719090 receive_end=501719093 connect_duration_ms=1 send_duration_ms=0 receive_duration_ms=3 total_duration_ms=4
[2026-02-02 22:47:56.991] [info] [spider.worker] [TIMING] worker_id=027dee0b-a956-4d41-9e62-8f43be456421 task_id=none get_next_task request_start=501719196 connect_end=501719197 send_end=501719197 receive_end=501719199 connect_duration_ms=1 send_duration_ms=0 receive_duration_ms=2 total_duration_ms=3
[2026-02-02 22:47:57.097] [info] [spider.worker] [TIMING] worker_id=027dee0b-a956-4d41-9e62-8f43be456421 task_id=none get_next_task request_start=501719301 connect_end=501719302 send_end=501719302 receive_end=501719306 connect_duration_ms=0 send_duration_ms=0 receive_duration_ms=3 total_duration_ms=4
[2026-02-02 22:47:57.202] [info] [spider.worker] [TIMING] worker_id=027dee0b-a956-4d41-9e62-8f43be456421 task_id=none get_next_task request_start=501719408 connect_end=501719409 send_end=501719409 receive_end=501719410 connect_duration_ms=0 send_duration_ms=0 receive_duration_ms=1 total_duration_ms=2
[2026-02-02 22:47:57.320] [info] [spider.worker] [TIMING] worker_id=027dee0b-a956-4d41-9e62-8f43be456421 task_id=none get_next_task request_start=501719513 connect_end=501719514 send_end=501719514 receive_end=501719528 connect_duration_ms=0 send_duration_ms=0 receive_duration_ms=14 total_duration_ms=15
[2026-02-02 22:47:57.427] [info] [spider.worker] [TIMING] worker_id=027dee0b-a956-4d41-9e62-8f43be456421 task_id=none get_next_task request_start=501719631 connect_end=501719632 send_end=501719632 receive_end=501719635 connect_duration_ms=1 send_duration_ms=0 receive_duration_ms=3 total_duration_ms=4
[2026-02-02 22:47:57.534] [info] [spider.worker] [TIMING] worker_id=027dee0b-a956-4d41-9e62-8f43be456421 task_id=none get_next_task request_start=501719737 connect_end=501719739 send_end=501719739 receive_end=501719743 connect_duration_ms=1 send_duration_ms=0 receive_duration_ms=4 total_duration_ms=5
[2026-02-02 22:47:57.641] [info] [spider.worker] [TIMING] worker_id=027dee0b-a956-4d41-9e62-8f43be456421 task_id=none get_next_task request_start=501719845 connect_end=501719846 send_end=501719846 receive_end=501719849 connect_duration_ms=1 send_duration_ms=0 receive_duration_ms=3 total_duration_ms=4
[2026-02-02 22:47:57.749] [info] [spider.worker] [TIMING] worker_id=027dee0b-a956-4d41-9e62-8f43be456421 task_id=none get_next_task request_start=501719952 connect_end=501719953 send_end=501719953 receive_end=501719957 connect_duration_ms=1 send_duration_ms=0 receive_duration_ms=3 total_duration_ms=5
[2026-02-02 22:47:57.858] [info] [spider.worker] [TIMING] worker_id=027dee0b-a956-4d41-9e62-8f43be456421 task_id=none get_next_task request_start=501720060 connect_end=501720061 send_end=501720061 receive_end=501720067 connect_duration_ms=0 send_duration_ms=0 receive_duration_ms=6 total_duration_ms=7
[2026-02-02 22:47:57.967] [info] [spider.worker] [TIMING] worker_id=027dee0b-a956-4d41-9e62-8f43be456421 task_id=none get_next_task request_start=501720170 connect_end=501720171 send_end=501720171 receive_end=501720175 connect_duration_ms=1 send_duration_ms=0 receive_duration_ms=3 total_duration_ms=5
[2026-02-02 22:47:58.073] [info] [spider.worker] [TIMING] worker_id=027dee0b-a956-4d41-9e62-8f43be456421 task_id=none get_next_task request_start=501720278 connect_end=501720279 send_end=501720279 receive_end=501720282 connect_duration_ms=1 send_duration_ms=0 receive_duration_ms=2 total_duration_ms=3
[2026-02-02 22:47:58.177] [info] [spider.worker] [TIMING] worker_id=027dee0b-a956-4d41-9e62-8f43be456421 task_id=none get_next_task request_start=501720384 connect_end=501720384 send_end=501720384 receive_end=501720386 connect_duration_ms=0 send_duration_ms=0 receive_duration_ms=1 total_duration_ms=2
[2026-02-02 22:47:58.282] [info] [spider.worker] [TIMING] worker_id=027dee0b-a956-4d41-9e62-8f43be456421 task_id=none get_next_task request_start=501720487 connect_end=501720488 send_end=501720488 receive_end=501720491 connect_duration_ms=0 send_duration_ms=0 receive_duration_ms=2 total_duration_ms=3
[2026-02-02 22:47:58.389] [info] [spider.worker] [TIMING] worker_id=027dee0b-a956-4d41-9e62-8f43be456421 task_id=none get_next_task request_start=501720593 connect_end=501720593 send_end=501720594 receive_end=501720597 connect_duration_ms=0 send_duration_ms=0 receive_duration_ms=3 total_duration_ms=4
[2026-02-02 22:47:58.492] [info] [spider.worker] [TIMING] worker_id=027dee0b-a956-4d41-9e62-8f43be456421 task_id=none get_next_task request_start=501720698 connect_end=501720699 send_end=501720699 receive_end=501720700 connect_duration_ms=0 send_duration_ms=0 receive_duration_ms=1 total_duration_ms=2
[2026-02-02 22:47:58.596] [info] [spider.worker] [TIMING] worker_id=027dee0b-a956-4d41-9e62-8f43be456421 task_id=none get_next_task request_start=501720802 connect_end=501720803 send_end=501720803 receive_end=501720804 connect_duration_ms=0 send_duration_ms=0 receive_duration_ms=1 total_duration_ms=1
[2026-02-02 22:47:58.700] [info] [spider.worker] [TIMING] worker_id=027dee0b-a956-4d41-9e62-8f43be456421 task_id=none get_next_task request_start=501720906 connect_end=501720907 send_end=501720907 receive_end=501720908 connect_duration_ms=1 send_duration_ms=0 receive_duration_ms=1 total_duration_ms=2
[2026-02-02 22:47:58.805] [info] [spider.worker] [TIMING] worker_id=027dee0b-a956-4d41-9e62-8f43be456421 task_id=none get_next_task request_start=501721011 connect_end=501721012 send_end=501721012 receive_end=501721013 connect_duration_ms=0 send_duration_ms=0 receive_duration_ms=1 total_duration_ms=2
[2026-02-02 22:47:58.910] [info] [spider.worker] [TIMING] worker_id=027dee0b-a956-4d41-9e62-8f43be456421 task_id=none get_next_task request_start=501721115 connect_end=501721116 send_end=501721116 receive_end=501721118 connect_duration_ms=0 send_duration_ms=0 receive_duration_ms=2 total_duration_ms=3
[2026-02-02 22:47:59.018] [info] [spider.worker] [TIMING] worker_id=027dee0b-a956-4d41-9e62-8f43be456421 task_id=none get_next_task request_start=501721220 connect_end=501721221 send_end=501721221 receive_end=501721226 connect_duration_ms=0 send_duration_ms=0 receive_duration_ms=5 total_duration_ms=6
[2026-02-02 22:47:59.124] [info] [spider.worker] [TIMING] worker_id=027dee0b-a956-4d41-9e62-8f43be456421 task_id=none get_next_task request_start=501721328 connect_end=501721329 send_end=501721329 receive_end=501721333 connect_duration_ms=0 send_duration_ms=0 receive_duration_ms=3 total_duration_ms=4
[2026-02-02 22:47:59.229] [info] [spider.worker] [TIMING] worker_id=027dee0b-a956-4d41-9e62-8f43be456421 task_id=none get_next_task request_start=501721435 connect_end=501721435 send_end=501721435 receive_end=501721437 connect_duration_ms=0 send_duration_ms=0 receive_duration_ms=1 total_duration_ms=2
[2026-02-02 22:47:59.334] [info] [spider.worker] [TIMING] worker_id=027dee0b-a956-4d41-9e62-8f43be456421 task_id=none get_next_task request_start=501721539 connect_end=501721540 send_end=501721540 receive_end=501721542 connect_duration_ms=0 send_duration_ms=0 receive_duration_ms=2 total_duration_ms=3
[2026-02-02 22:47:59.443] [info] [spider.worker] [TIMING] worker_id=027dee0b-a956-4d41-9e62-8f43be456421 task_id=none get_next_task request_start=501721644 connect_end=501721645 send_end=501721645 receive_end=501721651 connect_duration_ms=0 send_duration_ms=0 receive_duration_ms=6 total_duration_ms=7
[2026-02-02 22:47:59.548] [info] [spider.worker] [TIMING] worker_id=027dee0b-a956-4d41-9e62-8f43be456421 task_id=none get_next_task request_start=501721753 connect_end=501721754 send_end=501721754 receive_end=501721757 connect_duration_ms=0 send_duration_ms=0 receive_duration_ms=2 total_duration_ms=3
[2026-02-02 22:47:59.665] [info] [spider.worker] [TIMING] worker_id=027dee0b-a956-4d41-9e62-8f43be456421 task_id=none get_next_task request_start=501721859 connect_end=501721860 send_end=501721860 receive_end=501721874 connect_duration_ms=1 send_duration_ms=0 receive_duration_ms=13 total_duration_ms=14
[2026-02-02 22:47:59.769] [info] [spider.worker] [TIMING] worker_id=027dee0b-a956-4d41-9e62-8f43be456421 task_id=none get_next_task request_start=501721975 connect_end=501721976 send_end=501721976 receive_end=501721977 connect_duration_ms=0 send_duration_ms=0 receive_duration_ms=1 total_duration_ms=1
[2026-02-02 22:47:59.873] [info] [spider.worker] [TIMING] worker_id=027dee0b-a956-4d41-9e62-8f43be456421 task_id=none get_next_task request_start=501722079 connect_end=501722080 send_end=501722080 receive_end=501722081 connect_duration_ms=0 send_duration_ms=0 receive_duration_ms=1 total_duration_ms=2
[2026-02-02 22:47:59.979] [info] [spider.worker] [TIMING] worker_id=027dee0b-a956-4d41-9e62-8f43be456421 task_id=none get_next_task request_start=501722184 connect_end=501722185 send_end=501722185 receive_end=501722188 connect_duration_ms=1 send_duration_ms=0 receive_duration_ms=2 total_duration_ms=3
[2026-02-02 22:48:00.085] [info] [spider.worker] [TIMING] worker_id=027dee0b-a956-4d41-9e62-8f43be456421 task_id=none get_next_task request_start=501722290 connect_end=501722291 send_end=501722291 receive_end=501722294 connect_duration_ms=1 send_duration_ms=0 receive_duration_ms=2 total_duration_ms=3
[2026-02-02 22:48:00.198] [info] [spider.worker] [TIMING] worker_id=027dee0b-a956-4d41-9e62-8f43be456421 task_id=none get_next_task request_start=501722395 connect_end=501722396 send_end=501722396 receive_end=501722406 connect_duration_ms=0 send_duration_ms=0 receive_duration_ms=10 total_duration_ms=11
[2026-02-02 22:48:00.303] [info] [spider.worker] [TIMING] worker_id=027dee0b-a956-4d41-9e62-8f43be456421 task_id=none get_next_task request_start=501722509 connect_end=501722510 send_end=501722510 receive_end=501722511 connect_duration_ms=0 send_duration_ms=0 receive_duration_ms=1 total_duration_ms=2
[2026-02-02 22:48:00.430] [info] [spider.worker] [TIMING] worker_id=027dee0b-a956-4d41-9e62-8f43be456421 task_id=none get_next_task request_start=501722613 connect_end=501722614 send_end=501722614 receive_end=501722638 connect_duration_ms=0 send_duration_ms=0 receive_duration_ms=24 total_duration_ms=24
[2026-02-02 22:48:00.540] [info] [spider.worker] [TIMING] worker_id=027dee0b-a956-4d41-9e62-8f43be456421 task_id=none get_next_task request_start=501722741 connect_end=501722742 send_end=501722742 receive_end=501722748 connect_duration_ms=1 send_duration_ms=0 receive_duration_ms=6 total_duration_ms=7
[2026-02-02 22:48:00.654] [info] [spider.worker] [TIMING] worker_id=027dee0b-a956-4d41-9e62-8f43be456421 task_id=none get_next_task request_start=501722850 connect_end=501722852 send_end=501722852 receive_end=501722862 connect_duration_ms=1 send_duration_ms=0 receive_duration_ms=10 total_duration_ms=11
[2026-02-02 22:48:00.760] [info] [spider.worker] [TIMING] worker_id=027dee0b-a956-4d41-9e62-8f43be456421 task_id=none get_next_task request_start=501722965 connect_end=501722966 send_end=501722966 receive_end=501722968 connect_duration_ms=0 send_duration_ms=0 receive_duration_ms=2 total_duration_ms=3
[2026-02-02 22:48:00.866] [info] [spider.worker] [TIMING] worker_id=027dee0b-a956-4d41-9e62-8f43be456421 task_id=none get_next_task request_start=501723071 connect_end=501723072 send_end=501723072 receive_end=501723075 connect_duration_ms=1 send_duration_ms=0 receive_duration_ms=2 total_duration_ms=3
[2026-02-02 22:48:00.973] [info] [spider.worker] [TIMING] worker_id=027dee0b-a956-4d41-9e62-8f43be456421 task_id=none get_next_task request_start=501723177 connect_end=501723179 send_end=501723179 receive_end=501723181 connect_duration_ms=1 send_duration_ms=0 receive_duration_ms=2 total_duration_ms=3
[2026-02-02 22:48:01.079] [info] [spider.worker] [TIMING] worker_id=027dee0b-a956-4d41-9e62-8f43be456421 task_id=none get_next_task request_start=501723284 connect_end=501723285 send_end=501723285 receive_end=501723287 connect_duration_ms=0 send_duration_ms=0 receive_duration_ms=2 total_duration_ms=3
[2026-02-02 22:48:01.184] [info] [spider.worker] [TIMING] worker_id=027dee0b-a956-4d41-9e62-8f43be456421 task_id=none get_next_task request_start=501723389 connect_end=501723390 send_end=501723390 receive_end=501723393 connect_duration_ms=1 send_duration_ms=0 receive_duration_ms=2 total_duration_ms=3
[2026-02-02 22:48:01.291] [info] [spider.worker] [TIMING] worker_id=027dee0b-a956-4d41-9e62-8f43be456421 task_id=none get_next_task request_start=501723495 connect_end=501723496 send_end=501723497 receive_end=501723499 connect_duration_ms=1 send_duration_ms=0 receive_duration_ms=2 total_duration_ms=3
[2026-02-02 22:48:01.398] [info] [spider.worker] [TIMING] worker_id=027dee0b-a956-4d41-9e62-8f43be456421 task_id=none get_next_task request_start=501723602 connect_end=501723603 send_end=501723603 receive_end=501723606 connect_duration_ms=1 send_duration_ms=0 receive_duration_ms=2 total_duration_ms=4
[2026-02-02 22:48:01.504] [info] [spider.worker] [TIMING] worker_id=027dee0b-a956-4d41-9e62-8f43be456421 task_id=none get_next_task request_start=501723709 connect_end=501723710 send_end=501723710 receive_end=501723712 connect_duration_ms=0 send_duration_ms=0 receive_duration_ms=2 total_duration_ms=3
[2026-02-02 22:48:01.610] [info] [spider.worker] [TIMING] worker_id=027dee0b-a956-4d41-9e62-8f43be456421 task_id=none get_next_task request_start=501723815 connect_end=501723816 send_end=501723816 receive_end=501723819 connect_duration_ms=1 send_duration_ms=0 receive_duration_ms=2 total_duration_ms=3
[2026-02-02 22:48:01.717] [info] [spider.worker] [TIMING] worker_id=027dee0b-a956-4d41-9e62-8f43be456421 task_id=none get_next_task request_start=501723921 connect_end=501723923 send_end=501723923 receive_end=501723925 connect_duration_ms=1 send_duration_ms=0 receive_duration_ms=2 total_duration_ms=3
[2026-02-02 22:48:01.823] [info] [spider.worker] [TIMING] worker_id=027dee0b-a956-4d41-9e62-8f43be456421 task_id=none get_next_task request_start=501724028 connect_end=501724029 send_end=501724029 receive_end=501724031 connect_duration_ms=1 send_duration_ms=0 receive_duration_ms=2 total_duration_ms=3
[2026-02-02 22:48:01.929] [info] [spider.worker] [TIMING] worker_id=027dee0b-a956-4d41-9e62-8f43be456421 task_id=none get_next_task request_start=501724134 connect_end=501724135 send_end=501724135 receive_end=501724137 connect_duration_ms=1 send_duration_ms=0 receive_duration_ms=2 total_duration_ms=3
[2026-02-02 22:48:02.036] [info] [spider.worker] [TIMING] worker_id=027dee0b-a956-4d41-9e62-8f43be456421 task_id=none get_next_task request_start=501724240 connect_end=501724242 send_end=501724242 receive_end=501724244 connect_duration_ms=1 send_duration_ms=0 receive_duration_ms=2 total_duration_ms=3
[2026-02-02 22:48:02.165] [info] [spider.worker] [TIMING] worker_id=027dee0b-a956-4d41-9e62-8f43be456421 task_id=none get_next_task request_start=501724363 connect_end=501724365 send_end=501724365 receive_end=501724373 connect_duration_ms=1 send_duration_ms=0 receive_duration_ms=8 total_duration_ms=9
[2026-02-02 22:48:02.566] [info] [spider.worker] [TIMING] worker_id=027dee0b-a956-4d41-9e62-8f43be456421 task_id=none get_next_task request_start=501724476 connect_end=501724477 send_end=501724477 receive_end=501724774 connect_duration_ms=1 send_duration_ms=0 receive_duration_ms=296 total_duration_ms=298
[2026-02-02 22:48:02.675] [info] [spider.worker] [TIMING] worker_id=027dee0b-a956-4d41-9e62-8f43be456421 task_id=none get_next_task request_start=501724878 connect_end=501724879 send_end=501724879 receive_end=501724883 connect_duration_ms=1 send_duration_ms=0 receive_duration_ms=3 total_duration_ms=5
[2026-02-02 22:48:02.782] [info] [spider.worker] [TIMING] worker_id=027dee0b-a956-4d41-9e62-8f43be456421 task_id=none get_next_task request_start=501724986 connect_end=501724987 send_end=501724987 receive_end=501724990 connect_duration_ms=1 send_duration_ms=0 receive_duration_ms=3 total_duration_ms=4
[2026-02-02 22:48:02.895] [info] [spider.worker] [TIMING] worker_id=027dee0b-a956-4d41-9e62-8f43be456421 task_id=none get_next_task request_start=501725093 connect_end=501725094 send_end=501725094 receive_end=501725103 connect_duration_ms=1 send_duration_ms=0 receive_duration_ms=9 total_duration_ms=10
[2026-02-02 22:48:03.030] [info] [spider.worker] [TIMING] worker_id=027dee0b-a956-4d41-9e62-8f43be456421 task_id=none get_next_task request_start=501725214 connect_end=501725215 send_end=501725215 receive_end=501725238 connect_duration_ms=1 send_duration_ms=0 receive_duration_ms=23 total_duration_ms=24
[2026-02-02 22:48:03.199] [info] [spider.worker] [TIMING] worker_id=027dee0b-a956-4d41-9e62-8f43be456421 task_id=none get_next_task request_start=501725348 connect_end=501725349 send_end=501725349 receive_end=501725407 connect_duration_ms=1 send_duration_ms=0 receive_duration_ms=58 total_duration_ms=59
[2026-02-02 22:48:03.314] [info] [spider.worker] [TIMING] worker_id=027dee0b-a956-4d41-9e62-8f43be456421 task_id=none get_next_task request_start=501725517 connect_end=501725518 send_end=501725518 receive_end=501725523 connect_duration_ms=1 send_duration_ms=0 receive_duration_ms=4 total_duration_ms=5
[2026-02-02 22:48:03.446] [info] [spider.worker] [TIMING] worker_id=027dee0b-a956-4d41-9e62-8f43be456421 task_id=none get_next_task request_start=501725635 connect_end=501725636 send_end=501725637 receive_end=501725654 connect_duration_ms=1 send_duration_ms=0 receive_duration_ms=17 total_duration_ms=19
[2026-02-02 22:48:03.591] [info] [spider.worker] [TIMING] worker_id=027dee0b-a956-4d41-9e62-8f43be456421 task_id=none get_next_task request_start=501725778 connect_end=501725780 send_end=501725780 receive_end=501725800 connect_duration_ms=1 send_duration_ms=0 receive_duration_ms=19 total_duration_ms=21
[2026-02-02 22:48:03.735] [info] [spider.worker] [TIMING] worker_id=027dee0b-a956-4d41-9e62-8f43be456421 task_id=none get_next_task request_start=501725912 connect_end=501725913 send_end=501725913 receive_end=501725944 connect_duration_ms=0 send_duration_ms=0 receive_duration_ms=30 total_duration_ms=31
[2026-02-02 22:48:03.840] [info] [spider.worker] [TIMING] worker_id=027dee0b-a956-4d41-9e62-8f43be456421 task_id=none get_next_task request_start=501726046 connect_end=501726046 send_end=501726046 receive_end=501726049 connect_duration_ms=0 send_duration_ms=0 receive_duration_ms=2 total_duration_ms=3
[2026-02-02 22:48:04.029] [info] [spider.worker] [TIMING] worker_id=027dee0b-a956-4d41-9e62-8f43be456421 task_id=a0499323-aae1-42e0-9661-419717372ca0 get_next_task request_start=501726155 connect_end=501726156 send_end=501726156 receive_end=501726156 connect_duration_ms=1 send_duration_ms=0 receive_duration_ms=0 total_duration_ms=1
[2026-02-02 22:48:04.033] [info] [spider.worker] [TIMING] task_id=a0499323-aae1-42e0-9661-419717372ca0 func=job_orchestration.executor.query.spider_search_task.search_without_channel fetch_input_start=501726240 fetch_input_end=501726241 fetch_input_duration_ms=1
[2026-02-02 22:48:04.034] [info] [spider.worker] [TIMING] task_id=a0499323-aae1-42e0-9661-419717372ca0 func=job_orchestration.executor.query.spider_search_task.search_without_channel input_send_start=501726242 input_send_end=501726242 input_send_duration_ms=0 bytes=612
[2026-02-02 22:48:04.034] [info] [spider.worker] [TIMING] task_id=a0499323-aae1-42e0-9661-419717372ca0 func=job_orchestration.executor.query.spider_search_task.search_without_channel spawn_start=501726241 spawn_end=501726242 spawn_duration_ms=0
[2026-02-02 22:48:05.646] [info] [spider.worker] [TIMING] task_id=a0499323-aae1-42e0-9661-419717372ca0 func=job_orchestration.executor.query.spider_search_task.search_without_channel execution_start=501726242 execution_end=501727855 execution_duration_ms=1612
[2026-02-02 22:48:05.681] [info] [spider.worker] [TIMING] task_id=a0499323-aae1-42e0-9661-419717372ca0 func=job_orchestration.executor.query.spider_search_task.search_without_channel submit_output_start=501727856 submit_output_end=501727890 submit_output_duration_ms=33
[2026-02-02 22:48:05.700] [info] [spider.worker] [TIMING] worker_id=027dee0b-a956-4d41-9e62-8f43be456421 task_id=30713ccb-5908-4505-886f-1d65ae256eaa get_next_task request_start=501727892 connect_end=501727893 send_end=501727893 receive_end=501727893 connect_duration_ms=0 send_duration_ms=0 receive_duration_ms=0 total_duration_ms=1
[2026-02-02 22:48:05.703] [info] [spider.worker] [TIMING] task_id=30713ccb-5908-4505-886f-1d65ae256eaa func=job_orchestration.executor.query.spider_search_task.search_without_channel fetch_input_start=501727911 fetch_input_end=501727912 fetch_input_duration_ms=0
[2026-02-02 22:48:05.704] [info] [spider.worker] [TIMING] task_id=30713ccb-5908-4505-886f-1d65ae256eaa func=job_orchestration.executor.query.spider_search_task.search_without_channel input_send_start=501727912 input_send_end=501727912 input_send_duration_ms=0 bytes=612
[2026-02-02 22:48:05.704] [info] [spider.worker] [TIMING] task_id=30713ccb-5908-4505-886f-1d65ae256eaa func=job_orchestration.executor.query.spider_search_task.search_without_channel spawn_start=501727912 spawn_end=501727912 spawn_duration_ms=0
[2026-02-02 22:48:06.999] [info] [spider.worker] [TIMING] task_id=30713ccb-5908-4505-886f-1d65ae256eaa func=job_orchestration.executor.query.spider_search_task.search_without_channel execution_start=501727912 execution_end=501729207 execution_duration_ms=1294
[2026-02-02 22:48:07.009] [info] [spider.worker] [TIMING] task_id=30713ccb-5908-4505-886f-1d65ae256eaa func=job_orchestration.executor.query.spider_search_task.search_without_channel submit_output_start=501729209 submit_output_end=501729218 submit_output_duration_ms=9
[2026-02-02 22:48:07.026] [info] [spider.worker] [TIMING] worker_id=027dee0b-a956-4d41-9e62-8f43be456421 task_id=e9f41ced-66e3-4bc6-8893-2ede38fc0070 get_next_task request_start=501729220 connect_end=501729221 send_end=501729221 receive_end=501729221 connect_duration_ms=0 send_duration_ms=0 receive_duration_ms=0 total_duration_ms=1
[2026-02-02 22:48:07.029] [info] [spider.worker] [TIMING] task_id=e9f41ced-66e3-4bc6-8893-2ede38fc0070 func=job_orchestration.executor.query.spider_search_task.search_without_channel fetch_input_start=501729236 fetch_input_end=501729237 fetch_input_duration_ms=0
[2026-02-02 22:48:07.029] [info] [spider.worker] [TIMING] task_id=e9f41ced-66e3-4bc6-8893-2ede38fc0070 func=job_orchestration.executor.query.spider_search_task.search_without_channel input_send_start=501729238 input_send_end=501729238 input_send_duration_ms=0 bytes=612
[2026-02-02 22:48:07.029] [info] [spider.worker] [TIMING] task_id=e9f41ced-66e3-4bc6-8893-2ede38fc0070 func=job_orchestration.executor.query.spider_search_task.search_without_channel spawn_start=501729237 spawn_end=501729238 spawn_duration_ms=0
[2026-02-02 22:48:08.326] [info] [spider.worker] [TIMING] task_id=e9f41ced-66e3-4bc6-8893-2ede38fc0070 func=job_orchestration.executor.query.spider_search_task.search_without_channel execution_start=501729238 execution_end=501730534 execution_duration_ms=1296
[2026-02-02 22:48:08.364] [info] [spider.worker] [TIMING] task_id=e9f41ced-66e3-4bc6-8893-2ede38fc0070 func=job_orchestration.executor.query.spider_search_task.search_without_channel submit_output_start=501730536 submit_output_end=501730573 submit_output_duration_ms=36
[2026-02-02 22:48:08.385] [info] [spider.worker] [TIMING] worker_id=027dee0b-a956-4d41-9e62-8f43be456421 task_id=86d2e1f1-99c8-4b70-bd1c-aba19a5d1bf2 get_next_task request_start=501730575 connect_end=501730575 send_end=501730575 receive_end=501730576 connect_duration_ms=0 send_duration_ms=0 receive_duration_ms=0 total_duration_ms=0
[2026-02-02 22:48:08.387] [info] [spider.worker] [TIMING] task_id=86d2e1f1-99c8-4b70-bd1c-aba19a5d1bf2 func=job_orchestration.executor.query.spider_search_task.search_without_channel fetch_input_start=501730595 fetch_input_end=501730595 fetch_input_duration_ms=0
[2026-02-02 22:48:08.388] [info] [spider.worker] [TIMING] task_id=86d2e1f1-99c8-4b70-bd1c-aba19a5d1bf2 func=job_orchestration.executor.query.spider_search_task.search_without_channel input_send_start=501730596 input_send_end=501730596 input_send_duration_ms=0 bytes=612
[2026-02-02 22:48:08.388] [info] [spider.worker] [TIMING] task_id=86d2e1f1-99c8-4b70-bd1c-aba19a5d1bf2 func=job_orchestration.executor.query.spider_search_task.search_without_channel spawn_start=501730596 spawn_end=501730596 spawn_duration_ms=0
[2026-02-02 22:48:09.753] [info] [spider.worker] [TIMING] task_id=86d2e1f1-99c8-4b70-bd1c-aba19a5d1bf2 func=job_orchestration.executor.query.spider_search_task.search_without_channel execution_start=501730596 execution_end=501731962 execution_duration_ms=1365
[2026-02-02 22:48:09.785] [info] [spider.worker] [TIMING] task_id=86d2e1f1-99c8-4b70-bd1c-aba19a5d1bf2 func=job_orchestration.executor.query.spider_search_task.search_without_channel submit_output_start=501731976 submit_output_end=501731993 submit_output_duration_ms=17
[2026-02-02 22:48:09.835] [info] [spider.worker] [TIMING] worker_id=027dee0b-a956-4d41-9e62-8f43be456421 task_id=f9fa5466-9120-455b-8356-e25cdfb7a341 get_next_task request_start=501731995 connect_end=501731996 send_end=501731996 receive_end=501731996 connect_duration_ms=0 send_duration_ms=0 receive_duration_ms=0 total_duration_ms=0
[2026-02-02 22:48:09.838] [info] [spider.worker] [TIMING] task_id=f9fa5466-9120-455b-8356-e25cdfb7a341 func=job_orchestration.executor.query.spider_search_task.search_without_channel fetch_input_start=501732045 fetch_input_end=501732046 fetch_input_duration_ms=1
[2026-02-02 22:48:09.839] [info] [spider.worker] [TIMING] task_id=f9fa5466-9120-455b-8356-e25cdfb7a341 func=job_orchestration.executor.query.spider_search_task.search_without_channel input_send_start=501732047 input_send_end=501732047 input_send_duration_ms=0 bytes=612
[2026-02-02 22:48:09.839] [info] [spider.worker] [TIMING] task_id=f9fa5466-9120-455b-8356-e25cdfb7a341 func=job_orchestration.executor.query.spider_search_task.search_without_channel spawn_start=501732047 spawn_end=501732047 spawn_duration_ms=0
[2026-02-02 22:48:11.138] [info] [spider.worker] [TIMING] task_id=f9fa5466-9120-455b-8356-e25cdfb7a341 func=job_orchestration.executor.query.spider_search_task.search_without_channel execution_start=501732047 execution_end=501733346 execution_duration_ms=1299
[2026-02-02 22:48:11.194] [info] [spider.worker] [TIMING] task_id=f9fa5466-9120-455b-8356-e25cdfb7a341 func=job_orchestration.executor.query.spider_search_task.search_without_channel submit_output_start=501733348 submit_output_end=501733403 submit_output_duration_ms=54
[2026-02-02 22:48:11.218] [info] [spider.worker] [TIMING] worker_id=027dee0b-a956-4d41-9e62-8f43be456421 task_id=37090e86-792c-4b96-862b-3f2be2b9e0c5 get_next_task request_start=501733405 connect_end=501733407 send_end=501733407 receive_end=501733407 connect_duration_ms=1 send_duration_ms=0 receive_duration_ms=0 total_duration_ms=1
[2026-02-02 22:48:11.222] [info] [spider.worker] [TIMING] task_id=37090e86-792c-4b96-862b-3f2be2b9e0c5 func=job_orchestration.executor.query.spider_search_task.search_without_channel fetch_input_start=501733429 fetch_input_end=501733430 fetch_input_duration_ms=1
[2026-02-02 22:48:11.222] [info] [spider.worker] [TIMING] task_id=37090e86-792c-4b96-862b-3f2be2b9e0c5 func=job_orchestration.executor.query.spider_search_task.search_without_channel input_send_start=501733430 input_send_end=501733430 input_send_duration_ms=0 bytes=612
[2026-02-02 22:48:11.222] [info] [spider.worker] [TIMING] task_id=37090e86-792c-4b96-862b-3f2be2b9e0c5 func=job_orchestration.executor.query.spider_search_task.search_without_channel spawn_start=501733430 spawn_end=501733430 spawn_duration_ms=0
[2026-02-02 22:48:12.637] [info] [spider.worker] [TIMING] task_id=37090e86-792c-4b96-862b-3f2be2b9e0c5 func=job_orchestration.executor.query.spider_search_task.search_without_channel execution_start=501733431 execution_end=501734845 execution_duration_ms=1414
[2026-02-02 22:48:12.644] [info] [spider.worker] [TIMING] task_id=37090e86-792c-4b96-862b-3f2be2b9e0c5 func=job_orchestration.executor.query.spider_search_task.search_without_channel submit_output_start=501734846 submit_output_end=501734852 submit_output_duration_ms=5
[2026-02-02 22:48:12.652] [info] [spider.worker] [TIMING] worker_id=027dee0b-a956-4d41-9e62-8f43be456421 task_id=156da3ca-4d3b-494a-a226-bf24d67ae0a7 get_next_task request_start=501734854 connect_end=501734855 send_end=501734855 receive_end=501734855 connect_duration_ms=0 send_duration_ms=0 receive_duration_ms=0 total_duration_ms=1
[2026-02-02 22:48:12.655] [info] [spider.worker] [TIMING] task_id=156da3ca-4d3b-494a-a226-bf24d67ae0a7 func=job_orchestration.executor.query.spider_search_task.search_without_channel fetch_input_start=501734862 fetch_input_end=501734863 fetch_input_duration_ms=1
[2026-02-02 22:48:12.655] [info] [spider.worker] [TIMING] task_id=156da3ca-4d3b-494a-a226-bf24d67ae0a7 func=job_orchestration.executor.query.spider_search_task.search_without_channel input_send_start=501734864 input_send_end=501734864 input_send_duration_ms=0 bytes=612
[2026-02-02 22:48:12.655] [info] [spider.worker] [TIMING] task_id=156da3ca-4d3b-494a-a226-bf24d67ae0a7 func=job_orchestration.executor.query.spider_search_task.search_without_channel spawn_start=501734863 spawn_end=501734864 spawn_duration_ms=0
[2026-02-02 22:48:13.868] [info] [spider.worker] [TIMING] task_id=156da3ca-4d3b-494a-a226-bf24d67ae0a7 func=job_orchestration.executor.query.spider_search_task.search_without_channel execution_start=501734864 execution_end=501736077 execution_duration_ms=1212
[2026-02-02 22:48:13.894] [info] [spider.worker] [TIMING] task_id=156da3ca-4d3b-494a-a226-bf24d67ae0a7 func=job_orchestration.executor.query.spider_search_task.search_without_channel submit_output_start=501736083 submit_output_end=501736102 submit_output_duration_ms=19
[2026-02-02 22:48:13.944] [info] [spider.worker] [TIMING] worker_id=027dee0b-a956-4d41-9e62-8f43be456421 task_id=7e7de34f-403c-4654-9c15-314f275c519c get_next_task request_start=501736105 connect_end=501736106 send_end=501736106 receive_end=501736106 connect_duration_ms=1 send_duration_ms=0 receive_duration_ms=0 total_duration_ms=1
[2026-02-02 22:48:13.946] [info] [spider.worker] [TIMING] task_id=7e7de34f-403c-4654-9c15-314f275c519c func=job_orchestration.executor.query.spider_search_task.search_without_channel fetch_input_start=501736154 fetch_input_end=501736155 fetch_input_duration_ms=0
[2026-02-02 22:48:13.947] [info] [spider.worker] [TIMING] task_id=7e7de34f-403c-4654-9c15-314f275c519c func=job_orchestration.executor.query.spider_search_task.search_without_channel input_send_start=501736155 input_send_end=501736155 input_send_duration_ms=0 bytes=612
[2026-02-02 22:48:13.947] [info] [spider.worker] [TIMING] task_id=7e7de34f-403c-4654-9c15-314f275c519c func=job_orchestration.executor.query.spider_search_task.search_without_channel spawn_start=501736155 spawn_end=501736155 spawn_duration_ms=0
[2026-02-02 22:48:15.156] [info] [spider.worker] [TIMING] task_id=7e7de34f-403c-4654-9c15-314f275c519c func=job_orchestration.executor.query.spider_search_task.search_without_channel execution_start=501736156 execution_end=501737365 execution_duration_ms=1208
[2026-02-02 22:48:15.169] [info] [spider.worker] [TIMING] task_id=7e7de34f-403c-4654-9c15-314f275c519c func=job_orchestration.executor.query.spider_search_task.search_without_channel submit_output_start=501737367 submit_output_end=501737377 submit_output_duration_ms=10
[2026-02-02 22:48:15.186] [info] [spider.worker] [TIMING] worker_id=027dee0b-a956-4d41-9e62-8f43be456421 task_id=b62dd8d6-574f-4070-be1a-a882ef35d4ef get_next_task request_start=501737380 connect_end=501737381 send_end=501737381 receive_end=501737381 connect_duration_ms=0 send_duration_ms=0 receive_duration_ms=0 total_duration_ms=1
[2026-02-02 22:48:15.189] [info] [spider.worker] [TIMING] task_id=b62dd8d6-574f-4070-be1a-a882ef35d4ef func=job_orchestration.executor.query.spider_search_task.search_without_channel fetch_input_start=501737396 fetch_input_end=501737397 fetch_input_duration_ms=1
[2026-02-02 22:48:15.189] [info] [spider.worker] [TIMING] task_id=b62dd8d6-574f-4070-be1a-a882ef35d4ef func=job_orchestration.executor.query.spider_search_task.search_without_channel input_send_start=501737397 input_send_end=501737397 input_send_duration_ms=0 bytes=612
[2026-02-02 22:48:15.189] [info] [spider.worker] [TIMING] task_id=b62dd8d6-574f-4070-be1a-a882ef35d4ef func=job_orchestration.executor.query.spider_search_task.search_without_channel spawn_start=501737397 spawn_end=501737397 spawn_duration_ms=0
[2026-02-02 22:48:16.512] [info] [spider.worker] [TIMING] task_id=b62dd8d6-574f-4070-be1a-a882ef35d4ef func=job_orchestration.executor.query.spider_search_task.search_without_channel execution_start=501737398 execution_end=501738720 execution_duration_ms=1322
[2026-02-02 22:48:16.519] [info] [spider.worker] [TIMING] task_id=b62dd8d6-574f-4070-be1a-a882ef35d4ef func=job_orchestration.executor.query.spider_search_task.search_without_channel submit_output_start=501738722 submit_output_end=501738728 submit_output_duration_ms=6
[2026-02-02 22:48:16.536] [info] [spider.worker] [TIMING] worker_id=027dee0b-a956-4d41-9e62-8f43be456421 task_id=b86a4b2a-0a74-44af-903b-2e72824d491e get_next_task request_start=501738730 connect_end=501738730 send_end=501738730 receive_end=501738731 connect_duration_ms=0 send_duration_ms=0 receive_duration_ms=0 total_duration_ms=0
[2026-02-02 22:48:16.539] [info] [spider.worker] [TIMING] task_id=b86a4b2a-0a74-44af-903b-2e72824d491e func=job_orchestration.executor.query.spider_search_task.search_without_channel fetch_input_start=501738747 fetch_input_end=501738748 fetch_input_duration_ms=1
[2026-02-02 22:48:16.540] [info] [spider.worker] [TIMING] task_id=b86a4b2a-0a74-44af-903b-2e72824d491e func=job_orchestration.executor.query.spider_search_task.search_without_channel input_send_start=501738748 input_send_end=501738748 input_send_duration_ms=0 bytes=612
[2026-02-02 22:48:16.540] [info] [spider.worker] [TIMING] task_id=b86a4b2a-0a74-44af-903b-2e72824d491e func=job_orchestration.executor.query.spider_search_task.search_without_channel spawn_start=501738748 spawn_end=501738748 spawn_duration_ms=0
[2026-02-02 22:48:17.961] [info] [spider.worker] [TIMING] task_id=b86a4b2a-0a74-44af-903b-2e72824d491e func=job_orchestration.executor.query.spider_search_task.search_without_channel execution_start=501738749 execution_end=501740169 execution_duration_ms=1420
[2026-02-02 22:48:17.970] [info] [spider.worker] [TIMING] task_id=b86a4b2a-0a74-44af-903b-2e72824d491e func=job_orchestration.executor.query.spider_search_task.search_without_channel submit_output_start=501740171 submit_output_end=501740178 submit_output_duration_ms=6
[2026-02-02 22:48:17.978] [info] [spider.worker] [TIMING] worker_id=027dee0b-a956-4d41-9e62-8f43be456421 task_id=21b83f47-dae2-43bd-a48e-074d59a9ae87 get_next_task request_start=501740180 connect_end=501740181 send_end=501740181 receive_end=501740181 connect_duration_ms=0 send_duration_ms=0 receive_duration_ms=0 total_duration_ms=0
[2026-02-02 22:48:17.980] [info] [spider.worker] [TIMING] task_id=21b83f47-dae2-43bd-a48e-074d59a9ae87 func=job_orchestration.executor.query.spider_search_task.search_without_channel fetch_input_start=501740188 fetch_input_end=501740189 fetch_input_duration_ms=0
[2026-02-02 22:48:17.981] [info] [spider.worker] [TIMING] task_id=21b83f47-dae2-43bd-a48e-074d59a9ae87 func=job_orchestration.executor.query.spider_search_task.search_without_channel input_send_start=501740189 input_send_end=501740189 input_send_duration_ms=0 bytes=612
[2026-02-02 22:48:17.981] [info] [spider.worker] [TIMING] task_id=21b83f47-dae2-43bd-a48e-074d59a9ae87 func=job_orchestration.executor.query.spider_search_task.search_without_channel spawn_start=501740189 spawn_end=501740189 spawn_duration_ms=0
[2026-02-02 22:48:19.272] [info] [spider.worker] [TIMING] task_id=21b83f47-dae2-43bd-a48e-074d59a9ae87 func=job_orchestration.executor.query.spider_search_task.search_without_channel execution_start=501740189 execution_end=501741480 execution_duration_ms=1290
[2026-02-02 22:48:19.286] [info] [spider.worker] [TIMING] task_id=21b83f47-dae2-43bd-a48e-074d59a9ae87 func=job_orchestration.executor.query.spider_search_task.search_without_channel submit_output_start=501741481 submit_output_end=501741495 submit_output_duration_ms=13
[2026-02-02 22:48:19.295] [info] [spider.worker] [TIMING] worker_id=027dee0b-a956-4d41-9e62-8f43be456421 task_id=09f4bf35-4a66-4e39-bf13-d013fdc84ce4 get_next_task request_start=501741497 connect_end=501741498 send_end=501741498 receive_end=501741498 connect_duration_ms=0 send_duration_ms=0 receive_duration_ms=0 total_duration_ms=1
[2026-02-02 22:48:19.297] [info] [spider.worker] [TIMING] task_id=09f4bf35-4a66-4e39-bf13-d013fdc84ce4 func=job_orchestration.executor.query.spider_search_task.search_without_channel fetch_input_start=501741505 fetch_input_end=501741506 fetch_input_duration_ms=1
[2026-02-02 22:48:19.298] [info] [spider.worker] [TIMING] task_id=09f4bf35-4a66-4e39-bf13-d013fdc84ce4 func=job_orchestration.executor.query.spider_search_task.search_without_channel input_send_start=501741506 input_send_end=501741506 input_send_duration_ms=0 bytes=612
[2026-02-02 22:48:19.298] [info] [spider.worker] [TIMING] task_id=09f4bf35-4a66-4e39-bf13-d013fdc84ce4 func=job_orchestration.executor.query.spider_search_task.search_without_channel spawn_start=501741506 spawn_end=501741506 spawn_duration_ms=0
[2026-02-02 22:48:20.661] [info] [spider.worker] [TIMING] task_id=09f4bf35-4a66-4e39-bf13-d013fdc84ce4 func=job_orchestration.executor.query.spider_search_task.search_without_channel execution_start=501741507 execution_end=501742869 execution_duration_ms=1362
[2026-02-02 22:48:20.700] [info] [spider.worker] [TIMING] task_id=09f4bf35-4a66-4e39-bf13-d013fdc84ce4 func=job_orchestration.executor.query.spider_search_task.search_without_channel submit_output_start=501742871 submit_output_end=501742908 submit_output_duration_ms=37
[2026-02-02 22:48:20.745] [info] [spider.worker] [TIMING] worker_id=027dee0b-a956-4d41-9e62-8f43be456421 task_id=2f18b3bf-a247-4cc1-9ce5-54ad74f84fc1 get_next_task request_start=501742910 connect_end=501742911 send_end=501742911 receive_end=501742911 connect_duration_ms=0 send_duration_ms=0 receive_duration_ms=0 total_duration_ms=0
[2026-02-02 22:48:20.748] [info] [spider.worker] [TIMING] task_id=2f18b3bf-a247-4cc1-9ce5-54ad74f84fc1 func=job_orchestration.executor.query.spider_search_task.search_without_channel fetch_input_start=501742955 fetch_input_end=501742956 fetch_input_duration_ms=0
[2026-02-02 22:48:20.748] [info] [spider.worker] [TIMING] task_id=2f18b3bf-a247-4cc1-9ce5-54ad74f84fc1 func=job_orchestration.executor.query.spider_search_task.search_without_channel input_send_start=501742956 input_send_end=501742956 input_send_duration_ms=0 bytes=612
[2026-02-02 22:48:20.748] [info] [spider.worker] [TIMING] task_id=2f18b3bf-a247-4cc1-9ce5-54ad74f84fc1 func=job_orchestration.executor.query.spider_search_task.search_without_channel spawn_start=501742956 spawn_end=501742956 spawn_duration_ms=0
[2026-02-02 22:48:22.148] [info] [spider.worker] [TIMING] task_id=2f18b3bf-a247-4cc1-9ce5-54ad74f84fc1 func=job_orchestration.executor.query.spider_search_task.search_without_channel execution_start=501742957 execution_end=501744357 execution_duration_ms=1400
[2026-02-02 22:48:22.162] [info] [spider.worker] [TIMING] task_id=2f18b3bf-a247-4cc1-9ce5-54ad74f84fc1 func=job_orchestration.executor.query.spider_search_task.search_without_channel submit_output_start=501744358 submit_output_end=501744370 submit_output_duration_ms=11
[2026-02-02 22:48:22.179] [info] [spider.worker] [TIMING] worker_id=027dee0b-a956-4d41-9e62-8f43be456421 task_id=8ac39bf2-9737-413b-9d03-26060a34658d get_next_task request_start=501744373 connect_end=501744373 send_end=501744373 receive_end=501744374 connect_duration_ms=0 send_duration_ms=0 receive_duration_ms=0 total_duration_ms=1
[2026-02-02 22:48:22.182] [info] [spider.worker] [TIMING] task_id=8ac39bf2-9737-413b-9d03-26060a34658d func=job_orchestration.executor.query.spider_search_task.search_without_channel fetch_input_start=501744389 fetch_input_end=501744390 fetch_input_duration_ms=1
[2026-02-02 22:48:22.182] [info] [spider.worker] [TIMING] task_id=8ac39bf2-9737-413b-9d03-26060a34658d func=job_orchestration.executor.query.spider_search_task.search_without_channel input_send_start=501744390 input_send_end=501744390 input_send_duration_ms=0 bytes=612
[2026-02-02 22:48:22.182] [info] [spider.worker] [TIMING] task_id=8ac39bf2-9737-413b-9d03-26060a34658d func=job_orchestration.executor.query.spider_search_task.search_without_channel spawn_start=501744390 spawn_end=501744390 spawn_duration_ms=0
[2026-02-02 22:48:23.804] [info] [spider.worker] [TIMING] task_id=8ac39bf2-9737-413b-9d03-26060a34658d func=job_orchestration.executor.query.spider_search_task.search_without_channel execution_start=501744390 execution_end=501746012 execution_duration_ms=1621
[2026-02-02 22:48:23.812] [info] [spider.worker] [TIMING] task_id=8ac39bf2-9737-413b-9d03-26060a34658d func=job_orchestration.executor.query.spider_search_task.search_without_channel submit_output_start=501746014 submit_output_end=501746020 submit_output_duration_ms=6
[2026-02-02 22:48:23.829] [info] [spider.worker] [TIMING] worker_id=027dee0b-a956-4d41-9e62-8f43be456421 task_id=59cc1313-74bc-473e-8b0f-a8f03bd0f60d get_next_task request_start=501746023 connect_end=501746023 send_end=501746023 receive_end=501746024 connect_duration_ms=0 send_duration_ms=0 receive_duration_ms=0 total_duration_ms=0
[2026-02-02 22:48:23.831] [info] [spider.worker] [TIMING] task_id=59cc1313-74bc-473e-8b0f-a8f03bd0f60d func=job_orchestration.executor.query.spider_search_task.search_without_channel fetch_input_start=501746038 fetch_input_end=501746039 fetch_input_duration_ms=0
[2026-02-02 22:48:23.831] [info] [spider.worker] [TIMING] task_id=59cc1313-74bc-473e-8b0f-a8f03bd0f60d func=job_orchestration.executor.query.spider_search_task.search_without_channel input_send_start=501746039 input_send_end=501746040 input_send_duration_ms=0 bytes=612
[2026-02-02 22:48:23.831] [info] [spider.worker] [TIMING] task_id=59cc1313-74bc-473e-8b0f-a8f03bd0f60d func=job_orchestration.executor.query.spider_search_task.search_without_channel spawn_start=501746039 spawn_end=501746040 spawn_duration_ms=0
[2026-02-02 22:48:25.182] [info] [spider.worker] [TIMING] task_id=59cc1313-74bc-473e-8b0f-a8f03bd0f60d func=job_orchestration.executor.query.spider_search_task.search_without_channel execution_start=501746040 execution_end=501747390 execution_duration_ms=1350
[2026-02-02 22:48:25.195] [info] [spider.worker] [TIMING] task_id=59cc1313-74bc-473e-8b0f-a8f03bd0f60d func=job_orchestration.executor.query.spider_search_task.search_without_channel submit_output_start=501747392 submit_output_end=501747404 submit_output_duration_ms=11
[2026-02-02 22:48:25.204] [info] [spider.worker] [TIMING] worker_id=027dee0b-a956-4d41-9e62-8f43be456421 task_id=59a64437-9c5c-4833-9200-5b85445e2143 get_next_task request_start=501747406 connect_end=501747407 send_end=501747407 receive_end=501747407 connect_duration_ms=1 send_duration_ms=0 receive_duration_ms=0 total_duration_ms=1
[2026-02-02 22:48:25.206] [info] [spider.worker] [TIMING] task_id=59a64437-9c5c-4833-9200-5b85445e2143 func=job_orchestration.executor.query.spider_search_task.search_without_channel fetch_input_start=501747414 fetch_input_end=501747415 fetch_input_duration_ms=0
[2026-02-02 22:48:25.207] [info] [spider.worker] [TIMING] task_id=59a64437-9c5c-4833-9200-5b85445e2143 func=job_orchestration.executor.query.spider_search_task.search_without_channel input_send_start=501747415 input_send_end=501747415 input_send_duration_ms=0 bytes=612
[2026-02-02 22:48:25.207] [info] [spider.worker] [TIMING] task_id=59a64437-9c5c-4833-9200-5b85445e2143 func=job_orchestration.executor.query.spider_search_task.search_without_channel spawn_start=501747415 spawn_end=501747415 spawn_duration_ms=0
[2026-02-02 22:48:26.441] [info] [spider.worker] [TIMING] task_id=59a64437-9c5c-4833-9200-5b85445e2143 func=job_orchestration.executor.query.spider_search_task.search_without_channel execution_start=501747415 execution_end=501748650 execution_duration_ms=1234
[2026-02-02 22:48:26.454] [info] [spider.worker] [TIMING] task_id=59a64437-9c5c-4833-9200-5b85445e2143 func=job_orchestration.executor.query.spider_search_task.search_without_channel submit_output_start=501748651 submit_output_end=501748662 submit_output_duration_ms=10
[2026-02-02 22:48:26.471] [info] [spider.worker] [TIMING] worker_id=027dee0b-a956-4d41-9e62-8f43be456421 task_id=dc785a12-1e36-4718-8596-1e84f0f83a40 get_next_task request_start=501748665 connect_end=501748666 send_end=501748666 receive_end=501748666 connect_duration_ms=1 send_duration_ms=0 receive_duration_ms=0 total_duration_ms=1
[2026-02-02 22:48:26.474] [info] [spider.worker] [TIMING] task_id=dc785a12-1e36-4718-8596-1e84f0f83a40 func=job_orchestration.executor.query.spider_search_task.search_without_channel fetch_input_start=501748681 fetch_input_end=501748682 fetch_input_duration_ms=0
[2026-02-02 22:48:26.474] [info] [spider.worker] [TIMING] task_id=dc785a12-1e36-4718-8596-1e84f0f83a40 func=job_orchestration.executor.query.spider_search_task.search_without_channel input_send_start=501748682 input_send_end=501748682 input_send_duration_ms=0 bytes=612
[2026-02-02 22:48:26.474] [info] [spider.worker] [TIMING] task_id=dc785a12-1e36-4718-8596-1e84f0f83a40 func=job_orchestration.executor.query.spider_search_task.search_without_channel spawn_start=501748682 spawn_end=501748682 spawn_duration_ms=0
[2026-02-02 22:48:27.665] [info] [spider.worker] [TIMING] task_id=dc785a12-1e36-4718-8596-1e84f0f83a40 func=job_orchestration.executor.query.spider_search_task.search_without_channel execution_start=501748682 execution_end=501749873 execution_duration_ms=1190
[2026-02-02 22:48:27.679] [info] [spider.worker] [TIMING] task_id=dc785a12-1e36-4718-8596-1e84f0f83a40 func=job_orchestration.executor.query.spider_search_task.search_without_channel submit_output_start=501749875 submit_output_end=501749887 submit_output_duration_ms=12
[2026-02-02 22:48:27.784] [info] [spider.worker] [TIMING] worker_id=027dee0b-a956-4d41-9e62-8f43be456421 task_id=ed989535-47cf-44ea-904c-a1111a24f65f get_next_task request_start=501749889 connect_end=501749890 send_end=501749890 receive_end=501749890 connect_duration_ms=0 send_duration_ms=0 receive_duration_ms=0 total_duration_ms=0
[2026-02-02 22:48:27.787] [info] [spider.worker] [TIMING] task_id=ed989535-47cf-44ea-904c-a1111a24f65f func=job_orchestration.executor.query.spider_search_task.search_without_channel fetch_input_start=501749994 fetch_input_end=501749995 fetch_input_duration_ms=1
[2026-02-02 22:48:27.787] [info] [spider.worker] [TIMING] task_id=ed989535-47cf-44ea-904c-a1111a24f65f func=job_orchestration.executor.query.spider_search_task.search_without_channel input_send_start=501749996 input_send_end=501749996 input_send_duration_ms=0 bytes=612
[2026-02-02 22:48:27.787] [info] [spider.worker] [TIMING] task_id=ed989535-47cf-44ea-904c-a1111a24f65f func=job_orchestration.executor.query.spider_search_task.search_without_channel spawn_start=501749995 spawn_end=501749996 spawn_duration_ms=0
[2026-02-02 22:48:29.225] [info] [spider.worker] [TIMING] task_id=ed989535-47cf-44ea-904c-a1111a24f65f func=job_orchestration.executor.query.spider_search_task.search_without_channel execution_start=501749996 execution_end=501751433 execution_duration_ms=1437
[2026-02-02 22:48:29.238] [info] [spider.worker] [TIMING] task_id=ed989535-47cf-44ea-904c-a1111a24f65f func=job_orchestration.executor.query.spider_search_task.search_without_channel submit_output_start=501751435 submit_output_end=501751446 submit_output_duration_ms=11
[2026-02-02 22:48:29.254] [info] [spider.worker] [TIMING] worker_id=027dee0b-a956-4d41-9e62-8f43be456421 task_id=91a88bbd-8ef0-44a9-9eb9-09524dff1c93 get_next_task request_start=501751448 connect_end=501751449 send_end=501751449 receive_end=501751449 connect_duration_ms=0 send_duration_ms=0 receive_duration_ms=0 total_duration_ms=0
[2026-02-02 22:48:29.257] [info] [spider.worker] [TIMING] task_id=91a88bbd-8ef0-44a9-9eb9-09524dff1c93 func=job_orchestration.executor.query.spider_search_task.search_without_channel fetch_input_start=501751464 fetch_input_end=501751465 fetch_input_duration_ms=1
[2026-02-02 22:48:29.258] [info] [spider.worker] [TIMING] task_id=91a88bbd-8ef0-44a9-9eb9-09524dff1c93 func=job_orchestration.executor.query.spider_search_task.search_without_channel input_send_start=501751466 input_send_end=501751466 input_send_duration_ms=0 bytes=612
[2026-02-02 22:48:29.258] [info] [spider.worker] [TIMING] task_id=91a88bbd-8ef0-44a9-9eb9-09524dff1c93 func=job_orchestration.executor.query.spider_search_task.search_without_channel spawn_start=501751466 spawn_end=501751466 spawn_duration_ms=0
[2026-02-02 22:48:30.560] [info] [spider.worker] [TIMING] task_id=91a88bbd-8ef0-44a9-9eb9-09524dff1c93 func=job_orchestration.executor.query.spider_search_task.search_without_channel execution_start=501751466 execution_end=501752768 execution_duration_ms=1302
[2026-02-02 22:48:30.599] [info] [spider.worker] [TIMING] task_id=91a88bbd-8ef0-44a9-9eb9-09524dff1c93 func=job_orchestration.executor.query.spider_search_task.search_without_channel submit_output_start=501752770 submit_output_end=501752808 submit_output_duration_ms=37
[2026-02-02 22:48:30.641] [info] [spider.worker] [TIMING] worker_id=027dee0b-a956-4d41-9e62-8f43be456421 task_id=1e7e1756-44c2-46d7-b84d-a1e2aa9b7226 get_next_task request_start=501752810 connect_end=501752811 send_end=501752811 receive_end=501752811 connect_duration_ms=0 send_duration_ms=0 receive_duration_ms=0 total_duration_ms=1
[2026-02-02 22:48:30.644] [info] [spider.worker] [TIMING] task_id=1e7e1756-44c2-46d7-b84d-a1e2aa9b7226 func=job_orchestration.executor.query.spider_search_task.search_without_channel fetch_input_start=501752851 fetch_input_end=501752853 fetch_input_duration_ms=1
[2026-02-02 22:48:30.645] [info] [spider.worker] [TIMING] task_id=1e7e1756-44c2-46d7-b84d-a1e2aa9b7226 func=job_orchestration.executor.query.spider_search_task.search_without_channel input_send_start=501752853 input_send_end=501752853 input_send_duration_ms=0 bytes=612
[2026-02-02 22:48:30.645] [info] [spider.worker] [TIMING] task_id=1e7e1756-44c2-46d7-b84d-a1e2aa9b7226 func=job_orchestration.executor.query.spider_search_task.search_without_channel spawn_start=501752853 spawn_end=501752853 spawn_duration_ms=0
[2026-02-02 22:48:31.907] [info] [spider.worker] [TIMING] task_id=1e7e1756-44c2-46d7-b84d-a1e2aa9b7226 func=job_orchestration.executor.query.spider_search_task.search_without_channel execution_start=501752854 execution_end=501754116 execution_duration_ms=1261
[2026-02-02 22:48:31.945] [info] [spider.worker] [TIMING] task_id=1e7e1756-44c2-46d7-b84d-a1e2aa9b7226 func=job_orchestration.executor.query.spider_search_task.search_without_channel submit_output_start=501754124 submit_output_end=501754154 submit_output_duration_ms=29
[2026-02-02 22:48:31.971] [info] [spider.worker] [TIMING] worker_id=027dee0b-a956-4d41-9e62-8f43be456421 task_id=279202da-7576-4d81-9dda-9fecacba3060 get_next_task request_start=501754165 connect_end=501754166 send_end=501754166 receive_end=501754168 connect_duration_ms=1 send_duration_ms=0 receive_duration_ms=1 total_duration_ms=3
[2026-02-02 22:48:31.974] [info] [spider.worker] [TIMING] task_id=279202da-7576-4d81-9dda-9fecacba3060 func=job_orchestration.executor.query.spider_search_task.search_without_channel fetch_input_start=501754182 fetch_input_end=501754183 fetch_input_duration_ms=1
[2026-02-02 22:48:31.975] [info] [spider.worker] [TIMING] task_id=279202da-7576-4d81-9dda-9fecacba3060 func=job_orchestration.executor.query.spider_search_task.search_without_channel input_send_start=501754183 input_send_end=501754183 input_send_duration_ms=0 bytes=612
[2026-02-02 22:48:31.975] [info] [spider.worker] [TIMING] task_id=279202da-7576-4d81-9dda-9fecacba3060 func=job_orchestration.executor.query.spider_search_task.search_without_channel spawn_start=501754183 spawn_end=501754183 spawn_duration_ms=0
[2026-02-02 22:48:33.384] [info] [spider.worker] [TIMING] task_id=279202da-7576-4d81-9dda-9fecacba3060 func=job_orchestration.executor.query.spider_search_task.search_without_channel execution_start=501754184 execution_end=501755593 execution_duration_ms=1409
[2026-02-02 22:48:33.413] [info] [spider.worker] [TIMING] task_id=279202da-7576-4d81-9dda-9fecacba3060 func=job_orchestration.executor.query.spider_search_task.search_without_channel submit_output_start=501755594 submit_output_end=501755621 submit_output_duration_ms=26
[2026-02-02 22:48:33.429] [info] [spider.worker] [TIMING] worker_id=027dee0b-a956-4d41-9e62-8f43be456421 task_id=8e6f510b-65bd-4a63-a697-0437674a2eae get_next_task request_start=501755624 connect_end=501755625 send_end=501755625 receive_end=501755625 connect_duration_ms=1 send_duration_ms=0 receive_duration_ms=0 total_duration_ms=1
[2026-02-02 22:48:33.433] [info] [spider.worker] [TIMING] task_id=8e6f510b-65bd-4a63-a697-0437674a2eae func=job_orchestration.executor.query.spider_search_task.search_without_channel fetch_input_start=501755640 fetch_input_end=501755641 fetch_input_duration_ms=1
[2026-02-02 22:48:33.433] [info] [spider.worker] [TIMING] task_id=8e6f510b-65bd-4a63-a697-0437674a2eae func=job_orchestration.executor.query.spider_search_task.search_without_channel input_send_start=501755641 input_send_end=501755641 input_send_duration_ms=0 bytes=612
[2026-02-02 22:48:33.433] [info] [spider.worker] [TIMING] task_id=8e6f510b-65bd-4a63-a697-0437674a2eae func=job_orchestration.executor.query.spider_search_task.search_without_channel spawn_start=501755641 spawn_end=501755641 spawn_duration_ms=0
[2026-02-02 22:48:34.801] [info] [spider.worker] [TIMING] task_id=8e6f510b-65bd-4a63-a697-0437674a2eae func=job_orchestration.executor.query.spider_search_task.search_without_channel execution_start=501755642 execution_end=501757010 execution_duration_ms=1367
[2026-02-02 22:48:34.813] [info] [spider.worker] [TIMING] task_id=8e6f510b-65bd-4a63-a697-0437674a2eae func=job_orchestration.executor.query.spider_search_task.search_without_channel submit_output_start=501757011 submit_output_end=501757021 submit_output_duration_ms=9
[2026-02-02 22:48:34.851] [info] [spider.worker] [TIMING] worker_id=027dee0b-a956-4d41-9e62-8f43be456421 task_id=794b1dcf-6de4-4ff1-a508-9cdcca0f2245 get_next_task request_start=501757024 connect_end=501757025 send_end=501757025 receive_end=501757025 connect_duration_ms=1 send_duration_ms=0 receive_duration_ms=0 total_duration_ms=1
[2026-02-02 22:48:34.854] [info] [spider.worker] [TIMING] task_id=794b1dcf-6de4-4ff1-a508-9cdcca0f2245 func=job_orchestration.executor.query.spider_search_task.search_without_channel fetch_input_start=501757061 fetch_input_end=501757062 fetch_input_duration_ms=0
[2026-02-02 22:48:34.854] [info] [spider.worker] [TIMING] task_id=794b1dcf-6de4-4ff1-a508-9cdcca0f2245 func=job_orchestration.executor.query.spider_search_task.search_without_channel input_send_start=501757063 input_send_end=501757063 input_send_duration_ms=0 bytes=612
[2026-02-02 22:48:34.854] [info] [spider.worker] [TIMING] task_id=794b1dcf-6de4-4ff1-a508-9cdcca0f2245 func=job_orchestration.executor.query.spider_search_task.search_without_channel spawn_start=501757062 spawn_end=501757063 spawn_duration_ms=0
[2026-02-02 22:48:36.028] [info] [spider.worker] [TIMING] task_id=794b1dcf-6de4-4ff1-a508-9cdcca0f2245 func=job_orchestration.executor.query.spider_search_task.search_without_channel execution_start=501757063 execution_end=501758236 execution_duration_ms=1173
[2026-02-02 22:48:36.062] [info] [spider.worker] [TIMING] task_id=794b1dcf-6de4-4ff1-a508-9cdcca0f2245 func=job_orchestration.executor.query.spider_search_task.search_without_channel submit_output_start=501758238 submit_output_end=501758270 submit_output_duration_ms=32
[2026-02-02 22:48:36.080] [info] [spider.worker] [TIMING] worker_id=027dee0b-a956-4d41-9e62-8f43be456421 task_id=e3318dfd-449c-47e8-a6c1-201cc55a475c get_next_task request_start=501758272 connect_end=501758273 send_end=501758273 receive_end=501758273 connect_duration_ms=0 send_duration_ms=0 receive_duration_ms=0 total_duration_ms=0
[2026-02-02 22:48:36.083] [info] [spider.worker] [TIMING] task_id=e3318dfd-449c-47e8-a6c1-201cc55a475c func=job_orchestration.executor.query.spider_search_task.search_without_channel fetch_input_start=501758290 fetch_input_end=501758291 fetch_input_duration_ms=1
[2026-02-02 22:48:36.084] [info] [spider.worker] [TIMING] task_id=e3318dfd-449c-47e8-a6c1-201cc55a475c func=job_orchestration.executor.query.spider_search_task.search_without_channel input_send_start=501758292 input_send_end=501758292 input_send_duration_ms=0 bytes=612
[2026-02-02 22:48:36.084] [info] [spider.worker] [TIMING] task_id=e3318dfd-449c-47e8-a6c1-201cc55a475c func=job_orchestration.executor.query.spider_search_task.search_without_channel spawn_start=501758291 spawn_end=501758292 spawn_duration_ms=0
[2026-02-02 22:48:37.634] [info] [spider.worker] [TIMING] task_id=e3318dfd-449c-47e8-a6c1-201cc55a475c func=job_orchestration.executor.query.spider_search_task.search_without_channel execution_start=501758292 execution_end=501759842 execution_duration_ms=1550
[2026-02-02 22:48:37.655] [info] [spider.worker] [TIMING] task_id=e3318dfd-449c-47e8-a6c1-201cc55a475c func=job_orchestration.executor.query.spider_search_task.search_without_channel submit_output_start=501759844 submit_output_end=501759863 submit_output_duration_ms=19
[2026-02-02 22:48:37.672] [info] [spider.worker] [TIMING] worker_id=027dee0b-a956-4d41-9e62-8f43be456421 task_id=4af617ee-5226-46b0-8b35-1fe4a38a6115 get_next_task request_start=501759865 connect_end=501759866 send_end=501759866 receive_end=501759866 connect_duration_ms=0 send_duration_ms=0 receive_duration_ms=0 total_duration_ms=1
[2026-02-02 22:48:37.674] [info] [spider.worker] [TIMING] task_id=4af617ee-5226-46b0-8b35-1fe4a38a6115 func=job_orchestration.executor.query.spider_search_task.search_without_channel fetch_input_start=501759882 fetch_input_end=501759883 fetch_input_duration_ms=0
[2026-02-02 22:48:37.675] [info] [spider.worker] [TIMING] task_id=4af617ee-5226-46b0-8b35-1fe4a38a6115 func=job_orchestration.executor.query.spider_search_task.search_without_channel input_send_start=501759883 input_send_end=501759883 input_send_duration_ms=0 bytes=612
[2026-02-02 22:48:37.675] [info] [spider.worker] [TIMING] task_id=4af617ee-5226-46b0-8b35-1fe4a38a6115 func=job_orchestration.executor.query.spider_search_task.search_without_channel spawn_start=501759883 spawn_end=501759883 spawn_duration_ms=0
[2026-02-02 22:48:38.968] [info] [spider.worker] [TIMING] task_id=4af617ee-5226-46b0-8b35-1fe4a38a6115 func=job_orchestration.executor.query.spider_search_task.search_without_channel execution_start=501759883 execution_end=501761177 execution_duration_ms=1293
[2026-02-02 22:48:39.002] [info] [spider.worker] [TIMING] task_id=4af617ee-5226-46b0-8b35-1fe4a38a6115 func=job_orchestration.executor.query.spider_search_task.search_without_channel submit_output_start=501761178 submit_output_end=501761210 submit_output_duration_ms=32
[2026-02-02 22:48:39.022] [info] [spider.worker] [TIMING] worker_id=027dee0b-a956-4d41-9e62-8f43be456421 task_id=5e021538-da66-43aa-8252-4f4da400df07 get_next_task request_start=501761212 connect_end=501761213 send_end=501761213 receive_end=501761213 connect_duration_ms=0 send_duration_ms=0 receive_duration_ms=0 total_duration_ms=0
[2026-02-02 22:48:39.024] [info] [spider.worker] [TIMING] task_id=5e021538-da66-43aa-8252-4f4da400df07 func=job_orchestration.executor.query.spider_search_task.search_without_channel fetch_input_start=501761232 fetch_input_end=501761233 fetch_input_duration_ms=0
[2026-02-02 22:48:39.025] [info] [spider.worker] [TIMING] task_id=5e021538-da66-43aa-8252-4f4da400df07 func=job_orchestration.executor.query.spider_search_task.search_without_channel input_send_start=501761233 input_send_end=501761233 input_send_duration_ms=0 bytes=612
[2026-02-02 22:48:39.025] [info] [spider.worker] [TIMING] task_id=5e021538-da66-43aa-8252-4f4da400df07 func=job_orchestration.executor.query.spider_search_task.search_without_channel spawn_start=501761233 spawn_end=501761233 spawn_duration_ms=0
[2026-02-02 22:48:40.267] [info] [spider.worker] [TIMING] task_id=5e021538-da66-43aa-8252-4f4da400df07 func=job_orchestration.executor.query.spider_search_task.search_without_channel execution_start=501761234 execution_end=501762476 execution_duration_ms=1242
[2026-02-02 22:48:40.297] [info] [spider.worker] [TIMING] task_id=5e021538-da66-43aa-8252-4f4da400df07 func=job_orchestration.executor.query.spider_search_task.search_without_channel submit_output_start=501762478 submit_output_end=501762506 submit_output_duration_ms=28
[2026-02-02 22:48:40.339] [info] [spider.worker] [TIMING] worker_id=027dee0b-a956-4d41-9e62-8f43be456421 task_id=52af3491-c776-49ad-96ac-3412a08ed56c get_next_task request_start=501762508 connect_end=501762509 send_end=501762509 receive_end=501762509 connect_duration_ms=0 send_duration_ms=0 receive_duration_ms=0 total_duration_ms=1
[2026-02-02 22:48:40.342] [info] [spider.worker] [TIMING] task_id=52af3491-c776-49ad-96ac-3412a08ed56c func=job_orchestration.executor.query.spider_search_task.search_without_channel fetch_input_start=501762549 fetch_input_end=501762550 fetch_input_duration_ms=0
[2026-02-02 22:48:40.342] [info] [spider.worker] [TIMING] task_id=52af3491-c776-49ad-96ac-3412a08ed56c func=job_orchestration.executor.query.spider_search_task.search_without_channel input_send_start=501762551 input_send_end=501762551 input_send_duration_ms=0 bytes=612
[2026-02-02 22:48:40.342] [info] [spider.worker] [TIMING] task_id=52af3491-c776-49ad-96ac-3412a08ed56c func=job_orchestration.executor.query.spider_search_task.search_without_channel spawn_start=501762550 spawn_end=501762551 spawn_duration_ms=0
[2026-02-02 22:48:41.693] [info] [spider.worker] [TIMING] task_id=52af3491-c776-49ad-96ac-3412a08ed56c func=job_orchestration.executor.query.spider_search_task.search_without_channel execution_start=501762551 execution_end=501763902 execution_duration_ms=1350
[2026-02-02 22:48:41.734] [info] [spider.worker] [TIMING] task_id=52af3491-c776-49ad-96ac-3412a08ed56c func=job_orchestration.executor.query.spider_search_task.search_without_channel submit_output_start=501763903 submit_output_end=501763942 submit_output_duration_ms=39
[2026-02-02 22:48:41.756] [info] [spider.worker] [TIMING] worker_id=027dee0b-a956-4d41-9e62-8f43be456421 task_id=10c8db33-76b3-4355-a750-41e97a62652c get_next_task request_start=501763945 connect_end=501763946 send_end=501763946 receive_end=501763946 connect_duration_ms=0 send_duration_ms=0 receive_duration_ms=0 total_duration_ms=0
[2026-02-02 22:48:41.759] [info] [spider.worker] [TIMING] task_id=10c8db33-76b3-4355-a750-41e97a62652c func=job_orchestration.executor.query.spider_search_task.search_without_channel fetch_input_start=501763966 fetch_input_end=501763967 fetch_input_duration_ms=0
[2026-02-02 22:48:41.759] [info] [spider.worker] [TIMING] task_id=10c8db33-76b3-4355-a750-41e97a62652c func=job_orchestration.executor.query.spider_search_task.search_without_channel input_send_start=501763968 input_send_end=501763968 input_send_duration_ms=0 bytes=612
[2026-02-02 22:48:41.759] [info] [spider.worker] [TIMING] task_id=10c8db33-76b3-4355-a750-41e97a62652c func=job_orchestration.executor.query.spider_search_task.search_without_channel spawn_start=501763967 spawn_end=501763968 spawn_duration_ms=0
[2026-02-02 22:48:42.901] [info] [spider.worker] [TIMING] task_id=10c8db33-76b3-4355-a750-41e97a62652c func=job_orchestration.executor.query.spider_search_task.search_without_channel execution_start=501763968 execution_end=501765109 execution_duration_ms=1141
[2026-02-02 22:48:42.931] [info] [spider.worker] [TIMING] task_id=10c8db33-76b3-4355-a750-41e97a62652c func=job_orchestration.executor.query.spider_search_task.search_without_channel submit_output_start=501765121 submit_output_end=501765139 submit_output_duration_ms=18
[2026-02-02 22:48:42.948] [info] [spider.worker] [TIMING] worker_id=027dee0b-a956-4d41-9e62-8f43be456421 task_id=589b7aff-9309-4103-9069-6d506f7fd8ad get_next_task request_start=501765142 connect_end=501765142 send_end=501765142 receive_end=501765142 connect_duration_ms=0 send_duration_ms=0 receive_duration_ms=0 total_duration_ms=0
[2026-02-02 22:48:42.950] [info] [spider.worker] [TIMING] task_id=589b7aff-9309-4103-9069-6d506f7fd8ad func=job_orchestration.executor.query.spider_search_task.search_without_channel fetch_input_start=501765158 fetch_input_end=501765159 fetch_input_duration_ms=1
[2026-02-02 22:48:42.951] [info] [spider.worker] [TIMING] task_id=589b7aff-9309-4103-9069-6d506f7fd8ad func=job_orchestration.executor.query.spider_search_task.search_without_channel input_send_start=501765160 input_send_end=501765160 input_send_duration_ms=0 bytes=612
[2026-02-02 22:48:42.951] [info] [spider.worker] [TIMING] task_id=589b7aff-9309-4103-9069-6d506f7fd8ad func=job_orchestration.executor.query.spider_search_task.search_without_channel spawn_start=501765159 spawn_end=501765160 spawn_duration_ms=0
[2026-02-02 22:48:44.132] [info] [spider.worker] [TIMING] task_id=589b7aff-9309-4103-9069-6d506f7fd8ad func=job_orchestration.executor.query.spider_search_task.search_without_channel execution_start=501765160 execution_end=501766340 execution_duration_ms=1179
[2026-02-02 22:48:44.165] [info] [spider.worker] [TIMING] task_id=589b7aff-9309-4103-9069-6d506f7fd8ad func=job_orchestration.executor.query.spider_search_task.search_without_channel submit_output_start=501766341 submit_output_end=501766373 submit_output_duration_ms=31
[2026-02-02 22:48:44.181] [info] [spider.worker] [TIMING] worker_id=027dee0b-a956-4d41-9e62-8f43be456421 task_id=311ce208-f9a7-445d-90f7-98fab59d4438 get_next_task request_start=501766375 connect_end=501766376 send_end=501766376 receive_end=501766376 connect_duration_ms=0 send_duration_ms=0 receive_duration_ms=0 total_duration_ms=1
[2026-02-02 22:48:44.184] [info] [spider.worker] [TIMING] task_id=311ce208-f9a7-445d-90f7-98fab59d4438 func=job_orchestration.executor.query.spider_search_task.search_without_channel fetch_input_start=501766391 fetch_input_end=501766392 fetch_input_duration_ms=1
[2026-02-02 22:48:44.185] [info] [spider.worker] [TIMING] task_id=311ce208-f9a7-445d-90f7-98fab59d4438 func=job_orchestration.executor.query.spider_search_task.search_without_channel input_send_start=501766393 input_send_end=501766393 input_send_duration_ms=0 bytes=612
[2026-02-02 22:48:44.185] [info] [spider.worker] [TIMING] task_id=311ce208-f9a7-445d-90f7-98fab59d4438 func=job_orchestration.executor.query.spider_search_task.search_without_channel spawn_start=501766393 spawn_end=501766393 spawn_duration_ms=0
[2026-02-02 22:48:45.372] [info] [spider.worker] [TIMING] task_id=311ce208-f9a7-445d-90f7-98fab59d4438 func=job_orchestration.executor.query.spider_search_task.search_without_channel execution_start=501766393 execution_end=501767580 execution_duration_ms=1187
[2026-02-02 22:48:45.390] [info] [spider.worker] [TIMING] task_id=311ce208-f9a7-445d-90f7-98fab59d4438 func=job_orchestration.executor.query.spider_search_task.search_without_channel submit_output_start=501767582 submit_output_end=501767598 submit_output_duration_ms=15
[2026-02-02 22:48:45.426] [info] [spider.worker] [TIMING] worker_id=027dee0b-a956-4d41-9e62-8f43be456421 task_id=29cd0e79-2779-4a67-b846-40bf165dc33f get_next_task request_start=501767600 connect_end=501767601 send_end=501767601 receive_end=501767601 connect_duration_ms=0 send_duration_ms=0 receive_duration_ms=0 total_duration_ms=1
[2026-02-02 22:48:45.429] [info] [spider.worker] [TIMING] task_id=29cd0e79-2779-4a67-b846-40bf165dc33f func=job_orchestration.executor.query.spider_search_task.search_without_channel fetch_input_start=501767636 fetch_input_end=501767637 fetch_input_duration_ms=0
[2026-02-02 22:48:45.429] [info] [spider.worker] [TIMING] task_id=29cd0e79-2779-4a67-b846-40bf165dc33f func=job_orchestration.executor.query.spider_search_task.search_without_channel input_send_start=501767637 input_send_end=501767637 input_send_duration_ms=0 bytes=612
[2026-02-02 22:48:45.429] [info] [spider.worker] [TIMING] task_id=29cd0e79-2779-4a67-b846-40bf165dc33f func=job_orchestration.executor.query.spider_search_task.search_without_channel spawn_start=501767637 spawn_end=501767637 spawn_duration_ms=0
[2026-02-02 22:48:46.998] [info] [spider.worker] [TIMING] task_id=29cd0e79-2779-4a67-b846-40bf165dc33f func=job_orchestration.executor.query.spider_search_task.search_without_channel execution_start=501767638 execution_end=501769206 execution_duration_ms=1568
[2026-02-02 22:48:47.030] [info] [spider.worker] [TIMING] task_id=29cd0e79-2779-4a67-b846-40bf165dc33f func=job_orchestration.executor.query.spider_search_task.search_without_channel submit_output_start=501769207 submit_output_end=501769239 submit_output_duration_ms=31
[2026-02-02 22:48:47.048] [info] [spider.worker] [TIMING] worker_id=027dee0b-a956-4d41-9e62-8f43be456421 task_id=0a4719ff-4336-4045-89fe-a3ef9b5219af get_next_task request_start=501769241 connect_end=501769242 send_end=501769242 receive_end=501769242 connect_duration_ms=0 send_duration_ms=0 receive_duration_ms=0 total_duration_ms=0
[2026-02-02 22:48:47.052] [info] [spider.worker] [TIMING] task_id=0a4719ff-4336-4045-89fe-a3ef9b5219af func=job_orchestration.executor.query.spider_search_task.search_without_channel fetch_input_start=501769259 fetch_input_end=501769260 fetch_input_duration_ms=1
[2026-02-02 22:48:47.052] [info] [spider.worker] [TIMING] task_id=0a4719ff-4336-4045-89fe-a3ef9b5219af func=job_orchestration.executor.query.spider_search_task.search_without_channel input_send_start=501769260 input_send_end=501769260 input_send_duration_ms=0 bytes=612
[2026-02-02 22:48:47.052] [info] [spider.worker] [TIMING] task_id=0a4719ff-4336-4045-89fe-a3ef9b5219af func=job_orchestration.executor.query.spider_search_task.search_without_channel spawn_start=501769260 spawn_end=501769260 spawn_duration_ms=0
[2026-02-02 22:48:48.450] [info] [spider.worker] [TIMING] task_id=0a4719ff-4336-4045-89fe-a3ef9b5219af func=job_orchestration.executor.query.spider_search_task.search_without_channel execution_start=501769261 execution_end=501770659 execution_duration_ms=1398
[2026-02-02 22:48:48.486] [info] [spider.worker] [TIMING] task_id=0a4719ff-4336-4045-89fe-a3ef9b5219af func=job_orchestration.executor.query.spider_search_task.search_without_channel submit_output_start=501770660 submit_output_end=501770694 submit_output_duration_ms=34
[2026-02-02 22:48:48.507] [info] [spider.worker] [TIMING] worker_id=027dee0b-a956-4d41-9e62-8f43be456421 task_id=032e0846-821e-416f-ba64-7b19aa8adadd get_next_task request_start=501770697 connect_end=501770698 send_end=501770698 receive_end=501770698 connect_duration_ms=0 send_duration_ms=0 receive_duration_ms=0 total_duration_ms=0
[2026-02-02 22:48:48.510] [info] [spider.worker] [TIMING] task_id=032e0846-821e-416f-ba64-7b19aa8adadd func=job_orchestration.executor.query.spider_search_task.search_without_channel fetch_input_start=501770717 fetch_input_end=501770718 fetch_input_duration_ms=1
[2026-02-02 22:48:48.510] [info] [spider.worker] [TIMING] task_id=032e0846-821e-416f-ba64-7b19aa8adadd func=job_orchestration.executor.query.spider_search_task.search_without_channel input_send_start=501770719 input_send_end=501770719 input_send_duration_ms=0 bytes=612
[2026-02-02 22:48:48.511] [info] [spider.worker] [TIMING] task_id=032e0846-821e-416f-ba64-7b19aa8adadd func=job_orchestration.executor.query.spider_search_task.search_without_channel spawn_start=501770718 spawn_end=501770719 spawn_duration_ms=0
[2026-02-02 22:48:49.735] [info] [spider.worker] [TIMING] task_id=032e0846-821e-416f-ba64-7b19aa8adadd func=job_orchestration.executor.query.spider_search_task.search_without_channel execution_start=501770719 execution_end=501771944 execution_duration_ms=1224
[2026-02-02 22:48:49.749] [info] [spider.worker] [TIMING] task_id=032e0846-821e-416f-ba64-7b19aa8adadd func=job_orchestration.executor.query.spider_search_task.search_without_channel submit_output_start=501771945 submit_output_end=501771957 submit_output_duration_ms=12
[2026-02-02 22:48:49.765] [info] [spider.worker] [TIMING] worker_id=027dee0b-a956-4d41-9e62-8f43be456421 task_id=abaf6749-9295-4220-81dd-ef3923be5052 get_next_task request_start=501771959 connect_end=501771960 send_end=501771960 receive_end=501771960 connect_duration_ms=0 send_duration_ms=0 receive_duration_ms=0 total_duration_ms=1
[2026-02-02 22:48:49.768] [info] [spider.worker] [TIMING] task_id=abaf6749-9295-4220-81dd-ef3923be5052 func=job_orchestration.executor.query.spider_search_task.search_without_channel fetch_input_start=501771975 fetch_input_end=501771976 fetch_input_duration_ms=1
[2026-02-02 22:48:49.769] [info] [spider.worker] [TIMING] task_id=abaf6749-9295-4220-81dd-ef3923be5052 func=job_orchestration.executor.query.spider_search_task.search_without_channel input_send_start=501771977 input_send_end=501771977 input_send_duration_ms=0 bytes=612
[2026-02-02 22:48:49.769] [info] [spider.worker] [TIMING] task_id=abaf6749-9295-4220-81dd-ef3923be5052 func=job_orchestration.executor.query.spider_search_task.search_without_channel spawn_start=501771977 spawn_end=501771977 spawn_duration_ms=0
[2026-02-02 22:48:51.188] [info] [spider.worker] [TIMING] task_id=abaf6749-9295-4220-81dd-ef3923be5052 func=job_orchestration.executor.query.spider_search_task.search_without_channel execution_start=501771977 execution_end=501773396 execution_duration_ms=1419
[2026-02-02 22:48:51.199] [info] [spider.worker] [TIMING] task_id=abaf6749-9295-4220-81dd-ef3923be5052 func=job_orchestration.executor.query.spider_search_task.search_without_channel submit_output_start=501773399 submit_output_end=501773407 submit_output_duration_ms=8
[2026-02-02 22:48:51.207] [info] [spider.worker] [TIMING] worker_id=027dee0b-a956-4d41-9e62-8f43be456421 task_id=6f3cd3e4-5432-42b1-8e23-403bea1e5145 get_next_task request_start=501773409 connect_end=501773410 send_end=501773410 receive_end=501773410 connect_duration_ms=0 send_duration_ms=0 receive_duration_ms=0 total_duration_ms=0
[2026-02-02 22:48:51.210] [info] [spider.worker] [TIMING] task_id=6f3cd3e4-5432-42b1-8e23-403bea1e5145 func=job_orchestration.executor.query.spider_search_task.search_without_channel fetch_input_start=501773418 fetch_input_end=501773419 fetch_input_duration_ms=1
[2026-02-02 22:48:51.211] [info] [spider.worker] [TIMING] task_id=6f3cd3e4-5432-42b1-8e23-403bea1e5145 func=job_orchestration.executor.query.spider_search_task.search_without_channel input_send_start=501773419 input_send_end=501773419 input_send_duration_ms=0 bytes=612
[2026-02-02 22:48:51.211] [info] [spider.worker] [TIMING] task_id=6f3cd3e4-5432-42b1-8e23-403bea1e5145 func=job_orchestration.executor.query.spider_search_task.search_without_channel spawn_start=501773419 spawn_end=501773419 spawn_duration_ms=0
[2026-02-02 22:48:52.547] [info] [spider.worker] [TIMING] task_id=6f3cd3e4-5432-42b1-8e23-403bea1e5145 func=job_orchestration.executor.query.spider_search_task.search_without_channel execution_start=501773419 execution_end=501774755 execution_duration_ms=1335
[2026-02-02 22:48:52.557] [info] [spider.worker] [TIMING] task_id=6f3cd3e4-5432-42b1-8e23-403bea1e5145 func=job_orchestration.executor.query.spider_search_task.search_without_channel submit_output_start=501774757 submit_output_end=501774766 submit_output_duration_ms=8
[2026-02-02 22:48:52.566] [info] [spider.worker] [TIMING] worker_id=027dee0b-a956-4d41-9e62-8f43be456421 task_id=85253b47-e2a1-4b45-b6db-9070490e2111 get_next_task request_start=501774768 connect_end=501774769 send_end=501774769 receive_end=501774769 connect_duration_ms=0 send_duration_ms=0 receive_duration_ms=0 total_duration_ms=0
[2026-02-02 22:48:52.569] [info] [spider.worker] [TIMING] task_id=85253b47-e2a1-4b45-b6db-9070490e2111 func=job_orchestration.executor.query.spider_search_task.search_without_channel fetch_input_start=501774776 fetch_input_end=501774777 fetch_input_duration_ms=1
[2026-02-02 22:48:52.569] [info] [spider.worker] [TIMING] task_id=85253b47-e2a1-4b45-b6db-9070490e2111 func=job_orchestration.executor.query.spider_search_task.search_without_channel input_send_start=501774777 input_send_end=501774777 input_send_duration_ms=0 bytes=612
[2026-02-02 22:48:52.569] [info] [spider.worker] [TIMING] task_id=85253b47-e2a1-4b45-b6db-9070490e2111 func=job_orchestration.executor.query.spider_search_task.search_without_channel spawn_start=501774777 spawn_end=501774778 spawn_duration_ms=0
[2026-02-02 22:48:53.923] [info] [spider.worker] [TIMING] task_id=85253b47-e2a1-4b45-b6db-9070490e2111 func=job_orchestration.executor.query.spider_search_task.search_without_channel execution_start=501774778 execution_end=501776132 execution_duration_ms=1353
[2026-02-02 22:48:53.933] [info] [spider.worker] [TIMING] task_id=85253b47-e2a1-4b45-b6db-9070490e2111 func=job_orchestration.executor.query.spider_search_task.search_without_channel submit_output_start=501776133 submit_output_end=501776141 submit_output_duration_ms=7
[2026-02-02 22:48:53.949] [info] [spider.worker] [TIMING] worker_id=027dee0b-a956-4d41-9e62-8f43be456421 task_id=2d00b45d-2495-412e-af87-8c6422b65f21 get_next_task request_start=501776143 connect_end=501776143 send_end=501776143 receive_end=501776144 connect_duration_ms=0 send_duration_ms=0 receive_duration_ms=0 total_duration_ms=0
[2026-02-02 22:48:53.952] [info] [spider.worker] [TIMING] task_id=2d00b45d-2495-412e-af87-8c6422b65f21 func=job_orchestration.executor.query.spider_search_task.search_without_channel fetch_input_start=501776159 fetch_input_end=501776161 fetch_input_duration_ms=1
[2026-02-02 22:48:53.953] [info] [spider.worker] [TIMING] task_id=2d00b45d-2495-412e-af87-8c6422b65f21 func=job_orchestration.executor.query.spider_search_task.search_without_channel input_send_start=501776161 input_send_end=501776161 input_send_duration_ms=0 bytes=612
[2026-02-02 22:48:53.953] [info] [spider.worker] [TIMING] task_id=2d00b45d-2495-412e-af87-8c6422b65f21 func=job_orchestration.executor.query.spider_search_task.search_without_channel spawn_start=501776161 spawn_end=501776161 spawn_duration_ms=0
[2026-02-02 22:48:55.275] [info] [spider.worker] [TIMING] task_id=2d00b45d-2495-412e-af87-8c6422b65f21 func=job_orchestration.executor.query.spider_search_task.search_without_channel execution_start=501776161 execution_end=501777484 execution_duration_ms=1322
[2026-02-02 22:48:55.308] [info] [spider.worker] [TIMING] task_id=2d00b45d-2495-412e-af87-8c6422b65f21 func=job_orchestration.executor.query.spider_search_task.search_without_channel submit_output_start=501777495 submit_output_end=501777516 submit_output_duration_ms=21
[2026-02-02 22:48:55.324] [info] [spider.worker] [TIMING] worker_id=027dee0b-a956-4d41-9e62-8f43be456421 task_id=cef66926-c9a7-4043-8158-05271287422e get_next_task request_start=501777518 connect_end=501777519 send_end=501777519 receive_end=501777519 connect_duration_ms=0 send_duration_ms=0 receive_duration_ms=0 total_duration_ms=1
[2026-02-02 22:48:55.327] [info] [spider.worker] [TIMING] task_id=cef66926-c9a7-4043-8158-05271287422e func=job_orchestration.executor.query.spider_search_task.search_without_channel fetch_input_start=501777534 fetch_input_end=501777536 fetch_input_duration_ms=1
[2026-02-02 22:48:55.328] [info] [spider.worker] [TIMING] task_id=cef66926-c9a7-4043-8158-05271287422e func=job_orchestration.executor.query.spider_search_task.search_without_channel input_send_start=501777536 input_send_end=501777536 input_send_duration_ms=0 bytes=612
[2026-02-02 22:48:55.328] [info] [spider.worker] [TIMING] task_id=cef66926-c9a7-4043-8158-05271287422e func=job_orchestration.executor.query.spider_search_task.search_without_channel spawn_start=501777536 spawn_end=501777536 spawn_duration_ms=0
[2026-02-02 22:48:56.578] [info] [spider.worker] [TIMING] task_id=cef66926-c9a7-4043-8158-05271287422e func=job_orchestration.executor.query.spider_search_task.search_without_channel execution_start=501777536 execution_end=501778786 execution_duration_ms=1250
[2026-02-02 22:48:56.600] [info] [spider.worker] [TIMING] task_id=cef66926-c9a7-4043-8158-05271287422e func=job_orchestration.executor.query.spider_search_task.search_without_channel submit_output_start=501778788 submit_output_end=501778808 submit_output_duration_ms=19
[2026-02-02 22:48:56.641] [info] [spider.worker] [TIMING] worker_id=027dee0b-a956-4d41-9e62-8f43be456421 task_id=8b2ec8b8-6dac-4158-ae4d-2641992def4d get_next_task request_start=501778810 connect_end=501778811 send_end=501778811 receive_end=501778811 connect_duration_ms=1 send_duration_ms=0 receive_duration_ms=0 total_duration_ms=1
[2026-02-02 22:48:56.644] [info] [spider.worker] [TIMING] task_id=8b2ec8b8-6dac-4158-ae4d-2641992def4d func=job_orchestration.executor.query.spider_search_task.search_without_channel fetch_input_start=501778851 fetch_input_end=501778852 fetch_input_duration_ms=1
[2026-02-02 22:48:56.645] [info] [spider.worker] [TIMING] task_id=8b2ec8b8-6dac-4158-ae4d-2641992def4d func=job_orchestration.executor.query.spider_search_task.search_without_channel input_send_start=501778853 input_send_end=501778853 input_send_duration_ms=0 bytes=612
[2026-02-02 22:48:56.645] [info] [spider.worker] [TIMING] task_id=8b2ec8b8-6dac-4158-ae4d-2641992def4d func=job_orchestration.executor.query.spider_search_task.search_without_channel spawn_start=501778852 spawn_end=501778853 spawn_duration_ms=0
[2026-02-02 22:48:58.065] [info] [spider.worker] [TIMING] task_id=8b2ec8b8-6dac-4158-ae4d-2641992def4d func=job_orchestration.executor.query.spider_search_task.search_without_channel execution_start=501778853 execution_end=501780274 execution_duration_ms=1420
[2026-02-02 22:48:58.100] [info] [spider.worker] [TIMING] task_id=8b2ec8b8-6dac-4158-ae4d-2641992def4d func=job_orchestration.executor.query.spider_search_task.search_without_channel submit_output_start=501780275 submit_output_end=501780308 submit_output_duration_ms=32
[2026-02-02 22:48:58.176] [info] [spider.worker] [TIMING] worker_id=027dee0b-a956-4d41-9e62-8f43be456421 task_id=e5142d36-b6b3-4de4-95a2-006f48c3ef17 get_next_task request_start=501780310 connect_end=501780311 send_end=501780311 receive_end=501780311 connect_duration_ms=0 send_duration_ms=0 receive_duration_ms=0 total_duration_ms=1
[2026-02-02 22:48:58.179] [info] [spider.worker] [TIMING] task_id=e5142d36-b6b3-4de4-95a2-006f48c3ef17 func=job_orchestration.executor.query.spider_search_task.search_without_channel fetch_input_start=501780386 fetch_input_end=501780387 fetch_input_duration_ms=1
[2026-02-02 22:48:58.179] [info] [spider.worker] [TIMING] task_id=e5142d36-b6b3-4de4-95a2-006f48c3ef17 func=job_orchestration.executor.query.spider_search_task.search_without_channel input_send_start=501780387 input_send_end=501780387 input_send_duration_ms=0 bytes=612
[2026-02-02 22:48:58.179] [info] [spider.worker] [TIMING] task_id=e5142d36-b6b3-4de4-95a2-006f48c3ef17 func=job_orchestration.executor.query.spider_search_task.search_without_channel spawn_start=501780387 spawn_end=501780387 spawn_duration_ms=0
[2026-02-02 22:48:59.406] [info] [spider.worker] [TIMING] task_id=e5142d36-b6b3-4de4-95a2-006f48c3ef17 func=job_orchestration.executor.query.spider_search_task.search_without_channel execution_start=501780388 execution_end=501781614 execution_duration_ms=1226
[2026-02-02 22:48:59.417] [info] [spider.worker] [TIMING] task_id=e5142d36-b6b3-4de4-95a2-006f48c3ef17 func=job_orchestration.executor.query.spider_search_task.search_without_channel submit_output_start=501781616 submit_output_end=501781625 submit_output_duration_ms=9
[2026-02-02 22:48:59.433] [info] [spider.worker] [TIMING] worker_id=027dee0b-a956-4d41-9e62-8f43be456421 task_id=5e58f7b8-8b91-4c5d-95c7-18c936ac6fe1 get_next_task request_start=501781627 connect_end=501781628 send_end=501781628 receive_end=501781628 connect_duration_ms=1 send_duration_ms=0 receive_duration_ms=0 total_duration_ms=1
[2026-02-02 22:48:59.436] [info] [spider.worker] [TIMING] task_id=5e58f7b8-8b91-4c5d-95c7-18c936ac6fe1 func=job_orchestration.executor.query.spider_search_task.search_without_channel fetch_input_start=501781644 fetch_input_end=501781645 fetch_input_duration_ms=0
[2026-02-02 22:48:59.437] [info] [spider.worker] [TIMING] task_id=5e58f7b8-8b91-4c5d-95c7-18c936ac6fe1 func=job_orchestration.executor.query.spider_search_task.search_without_channel input_send_start=501781645 input_send_end=501781645 input_send_duration_ms=0 bytes=612
[2026-02-02 22:48:59.437] [info] [spider.worker] [TIMING] task_id=5e58f7b8-8b91-4c5d-95c7-18c936ac6fe1 func=job_orchestration.executor.query.spider_search_task.search_without_channel spawn_start=501781645 spawn_end=501781645 spawn_duration_ms=0
[2026-02-02 22:49:00.713] [info] [spider.worker] [TIMING] task_id=5e58f7b8-8b91-4c5d-95c7-18c936ac6fe1 func=job_orchestration.executor.query.spider_search_task.search_without_channel execution_start=501781645 execution_end=501782922 execution_duration_ms=1276
[2026-02-02 22:49:00.733] [info] [spider.worker] [TIMING] task_id=5e58f7b8-8b91-4c5d-95c7-18c936ac6fe1 func=job_orchestration.executor.query.spider_search_task.search_without_channel submit_output_start=501782924 submit_output_end=501782942 submit_output_duration_ms=18
[2026-02-02 22:49:00.750] [info] [spider.worker] [TIMING] worker_id=027dee0b-a956-4d41-9e62-8f43be456421 task_id=2ffd01b7-e570-4a2d-8a3d-7be8c5198c60 get_next_task request_start=501782944 connect_end=501782945 send_end=501782945 receive_end=501782945 connect_duration_ms=0 send_duration_ms=0 receive_duration_ms=0 total_duration_ms=1
[2026-02-02 22:49:00.752] [info] [spider.worker] [TIMING] task_id=2ffd01b7-e570-4a2d-8a3d-7be8c5198c60 func=job_orchestration.executor.query.spider_search_task.search_without_channel fetch_input_start=501782960 fetch_input_end=501782960 fetch_input_duration_ms=0
[2026-02-02 22:49:00.752] [info] [spider.worker] [TIMING] task_id=2ffd01b7-e570-4a2d-8a3d-7be8c5198c60 func=job_orchestration.executor.query.spider_search_task.search_without_channel input_send_start=501782961 input_send_end=501782961 input_send_duration_ms=0 bytes=612
[2026-02-02 22:49:00.752] [info] [spider.worker] [TIMING] task_id=2ffd01b7-e570-4a2d-8a3d-7be8c5198c60 func=job_orchestration.executor.query.spider_search_task.search_without_channel spawn_start=501782960 spawn_end=501782961 spawn_duration_ms=0
[2026-02-02 22:49:01.914] [info] [spider.worker] [TIMING] task_id=2ffd01b7-e570-4a2d-8a3d-7be8c5198c60 func=job_orchestration.executor.query.spider_search_task.search_without_channel execution_start=501782961 execution_end=501784122 execution_duration_ms=1160
[2026-02-02 22:49:01.934] [info] [spider.worker] [TIMING] task_id=2ffd01b7-e570-4a2d-8a3d-7be8c5198c60 func=job_orchestration.executor.query.spider_search_task.search_without_channel submit_output_start=501784123 submit_output_end=501784142 submit_output_duration_ms=19
[2026-02-02 22:49:01.975] [info] [spider.worker] [TIMING] worker_id=027dee0b-a956-4d41-9e62-8f43be456421 task_id=8335be92-9715-4c80-84bd-df096a1f32b2 get_next_task request_start=501784144 connect_end=501784145 send_end=501784145 receive_end=501784145 connect_duration_ms=0 send_duration_ms=0 receive_duration_ms=0 total_duration_ms=1
[2026-02-02 22:49:01.978] [info] [spider.worker] [TIMING] task_id=8335be92-9715-4c80-84bd-df096a1f32b2 func=job_orchestration.executor.query.spider_search_task.search_without_channel fetch_input_start=501784185 fetch_input_end=501784186 fetch_input_duration_ms=1
[2026-02-02 22:49:01.979] [info] [spider.worker] [TIMING] task_id=8335be92-9715-4c80-84bd-df096a1f32b2 func=job_orchestration.executor.query.spider_search_task.search_without_channel input_send_start=501784187 input_send_end=501784187 input_send_duration_ms=0 bytes=612
[2026-02-02 22:49:01.979] [info] [spider.worker] [TIMING] task_id=8335be92-9715-4c80-84bd-df096a1f32b2 func=job_orchestration.executor.query.spider_search_task.search_without_channel spawn_start=501784187 spawn_end=501784187 spawn_duration_ms=0
[2026-02-02 22:49:03.262] [info] [spider.worker] [TIMING] task_id=8335be92-9715-4c80-84bd-df096a1f32b2 func=job_orchestration.executor.query.spider_search_task.search_without_channel execution_start=501784187 execution_end=501785471 execution_duration_ms=1283
[2026-02-02 22:49:03.275] [info] [spider.worker] [TIMING] task_id=8335be92-9715-4c80-84bd-df096a1f32b2 func=job_orchestration.executor.query.spider_search_task.search_without_channel submit_output_start=501785473 submit_output_end=501785484 submit_output_duration_ms=11
[2026-02-02 22:49:03.312] [info] [spider.worker] [TIMING] worker_id=027dee0b-a956-4d41-9e62-8f43be456421 task_id=5ef70274-3913-47b2-810e-62c3a7021d4a get_next_task request_start=501785486 connect_end=501785487 send_end=501785487 receive_end=501785487 connect_duration_ms=0 send_duration_ms=0 receive_duration_ms=0 total_duration_ms=0
[2026-02-02 22:49:03.314] [info] [spider.worker] [TIMING] task_id=5ef70274-3913-47b2-810e-62c3a7021d4a func=job_orchestration.executor.query.spider_search_task.search_without_channel fetch_input_start=501785522 fetch_input_end=501785523 fetch_input_duration_ms=0
[2026-02-02 22:49:03.315] [info] [spider.worker] [TIMING] task_id=5ef70274-3913-47b2-810e-62c3a7021d4a func=job_orchestration.executor.query.spider_search_task.search_without_channel input_send_start=501785523 input_send_end=501785523 input_send_duration_ms=0 bytes=612
[2026-02-02 22:49:03.315] [info] [spider.worker] [TIMING] task_id=5ef70274-3913-47b2-810e-62c3a7021d4a func=job_orchestration.executor.query.spider_search_task.search_without_channel spawn_start=501785523 spawn_end=501785523 spawn_duration_ms=0
[2026-02-02 22:49:04.655] [info] [spider.worker] [TIMING] task_id=5ef70274-3913-47b2-810e-62c3a7021d4a func=job_orchestration.executor.query.spider_search_task.search_without_channel execution_start=501785523 execution_end=501786864 execution_duration_ms=1340
[2026-02-02 22:49:04.667] [info] [spider.worker] [TIMING] task_id=5ef70274-3913-47b2-810e-62c3a7021d4a func=job_orchestration.executor.query.spider_search_task.search_without_channel submit_output_start=501786866 submit_output_end=501786876 submit_output_duration_ms=9
[2026-02-02 22:49:04.706] [info] [spider.worker] [TIMING] worker_id=027dee0b-a956-4d41-9e62-8f43be456421 task_id=bb638b4b-6b24-43af-b3e4-7985f9ef6f14 get_next_task request_start=501786878 connect_end=501786879 send_end=501786879 receive_end=501786879 connect_duration_ms=1 send_duration_ms=0 receive_duration_ms=0 total_duration_ms=1
[2026-02-02 22:49:04.709] [info] [spider.worker] [TIMING] task_id=bb638b4b-6b24-43af-b3e4-7985f9ef6f14 func=job_orchestration.executor.query.spider_search_task.search_without_channel fetch_input_start=501786916 fetch_input_end=501786917 fetch_input_duration_ms=1
[2026-02-02 22:49:04.709] [info] [spider.worker] [TIMING] task_id=bb638b4b-6b24-43af-b3e4-7985f9ef6f14 func=job_orchestration.executor.query.spider_search_task.search_without_channel input_send_start=501786918 input_send_end=501786918 input_send_duration_ms=0 bytes=612
[2026-02-02 22:49:04.709] [info] [spider.worker] [TIMING] task_id=bb638b4b-6b24-43af-b3e4-7985f9ef6f14 func=job_orchestration.executor.query.spider_search_task.search_without_channel spawn_start=501786917 spawn_end=501786918 spawn_duration_ms=0
[2026-02-02 22:49:06.099] [info] [spider.worker] [TIMING] task_id=bb638b4b-6b24-43af-b3e4-7985f9ef6f14 func=job_orchestration.executor.query.spider_search_task.search_without_channel execution_start=501786918 execution_end=501788308 execution_duration_ms=1389
[2026-02-02 22:49:06.135] [info] [spider.worker] [TIMING] task_id=bb638b4b-6b24-43af-b3e4-7985f9ef6f14 func=job_orchestration.executor.query.spider_search_task.search_without_channel submit_output_start=501788310 submit_output_end=501788343 submit_output_duration_ms=33
[2026-02-02 22:49:06.151] [info] [spider.worker] [TIMING] worker_id=027dee0b-a956-4d41-9e62-8f43be456421 task_id=c72d299c-e453-425d-8667-b77e514cf2bb get_next_task request_start=501788346 connect_end=501788346 send_end=501788346 receive_end=501788347 connect_duration_ms=0 send_duration_ms=0 receive_duration_ms=0 total_duration_ms=0
[2026-02-02 22:49:06.153] [info] [spider.worker] [TIMING] task_id=c72d299c-e453-425d-8667-b77e514cf2bb func=job_orchestration.executor.query.spider_search_task.search_without_channel fetch_input_start=501788361 fetch_input_end=501788362 fetch_input_duration_ms=0
[2026-02-02 22:49:06.154] [info] [spider.worker] [TIMING] task_id=c72d299c-e453-425d-8667-b77e514cf2bb func=job_orchestration.executor.query.spider_search_task.search_without_channel input_send_start=501788362 input_send_end=501788362 input_send_duration_ms=0 bytes=612
[2026-02-02 22:49:06.154] [info] [spider.worker] [TIMING] task_id=c72d299c-e453-425d-8667-b77e514cf2bb func=job_orchestration.executor.query.spider_search_task.search_without_channel spawn_start=501788362 spawn_end=501788362 spawn_duration_ms=0
[2026-02-02 22:49:07.719] [info] [spider.worker] [TIMING] task_id=c72d299c-e453-425d-8667-b77e514cf2bb func=job_orchestration.executor.query.spider_search_task.search_without_channel execution_start=501788363 execution_end=501789927 execution_duration_ms=1564
[2026-02-02 22:49:07.743] [info] [spider.worker] [TIMING] task_id=c72d299c-e453-425d-8667-b77e514cf2bb func=job_orchestration.executor.query.spider_search_task.search_without_channel submit_output_start=501789928 submit_output_end=501789951 submit_output_duration_ms=22
[2026-02-02 22:49:07.760] [info] [spider.worker] [TIMING] worker_id=027dee0b-a956-4d41-9e62-8f43be456421 task_id=b7dc890b-00c9-48c8-8974-a982090bbb96 get_next_task request_start=501789954 connect_end=501789955 send_end=501789955 receive_end=501789955 connect_duration_ms=1 send_duration_ms=0 receive_duration_ms=0 total_duration_ms=1
[2026-02-02 22:49:07.763] [info] [spider.worker] [TIMING] task_id=b7dc890b-00c9-48c8-8974-a982090bbb96 func=job_orchestration.executor.query.spider_search_task.search_without_channel fetch_input_start=501789970 fetch_input_end=501789971 fetch_input_duration_ms=0
[2026-02-02 22:49:07.763] [info] [spider.worker] [TIMING] task_id=b7dc890b-00c9-48c8-8974-a982090bbb96 func=job_orchestration.executor.query.spider_search_task.search_without_channel input_send_start=501789971 input_send_end=501789971 input_send_duration_ms=0 bytes=612
[2026-02-02 22:49:07.763] [info] [spider.worker] [TIMING] task_id=b7dc890b-00c9-48c8-8974-a982090bbb96 func=job_orchestration.executor.query.spider_search_task.search_without_channel spawn_start=501789971 spawn_end=501789971 spawn_duration_ms=0
[2026-02-02 22:49:09.277] [info] [spider.worker] [TIMING] task_id=b7dc890b-00c9-48c8-8974-a982090bbb96 func=job_orchestration.executor.query.spider_search_task.search_without_channel execution_start=501789972 execution_end=501791485 execution_duration_ms=1513
[2026-02-02 22:49:09.301] [info] [spider.worker] [TIMING] task_id=b7dc890b-00c9-48c8-8974-a982090bbb96 func=job_orchestration.executor.query.spider_search_task.search_without_channel submit_output_start=501791487 submit_output_end=501791509 submit_output_duration_ms=22
[2026-02-02 22:49:09.318] [info] [spider.worker] [TIMING] worker_id=027dee0b-a956-4d41-9e62-8f43be456421 task_id=76d90d9e-3fe5-4fe6-b2c8-9e6c3b6f5b25 get_next_task request_start=501791512 connect_end=501791513 send_end=501791513 receive_end=501791513 connect_duration_ms=0 send_duration_ms=0 receive_duration_ms=0 total_duration_ms=1
[2026-02-02 22:49:09.321] [info] [spider.worker] [TIMING] task_id=76d90d9e-3fe5-4fe6-b2c8-9e6c3b6f5b25 func=job_orchestration.executor.query.spider_search_task.search_without_channel fetch_input_start=501791528 fetch_input_end=501791529 fetch_input_duration_ms=0
[2026-02-02 22:49:09.321] [info] [spider.worker] [TIMING] task_id=76d90d9e-3fe5-4fe6-b2c8-9e6c3b6f5b25 func=job_orchestration.executor.query.spider_search_task.search_without_channel input_send_start=501791530 input_send_end=501791530 input_send_duration_ms=0 bytes=612
[2026-02-02 22:49:09.321] [info] [spider.worker] [TIMING] task_id=76d90d9e-3fe5-4fe6-b2c8-9e6c3b6f5b25 func=job_orchestration.executor.query.spider_search_task.search_without_channel spawn_start=501791529 spawn_end=501791530 spawn_duration_ms=0
[2026-02-02 22:49:10.621] [info] [spider.worker] [TIMING] task_id=76d90d9e-3fe5-4fe6-b2c8-9e6c3b6f5b25 func=job_orchestration.executor.query.spider_search_task.search_without_channel execution_start=501791530 execution_end=501792829 execution_duration_ms=1299
[2026-02-02 22:49:10.643] [info] [spider.worker] [TIMING] task_id=76d90d9e-3fe5-4fe6-b2c8-9e6c3b6f5b25 func=job_orchestration.executor.query.spider_search_task.search_without_channel submit_output_start=501792831 submit_output_end=501792851 submit_output_duration_ms=20
[2026-02-02 22:49:10.660] [info] [spider.worker] [TIMING] worker_id=027dee0b-a956-4d41-9e62-8f43be456421 task_id=ee1c5b92-6621-4d83-82b2-8bfa39a86d63 get_next_task request_start=501792854 connect_end=501792854 send_end=501792854 receive_end=501792855 connect_duration_ms=0 send_duration_ms=0 receive_duration_ms=0 total_duration_ms=1
[2026-02-02 22:49:10.662] [info] [spider.worker] [TIMING] task_id=ee1c5b92-6621-4d83-82b2-8bfa39a86d63 func=job_orchestration.executor.query.spider_search_task.search_without_channel fetch_input_start=501792870 fetch_input_end=501792871 fetch_input_duration_ms=0
[2026-02-02 22:49:10.663] [info] [spider.worker] [TIMING] task_id=ee1c5b92-6621-4d83-82b2-8bfa39a86d63 func=job_orchestration.executor.query.spider_search_task.search_without_channel input_send_start=501792871 input_send_end=501792871 input_send_duration_ms=0 bytes=612
[2026-02-02 22:49:10.663] [info] [spider.worker] [TIMING] task_id=ee1c5b92-6621-4d83-82b2-8bfa39a86d63 func=job_orchestration.executor.query.spider_search_task.search_without_channel spawn_start=501792871 spawn_end=501792871 spawn_duration_ms=0
[2026-02-02 22:49:12.040] [info] [spider.worker] [TIMING] task_id=ee1c5b92-6621-4d83-82b2-8bfa39a86d63 func=job_orchestration.executor.query.spider_search_task.search_without_channel execution_start=501792871 execution_end=501794248 execution_duration_ms=1376
[2026-02-02 22:49:12.052] [info] [spider.worker] [TIMING] task_id=ee1c5b92-6621-4d83-82b2-8bfa39a86d63 func=job_orchestration.executor.query.spider_search_task.search_without_channel submit_output_start=501794249 submit_output_end=501794260 submit_output_duration_ms=10
[2026-02-02 22:49:12.093] [info] [spider.worker] [TIMING] worker_id=027dee0b-a956-4d41-9e62-8f43be456421 task_id=8f6b9075-c19f-45d4-87a1-6ddd4917bc41 get_next_task request_start=501794262 connect_end=501794263 send_end=501794263 receive_end=501794264 connect_duration_ms=1 send_duration_ms=0 receive_duration_ms=0 total_duration_ms=1
[2026-02-02 22:49:12.096] [info] [spider.worker] [TIMING] task_id=8f6b9075-c19f-45d4-87a1-6ddd4917bc41 func=job_orchestration.executor.query.spider_search_task.search_without_channel fetch_input_start=501794304 fetch_input_end=501794304 fetch_input_duration_ms=0
[2026-02-02 22:49:12.097] [info] [spider.worker] [TIMING] task_id=8f6b9075-c19f-45d4-87a1-6ddd4917bc41 func=job_orchestration.executor.query.spider_search_task.search_without_channel input_send_start=501794305 input_send_end=501794305 input_send_duration_ms=0 bytes=612
[2026-02-02 22:49:12.097] [info] [spider.worker] [TIMING] task_id=8f6b9075-c19f-45d4-87a1-6ddd4917bc41 func=job_orchestration.executor.query.spider_search_task.search_without_channel spawn_start=501794304 spawn_end=501794305 spawn_duration_ms=0
[2026-02-02 22:49:13.552] [info] [spider.worker] [TIMING] task_id=8f6b9075-c19f-45d4-87a1-6ddd4917bc41 func=job_orchestration.executor.query.spider_search_task.search_without_channel execution_start=501794305 execution_end=501795760 execution_duration_ms=1454
[2026-02-02 22:49:13.569] [info] [spider.worker] [TIMING] task_id=8f6b9075-c19f-45d4-87a1-6ddd4917bc41 func=job_orchestration.executor.query.spider_search_task.search_without_channel submit_output_start=501795762 submit_output_end=501795777 submit_output_duration_ms=15
[2026-02-02 22:49:13.585] [info] [spider.worker] [TIMING] worker_id=027dee0b-a956-4d41-9e62-8f43be456421 task_id=a9c26423-86cd-48a7-9a33-d991d6cdc116 get_next_task request_start=501795779 connect_end=501795780 send_end=501795780 receive_end=501795780 connect_duration_ms=0 send_duration_ms=0 receive_duration_ms=0 total_duration_ms=1
[2026-02-02 22:49:13.588] [info] [spider.worker] [TIMING] task_id=a9c26423-86cd-48a7-9a33-d991d6cdc116 func=job_orchestration.executor.query.spider_search_task.search_without_channel fetch_input_start=501795795 fetch_input_end=501795796 fetch_input_duration_ms=1
[2026-02-02 22:49:13.588] [info] [spider.worker] [TIMING] task_id=a9c26423-86cd-48a7-9a33-d991d6cdc116 func=job_orchestration.executor.query.spider_search_task.search_without_channel input_send_start=501795797 input_send_end=501795797 input_send_duration_ms=0 bytes=612
[2026-02-02 22:49:13.589] [info] [spider.worker] [TIMING] task_id=a9c26423-86cd-48a7-9a33-d991d6cdc116 func=job_orchestration.executor.query.spider_search_task.search_without_channel spawn_start=501795796 spawn_end=501795797 spawn_duration_ms=0
[2026-02-02 22:49:14.986] [info] [spider.worker] [TIMING] task_id=a9c26423-86cd-48a7-9a33-d991d6cdc116 func=job_orchestration.executor.query.spider_search_task.search_without_channel execution_start=501795797 execution_end=501797194 execution_duration_ms=1397
[2026-02-02 22:49:15.002] [info] [spider.worker] [TIMING] task_id=a9c26423-86cd-48a7-9a33-d991d6cdc116 func=job_orchestration.executor.query.spider_search_task.search_without_channel submit_output_start=501797196 submit_output_end=501797211 submit_output_duration_ms=14
[2026-02-02 22:49:15.052] [info] [spider.worker] [TIMING] worker_id=027dee0b-a956-4d41-9e62-8f43be456421 task_id=fd62af96-540a-4a25-98ab-e684e89f0268 get_next_task request_start=501797213 connect_end=501797214 send_end=501797214 receive_end=501797214 connect_duration_ms=0 send_duration_ms=0 receive_duration_ms=0 total_duration_ms=0
[2026-02-02 22:49:15.056] [info] [spider.worker] [TIMING] task_id=fd62af96-540a-4a25-98ab-e684e89f0268 func=job_orchestration.executor.query.spider_search_task.search_without_channel fetch_input_start=501797263 fetch_input_end=501797264 fetch_input_duration_ms=1
[2026-02-02 22:49:15.056] [info] [spider.worker] [TIMING] task_id=fd62af96-540a-4a25-98ab-e684e89f0268 func=job_orchestration.executor.query.spider_search_task.search_without_channel input_send_start=501797265 input_send_end=501797265 input_send_duration_ms=0 bytes=612
[2026-02-02 22:49:15.056] [info] [spider.worker] [TIMING] task_id=fd62af96-540a-4a25-98ab-e684e89f0268 func=job_orchestration.executor.query.spider_search_task.search_without_channel spawn_start=501797264 spawn_end=501797265 spawn_duration_ms=0
[2026-02-02 22:49:16.462] [info] [spider.worker] [TIMING] task_id=fd62af96-540a-4a25-98ab-e684e89f0268 func=job_orchestration.executor.query.spider_search_task.search_without_channel execution_start=501797265 execution_end=501798670 execution_duration_ms=1405
[2026-02-02 22:49:16.469] [info] [spider.worker] [TIMING] task_id=fd62af96-540a-4a25-98ab-e684e89f0268 func=job_orchestration.executor.query.spider_search_task.search_without_channel submit_output_start=501798672 submit_output_end=501798677 submit_output_duration_ms=5
[2026-02-02 22:49:16.501] [info] [spider.worker] [TIMING] worker_id=027dee0b-a956-4d41-9e62-8f43be456421 task_id=669778f9-f200-4402-bcf5-2e67969f38dc get_next_task request_start=501798680 connect_end=501798681 send_end=501798681 receive_end=501798681 connect_duration_ms=0 send_duration_ms=0 receive_duration_ms=0 total_duration_ms=1
[2026-02-02 22:49:16.503] [info] [spider.worker] [TIMING] task_id=669778f9-f200-4402-bcf5-2e67969f38dc func=job_orchestration.executor.query.spider_search_task.search_without_channel fetch_input_start=501798711 fetch_input_end=501798711 fetch_input_duration_ms=0
[2026-02-02 22:49:16.504] [info] [spider.worker] [TIMING] task_id=669778f9-f200-4402-bcf5-2e67969f38dc func=job_orchestration.executor.query.spider_search_task.search_without_channel input_send_start=501798712 input_send_end=501798712 input_send_duration_ms=0 bytes=612
[2026-02-02 22:49:16.504] [info] [spider.worker] [TIMING] task_id=669778f9-f200-4402-bcf5-2e67969f38dc func=job_orchestration.executor.query.spider_search_task.search_without_channel spawn_start=501798712 spawn_end=501798712 spawn_duration_ms=0
[2026-02-02 22:49:17.895] [info] [spider.worker] [TIMING] task_id=669778f9-f200-4402-bcf5-2e67969f38dc func=job_orchestration.executor.query.spider_search_task.search_without_channel execution_start=501798712 execution_end=501800103 execution_duration_ms=1390
[2026-02-02 22:49:17.903] [info] [spider.worker] [TIMING] task_id=669778f9-f200-4402-bcf5-2e67969f38dc func=job_orchestration.executor.query.spider_search_task.search_without_channel submit_output_start=501800105 submit_output_end=501800111 submit_output_duration_ms=6
[2026-02-02 22:49:17.911] [info] [spider.worker] [TIMING] worker_id=027dee0b-a956-4d41-9e62-8f43be456421 task_id=e638f236-2afd-4cb8-9068-2d203af15173 get_next_task request_start=501800113 connect_end=501800114 send_end=501800114 receive_end=501800115 connect_duration_ms=0 send_duration_ms=0 receive_duration_ms=0 total_duration_ms=1
[2026-02-02 22:49:17.913] [info] [spider.worker] [TIMING] task_id=e638f236-2afd-4cb8-9068-2d203af15173 func=job_orchestration.executor.query.spider_search_task.search_without_channel fetch_input_start=501800121 fetch_input_end=501800122 fetch_input_duration_ms=1
[2026-02-02 22:49:17.914] [info] [spider.worker] [TIMING] task_id=e638f236-2afd-4cb8-9068-2d203af15173 func=job_orchestration.executor.query.spider_search_task.search_without_channel input_send_start=501800122 input_send_end=501800122 input_send_duration_ms=0 bytes=612
[2026-02-02 22:49:17.914] [info] [spider.worker] [TIMING] task_id=e638f236-2afd-4cb8-9068-2d203af15173 func=job_orchestration.executor.query.spider_search_task.search_without_channel spawn_start=501800122 spawn_end=501800122 spawn_duration_ms=0
[2026-02-02 22:49:19.305] [info] [spider.worker] [TIMING] task_id=e638f236-2afd-4cb8-9068-2d203af15173 func=job_orchestration.executor.query.spider_search_task.search_without_channel execution_start=501800123 execution_end=501801513 execution_duration_ms=1390
[2026-02-02 22:49:19.328] [info] [spider.worker] [TIMING] task_id=e638f236-2afd-4cb8-9068-2d203af15173 func=job_orchestration.executor.query.spider_search_task.search_without_channel submit_output_start=501801516 submit_output_end=501801536 submit_output_duration_ms=19
[2026-02-02 22:49:19.336] [info] [spider.worker] [TIMING] worker_id=027dee0b-a956-4d41-9e62-8f43be456421 task_id=3b7a9d04-c1f0-4463-b14e-30ea8b97cdc3 get_next_task request_start=501801538 connect_end=501801539 send_end=501801539 receive_end=501801539 connect_duration_ms=0 send_duration_ms=0 receive_duration_ms=0 total_duration_ms=1
[2026-02-02 22:49:19.339] [info] [spider.worker] [TIMING] task_id=3b7a9d04-c1f0-4463-b14e-30ea8b97cdc3 func=job_orchestration.executor.query.spider_search_task.search_without_channel fetch_input_start=501801546 fetch_input_end=501801547 fetch_input_duration_ms=0
[2026-02-02 22:49:19.339] [info] [spider.worker] [TIMING] task_id=3b7a9d04-c1f0-4463-b14e-30ea8b97cdc3 func=job_orchestration.executor.query.spider_search_task.search_without_channel input_send_start=501801548 input_send_end=501801548 input_send_duration_ms=0 bytes=612
[2026-02-02 22:49:19.339] [info] [spider.worker] [TIMING] task_id=3b7a9d04-c1f0-4463-b14e-30ea8b97cdc3 func=job_orchestration.executor.query.spider_search_task.search_without_channel spawn_start=501801547 spawn_end=501801548 spawn_duration_ms=0
[2026-02-02 22:49:20.640] [info] [spider.worker] [TIMING] task_id=3b7a9d04-c1f0-4463-b14e-30ea8b97cdc3 func=job_orchestration.executor.query.spider_search_task.search_without_channel execution_start=501801548 execution_end=501802848 execution_duration_ms=1300
[2026-02-02 22:49:20.653] [info] [spider.worker] [TIMING] task_id=3b7a9d04-c1f0-4463-b14e-30ea8b97cdc3 func=job_orchestration.executor.query.spider_search_task.search_without_channel submit_output_start=501802850 submit_output_end=501802861 submit_output_duration_ms=11
[2026-02-02 22:49:20.670] [info] [spider.worker] [TIMING] worker_id=027dee0b-a956-4d41-9e62-8f43be456421 task_id=fb928ff9-051e-4ce7-86d4-0fd59ee0a60b get_next_task request_start=501802864 connect_end=501802865 send_end=501802865 receive_end=501802865 connect_duration_ms=0 send_duration_ms=0 receive_duration_ms=0 total_duration_ms=1
[2026-02-02 22:49:20.673] [info] [spider.worker] [TIMING] task_id=fb928ff9-051e-4ce7-86d4-0fd59ee0a60b func=job_orchestration.executor.query.spider_search_task.search_without_channel fetch_input_start=501802880 fetch_input_end=501802881 fetch_input_duration_ms=1
[2026-02-02 22:49:20.673] [info] [spider.worker] [TIMING] task_id=fb928ff9-051e-4ce7-86d4-0fd59ee0a60b func=job_orchestration.executor.query.spider_search_task.search_without_channel input_send_start=501802882 input_send_end=501802882 input_send_duration_ms=0 bytes=612
[2026-02-02 22:49:20.673] [info] [spider.worker] [TIMING] task_id=fb928ff9-051e-4ce7-86d4-0fd59ee0a60b func=job_orchestration.executor.query.spider_search_task.search_without_channel spawn_start=501802881 spawn_end=501802882 spawn_duration_ms=0
[2026-02-02 22:49:22.081] [info] [spider.worker] [TIMING] task_id=fb928ff9-051e-4ce7-86d4-0fd59ee0a60b func=job_orchestration.executor.query.spider_search_task.search_without_channel execution_start=501802882 execution_end=501804289 execution_duration_ms=1407
[2026-02-02 22:49:22.114] [info] [spider.worker] [TIMING] task_id=fb928ff9-051e-4ce7-86d4-0fd59ee0a60b func=job_orchestration.executor.query.spider_search_task.search_without_channel submit_output_start=501804291 submit_output_end=501804322 submit_output_duration_ms=31
[2026-02-02 22:49:22.136] [info] [spider.worker] [TIMING] worker_id=027dee0b-a956-4d41-9e62-8f43be456421 task_id=07cd0f43-1a2d-4b83-bc33-b2ba45e2adab get_next_task request_start=501804324 connect_end=501804325 send_end=501804325 receive_end=501804325 connect_duration_ms=0 send_duration_ms=0 receive_duration_ms=0 total_duration_ms=0
[2026-02-02 22:49:22.139] [info] [spider.worker] [TIMING] task_id=07cd0f43-1a2d-4b83-bc33-b2ba45e2adab func=job_orchestration.executor.query.spider_search_task.search_without_channel fetch_input_start=501804346 fetch_input_end=501804347 fetch_input_duration_ms=0
[2026-02-02 22:49:22.139] [info] [spider.worker] [TIMING] task_id=07cd0f43-1a2d-4b83-bc33-b2ba45e2adab func=job_orchestration.executor.query.spider_search_task.search_without_channel input_send_start=501804347 input_send_end=501804347 input_send_duration_ms=0 bytes=612
[2026-02-02 22:49:22.139] [info] [spider.worker] [TIMING] task_id=07cd0f43-1a2d-4b83-bc33-b2ba45e2adab func=job_orchestration.executor.query.spider_search_task.search_without_channel spawn_start=501804347 spawn_end=501804347 spawn_duration_ms=0
[2026-02-02 22:49:23.651] [info] [spider.worker] [TIMING] task_id=07cd0f43-1a2d-4b83-bc33-b2ba45e2adab func=job_orchestration.executor.query.spider_search_task.search_without_channel execution_start=501804348 execution_end=501805859 execution_duration_ms=1511
[2026-02-02 22:49:23.678] [info] [spider.worker] [TIMING] task_id=07cd0f43-1a2d-4b83-bc33-b2ba45e2adab func=job_orchestration.executor.query.spider_search_task.search_without_channel submit_output_start=501805861 submit_output_end=501805886 submit_output_duration_ms=25
[2026-02-02 22:49:23.684] [info] [spider.worker] [TIMING] worker_id=027dee0b-a956-4d41-9e62-8f43be456421 task_id=none get_next_task request_start=501805889 connect_end=501805890 send_end=501805890 receive_end=501805892 connect_duration_ms=0 send_duration_ms=0 receive_duration_ms=2 total_duration_ms=3
[2026-02-02 22:49:23.791] [info] [spider.worker] [TIMING] worker_id=027dee0b-a956-4d41-9e62-8f43be456421 task_id=none get_next_task request_start=501805995 connect_end=501805996 send_end=501805996 receive_end=501805999 connect_duration_ms=0 send_duration_ms=0 receive_duration_ms=3 total_duration_ms=4
[2026-02-02 22:49:23.904] [info] [spider.worker] [TIMING] worker_id=027dee0b-a956-4d41-9e62-8f43be456421 task_id=none get_next_task request_start=501806101 connect_end=501806102 send_end=501806102 receive_end=501806113 connect_duration_ms=0 send_duration_ms=0 receive_duration_ms=10 total_duration_ms=11
[2026-02-02 22:49:24.010] [info] [spider.worker] [TIMING] worker_id=027dee0b-a956-4d41-9e62-8f43be456421 task_id=none get_next_task request_start=501806215 connect_end=501806216 send_end=501806216 receive_end=501806218 connect_duration_ms=0 send_duration_ms=0 receive_duration_ms=1 total_duration_ms=2
[2026-02-02 22:49:24.114] [info] [spider.worker] [TIMING] worker_id=027dee0b-a956-4d41-9e62-8f43be456421 task_id=none get_next_task request_start=501806320 connect_end=501806321 send_end=501806321 receive_end=501806323 connect_duration_ms=0 send_duration_ms=0 receive_duration_ms=1 total_duration_ms=2
[2026-02-02 22:49:24.219] [info] [spider.worker] [TIMING] worker_id=027dee0b-a956-4d41-9e62-8f43be456421 task_id=none get_next_task request_start=501806424 connect_end=501806425 send_end=501806425 receive_end=501806427 connect_duration_ms=0 send_duration_ms=0 receive_duration_ms=1 total_duration_ms=2
[2026-02-02 22:49:24.325] [info] [spider.worker] [TIMING] worker_id=027dee0b-a956-4d41-9e62-8f43be456421 task_id=none get_next_task request_start=501806529 connect_end=501806530 send_end=501806530 receive_end=501806533 connect_duration_ms=0 send_duration_ms=0 receive_duration_ms=2 total_duration_ms=3
[2026-02-02 22:49:24.430] [info] [spider.worker] [TIMING] worker_id=027dee0b-a956-4d41-9e62-8f43be456421 task_id=none get_next_task request_start=501806636 connect_end=501806637 send_end=501806637 receive_end=501806639 connect_duration_ms=0 send_duration_ms=0 receive_duration_ms=1 total_duration_ms=2
[2026-02-02 22:49:24.536] [info] [spider.worker] [TIMING] worker_id=027dee0b-a956-4d41-9e62-8f43be456421 task_id=none get_next_task request_start=501806741 connect_end=501806741 send_end=501806741 receive_end=501806745 connect_duration_ms=0 send_duration_ms=0 receive_duration_ms=3 total_duration_ms=3
[2026-02-02 22:49:24.651] [info] [spider.worker] [TIMING] worker_id=027dee0b-a956-4d41-9e62-8f43be456421 task_id=none get_next_task request_start=501806856 connect_end=501806857 send_end=501806857 receive_end=501806860 connect_duration_ms=0 send_duration_ms=0 receive_duration_ms=2 total_duration_ms=3
[2026-02-02 22:49:24.758] [info] [spider.worker] [TIMING] worker_id=027dee0b-a956-4d41-9e62-8f43be456421 task_id=none get_next_task request_start=501806962 connect_end=501806963 send_end=501806963 receive_end=501806967 connect_duration_ms=1 send_duration_ms=0 receive_duration_ms=3 total_duration_ms=4
[2026-02-02 22:49:24.900] [info] [spider.worker] [TIMING] worker_id=027dee0b-a956-4d41-9e62-8f43be456421 task_id=none get_next_task request_start=501807068 connect_end=501807069 send_end=501807069 receive_end=501807109 connect_duration_ms=0 send_duration_ms=0 receive_duration_ms=39 total_duration_ms=40
[2026-02-02 22:49:25.020] [info] [spider.worker] [TIMING] worker_id=027dee0b-a956-4d41-9e62-8f43be456421 task_id=none get_next_task request_start=501807211 connect_end=501807212 send_end=501807212 receive_end=501807229 connect_duration_ms=0 send_duration_ms=0 receive_duration_ms=16 total_duration_ms=17
[2026-02-02 22:49:25.145] [info] [spider.worker] [TIMING] worker_id=027dee0b-a956-4d41-9e62-8f43be456421 task_id=none get_next_task request_start=501807331 connect_end=501807332 send_end=501807332 receive_end=501807354 connect_duration_ms=0 send_duration_ms=0 receive_duration_ms=21 total_duration_ms=22
[2026-02-02 22:49:25.251] [info] [spider.worker] [TIMING] worker_id=027dee0b-a956-4d41-9e62-8f43be456421 task_id=none get_next_task request_start=501807456 connect_end=501807457 send_end=501807457 receive_end=501807460 connect_duration_ms=0 send_duration_ms=0 receive_duration_ms=2 total_duration_ms=3
[2026-02-02 22:49:25.357] [info] [spider.worker] [TIMING] worker_id=027dee0b-a956-4d41-9e62-8f43be456421 task_id=none get_next_task request_start=501807561 connect_end=501807562 send_end=501807562 receive_end=501807566 connect_duration_ms=1 send_duration_ms=0 receive_duration_ms=3 total_duration_ms=4
[2026-02-02 22:49:25.464] [info] [spider.worker] [TIMING] worker_id=027dee0b-a956-4d41-9e62-8f43be456421 task_id=none get_next_task request_start=501807669 connect_end=501807670 send_end=501807670 receive_end=501807673 connect_duration_ms=1 send_duration_ms=0 receive_duration_ms=2 total_duration_ms=4
[2026-02-02 22:49:25.571] [info] [spider.worker] [TIMING] worker_id=027dee0b-a956-4d41-9e62-8f43be456421 task_id=none get_next_task request_start=501807775 connect_end=501807776 send_end=501807776 receive_end=501807780 connect_duration_ms=1 send_duration_ms=0 receive_duration_ms=3 total_duration_ms=4
[2026-02-02 22:49:25.675] [info] [spider.worker] [TIMING] worker_id=027dee0b-a956-4d41-9e62-8f43be456421 task_id=none get_next_task request_start=501807881 connect_end=501807882 send_end=501807882 receive_end=501807883 connect_duration_ms=0 send_duration_ms=0 receive_duration_ms=1 total_duration_ms=1
[2026-02-02 22:49:25.779] [info] [spider.worker] [TIMING] worker_id=027dee0b-a956-4d41-9e62-8f43be456421 task_id=none get_next_task request_start=501807984 connect_end=501807985 send_end=501807985 receive_end=501807987 connect_duration_ms=0 send_duration_ms=0 receive_duration_ms=1 total_duration_ms=2
[2026-02-02 22:49:25.886] [info] [spider.worker] [TIMING] worker_id=027dee0b-a956-4d41-9e62-8f43be456421 task_id=none get_next_task request_start=501808090 connect_end=501808091 send_end=501808091 receive_end=501808094 connect_duration_ms=1 send_duration_ms=0 receive_duration_ms=3 total_duration_ms=4
[2026-02-02 22:49:26.007] [info] [spider.worker] [TIMING] worker_id=027dee0b-a956-4d41-9e62-8f43be456421 task_id=none get_next_task request_start=501808208 connect_end=501808209 send_end=501808209 receive_end=501808215 connect_duration_ms=1 send_duration_ms=0 receive_duration_ms=5 total_duration_ms=7
[2026-02-02 22:49:26.115] [info] [spider.worker] [TIMING] worker_id=027dee0b-a956-4d41-9e62-8f43be456421 task_id=none get_next_task request_start=501808318 connect_end=501808319 send_end=501808319 receive_end=501808323 connect_duration_ms=1 send_duration_ms=0 receive_duration_ms=3 total_duration_ms=4
[2026-02-02 22:49:26.221] [info] [spider.worker] [TIMING] worker_id=027dee0b-a956-4d41-9e62-8f43be456421 task_id=none get_next_task request_start=501808426 connect_end=501808427 send_end=501808427 receive_end=501808430 connect_duration_ms=1 send_duration_ms=0 receive_duration_ms=2 total_duration_ms=3
[2026-02-02 22:49:26.329] [info] [spider.worker] [TIMING] worker_id=027dee0b-a956-4d41-9e62-8f43be456421 task_id=none get_next_task request_start=501808532 connect_end=501808533 send_end=501808533 receive_end=501808537 connect_duration_ms=1 send_duration_ms=0 receive_duration_ms=3 total_duration_ms=4
[2026-02-02 22:49:26.435] [info] [spider.worker] [TIMING] worker_id=027dee0b-a956-4d41-9e62-8f43be456421 task_id=none get_next_task request_start=501808638 connect_end=501808639 send_end=501808639 receive_end=501808643 connect_duration_ms=0 send_duration_ms=0 receive_duration_ms=4 total_duration_ms=4
[2026-02-02 22:49:26.540] [info] [spider.worker] [TIMING] worker_id=027dee0b-a956-4d41-9e62-8f43be456421 task_id=none get_next_task request_start=501808746 connect_end=501808747 send_end=501808747 receive_end=501808748 connect_duration_ms=0 send_duration_ms=0 receive_duration_ms=1 total_duration_ms=2
[2026-02-02 22:49:26.645] [info] [spider.worker] [TIMING] worker_id=027dee0b-a956-4d41-9e62-8f43be456421 task_id=none get_next_task request_start=501808851 connect_end=501808852 send_end=501808852 receive_end=501808854 connect_duration_ms=0 send_duration_ms=0 receive_duration_ms=1 total_duration_ms=2
[2026-02-02 22:49:26.778] [info] [spider.worker] [TIMING] worker_id=027dee0b-a956-4d41-9e62-8f43be456421 task_id=none get_next_task request_start=501808955 connect_end=501808956 send_end=501808956 receive_end=501808986 connect_duration_ms=0 send_duration_ms=0 receive_duration_ms=30 total_duration_ms=30
[2026-02-02 22:49:26.885] [info] [spider.worker] [TIMING] worker_id=027dee0b-a956-4d41-9e62-8f43be456421 task_id=none get_next_task request_start=501809089 connect_end=501809089 send_end=501809089 receive_end=501809093 connect_duration_ms=0 send_duration_ms=0 receive_duration_ms=3 total_duration_ms=4
[2026-02-02 22:49:26.991] [info] [spider.worker] [TIMING] worker_id=027dee0b-a956-4d41-9e62-8f43be456421 task_id=none get_next_task request_start=501809195 connect_end=501809196 send_end=501809196 receive_end=501809200 connect_duration_ms=1 send_duration_ms=0 receive_duration_ms=3 total_duration_ms=4
[2026-02-02 22:49:27.097] [info] [spider.worker] [TIMING] worker_id=027dee0b-a956-4d41-9e62-8f43be456421 task_id=none get_next_task request_start=501809302 connect_end=501809303 send_end=501809303 receive_end=501809305 connect_duration_ms=0 send_duration_ms=0 receive_duration_ms=2 total_duration_ms=3
[2026-02-02 22:49:27.202] [info] [spider.worker] [TIMING] worker_id=027dee0b-a956-4d41-9e62-8f43be456421 task_id=none get_next_task request_start=501809407 connect_end=501809408 send_end=501809408 receive_end=501809410 connect_duration_ms=0 send_duration_ms=0 receive_duration_ms=1 total_duration_ms=2
[2026-02-02 22:49:27.306] [info] [spider.worker] [TIMING] worker_id=027dee0b-a956-4d41-9e62-8f43be456421 task_id=none get_next_task request_start=501809512 connect_end=501809513 send_end=501809513 receive_end=501809514 connect_duration_ms=0 send_duration_ms=0 receive_duration_ms=1 total_duration_ms=2
[2026-02-02 22:49:27.413] [info] [spider.worker] [TIMING] worker_id=027dee0b-a956-4d41-9e62-8f43be456421 task_id=none get_next_task request_start=501809617 connect_end=501809618 send_end=501809618 receive_end=501809621 connect_duration_ms=0 send_duration_ms=0 receive_duration_ms=3 total_duration_ms=4
[2026-02-02 22:49:27.519] [info] [spider.worker] [TIMING] worker_id=027dee0b-a956-4d41-9e62-8f43be456421 task_id=none get_next_task request_start=501809723 connect_end=501809724 send_end=501809724 receive_end=501809727 connect_duration_ms=1 send_duration_ms=0 receive_duration_ms=3 total_duration_ms=4
[2026-02-02 22:49:27.625] [info] [spider.worker] [TIMING] worker_id=027dee0b-a956-4d41-9e62-8f43be456421 task_id=none get_next_task request_start=501809830 connect_end=501809830 send_end=501809830 receive_end=501809834 connect_duration_ms=0 send_duration_ms=0 receive_duration_ms=3 total_duration_ms=4
[2026-02-02 22:49:27.731] [info] [spider.worker] [TIMING] worker_id=027dee0b-a956-4d41-9e62-8f43be456421 task_id=none get_next_task request_start=501809936 connect_end=501809936 send_end=501809936 receive_end=501809939 connect_duration_ms=0 send_duration_ms=0 receive_duration_ms=2 total_duration_ms=3
[2026-02-02 22:49:27.838] [info] [spider.worker] [TIMING] worker_id=027dee0b-a956-4d41-9e62-8f43be456421 task_id=none get_next_task request_start=501810042 connect_end=501810043 send_end=501810043 receive_end=501810046 connect_duration_ms=1 send_duration_ms=0 receive_duration_ms=3 total_duration_ms=4
[2026-02-02 22:49:27.945] [info] [spider.worker] [TIMING] worker_id=027dee0b-a956-4d41-9e62-8f43be456421 task_id=none get_next_task request_start=501810149 connect_end=501810150 send_end=501810150 receive_end=501810153 connect_duration_ms=1 send_duration_ms=0 receive_duration_ms=3 total_duration_ms=4
[2026-02-02 22:49:28.052] [info] [spider.worker] [TIMING] worker_id=027dee0b-a956-4d41-9e62-8f43be456421 task_id=none get_next_task request_start=501810256 connect_end=501810257 send_end=501810257 receive_end=501810260 connect_duration_ms=0 send_duration_ms=0 receive_duration_ms=3 total_duration_ms=4
[2026-02-02 22:49:28.157] [info] [spider.worker] [TIMING] worker_id=027dee0b-a956-4d41-9e62-8f43be456421 task_id=none get_next_task request_start=501810362 connect_end=501810363 send_end=501810363 receive_end=501810365 connect_duration_ms=0 send_duration_ms=0 receive_duration_ms=2 total_duration_ms=3
[2026-02-02 22:49:28.262] [info] [spider.worker] [TIMING] worker_id=027dee0b-a956-4d41-9e62-8f43be456421 task_id=none get_next_task request_start=501810467 connect_end=501810468 send_end=501810468 receive_end=501810471 connect_duration_ms=0 send_duration_ms=0 receive_duration_ms=2 total_duration_ms=3
[2026-02-02 22:49:28.367] [info] [spider.worker] [TIMING] worker_id=027dee0b-a956-4d41-9e62-8f43be456421 task_id=none get_next_task request_start=501810572 connect_end=501810573 send_end=501810573 receive_end=501810575 connect_duration_ms=0 send_duration_ms=0 receive_duration_ms=2 total_duration_ms=2
[2026-02-02 22:49:28.471] [info] [spider.worker] [TIMING] worker_id=027dee0b-a956-4d41-9e62-8f43be456421 task_id=none get_next_task request_start=501810677 connect_end=501810677 send_end=501810677 receive_end=501810680 connect_duration_ms=0 send_duration_ms=0 receive_duration_ms=2 total_duration_ms=2
[2026-02-02 22:49:28.575] [info] [spider.worker] [TIMING] worker_id=027dee0b-a956-4d41-9e62-8f43be456421 task_id=none get_next_task request_start=501810781 connect_end=501810782 send_end=501810782 receive_end=501810784 connect_duration_ms=0 send_duration_ms=0 receive_duration_ms=1 total_duration_ms=2
[2026-02-02 22:49:28.682] [info] [spider.worker] [TIMING] worker_id=027dee0b-a956-4d41-9e62-8f43be456421 task_id=none get_next_task request_start=501810886 connect_end=501810887 send_end=501810887 receive_end=501810890 connect_duration_ms=0 send_duration_ms=0 receive_duration_ms=2 total_duration_ms=3
[2026-02-02 22:49:28.789] [info] [spider.worker] [TIMING] worker_id=027dee0b-a956-4d41-9e62-8f43be456421 task_id=none get_next_task request_start=501810993 connect_end=501810994 send_end=501810994 receive_end=501810997 connect_duration_ms=1 send_duration_ms=0 receive_duration_ms=2 total_duration_ms=3
[2026-02-02 22:49:28.893] [info] [spider.worker] [TIMING] worker_id=027dee0b-a956-4d41-9e62-8f43be456421 task_id=none get_next_task request_start=501811099 connect_end=501811100 send_end=501811100 receive_end=501811102 connect_duration_ms=0 send_duration_ms=0 receive_duration_ms=1 total_duration_ms=2
[2026-02-02 22:49:29.000] [info] [spider.worker] [TIMING] worker_id=027dee0b-a956-4d41-9e62-8f43be456421 task_id=none get_next_task request_start=501811204 connect_end=501811205 send_end=501811205 receive_end=501811209 connect_duration_ms=1 send_duration_ms=0 receive_duration_ms=3 total_duration_ms=4
[2026-02-02 22:49:29.105] [info] [spider.worker] [TIMING] worker_id=027dee0b-a956-4d41-9e62-8f43be456421 task_id=none get_next_task request_start=501811311 connect_end=501811312 send_end=501811312 receive_end=501811314 connect_duration_ms=0 send_duration_ms=0 receive_duration_ms=1 total_duration_ms=2
[2026-02-02 22:49:29.212] [info] [spider.worker] [TIMING] worker_id=027dee0b-a956-4d41-9e62-8f43be456421 task_id=none get_next_task request_start=501811416 connect_end=501811417 send_end=501811417 receive_end=501811421 connect_duration_ms=1 send_duration_ms=0 receive_duration_ms=3 total_duration_ms=4
[2026-02-02 22:49:29.319] [info] [spider.worker] [TIMING] worker_id=027dee0b-a956-4d41-9e62-8f43be456421 task_id=none get_next_task request_start=501811523 connect_end=501811524 send_end=501811524 receive_end=501811528 connect_duration_ms=1 send_duration_ms=0 receive_duration_ms=3 total_duration_ms=4
[2026-02-02 22:49:29.426] [info] [spider.worker] [TIMING] worker_id=027dee0b-a956-4d41-9e62-8f43be456421 task_id=none get_next_task request_start=501811630 connect_end=501811631 send_end=501811631 receive_end=501811634 connect_duration_ms=1 send_duration_ms=0 receive_duration_ms=3 total_duration_ms=4
[2026-02-02 22:49:29.533] [info] [spider.worker] [TIMING] worker_id=027dee0b-a956-4d41-9e62-8f43be456421 task_id=none get_next_task request_start=501811737 connect_end=501811738 send_end=501811738 receive_end=501811742 connect_duration_ms=1 send_duration_ms=0 receive_duration_ms=3 total_duration_ms=4
[2026-02-02 22:49:29.640] [info] [spider.worker] [TIMING] worker_id=027dee0b-a956-4d41-9e62-8f43be456421 task_id=none get_next_task request_start=501811844 connect_end=501811845 send_end=501811845 receive_end=501811848 connect_duration_ms=0 send_duration_ms=0 receive_duration_ms=3 total_duration_ms=4
[2026-02-02 22:49:29.748] [info] [spider.worker] [TIMING] worker_id=027dee0b-a956-4d41-9e62-8f43be456421 task_id=none get_next_task request_start=501811951 connect_end=501811953 send_end=501811953 receive_end=501811956 connect_duration_ms=1 send_duration_ms=0 receive_duration_ms=3 total_duration_ms=4
[2026-02-02 22:49:29.855] [info] [spider.worker] [TIMING] worker_id=027dee0b-a956-4d41-9e62-8f43be456421 task_id=none get_next_task request_start=501812059 connect_end=501812060 send_end=501812060 receive_end=501812064 connect_duration_ms=1 send_duration_ms=0 receive_duration_ms=3 total_duration_ms=4
[2026-02-02 22:49:29.961] [info] [spider.worker] [TIMING] worker_id=027dee0b-a956-4d41-9e62-8f43be456421 task_id=none get_next_task request_start=501812166 connect_end=501812167 send_end=501812167 receive_end=501812169 connect_duration_ms=1 send_duration_ms=0 receive_duration_ms=2 total_duration_ms=3
[2026-02-02 22:49:30.068] [info] [spider.worker] [TIMING] worker_id=027dee0b-a956-4d41-9e62-8f43be456421 task_id=none get_next_task request_start=501812272 connect_end=501812273 send_end=501812273 receive_end=501812277 connect_duration_ms=1 send_duration_ms=0 receive_duration_ms=3 total_duration_ms=4
[2026-02-02 22:49:30.175] [info] [spider.worker] [TIMING] worker_id=027dee0b-a956-4d41-9e62-8f43be456421 task_id=none get_next_task request_start=501812379 connect_end=501812380 send_end=501812380 receive_end=501812383 connect_duration_ms=1 send_duration_ms=0 receive_duration_ms=3 total_duration_ms=4
[2026-02-02 22:49:30.280] [info] [spider.worker] [TIMING] worker_id=027dee0b-a956-4d41-9e62-8f43be456421 task_id=none get_next_task request_start=501812485 connect_end=501812486 send_end=501812486 receive_end=501812488 connect_duration_ms=0 send_duration_ms=0 receive_duration_ms=2 total_duration_ms=3
[2026-02-02 22:49:30.388] [info] [spider.worker] [TIMING] worker_id=027dee0b-a956-4d41-9e62-8f43be456421 task_id=none get_next_task request_start=501812591 connect_end=501812593 send_end=501812593 receive_end=501812596 connect_duration_ms=1 send_duration_ms=0 receive_duration_ms=3 total_duration_ms=4
[2026-02-02 22:49:30.494] [info] [spider.worker] [TIMING] worker_id=027dee0b-a956-4d41-9e62-8f43be456421 task_id=none get_next_task request_start=501812699 connect_end=501812700 send_end=501812700 receive_end=501812703 connect_duration_ms=1 send_duration_ms=0 receive_duration_ms=2 total_duration_ms=4
[2026-02-02 22:49:30.601] [info] [spider.worker] [TIMING] worker_id=027dee0b-a956-4d41-9e62-8f43be456421 task_id=none get_next_task request_start=501812805 connect_end=501812806 send_end=501812806 receive_end=501812810 connect_duration_ms=1 send_duration_ms=0 receive_duration_ms=3 total_duration_ms=4
[2026-02-02 22:49:30.708] [info] [spider.worker] [TIMING] worker_id=027dee0b-a956-4d41-9e62-8f43be456421 task_id=none get_next_task request_start=501812913 connect_end=501812914 send_end=501812914 receive_end=501812916 connect_duration_ms=1 send_duration_ms=0 receive_duration_ms=2 total_duration_ms=3
[2026-02-02 22:49:30.815] [info] [spider.worker] [TIMING] worker_id=027dee0b-a956-4d41-9e62-8f43be456421 task_id=none get_next_task request_start=501813019 connect_end=501813020 send_end=501813020 receive_end=501813023 connect_duration_ms=1 send_duration_ms=0 receive_duration_ms=3 total_duration_ms=4
[2026-02-02 22:49:30.921] [info] [spider.worker] [TIMING] worker_id=027dee0b-a956-4d41-9e62-8f43be456421 task_id=none get_next_task request_start=501813125 connect_end=501813126 send_end=501813126 receive_end=501813130 connect_duration_ms=1 send_duration_ms=0 receive_duration_ms=3 total_duration_ms=4
[2026-02-02 22:49:31.028] [info] [spider.worker] [TIMING] worker_id=027dee0b-a956-4d41-9e62-8f43be456421 task_id=none get_next_task request_start=501813232 connect_end=501813233 send_end=501813233 receive_end=501813237 connect_duration_ms=1 send_duration_ms=0 receive_duration_ms=3 total_duration_ms=4
[2026-02-02 22:49:31.133] [info] [spider.worker] [TIMING] worker_id=027dee0b-a956-4d41-9e62-8f43be456421 task_id=none get_next_task request_start=501813338 connect_end=501813339 send_end=501813339 receive_end=501813341 connect_duration_ms=0 send_duration_ms=0 receive_duration_ms=1 total_duration_ms=2
[2026-02-02 22:49:31.240] [info] [spider.worker] [TIMING] worker_id=027dee0b-a956-4d41-9e62-8f43be456421 task_id=none get_next_task request_start=501813443 connect_end=501813445 send_end=501813445 receive_end=501813448 connect_duration_ms=1 send_duration_ms=0 receive_duration_ms=3 total_duration_ms=4
[2026-02-02 22:49:31.344] [info] [spider.worker] [TIMING] worker_id=027dee0b-a956-4d41-9e62-8f43be456421 task_id=none get_next_task request_start=501813550 connect_end=501813551 send_end=501813551 receive_end=501813552 connect_duration_ms=0 send_duration_ms=0 receive_duration_ms=1 total_duration_ms=2
[2026-02-02 22:49:31.448] [info] [spider.worker] [TIMING] worker_id=027dee0b-a956-4d41-9e62-8f43be456421 task_id=none get_next_task request_start=501813654 connect_end=501813655 send_end=501813655 receive_end=501813657 connect_duration_ms=0 send_duration_ms=0 receive_duration_ms=2 total_duration_ms=3
[2026-02-02 22:49:31.568] [info] [spider.worker] [TIMING] worker_id=027dee0b-a956-4d41-9e62-8f43be456421 task_id=none get_next_task request_start=501813772 connect_end=501813773 send_end=501813773 receive_end=501813777 connect_duration_ms=0 send_duration_ms=0 receive_duration_ms=4 total_duration_ms=4
[2026-02-02 22:49:31.677] [info] [spider.worker] [TIMING] worker_id=027dee0b-a956-4d41-9e62-8f43be456421 task_id=none get_next_task request_start=501813879 connect_end=501813880 send_end=501813880 receive_end=501813885 connect_duration_ms=1 send_duration_ms=0 receive_duration_ms=4 total_duration_ms=6
[2026-02-02 22:49:31.786] [info] [spider.worker] [TIMING] worker_id=027dee0b-a956-4d41-9e62-8f43be456421 task_id=none get_next_task request_start=501813988 connect_end=501813989 send_end=501813989 receive_end=501813994 connect_duration_ms=1 send_duration_ms=0 receive_duration_ms=5 total_duration_ms=6
[2026-02-02 22:49:31.893] [info] [spider.worker] [TIMING] worker_id=027dee0b-a956-4d41-9e62-8f43be456421 task_id=none get_next_task request_start=501814097 connect_end=501814098 send_end=501814098 receive_end=501814102 connect_duration_ms=1 send_duration_ms=0 receive_duration_ms=3 total_duration_ms=4
[2026-02-02 22:49:32.000] [info] [spider.worker] [TIMING] worker_id=027dee0b-a956-4d41-9e62-8f43be456421 task_id=none get_next_task request_start=501814204 connect_end=501814205 send_end=501814205 receive_end=501814209 connect_duration_ms=1 send_duration_ms=0 receive_duration_ms=3 total_duration_ms=4
[2026-02-02 22:49:32.108] [info] [spider.worker] [TIMING] worker_id=027dee0b-a956-4d41-9e62-8f43be456421 task_id=none get_next_task request_start=501814311 connect_end=501814312 send_end=501814312 receive_end=501814316 connect_duration_ms=0 send_duration_ms=0 receive_duration_ms=4 total_duration_ms=5
[2026-02-02 22:49:32.217] [info] [spider.worker] [TIMING] worker_id=027dee0b-a956-4d41-9e62-8f43be456421 task_id=none get_next_task request_start=501814419 connect_end=501814421 send_end=501814421 receive_end=501814425 connect_duration_ms=1 send_duration_ms=0 receive_duration_ms=4 total_duration_ms=5
[2026-02-02 22:49:32.324] [info] [spider.worker] [TIMING] worker_id=027dee0b-a956-4d41-9e62-8f43be456421 task_id=none get_next_task request_start=501814528 connect_end=501814529 send_end=501814529 receive_end=501814532 connect_duration_ms=1 send_duration_ms=0 receive_duration_ms=3 total_duration_ms=4
[2026-02-02 22:49:32.441] [info] [spider.worker] [TIMING] worker_id=027dee0b-a956-4d41-9e62-8f43be456421 task_id=none get_next_task request_start=501814635 connect_end=501814636 send_end=501814636 receive_end=501814649 connect_duration_ms=1 send_duration_ms=0 receive_duration_ms=13 total_duration_ms=14
[2026-02-02 22:49:32.548] [info] [spider.worker] [TIMING] worker_id=027dee0b-a956-4d41-9e62-8f43be456421 task_id=none get_next_task request_start=501814752 connect_end=501814754 send_end=501814754 receive_end=501814757 connect_duration_ms=1 send_duration_ms=0 receive_duration_ms=3 total_duration_ms=4
[2026-02-02 22:49:32.655] [info] [spider.worker] [TIMING] worker_id=027dee0b-a956-4d41-9e62-8f43be456421 task_id=none get_next_task request_start=501814859 connect_end=501814860 send_end=501814861 receive_end=501814864 connect_duration_ms=1 send_duration_ms=0 receive_duration_ms=3 total_duration_ms=4
[2026-02-02 22:49:32.763] [info] [spider.worker] [TIMING] worker_id=027dee0b-a956-4d41-9e62-8f43be456421 task_id=none get_next_task request_start=501814966 connect_end=501814968 send_end=501814968 receive_end=501814971 connect_duration_ms=1 send_duration_ms=0 receive_duration_ms=3 total_duration_ms=4
[2026-02-02 22:49:32.870] [info] [spider.worker] [TIMING] worker_id=027dee0b-a956-4d41-9e62-8f43be456421 task_id=none get_next_task request_start=501815074 connect_end=501815075 send_end=501815075 receive_end=501815078 connect_duration_ms=1 send_duration_ms=0 receive_duration_ms=3 total_duration_ms=4
[2026-02-02 22:49:32.977] [info] [spider.worker] [TIMING] worker_id=027dee0b-a956-4d41-9e62-8f43be456421 task_id=none get_next_task request_start=501815181 connect_end=501815182 send_end=501815182 receive_end=501815186 connect_duration_ms=1 send_duration_ms=0 receive_duration_ms=3 total_duration_ms=4
[2026-02-02 22:49:33.084] [info] [spider.worker] [TIMING] worker_id=027dee0b-a956-4d41-9e62-8f43be456421 task_id=none get_next_task request_start=501815289 connect_end=501815290 send_end=501815290 receive_end=501815292 connect_duration_ms=1 send_duration_ms=0 receive_duration_ms=2 total_duration_ms=3
[2026-02-02 22:49:33.191] [info] [spider.worker] [TIMING] worker_id=027dee0b-a956-4d41-9e62-8f43be456421 task_id=none get_next_task request_start=501815395 connect_end=501815396 send_end=501815396 receive_end=501815400 connect_duration_ms=1 send_duration_ms=0 receive_duration_ms=3 total_duration_ms=4
[2026-02-02 22:49:33.299] [info] [spider.worker] [TIMING] worker_id=027dee0b-a956-4d41-9e62-8f43be456421 task_id=none get_next_task request_start=501815502 connect_end=501815503 send_end=501815503 receive_end=501815507 connect_duration_ms=1 send_duration_ms=0 receive_duration_ms=3 total_duration_ms=4
[2026-02-02 22:49:33.405] [info] [spider.worker] [TIMING] worker_id=027dee0b-a956-4d41-9e62-8f43be456421 task_id=none get_next_task request_start=501815610 connect_end=501815611 send_end=501815611 receive_end=501815614 connect_duration_ms=1 send_duration_ms=0 receive_duration_ms=3 total_duration_ms=4
[2026-02-02 22:49:33.512] [info] [spider.worker] [TIMING] worker_id=027dee0b-a956-4d41-9e62-8f43be456421 task_id=none get_next_task request_start=501815716 connect_end=501815718 send_end=501815718 receive_end=501815721 connect_duration_ms=1 send_duration_ms=0 receive_duration_ms=3 total_duration_ms=4
[2026-02-02 22:49:33.619] [info] [spider.worker] [TIMING] worker_id=027dee0b-a956-4d41-9e62-8f43be456421 task_id=none get_next_task request_start=501815823 connect_end=501815824 send_end=501815824 receive_end=501815827 connect_duration_ms=1 send_duration_ms=0 receive_duration_ms=3 total_duration_ms=4
[2026-02-02 22:49:33.726] [info] [spider.worker] [TIMING] worker_id=027dee0b-a956-4d41-9e62-8f43be456421 task_id=none get_next_task request_start=501815930 connect_end=501815931 send_end=501815931 receive_end=501815934 connect_duration_ms=1 send_duration_ms=0 receive_duration_ms=2 total_duration_ms=4
[2026-02-02 22:49:33.834] [info] [spider.worker] [TIMING] worker_id=027dee0b-a956-4d41-9e62-8f43be456421 task_id=none get_next_task request_start=501816037 connect_end=501816038 send_end=501816038 receive_end=501816042 connect_duration_ms=1 send_duration_ms=0 receive_duration_ms=3 total_duration_ms=5
[2026-02-02 22:49:33.942] [info] [spider.worker] [TIMING] worker_id=027dee0b-a956-4d41-9e62-8f43be456421 task_id=none get_next_task request_start=501816145 connect_end=501816146 send_end=501816146 receive_end=501816150 connect_duration_ms=1 send_duration_ms=0 receive_duration_ms=3 total_duration_ms=5
[2026-02-02 22:49:34.049] [info] [spider.worker] [TIMING] worker_id=027dee0b-a956-4d41-9e62-8f43be456421 task_id=none get_next_task request_start=501816253 connect_end=501816254 send_end=501816254 receive_end=501816257 connect_duration_ms=1 send_duration_ms=0 receive_duration_ms=3 total_duration_ms=4
[2026-02-02 22:49:34.164] [info] [spider.worker] [TIMING] worker_id=027dee0b-a956-4d41-9e62-8f43be456421 task_id=none get_next_task request_start=501816359 connect_end=501816360 send_end=501816360 receive_end=501816372 connect_duration_ms=1 send_duration_ms=0 receive_duration_ms=11 total_duration_ms=12
[2026-02-02 22:49:34.270] [info] [spider.worker] [TIMING] worker_id=027dee0b-a956-4d41-9e62-8f43be456421 task_id=none get_next_task request_start=501816475 connect_end=501816476 send_end=501816476 receive_end=501816479 connect_duration_ms=1 send_duration_ms=0 receive_duration_ms=3 total_duration_ms=4
[2026-02-02 22:49:34.377] [info] [spider.worker] [TIMING] worker_id=027dee0b-a956-4d41-9e62-8f43be456421 task_id=none get_next_task request_start=501816581 connect_end=501816582 send_end=501816582 receive_end=501816585 connect_duration_ms=1 send_duration_ms=0 receive_duration_ms=3 total_duration_ms=4
[2026-02-02 22:49:34.483] [info] [spider.worker] [TIMING] worker_id=027dee0b-a956-4d41-9e62-8f43be456421 task_id=none get_next_task request_start=501816688 connect_end=501816689 send_end=501816689 receive_end=501816692 connect_duration_ms=0 send_duration_ms=0 receive_duration_ms=3 total_duration_ms=4
[2026-02-02 22:49:34.589] [info] [spider.worker] [TIMING] worker_id=027dee0b-a956-4d41-9e62-8f43be456421 task_id=none get_next_task request_start=501816794 connect_end=501816795 send_end=501816795 receive_end=501816797 connect_duration_ms=1 send_duration_ms=0 receive_duration_ms=1 total_duration_ms=3
[2026-02-02 22:49:34.695] [info] [spider.worker] [TIMING] worker_id=027dee0b-a956-4d41-9e62-8f43be456421 task_id=none get_next_task request_start=501816900 connect_end=501816901 send_end=501816901 receive_end=501816903 connect_duration_ms=1 send_duration_ms=0 receive_duration_ms=2 total_duration_ms=3
[2026-02-02 22:49:34.800] [info] [spider.worker] [TIMING] worker_id=027dee0b-a956-4d41-9e62-8f43be456421 task_id=none get_next_task request_start=501817006 connect_end=501817007 send_end=501817007 receive_end=501817009 connect_duration_ms=1 send_duration_ms=0 receive_duration_ms=1 total_duration_ms=2
[2026-02-02 22:49:34.917] [info] [spider.worker] [TIMING] worker_id=027dee0b-a956-4d41-9e62-8f43be456421 task_id=none get_next_task request_start=501817122 connect_end=501817123 send_end=501817123 receive_end=501817126 connect_duration_ms=1 send_duration_ms=0 receive_duration_ms=2 total_duration_ms=3
[2026-02-02 22:49:35.024] [info] [spider.worker] [TIMING] worker_id=027dee0b-a956-4d41-9e62-8f43be456421 task_id=none get_next_task request_start=501817228 connect_end=501817229 send_end=501817229 receive_end=501817233 connect_duration_ms=1 send_duration_ms=0 receive_duration_ms=3 total_duration_ms=4
[2026-02-02 22:49:35.132] [info] [spider.worker] [TIMING] worker_id=027dee0b-a956-4d41-9e62-8f43be456421 task_id=none get_next_task request_start=501817335 connect_end=501817337 send_end=501817337 receive_end=501817340 connect_duration_ms=1 send_duration_ms=0 receive_duration_ms=3 total_duration_ms=4
[2026-02-02 22:49:35.239] [info] [spider.worker] [TIMING] worker_id=027dee0b-a956-4d41-9e62-8f43be456421 task_id=none get_next_task request_start=501817443 connect_end=501817444 send_end=501817444 receive_end=501817447 connect_duration_ms=1 send_duration_ms=0 receive_duration_ms=3 total_duration_ms=4
[2026-02-02 22:49:35.344] [info] [spider.worker] [TIMING] worker_id=027dee0b-a956-4d41-9e62-8f43be456421 task_id=none get_next_task request_start=501817549 connect_end=501817550 send_end=501817550 receive_end=501817553 connect_duration_ms=0 send_duration_ms=0 receive_duration_ms=2 total_duration_ms=3
[2026-02-02 22:49:35.449] [info] [spider.worker] [TIMING] worker_id=027dee0b-a956-4d41-9e62-8f43be456421 task_id=none get_next_task request_start=501817655 connect_end=501817656 send_end=501817656 receive_end=501817658 connect_duration_ms=0 send_duration_ms=0 receive_duration_ms=1 total_duration_ms=2
[2026-02-02 22:49:35.553] [info] [spider.worker] [TIMING] worker_id=027dee0b-a956-4d41-9e62-8f43be456421 task_id=none get_next_task request_start=501817759 connect_end=501817760 send_end=501817760 receive_end=501817762 connect_duration_ms=0 send_duration_ms=0 receive_duration_ms=1 total_duration_ms=2
[2026-02-02 22:49:35.660] [info] [spider.worker] [TIMING] worker_id=027dee0b-a956-4d41-9e62-8f43be456421 task_id=none get_next_task request_start=501817864 connect_end=501817865 send_end=501817865 receive_end=501817868 connect_duration_ms=0 send_duration_ms=0 receive_duration_ms=3 total_duration_ms=3
[2026-02-02 22:49:35.764] [info] [spider.worker] [TIMING] worker_id=027dee0b-a956-4d41-9e62-8f43be456421 task_id=none get_next_task request_start=501817970 connect_end=501817970 send_end=501817970 receive_end=501817972 connect_duration_ms=0 send_duration_ms=0 receive_duration_ms=1 total_duration_ms=2
[2026-02-02 22:49:35.870] [info] [spider.worker] [TIMING] worker_id=027dee0b-a956-4d41-9e62-8f43be456421 task_id=none get_next_task request_start=501818074 connect_end=501818075 send_end=501818075 receive_end=501818078 connect_duration_ms=0 send_duration_ms=0 receive_duration_ms=3 total_duration_ms=4
[2026-02-02 22:49:35.977] [info] [spider.worker] [TIMING] worker_id=027dee0b-a956-4d41-9e62-8f43be456421 task_id=none get_next_task request_start=501818181 connect_end=501818182 send_end=501818182 receive_end=501818185 connect_duration_ms=1 send_duration_ms=0 receive_duration_ms=3 total_duration_ms=4
[2026-02-02 22:49:36.083] [info] [spider.worker] [TIMING] worker_id=027dee0b-a956-4d41-9e62-8f43be456421 task_id=none get_next_task request_start=501818288 connect_end=501818289 send_end=501818289 receive_end=501818291 connect_duration_ms=1 send_duration_ms=0 receive_duration_ms=2 total_duration_ms=3
[2026-02-02 22:49:36.188] [info] [spider.worker] [TIMING] worker_id=027dee0b-a956-4d41-9e62-8f43be456421 task_id=none get_next_task request_start=501818394 connect_end=501818395 send_end=501818395 receive_end=501818397 connect_duration_ms=1 send_duration_ms=0 receive_duration_ms=1 total_duration_ms=3
[2026-02-02 22:49:36.296] [info] [spider.worker] [TIMING] worker_id=027dee0b-a956-4d41-9e62-8f43be456421 task_id=none get_next_task request_start=501818499 connect_end=501818501 send_end=501818501 receive_end=501818504 connect_duration_ms=1 send_duration_ms=0 receive_duration_ms=3 total_duration_ms=4
[2026-02-02 22:49:36.402] [info] [spider.worker] [TIMING] worker_id=027dee0b-a956-4d41-9e62-8f43be456421 task_id=none get_next_task request_start=501818607 connect_end=501818608 send_end=501818609 receive_end=501818610 connect_duration_ms=1 send_duration_ms=0 receive_duration_ms=1 total_duration_ms=2
[2026-02-02 22:49:36.506] [info] [spider.worker] [TIMING] worker_id=027dee0b-a956-4d41-9e62-8f43be456421 task_id=none get_next_task request_start=501818712 connect_end=501818713 send_end=501818713 receive_end=501818715 connect_duration_ms=0 send_duration_ms=0 receive_duration_ms=1 total_duration_ms=2
[2026-02-02 22:49:36.611] [info] [spider.worker] [TIMING] worker_id=027dee0b-a956-4d41-9e62-8f43be456421 task_id=none get_next_task request_start=501818816 connect_end=501818817 send_end=501818817 receive_end=501818819 connect_duration_ms=0 send_duration_ms=0 receive_duration_ms=1 total_duration_ms=2
[2026-02-02 22:49:36.715] [info] [spider.worker] [TIMING] worker_id=027dee0b-a956-4d41-9e62-8f43be456421 task_id=none get_next_task request_start=501818921 connect_end=501818921 send_end=501818922 receive_end=501818923 connect_duration_ms=0 send_duration_ms=0 receive_duration_ms=1 total_duration_ms=2
[2026-02-02 22:49:36.820] [info] [spider.worker] [TIMING] worker_id=027dee0b-a956-4d41-9e62-8f43be456421 task_id=none get_next_task request_start=501819025 connect_end=501819026 send_end=501819026 receive_end=501819028 connect_duration_ms=0 send_duration_ms=0 receive_duration_ms=1 total_duration_ms=2
[2026-02-02 22:49:36.925] [info] [spider.worker] [TIMING] worker_id=027dee0b-a956-4d41-9e62-8f43be456421 task_id=none get_next_task request_start=501819131 connect_end=501819131 send_end=501819131 receive_end=501819133 connect_duration_ms=0 send_duration_ms=0 receive_duration_ms=1 total_duration_ms=2
[2026-02-02 22:49:37.033] [info] [spider.worker] [TIMING] worker_id=027dee0b-a956-4d41-9e62-8f43be456421 task_id=none get_next_task request_start=501819236 connect_end=501819237 send_end=501819237 receive_end=501819241 connect_duration_ms=1 send_duration_ms=0 receive_duration_ms=3 total_duration_ms=5
[2026-02-02 22:49:37.141] [info] [spider.worker] [TIMING] worker_id=027dee0b-a956-4d41-9e62-8f43be456421 task_id=none get_next_task request_start=501819343 connect_end=501819344 send_end=501819344 receive_end=501819349 connect_duration_ms=1 send_duration_ms=0 receive_duration_ms=4 total_duration_ms=5
[2026-02-02 22:49:37.245] [info] [spider.worker] [TIMING] worker_id=027dee0b-a956-4d41-9e62-8f43be456421 task_id=none get_next_task request_start=501819451 connect_end=501819451 send_end=501819451 receive_end=501819453 connect_duration_ms=0 send_duration_ms=0 receive_duration_ms=1 total_duration_ms=2
[2026-02-02 22:49:37.349] [info] [spider.worker] [TIMING] worker_id=027dee0b-a956-4d41-9e62-8f43be456421 task_id=none get_next_task request_start=501819555 connect_end=501819556 send_end=501819556 receive_end=501819557 connect_duration_ms=0 send_duration_ms=0 receive_duration_ms=1 total_duration_ms=2
[2026-02-02 22:49:37.456] [info] [spider.worker] [TIMING] worker_id=027dee0b-a956-4d41-9e62-8f43be456421 task_id=none get_next_task request_start=501819659 connect_end=501819660 send_end=501819660 receive_end=501819665 connect_duration_ms=0 send_duration_ms=0 receive_duration_ms=4 total_duration_ms=5
[2026-02-02 22:49:37.563] [info] [spider.worker] [TIMING] worker_id=027dee0b-a956-4d41-9e62-8f43be456421 task_id=none get_next_task request_start=501819767 connect_end=501819768 send_end=501819768 receive_end=501819771 connect_duration_ms=1 send_duration_ms=0 receive_duration_ms=3 total_duration_ms=4
[2026-02-02 22:49:37.670] [info] [spider.worker] [TIMING] worker_id=027dee0b-a956-4d41-9e62-8f43be456421 task_id=none get_next_task request_start=501819873 connect_end=501819875 send_end=501819875 receive_end=501819879 connect_duration_ms=1 send_duration_ms=0 receive_duration_ms=3 total_duration_ms=5
[2026-02-02 22:49:37.778] [info] [spider.worker] [TIMING] worker_id=027dee0b-a956-4d41-9e62-8f43be456421 task_id=none get_next_task request_start=501819981 connect_end=501819982 send_end=501819982 receive_end=501819987 connect_duration_ms=1 send_duration_ms=0 receive_duration_ms=4 total_duration_ms=5
[2026-02-02 22:49:37.885] [info] [spider.worker] [TIMING] worker_id=027dee0b-a956-4d41-9e62-8f43be456421 task_id=none get_next_task request_start=501820089 connect_end=501820091 send_end=501820091 receive_end=501820094 connect_duration_ms=1 send_duration_ms=0 receive_duration_ms=3 total_duration_ms=4
[2026-02-02 22:49:37.992] [info] [spider.worker] [TIMING] worker_id=027dee0b-a956-4d41-9e62-8f43be456421 task_id=none get_next_task request_start=501820196 connect_end=501820198 send_end=501820198 receive_end=501820201 connect_duration_ms=1 send_duration_ms=0 receive_duration_ms=2 total_duration_ms=4
[2026-02-02 22:49:38.099] [info] [spider.worker] [TIMING] worker_id=027dee0b-a956-4d41-9e62-8f43be456421 task_id=none get_next_task request_start=501820303 connect_end=501820304 send_end=501820304 receive_end=501820307 connect_duration_ms=1 send_duration_ms=0 receive_duration_ms=2 total_duration_ms=4
[2026-02-02 22:49:38.206] [info] [spider.worker] [TIMING] worker_id=027dee0b-a956-4d41-9e62-8f43be456421 task_id=none get_next_task request_start=501820410 connect_end=501820411 send_end=501820411 receive_end=501820414 connect_duration_ms=1 send_duration_ms=0 receive_duration_ms=3 total_duration_ms=4
[2026-02-02 22:49:38.312] [info] [spider.worker] [TIMING] worker_id=027dee0b-a956-4d41-9e62-8f43be456421 task_id=none get_next_task request_start=501820517 connect_end=501820518 send_end=501820518 receive_end=501820521 connect_duration_ms=0 send_duration_ms=0 receive_duration_ms=2 total_duration_ms=3
[2026-02-02 22:49:38.418] [info] [spider.worker] [TIMING] worker_id=027dee0b-a956-4d41-9e62-8f43be456421 task_id=none get_next_task request_start=501820623 connect_end=501820623 send_end=501820623 receive_end=501820626 connect_duration_ms=0 send_duration_ms=0 receive_duration_ms=2 total_duration_ms=3
[2026-02-02 22:49:38.523] [info] [spider.worker] [TIMING] worker_id=027dee0b-a956-4d41-9e62-8f43be456421 task_id=none get_next_task request_start=501820728 connect_end=501820729 send_end=501820729 receive_end=501820732 connect_duration_ms=0 send_duration_ms=0 receive_duration_ms=3 total_duration_ms=3
[2026-02-02 22:49:38.631] [info] [spider.worker] [TIMING] worker_id=027dee0b-a956-4d41-9e62-8f43be456421 task_id=none get_next_task request_start=501820834 connect_end=501820835 send_end=501820835 receive_end=501820839 connect_duration_ms=1 send_duration_ms=0 receive_duration_ms=4 total_duration_ms=5
[2026-02-02 22:49:38.739] [info] [spider.worker] [TIMING] worker_id=027dee0b-a956-4d41-9e62-8f43be456421 task_id=none get_next_task request_start=501820941 connect_end=501820942 send_end=501820943 receive_end=501820947 connect_duration_ms=1 send_duration_ms=0 receive_duration_ms=4 total_duration_ms=5
[2026-02-02 22:49:38.843] [info] [spider.worker] [TIMING] worker_id=027dee0b-a956-4d41-9e62-8f43be456421 task_id=none get_next_task request_start=501821049 connect_end=501821050 send_end=501821050 receive_end=501821052 connect_duration_ms=0 send_duration_ms=0 receive_duration_ms=1 total_duration_ms=2
[2026-02-02 22:49:38.952] [info] [spider.worker] [TIMING] worker_id=027dee0b-a956-4d41-9e62-8f43be456421 task_id=none get_next_task request_start=501821154 connect_end=501821155 send_end=501821155 receive_end=501821160 connect_duration_ms=1 send_duration_ms=0 receive_duration_ms=5 total_duration_ms=6
[2026-02-02 22:49:39.060] [info] [spider.worker] [TIMING] worker_id=027dee0b-a956-4d41-9e62-8f43be456421 task_id=none get_next_task request_start=501821263 connect_end=501821264 send_end=501821264 receive_end=501821268 connect_duration_ms=1 send_duration_ms=0 receive_duration_ms=4 total_duration_ms=5
[2026-02-02 22:49:39.167] [info] [spider.worker] [TIMING] worker_id=027dee0b-a956-4d41-9e62-8f43be456421 task_id=none get_next_task request_start=501821370 connect_end=501821372 send_end=501821372 receive_end=501821375 connect_duration_ms=1 send_duration_ms=0 receive_duration_ms=3 total_duration_ms=4
[2026-02-02 22:49:39.274] [info] [spider.worker] [TIMING] worker_id=027dee0b-a956-4d41-9e62-8f43be456421 task_id=none get_next_task request_start=501821478 connect_end=501821479 send_end=501821479 receive_end=501821483 connect_duration_ms=1 send_duration_ms=0 receive_duration_ms=3 total_duration_ms=4
[2026-02-02 22:49:39.381] [info] [spider.worker] [TIMING] worker_id=027dee0b-a956-4d41-9e62-8f43be456421 task_id=none get_next_task request_start=501821585 connect_end=501821586 send_end=501821586 receive_end=501821590 connect_duration_ms=1 send_duration_ms=0 receive_duration_ms=3 total_duration_ms=4
[2026-02-02 22:49:39.489] [info] [spider.worker] [TIMING] worker_id=027dee0b-a956-4d41-9e62-8f43be456421 task_id=none get_next_task request_start=501821692 connect_end=501821693 send_end=501821693 receive_end=501821697 connect_duration_ms=1 send_duration_ms=0 receive_duration_ms=4 total_duration_ms=5
[2026-02-02 22:49:39.597] [info] [spider.worker] [TIMING] worker_id=027dee0b-a956-4d41-9e62-8f43be456421 task_id=none get_next_task request_start=501821800 connect_end=501821801 send_end=501821801 receive_end=501821806 connect_duration_ms=1 send_duration_ms=0 receive_duration_ms=4 total_duration_ms=5
[2026-02-02 22:49:39.705] [info] [spider.worker] [TIMING] worker_id=027dee0b-a956-4d41-9e62-8f43be456421 task_id=none get_next_task request_start=501821908 connect_end=501821910 send_end=501821910 receive_end=501821914 connect_duration_ms=1 send_duration_ms=0 receive_duration_ms=4 total_duration_ms=5
[2026-02-02 22:49:39.813] [info] [spider.worker] [TIMING] worker_id=027dee0b-a956-4d41-9e62-8f43be456421 task_id=none get_next_task request_start=501822016 connect_end=501822017 send_end=501822017 receive_end=501822021 connect_duration_ms=1 send_duration_ms=0 receive_duration_ms=3 total_duration_ms=4
[2026-02-02 22:49:39.921] [info] [spider.worker] [TIMING] worker_id=027dee0b-a956-4d41-9e62-8f43be456421 task_id=none get_next_task request_start=501822124 connect_end=501822125 send_end=501822125 receive_end=501822129 connect_duration_ms=1 send_duration_ms=0 receive_duration_ms=4 total_duration_ms=5
[2026-02-02 22:49:40.029] [info] [spider.worker] [TIMING] worker_id=027dee0b-a956-4d41-9e62-8f43be456421 task_id=none get_next_task request_start=501822232 connect_end=501822233 send_end=501822233 receive_end=501822238 connect_duration_ms=1 send_duration_ms=0 receive_duration_ms=4 total_duration_ms=5
[2026-02-02 22:49:40.137] [info] [spider.worker] [TIMING] worker_id=027dee0b-a956-4d41-9e62-8f43be456421 task_id=none get_next_task request_start=501822340 connect_end=501822342 send_end=501822342 receive_end=501822345 connect_duration_ms=1 send_duration_ms=0 receive_duration_ms=3 total_duration_ms=4
[2026-02-02 22:49:40.243] [info] [spider.worker] [TIMING] worker_id=027dee0b-a956-4d41-9e62-8f43be456421 task_id=none get_next_task request_start=501822447 connect_end=501822448 send_end=501822448 receive_end=501822451 connect_duration_ms=1 send_duration_ms=0 receive_duration_ms=2 total_duration_ms=4
[2026-02-02 22:49:40.350] [info] [spider.worker] [TIMING] worker_id=027dee0b-a956-4d41-9e62-8f43be456421 task_id=none get_next_task request_start=501822554 connect_end=501822555 send_end=501822555 receive_end=501822559 connect_duration_ms=1 send_duration_ms=0 receive_duration_ms=3 total_duration_ms=4
[2026-02-02 22:49:40.456] [info] [spider.worker] [TIMING] worker_id=027dee0b-a956-4d41-9e62-8f43be456421 task_id=none get_next_task request_start=501822661 connect_end=501822662 send_end=501822662 receive_end=501822664 connect_duration_ms=0 send_duration_ms=0 receive_duration_ms=1 total_duration_ms=2
[2026-02-02 22:49:40.563] [info] [spider.worker] [TIMING] worker_id=027dee0b-a956-4d41-9e62-8f43be456421 task_id=none get_next_task request_start=501822767 connect_end=501822768 send_end=501822768 receive_end=501822771 connect_duration_ms=1 send_duration_ms=0 receive_duration_ms=2 total_duration_ms=4
[2026-02-02 22:49:40.670] [info] [spider.worker] [TIMING] worker_id=027dee0b-a956-4d41-9e62-8f43be456421 task_id=none get_next_task request_start=501822874 connect_end=501822875 send_end=501822875 receive_end=501822878 connect_duration_ms=1 send_duration_ms=0 receive_duration_ms=3 total_duration_ms=4
[2026-02-02 22:49:40.774] [info] [spider.worker] [TIMING] worker_id=027dee0b-a956-4d41-9e62-8f43be456421 task_id=none get_next_task request_start=501822980 connect_end=501822981 send_end=501822981 receive_end=501822983 connect_duration_ms=0 send_duration_ms=0 receive_duration_ms=2 total_duration_ms=2
[2026-02-02 22:49:40.879] [info] [spider.worker] [TIMING] worker_id=027dee0b-a956-4d41-9e62-8f43be456421 task_id=none get_next_task request_start=501823085 connect_end=501823085 send_end=501823085 receive_end=501823088 connect_duration_ms=0 send_duration_ms=0 receive_duration_ms=2 total_duration_ms=3
[2026-02-02 22:49:40.983] [info] [spider.worker] [TIMING] worker_id=027dee0b-a956-4d41-9e62-8f43be456421 task_id=none get_next_task request_start=501823189 connect_end=501823190 send_end=501823190 receive_end=501823191 connect_duration_ms=0 send_duration_ms=0 receive_duration_ms=1 total_duration_ms=1
[2026-02-02 22:49:41.088] [info] [spider.worker] [TIMING] worker_id=027dee0b-a956-4d41-9e62-8f43be456421 task_id=none get_next_task request_start=501823293 connect_end=501823294 send_end=501823294 receive_end=501823296 connect_duration_ms=0 send_duration_ms=0 receive_duration_ms=2 total_duration_ms=3
[2026-02-02 22:49:41.193] [info] [spider.worker] [TIMING] worker_id=027dee0b-a956-4d41-9e62-8f43be456421 task_id=none get_next_task request_start=501823398 connect_end=501823399 send_end=501823399 receive_end=501823401 connect_duration_ms=0 send_duration_ms=0 receive_duration_ms=2 total_duration_ms=3
[2026-02-02 22:49:41.299] [info] [spider.worker] [TIMING] worker_id=027dee0b-a956-4d41-9e62-8f43be456421 task_id=none get_next_task request_start=501823503 connect_end=501823504 send_end=501823505 receive_end=501823507 connect_duration_ms=1 send_duration_ms=0 receive_duration_ms=2 total_duration_ms=4
[2026-02-02 22:49:41.403] [info] [spider.worker] [TIMING] worker_id=027dee0b-a956-4d41-9e62-8f43be456421 task_id=none get_next_task request_start=501823609 connect_end=501823610 send_end=501823610 receive_end=501823612 connect_duration_ms=0 send_duration_ms=0 receive_duration_ms=1 total_duration_ms=2
[2026-02-02 22:49:41.511] [info] [spider.worker] [TIMING] worker_id=027dee0b-a956-4d41-9e62-8f43be456421 task_id=none get_next_task request_start=501823714 connect_end=501823715 send_end=501823715 receive_end=501823719 connect_duration_ms=1 send_duration_ms=0 receive_duration_ms=4 total_duration_ms=5
[2026-02-02 22:49:41.616] [info] [spider.worker] [TIMING] worker_id=027dee0b-a956-4d41-9e62-8f43be456421 task_id=none get_next_task request_start=501823821 connect_end=501823822 send_end=501823822 receive_end=501823824 connect_duration_ms=0 send_duration_ms=0 receive_duration_ms=2 total_duration_ms=3
[2026-02-02 22:49:41.721] [info] [spider.worker] [TIMING] worker_id=027dee0b-a956-4d41-9e62-8f43be456421 task_id=none get_next_task request_start=501823926 connect_end=501823927 send_end=501823927 receive_end=501823929 connect_duration_ms=1 send_duration_ms=0 receive_duration_ms=2 total_duration_ms=3
[2026-02-02 22:49:41.827] [info] [spider.worker] [TIMING] worker_id=027dee0b-a956-4d41-9e62-8f43be456421 task_id=none get_next_task request_start=501824031 connect_end=501824032 send_end=501824032 receive_end=501824035 connect_duration_ms=0 send_duration_ms=0 receive_duration_ms=2 total_duration_ms=3
[2026-02-02 22:49:41.932] [info] [spider.worker] [TIMING] worker_id=027dee0b-a956-4d41-9e62-8f43be456421 task_id=none get_next_task request_start=501824137 connect_end=501824138 send_end=501824138 receive_end=501824140 connect_duration_ms=1 send_duration_ms=0 receive_duration_ms=2 total_duration_ms=3
[2026-02-02 22:49:42.038] [info] [spider.worker] [TIMING] worker_id=027dee0b-a956-4d41-9e62-8f43be456421 task_id=none get_next_task request_start=501824243 connect_end=501824243 send_end=501824243 receive_end=501824246 connect_duration_ms=0 send_duration_ms=0 receive_duration_ms=2 total_duration_ms=3
[2026-02-02 22:49:42.144] [info] [spider.worker] [TIMING] worker_id=027dee0b-a956-4d41-9e62-8f43be456421 task_id=none get_next_task request_start=501824348 connect_end=501824349 send_end=501824349 receive_end=501824352 connect_duration_ms=0 send_duration_ms=0 receive_duration_ms=3 total_duration_ms=4
[2026-02-02 22:49:42.252] [info] [spider.worker] [TIMING] worker_id=027dee0b-a956-4d41-9e62-8f43be456421 task_id=none get_next_task request_start=501824454 connect_end=501824455 send_end=501824455 receive_end=501824461 connect_duration_ms=0 send_duration_ms=0 receive_duration_ms=5 total_duration_ms=6
[2026-02-02 22:49:42.361] [info] [spider.worker] [TIMING] worker_id=027dee0b-a956-4d41-9e62-8f43be456421 task_id=none get_next_task request_start=501824563 connect_end=501824564 send_end=501824564 receive_end=501824570 connect_duration_ms=1 send_duration_ms=0 receive_duration_ms=5 total_duration_ms=6
[2026-02-02 22:49:42.470] [info] [spider.worker] [TIMING] worker_id=027dee0b-a956-4d41-9e62-8f43be456421 task_id=none get_next_task request_start=501824673 connect_end=501824674 send_end=501824674 receive_end=501824678 connect_duration_ms=1 send_duration_ms=0 receive_duration_ms=4 total_duration_ms=5
[2026-02-02 22:49:42.578] [info] [spider.worker] [TIMING] worker_id=027dee0b-a956-4d41-9e62-8f43be456421 task_id=none get_next_task request_start=501824781 connect_end=501824782 send_end=501824782 receive_end=501824786 connect_duration_ms=1 send_duration_ms=0 receive_duration_ms=3 total_duration_ms=5
[2026-02-02 22:49:42.685] [info] [spider.worker] [TIMING] worker_id=027dee0b-a956-4d41-9e62-8f43be456421 task_id=none get_next_task request_start=501824889 connect_end=501824890 send_end=501824891 receive_end=501824894 connect_duration_ms=1 send_duration_ms=0 receive_duration_ms=3 total_duration_ms=4
[2026-02-02 22:49:42.793] [info] [spider.worker] [TIMING] worker_id=027dee0b-a956-4d41-9e62-8f43be456421 task_id=none get_next_task request_start=501824996 connect_end=501824997 send_end=501824997 receive_end=501825001 connect_duration_ms=1 send_duration_ms=0 receive_duration_ms=3 total_duration_ms=4
[2026-02-02 22:49:42.901] [info] [spider.worker] [TIMING] worker_id=027dee0b-a956-4d41-9e62-8f43be456421 task_id=none get_next_task request_start=501825104 connect_end=501825105 send_end=501825105 receive_end=501825109 connect_duration_ms=1 send_duration_ms=0 receive_duration_ms=3 total_duration_ms=5
[2026-02-02 22:49:43.009] [info] [spider.worker] [TIMING] worker_id=027dee0b-a956-4d41-9e62-8f43be456421 task_id=none get_next_task request_start=501825212 connect_end=501825213 send_end=501825213 receive_end=501825217 connect_duration_ms=1 send_duration_ms=0 receive_duration_ms=3 total_duration_ms=4
[2026-02-02 22:49:43.117] [info] [spider.worker] [TIMING] worker_id=027dee0b-a956-4d41-9e62-8f43be456421 task_id=none get_next_task request_start=501825319 connect_end=501825321 send_end=501825321 receive_end=501825325 connect_duration_ms=1 send_duration_ms=0 receive_duration_ms=4 total_duration_ms=5
[2026-02-02 22:49:43.240] [info] [spider.worker] [TIMING] worker_id=027dee0b-a956-4d41-9e62-8f43be456421 task_id=none get_next_task request_start=501825443 connect_end=501825445 send_end=501825445 receive_end=501825448 connect_duration_ms=1 send_duration_ms=0 receive_duration_ms=3 total_duration_ms=4
[2026-02-02 22:49:43.347] [info] [spider.worker] [TIMING] worker_id=027dee0b-a956-4d41-9e62-8f43be456421 task_id=none get_next_task request_start=501825550 connect_end=501825551 send_end=501825551 receive_end=501825555 connect_duration_ms=1 send_duration_ms=0 receive_duration_ms=3 total_duration_ms=5
[2026-02-02 22:49:43.454] [info] [spider.worker] [TIMING] worker_id=027dee0b-a956-4d41-9e62-8f43be456421 task_id=none get_next_task request_start=501825658 connect_end=501825659 send_end=501825659 receive_end=501825663 connect_duration_ms=1 send_duration_ms=0 receive_duration_ms=3 total_duration_ms=4
[2026-02-02 22:49:43.562] [info] [spider.worker] [TIMING] worker_id=027dee0b-a956-4d41-9e62-8f43be456421 task_id=none get_next_task request_start=501825766 connect_end=501825767 send_end=501825767 receive_end=501825770 connect_duration_ms=1 send_duration_ms=0 receive_duration_ms=3 total_duration_ms=4
[2026-02-02 22:49:43.668] [info] [spider.worker] [TIMING] worker_id=027dee0b-a956-4d41-9e62-8f43be456421 task_id=none get_next_task request_start=501825873 connect_end=501825874 send_end=501825874 receive_end=501825877 connect_duration_ms=1 send_duration_ms=0 receive_duration_ms=2 total_duration_ms=4
[2026-02-02 22:49:43.776] [info] [spider.worker] [TIMING] worker_id=027dee0b-a956-4d41-9e62-8f43be456421 task_id=none get_next_task request_start=501825979 connect_end=501825981 send_end=501825981 receive_end=501825984 connect_duration_ms=1 send_duration_ms=0 receive_duration_ms=3 total_duration_ms=4
[2026-02-02 22:49:43.883] [info] [spider.worker] [TIMING] worker_id=027dee0b-a956-4d41-9e62-8f43be456421 task_id=none get_next_task request_start=501826087 connect_end=501826088 send_end=501826088 receive_end=501826092 connect_duration_ms=1 send_duration_ms=0 receive_duration_ms=3 total_duration_ms=4
[2026-02-02 22:49:43.990] [info] [spider.worker] [TIMING] worker_id=027dee0b-a956-4d41-9e62-8f43be456421 task_id=none get_next_task request_start=501826195 connect_end=501826196 send_end=501826196 receive_end=501826199 connect_duration_ms=1 send_duration_ms=0 receive_duration_ms=2 total_duration_ms=4
[2026-02-02 22:49:44.098] [info] [spider.worker] [TIMING] worker_id=027dee0b-a956-4d41-9e62-8f43be456421 task_id=none get_next_task request_start=501826301 connect_end=501826303 send_end=501826303 receive_end=501826306 connect_duration_ms=1 send_duration_ms=0 receive_duration_ms=3 total_duration_ms=4
[2026-02-02 22:49:44.205] [info] [spider.worker] [TIMING] worker_id=027dee0b-a956-4d41-9e62-8f43be456421 task_id=none get_next_task request_start=501826409 connect_end=501826410 send_end=501826410 receive_end=501826414 connect_duration_ms=1 send_duration_ms=0 receive_duration_ms=3 total_duration_ms=4
[2026-02-02 22:49:44.312] [info] [spider.worker] [TIMING] worker_id=027dee0b-a956-4d41-9e62-8f43be456421 task_id=none get_next_task request_start=501826516 connect_end=501826517 send_end=501826517 receive_end=501826520 connect_duration_ms=1 send_duration_ms=0 receive_duration_ms=2 total_duration_ms=4
[2026-02-02 22:49:44.420] [info] [spider.worker] [TIMING] worker_id=027dee0b-a956-4d41-9e62-8f43be456421 task_id=none get_next_task request_start=501826623 connect_end=501826625 send_end=501826625 receive_end=501826629 connect_duration_ms=1 send_duration_ms=0 receive_duration_ms=4 total_duration_ms=5
[2026-02-02 22:49:44.526] [info] [spider.worker] [TIMING] worker_id=027dee0b-a956-4d41-9e62-8f43be456421 task_id=none get_next_task request_start=501826731 connect_end=501826732 send_end=501826732 receive_end=501826734 connect_duration_ms=1 send_duration_ms=0 receive_duration_ms=1 total_duration_ms=2
[2026-02-02 22:49:44.635] [info] [spider.worker] [TIMING] worker_id=027dee0b-a956-4d41-9e62-8f43be456421 task_id=none get_next_task request_start=501826837 connect_end=501826838 send_end=501826838 receive_end=501826843 connect_duration_ms=1 send_duration_ms=0 receive_duration_ms=4 total_duration_ms=6
[2026-02-02 22:49:44.741] [info] [spider.worker] [TIMING] worker_id=027dee0b-a956-4d41-9e62-8f43be456421 task_id=none get_next_task request_start=501826946 connect_end=501826948 send_end=501826948 receive_end=501826950 connect_duration_ms=1 send_duration_ms=0 receive_duration_ms=2 total_duration_ms=3
[2026-02-02 22:49:44.849] [info] [spider.worker] [TIMING] worker_id=027dee0b-a956-4d41-9e62-8f43be456421 task_id=none get_next_task request_start=501827053 connect_end=501827055 send_end=501827055 receive_end=501827058 connect_duration_ms=1 send_duration_ms=0 receive_duration_ms=2 total_duration_ms=4
[2026-02-02 22:49:44.956] [info] [spider.worker] [TIMING] worker_id=027dee0b-a956-4d41-9e62-8f43be456421 task_id=none get_next_task request_start=501827160 connect_end=501827161 send_end=501827161 receive_end=501827164 connect_duration_ms=0 send_duration_ms=0 receive_duration_ms=2 total_duration_ms=3
[2026-02-02 22:49:45.064] [info] [spider.worker] [TIMING] worker_id=027dee0b-a956-4d41-9e62-8f43be456421 task_id=none get_next_task request_start=501827267 connect_end=501827268 send_end=501827268 receive_end=501827272 connect_duration_ms=1 send_duration_ms=0 receive_duration_ms=4 total_duration_ms=5
[2026-02-02 22:49:45.169] [info] [spider.worker] [TIMING] worker_id=027dee0b-a956-4d41-9e62-8f43be456421 task_id=none get_next_task request_start=501827375 connect_end=501827376 send_end=501827376 receive_end=501827377 connect_duration_ms=1 send_duration_ms=0 receive_duration_ms=1 total_duration_ms=2
[2026-02-02 22:49:45.276] [info] [spider.worker] [TIMING] worker_id=027dee0b-a956-4d41-9e62-8f43be456421 task_id=none get_next_task request_start=501827480 connect_end=501827481 send_end=501827481 receive_end=501827485 connect_duration_ms=1 send_duration_ms=0 receive_duration_ms=3 total_duration_ms=4
[2026-02-02 22:49:45.384] [info] [spider.worker] [TIMING] worker_id=027dee0b-a956-4d41-9e62-8f43be456421 task_id=none get_next_task request_start=501827587 connect_end=501827588 send_end=501827588 receive_end=501827593 connect_duration_ms=1 send_duration_ms=0 receive_duration_ms=4 total_duration_ms=5
[2026-02-02 22:49:45.492] [info] [spider.worker] [TIMING] worker_id=027dee0b-a956-4d41-9e62-8f43be456421 task_id=none get_next_task request_start=501827696 connect_end=501827697 send_end=501827697 receive_end=501827700 connect_duration_ms=1 send_duration_ms=0 receive_duration_ms=3 total_duration_ms=4
[2026-02-02 22:49:45.599] [info] [spider.worker] [TIMING] worker_id=027dee0b-a956-4d41-9e62-8f43be456421 task_id=none get_next_task request_start=501827802 connect_end=501827804 send_end=501827804 receive_end=501827807 connect_duration_ms=1 send_duration_ms=0 receive_duration_ms=3 total_duration_ms=4
[2026-02-02 22:49:45.706] [info] [spider.worker] [TIMING] worker_id=027dee0b-a956-4d41-9e62-8f43be456421 task_id=none get_next_task request_start=501827910 connect_end=501827911 send_end=501827911 receive_end=501827914 connect_duration_ms=1 send_duration_ms=0 receive_duration_ms=2 total_duration_ms=4
[2026-02-02 22:49:45.813] [info] [spider.worker] [TIMING] worker_id=027dee0b-a956-4d41-9e62-8f43be456421 task_id=none get_next_task request_start=501828017 connect_end=501828018 send_end=501828018 receive_end=501828022 connect_duration_ms=1 send_duration_ms=0 receive_duration_ms=3 total_duration_ms=4
[2026-02-02 22:49:45.918] [info] [spider.worker] [TIMING] worker_id=027dee0b-a956-4d41-9e62-8f43be456421 task_id=none get_next_task request_start=501828124 connect_end=501828125 send_end=501828125 receive_end=501828127 connect_duration_ms=0 send_duration_ms=0 receive_duration_ms=1 total_duration_ms=2
[2026-02-02 22:49:46.022] [info] [spider.worker] [TIMING] worker_id=027dee0b-a956-4d41-9e62-8f43be456421 task_id=none get_next_task request_start=501828228 connect_end=501828229 send_end=501828229 receive_end=501828231 connect_duration_ms=0 send_duration_ms=0 receive_duration_ms=1 total_duration_ms=2
[2026-02-02 22:49:46.131] [info] [spider.worker] [TIMING] worker_id=027dee0b-a956-4d41-9e62-8f43be456421 task_id=none get_next_task request_start=501828333 connect_end=501828334 send_end=501828334 receive_end=501828339 connect_duration_ms=0 send_duration_ms=0 receive_duration_ms=5 total_duration_ms=6
[2026-02-02 22:49:46.236] [info] [spider.worker] [TIMING] worker_id=027dee0b-a956-4d41-9e62-8f43be456421 task_id=none get_next_task request_start=501828441 connect_end=501828442 send_end=501828442 receive_end=501828444 connect_duration_ms=0 send_duration_ms=0 receive_duration_ms=2 total_duration_ms=3
[2026-02-02 22:49:46.344] [info] [spider.worker] [TIMING] worker_id=027dee0b-a956-4d41-9e62-8f43be456421 task_id=none get_next_task request_start=501828547 connect_end=501828549 send_end=501828549 receive_end=501828552 connect_duration_ms=1 send_duration_ms=0 receive_duration_ms=3 total_duration_ms=4
[2026-02-02 22:49:46.451] [info] [spider.worker] [TIMING] worker_id=027dee0b-a956-4d41-9e62-8f43be456421 task_id=none get_next_task request_start=501828655 connect_end=501828656 send_end=501828656 receive_end=501828660 connect_duration_ms=1 send_duration_ms=0 receive_duration_ms=3 total_duration_ms=5
[2026-02-02 22:49:46.559] [info] [spider.worker] [TIMING] worker_id=027dee0b-a956-4d41-9e62-8f43be456421 task_id=none get_next_task request_start=501828762 connect_end=501828763 send_end=501828763 receive_end=501828767 connect_duration_ms=1 send_duration_ms=0 receive_duration_ms=3 total_duration_ms=4
[2026-02-02 22:49:46.666] [info] [spider.worker] [TIMING] worker_id=027dee0b-a956-4d41-9e62-8f43be456421 task_id=none get_next_task request_start=501828870 connect_end=501828871 send_end=501828871 receive_end=501828874 connect_duration_ms=1 send_duration_ms=0 receive_duration_ms=3 total_duration_ms=4
[2026-02-02 22:49:46.772] [info] [spider.worker] [TIMING] worker_id=027dee0b-a956-4d41-9e62-8f43be456421 task_id=none get_next_task request_start=501828976 connect_end=501828977 send_end=501828978 receive_end=501828981 connect_duration_ms=1 send_duration_ms=0 receive_duration_ms=3 total_duration_ms=4
[2026-02-02 22:49:46.877] [info] [spider.worker] [TIMING] worker_id=027dee0b-a956-4d41-9e62-8f43be456421 task_id=none get_next_task request_start=501829082 connect_end=501829083 send_end=501829083 receive_end=501829085 connect_duration_ms=0 send_duration_ms=0 receive_duration_ms=2 total_duration_ms=2
[2026-02-02 22:49:46.982] [info] [spider.worker] [TIMING] worker_id=027dee0b-a956-4d41-9e62-8f43be456421 task_id=none get_next_task request_start=501829187 connect_end=501829188 send_end=501829188 receive_end=501829191 connect_duration_ms=1 send_duration_ms=0 receive_duration_ms=2 total_duration_ms=3
[2026-02-02 22:49:47.088] [info] [spider.worker] [TIMING] worker_id=027dee0b-a956-4d41-9e62-8f43be456421 task_id=none get_next_task request_start=501829293 connect_end=501829294 send_end=501829294 receive_end=501829297 connect_duration_ms=0 send_duration_ms=0 receive_duration_ms=2 total_duration_ms=3
[2026-02-02 22:49:47.192] [info] [spider.worker] [TIMING] worker_id=027dee0b-a956-4d41-9e62-8f43be456421 task_id=none get_next_task request_start=501829399 connect_end=501829399 send_end=501829399 receive_end=501829401 connect_duration_ms=0 send_duration_ms=0 receive_duration_ms=1 total_duration_ms=2
[2026-02-02 22:49:47.336] [info] [spider.worker] [TIMING] worker_id=027dee0b-a956-4d41-9e62-8f43be456421 task_id=none get_next_task request_start=501829520 connect_end=501829521 send_end=501829521 receive_end=501829544 connect_duration_ms=1 send_duration_ms=0 receive_duration_ms=22 total_duration_ms=24
[2026-02-02 22:49:47.442] [info] [spider.worker] [TIMING] worker_id=027dee0b-a956-4d41-9e62-8f43be456421 task_id=none get_next_task request_start=501829646 connect_end=501829647 send_end=501829647 receive_end=501829651 connect_duration_ms=1 send_duration_ms=0 receive_duration_ms=3 total_duration_ms=4
[2026-02-02 22:49:47.547] [info] [spider.worker] [TIMING] worker_id=027dee0b-a956-4d41-9e62-8f43be456421 task_id=none get_next_task request_start=501829753 connect_end=501829753 send_end=501829753 receive_end=501829755 connect_duration_ms=0 send_duration_ms=0 receive_duration_ms=2 total_duration_ms=2
[2026-02-02 22:49:47.669] [info] [spider.worker] [TIMING] worker_id=027dee0b-a956-4d41-9e62-8f43be456421 task_id=none get_next_task request_start=501829858 connect_end=501829859 send_end=501829859 receive_end=501829877 connect_duration_ms=1 send_duration_ms=0 receive_duration_ms=18 total_duration_ms=19
[2026-02-02 22:49:47.774] [info] [spider.worker] [TIMING] worker_id=027dee0b-a956-4d41-9e62-8f43be456421 task_id=none get_next_task request_start=501829979 connect_end=501829980 send_end=501829980 receive_end=501829982 connect_duration_ms=0 send_duration_ms=0 receive_duration_ms=1 total_duration_ms=2
[2026-02-02 22:49:47.879] [info] [spider.worker] [TIMING] worker_id=027dee0b-a956-4d41-9e62-8f43be456421 task_id=none get_next_task request_start=501830085 connect_end=501830086 send_end=501830086 receive_end=501830087 connect_duration_ms=0 send_duration_ms=0 receive_duration_ms=1 total_duration_ms=2
[2026-02-02 22:49:47.985] [info] [spider.worker] [TIMING] worker_id=027dee0b-a956-4d41-9e62-8f43be456421 task_id=none get_next_task request_start=501830189 connect_end=501830190 send_end=501830190 receive_end=501830194 connect_duration_ms=0 send_duration_ms=0 receive_duration_ms=3 total_duration_ms=4
[2026-02-02 22:49:48.092] [info] [spider.worker] [TIMING] worker_id=027dee0b-a956-4d41-9e62-8f43be456421 task_id=none get_next_task request_start=501830296 connect_end=501830297 send_end=501830297 receive_end=501830300 connect_duration_ms=0 send_duration_ms=0 receive_duration_ms=3 total_duration_ms=4
[2026-02-02 22:49:48.198] [info] [spider.worker] [TIMING] worker_id=027dee0b-a956-4d41-9e62-8f43be456421 task_id=none get_next_task request_start=501830402 connect_end=501830403 send_end=501830403 receive_end=501830406 connect_duration_ms=0 send_duration_ms=0 receive_duration_ms=2 total_duration_ms=3
[2026-02-02 22:49:48.328] [info] [spider.worker] [TIMING] worker_id=027dee0b-a956-4d41-9e62-8f43be456421 task_id=none get_next_task request_start=501830509 connect_end=501830510 send_end=501830510 receive_end=501830536 connect_duration_ms=1 send_duration_ms=0 receive_duration_ms=25 total_duration_ms=26
[2026-02-02 22:49:48.434] [info] [spider.worker] [TIMING] worker_id=027dee0b-a956-4d41-9e62-8f43be456421 task_id=none get_next_task request_start=501830638 connect_end=501830638 send_end=501830638 receive_end=501830643 connect_duration_ms=0 send_duration_ms=0 receive_duration_ms=4 total_duration_ms=5
[2026-02-02 22:49:48.542] [info] [spider.worker] [TIMING] worker_id=027dee0b-a956-4d41-9e62-8f43be456421 task_id=none get_next_task request_start=501830744 connect_end=501830745 send_end=501830745 receive_end=501830751 connect_duration_ms=0 send_duration_ms=0 receive_duration_ms=5 total_duration_ms=6
[2026-02-02 22:49:48.648] [info] [spider.worker] [TIMING] worker_id=027dee0b-a956-4d41-9e62-8f43be456421 task_id=none get_next_task request_start=501830853 connect_end=501830854 send_end=501830854 receive_end=501830856 connect_duration_ms=0 send_duration_ms=0 receive_duration_ms=2 total_duration_ms=3
[2026-02-02 22:49:48.755] [info] [spider.worker] [TIMING] worker_id=027dee0b-a956-4d41-9e62-8f43be456421 task_id=none get_next_task request_start=501830959 connect_end=501830960 send_end=501830960 receive_end=501830963 connect_duration_ms=1 send_duration_ms=0 receive_duration_ms=2 total_duration_ms=4
[2026-02-02 22:49:48.861] [info] [spider.worker] [TIMING] worker_id=027dee0b-a956-4d41-9e62-8f43be456421 task_id=none get_next_task request_start=501831065 connect_end=501831066 send_end=501831066 receive_end=501831070 connect_duration_ms=0 send_duration_ms=0 receive_duration_ms=3 total_duration_ms=4
[2026-02-02 22:49:48.969] [info] [spider.worker] [TIMING] worker_id=027dee0b-a956-4d41-9e62-8f43be456421 task_id=none get_next_task request_start=501831172 connect_end=501831173 send_end=501831173 receive_end=501831178 connect_duration_ms=0 send_duration_ms=0 receive_duration_ms=4 total_duration_ms=5
[2026-02-02 22:49:49.074] [info] [spider.worker] [TIMING] worker_id=027dee0b-a956-4d41-9e62-8f43be456421 task_id=none get_next_task request_start=501831280 connect_end=501831280 send_end=501831280 receive_end=501831282 connect_duration_ms=0 send_duration_ms=0 receive_duration_ms=1 total_duration_ms=2
[2026-02-02 22:49:49.178] [info] [spider.worker] [TIMING] worker_id=027dee0b-a956-4d41-9e62-8f43be456421 task_id=none get_next_task request_start=501831384 connect_end=501831385 send_end=501831385 receive_end=501831386 connect_duration_ms=0 send_duration_ms=0 receive_duration_ms=1 total_duration_ms=2
[2026-02-02 22:49:49.282] [info] [spider.worker] [TIMING] worker_id=027dee0b-a956-4d41-9e62-8f43be456421 task_id=none get_next_task request_start=501831488 connect_end=501831489 send_end=501831489 receive_end=501831491 connect_duration_ms=0 send_duration_ms=0 receive_duration_ms=1 total_duration_ms=2
[2026-02-02 22:49:49.390] [info] [spider.worker] [TIMING] worker_id=027dee0b-a956-4d41-9e62-8f43be456421 task_id=none get_next_task request_start=501831593 connect_end=501831594 send_end=501831594 receive_end=501831598 connect_duration_ms=0 send_duration_ms=0 receive_duration_ms=4 total_duration_ms=5
[2026-02-02 22:49:49.496] [info] [spider.worker] [TIMING] worker_id=027dee0b-a956-4d41-9e62-8f43be456421 task_id=none get_next_task request_start=501831700 connect_end=501831700 send_end=501831700 receive_end=501831705 connect_duration_ms=0 send_duration_ms=0 receive_duration_ms=4 total_duration_ms=5
[2026-02-02 22:49:49.601] [info] [spider.worker] [TIMING] worker_id=027dee0b-a956-4d41-9e62-8f43be456421 task_id=none get_next_task request_start=501831807 connect_end=501831808 send_end=501831808 receive_end=501831809 connect_duration_ms=1 send_duration_ms=0 receive_duration_ms=1 total_duration_ms=2
[2026-02-02 22:49:49.707] [info] [spider.worker] [TIMING] worker_id=027dee0b-a956-4d41-9e62-8f43be456421 task_id=none get_next_task request_start=501831911 connect_end=501831913 send_end=501831913 receive_end=501831915 connect_duration_ms=1 send_duration_ms=0 receive_duration_ms=2 total_duration_ms=3
[2026-02-02 22:49:49.828] [info] [spider.worker] [TIMING] worker_id=027dee0b-a956-4d41-9e62-8f43be456421 task_id=none get_next_task request_start=501832018 connect_end=501832019 send_end=501832019 receive_end=501832037 connect_duration_ms=1 send_duration_ms=0 receive_duration_ms=17 total_duration_ms=18
[2026-02-02 22:49:49.934] [info] [spider.worker] [TIMING] worker_id=027dee0b-a956-4d41-9e62-8f43be456421 task_id=none get_next_task request_start=501832139 connect_end=501832140 send_end=501832140 receive_end=501832143 connect_duration_ms=1 send_duration_ms=0 receive_duration_ms=2 total_duration_ms=3
[2026-02-02 22:49:50.040] [info] [spider.worker] [TIMING] worker_id=027dee0b-a956-4d41-9e62-8f43be456421 task_id=none get_next_task request_start=501832245 connect_end=501832246 send_end=501832246 receive_end=501832248 connect_duration_ms=0 send_duration_ms=0 receive_duration_ms=2 total_duration_ms=3
[2026-02-02 22:49:50.146] [info] [spider.worker] [TIMING] worker_id=027dee0b-a956-4d41-9e62-8f43be456421 task_id=none get_next_task request_start=501832351 connect_end=501832352 send_end=501832352 receive_end=501832355 connect_duration_ms=1 send_duration_ms=0 receive_duration_ms=2 total_duration_ms=3
[2026-02-02 22:49:50.254] [info] [spider.worker] [TIMING] worker_id=027dee0b-a956-4d41-9e62-8f43be456421 task_id=none get_next_task request_start=501832457 connect_end=501832459 send_end=501832459 receive_end=501832462 connect_duration_ms=1 send_duration_ms=0 receive_duration_ms=3 total_duration_ms=4
[2026-02-02 22:49:50.360] [info] [spider.worker] [TIMING] worker_id=027dee0b-a956-4d41-9e62-8f43be456421 task_id=none get_next_task request_start=501832565 connect_end=501832566 send_end=501832566 receive_end=501832569 connect_duration_ms=1 send_duration_ms=0 receive_duration_ms=2 total_duration_ms=3
[2026-02-02 22:49:50.466] [info] [spider.worker] [TIMING] worker_id=027dee0b-a956-4d41-9e62-8f43be456421 task_id=none get_next_task request_start=501832671 connect_end=501832672 send_end=501832672 receive_end=501832675 connect_duration_ms=0 send_duration_ms=0 receive_duration_ms=2 total_duration_ms=3
[2026-02-02 22:49:50.574] [info] [spider.worker] [TIMING] worker_id=027dee0b-a956-4d41-9e62-8f43be456421 task_id=none get_next_task request_start=501832778 connect_end=501832779 send_end=501832779 receive_end=501832782 connect_duration_ms=1 send_duration_ms=0 receive_duration_ms=3 total_duration_ms=4
[2026-02-02 22:49:50.680] [info] [spider.worker] [TIMING] worker_id=027dee0b-a956-4d41-9e62-8f43be456421 task_id=none get_next_task request_start=501832884 connect_end=501832886 send_end=501832886 receive_end=501832889 connect_duration_ms=1 send_duration_ms=0 receive_duration_ms=3 total_duration_ms=4
[2026-02-02 22:49:50.789] [info] [spider.worker] [TIMING] worker_id=027dee0b-a956-4d41-9e62-8f43be456421 task_id=none get_next_task request_start=501832991 connect_end=501832993 send_end=501832993 receive_end=501832997 connect_duration_ms=1 send_duration_ms=0 receive_duration_ms=4 total_duration_ms=5
[2026-02-02 22:49:50.896] [info] [spider.worker] [TIMING] worker_id=027dee0b-a956-4d41-9e62-8f43be456421 task_id=none get_next_task request_start=501833100 connect_end=501833101 send_end=501833101 receive_end=501833104 connect_duration_ms=1 send_duration_ms=0 receive_duration_ms=3 total_duration_ms=4
[2026-02-02 22:49:51.000] [info] [spider.worker] [TIMING] worker_id=027dee0b-a956-4d41-9e62-8f43be456421 task_id=none get_next_task request_start=501833206 connect_end=501833207 send_end=501833207 receive_end=501833209 connect_duration_ms=0 send_duration_ms=0 receive_duration_ms=1 total_duration_ms=2
[2026-02-02 22:49:51.106] [info] [spider.worker] [TIMING] worker_id=027dee0b-a956-4d41-9e62-8f43be456421 task_id=none get_next_task request_start=501833311 connect_end=501833312 send_end=501833312 receive_end=501833315 connect_duration_ms=1 send_duration_ms=0 receive_duration_ms=2 total_duration_ms=3
[2026-02-02 22:49:51.214] [info] [spider.worker] [TIMING] worker_id=027dee0b-a956-4d41-9e62-8f43be456421 task_id=none get_next_task request_start=501833417 connect_end=501833418 send_end=501833418 receive_end=501833422 connect_duration_ms=1 send_duration_ms=0 receive_duration_ms=3 total_duration_ms=4
[2026-02-02 22:49:51.320] [info] [spider.worker] [TIMING] worker_id=027dee0b-a956-4d41-9e62-8f43be456421 task_id=none get_next_task request_start=501833524 connect_end=501833525 send_end=501833525 receive_end=501833529 connect_duration_ms=1 send_duration_ms=0 receive_duration_ms=3 total_duration_ms=4
[2026-02-02 22:49:51.431] [info] [spider.worker] [TIMING] worker_id=027dee0b-a956-4d41-9e62-8f43be456421 task_id=none get_next_task request_start=501833635 connect_end=501833636 send_end=501833636 receive_end=501833639 connect_duration_ms=1 send_duration_ms=0 receive_duration_ms=3 total_duration_ms=4
[2026-02-02 22:49:51.538] [info] [spider.worker] [TIMING] worker_id=027dee0b-a956-4d41-9e62-8f43be456421 task_id=none get_next_task request_start=501833742 connect_end=501833743 send_end=501833743 receive_end=501833746 connect_duration_ms=1 send_duration_ms=0 receive_duration_ms=3 total_duration_ms=4
[2026-02-02 22:49:51.644] [info] [spider.worker] [TIMING] worker_id=027dee0b-a956-4d41-9e62-8f43be456421 task_id=none get_next_task request_start=501833848 connect_end=501833850 send_end=501833850 receive_end=501833852 connect_duration_ms=1 send_duration_ms=0 receive_duration_ms=2 total_duration_ms=4
[2026-02-02 22:49:51.751] [info] [spider.worker] [TIMING] worker_id=027dee0b-a956-4d41-9e62-8f43be456421 task_id=none get_next_task request_start=501833955 connect_end=501833957 send_end=501833957 receive_end=501833959 connect_duration_ms=1 send_duration_ms=0 receive_duration_ms=2 total_duration_ms=4
[2026-02-02 22:49:51.858] [info] [spider.worker] [TIMING] worker_id=027dee0b-a956-4d41-9e62-8f43be456421 task_id=none get_next_task request_start=501834062 connect_end=501834063 send_end=501834063 receive_end=501834066 connect_duration_ms=1 send_duration_ms=0 receive_duration_ms=3 total_duration_ms=4
[2026-02-02 22:49:51.965] [info] [spider.worker] [TIMING] worker_id=027dee0b-a956-4d41-9e62-8f43be456421 task_id=none get_next_task request_start=501834169 connect_end=501834170 send_end=501834170 receive_end=501834173 connect_duration_ms=1 send_duration_ms=0 receive_duration_ms=3 total_duration_ms=4
[2026-02-02 22:49:52.072] [info] [spider.worker] [TIMING] worker_id=027dee0b-a956-4d41-9e62-8f43be456421 task_id=none get_next_task request_start=501834276 connect_end=501834277 send_end=501834277 receive_end=501834280 connect_duration_ms=1 send_duration_ms=0 receive_duration_ms=3 total_duration_ms=4
[2026-02-02 22:49:52.179] [info] [spider.worker] [TIMING] worker_id=027dee0b-a956-4d41-9e62-8f43be456421 task_id=none get_next_task request_start=501834383 connect_end=501834384 send_end=501834384 receive_end=501834387 connect_duration_ms=1 send_duration_ms=0 receive_duration_ms=3 total_duration_ms=4
[2026-02-02 22:49:52.287] [info] [spider.worker] [TIMING] worker_id=027dee0b-a956-4d41-9e62-8f43be456421 task_id=none get_next_task request_start=501834490 connect_end=501834491 send_end=501834491 receive_end=501834495 connect_duration_ms=1 send_duration_ms=0 receive_duration_ms=3 total_duration_ms=5
[2026-02-02 22:49:52.393] [info] [spider.worker] [TIMING] worker_id=027dee0b-a956-4d41-9e62-8f43be456421 task_id=none get_next_task request_start=501834597 connect_end=501834598 send_end=501834598 receive_end=501834602 connect_duration_ms=1 send_duration_ms=0 receive_duration_ms=3 total_duration_ms=4
[2026-02-02 22:49:52.499] [info] [spider.worker] [TIMING] worker_id=027dee0b-a956-4d41-9e62-8f43be456421 task_id=none get_next_task request_start=501834704 connect_end=501834705 send_end=501834705 receive_end=501834708 connect_duration_ms=1 send_duration_ms=0 receive_duration_ms=2 total_duration_ms=3
[2026-02-02 22:49:52.606] [info] [spider.worker] [TIMING] worker_id=027dee0b-a956-4d41-9e62-8f43be456421 task_id=none get_next_task request_start=501834810 connect_end=501834811 send_end=501834811 receive_end=501834814 connect_duration_ms=1 send_duration_ms=0 receive_duration_ms=3 total_duration_ms=4
[2026-02-02 22:49:52.713] [info] [spider.worker] [TIMING] worker_id=027dee0b-a956-4d41-9e62-8f43be456421 task_id=none get_next_task request_start=501834917 connect_end=501834918 send_end=501834918 receive_end=501834922 connect_duration_ms=1 send_duration_ms=0 receive_duration_ms=3 total_duration_ms=4
[2026-02-02 22:49:52.821] [info] [spider.worker] [TIMING] worker_id=027dee0b-a956-4d41-9e62-8f43be456421 task_id=none get_next_task request_start=501835024 connect_end=501835026 send_end=501835026 receive_end=501835029 connect_duration_ms=1 send_duration_ms=0 receive_duration_ms=3 total_duration_ms=4
[2026-02-02 22:49:52.928] [info] [spider.worker] [TIMING] worker_id=027dee0b-a956-4d41-9e62-8f43be456421 task_id=none get_next_task request_start=501835132 connect_end=501835133 send_end=501835133 receive_end=501835136 connect_duration_ms=1 send_duration_ms=0 receive_duration_ms=3 total_duration_ms=4
[2026-02-02 22:49:53.034] [info] [spider.worker] [TIMING] worker_id=027dee0b-a956-4d41-9e62-8f43be456421 task_id=none get_next_task request_start=501835239 connect_end=501835239 send_end=501835240 receive_end=501835242 connect_duration_ms=0 send_duration_ms=0 receive_duration_ms=2 total_duration_ms=3
[2026-02-02 22:49:53.139] [info] [spider.worker] [TIMING] worker_id=027dee0b-a956-4d41-9e62-8f43be456421 task_id=none get_next_task request_start=501835344 connect_end=501835345 send_end=501835345 receive_end=501835347 connect_duration_ms=0 send_duration_ms=0 receive_duration_ms=1 total_duration_ms=2
[2026-02-02 22:49:53.245] [info] [spider.worker] [TIMING] worker_id=027dee0b-a956-4d41-9e62-8f43be456421 task_id=none get_next_task request_start=501835450 connect_end=501835451 send_end=501835451 receive_end=501835454 connect_duration_ms=1 send_duration_ms=0 receive_duration_ms=2 total_duration_ms=3
[2026-02-02 22:49:53.353] [info] [spider.worker] [TIMING] worker_id=027dee0b-a956-4d41-9e62-8f43be456421 task_id=none get_next_task request_start=501835556 connect_end=501835558 send_end=501835558 receive_end=501835561 connect_duration_ms=1 send_duration_ms=0 receive_duration_ms=3 total_duration_ms=4
[2026-02-02 22:49:53.460] [info] [spider.worker] [TIMING] worker_id=027dee0b-a956-4d41-9e62-8f43be456421 task_id=none get_next_task request_start=501835664 connect_end=501835665 send_end=501835665 receive_end=501835669 connect_duration_ms=1 send_duration_ms=0 receive_duration_ms=3 total_duration_ms=4
[2026-02-02 22:49:53.568] [info] [spider.worker] [TIMING] worker_id=027dee0b-a956-4d41-9e62-8f43be456421 task_id=none get_next_task request_start=501835771 connect_end=501835773 send_end=501835773 receive_end=501835776 connect_duration_ms=1 send_duration_ms=0 receive_duration_ms=3 total_duration_ms=4
[2026-02-02 22:49:53.675] [info] [spider.worker] [TIMING] worker_id=027dee0b-a956-4d41-9e62-8f43be456421 task_id=none get_next_task request_start=501835879 connect_end=501835881 send_end=501835881 receive_end=501835884 connect_duration_ms=1 send_duration_ms=0 receive_duration_ms=3 total_duration_ms=4
[2026-02-02 22:49:53.782] [info] [spider.worker] [TIMING] worker_id=027dee0b-a956-4d41-9e62-8f43be456421 task_id=none get_next_task request_start=501835986 connect_end=501835987 send_end=501835987 receive_end=501835991 connect_duration_ms=1 send_duration_ms=0 receive_duration_ms=3 total_duration_ms=4
[2026-02-02 22:49:53.890] [info] [spider.worker] [TIMING] worker_id=027dee0b-a956-4d41-9e62-8f43be456421 task_id=none get_next_task request_start=501836093 connect_end=501836094 send_end=501836094 receive_end=501836098 connect_duration_ms=1 send_duration_ms=0 receive_duration_ms=3 total_duration_ms=4
[2026-02-02 22:49:53.999] [info] [spider.worker] [TIMING] worker_id=027dee0b-a956-4d41-9e62-8f43be456421 task_id=none get_next_task request_start=501836201 connect_end=501836202 send_end=501836202 receive_end=501836207 connect_duration_ms=1 send_duration_ms=0 receive_duration_ms=5 total_duration_ms=6
[2026-02-02 22:49:54.107] [info] [spider.worker] [TIMING] worker_id=027dee0b-a956-4d41-9e62-8f43be456421 task_id=none get_next_task request_start=501836310 connect_end=501836311 send_end=501836311 receive_end=501836315 connect_duration_ms=1 send_duration_ms=0 receive_duration_ms=3 total_duration_ms=4
[2026-02-02 22:49:54.217] [info] [spider.worker] [TIMING] worker_id=027dee0b-a956-4d41-9e62-8f43be456421 task_id=none get_next_task request_start=501836418 connect_end=501836419 send_end=501836420 receive_end=501836425 connect_duration_ms=1 send_duration_ms=0 receive_duration_ms=5 total_duration_ms=7
[2026-02-02 22:49:54.325] [info] [spider.worker] [TIMING] worker_id=027dee0b-a956-4d41-9e62-8f43be456421 task_id=none get_next_task request_start=501836528 connect_end=501836530 send_end=501836530 receive_end=501836533 connect_duration_ms=1 send_duration_ms=0 receive_duration_ms=3 total_duration_ms=4
[2026-02-02 22:49:54.432] [info] [spider.worker] [TIMING] worker_id=027dee0b-a956-4d41-9e62-8f43be456421 task_id=none get_next_task request_start=501836636 connect_end=501836637 send_end=501836637 receive_end=501836640 connect_duration_ms=1 send_duration_ms=0 receive_duration_ms=3 total_duration_ms=4
[2026-02-02 22:49:54.537] [info] [spider.worker] [TIMING] worker_id=027dee0b-a956-4d41-9e62-8f43be456421 task_id=none get_next_task request_start=501836742 connect_end=501836743 send_end=501836743 receive_end=501836746 connect_duration_ms=1 send_duration_ms=0 receive_duration_ms=2 total_duration_ms=3
[2026-02-02 22:49:54.646] [info] [spider.worker] [TIMING] worker_id=027dee0b-a956-4d41-9e62-8f43be456421 task_id=none get_next_task request_start=501836848 connect_end=501836849 send_end=501836849 receive_end=501836855 connect_duration_ms=0 send_duration_ms=0 receive_duration_ms=5 total_duration_ms=6
[2026-02-02 22:49:54.753] [info] [spider.worker] [TIMING] worker_id=027dee0b-a956-4d41-9e62-8f43be456421 task_id=none get_next_task request_start=501836957 connect_end=501836958 send_end=501836958 receive_end=501836961 connect_duration_ms=1 send_duration_ms=0 receive_duration_ms=3 total_duration_ms=4
[2026-02-02 22:49:54.860] [info] [spider.worker] [TIMING] worker_id=027dee0b-a956-4d41-9e62-8f43be456421 task_id=none get_next_task request_start=501837064 connect_end=501837065 send_end=501837065 receive_end=501837069 connect_duration_ms=1 send_duration_ms=0 receive_duration_ms=3 total_duration_ms=4
[2026-02-02 22:49:54.968] [info] [spider.worker] [TIMING] worker_id=027dee0b-a956-4d41-9e62-8f43be456421 task_id=none get_next_task request_start=501837171 connect_end=501837172 send_end=501837172 receive_end=501837176 connect_duration_ms=1 send_duration_ms=0 receive_duration_ms=3 total_duration_ms=4
[2026-02-02 22:49:55.078] [info] [spider.worker] [TIMING] worker_id=027dee0b-a956-4d41-9e62-8f43be456421 task_id=none get_next_task request_start=501837278 connect_end=501837280 send_end=501837280 receive_end=501837287 connect_duration_ms=1 send_duration_ms=0 receive_duration_ms=6 total_duration_ms=8
[2026-02-02 22:49:55.185] [info] [spider.worker] [TIMING] worker_id=027dee0b-a956-4d41-9e62-8f43be456421 task_id=none get_next_task request_start=501837389 connect_end=501837390 send_end=501837390 receive_end=501837394 connect_duration_ms=1 send_duration_ms=0 receive_duration_ms=3 total_duration_ms=4
[2026-02-02 22:49:55.292] [info] [spider.worker] [TIMING] worker_id=027dee0b-a956-4d41-9e62-8f43be456421 task_id=none get_next_task request_start=501837496 connect_end=501837497 send_end=501837497 receive_end=501837500 connect_duration_ms=1 send_duration_ms=0 receive_duration_ms=2 total_duration_ms=3
[2026-02-02 22:49:55.398] [info] [spider.worker] [TIMING] worker_id=027dee0b-a956-4d41-9e62-8f43be456421 task_id=none get_next_task request_start=501837603 connect_end=501837604 send_end=501837604 receive_end=501837607 connect_duration_ms=1 send_duration_ms=0 receive_duration_ms=2 total_duration_ms=4
[2026-02-02 22:49:55.506] [info] [spider.worker] [TIMING] worker_id=027dee0b-a956-4d41-9e62-8f43be456421 task_id=none get_next_task request_start=501837710 connect_end=501837711 send_end=501837711 receive_end=501837714 connect_duration_ms=1 send_duration_ms=0 receive_duration_ms=3 total_duration_ms=4
[2026-02-02 22:49:55.613] [info] [spider.worker] [TIMING] worker_id=027dee0b-a956-4d41-9e62-8f43be456421 task_id=none get_next_task request_start=501837817 connect_end=501837818 send_end=501837818 receive_end=501837821 connect_duration_ms=0 send_duration_ms=0 receive_duration_ms=3 total_duration_ms=4
[2026-02-02 22:49:55.720] [info] [spider.worker] [TIMING] worker_id=027dee0b-a956-4d41-9e62-8f43be456421 task_id=none get_next_task request_start=501837924 connect_end=501837925 send_end=501837925 receive_end=501837929 connect_duration_ms=1 send_duration_ms=0 receive_duration_ms=3 total_duration_ms=5
[2026-02-02 22:49:55.828] [info] [spider.worker] [TIMING] worker_id=027dee0b-a956-4d41-9e62-8f43be456421 task_id=none get_next_task request_start=501838031 connect_end=501838033 send_end=501838033 receive_end=501838036 connect_duration_ms=1 send_duration_ms=0 receive_duration_ms=3 total_duration_ms=4
[2026-02-02 22:49:55.934] [info] [spider.worker] [TIMING] worker_id=027dee0b-a956-4d41-9e62-8f43be456421 task_id=none get_next_task request_start=501838138 connect_end=501838139 send_end=501838139 receive_end=501838142 connect_duration_ms=0 send_duration_ms=0 receive_duration_ms=3 total_duration_ms=4
[2026-02-02 22:49:56.056] [info] [spider.worker] [TIMING] worker_id=027dee0b-a956-4d41-9e62-8f43be456421 task_id=none get_next_task request_start=501838258 connect_end=501838259 send_end=501838259 receive_end=501838264 connect_duration_ms=0 send_duration_ms=0 receive_duration_ms=5 total_duration_ms=6
[2026-02-02 22:49:56.163] [info] [spider.worker] [TIMING] worker_id=027dee0b-a956-4d41-9e62-8f43be456421 task_id=none get_next_task request_start=501838366 connect_end=501838367 send_end=501838367 receive_end=501838371 connect_duration_ms=0 send_duration_ms=0 receive_duration_ms=3 total_duration_ms=4
[2026-02-02 22:49:56.269] [info] [spider.worker] [TIMING] worker_id=027dee0b-a956-4d41-9e62-8f43be456421 task_id=none get_next_task request_start=501838473 connect_end=501838474 send_end=501838474 receive_end=501838477 connect_duration_ms=0 send_duration_ms=0 receive_duration_ms=3 total_duration_ms=4
[2026-02-02 22:49:56.375] [info] [spider.worker] [TIMING] worker_id=027dee0b-a956-4d41-9e62-8f43be456421 task_id=none get_next_task request_start=501838579 connect_end=501838580 send_end=501838580 receive_end=501838583 connect_duration_ms=0 send_duration_ms=0 receive_duration_ms=3 total_duration_ms=4
[2026-02-02 22:49:56.482] [info] [spider.worker] [TIMING] worker_id=027dee0b-a956-4d41-9e62-8f43be456421 task_id=none get_next_task request_start=501838686 connect_end=501838687 send_end=501838687 receive_end=501838690 connect_duration_ms=1 send_duration_ms=0 receive_duration_ms=3 total_duration_ms=4
[2026-02-02 22:49:56.587] [info] [spider.worker] [TIMING] worker_id=027dee0b-a956-4d41-9e62-8f43be456421 task_id=none get_next_task request_start=501838793 connect_end=501838794 send_end=501838794 receive_end=501838795 connect_duration_ms=0 send_duration_ms=0 receive_duration_ms=1 total_duration_ms=2
[2026-02-02 22:49:56.692] [info] [spider.worker] [TIMING] worker_id=027dee0b-a956-4d41-9e62-8f43be456421 task_id=none get_next_task request_start=501838897 connect_end=501838898 send_end=501838898 receive_end=501838901 connect_duration_ms=1 send_duration_ms=0 receive_duration_ms=2 total_duration_ms=3
[2026-02-02 22:49:56.798] [info] [spider.worker] [TIMING] worker_id=027dee0b-a956-4d41-9e62-8f43be456421 task_id=none get_next_task request_start=501839003 connect_end=501839004 send_end=501839004 receive_end=501839007 connect_duration_ms=1 send_duration_ms=0 receive_duration_ms=2 total_duration_ms=3
[2026-02-02 22:49:56.905] [info] [spider.worker] [TIMING] worker_id=027dee0b-a956-4d41-9e62-8f43be456421 task_id=none get_next_task request_start=501839109 connect_end=501839110 send_end=501839110 receive_end=501839113 connect_duration_ms=1 send_duration_ms=0 receive_duration_ms=2 total_duration_ms=3
[2026-02-02 22:49:57.011] [info] [spider.worker] [TIMING] worker_id=027dee0b-a956-4d41-9e62-8f43be456421 task_id=none get_next_task request_start=501839216 connect_end=501839217 send_end=501839217 receive_end=501839220 connect_duration_ms=1 send_duration_ms=0 receive_duration_ms=2 total_duration_ms=3
[2026-02-02 22:49:57.118] [info] [spider.worker] [TIMING] worker_id=027dee0b-a956-4d41-9e62-8f43be456421 task_id=none get_next_task request_start=501839322 connect_end=501839323 send_end=501839323 receive_end=501839326 connect_duration_ms=1 send_duration_ms=0 receive_duration_ms=2 total_duration_ms=3
[2026-02-02 22:49:57.224] [info] [spider.worker] [TIMING] worker_id=027dee0b-a956-4d41-9e62-8f43be456421 task_id=none get_next_task request_start=501839428 connect_end=501839429 send_end=501839429 receive_end=501839433 connect_duration_ms=1 send_duration_ms=0 receive_duration_ms=3 total_duration_ms=4
[2026-02-02 22:49:57.332] [info] [spider.worker] [TIMING] worker_id=027dee0b-a956-4d41-9e62-8f43be456421 task_id=none get_next_task request_start=501839535 connect_end=501839536 send_end=501839536 receive_end=501839540 connect_duration_ms=1 send_duration_ms=0 receive_duration_ms=4 total_duration_ms=5
[2026-02-02 22:49:57.437] [info] [spider.worker] [TIMING] worker_id=027dee0b-a956-4d41-9e62-8f43be456421 task_id=none get_next_task request_start=501839642 connect_end=501839643 send_end=501839643 receive_end=501839646 connect_duration_ms=0 send_duration_ms=0 receive_duration_ms=3 total_duration_ms=3
[2026-02-02 22:49:57.544] [info] [spider.worker] [TIMING] worker_id=027dee0b-a956-4d41-9e62-8f43be456421 task_id=none get_next_task request_start=501839748 connect_end=501839749 send_end=501839749 receive_end=501839752 connect_duration_ms=1 send_duration_ms=0 receive_duration_ms=2 total_duration_ms=3
[2026-02-02 22:49:57.650] [info] [spider.worker] [TIMING] worker_id=027dee0b-a956-4d41-9e62-8f43be456421 task_id=none get_next_task request_start=501839854 connect_end=501839855 send_end=501839855 receive_end=501839859 connect_duration_ms=0 send_duration_ms=0 receive_duration_ms=3 total_duration_ms=4
[2026-02-02 22:49:57.758] [info] [spider.worker] [TIMING] worker_id=027dee0b-a956-4d41-9e62-8f43be456421 task_id=none get_next_task request_start=501839960 connect_end=501839961 send_end=501839961 receive_end=501839967 connect_duration_ms=0 send_duration_ms=0 receive_duration_ms=5 total_duration_ms=6
[2026-02-02 22:49:57.865] [info] [spider.worker] [TIMING] worker_id=027dee0b-a956-4d41-9e62-8f43be456421 task_id=none get_next_task request_start=501840069 connect_end=501840070 send_end=501840070 receive_end=501840073 connect_duration_ms=1 send_duration_ms=0 receive_duration_ms=3 total_duration_ms=4
[2026-02-02 22:49:57.969] [info] [spider.worker] [TIMING] worker_id=027dee0b-a956-4d41-9e62-8f43be456421 task_id=none get_next_task request_start=501840175 connect_end=501840176 send_end=501840176 receive_end=501840177 connect_duration_ms=0 send_duration_ms=0 receive_duration_ms=1 total_duration_ms=2
[2026-02-02 22:49:58.079] [info] [spider.worker] [TIMING] worker_id=027dee0b-a956-4d41-9e62-8f43be456421 task_id=none get_next_task request_start=501840280 connect_end=501840281 send_end=501840281 receive_end=501840287 connect_duration_ms=1 send_duration_ms=0 receive_duration_ms=5 total_duration_ms=7
[2026-02-02 22:49:58.189] [info] [spider.worker] [TIMING] worker_id=027dee0b-a956-4d41-9e62-8f43be456421 task_id=none get_next_task request_start=501840390 connect_end=501840391 send_end=501840391 receive_end=501840397 connect_duration_ms=1 send_duration_ms=0 receive_duration_ms=5 total_duration_ms=7
[2026-02-02 22:49:58.296] [info] [spider.worker] [TIMING] worker_id=027dee0b-a956-4d41-9e62-8f43be456421 task_id=none get_next_task request_start=501840500 connect_end=501840501 send_end=501840501 receive_end=501840504 connect_duration_ms=1 send_duration_ms=0 receive_duration_ms=3 total_duration_ms=4
[2026-02-02 22:49:58.402] [info] [spider.worker] [TIMING] worker_id=027dee0b-a956-4d41-9e62-8f43be456421 task_id=none get_next_task request_start=501840606 connect_end=501840607 send_end=501840607 receive_end=501840610 connect_duration_ms=1 send_duration_ms=0 receive_duration_ms=2 total_duration_ms=3
[2026-02-02 22:49:58.506] [info] [spider.worker] [TIMING] worker_id=027dee0b-a956-4d41-9e62-8f43be456421 task_id=none get_next_task request_start=501840712 connect_end=501840713 send_end=501840713 receive_end=501840714 connect_duration_ms=0 send_duration_ms=0 receive_duration_ms=1 total_duration_ms=2
[2026-02-02 22:49:58.613] [info] [spider.worker] [TIMING] worker_id=027dee0b-a956-4d41-9e62-8f43be456421 task_id=none get_next_task request_start=501840817 connect_end=501840818 send_end=501840818 receive_end=501840821 connect_duration_ms=0 send_duration_ms=0 receive_duration_ms=3 total_duration_ms=4
[2026-02-02 22:49:58.720] [info] [spider.worker] [TIMING] worker_id=027dee0b-a956-4d41-9e62-8f43be456421 task_id=none get_next_task request_start=501840924 connect_end=501840925 send_end=501840925 receive_end=501840928 connect_duration_ms=1 send_duration_ms=0 receive_duration_ms=3 total_duration_ms=4
[2026-02-02 22:49:58.827] [info] [spider.worker] [TIMING] worker_id=027dee0b-a956-4d41-9e62-8f43be456421 task_id=none get_next_task request_start=501841030 connect_end=501841032 send_end=501841032 receive_end=501841035 connect_duration_ms=1 send_duration_ms=0 receive_duration_ms=3 total_duration_ms=5
[2026-02-02 22:49:58.934] [info] [spider.worker] [TIMING] worker_id=027dee0b-a956-4d41-9e62-8f43be456421 task_id=none get_next_task request_start=501841138 connect_end=501841139 send_end=501841139 receive_end=501841142 connect_duration_ms=1 send_duration_ms=0 receive_duration_ms=2 total_duration_ms=4
[2026-02-02 22:49:59.040] [info] [spider.worker] [TIMING] worker_id=027dee0b-a956-4d41-9e62-8f43be456421 task_id=none get_next_task request_start=501841244 connect_end=501841245 send_end=501841246 receive_end=501841249 connect_duration_ms=1 send_duration_ms=0 receive_duration_ms=3 total_duration_ms=4
[2026-02-02 22:49:59.149] [info] [spider.worker] [TIMING] worker_id=027dee0b-a956-4d41-9e62-8f43be456421 task_id=none get_next_task request_start=501841351 connect_end=501841353 send_end=501841353 receive_end=501841357 connect_duration_ms=1 send_duration_ms=0 receive_duration_ms=4 total_duration_ms=6
[2026-02-02 22:49:59.256] [info] [spider.worker] [TIMING] worker_id=027dee0b-a956-4d41-9e62-8f43be456421 task_id=none get_next_task request_start=501841460 connect_end=501841461 send_end=501841461 receive_end=501841464 connect_duration_ms=1 send_duration_ms=0 receive_duration_ms=3 total_duration_ms=4
[2026-02-02 22:49:59.363] [info] [spider.worker] [TIMING] worker_id=027dee0b-a956-4d41-9e62-8f43be456421 task_id=none get_next_task request_start=501841567 connect_end=501841568 send_end=501841568 receive_end=501841572 connect_duration_ms=1 send_duration_ms=0 receive_duration_ms=3 total_duration_ms=4
[2026-02-02 22:49:59.467] [info] [spider.worker] [TIMING] worker_id=027dee0b-a956-4d41-9e62-8f43be456421 task_id=none get_next_task request_start=501841673 connect_end=501841674 send_end=501841674 receive_end=501841676 connect_duration_ms=0 send_duration_ms=0 receive_duration_ms=1 total_duration_ms=2
[2026-02-02 22:49:59.571] [info] [spider.worker] [TIMING] worker_id=027dee0b-a956-4d41-9e62-8f43be456421 task_id=none get_next_task request_start=501841777 connect_end=501841778 send_end=501841778 receive_end=501841780 connect_duration_ms=0 send_duration_ms=0 receive_duration_ms=1 total_duration_ms=2
[2026-02-02 22:49:59.681] [info] [spider.worker] [TIMING] worker_id=027dee0b-a956-4d41-9e62-8f43be456421 task_id=none get_next_task request_start=501841881 connect_end=501841882 send_end=501841882 receive_end=501841889 connect_duration_ms=0 send_duration_ms=0 receive_duration_ms=6 total_duration_ms=7
[2026-02-02 22:49:59.787] [info] [spider.worker] [TIMING] worker_id=027dee0b-a956-4d41-9e62-8f43be456421 task_id=none get_next_task request_start=501841991 connect_end=501841992 send_end=501841992 receive_end=501841995 connect_duration_ms=1 send_duration_ms=0 receive_duration_ms=3 total_duration_ms=4
[2026-02-02 22:49:59.893] [info] [spider.worker] [TIMING] worker_id=027dee0b-a956-4d41-9e62-8f43be456421 task_id=none get_next_task request_start=501842098 connect_end=501842099 send_end=501842099 receive_end=501842102 connect_duration_ms=1 send_duration_ms=0 receive_duration_ms=2 total_duration_ms=4
[2026-02-02 22:50:00.001] [info] [spider.worker] [TIMING] worker_id=027dee0b-a956-4d41-9e62-8f43be456421 task_id=none get_next_task request_start=501842204 connect_end=501842205 send_end=501842205 receive_end=501842210 connect_duration_ms=1 send_duration_ms=0 receive_duration_ms=4 total_duration_ms=5
[2026-02-02 22:50:00.108] [info] [spider.worker] [TIMING] worker_id=027dee0b-a956-4d41-9e62-8f43be456421 task_id=none get_next_task request_start=501842312 connect_end=501842313 send_end=501842313 receive_end=501842316 connect_duration_ms=0 send_duration_ms=0 receive_duration_ms=3 total_duration_ms=4
[2026-02-02 22:50:00.216] [info] [spider.worker] [TIMING] worker_id=027dee0b-a956-4d41-9e62-8f43be456421 task_id=none get_next_task request_start=501842419 connect_end=501842420 send_end=501842420 receive_end=501842425 connect_duration_ms=1 send_duration_ms=0 receive_duration_ms=4 total_duration_ms=5
[2026-02-02 22:50:00.324] [info] [spider.worker] [TIMING] worker_id=027dee0b-a956-4d41-9e62-8f43be456421 task_id=none get_next_task request_start=501842527 connect_end=501842528 send_end=501842528 receive_end=501842532 connect_duration_ms=1 send_duration_ms=0 receive_duration_ms=4 total_duration_ms=5
[2026-02-02 22:50:00.431] [info] [spider.worker] [TIMING] worker_id=027dee0b-a956-4d41-9e62-8f43be456421 task_id=none get_next_task request_start=501842635 connect_end=501842636 send_end=501842636 receive_end=501842639 connect_duration_ms=1 send_duration_ms=0 receive_duration_ms=3 total_duration_ms=4
[2026-02-02 22:50:00.539] [info] [spider.worker] [TIMING] worker_id=027dee0b-a956-4d41-9e62-8f43be456421 task_id=none get_next_task request_start=501842742 connect_end=501842743 send_end=501842743 receive_end=501842748 connect_duration_ms=1 send_duration_ms=0 receive_duration_ms=4 total_duration_ms=5
[2026-02-02 22:50:00.655] [info] [spider.worker] [TIMING] worker_id=027dee0b-a956-4d41-9e62-8f43be456421 task_id=none get_next_task request_start=501842850 connect_end=501842851 send_end=501842851 receive_end=501842864 connect_duration_ms=1 send_duration_ms=0 receive_duration_ms=12 total_duration_ms=13
[2026-02-02 22:50:00.763] [info] [spider.worker] [TIMING] worker_id=027dee0b-a956-4d41-9e62-8f43be456421 task_id=none get_next_task request_start=501842966 connect_end=501842967 send_end=501842967 receive_end=501842971 connect_duration_ms=1 send_duration_ms=0 receive_duration_ms=3 total_duration_ms=4
[2026-02-02 22:50:00.871] [info] [spider.worker] [TIMING] worker_id=027dee0b-a956-4d41-9e62-8f43be456421 task_id=none get_next_task request_start=501843074 connect_end=501843075 send_end=501843075 receive_end=501843079 connect_duration_ms=1 send_duration_ms=0 receive_duration_ms=4 total_duration_ms=5
[2026-02-02 22:50:00.978] [info] [spider.worker] [TIMING] worker_id=027dee0b-a956-4d41-9e62-8f43be456421 task_id=none get_next_task request_start=501843181 connect_end=501843182 send_end=501843182 receive_end=501843186 connect_duration_ms=1 send_duration_ms=0 receive_duration_ms=3 total_duration_ms=4
[2026-02-02 22:50:01.086] [info] [spider.worker] [TIMING] worker_id=027dee0b-a956-4d41-9e62-8f43be456421 task_id=none get_next_task request_start=501843288 connect_end=501843289 send_end=501843289 receive_end=501843294 connect_duration_ms=0 send_duration_ms=0 receive_duration_ms=5 total_duration_ms=6
[2026-02-02 22:50:01.191] [info] [spider.worker] [TIMING] worker_id=027dee0b-a956-4d41-9e62-8f43be456421 task_id=none get_next_task request_start=501843397 connect_end=501843398 send_end=501843398 receive_end=501843400 connect_duration_ms=0 send_duration_ms=0 receive_duration_ms=2 total_duration_ms=3
[2026-02-02 22:50:01.299] [info] [spider.worker] [TIMING] worker_id=027dee0b-a956-4d41-9e62-8f43be456421 task_id=none get_next_task request_start=501843502 connect_end=501843503 send_end=501843503 receive_end=501843508 connect_duration_ms=1 send_duration_ms=0 receive_duration_ms=4 total_duration_ms=5
[2026-02-02 22:50:01.405] [info] [spider.worker] [TIMING] worker_id=027dee0b-a956-4d41-9e62-8f43be456421 task_id=none get_next_task request_start=501843609 connect_end=501843610 send_end=501843610 receive_end=501843614 connect_duration_ms=0 send_duration_ms=0 receive_duration_ms=3 total_duration_ms=4
[2026-02-02 22:50:01.513] [info] [spider.worker] [TIMING] worker_id=027dee0b-a956-4d41-9e62-8f43be456421 task_id=none get_next_task request_start=501843716 connect_end=501843718 send_end=501843718 receive_end=501843721 connect_duration_ms=1 send_duration_ms=0 receive_duration_ms=3 total_duration_ms=4
[2026-02-02 22:50:01.620] [info] [spider.worker] [TIMING] worker_id=027dee0b-a956-4d41-9e62-8f43be456421 task_id=none get_next_task request_start=501843824 connect_end=501843825 send_end=501843825 receive_end=501843828 connect_duration_ms=1 send_duration_ms=0 receive_duration_ms=3 total_duration_ms=4
[2026-02-02 22:50:01.727] [info] [spider.worker] [TIMING] worker_id=027dee0b-a956-4d41-9e62-8f43be456421 task_id=none get_next_task request_start=501843931 connect_end=501843932 send_end=501843932 receive_end=501843935 connect_duration_ms=1 send_duration_ms=0 receive_duration_ms=3 total_duration_ms=4
[2026-02-02 22:50:01.835] [info] [spider.worker] [TIMING] worker_id=027dee0b-a956-4d41-9e62-8f43be456421 task_id=none get_next_task request_start=501844038 connect_end=501844039 send_end=501844039 receive_end=501844044 connect_duration_ms=1 send_duration_ms=0 receive_duration_ms=4 total_duration_ms=5
[2026-02-02 22:50:01.943] [info] [spider.worker] [TIMING] worker_id=027dee0b-a956-4d41-9e62-8f43be456421 task_id=none get_next_task request_start=501844146 connect_end=501844147 send_end=501844147 receive_end=501844151 connect_duration_ms=0 send_duration_ms=0 receive_duration_ms=4 total_duration_ms=5
[2026-02-02 22:50:02.050] [info] [spider.worker] [TIMING] worker_id=027dee0b-a956-4d41-9e62-8f43be456421 task_id=none get_next_task request_start=501844254 connect_end=501844255 send_end=501844255 receive_end=501844259 connect_duration_ms=1 send_duration_ms=0 receive_duration_ms=3 total_duration_ms=5
[2026-02-02 22:50:02.158] [info] [spider.worker] [TIMING] worker_id=027dee0b-a956-4d41-9e62-8f43be456421 task_id=none get_next_task request_start=501844361 connect_end=501844363 send_end=501844363 receive_end=501844367 connect_duration_ms=1 send_duration_ms=0 receive_duration_ms=4 total_duration_ms=5
[2026-02-02 22:50:02.266] [info] [spider.worker] [TIMING] worker_id=027dee0b-a956-4d41-9e62-8f43be456421 task_id=none get_next_task request_start=501844469 connect_end=501844471 send_end=501844471 receive_end=501844474 connect_duration_ms=1 send_duration_ms=0 receive_duration_ms=3 total_duration_ms=4
[2026-02-02 22:50:02.374] [info] [spider.worker] [TIMING] worker_id=027dee0b-a956-4d41-9e62-8f43be456421 task_id=none get_next_task request_start=501844577 connect_end=501844578 send_end=501844578 receive_end=501844582 connect_duration_ms=1 send_duration_ms=0 receive_duration_ms=3 total_duration_ms=5
[2026-02-02 22:50:02.481] [info] [spider.worker] [TIMING] worker_id=027dee0b-a956-4d41-9e62-8f43be456421 task_id=none get_next_task request_start=501844684 connect_end=501844686 send_end=501844686 receive_end=501844689 connect_duration_ms=1 send_duration_ms=0 receive_duration_ms=3 total_duration_ms=4
[2026-02-02 22:50:02.589] [info] [spider.worker] [TIMING] worker_id=027dee0b-a956-4d41-9e62-8f43be456421 task_id=none get_next_task request_start=501844791 connect_end=501844793 send_end=501844793 receive_end=501844797 connect_duration_ms=1 send_duration_ms=0 receive_duration_ms=4 total_duration_ms=5
[2026-02-02 22:50:02.697] [info] [spider.worker] [TIMING] worker_id=027dee0b-a956-4d41-9e62-8f43be456421 task_id=none get_next_task request_start=501844900 connect_end=501844901 send_end=501844901 receive_end=501844905 connect_duration_ms=1 send_duration_ms=0 receive_duration_ms=4 total_duration_ms=5
[2026-02-02 22:50:02.805] [info] [spider.worker] [TIMING] worker_id=027dee0b-a956-4d41-9e62-8f43be456421 task_id=none get_next_task request_start=501845008 connect_end=501845008 send_end=501845009 receive_end=501845013 connect_duration_ms=0 send_duration_ms=0 receive_duration_ms=4 total_duration_ms=5
[2026-02-02 22:50:02.913] [info] [spider.worker] [TIMING] worker_id=027dee0b-a956-4d41-9e62-8f43be456421 task_id=none get_next_task request_start=501845116 connect_end=501845117 send_end=501845117 receive_end=501845121 connect_duration_ms=1 send_duration_ms=0 receive_duration_ms=4 total_duration_ms=5
[2026-02-02 22:50:03.021] [info] [spider.worker] [TIMING] worker_id=027dee0b-a956-4d41-9e62-8f43be456421 task_id=none get_next_task request_start=501845224 connect_end=501845225 send_end=501845225 receive_end=501845229 connect_duration_ms=1 send_duration_ms=0 receive_duration_ms=4 total_duration_ms=5
[2026-02-02 22:50:03.129] [info] [spider.worker] [TIMING] worker_id=027dee0b-a956-4d41-9e62-8f43be456421 task_id=none get_next_task request_start=501845332 connect_end=501845333 send_end=501845333 receive_end=501845337 connect_duration_ms=1 send_duration_ms=0 receive_duration_ms=3 total_duration_ms=5
[2026-02-02 22:50:03.236] [info] [spider.worker] [TIMING] worker_id=027dee0b-a956-4d41-9e62-8f43be456421 task_id=none get_next_task request_start=501845440 connect_end=501845441 send_end=501845441 receive_end=501845444 connect_duration_ms=1 send_duration_ms=0 receive_duration_ms=2 total_duration_ms=4
[2026-02-02 22:50:03.345] [info] [spider.worker] [TIMING] worker_id=027dee0b-a956-4d41-9e62-8f43be456421 task_id=none get_next_task request_start=501845547 connect_end=501845548 send_end=501845548 receive_end=501845553 connect_duration_ms=1 send_duration_ms=0 receive_duration_ms=4 total_duration_ms=6
[2026-02-02 22:50:03.452] [info] [spider.worker] [TIMING] worker_id=027dee0b-a956-4d41-9e62-8f43be456421 task_id=none get_next_task request_start=501845655 connect_end=501845657 send_end=501845657 receive_end=501845660 connect_duration_ms=1 send_duration_ms=0 receive_duration_ms=3 total_duration_ms=4
[2026-02-02 22:50:03.558] [info] [spider.worker] [TIMING] worker_id=027dee0b-a956-4d41-9e62-8f43be456421 task_id=none get_next_task request_start=501845763 connect_end=501845764 send_end=501845764 receive_end=501845767 connect_duration_ms=1 send_duration_ms=0 receive_duration_ms=2 total_duration_ms=4
[2026-02-02 22:50:03.665] [info] [spider.worker] [TIMING] worker_id=027dee0b-a956-4d41-9e62-8f43be456421 task_id=none get_next_task request_start=501845870 connect_end=501845871 send_end=501845871 receive_end=501845874 connect_duration_ms=1 send_duration_ms=0 receive_duration_ms=2 total_duration_ms=4
[2026-02-02 22:50:03.771] [info] [spider.worker] [TIMING] worker_id=027dee0b-a956-4d41-9e62-8f43be456421 task_id=none get_next_task request_start=501845977 connect_end=501845978 send_end=501845978 receive_end=501845979 connect_duration_ms=1 send_duration_ms=0 receive_duration_ms=1 total_duration_ms=2
[2026-02-02 22:50:03.892] [info] [spider.worker] [TIMING] worker_id=027dee0b-a956-4d41-9e62-8f43be456421 task_id=none get_next_task request_start=501846082 connect_end=501846083 send_end=501846083 receive_end=501846101 connect_duration_ms=1 send_duration_ms=0 receive_duration_ms=17 total_duration_ms=18
[2026-02-02 22:50:04.000] [info] [spider.worker] [TIMING] worker_id=027dee0b-a956-4d41-9e62-8f43be456421 task_id=none get_next_task request_start=501846203 connect_end=501846204 send_end=501846204 receive_end=501846209 connect_duration_ms=1 send_duration_ms=0 receive_duration_ms=4 total_duration_ms=6
[2026-02-02 22:50:04.108] [info] [spider.worker] [TIMING] worker_id=027dee0b-a956-4d41-9e62-8f43be456421 task_id=none get_next_task request_start=501846312 connect_end=501846313 send_end=501846313 receive_end=501846316 connect_duration_ms=1 send_duration_ms=0 receive_duration_ms=2 total_duration_ms=4
[2026-02-02 22:50:04.215] [info] [spider.worker] [TIMING] worker_id=027dee0b-a956-4d41-9e62-8f43be456421 task_id=none get_next_task request_start=501846419 connect_end=501846420 send_end=501846420 receive_end=501846424 connect_duration_ms=1 send_duration_ms=0 receive_duration_ms=3 total_duration_ms=4
[2026-02-02 22:50:04.322] [info] [spider.worker] [TIMING] worker_id=027dee0b-a956-4d41-9e62-8f43be456421 task_id=none get_next_task request_start=501846526 connect_end=501846527 send_end=501846527 receive_end=501846530 connect_duration_ms=1 send_duration_ms=0 receive_duration_ms=3 total_duration_ms=4
[2026-02-02 22:50:04.429] [info] [spider.worker] [TIMING] worker_id=027dee0b-a956-4d41-9e62-8f43be456421 task_id=none get_next_task request_start=501846633 connect_end=501846634 send_end=501846634 receive_end=501846638 connect_duration_ms=1 send_duration_ms=0 receive_duration_ms=3 total_duration_ms=4
[2026-02-02 22:50:04.537] [info] [spider.worker] [TIMING] worker_id=027dee0b-a956-4d41-9e62-8f43be456421 task_id=none get_next_task request_start=501846740 connect_end=501846741 send_end=501846741 receive_end=501846745 connect_duration_ms=1 send_duration_ms=0 receive_duration_ms=3 total_duration_ms=4
[2026-02-02 22:50:04.644] [info] [spider.worker] [TIMING] worker_id=027dee0b-a956-4d41-9e62-8f43be456421 task_id=none get_next_task request_start=501846848 connect_end=501846849 send_end=501846849 receive_end=501846852 connect_duration_ms=1 send_duration_ms=0 receive_duration_ms=3 total_duration_ms=4
[2026-02-02 22:50:04.751] [info] [spider.worker] [TIMING] worker_id=027dee0b-a956-4d41-9e62-8f43be456421 task_id=none get_next_task request_start=501846955 connect_end=501846956 send_end=501846956 receive_end=501846960 connect_duration_ms=1 send_duration_ms=0 receive_duration_ms=3 total_duration_ms=4
[2026-02-02 22:50:04.858] [info] [spider.worker] [TIMING] worker_id=027dee0b-a956-4d41-9e62-8f43be456421 task_id=none get_next_task request_start=501847062 connect_end=501847064 send_end=501847064 receive_end=501847067 connect_duration_ms=1 send_duration_ms=0 receive_duration_ms=3 total_duration_ms=4
[2026-02-02 22:50:04.966] [info] [spider.worker] [TIMING] worker_id=027dee0b-a956-4d41-9e62-8f43be456421 task_id=none get_next_task request_start=501847169 connect_end=501847170 send_end=501847170 receive_end=501847174 connect_duration_ms=1 send_duration_ms=0 receive_duration_ms=3 total_duration_ms=5
[2026-02-02 22:50:05.073] [info] [spider.worker] [TIMING] worker_id=027dee0b-a956-4d41-9e62-8f43be456421 task_id=none get_next_task request_start=501847277 connect_end=501847278 send_end=501847278 receive_end=501847282 connect_duration_ms=1 send_duration_ms=0 receive_duration_ms=3 total_duration_ms=4
[2026-02-02 22:50:05.181] [info] [spider.worker] [TIMING] worker_id=027dee0b-a956-4d41-9e62-8f43be456421 task_id=none get_next_task request_start=501847385 connect_end=501847386 send_end=501847386 receive_end=501847389 connect_duration_ms=1 send_duration_ms=0 receive_duration_ms=3 total_duration_ms=4
[2026-02-02 22:50:05.287] [info] [spider.worker] [TIMING] worker_id=027dee0b-a956-4d41-9e62-8f43be456421 task_id=none get_next_task request_start=501847492 connect_end=501847493 send_end=501847493 receive_end=501847496 connect_duration_ms=1 send_duration_ms=0 receive_duration_ms=3 total_duration_ms=4
[2026-02-02 22:50:05.395] [info] [spider.worker] [TIMING] worker_id=027dee0b-a956-4d41-9e62-8f43be456421 task_id=none get_next_task request_start=501847598 connect_end=501847600 send_end=501847600 receive_end=501847603 connect_duration_ms=1 send_duration_ms=0 receive_duration_ms=3 total_duration_ms=4
[2026-02-02 22:50:05.501] [info] [spider.worker] [TIMING] worker_id=027dee0b-a956-4d41-9e62-8f43be456421 task_id=none get_next_task request_start=501847706 connect_end=501847707 send_end=501847707 receive_end=501847710 connect_duration_ms=1 send_duration_ms=0 receive_duration_ms=2 total_duration_ms=4
[2026-02-02 22:50:05.608] [info] [spider.worker] [TIMING] worker_id=027dee0b-a956-4d41-9e62-8f43be456421 task_id=none get_next_task request_start=501847812 connect_end=501847813 send_end=501847813 receive_end=501847816 connect_duration_ms=0 send_duration_ms=0 receive_duration_ms=2 total_duration_ms=3
[2026-02-02 22:50:05.715] [info] [spider.worker] [TIMING] worker_id=027dee0b-a956-4d41-9e62-8f43be456421 task_id=none get_next_task request_start=501847919 connect_end=501847921 send_end=501847921 receive_end=501847924 connect_duration_ms=1 send_duration_ms=0 receive_duration_ms=3 total_duration_ms=4
[2026-02-02 22:50:05.823] [info] [spider.worker] [TIMING] worker_id=027dee0b-a956-4d41-9e62-8f43be456421 task_id=none get_next_task request_start=501848026 connect_end=501848027 send_end=501848028 receive_end=501848031 connect_duration_ms=1 send_duration_ms=0 receive_duration_ms=3 total_duration_ms=4
[2026-02-02 22:50:05.931] [info] [spider.worker] [TIMING] worker_id=027dee0b-a956-4d41-9e62-8f43be456421 task_id=none get_next_task request_start=501848134 connect_end=501848135 send_end=501848135 receive_end=501848139 connect_duration_ms=0 send_duration_ms=0 receive_duration_ms=4 total_duration_ms=5
[2026-02-02 22:50:06.039] [info] [spider.worker] [TIMING] worker_id=027dee0b-a956-4d41-9e62-8f43be456421 task_id=none get_next_task request_start=501848242 connect_end=501848243 send_end=501848243 receive_end=501848247 connect_duration_ms=1 send_duration_ms=0 receive_duration_ms=3 total_duration_ms=4
[2026-02-02 22:50:06.145] [info] [spider.worker] [TIMING] worker_id=027dee0b-a956-4d41-9e62-8f43be456421 task_id=none get_next_task request_start=501848349 connect_end=501848350 send_end=501848350 receive_end=501848353 connect_duration_ms=0 send_duration_ms=0 receive_duration_ms=3 total_duration_ms=3
[2026-02-02 22:50:06.252] [info] [spider.worker] [TIMING] worker_id=027dee0b-a956-4d41-9e62-8f43be456421 task_id=none get_next_task request_start=501848455 connect_end=501848456 send_end=501848456 receive_end=501848460 connect_duration_ms=1 send_duration_ms=0 receive_duration_ms=3 total_duration_ms=4
[2026-02-02 22:50:06.357] [info] [spider.worker] [TIMING] worker_id=027dee0b-a956-4d41-9e62-8f43be456421 task_id=none get_next_task request_start=501848562 connect_end=501848563 send_end=501848563 receive_end=501848565 connect_duration_ms=1 send_duration_ms=0 receive_duration_ms=1 total_duration_ms=2
[2026-02-02 22:50:06.463] [info] [spider.worker] [TIMING] worker_id=027dee0b-a956-4d41-9e62-8f43be456421 task_id=none get_next_task request_start=501848667 connect_end=501848668 send_end=501848668 receive_end=501848672 connect_duration_ms=0 send_duration_ms=0 receive_duration_ms=3 total_duration_ms=4
[2026-02-02 22:50:06.569] [info] [spider.worker] [TIMING] worker_id=027dee0b-a956-4d41-9e62-8f43be456421 task_id=none get_next_task request_start=501848773 connect_end=501848774 send_end=501848774 receive_end=501848777 connect_duration_ms=0 send_duration_ms=0 receive_duration_ms=2 total_duration_ms=3
[2026-02-02 22:50:06.678] [info] [spider.worker] [TIMING] worker_id=027dee0b-a956-4d41-9e62-8f43be456421 task_id=none get_next_task request_start=501848879 connect_end=501848881 send_end=501848881 receive_end=501848886 connect_duration_ms=1 send_duration_ms=0 receive_duration_ms=5 total_duration_ms=6
[2026-02-02 22:50:06.785] [info] [spider.worker] [TIMING] worker_id=027dee0b-a956-4d41-9e62-8f43be456421 task_id=none get_next_task request_start=501848989 connect_end=501848990 send_end=501848990 receive_end=501848993 connect_duration_ms=1 send_duration_ms=0 receive_duration_ms=3 total_duration_ms=4
[2026-02-02 22:50:06.893] [info] [spider.worker] [TIMING] worker_id=027dee0b-a956-4d41-9e62-8f43be456421 task_id=none get_next_task request_start=501849096 connect_end=501849098 send_end=501849098 receive_end=501849101 connect_duration_ms=1 send_duration_ms=0 receive_duration_ms=3 total_duration_ms=4
[2026-02-02 22:50:06.999] [info] [spider.worker] [TIMING] worker_id=027dee0b-a956-4d41-9e62-8f43be456421 task_id=none get_next_task request_start=501849204 connect_end=501849205 send_end=501849205 receive_end=501849208 connect_duration_ms=1 send_duration_ms=0 receive_duration_ms=3 total_duration_ms=4
[2026-02-02 22:50:07.104] [info] [spider.worker] [TIMING] worker_id=027dee0b-a956-4d41-9e62-8f43be456421 task_id=none get_next_task request_start=501849309 connect_end=501849310 send_end=501849310 receive_end=501849312 connect_duration_ms=0 send_duration_ms=0 receive_duration_ms=1 total_duration_ms=2
[2026-02-02 22:50:07.209] [info] [spider.worker] [TIMING] worker_id=027dee0b-a956-4d41-9e62-8f43be456421 task_id=none get_next_task request_start=501849413 connect_end=501849414 send_end=501849414 receive_end=501849418 connect_duration_ms=0 send_duration_ms=0 receive_duration_ms=3 total_duration_ms=4
[2026-02-02 22:50:07.315] [info] [spider.worker] [TIMING] worker_id=027dee0b-a956-4d41-9e62-8f43be456421 task_id=none get_next_task request_start=501849520 connect_end=501849521 send_end=501849521 receive_end=501849524 connect_duration_ms=0 send_duration_ms=0 receive_duration_ms=3 total_duration_ms=3
[2026-02-02 22:50:07.422] [info] [spider.worker] [TIMING] worker_id=027dee0b-a956-4d41-9e62-8f43be456421 task_id=none get_next_task request_start=501849626 connect_end=501849627 send_end=501849627 receive_end=501849630 connect_duration_ms=0 send_duration_ms=0 receive_duration_ms=3 total_duration_ms=4
[2026-02-02 22:50:07.529] [info] [spider.worker] [TIMING] worker_id=027dee0b-a956-4d41-9e62-8f43be456421 task_id=none get_next_task request_start=501849733 connect_end=501849734 send_end=501849735 receive_end=501849738 connect_duration_ms=1 send_duration_ms=0 receive_duration_ms=3 total_duration_ms=4
[2026-02-02 22:50:07.637] [info] [spider.worker] [TIMING] worker_id=027dee0b-a956-4d41-9e62-8f43be456421 task_id=none get_next_task request_start=501849841 connect_end=501849842 send_end=501849842 receive_end=501849845 connect_duration_ms=1 send_duration_ms=0 receive_duration_ms=3 total_duration_ms=4
[2026-02-02 22:50:07.744] [info] [spider.worker] [TIMING] worker_id=027dee0b-a956-4d41-9e62-8f43be456421 task_id=none get_next_task request_start=501849948 connect_end=501849949 send_end=501849949 receive_end=501849952 connect_duration_ms=1 send_duration_ms=0 receive_duration_ms=3 total_duration_ms=4
[2026-02-02 22:50:07.851] [info] [spider.worker] [TIMING] worker_id=027dee0b-a956-4d41-9e62-8f43be456421 task_id=none get_next_task request_start=501850055 connect_end=501850056 send_end=501850056 receive_end=501850059 connect_duration_ms=1 send_duration_ms=0 receive_duration_ms=3 total_duration_ms=4
[2026-02-02 22:50:07.957] [info] [spider.worker] [TIMING] worker_id=027dee0b-a956-4d41-9e62-8f43be456421 task_id=none get_next_task request_start=501850162 connect_end=501850163 send_end=501850163 receive_end=501850166 connect_duration_ms=0 send_duration_ms=0 receive_duration_ms=2 total_duration_ms=3
[2026-02-02 22:50:08.064] [info] [spider.worker] [TIMING] worker_id=027dee0b-a956-4d41-9e62-8f43be456421 task_id=none get_next_task request_start=501850268 connect_end=501850269 send_end=501850269 receive_end=501850272 connect_duration_ms=1 send_duration_ms=0 receive_duration_ms=3 total_duration_ms=4
[2026-02-02 22:50:08.171] [info] [spider.worker] [TIMING] worker_id=027dee0b-a956-4d41-9e62-8f43be456421 task_id=none get_next_task request_start=501850375 connect_end=501850376 send_end=501850376 receive_end=501850379 connect_duration_ms=1 send_duration_ms=0 receive_duration_ms=3 total_duration_ms=4
[2026-02-02 22:50:08.277] [info] [spider.worker] [TIMING] worker_id=027dee0b-a956-4d41-9e62-8f43be456421 task_id=none get_next_task request_start=501850482 connect_end=501850483 send_end=501850483 receive_end=501850486 connect_duration_ms=1 send_duration_ms=0 receive_duration_ms=2 total_duration_ms=4
[2026-02-02 22:50:08.384] [info] [spider.worker] [TIMING] worker_id=027dee0b-a956-4d41-9e62-8f43be456421 task_id=none get_next_task request_start=501850588 connect_end=501850589 send_end=501850589 receive_end=501850593 connect_duration_ms=1 send_duration_ms=0 receive_duration_ms=3 total_duration_ms=4
[2026-02-02 22:50:08.491] [info] [spider.worker] [TIMING] worker_id=027dee0b-a956-4d41-9e62-8f43be456421 task_id=none get_next_task request_start=501850695 connect_end=501850696 send_end=501850696 receive_end=501850700 connect_duration_ms=1 send_duration_ms=0 receive_duration_ms=3 total_duration_ms=4
[2026-02-02 22:50:08.599] [info] [spider.worker] [TIMING] worker_id=027dee0b-a956-4d41-9e62-8f43be456421 task_id=none get_next_task request_start=501850802 connect_end=501850804 send_end=501850804 receive_end=501850808 connect_duration_ms=1 send_duration_ms=0 receive_duration_ms=3 total_duration_ms=5
[2026-02-02 22:50:08.708] [info] [spider.worker] [TIMING] worker_id=027dee0b-a956-4d41-9e62-8f43be456421 task_id=none get_next_task request_start=501850910 connect_end=501850911 send_end=501850911 receive_end=501850916 connect_duration_ms=1 send_duration_ms=0 receive_duration_ms=4 total_duration_ms=5
[2026-02-02 22:50:08.815] [info] [spider.worker] [TIMING] worker_id=027dee0b-a956-4d41-9e62-8f43be456421 task_id=none get_next_task request_start=501851019 connect_end=501851020 send_end=501851020 receive_end=501851024 connect_duration_ms=1 send_duration_ms=0 receive_duration_ms=3 total_duration_ms=4
[2026-02-02 22:50:08.922] [info] [spider.worker] [TIMING] worker_id=027dee0b-a956-4d41-9e62-8f43be456421 task_id=none get_next_task request_start=501851125 connect_end=501851126 send_end=501851126 receive_end=501851130 connect_duration_ms=1 send_duration_ms=0 receive_duration_ms=4 total_duration_ms=5
[2026-02-02 22:50:09.028] [info] [spider.worker] [TIMING] worker_id=027dee0b-a956-4d41-9e62-8f43be456421 task_id=none get_next_task request_start=501851232 connect_end=501851233 send_end=501851234 receive_end=501851236 connect_duration_ms=1 send_duration_ms=0 receive_duration_ms=2 total_duration_ms=3
[2026-02-02 22:50:09.134] [info] [spider.worker] [TIMING] worker_id=027dee0b-a956-4d41-9e62-8f43be456421 task_id=none get_next_task request_start=501851339 connect_end=501851340 send_end=501851340 receive_end=501851343 connect_duration_ms=1 send_duration_ms=0 receive_duration_ms=2 total_duration_ms=4
[2026-02-02 22:50:09.240] [info] [spider.worker] [TIMING] worker_id=027dee0b-a956-4d41-9e62-8f43be456421 task_id=none get_next_task request_start=501851445 connect_end=501851446 send_end=501851446 receive_end=501851449 connect_duration_ms=0 send_duration_ms=0 receive_duration_ms=2 total_duration_ms=3
[2026-02-02 22:50:09.347] [info] [spider.worker] [TIMING] worker_id=027dee0b-a956-4d41-9e62-8f43be456421 task_id=none get_next_task request_start=501851551 connect_end=501851552 send_end=501851552 receive_end=501851555 connect_duration_ms=1 send_duration_ms=0 receive_duration_ms=2 total_duration_ms=4
[2026-02-02 22:50:09.454] [info] [spider.worker] [TIMING] worker_id=027dee0b-a956-4d41-9e62-8f43be456421 task_id=none get_next_task request_start=501851658 connect_end=501851659 send_end=501851659 receive_end=501851662 connect_duration_ms=1 send_duration_ms=0 receive_duration_ms=3 total_duration_ms=4
[2026-02-02 22:50:09.560] [info] [spider.worker] [TIMING] worker_id=027dee0b-a956-4d41-9e62-8f43be456421 task_id=none get_next_task request_start=501851765 connect_end=501851766 send_end=501851766 receive_end=501851769 connect_duration_ms=0 send_duration_ms=0 receive_duration_ms=2 total_duration_ms=3
[2026-02-02 22:50:09.668] [info] [spider.worker] [TIMING] worker_id=027dee0b-a956-4d41-9e62-8f43be456421 task_id=none get_next_task request_start=501851871 connect_end=501851873 send_end=501851873 receive_end=501851876 connect_duration_ms=1 send_duration_ms=0 receive_duration_ms=3 total_duration_ms=4
[2026-02-02 22:50:09.775] [info] [spider.worker] [TIMING] worker_id=027dee0b-a956-4d41-9e62-8f43be456421 task_id=none get_next_task request_start=501851979 connect_end=501851980 send_end=501851980 receive_end=501851983 connect_duration_ms=1 send_duration_ms=0 receive_duration_ms=3 total_duration_ms=4
[2026-02-02 22:50:09.881] [info] [spider.worker] [TIMING] worker_id=027dee0b-a956-4d41-9e62-8f43be456421 task_id=none get_next_task request_start=501852086 connect_end=501852087 send_end=501852087 receive_end=501852090 connect_duration_ms=1 send_duration_ms=0 receive_duration_ms=3 total_duration_ms=4
[2026-02-02 22:50:09.989] [info] [spider.worker] [TIMING] worker_id=027dee0b-a956-4d41-9e62-8f43be456421 task_id=none get_next_task request_start=501852193 connect_end=501852194 send_end=501852194 receive_end=501852197 connect_duration_ms=1 send_duration_ms=0 receive_duration_ms=3 total_duration_ms=4
[2026-02-02 22:50:10.096] [info] [spider.worker] [TIMING] worker_id=027dee0b-a956-4d41-9e62-8f43be456421 task_id=none get_next_task request_start=501852300 connect_end=501852301 send_end=501852301 receive_end=501852304 connect_duration_ms=1 send_duration_ms=0 receive_duration_ms=3 total_duration_ms=4
[2026-02-02 22:50:10.202] [info] [spider.worker] [TIMING] worker_id=027dee0b-a956-4d41-9e62-8f43be456421 task_id=none get_next_task request_start=501852407 connect_end=501852408 send_end=501852408 receive_end=501852411 connect_duration_ms=1 send_duration_ms=0 receive_duration_ms=2 total_duration_ms=4
[2026-02-02 22:50:10.309] [info] [spider.worker] [TIMING] worker_id=027dee0b-a956-4d41-9e62-8f43be456421 task_id=none get_next_task request_start=501852513 connect_end=501852515 send_end=501852515 receive_end=501852518 connect_duration_ms=1 send_duration_ms=0 receive_duration_ms=3 total_duration_ms=4
[2026-02-02 22:50:10.416] [info] [spider.worker] [TIMING] worker_id=027dee0b-a956-4d41-9e62-8f43be456421 task_id=none get_next_task request_start=501852620 connect_end=501852621 send_end=501852621 receive_end=501852625 connect_duration_ms=1 send_duration_ms=0 receive_duration_ms=3 total_duration_ms=4
[2026-02-02 22:50:10.523] [info] [spider.worker] [TIMING] worker_id=027dee0b-a956-4d41-9e62-8f43be456421 task_id=none get_next_task request_start=501852727 connect_end=501852728 send_end=501852728 receive_end=501852731 connect_duration_ms=1 send_duration_ms=0 receive_duration_ms=3 total_duration_ms=4
[2026-02-02 22:50:10.630] [info] [spider.worker] [TIMING] worker_id=027dee0b-a956-4d41-9e62-8f43be456421 task_id=none get_next_task request_start=501852834 connect_end=501852835 send_end=501852835 receive_end=501852838 connect_duration_ms=1 send_duration_ms=0 receive_duration_ms=2 total_duration_ms=4
[2026-02-02 22:50:10.736] [info] [spider.worker] [TIMING] worker_id=027dee0b-a956-4d41-9e62-8f43be456421 task_id=none get_next_task request_start=501852941 connect_end=501852942 send_end=501852942 receive_end=501852945 connect_duration_ms=1 send_duration_ms=0 receive_duration_ms=3 total_duration_ms=4
[2026-02-02 22:50:10.846] [info] [spider.worker] [TIMING] worker_id=027dee0b-a956-4d41-9e62-8f43be456421 task_id=none get_next_task request_start=501853047 connect_end=501853048 send_end=501853048 receive_end=501853055 connect_duration_ms=1 send_duration_ms=0 receive_duration_ms=6 total_duration_ms=7
[2026-02-02 22:50:10.956] [info] [spider.worker] [TIMING] worker_id=027dee0b-a956-4d41-9e62-8f43be456421 task_id=none get_next_task request_start=501853158 connect_end=501853159 send_end=501853159 receive_end=501853165 connect_duration_ms=1 send_duration_ms=0 receive_duration_ms=5 total_duration_ms=7
[2026-02-02 22:50:11.064] [info] [spider.worker] [TIMING] worker_id=027dee0b-a956-4d41-9e62-8f43be456421 task_id=none get_next_task request_start=501853268 connect_end=501853269 send_end=501853269 receive_end=501853272 connect_duration_ms=1 send_duration_ms=0 receive_duration_ms=3 total_duration_ms=4
[2026-02-02 22:50:11.170] [info] [spider.worker] [TIMING] worker_id=027dee0b-a956-4d41-9e62-8f43be456421 task_id=none get_next_task request_start=501853374 connect_end=501853375 send_end=501853375 receive_end=501853378 connect_duration_ms=0 send_duration_ms=0 receive_duration_ms=3 total_duration_ms=3
[2026-02-02 22:50:11.276] [info] [spider.worker] [TIMING] worker_id=027dee0b-a956-4d41-9e62-8f43be456421 task_id=none get_next_task request_start=501853480 connect_end=501853481 send_end=501853481 receive_end=501853484 connect_duration_ms=0 send_duration_ms=0 receive_duration_ms=2 total_duration_ms=3
[2026-02-02 22:50:11.384] [info] [spider.worker] [TIMING] worker_id=027dee0b-a956-4d41-9e62-8f43be456421 task_id=none get_next_task request_start=501853586 connect_end=501853588 send_end=501853588 receive_end=501853592 connect_duration_ms=1 send_duration_ms=0 receive_duration_ms=4 total_duration_ms=5
[2026-02-02 22:50:11.493] [info] [spider.worker] [TIMING] worker_id=027dee0b-a956-4d41-9e62-8f43be456421 task_id=none get_next_task request_start=501853695 connect_end=501853697 send_end=501853697 receive_end=501853702 connect_duration_ms=1 send_duration_ms=0 receive_duration_ms=4 total_duration_ms=6
[2026-02-02 22:50:11.601] [info] [spider.worker] [TIMING] worker_id=027dee0b-a956-4d41-9e62-8f43be456421 task_id=none get_next_task request_start=501853804 connect_end=501853805 send_end=501853806 receive_end=501853810 connect_duration_ms=1 send_duration_ms=0 receive_duration_ms=4 total_duration_ms=5
[2026-02-02 22:50:11.709] [info] [spider.worker] [TIMING] worker_id=027dee0b-a956-4d41-9e62-8f43be456421 task_id=none get_next_task request_start=501853912 connect_end=501853913 send_end=501853913 receive_end=501853918 connect_duration_ms=1 send_duration_ms=0 receive_duration_ms=4 total_duration_ms=5
[2026-02-02 22:50:11.816] [info] [spider.worker] [TIMING] worker_id=027dee0b-a956-4d41-9e62-8f43be456421 task_id=none get_next_task request_start=501854020 connect_end=501854021 send_end=501854021 receive_end=501854025 connect_duration_ms=0 send_duration_ms=0 receive_duration_ms=3 total_duration_ms=4
[2026-02-02 22:50:11.923] [info] [spider.worker] [TIMING] worker_id=027dee0b-a956-4d41-9e62-8f43be456421 task_id=none get_next_task request_start=501854127 connect_end=501854129 send_end=501854129 receive_end=501854132 connect_duration_ms=1 send_duration_ms=0 receive_duration_ms=3 total_duration_ms=4
[2026-02-02 22:50:12.031] [info] [spider.worker] [TIMING] worker_id=027dee0b-a956-4d41-9e62-8f43be456421 task_id=none get_next_task request_start=501854235 connect_end=501854236 send_end=501854236 receive_end=501854239 connect_duration_ms=1 send_duration_ms=0 receive_duration_ms=3 total_duration_ms=4
[2026-02-02 22:50:12.139] [info] [spider.worker] [TIMING] worker_id=027dee0b-a956-4d41-9e62-8f43be456421 task_id=none get_next_task request_start=501854341 connect_end=501854343 send_end=501854343 receive_end=501854347 connect_duration_ms=1 send_duration_ms=0 receive_duration_ms=4 total_duration_ms=5
[2026-02-02 22:50:12.246] [info] [spider.worker] [TIMING] worker_id=027dee0b-a956-4d41-9e62-8f43be456421 task_id=none get_next_task request_start=501854450 connect_end=501854451 send_end=501854451 receive_end=501854455 connect_duration_ms=1 send_duration_ms=0 receive_duration_ms=3 total_duration_ms=4
[2026-02-02 22:50:12.353] [info] [spider.worker] [TIMING] worker_id=027dee0b-a956-4d41-9e62-8f43be456421 task_id=none get_next_task request_start=501854557 connect_end=501854558 send_end=501854558 receive_end=501854562 connect_duration_ms=1 send_duration_ms=0 receive_duration_ms=3 total_duration_ms=4
[2026-02-02 22:50:12.461] [info] [spider.worker] [TIMING] worker_id=027dee0b-a956-4d41-9e62-8f43be456421 task_id=none get_next_task request_start=501854664 connect_end=501854665 send_end=501854666 receive_end=501854669 connect_duration_ms=1 send_duration_ms=0 receive_duration_ms=3 total_duration_ms=4
[2026-02-02 22:50:12.568] [info] [spider.worker] [TIMING] worker_id=027dee0b-a956-4d41-9e62-8f43be456421 task_id=none get_next_task request_start=501854772 connect_end=501854773 send_end=501854773 receive_end=501854777 connect_duration_ms=0 send_duration_ms=0 receive_duration_ms=3 total_duration_ms=4
[2026-02-02 22:50:12.677] [info] [spider.worker] [TIMING] worker_id=027dee0b-a956-4d41-9e62-8f43be456421 task_id=none get_next_task request_start=501854879 connect_end=501854880 send_end=501854880 receive_end=501854885 connect_duration_ms=1 send_duration_ms=0 receive_duration_ms=4 total_duration_ms=5
[2026-02-02 22:50:12.785] [info] [spider.worker] [TIMING] worker_id=027dee0b-a956-4d41-9e62-8f43be456421 task_id=none get_next_task request_start=501854988 connect_end=501854989 send_end=501854989 receive_end=501854994 connect_duration_ms=1 send_duration_ms=0 receive_duration_ms=4 total_duration_ms=6
[2026-02-02 22:50:12.894] [info] [spider.worker] [TIMING] worker_id=027dee0b-a956-4d41-9e62-8f43be456421 task_id=none get_next_task request_start=501855096 connect_end=501855097 send_end=501855097 receive_end=501855102 connect_duration_ms=1 send_duration_ms=0 receive_duration_ms=4 total_duration_ms=5
[2026-02-02 22:50:13.001] [info] [spider.worker] [TIMING] worker_id=027dee0b-a956-4d41-9e62-8f43be456421 task_id=none get_next_task request_start=501855205 connect_end=501855206 send_end=501855206 receive_end=501855210 connect_duration_ms=1 send_duration_ms=0 receive_duration_ms=3 total_duration_ms=4
[2026-02-02 22:50:13.109] [info] [spider.worker] [TIMING] worker_id=027dee0b-a956-4d41-9e62-8f43be456421 task_id=none get_next_task request_start=501855312 connect_end=501855313 send_end=501855313 receive_end=501855318 connect_duration_ms=1 send_duration_ms=0 receive_duration_ms=4 total_duration_ms=5
[2026-02-02 22:50:13.217] [info] [spider.worker] [TIMING] worker_id=027dee0b-a956-4d41-9e62-8f43be456421 task_id=none get_next_task request_start=501855420 connect_end=501855422 send_end=501855422 receive_end=501855425 connect_duration_ms=1 send_duration_ms=0 receive_duration_ms=3 total_duration_ms=4
[2026-02-02 22:50:13.324] [info] [spider.worker] [TIMING] worker_id=027dee0b-a956-4d41-9e62-8f43be456421 task_id=none get_next_task request_start=501855528 connect_end=501855529 send_end=501855529 receive_end=501855532 connect_duration_ms=1 send_duration_ms=0 receive_duration_ms=3 total_duration_ms=4
[2026-02-02 22:50:13.432] [info] [spider.worker] [TIMING] worker_id=027dee0b-a956-4d41-9e62-8f43be456421 task_id=none get_next_task request_start=501855635 connect_end=501855636 send_end=501855636 receive_end=501855640 connect_duration_ms=1 send_duration_ms=0 receive_duration_ms=4 total_duration_ms=5
[2026-02-02 22:50:13.541] [info] [spider.worker] [TIMING] worker_id=027dee0b-a956-4d41-9e62-8f43be456421 task_id=none get_next_task request_start=501855742 connect_end=501855744 send_end=501855744 receive_end=501855749 connect_duration_ms=1 send_duration_ms=0 receive_duration_ms=5 total_duration_ms=6
[2026-02-02 22:50:13.650] [info] [spider.worker] [TIMING] worker_id=027dee0b-a956-4d41-9e62-8f43be456421 task_id=none get_next_task request_start=501855852 connect_end=501855853 send_end=501855853 receive_end=501855859 connect_duration_ms=1 send_duration_ms=0 receive_duration_ms=5 total_duration_ms=6
[2026-02-02 22:50:13.757] [info] [spider.worker] [TIMING] worker_id=027dee0b-a956-4d41-9e62-8f43be456421 task_id=none get_next_task request_start=501855961 connect_end=501855962 send_end=501855962 receive_end=501855965 connect_duration_ms=1 send_duration_ms=0 receive_duration_ms=3 total_duration_ms=4
[2026-02-02 22:50:13.864] [info] [spider.worker] [TIMING] worker_id=027dee0b-a956-4d41-9e62-8f43be456421 task_id=none get_next_task request_start=501856068 connect_end=501856069 send_end=501856069 receive_end=501856072 connect_duration_ms=1 send_duration_ms=0 receive_duration_ms=3 total_duration_ms=4
[2026-02-02 22:50:13.970] [info] [spider.worker] [TIMING] worker_id=027dee0b-a956-4d41-9e62-8f43be456421 task_id=none get_next_task request_start=501856175 connect_end=501856176 send_end=501856176 receive_end=501856179 connect_duration_ms=1 send_duration_ms=0 receive_duration_ms=2 total_duration_ms=4
[2026-02-02 22:50:14.080] [info] [spider.worker] [TIMING] worker_id=027dee0b-a956-4d41-9e62-8f43be456421 task_id=none get_next_task request_start=501856281 connect_end=501856282 send_end=501856282 receive_end=501856288 connect_duration_ms=1 send_duration_ms=0 receive_duration_ms=6 total_duration_ms=7
[2026-02-02 22:50:14.187] [info] [spider.worker] [TIMING] worker_id=027dee0b-a956-4d41-9e62-8f43be456421 task_id=none get_next_task request_start=501856391 connect_end=501856392 send_end=501856392 receive_end=501856396 connect_duration_ms=1 send_duration_ms=0 receive_duration_ms=3 total_duration_ms=4
[2026-02-02 22:50:14.296] [info] [spider.worker] [TIMING] worker_id=027dee0b-a956-4d41-9e62-8f43be456421 task_id=none get_next_task request_start=501856499 connect_end=501856500 send_end=501856500 receive_end=501856504 connect_duration_ms=1 send_duration_ms=0 receive_duration_ms=4 total_duration_ms=5
[2026-02-02 22:50:14.405] [info] [spider.worker] [TIMING] worker_id=027dee0b-a956-4d41-9e62-8f43be456421 task_id=none get_next_task request_start=501856606 connect_end=501856608 send_end=501856608 receive_end=501856613 connect_duration_ms=1 send_duration_ms=0 receive_duration_ms=5 total_duration_ms=6
[2026-02-02 22:50:14.514] [info] [spider.worker] [TIMING] worker_id=027dee0b-a956-4d41-9e62-8f43be456421 task_id=none get_next_task request_start=501856716 connect_end=501856717 send_end=501856717 receive_end=501856723 connect_duration_ms=0 send_duration_ms=0 receive_duration_ms=6 total_duration_ms=7
[2026-02-02 22:50:14.618] [info] [spider.worker] [TIMING] worker_id=027dee0b-a956-4d41-9e62-8f43be456421 task_id=none get_next_task request_start=501856824 connect_end=501856825 send_end=501856825 receive_end=501856826 connect_duration_ms=0 send_duration_ms=0 receive_duration_ms=1 total_duration_ms=1
[2026-02-02 22:50:14.723] [info] [spider.worker] [TIMING] worker_id=027dee0b-a956-4d41-9e62-8f43be456421 task_id=none get_next_task request_start=501856928 connect_end=501856929 send_end=501856929 receive_end=501856931 connect_duration_ms=0 send_duration_ms=0 receive_duration_ms=2 total_duration_ms=3
[2026-02-02 22:50:14.827] [info] [spider.worker] [TIMING] worker_id=027dee0b-a956-4d41-9e62-8f43be456421 task_id=none get_next_task request_start=501857032 connect_end=501857033 send_end=501857033 receive_end=501857035 connect_duration_ms=0 send_duration_ms=0 receive_duration_ms=1 total_duration_ms=2
[2026-02-02 22:50:14.932] [info] [spider.worker] [TIMING] worker_id=027dee0b-a956-4d41-9e62-8f43be456421 task_id=none get_next_task request_start=501857136 connect_end=501857137 send_end=501857137 receive_end=501857141 connect_duration_ms=0 send_duration_ms=0 receive_duration_ms=3 total_duration_ms=4
[2026-02-02 22:50:15.040] [info] [spider.worker] [TIMING] worker_id=027dee0b-a956-4d41-9e62-8f43be456421 task_id=none get_next_task request_start=501857243 connect_end=501857244 send_end=501857244 receive_end=501857249 connect_duration_ms=0 send_duration_ms=0 receive_duration_ms=4 total_duration_ms=5
[2026-02-02 22:50:15.148] [info] [spider.worker] [TIMING] worker_id=027dee0b-a956-4d41-9e62-8f43be456421 task_id=none get_next_task request_start=501857351 connect_end=501857352 send_end=501857352 receive_end=501857356 connect_duration_ms=0 send_duration_ms=0 receive_duration_ms=4 total_duration_ms=5
[2026-02-02 22:50:15.258] [info] [spider.worker] [TIMING] worker_id=027dee0b-a956-4d41-9e62-8f43be456421 task_id=none get_next_task request_start=501857459 connect_end=501857460 send_end=501857460 receive_end=501857466 connect_duration_ms=1 send_duration_ms=0 receive_duration_ms=6 total_duration_ms=7
[2026-02-02 22:50:15.367] [info] [spider.worker] [TIMING] worker_id=027dee0b-a956-4d41-9e62-8f43be456421 task_id=none get_next_task request_start=501857568 connect_end=501857570 send_end=501857570 receive_end=501857575 connect_duration_ms=1 send_duration_ms=0 receive_duration_ms=5 total_duration_ms=6
[2026-02-02 22:50:15.473] [info] [spider.worker] [TIMING] worker_id=027dee0b-a956-4d41-9e62-8f43be456421 task_id=none get_next_task request_start=501857678 connect_end=501857679 send_end=501857679 receive_end=501857682 connect_duration_ms=1 send_duration_ms=0 receive_duration_ms=2 total_duration_ms=4
[2026-02-02 22:50:15.581] [info] [spider.worker] [TIMING] worker_id=027dee0b-a956-4d41-9e62-8f43be456421 task_id=none get_next_task request_start=501857784 connect_end=501857785 send_end=501857785 receive_end=501857789 connect_duration_ms=0 send_duration_ms=0 receive_duration_ms=3 total_duration_ms=4
[2026-02-02 22:50:15.686] [info] [spider.worker] [TIMING] worker_id=027dee0b-a956-4d41-9e62-8f43be456421 task_id=none get_next_task request_start=501857891 connect_end=501857893 send_end=501857893 receive_end=501857895 connect_duration_ms=1 send_duration_ms=0 receive_duration_ms=2 total_duration_ms=3
[2026-02-02 22:50:15.797] [info] [spider.worker] [TIMING] worker_id=027dee0b-a956-4d41-9e62-8f43be456421 task_id=none get_next_task request_start=501857998 connect_end=501857999 send_end=501857999 receive_end=501858006 connect_duration_ms=1 send_duration_ms=0 receive_duration_ms=6 total_duration_ms=7
[2026-02-02 22:50:15.906] [info] [spider.worker] [TIMING] worker_id=027dee0b-a956-4d41-9e62-8f43be456421 task_id=none get_next_task request_start=501858108 connect_end=501858110 send_end=501858110 receive_end=501858114 connect_duration_ms=1 send_duration_ms=0 receive_duration_ms=4 total_duration_ms=5
[2026-02-02 22:50:16.014] [info] [spider.worker] [TIMING] worker_id=027dee0b-a956-4d41-9e62-8f43be456421 task_id=none get_next_task request_start=501858217 connect_end=501858218 send_end=501858218 receive_end=501858223 connect_duration_ms=1 send_duration_ms=0 receive_duration_ms=4 total_duration_ms=5
[2026-02-02 22:50:16.120] [info] [spider.worker] [TIMING] worker_id=027dee0b-a956-4d41-9e62-8f43be456421 task_id=none get_next_task request_start=501858325 connect_end=501858327 send_end=501858327 receive_end=501858329 connect_duration_ms=1 send_duration_ms=0 receive_duration_ms=1 total_duration_ms=3
[2026-02-02 22:50:16.226] [info] [spider.worker] [TIMING] worker_id=027dee0b-a956-4d41-9e62-8f43be456421 task_id=none get_next_task request_start=501858431 connect_end=501858432 send_end=501858432 receive_end=501858435 connect_duration_ms=0 send_duration_ms=0 receive_duration_ms=3 total_duration_ms=3
[2026-02-02 22:50:16.333] [info] [spider.worker] [TIMING] worker_id=027dee0b-a956-4d41-9e62-8f43be456421 task_id=none get_next_task request_start=501858538 connect_end=501858539 send_end=501858539 receive_end=501858542 connect_duration_ms=1 send_duration_ms=0 receive_duration_ms=2 total_duration_ms=4
[2026-02-02 22:50:16.439] [info] [spider.worker] [TIMING] worker_id=027dee0b-a956-4d41-9e62-8f43be456421 task_id=none get_next_task request_start=501858643 connect_end=501858644 send_end=501858644 receive_end=501858647 connect_duration_ms=1 send_duration_ms=0 receive_duration_ms=2 total_duration_ms=3
[2026-02-02 22:50:16.548] [info] [spider.worker] [TIMING] worker_id=027dee0b-a956-4d41-9e62-8f43be456421 task_id=none get_next_task request_start=501858750 connect_end=501858751 send_end=501858751 receive_end=501858756 connect_duration_ms=1 send_duration_ms=0 receive_duration_ms=4 total_duration_ms=5
[2026-02-02 22:50:16.654] [info] [spider.worker] [TIMING] worker_id=027dee0b-a956-4d41-9e62-8f43be456421 task_id=none get_next_task request_start=501858859 connect_end=501858860 send_end=501858860 receive_end=501858863 connect_duration_ms=1 send_duration_ms=0 receive_duration_ms=2 total_duration_ms=4
[2026-02-02 22:50:16.761] [info] [spider.worker] [TIMING] worker_id=027dee0b-a956-4d41-9e62-8f43be456421 task_id=none get_next_task request_start=501858965 connect_end=501858966 send_end=501858966 receive_end=501858969 connect_duration_ms=1 send_duration_ms=0 receive_duration_ms=3 total_duration_ms=4
[2026-02-02 22:50:16.867] [info] [spider.worker] [TIMING] worker_id=027dee0b-a956-4d41-9e62-8f43be456421 task_id=none get_next_task request_start=501859071 connect_end=501859072 send_end=501859072 receive_end=501859075 connect_duration_ms=0 send_duration_ms=0 receive_duration_ms=2 total_duration_ms=3
[2026-02-02 22:50:16.973] [info] [spider.worker] [TIMING] worker_id=027dee0b-a956-4d41-9e62-8f43be456421 task_id=none get_next_task request_start=501859177 connect_end=501859178 send_end=501859178 receive_end=501859181 connect_duration_ms=0 send_duration_ms=0 receive_duration_ms=2 total_duration_ms=3
[2026-02-02 22:50:17.080] [info] [spider.worker] [TIMING] worker_id=027dee0b-a956-4d41-9e62-8f43be456421 task_id=none get_next_task request_start=501859283 connect_end=501859284 send_end=501859284 receive_end=501859288 connect_duration_ms=0 send_duration_ms=0 receive_duration_ms=4 total_duration_ms=5
[2026-02-02 22:50:17.186] [info] [spider.worker] [TIMING] worker_id=027dee0b-a956-4d41-9e62-8f43be456421 task_id=none get_next_task request_start=501859390 connect_end=501859391 send_end=501859391 receive_end=501859394 connect_duration_ms=0 send_duration_ms=0 receive_duration_ms=3 total_duration_ms=4
[2026-02-02 22:50:17.293] [info] [spider.worker] [TIMING] worker_id=027dee0b-a956-4d41-9e62-8f43be456421 task_id=none get_next_task request_start=501859497 connect_end=501859497 send_end=501859497 receive_end=501859501 connect_duration_ms=0 send_duration_ms=0 receive_duration_ms=3 total_duration_ms=4
[2026-02-02 22:50:17.400] [info] [spider.worker] [TIMING] worker_id=027dee0b-a956-4d41-9e62-8f43be456421 task_id=none get_next_task request_start=501859604 connect_end=501859605 send_end=501859605 receive_end=501859609 connect_duration_ms=0 send_duration_ms=0 receive_duration_ms=4 total_duration_ms=5
[2026-02-02 22:50:17.507] [info] [spider.worker] [TIMING] worker_id=027dee0b-a956-4d41-9e62-8f43be456421 task_id=none get_next_task request_start=501859712 connect_end=501859713 send_end=501859713 receive_end=501859716 connect_duration_ms=1 send_duration_ms=0 receive_duration_ms=2 total_duration_ms=4
[2026-02-02 22:50:17.616] [info] [spider.worker] [TIMING] worker_id=027dee0b-a956-4d41-9e62-8f43be456421 task_id=none get_next_task request_start=501859818 connect_end=501859819 send_end=501859819 receive_end=501859824 connect_duration_ms=1 send_duration_ms=0 receive_duration_ms=4 total_duration_ms=5
[2026-02-02 22:50:17.723] [info] [spider.worker] [TIMING] worker_id=027dee0b-a956-4d41-9e62-8f43be456421 task_id=none get_next_task request_start=501859927 connect_end=501859927 send_end=501859927 receive_end=501859931 connect_duration_ms=0 send_duration_ms=0 receive_duration_ms=3 total_duration_ms=4
[2026-02-02 22:50:17.827] [info] [spider.worker] [TIMING] worker_id=027dee0b-a956-4d41-9e62-8f43be456421 task_id=none get_next_task request_start=501860033 connect_end=501860034 send_end=501860034 receive_end=501860036 connect_duration_ms=1 send_duration_ms=0 receive_duration_ms=1 total_duration_ms=2
[2026-02-02 22:50:17.934] [info] [spider.worker] [TIMING] worker_id=027dee0b-a956-4d41-9e62-8f43be456421 task_id=none get_next_task request_start=501860138 connect_end=501860138 send_end=501860138 receive_end=501860142 connect_duration_ms=0 send_duration_ms=0 receive_duration_ms=3 total_duration_ms=4
[2026-02-02 22:50:18.040] [info] [spider.worker] [TIMING] worker_id=027dee0b-a956-4d41-9e62-8f43be456421 task_id=none get_next_task request_start=501860244 connect_end=501860246 send_end=501860246 receive_end=501860248 connect_duration_ms=1 send_duration_ms=0 receive_duration_ms=2 total_duration_ms=3
[2026-02-02 22:50:18.148] [info] [spider.worker] [TIMING] worker_id=027dee0b-a956-4d41-9e62-8f43be456421 task_id=none get_next_task request_start=501860351 connect_end=501860352 send_end=501860352 receive_end=501860357 connect_duration_ms=1 send_duration_ms=0 receive_duration_ms=4 total_duration_ms=5
[2026-02-02 22:50:18.256] [info] [spider.worker] [TIMING] worker_id=027dee0b-a956-4d41-9e62-8f43be456421 task_id=none get_next_task request_start=501860459 connect_end=501860460 send_end=501860461 receive_end=501860465 connect_duration_ms=1 send_duration_ms=0 receive_duration_ms=4 total_duration_ms=5
[2026-02-02 22:50:18.363] [info] [spider.worker] [TIMING] worker_id=027dee0b-a956-4d41-9e62-8f43be456421 task_id=none get_next_task request_start=501860567 connect_end=501860568 send_end=501860568 receive_end=501860572 connect_duration_ms=0 send_duration_ms=0 receive_duration_ms=3 total_duration_ms=4
[2026-02-02 22:50:18.471] [info] [spider.worker] [TIMING] worker_id=027dee0b-a956-4d41-9e62-8f43be456421 task_id=none get_next_task request_start=501860674 connect_end=501860675 send_end=501860675 receive_end=501860680 connect_duration_ms=0 send_duration_ms=0 receive_duration_ms=4 total_duration_ms=5
[2026-02-02 22:50:18.578] [info] [spider.worker] [TIMING] worker_id=027dee0b-a956-4d41-9e62-8f43be456421 task_id=none get_next_task request_start=501860782 connect_end=501860783 send_end=501860783 receive_end=501860787 connect_duration_ms=0 send_duration_ms=0 receive_duration_ms=3 total_duration_ms=4
[2026-02-02 22:50:18.686] [info] [spider.worker] [TIMING] worker_id=027dee0b-a956-4d41-9e62-8f43be456421 task_id=none get_next_task request_start=501860889 connect_end=501860891 send_end=501860891 receive_end=501860894 connect_duration_ms=1 send_duration_ms=0 receive_duration_ms=3 total_duration_ms=4
[2026-02-02 22:50:18.793] [info] [spider.worker] [TIMING] worker_id=027dee0b-a956-4d41-9e62-8f43be456421 task_id=none get_next_task request_start=501860997 connect_end=501860998 send_end=501860998 receive_end=501861001 connect_duration_ms=1 send_duration_ms=0 receive_duration_ms=3 total_duration_ms=4
[2026-02-02 22:50:18.900] [info] [spider.worker] [TIMING] worker_id=027dee0b-a956-4d41-9e62-8f43be456421 task_id=none get_next_task request_start=501861104 connect_end=501861105 send_end=501861105 receive_end=501861108 connect_duration_ms=1 send_duration_ms=0 receive_duration_ms=3 total_duration_ms=4
[2026-02-02 22:50:19.008] [info] [spider.worker] [TIMING] worker_id=027dee0b-a956-4d41-9e62-8f43be456421 task_id=none get_next_task request_start=501861211 connect_end=501861212 send_end=501861212 receive_end=501861216 connect_duration_ms=1 send_duration_ms=0 receive_duration_ms=4 total_duration_ms=5
[2026-02-02 22:50:19.116] [info] [spider.worker] [TIMING] worker_id=027dee0b-a956-4d41-9e62-8f43be456421 task_id=none get_next_task request_start=501861319 connect_end=501861321 send_end=501861321 receive_end=501861325 connect_duration_ms=1 send_duration_ms=0 receive_duration_ms=4 total_duration_ms=5
[2026-02-02 22:50:19.223] [info] [spider.worker] [TIMING] worker_id=027dee0b-a956-4d41-9e62-8f43be456421 task_id=none get_next_task request_start=501861427 connect_end=501861428 send_end=501861428 receive_end=501861431 connect_duration_ms=1 send_duration_ms=0 receive_duration_ms=2 total_duration_ms=3
[2026-02-02 22:50:19.333] [info] [spider.worker] [TIMING] worker_id=027dee0b-a956-4d41-9e62-8f43be456421 task_id=none get_next_task request_start=501861534 connect_end=501861535 send_end=501861535 receive_end=501861541 connect_duration_ms=1 send_duration_ms=0 receive_duration_ms=6 total_duration_ms=7
[2026-02-02 22:50:19.442] [info] [spider.worker] [TIMING] worker_id=027dee0b-a956-4d41-9e62-8f43be456421 task_id=none get_next_task request_start=501861644 connect_end=501861645 send_end=501861645 receive_end=501861650 connect_duration_ms=1 send_duration_ms=0 receive_duration_ms=5 total_duration_ms=6
[2026-02-02 22:50:19.549] [info] [spider.worker] [TIMING] worker_id=027dee0b-a956-4d41-9e62-8f43be456421 task_id=none get_next_task request_start=501861752 connect_end=501861754 send_end=501861754 receive_end=501861758 connect_duration_ms=1 send_duration_ms=0 receive_duration_ms=4 total_duration_ms=5
[2026-02-02 22:50:19.657] [info] [spider.worker] [TIMING] worker_id=027dee0b-a956-4d41-9e62-8f43be456421 task_id=none get_next_task request_start=501861860 connect_end=501861861 send_end=501861861 receive_end=501861865 connect_duration_ms=1 send_duration_ms=0 receive_duration_ms=4 total_duration_ms=5
[2026-02-02 22:50:19.766] [info] [spider.worker] [TIMING] worker_id=027dee0b-a956-4d41-9e62-8f43be456421 task_id=none get_next_task request_start=501861968 connect_end=501861969 send_end=501861969 receive_end=501861974 connect_duration_ms=1 send_duration_ms=0 receive_duration_ms=4 total_duration_ms=5
[2026-02-02 22:50:19.872] [info] [spider.worker] [TIMING] worker_id=027dee0b-a956-4d41-9e62-8f43be456421 task_id=none get_next_task request_start=501862077 connect_end=501862078 send_end=501862078 receive_end=501862081 connect_duration_ms=0 send_duration_ms=0 receive_duration_ms=2 total_duration_ms=3
[2026-02-02 22:50:19.980] [info] [spider.worker] [TIMING] worker_id=027dee0b-a956-4d41-9e62-8f43be456421 task_id=none get_next_task request_start=501862183 connect_end=501862185 send_end=501862185 receive_end=501862188 connect_duration_ms=1 send_duration_ms=0 receive_duration_ms=3 total_duration_ms=4
[2026-02-02 22:50:20.088] [info] [spider.worker] [TIMING] worker_id=027dee0b-a956-4d41-9e62-8f43be456421 task_id=none get_next_task request_start=501862290 connect_end=501862291 send_end=501862291 receive_end=501862297 connect_duration_ms=0 send_duration_ms=0 receive_duration_ms=5 total_duration_ms=6
[2026-02-02 22:50:20.196] [info] [spider.worker] [TIMING] worker_id=027dee0b-a956-4d41-9e62-8f43be456421 task_id=none get_next_task request_start=501862399 connect_end=501862400 send_end=501862400 receive_end=501862404 connect_duration_ms=1 send_duration_ms=0 receive_duration_ms=3 total_duration_ms=4
[2026-02-02 22:50:20.303] [info] [spider.worker] [TIMING] worker_id=027dee0b-a956-4d41-9e62-8f43be456421 task_id=none get_next_task request_start=501862507 connect_end=501862508 send_end=501862508 receive_end=501862511 connect_duration_ms=1 send_duration_ms=0 receive_duration_ms=3 total_duration_ms=4
[2026-02-02 22:50:20.411] [info] [spider.worker] [TIMING] worker_id=027dee0b-a956-4d41-9e62-8f43be456421 task_id=none get_next_task request_start=501862614 connect_end=501862615 send_end=501862615 receive_end=501862619 connect_duration_ms=1 send_duration_ms=0 receive_duration_ms=4 total_duration_ms=5
[2026-02-02 22:50:20.520] [info] [spider.worker] [TIMING] worker_id=027dee0b-a956-4d41-9e62-8f43be456421 task_id=none get_next_task request_start=501862722 connect_end=501862723 send_end=501862723 receive_end=501862729 connect_duration_ms=0 send_duration_ms=0 receive_duration_ms=5 total_duration_ms=6
[2026-02-02 22:50:20.629] [info] [spider.worker] [TIMING] worker_id=027dee0b-a956-4d41-9e62-8f43be456421 task_id=none get_next_task request_start=501862831 connect_end=501862833 send_end=501862833 receive_end=501862837 connect_duration_ms=1 send_duration_ms=0 receive_duration_ms=4 total_duration_ms=5
[2026-02-02 22:50:20.736] [info] [spider.worker] [TIMING] worker_id=027dee0b-a956-4d41-9e62-8f43be456421 task_id=none get_next_task request_start=501862939 connect_end=501862940 send_end=501862941 receive_end=501862944 connect_duration_ms=1 send_duration_ms=0 receive_duration_ms=3 total_duration_ms=4
[2026-02-02 22:50:20.844] [info] [spider.worker] [TIMING] worker_id=027dee0b-a956-4d41-9e62-8f43be456421 task_id=none get_next_task request_start=501863047 connect_end=501863048 send_end=501863048 receive_end=501863053 connect_duration_ms=1 send_duration_ms=0 receive_duration_ms=4 total_duration_ms=5
[2026-02-02 22:50:20.951] [info] [spider.worker] [TIMING] worker_id=027dee0b-a956-4d41-9e62-8f43be456421 task_id=none get_next_task request_start=501863155 connect_end=501863156 send_end=501863156 receive_end=501863160 connect_duration_ms=1 send_duration_ms=0 receive_duration_ms=3 total_duration_ms=4
[2026-02-02 22:50:21.060] [info] [spider.worker] [TIMING] worker_id=027dee0b-a956-4d41-9e62-8f43be456421 task_id=none get_next_task request_start=501863262 connect_end=501863263 send_end=501863263 receive_end=501863269 connect_duration_ms=1 send_duration_ms=0 receive_duration_ms=5 total_duration_ms=6
[2026-02-02 22:50:21.167] [info] [spider.worker] [TIMING] worker_id=027dee0b-a956-4d41-9e62-8f43be456421 task_id=none get_next_task request_start=501863371 connect_end=501863372 send_end=501863372 receive_end=501863375 connect_duration_ms=1 send_duration_ms=0 receive_duration_ms=3 total_duration_ms=4
[2026-02-02 22:50:21.274] [info] [spider.worker] [TIMING] worker_id=027dee0b-a956-4d41-9e62-8f43be456421 task_id=none get_next_task request_start=501863477 connect_end=501863478 send_end=501863478 receive_end=501863482 connect_duration_ms=0 send_duration_ms=0 receive_duration_ms=4 total_duration_ms=5
[2026-02-02 22:50:21.383] [info] [spider.worker] [TIMING] worker_id=027dee0b-a956-4d41-9e62-8f43be456421 task_id=none get_next_task request_start=501863585 connect_end=501863586 send_end=501863586 receive_end=501863591 connect_duration_ms=1 send_duration_ms=0 receive_duration_ms=4 total_duration_ms=6
[2026-02-02 22:50:21.490] [info] [spider.worker] [TIMING] worker_id=027dee0b-a956-4d41-9e62-8f43be456421 task_id=none get_next_task request_start=501863694 connect_end=501863695 send_end=501863695 receive_end=501863698 connect_duration_ms=1 send_duration_ms=0 receive_duration_ms=3 total_duration_ms=4
[2026-02-02 22:50:21.598] [info] [spider.worker] [TIMING] worker_id=027dee0b-a956-4d41-9e62-8f43be456421 task_id=none get_next_task request_start=501863801 connect_end=501863802 send_end=501863802 receive_end=501863807 connect_duration_ms=1 send_duration_ms=0 receive_duration_ms=4 total_duration_ms=5
[2026-02-02 22:50:21.703] [info] [spider.worker] [TIMING] worker_id=027dee0b-a956-4d41-9e62-8f43be456421 task_id=none get_next_task request_start=501863909 connect_end=501863910 send_end=501863910 receive_end=501863912 connect_duration_ms=1 send_duration_ms=0 receive_duration_ms=1 total_duration_ms=2
[2026-02-02 22:50:21.813] [info] [spider.worker] [TIMING] worker_id=027dee0b-a956-4d41-9e62-8f43be456421 task_id=none get_next_task request_start=501864014 connect_end=501864015 send_end=501864015 receive_end=501864021 connect_duration_ms=1 send_duration_ms=0 receive_duration_ms=5 total_duration_ms=6
[2026-02-02 22:50:21.920] [info] [spider.worker] [TIMING] worker_id=027dee0b-a956-4d41-9e62-8f43be456421 task_id=none get_next_task request_start=501864123 connect_end=501864124 send_end=501864124 receive_end=501864128 connect_duration_ms=1 send_duration_ms=0 receive_duration_ms=4 total_duration_ms=5
[2026-02-02 22:50:22.029] [info] [spider.worker] [TIMING] worker_id=027dee0b-a956-4d41-9e62-8f43be456421 task_id=none get_next_task request_start=501864231 connect_end=501864232 send_end=501864232 receive_end=501864237 connect_duration_ms=1 send_duration_ms=0 receive_duration_ms=4 total_duration_ms=6
[2026-02-02 22:50:22.137] [info] [spider.worker] [TIMING] worker_id=027dee0b-a956-4d41-9e62-8f43be456421 task_id=none get_next_task request_start=501864340 connect_end=501864341 send_end=501864341 receive_end=501864346 connect_duration_ms=1 send_duration_ms=0 receive_duration_ms=4 total_duration_ms=5
[2026-02-02 22:50:22.246] [info] [spider.worker] [TIMING] worker_id=027dee0b-a956-4d41-9e62-8f43be456421 task_id=none get_next_task request_start=501864449 connect_end=501864450 send_end=501864450 receive_end=501864454 connect_duration_ms=1 send_duration_ms=0 receive_duration_ms=4 total_duration_ms=5
[2026-02-02 22:50:22.355] [info] [spider.worker] [TIMING] worker_id=027dee0b-a956-4d41-9e62-8f43be456421 task_id=none get_next_task request_start=501864556 connect_end=501864557 send_end=501864557 receive_end=501864563 connect_duration_ms=1 send_duration_ms=0 receive_duration_ms=5 total_duration_ms=6
[2026-02-02 22:50:22.463] [info] [spider.worker] [TIMING] worker_id=027dee0b-a956-4d41-9e62-8f43be456421 task_id=none get_next_task request_start=501864666 connect_end=501864667 send_end=501864667 receive_end=501864671 connect_duration_ms=1 send_duration_ms=0 receive_duration_ms=4 total_duration_ms=5
[2026-02-02 22:50:22.573] [info] [spider.worker] [TIMING] worker_id=027dee0b-a956-4d41-9e62-8f43be456421 task_id=none get_next_task request_start=501864774 connect_end=501864775 send_end=501864775 receive_end=501864782 connect_duration_ms=1 send_duration_ms=0 receive_duration_ms=6 total_duration_ms=7
[2026-02-02 22:50:22.680] [info] [spider.worker] [TIMING] worker_id=027dee0b-a956-4d41-9e62-8f43be456421 task_id=none get_next_task request_start=501864884 connect_end=501864885 send_end=501864885 receive_end=501864889 connect_duration_ms=1 send_duration_ms=0 receive_duration_ms=3 total_duration_ms=4
[2026-02-02 22:50:22.789] [info] [spider.worker] [TIMING] worker_id=027dee0b-a956-4d41-9e62-8f43be456421 task_id=none get_next_task request_start=501864991 connect_end=501864992 send_end=501864992 receive_end=501864997 connect_duration_ms=1 send_duration_ms=0 receive_duration_ms=4 total_duration_ms=5
[2026-02-02 22:50:22.896] [info] [spider.worker] [TIMING] worker_id=027dee0b-a956-4d41-9e62-8f43be456421 task_id=none get_next_task request_start=501865099 connect_end=501865100 send_end=501865100 receive_end=501865105 connect_duration_ms=0 send_duration_ms=0 receive_duration_ms=4 total_duration_ms=5
[2026-02-02 22:50:23.003] [info] [spider.worker] [TIMING] worker_id=027dee0b-a956-4d41-9e62-8f43be456421 task_id=none get_next_task request_start=501865207 connect_end=501865208 send_end=501865208 receive_end=501865211 connect_duration_ms=1 send_duration_ms=0 receive_duration_ms=3 total_duration_ms=4
[2026-02-02 22:50:23.110] [info] [spider.worker] [TIMING] worker_id=027dee0b-a956-4d41-9e62-8f43be456421 task_id=none get_next_task request_start=501865314 connect_end=501865316 send_end=501865316 receive_end=501865319 connect_duration_ms=1 send_duration_ms=0 receive_duration_ms=3 total_duration_ms=4
[2026-02-02 22:50:23.218] [info] [spider.worker] [TIMING] worker_id=027dee0b-a956-4d41-9e62-8f43be456421 task_id=none get_next_task request_start=501865421 connect_end=501865423 send_end=501865423 receive_end=501865427 connect_duration_ms=1 send_duration_ms=0 receive_duration_ms=4 total_duration_ms=5
[2026-02-02 22:50:23.325] [info] [spider.worker] [TIMING] worker_id=027dee0b-a956-4d41-9e62-8f43be456421 task_id=none get_next_task request_start=501865529 connect_end=501865530 send_end=501865530 receive_end=501865533 connect_duration_ms=1 send_duration_ms=0 receive_duration_ms=3 total_duration_ms=4
[2026-02-02 22:50:23.433] [info] [spider.worker] [TIMING] worker_id=027dee0b-a956-4d41-9e62-8f43be456421 task_id=none get_next_task request_start=501865636 connect_end=501865637 send_end=501865637 receive_end=501865641 connect_duration_ms=0 send_duration_ms=0 receive_duration_ms=4 total_duration_ms=5
[2026-02-02 22:50:23.543] [info] [spider.worker] [TIMING] worker_id=027dee0b-a956-4d41-9e62-8f43be456421 task_id=none get_next_task request_start=501865745 connect_end=501865747 send_end=501865747 receive_end=501865751 connect_duration_ms=1 send_duration_ms=0 receive_duration_ms=4 total_duration_ms=5
[2026-02-02 22:50:23.650] [info] [spider.worker] [TIMING] worker_id=027dee0b-a956-4d41-9e62-8f43be456421 task_id=none get_next_task request_start=501865854 connect_end=501865855 send_end=501865855 receive_end=501865859 connect_duration_ms=1 send_duration_ms=0 receive_duration_ms=3 total_duration_ms=4
[2026-02-02 22:50:23.759] [info] [spider.worker] [TIMING] worker_id=027dee0b-a956-4d41-9e62-8f43be456421 task_id=none get_next_task request_start=501865962 connect_end=501865963 send_end=501865963 receive_end=501865967 connect_duration_ms=1 send_duration_ms=0 receive_duration_ms=3 total_duration_ms=5
[2026-02-02 22:50:23.869] [info] [spider.worker] [TIMING] worker_id=027dee0b-a956-4d41-9e62-8f43be456421 task_id=none get_next_task request_start=501866070 connect_end=501866072 send_end=501866072 receive_end=501866077 connect_duration_ms=1 send_duration_ms=0 receive_duration_ms=5 total_duration_ms=6
[2026-02-02 22:50:23.978] [info] [spider.worker] [TIMING] worker_id=027dee0b-a956-4d41-9e62-8f43be456421 task_id=none get_next_task request_start=501866181 connect_end=501866182 send_end=501866182 receive_end=501866186 connect_duration_ms=1 send_duration_ms=0 receive_duration_ms=4 total_duration_ms=5
[2026-02-02 22:50:24.088] [info] [spider.worker] [TIMING] worker_id=027dee0b-a956-4d41-9e62-8f43be456421 task_id=none get_next_task request_start=501866289 connect_end=501866290 send_end=501866291 receive_end=501866296 connect_duration_ms=1 send_duration_ms=0 receive_duration_ms=5 total_duration_ms=6
[2026-02-02 22:50:24.195] [info] [spider.worker] [TIMING] worker_id=027dee0b-a956-4d41-9e62-8f43be456421 task_id=none get_next_task request_start=501866399 connect_end=501866400 send_end=501866400 receive_end=501866403 connect_duration_ms=1 send_duration_ms=0 receive_duration_ms=3 total_duration_ms=4
[2026-02-02 22:50:24.303] [info] [spider.worker] [TIMING] worker_id=027dee0b-a956-4d41-9e62-8f43be456421 task_id=none get_next_task request_start=501866506 connect_end=501866507 send_end=501866507 receive_end=501866511 connect_duration_ms=1 send_duration_ms=0 receive_duration_ms=3 total_duration_ms=5
[2026-02-02 22:50:24.411] [info] [spider.worker] [TIMING] worker_id=027dee0b-a956-4d41-9e62-8f43be456421 task_id=none get_next_task request_start=501866614 connect_end=501866615 send_end=501866615 receive_end=501866619 connect_duration_ms=1 send_duration_ms=0 receive_duration_ms=3 total_duration_ms=5
[2026-02-02 22:50:24.518] [info] [spider.worker] [TIMING] worker_id=027dee0b-a956-4d41-9e62-8f43be456421 task_id=none get_next_task request_start=501866722 connect_end=501866723 send_end=501866723 receive_end=501866726 connect_duration_ms=1 send_duration_ms=0 receive_duration_ms=3 total_duration_ms=4
[2026-02-02 22:50:24.627] [info] [spider.worker] [TIMING] worker_id=027dee0b-a956-4d41-9e62-8f43be456421 task_id=none get_next_task request_start=501866830 connect_end=501866831 send_end=501866831 receive_end=501866835 connect_duration_ms=1 send_duration_ms=0 receive_duration_ms=4 total_duration_ms=5
[2026-02-02 22:50:24.734] [info] [spider.worker] [TIMING] worker_id=027dee0b-a956-4d41-9e62-8f43be456421 task_id=none get_next_task request_start=501866938 connect_end=501866939 send_end=501866939 receive_end=501866942 connect_duration_ms=1 send_duration_ms=0 receive_duration_ms=3 total_duration_ms=4
[2026-02-02 22:50:24.841] [info] [spider.worker] [TIMING] worker_id=027dee0b-a956-4d41-9e62-8f43be456421 task_id=none get_next_task request_start=501867045 connect_end=501867046 send_end=501867046 receive_end=501867049 connect_duration_ms=1 send_duration_ms=0 receive_duration_ms=3 total_duration_ms=4
[2026-02-02 22:50:24.948] [info] [spider.worker] [TIMING] worker_id=027dee0b-a956-4d41-9e62-8f43be456421 task_id=none get_next_task request_start=501867151 connect_end=501867152 send_end=501867152 receive_end=501867157 connect_duration_ms=1 send_duration_ms=0 receive_duration_ms=4 total_duration_ms=5
[2026-02-02 22:50:25.057] [info] [spider.worker] [TIMING] worker_id=027dee0b-a956-4d41-9e62-8f43be456421 task_id=none get_next_task request_start=501867259 connect_end=501867260 send_end=501867260 receive_end=501867265 connect_duration_ms=1 send_duration_ms=0 receive_duration_ms=4 total_duration_ms=5
[2026-02-02 22:50:25.165] [info] [spider.worker] [TIMING] worker_id=027dee0b-a956-4d41-9e62-8f43be456421 task_id=none get_next_task request_start=501867368 connect_end=501867369 send_end=501867369 receive_end=501867373 connect_duration_ms=1 send_duration_ms=0 receive_duration_ms=3 total_duration_ms=5
[2026-02-02 22:50:25.273] [info] [spider.worker] [TIMING] worker_id=027dee0b-a956-4d41-9e62-8f43be456421 task_id=none get_next_task request_start=501867476 connect_end=501867477 send_end=501867478 receive_end=501867481 connect_duration_ms=1 send_duration_ms=0 receive_duration_ms=3 total_duration_ms=5
[2026-02-02 22:50:25.381] [info] [spider.worker] [TIMING] worker_id=027dee0b-a956-4d41-9e62-8f43be456421 task_id=none get_next_task request_start=501867584 connect_end=501867585 send_end=501867585 receive_end=501867589 connect_duration_ms=1 send_duration_ms=0 receive_duration_ms=3 total_duration_ms=5
[2026-02-02 22:50:25.486] [info] [spider.worker] [TIMING] worker_id=027dee0b-a956-4d41-9e62-8f43be456421 task_id=none get_next_task request_start=501867691 connect_end=501867692 send_end=501867692 receive_end=501867694 connect_duration_ms=0 send_duration_ms=0 receive_duration_ms=1 total_duration_ms=2
[2026-02-02 22:50:25.595] [info] [spider.worker] [TIMING] worker_id=027dee0b-a956-4d41-9e62-8f43be456421 task_id=none get_next_task request_start=501867795 connect_end=501867796 send_end=501867796 receive_end=501867803 connect_duration_ms=0 send_duration_ms=0 receive_duration_ms=6 total_duration_ms=7
[2026-02-02 22:50:25.703] [info] [spider.worker] [TIMING] worker_id=027dee0b-a956-4d41-9e62-8f43be456421 task_id=none get_next_task request_start=501867905 connect_end=501867907 send_end=501867907 receive_end=501867912 connect_duration_ms=1 send_duration_ms=0 receive_duration_ms=5 total_duration_ms=6
[2026-02-02 22:50:25.812] [info] [spider.worker] [TIMING] worker_id=027dee0b-a956-4d41-9e62-8f43be456421 task_id=none get_next_task request_start=501868014 connect_end=501868015 send_end=501868015 receive_end=501868020 connect_duration_ms=1 send_duration_ms=0 receive_duration_ms=4 total_duration_ms=6
[2026-02-02 22:50:25.919] [info] [spider.worker] [TIMING] worker_id=027dee0b-a956-4d41-9e62-8f43be456421 task_id=none get_next_task request_start=501868122 connect_end=501868124 send_end=501868124 receive_end=501868128 connect_duration_ms=1 send_duration_ms=0 receive_duration_ms=4 total_duration_ms=5
[2026-02-02 22:50:26.028] [info] [spider.worker] [TIMING] worker_id=027dee0b-a956-4d41-9e62-8f43be456421 task_id=none get_next_task request_start=501868230 connect_end=501868231 send_end=501868231 receive_end=501868236 connect_duration_ms=1 send_duration_ms=0 receive_duration_ms=5 total_duration_ms=6
[2026-02-02 22:50:26.136] [info] [spider.worker] [TIMING] worker_id=027dee0b-a956-4d41-9e62-8f43be456421 task_id=none get_next_task request_start=501868339 connect_end=501868340 send_end=501868340 receive_end=501868345 connect_duration_ms=1 send_duration_ms=0 receive_duration_ms=4 total_duration_ms=6
[2026-02-02 22:50:26.244] [info] [spider.worker] [TIMING] worker_id=027dee0b-a956-4d41-9e62-8f43be456421 task_id=none get_next_task request_start=501868447 connect_end=501868448 send_end=501868448 receive_end=501868452 connect_duration_ms=1 send_duration_ms=0 receive_duration_ms=3 total_duration_ms=5
[2026-02-02 22:50:26.348] [info] [spider.worker] [TIMING] worker_id=027dee0b-a956-4d41-9e62-8f43be456421 task_id=none get_next_task request_start=501868554 connect_end=501868555 send_end=501868555 receive_end=501868556 connect_duration_ms=1 send_duration_ms=0 receive_duration_ms=1 total_duration_ms=2
[2026-02-02 22:50:26.455] [info] [spider.worker] [TIMING] worker_id=027dee0b-a956-4d41-9e62-8f43be456421 task_id=none get_next_task request_start=501868658 connect_end=501868659 send_end=501868659 receive_end=501868663 connect_duration_ms=0 send_duration_ms=0 receive_duration_ms=3 total_duration_ms=4
[2026-02-02 22:50:26.560] [info] [spider.worker] [TIMING] worker_id=027dee0b-a956-4d41-9e62-8f43be456421 task_id=none get_next_task request_start=501868765 connect_end=501868766 send_end=501868766 receive_end=501868768 connect_duration_ms=0 send_duration_ms=0 receive_duration_ms=1 total_duration_ms=2
[2026-02-02 22:50:26.667] [info] [spider.worker] [TIMING] worker_id=027dee0b-a956-4d41-9e62-8f43be456421 task_id=none get_next_task request_start=501868871 connect_end=501868872 send_end=501868872 receive_end=501868875 connect_duration_ms=1 send_duration_ms=0 receive_duration_ms=3 total_duration_ms=4
[2026-02-02 22:50:26.772] [info] [spider.worker] [TIMING] worker_id=027dee0b-a956-4d41-9e62-8f43be456421 task_id=none get_next_task request_start=501868978 connect_end=501868979 send_end=501868979 receive_end=501868981 connect_duration_ms=1 send_duration_ms=0 receive_duration_ms=1 total_duration_ms=2
[2026-02-02 22:50:26.884] [info] [spider.worker] [TIMING] worker_id=027dee0b-a956-4d41-9e62-8f43be456421 task_id=none get_next_task request_start=501869083 connect_end=501869084 send_end=501869084 receive_end=501869093 connect_duration_ms=1 send_duration_ms=0 receive_duration_ms=8 total_duration_ms=9
[2026-02-02 22:50:26.993] [info] [spider.worker] [TIMING] worker_id=027dee0b-a956-4d41-9e62-8f43be456421 task_id=none get_next_task request_start=501869195 connect_end=501869196 send_end=501869196 receive_end=501869202 connect_duration_ms=1 send_duration_ms=0 receive_duration_ms=5 total_duration_ms=6
[2026-02-02 22:50:27.102] [info] [spider.worker] [TIMING] worker_id=027dee0b-a956-4d41-9e62-8f43be456421 task_id=none get_next_task request_start=501869304 connect_end=501869305 send_end=501869305 receive_end=501869310 connect_duration_ms=1 send_duration_ms=0 receive_duration_ms=4 total_duration_ms=5
[2026-02-02 22:50:27.209] [info] [spider.worker] [TIMING] worker_id=027dee0b-a956-4d41-9e62-8f43be456421 task_id=none get_next_task request_start=501869413 connect_end=501869414 send_end=501869414 receive_end=501869418 connect_duration_ms=1 send_duration_ms=0 receive_duration_ms=3 total_duration_ms=5
[2026-02-02 22:50:27.317] [info] [spider.worker] [TIMING] worker_id=027dee0b-a956-4d41-9e62-8f43be456421 task_id=none get_next_task request_start=501869520 connect_end=501869521 send_end=501869521 receive_end=501869525 connect_duration_ms=0 send_duration_ms=0 receive_duration_ms=4 total_duration_ms=5
[2026-02-02 22:50:27.423] [info] [spider.worker] [TIMING] worker_id=027dee0b-a956-4d41-9e62-8f43be456421 task_id=none get_next_task request_start=501869627 connect_end=501869627 send_end=501869627 receive_end=501869631 connect_duration_ms=0 send_duration_ms=0 receive_duration_ms=3 total_duration_ms=4
[2026-02-02 22:50:27.528] [info] [spider.worker] [TIMING] worker_id=027dee0b-a956-4d41-9e62-8f43be456421 task_id=none get_next_task request_start=501869733 connect_end=501869734 send_end=501869734 receive_end=501869736 connect_duration_ms=0 send_duration_ms=0 receive_duration_ms=2 total_duration_ms=3
[2026-02-02 22:50:27.637] [info] [spider.worker] [TIMING] worker_id=027dee0b-a956-4d41-9e62-8f43be456421 task_id=none get_next_task request_start=501869838 connect_end=501869839 send_end=501869839 receive_end=501869846 connect_duration_ms=0 send_duration_ms=0 receive_duration_ms=6 total_duration_ms=7
[2026-02-02 22:50:27.747] [info] [spider.worker] [TIMING] worker_id=027dee0b-a956-4d41-9e62-8f43be456421 task_id=none get_next_task request_start=501869948 connect_end=501869950 send_end=501869950 receive_end=501869956 connect_duration_ms=1 send_duration_ms=0 receive_duration_ms=6 total_duration_ms=7
[2026-02-02 22:50:27.855] [info] [spider.worker] [TIMING] worker_id=027dee0b-a956-4d41-9e62-8f43be456421 task_id=none get_next_task request_start=501870058 connect_end=501870059 send_end=501870059 receive_end=501870063 connect_duration_ms=1 send_duration_ms=0 receive_duration_ms=4 total_duration_ms=5
[2026-02-02 22:50:27.964] [info] [spider.worker] [TIMING] worker_id=027dee0b-a956-4d41-9e62-8f43be456421 task_id=none get_next_task request_start=501870166 connect_end=501870168 send_end=501870168 receive_end=501870172 connect_duration_ms=1 send_duration_ms=0 receive_duration_ms=4 total_duration_ms=6
[2026-02-02 22:50:28.071] [info] [spider.worker] [TIMING] worker_id=027dee0b-a956-4d41-9e62-8f43be456421 task_id=none get_next_task request_start=501870275 connect_end=501870276 send_end=501870276 receive_end=501870279 connect_duration_ms=1 send_duration_ms=0 receive_duration_ms=3 total_duration_ms=4
[2026-02-02 22:50:28.179] [info] [spider.worker] [TIMING] worker_id=027dee0b-a956-4d41-9e62-8f43be456421 task_id=none get_next_task request_start=501870382 connect_end=501870383 send_end=501870383 receive_end=501870387 connect_duration_ms=1 send_duration_ms=0 receive_duration_ms=3 total_duration_ms=5
[2026-02-02 22:50:28.287] [info] [spider.worker] [TIMING] worker_id=027dee0b-a956-4d41-9e62-8f43be456421 task_id=none get_next_task request_start=501870489 connect_end=501870491 send_end=501870491 receive_end=501870495 connect_duration_ms=1 send_duration_ms=0 receive_duration_ms=4 total_duration_ms=5
[2026-02-02 22:50:28.397] [info] [spider.worker] [TIMING] worker_id=027dee0b-a956-4d41-9e62-8f43be456421 task_id=none get_next_task request_start=501870598 connect_end=501870599 send_end=501870599 receive_end=501870605 connect_duration_ms=1 send_duration_ms=0 receive_duration_ms=6 total_duration_ms=7
[2026-02-02 22:50:28.501] [info] [spider.worker] [TIMING] worker_id=027dee0b-a956-4d41-9e62-8f43be456421 task_id=none get_next_task request_start=501870707 connect_end=501870708 send_end=501870708 receive_end=501870709 connect_duration_ms=0 send_duration_ms=0 receive_duration_ms=1 total_duration_ms=2
[2026-02-02 22:50:28.606] [info] [spider.worker] [TIMING] worker_id=027dee0b-a956-4d41-9e62-8f43be456421 task_id=none get_next_task request_start=501870811 connect_end=501870812 send_end=501870812 receive_end=501870814 connect_duration_ms=0 send_duration_ms=0 receive_duration_ms=1 total_duration_ms=2
[2026-02-02 22:50:28.712] [info] [spider.worker] [TIMING] worker_id=027dee0b-a956-4d41-9e62-8f43be456421 task_id=none get_next_task request_start=501870917 connect_end=501870918 send_end=501870918 receive_end=501870921 connect_duration_ms=1 send_duration_ms=0 receive_duration_ms=2 total_duration_ms=3
[2026-02-02 22:50:28.821] [info] [spider.worker] [TIMING] worker_id=027dee0b-a956-4d41-9e62-8f43be456421 task_id=none get_next_task request_start=501871023 connect_end=501871024 send_end=501871024 receive_end=501871029 connect_duration_ms=1 send_duration_ms=0 receive_duration_ms=5 total_duration_ms=6
[2026-02-02 22:50:28.930] [info] [spider.worker] [TIMING] worker_id=027dee0b-a956-4d41-9e62-8f43be456421 task_id=none get_next_task request_start=501871132 connect_end=501871133 send_end=501871133 receive_end=501871138 connect_duration_ms=1 send_duration_ms=0 receive_duration_ms=5 total_duration_ms=6
[2026-02-02 22:50:29.038] [info] [spider.worker] [TIMING] worker_id=027dee0b-a956-4d41-9e62-8f43be456421 task_id=none get_next_task request_start=501871241 connect_end=501871242 send_end=501871242 receive_end=501871246 connect_duration_ms=1 send_duration_ms=0 receive_duration_ms=4 total_duration_ms=5
[2026-02-02 22:50:29.146] [info] [spider.worker] [TIMING] worker_id=027dee0b-a956-4d41-9e62-8f43be456421 task_id=none get_next_task request_start=501871349 connect_end=501871350 send_end=501871350 receive_end=501871354 connect_duration_ms=1 send_duration_ms=0 receive_duration_ms=4 total_duration_ms=5
[2026-02-02 22:50:29.255] [info] [spider.worker] [TIMING] worker_id=027dee0b-a956-4d41-9e62-8f43be456421 task_id=none get_next_task request_start=501871457 connect_end=501871458 send_end=501871458 receive_end=501871463 connect_duration_ms=1 send_duration_ms=0 receive_duration_ms=5 total_duration_ms=6
[2026-02-02 22:50:29.362] [info] [spider.worker] [TIMING] worker_id=027dee0b-a956-4d41-9e62-8f43be456421 task_id=none get_next_task request_start=501871566 connect_end=501871567 send_end=501871567 receive_end=501871570 connect_duration_ms=1 send_duration_ms=0 receive_duration_ms=3 total_duration_ms=4
[2026-02-02 22:50:29.470] [info] [spider.worker] [TIMING] worker_id=027dee0b-a956-4d41-9e62-8f43be456421 task_id=none get_next_task request_start=501871673 connect_end=501871674 send_end=501871674 receive_end=501871679 connect_duration_ms=0 send_duration_ms=0 receive_duration_ms=4 total_duration_ms=5
[2026-02-02 22:50:29.578] [info] [spider.worker] [TIMING] worker_id=027dee0b-a956-4d41-9e62-8f43be456421 task_id=none get_next_task request_start=501871781 connect_end=501871782 send_end=501871782 receive_end=501871787 connect_duration_ms=1 send_duration_ms=0 receive_duration_ms=5 total_duration_ms=6
[2026-02-02 22:50:29.687] [info] [spider.worker] [TIMING] worker_id=027dee0b-a956-4d41-9e62-8f43be456421 task_id=none get_next_task request_start=501871890 connect_end=501871891 send_end=501871891 receive_end=501871895 connect_duration_ms=1 send_duration_ms=0 receive_duration_ms=4 total_duration_ms=5
[2026-02-02 22:50:29.794] [info] [spider.worker] [TIMING] worker_id=027dee0b-a956-4d41-9e62-8f43be456421 task_id=none get_next_task request_start=501871998 connect_end=501871999 send_end=501871999 receive_end=501872002 connect_duration_ms=1 send_duration_ms=0 receive_duration_ms=3 total_duration_ms=4
[2026-02-02 22:50:29.901] [info] [spider.worker] [TIMING] worker_id=027dee0b-a956-4d41-9e62-8f43be456421 task_id=none get_next_task request_start=501872105 connect_end=501872106 send_end=501872106 receive_end=501872110 connect_duration_ms=1 send_duration_ms=0 receive_duration_ms=3 total_duration_ms=5
[2026-02-02 22:50:30.011] [info] [spider.worker] [TIMING] worker_id=027dee0b-a956-4d41-9e62-8f43be456421 task_id=none get_next_task request_start=501872212 connect_end=501872213 send_end=501872213 receive_end=501872220 connect_duration_ms=1 send_duration_ms=0 receive_duration_ms=6 total_duration_ms=7
[2026-02-02 22:50:30.118] [info] [spider.worker] [TIMING] worker_id=027dee0b-a956-4d41-9e62-8f43be456421 task_id=none get_next_task request_start=501872322 connect_end=501872324 send_end=501872324 receive_end=501872327 connect_duration_ms=1 send_duration_ms=0 receive_duration_ms=3 total_duration_ms=4
[2026-02-02 22:50:30.227] [info] [spider.worker] [TIMING] worker_id=027dee0b-a956-4d41-9e62-8f43be456421 task_id=none get_next_task request_start=501872429 connect_end=501872430 send_end=501872430 receive_end=501872436 connect_duration_ms=1 send_duration_ms=0 receive_duration_ms=5 total_duration_ms=6
[2026-02-02 22:50:30.335] [info] [spider.worker] [TIMING] worker_id=027dee0b-a956-4d41-9e62-8f43be456421 task_id=none get_next_task request_start=501872538 connect_end=501872539 send_end=501872539 receive_end=501872544 connect_duration_ms=1 send_duration_ms=0 receive_duration_ms=4 total_duration_ms=5
[2026-02-02 22:50:30.442] [info] [spider.worker] [TIMING] worker_id=027dee0b-a956-4d41-9e62-8f43be456421 task_id=none get_next_task request_start=501872646 connect_end=501872647 send_end=501872647 receive_end=501872650 connect_duration_ms=1 send_duration_ms=0 receive_duration_ms=2 total_duration_ms=4
[2026-02-02 22:50:30.551] [info] [spider.worker] [TIMING] worker_id=027dee0b-a956-4d41-9e62-8f43be456421 task_id=none get_next_task request_start=501872753 connect_end=501872754 send_end=501872754 receive_end=501872759 connect_duration_ms=1 send_duration_ms=0 receive_duration_ms=4 total_duration_ms=6
[2026-02-02 22:50:30.659] [info] [spider.worker] [TIMING] worker_id=027dee0b-a956-4d41-9e62-8f43be456421 task_id=none get_next_task request_start=501872862 connect_end=501872863 send_end=501872863 receive_end=501872867 connect_duration_ms=1 send_duration_ms=0 receive_duration_ms=4 total_duration_ms=5
[2026-02-02 22:50:30.766] [info] [spider.worker] [TIMING] worker_id=027dee0b-a956-4d41-9e62-8f43be456421 task_id=none get_next_task request_start=501872969 connect_end=501872970 send_end=501872970 receive_end=501872974 connect_duration_ms=0 send_duration_ms=0 receive_duration_ms=3 total_duration_ms=4
[2026-02-02 22:50:30.871] [info] [spider.worker] [TIMING] worker_id=027dee0b-a956-4d41-9e62-8f43be456421 task_id=none get_next_task request_start=501873076 connect_end=501873077 send_end=501873078 receive_end=501873079 connect_duration_ms=1 send_duration_ms=0 receive_duration_ms=1 total_duration_ms=2
[2026-02-02 22:50:30.980] [info] [spider.worker] [TIMING] worker_id=027dee0b-a956-4d41-9e62-8f43be456421 task_id=none get_next_task request_start=501873182 connect_end=501873183 send_end=501873183 receive_end=501873188 connect_duration_ms=0 send_duration_ms=0 receive_duration_ms=5 total_duration_ms=6
[2026-02-02 22:50:31.084] [info] [spider.worker] [TIMING] worker_id=027dee0b-a956-4d41-9e62-8f43be456421 task_id=none get_next_task request_start=501873290 connect_end=501873291 send_end=501873291 receive_end=501873292 connect_duration_ms=0 send_duration_ms=0 receive_duration_ms=1 total_duration_ms=2
[2026-02-02 22:50:31.194] [info] [spider.worker] [TIMING] worker_id=027dee0b-a956-4d41-9e62-8f43be456421 task_id=none get_next_task request_start=501873394 connect_end=501873395 send_end=501873395 receive_end=501873402 connect_duration_ms=0 send_duration_ms=0 receive_duration_ms=7 total_duration_ms=8
[2026-02-02 22:50:31.304] [info] [spider.worker] [TIMING] worker_id=027dee0b-a956-4d41-9e6