2026-01-30 14:53:06,925 search-job-handler [INFO] Query scheduler using Spider.
2026-01-30 14:53:06,928 search-job-handler [INFO] Connected to archive database.
2026-01-30 14:53:06,928 search-job-handler [INFO] Query scheduler started.
2026-01-30 15:17:07,077 search-job-handler [INFO] Submitting Spider job 1 at 2026-01-30T15:17:07.077747 with 923 search tasks, aggregation=False
2026-01-30 15:17:10,070 search-job-handler [INFO] Submitted Spider job 1 at 2026-01-30T15:17:10.070273, submission took 2.993s
2026-01-30 15:17:10,114 search-job-handler [INFO] Dispatched search job 1 at 2026-01-30T15:17:10.073653 with 923 tasks.
2026-01-30 15:18:27,521 search-job-handler [INFO] Search task succeeded.
2026-01-30 15:18:27,521 search-job-handler [INFO] Search task succeeded.
2026-01-30 15:18:27,521 search-job-handler [INFO] Search task succeeded.
2026-01-30 15:18:27,522 search-job-handler [INFO] Search task succeeded.
2026-01-30 15:18:27,522 search-job-handler [INFO] Search task succeeded.
2026-01-30 15:18:27,522 search-job-handler [INFO] Search task succeeded.
2026-01-30 15:18:27,522 search-job-handler [INFO] Search task succeeded.
2026-01-30 15:18:27,522 search-job-handler [INFO] Search task succeeded.
2026-01-30 15:18:27,522 search-job-handler [INFO] Search task succeeded.
2026-01-30 15:18:27,522 search-job-handler [INFO] Search task succeeded.
2026-01-30 15:18:27,522 search-job-handler [INFO] Search task succeeded.
2026-01-30 15:18:27,522 search-job-handler [INFO] Search task succeeded.
2026-01-30 15:18:27,522 search-job-handler [INFO] Search task succeeded.
2026-01-30 15:18:27,522 search-job-handler [INFO] Search task succeeded.
2026-01-30 15:18:27,522 search-job-handler [INFO] Search task succeeded.
2026-01-30 15:18:27,522 search-job-handler [INFO] Search task succeeded.
2026-01-30 15:18:27,522 search-job-handler [INFO] Search task succeeded.
2026-01-30 15:18:27,522 search-job-handler [INFO] Search task succeeded.
2026-01-30 15:18:27,523 search-job-handler [INFO] Search task succeeded.
2026-01-30 15:18:27,523 search-job-handler [INFO] Search task succeeded.
2026-01-30 15:18:27,523 search-job-handler [INFO] Search task succeeded.
2026-01-30 15:18:27,523 search-job-handler [INFO] Search task succeeded.
2026-01-30 15:18:27,523 search-job-handler [INFO] Search task succeeded.
2026-01-30 15:18:27,523 search-job-handler [INFO] Search task succeeded.
2026-01-30 15:18:27,523 search-job-handler [INFO] Search task succeeded.
2026-01-30 15:18:27,523 search-job-handler [INFO] Search task succeeded.
2026-01-30 15:18:27,523 search-job-handler [INFO] Search task succeeded.
2026-01-30 15:18:27,523 search-job-handler [INFO] Search task succeeded.
2026-01-30 15:18:27,523 search-job-handler [INFO] Search task succeeded.
2026-01-30 15:18:27,523 search-job-handler [INFO] Search task succeeded.
2026-01-30 15:18:27,523 search-job-handler [INFO] Search task succeeded.
2026-01-30 15:18:27,523 search-job-handler [INFO] Search task succeeded.
2026-01-30 15:18:27,524 search-job-handler [INFO] Search task succeeded.
2026-01-30 15:18:27,524 search-job-handler [INFO] Search task succeeded.
2026-01-30 15:18:27,524 search-job-handler [INFO] Search task succeeded.
2026-01-30 15:18:27,524 search-job-handler [INFO] Search task succeeded.
2026-01-30 15:18:27,524 search-job-handler [INFO] Search task succeeded.
2026-01-30 15:18:27,524 search-job-handler [INFO] Search task succeeded.
2026-01-30 15:18:27,524 search-job-handler [INFO] Search task succeeded.
2026-01-30 15:18:27,524 search-job-handler [INFO] Search task succeeded.
2026-01-30 15:18:27,524 search-job-handler [INFO] Search task succeeded.
2026-01-30 15:18:27,524 search-job-handler [INFO] Search task succeeded.
2026-01-30 15:18:27,524 search-job-handler [INFO] Search task succeeded.
2026-01-30 15:18:27,524 search-job-handler [INFO] Search task succeeded.
2026-01-30 15:18:27,524 search-job-handler [INFO] Search task succeeded.
2026-01-30 15:18:27,524 search-job-handler [INFO] Search task succeeded.
2026-01-30 15:18:27,524 search-job-handler [INFO] Search task succeeded.
2026-01-30 15:18:27,524 search-job-handler [INFO] Search task succeeded.
2026-01-30 15:18:27,525 search-job-handler [INFO] Search task succeeded.
2026-01-30 15:18:27,525 search-job-handler [INFO] Search task succeeded.
2026-01-30 15:18:27,525 search-job-handler [INFO] Search task succeeded.
2026-01-30 15:18:27,525 search-job-handler [INFO] Search task succeeded.
2026-01-30 15:18:27,525 search-job-handler [INFO] Search task succeeded.
2026-01-30 15:18:27,525 search-job-handler [INFO] Search task succeeded.
2026-01-30 15:18:27,525 search-job-handler [INFO] Search task succeeded.
2026-01-30 15:18:27,525 search-job-handler [INFO] Search task succeeded.
2026-01-30 15:18:27,525 search-job-handler [INFO] Search task succeeded.
2026-01-30 15:18:27,525 search-job-handler [INFO] Search task succeeded.
2026-01-30 15:18:27,525 search-job-handler [INFO] Search task succeeded.
2026-01-30 15:18:27,525 search-job-handler [INFO] Search task succeeded.
2026-01-30 15:18:27,525 search-job-handler [INFO] Search task succeeded.
2026-01-30 15:18:27,525 search-job-handler [INFO] Search task succeeded.
2026-01-30 15:18:27,525 search-job-handler [INFO] Search task succeeded.
2026-01-30 15:18:27,526 search-job-handler [INFO] Search task succeeded.
2026-01-30 15:18:27,526 search-job-handler [INFO] Search task succeeded.
2026-01-30 15:18:27,526 search-job-handler [INFO] Search task succeeded.
2026-01-30 15:18:27,526 search-job-handler [INFO] Search task succeeded.
2026-01-30 15:18:27,526 search-job-handler [INFO] Search task succeeded.
2026-01-30 15:18:27,526 search-job-handler [INFO] Search task succeeded.
2026-01-30 15:18:27,526 search-job-handler [INFO] Search task succeeded.
2026-01-30 15:18:27,526 search-job-handler [INFO] Search task succeeded.
2026-01-30 15:18:27,526 search-job-handler [INFO] Search task succeeded.
2026-01-30 15:18:27,526 search-job-handler [INFO] Search task succeeded.
2026-01-30 15:18:27,526 search-job-handler [INFO] Search task succeeded.
2026-01-30 15:18:27,526 search-job-handler [INFO] Search task succeeded.
2026-01-30 15:18:27,526 search-job-handler [INFO] Search task succeeded.
2026-01-30 15:18:27,526 search-job-handler [INFO] Search task succeeded.
2026-01-30 15:18:27,526 search-job-handler [INFO] Search task succeeded.
2026-01-30 15:18:27,526 search-job-handler [INFO] Search task succeeded.
2026-01-30 15:18:27,527 search-job-handler [INFO] Search task succeeded.
2026-01-30 15:18:27,527 search-job-handler [INFO] Search task succeeded.
2026-01-30 15:18:27,527 search-job-handler [INFO] Search task succeeded.
2026-01-30 15:18:27,527 search-job-handler [INFO] Search task succeeded.
2026-01-30 15:18:27,527 search-job-handler [INFO] Search task succeeded.
2026-01-30 15:18:27,527 search-job-handler [INFO] Search task succeeded.
2026-01-30 15:18:27,527 search-job-handler [INFO] Search task succeeded.
2026-01-30 15:18:27,527 search-job-handler [INFO] Search task succeeded.
2026-01-30 15:18:27,527 search-job-handler [INFO] Search task succeeded.
2026-01-30 15:18:27,527 search-job-handler [INFO] Search task succeeded.
2026-01-30 15:18:27,527 search-job-handler [INFO] Search task succeeded.
2026-01-30 15:18:27,527 search-job-handler [INFO] Search task succeeded.
2026-01-30 15:18:27,527 search-job-handler [INFO] Search task succeeded.
2026-01-30 15:18:27,527 search-job-handler [INFO] Search task succeeded.
2026-01-30 15:18:27,527 search-job-handler [INFO] Search task succeeded.
2026-01-30 15:18:27,527 search-job-handler [INFO] Search task succeeded.
2026-01-30 15:18:27,527 search-job-handler [INFO] Search task succeeded.
2026-01-30 15:18:27,528 search-job-handler [INFO] Search task succeeded.
2026-01-30 15:18:27,528 search-job-handler [INFO] Search task succeeded.
2026-01-30 15:18:27,528 search-job-handler [INFO] Search task succeeded.
2026-01-30 15:18:27,528 search-job-handler [INFO] Search task succeeded.
2026-01-30 15:18:27,528 search-job-handler [INFO] Search task succeeded.
2026-01-30 15:18:27,528 search-job-handler [INFO] Search task succeeded.
2026-01-30 15:18:27,528 search-job-handler [INFO] Search task succeeded.
2026-01-30 15:18:27,528 search-job-handler [INFO] Search task succeeded.
2026-01-30 15:18:27,528 search-job-handler [INFO] Search task succeeded.
2026-01-30 15:18:27,528 search-job-handler [INFO] Search task succeeded.
2026-01-30 15:18:27,528 search-job-handler [INFO] Search task succeeded.
2026-01-30 15:18:27,528 search-job-handler [INFO] Search task succeeded.
2026-01-30 15:18:27,528 search-job-handler [INFO] Search task succeeded.
2026-01-30 15:18:27,528 search-job-handler [INFO] Search task succeeded.
2026-01-30 15:18:27,528 search-job-handler [INFO] Search task succeeded.
2026-01-30 15:18:27,528 search-job-handler [INFO] Search task succeeded.
2026-01-30 15:18:27,528 search-job-handler [INFO] Search task succeeded.
2026-01-30 15:18:27,529 search-job-handler [INFO] Search task succeeded.
2026-01-30 15:18:27,529 search-job-handler [INFO] Search task succeeded.
2026-01-30 15:18:27,529 search-job-handler [INFO] Search task succeeded.
2026-01-30 15:18:27,529 search-job-handler [INFO] Search task succeeded.
2026-01-30 15:18:27,529 search-job-handler [INFO] Search task succeeded.
2026-01-30 15:18:27,529 search-job-handler [INFO] Search task succeeded.
2026-01-30 15:18:27,529 search-job-handler [INFO] Search task succeeded.
2026-01-30 15:18:27,529 search-job-handler [INFO] Search task succeeded.
2026-01-30 15:18:27,529 search-job-handler [INFO] Search task succeeded.
2026-01-30 15:18:27,529 search-job-handler [INFO] Search task succeeded.
2026-01-30 15:18:27,529 search-job-handler [INFO] Search task succeeded.
2026-01-30 15:18:27,529 search-job-handler [INFO] Search task succeeded.
2026-01-30 15:18:27,529 search-job-handler [INFO] Search task succeeded.
2026-01-30 15:18:27,529 search-job-handler [INFO] Search task succeeded.
2026-01-30 15:18:27,529 search-job-handler [INFO] Search task succeeded.
2026-01-30 15:18:27,529 search-job-handler [INFO] Search task succeeded.
2026-01-30 15:18:27,529 search-job-handler [INFO] Search task succeeded.
2026-01-30 15:18:27,530 search-job-handler [INFO] Search task succeeded.
2026-01-30 15:18:27,530 search-job-handler [INFO] Search task succeeded.
2026-01-30 15:18:27,530 search-job-handler [INFO] Search task succeeded.
2026-01-30 15:18:27,530 search-job-handler [INFO] Search task succeeded.
2026-01-30 15:18:27,530 search-job-handler [INFO] Search task succeeded.
2026-01-30 15:18:27,530 search-job-handler [INFO] Search task succeeded.
2026-01-30 15:18:27,530 search-job-handler [INFO] Search task succeeded.
2026-01-30 15:18:27,530 search-job-handler [INFO] Search task succeeded.
2026-01-30 15:18:27,530 search-job-handler [INFO] Search task succeeded.
2026-01-30 15:18:27,530 search-job-handler [INFO] Search task succeeded.
2026-01-30 15:18:27,530 search-job-handler [INFO] Search task succeeded.
2026-01-30 15:18:27,530 search-job-handler [INFO] Search task succeeded.
2026-01-30 15:18:27,530 search-job-handler [INFO] Search task succeeded.
2026-01-30 15:18:27,530 search-job-handler [INFO] Search task succeeded.
2026-01-30 15:18:27,530 search-job-handler [INFO] Search task succeeded.
2026-01-30 15:18:27,530 search-job-handler [INFO] Search task succeeded.
2026-01-30 15:18:27,530 search-job-handler [INFO] Search task succeeded.
2026-01-30 15:18:27,531 search-job-handler [INFO] Search task succeeded.
2026-01-30 15:18:27,531 search-job-handler [INFO] Search task succeeded.
2026-01-30 15:18:27,531 search-job-handler [INFO] Search task succeeded.
2026-01-30 15:18:27,531 search-job-handler [INFO] Search task succeeded.
2026-01-30 15:18:27,531 search-job-handler [INFO] Search task succeeded.
2026-01-30 15:18:27,531 search-job-handler [INFO] Search task succeeded.
2026-01-30 15:18:27,531 search-job-handler [INFO] Search task succeeded.
2026-01-30 15:18:27,531 search-job-handler [INFO] Search task succeeded.
2026-01-30 15:18:27,531 search-job-handler [INFO] Search task succeeded.
2026-01-30 15:18:27,531 search-job-handler [INFO] Search task succeeded.
2026-01-30 15:18:27,531 search-job-handler [INFO] Search task succeeded.
2026-01-30 15:18:27,531 search-job-handler [INFO] Search task succeeded.
2026-01-30 15:18:27,531 search-job-handler [INFO] Search task succeeded.
2026-01-30 15:18:27,531 search-job-handler [INFO] Search task succeeded.
2026-01-30 15:18:27,531 search-job-handler [INFO] Search task succeeded.
2026-01-30 15:18:27,531 search-job-handler [INFO] Search task succeeded.
2026-01-30 15:18:27,532 search-job-handler [INFO] Search task succeeded.
2026-01-30 15:18:27,532 search-job-handler [INFO] Search task succeeded.
2026-01-30 15:18:27,532 search-job-handler [INFO] Search task succeeded.
2026-01-30 15:18:27,532 search-job-handler [INFO] Search task succeeded.
2026-01-30 15:18:27,532 search-job-handler [INFO] Search task succeeded.
2026-01-30 15:18:27,532 search-job-handler [INFO] Search task succeeded.
2026-01-30 15:18:27,532 search-job-handler [INFO] Search task succeeded.
2026-01-30 15:18:27,532 search-job-handler [INFO] Search task succeeded.
2026-01-30 15:18:27,532 search-job-handler [INFO] Search task succeeded.
2026-01-30 15:18:27,532 search-job-handler [INFO] Search task succeeded.
2026-01-30 15:18:27,532 search-job-handler [INFO] Search task succeeded.
2026-01-30 15:18:27,532 search-job-handler [INFO] Search task succeeded.
2026-01-30 15:18:27,532 search-job-handler [INFO] Search task succeeded.
2026-01-30 15:18:27,532 search-job-handler [INFO] Search task succeeded.
2026-01-30 15:18:27,532 search-job-handler [INFO] Search task succeeded.
2026-01-30 15:18:27,532 search-job-handler [INFO] Search task succeeded.
2026-01-30 15:18:27,532 search-job-handler [INFO] Search task succeeded.
2026-01-30 15:18:27,533 search-job-handler [INFO] Search task succeeded.
2026-01-30 15:18:27,533 search-job-handler [INFO] Search task succeeded.
2026-01-30 15:18:27,533 search-job-handler [INFO] Search task succeeded.
2026-01-30 15:18:27,533 search-job-handler [INFO] Search task succeeded.
2026-01-30 15:18:27,533 search-job-handler [INFO] Search task succeeded.
2026-01-30 15:18:27,533 search-job-handler [INFO] Search task succeeded.
2026-01-30 15:18:27,533 search-job-handler [INFO] Search task succeeded.
2026-01-30 15:18:27,533 search-job-handler [INFO] Search task succeeded.
2026-01-30 15:18:27,533 search-job-handler [INFO] Search task succeeded.
2026-01-30 15:18:27,533 search-job-handler [INFO] Search task succeeded.
2026-01-30 15:18:27,533 search-job-handler [INFO] Search task succeeded.
2026-01-30 15:18:27,533 search-job-handler [INFO] Search task succeeded.
2026-01-30 15:18:27,533 search-job-handler [INFO] Search task succeeded.
2026-01-30 15:18:27,533 search-job-handler [INFO] Search task succeeded.
2026-01-30 15:18:27,533 search-job-handler [INFO] Search task succeeded.
2026-01-30 15:18:27,533 search-job-handler [INFO] Search task succeeded.
2026-01-30 15:18:27,533 search-job-handler [INFO] Search task succeeded.
2026-01-30 15:18:27,534 search-job-handler [INFO] Search task succeeded.
2026-01-30 15:18:27,534 search-job-handler [INFO] Search task succeeded.
2026-01-30 15:18:27,534 search-job-handler [INFO] Search task succeeded.
2026-01-30 15:18:27,534 search-job-handler [INFO] Search task succeeded.
2026-01-30 15:18:27,534 search-job-handler [INFO] Search task succeeded.
2026-01-30 15:18:27,534 search-job-handler [INFO] Search task succeeded.
2026-01-30 15:18:27,534 search-job-handler [INFO] Search task succeeded.
2026-01-30 15:18:27,534 search-job-handler [INFO] Search task succeeded.
2026-01-30 15:18:27,534 search-job-handler [INFO] Search task succeeded.
2026-01-30 15:18:27,534 search-job-handler [INFO] Search task succeeded.
2026-01-30 15:18:27,534 search-job-handler [INFO] Search task succeeded.
2026-01-30 15:18:27,534 search-job-handler [INFO] Search task succeeded.
2026-01-30 15:18:27,534 search-job-handler [INFO] Search task succeeded.
2026-01-30 15:18:27,534 search-job-handler [INFO] Search task succeeded.
2026-01-30 15:18:27,534 search-job-handler [INFO] Search task succeeded.
2026-01-30 15:18:27,534 search-job-handler [INFO] Search task succeeded.
2026-01-30 15:18:27,534 search-job-handler [INFO] Search task succeeded.
2026-01-30 15:18:27,534 search-job-handler [INFO] Search task succeeded.
2026-01-30 15:18:27,535 search-job-handler [INFO] Search task succeeded.
2026-01-30 15:18:27,535 search-job-handler [INFO] Search task succeeded.
2026-01-30 15:18:27,535 search-job-handler [INFO] Search task succeeded.
2026-01-30 15:18:27,535 search-job-handler [INFO] Search task succeeded.
2026-01-30 15:18:27,535 search-job-handler [INFO] Search task succeeded.
2026-01-30 15:18:27,535 search-job-handler [INFO] Search task succeeded.
2026-01-30 15:18:27,535 search-job-handler [INFO] Search task succeeded.
2026-01-30 15:18:27,535 search-job-handler [INFO] Search task succeeded.
2026-01-30 15:18:27,535 search-job-handler [INFO] Search task succeeded.
2026-01-30 15:18:27,535 search-job-handler [INFO] Search task succeeded.
2026-01-30 15:18:27,535 search-job-handler [INFO] Search task succeeded.
2026-01-30 15:18:27,535 search-job-handler [INFO] Search task succeeded.
2026-01-30 15:18:27,535 search-job-handler [INFO] Search task succeeded.
2026-01-30 15:18:27,535 search-job-handler [INFO] Search task succeeded.
2026-01-30 15:18:27,535 search-job-handler [INFO] Search task succeeded.
2026-01-30 15:18:27,535 search-job-handler [INFO] Search task succeeded.
2026-01-30 15:18:27,536 search-job-handler [INFO] Search task succeeded.
2026-01-30 15:18:27,536 search-job-handler [INFO] Search task succeeded.
2026-01-30 15:18:27,536 search-job-handler [INFO] Search task succeeded.
2026-01-30 15:18:27,536 search-job-handler [INFO] Search task succeeded.
2026-01-30 15:18:27,536 search-job-handler [INFO] Search task succeeded.
2026-01-30 15:18:27,536 search-job-handler [INFO] Search task succeeded.
2026-01-30 15:18:27,536 search-job-handler [INFO] Search task succeeded.
2026-01-30 15:18:27,536 search-job-handler [INFO] Search task succeeded.
2026-01-30 15:18:27,536 search-job-handler [INFO] Search task succeeded.
2026-01-30 15:18:27,536 search-job-handler [INFO] Search task succeeded.
2026-01-30 15:18:27,536 search-job-handler [INFO] Search task succeeded.
2026-01-30 15:18:27,536 search-job-handler [INFO] Search task succeeded.
2026-01-30 15:18:27,536 search-job-handler [INFO] Search task succeeded.
2026-01-30 15:18:27,536 search-job-handler [INFO] Search task succeeded.
2026-01-30 15:18:27,536 search-job-handler [INFO] Search task succeeded.
2026-01-30 15:18:27,536 search-job-handler [INFO] Search task succeeded.
2026-01-30 15:18:27,536 search-job-handler [INFO] Search task succeeded.
2026-01-30 15:18:27,536 search-job-handler [INFO] Search task succeeded.
2026-01-30 15:18:27,537 search-job-handler [INFO] Search task succeeded.
2026-01-30 15:18:27,537 search-job-handler [INFO] Search task succeeded.
2026-01-30 15:18:27,537 search-job-handler [INFO] Search task succeeded.
2026-01-30 15:18:27,537 search-job-handler [INFO] Search task succeeded.
2026-01-30 15:18:27,537 search-job-handler [INFO] Search task succeeded.
2026-01-30 15:18:27,537 search-job-handler [INFO] Search task succeeded.
2026-01-30 15:18:27,537 search-job-handler [INFO] Search task succeeded.
2026-01-30 15:18:27,537 search-job-handler [INFO] Search task succeeded.
2026-01-30 15:18:27,537 search-job-handler [INFO] Search task succeeded.
2026-01-30 15:18:27,537 search-job-handler [INFO] Search task succeeded.
2026-01-30 15:18:27,537 search-job-handler [INFO] Search task succeeded.
2026-01-30 15:18:27,537 search-job-handler [INFO] Search task succeeded.
2026-01-30 15:18:27,537 search-job-handler [INFO] Search task succeeded.
2026-01-30 15:18:27,537 search-job-handler [INFO] Search task succeeded.
2026-01-30 15:18:27,537 search-job-handler [INFO] Search task succeeded.
2026-01-30 15:18:27,537 search-job-handler [INFO] Search task succeeded.
2026-01-30 15:18:27,537 search-job-handler [INFO] Search task succeeded.
2026-01-30 15:18:27,538 search-job-handler [INFO] Search task succeeded.
2026-01-30 15:18:27,538 search-job-handler [INFO] Search task succeeded.
2026-01-30 15:18:27,538 search-job-handler [INFO] Search task succeeded.
2026-01-30 15:18:27,538 search-job-handler [INFO] Search task succeeded.
2026-01-30 15:18:27,538 search-job-handler [INFO] Search task succeeded.
2026-01-30 15:18:27,538 search-job-handler [INFO] Search task succeeded.
2026-01-30 15:18:27,538 search-job-handler [INFO] Search task succeeded.
2026-01-30 15:18:27,538 search-job-handler [INFO] Search task succeeded.
2026-01-30 15:18:27,538 search-job-handler [INFO] Search task succeeded.
2026-01-30 15:18:27,538 search-job-handler [INFO] Search task succeeded.
2026-01-30 15:18:27,538 search-job-handler [INFO] Search task succeeded.
2026-01-30 15:18:27,538 search-job-handler [INFO] Search task succeeded.
2026-01-30 15:18:27,538 search-job-handler [INFO] Search task succeeded.
2026-01-30 15:18:27,538 search-job-handler [INFO] Search task succeeded.
2026-01-30 15:18:27,538 search-job-handler [INFO] Search task succeeded.
2026-01-30 15:18:27,538 search-job-handler [INFO] Search task succeeded.
2026-01-30 15:18:27,538 search-job-handler [INFO] Search task succeeded.
2026-01-30 15:18:27,538 search-job-handler [INFO] Search task succeeded.
2026-01-30 15:18:27,539 search-job-handler [INFO] Search task succeeded.
2026-01-30 15:18:27,539 search-job-handler [INFO] Search task succeeded.
2026-01-30 15:18:27,539 search-job-handler [INFO] Search task succeeded.
2026-01-30 15:18:27,539 search-job-handler [INFO] Search task succeeded.
2026-01-30 15:18:27,539 search-job-handler [INFO] Search task succeeded.
2026-01-30 15:18:27,539 search-job-handler [INFO] Search task succeeded.
2026-01-30 15:18:27,539 search-job-handler [INFO] Search task succeeded.
2026-01-30 15:18:27,539 search-job-handler [INFO] Search task succeeded.
2026-01-30 15:18:27,539 search-job-handler [INFO] Search task succeeded.
2026-01-30 15:18:27,539 search-job-handler [INFO] Search task succeeded.
2026-01-30 15:18:27,539 search-job-handler [INFO] Search task succeeded.
2026-01-30 15:18:27,539 search-job-handler [INFO] Search task succeeded.
2026-01-30 15:18:27,539 search-job-handler [INFO] Search task succeeded.
2026-01-30 15:18:27,539 search-job-handler [INFO] Search task succeeded.
2026-01-30 15:18:27,539 search-job-handler [INFO] Search task succeeded.
2026-01-30 15:18:27,539 search-job-handler [INFO] Search task succeeded.
2026-01-30 15:18:27,539 search-job-handler [INFO] Search task succeeded.
2026-01-30 15:18:27,540 search-job-handler [INFO] Search task succeeded.
2026-01-30 15:18:27,540 search-job-handler [INFO] Search task succeeded.
2026-01-30 15:18:27,540 search-job-handler [INFO] Search task succeeded.
2026-01-30 15:18:27,540 search-job-handler [INFO] Search task succeeded.
2026-01-30 15:18:27,540 search-job-handler [INFO] Search task succeeded.
2026-01-30 15:18:27,540 search-job-handler [INFO] Search task succeeded.
2026-01-30 15:18:27,540 search-job-handler [INFO] Search task succeeded.
2026-01-30 15:18:27,540 search-job-handler [INFO] Search task succeeded.
2026-01-30 15:18:27,540 search-job-handler [INFO] Search task succeeded.
2026-01-30 15:18:27,540 search-job-handler [INFO] Search task succeeded.
2026-01-30 15:18:27,540 search-job-handler [INFO] Search task succeeded.
2026-01-30 15:18:27,540 search-job-handler [INFO] Search task succeeded.
2026-01-30 15:18:27,540 search-job-handler [INFO] Search task succeeded.
2026-01-30 15:18:27,540 search-job-handler [INFO] Search task succeeded.
2026-01-30 15:18:27,540 search-job-handler [INFO] Search task succeeded.
2026-01-30 15:18:27,540 search-job-handler [INFO] Search task succeeded.
2026-01-30 15:18:27,540 search-job-handler [INFO] Search task succeeded.
2026-01-30 15:18:27,541 search-job-handler [INFO] Search task succeeded.
2026-01-30 15:18:27,541 search-job-handler [INFO] Search task succeeded.
2026-01-30 15:18:27,541 search-job-handler [INFO] Search task succeeded.
2026-01-30 15:18:27,541 search-job-handler [INFO] Search task succeeded.
2026-01-30 15:18:27,541 search-job-handler [INFO] Search task succeeded.
2026-01-30 15:18:27,541 search-job-handler [INFO] Search task succeeded.
2026-01-30 15:18:27,541 search-job-handler [INFO] Search task succeeded.
2026-01-30 15:18:27,541 search-job-handler [INFO] Search task succeeded.
2026-01-30 15:18:27,541 search-job-handler [INFO] Search task succeeded.
2026-01-30 15:18:27,541 search-job-handler [INFO] Search task succeeded.
2026-01-30 15:18:27,541 search-job-handler [INFO] Search task succeeded.
2026-01-30 15:18:27,541 search-job-handler [INFO] Search task succeeded.
2026-01-30 15:18:27,541 search-job-handler [INFO] Search task succeeded.
2026-01-30 15:18:27,541 search-job-handler [INFO] Search task succeeded.
2026-01-30 15:18:27,541 search-job-handler [INFO] Search task succeeded.
2026-01-30 15:18:27,541 search-job-handler [INFO] Search task succeeded.
2026-01-30 15:18:27,541 search-job-handler [INFO] Search task succeeded.
2026-01-30 15:18:27,541 search-job-handler [INFO] Search task succeeded.
2026-01-30 15:18:27,542 search-job-handler [INFO] Search task succeeded.
2026-01-30 15:18:27,542 search-job-handler [INFO] Search task succeeded.
2026-01-30 15:18:27,542 search-job-handler [INFO] Search task succeeded.
2026-01-30 15:18:27,542 search-job-handler [INFO] Search task succeeded.
2026-01-30 15:18:27,542 search-job-handler [INFO] Search task succeeded.
2026-01-30 15:18:27,542 search-job-handler [INFO] Search task succeeded.
2026-01-30 15:18:27,542 search-job-handler [INFO] Search task succeeded.
2026-01-30 15:18:27,542 search-job-handler [INFO] Search task succeeded.
2026-01-30 15:18:27,542 search-job-handler [INFO] Search task succeeded.
2026-01-30 15:18:27,542 search-job-handler [INFO] Search task succeeded.
2026-01-30 15:18:27,542 search-job-handler [INFO] Search task succeeded.
2026-01-30 15:18:27,542 search-job-handler [INFO] Search task succeeded.
2026-01-30 15:18:27,542 search-job-handler [INFO] Search task succeeded.
2026-01-30 15:18:27,542 search-job-handler [INFO] Search task succeeded.
2026-01-30 15:18:27,542 search-job-handler [INFO] Search task succeeded.
2026-01-30 15:18:27,542 search-job-handler [INFO] Search task succeeded.
2026-01-30 15:18:27,542 search-job-handler [INFO] Search task succeeded.
2026-01-30 15:18:27,542 search-job-handler [INFO] Search task succeeded.
2026-01-30 15:18:27,543 search-job-handler [INFO] Search task succeeded.
2026-01-30 15:18:27,543 search-job-handler [INFO] Search task succeeded.
2026-01-30 15:18:27,543 search-job-handler [INFO] Search task succeeded.
2026-01-30 15:18:27,543 search-job-handler [INFO] Search task succeeded.
2026-01-30 15:18:27,543 search-job-handler [INFO] Search task succeeded.
2026-01-30 15:18:27,543 search-job-handler [INFO] Search task succeeded.
2026-01-30 15:18:27,543 search-job-handler [INFO] Search task succeeded.
2026-01-30 15:18:27,543 search-job-handler [INFO] Search task succeeded.
2026-01-30 15:18:27,543 search-job-handler [INFO] Search task succeeded.
2026-01-30 15:18:27,543 search-job-handler [INFO] Search task succeeded.
2026-01-30 15:18:27,543 search-job-handler [INFO] Search task succeeded.
2026-01-30 15:18:27,543 search-job-handler [INFO] Search task succeeded.
2026-01-30 15:18:27,543 search-job-handler [INFO] Search task succeeded.
2026-01-30 15:18:27,543 search-job-handler [INFO] Search task succeeded.
2026-01-30 15:18:27,543 search-job-handler [INFO] Search task succeeded.
2026-01-30 15:18:27,543 search-job-handler [INFO] Search task succeeded.
2026-01-30 15:18:27,543 search-job-handler [INFO] Search task succeeded.
2026-01-30 15:18:27,544 search-job-handler [INFO] Search task succeeded.
2026-01-30 15:18:27,544 search-job-handler [INFO] Search task succeeded.
2026-01-30 15:18:27,544 search-job-handler [INFO] Search task succeeded.
2026-01-30 15:18:27,544 search-job-handler [INFO] Search task succeeded.
2026-01-30 15:18:27,544 search-job-handler [INFO] Search task succeeded.
2026-01-30 15:18:27,544 search-job-handler [INFO] Search task succeeded.
2026-01-30 15:18:27,544 search-job-handler [INFO] Search task succeeded.
2026-01-30 15:18:27,544 search-job-handler [INFO] Search task succeeded.
2026-01-30 15:18:27,544 search-job-handler [INFO] Search task succeeded.
2026-01-30 15:18:27,544 search-job-handler [INFO] Search task succeeded.
2026-01-30 15:18:27,544 search-job-handler [INFO] Search task succeeded.
2026-01-30 15:18:27,544 search-job-handler [INFO] Search task succeeded.
2026-01-30 15:18:27,544 search-job-handler [INFO] Search task succeeded.
2026-01-30 15:18:27,544 search-job-handler [INFO] Search task succeeded.
2026-01-30 15:18:27,544 search-job-handler [INFO] Search task succeeded.
2026-01-30 15:18:27,544 search-job-handler [INFO] Search task succeeded.
2026-01-30 15:18:27,544 search-job-handler [INFO] Search task succeeded.
2026-01-30 15:18:27,544 search-job-handler [INFO] Search task succeeded.
2026-01-30 15:18:27,545 search-job-handler [INFO] Search task succeeded.
2026-01-30 15:18:27,545 search-job-handler [INFO] Search task succeeded.
2026-01-30 15:18:27,545 search-job-handler [INFO] Search task succeeded.
2026-01-30 15:18:27,545 search-job-handler [INFO] Search task succeeded.
2026-01-30 15:18:27,545 search-job-handler [INFO] Search task succeeded.
2026-01-30 15:18:27,545 search-job-handler [INFO] Search task succeeded.
2026-01-30 15:18:27,545 search-job-handler [INFO] Search task succeeded.
2026-01-30 15:18:27,545 search-job-handler [INFO] Search task succeeded.
2026-01-30 15:18:27,545 search-job-handler [INFO] Search task succeeded.
2026-01-30 15:18:27,545 search-job-handler [INFO] Search task succeeded.
2026-01-30 15:18:27,545 search-job-handler [INFO] Search task succeeded.
2026-01-30 15:18:27,545 search-job-handler [INFO] Search task succeeded.
2026-01-30 15:18:27,545 search-job-handler [INFO] Search task succeeded.
2026-01-30 15:18:27,545 search-job-handler [INFO] Search task succeeded.
2026-01-30 15:18:27,545 search-job-handler [INFO] Search task succeeded.
2026-01-30 15:18:27,545 search-job-handler [INFO] Search task succeeded.
2026-01-30 15:18:27,546 search-job-handler [INFO] Search task succeeded.
2026-01-30 15:18:27,546 search-job-handler [INFO] Search task succeeded.
2026-01-30 15:18:27,546 search-job-handler [INFO] Search task succeeded.
2026-01-30 15:18:27,546 search-job-handler [INFO] Search task succeeded.
2026-01-30 15:18:27,546 search-job-handler [INFO] Search task succeeded.
2026-01-30 15:18:27,546 search-job-handler [INFO] Search task succeeded.
2026-01-30 15:18:27,546 search-job-handler [INFO] Search task succeeded.
2026-01-30 15:18:27,546 search-job-handler [INFO] Search task succeeded.
2026-01-30 15:18:27,546 search-job-handler [INFO] Search task succeeded.
2026-01-30 15:18:27,546 search-job-handler [INFO] Search task succeeded.
2026-01-30 15:18:27,546 search-job-handler [INFO] Search task succeeded.
2026-01-30 15:18:27,546 search-job-handler [INFO] Search task succeeded.
2026-01-30 15:18:27,546 search-job-handler [INFO] Search task succeeded.
2026-01-30 15:18:27,546 search-job-handler [INFO] Search task succeeded.
2026-01-30 15:18:27,546 search-job-handler [INFO] Search task succeeded.
2026-01-30 15:18:27,546 search-job-handler [INFO] Search task succeeded.
2026-01-30 15:18:27,546 search-job-handler [INFO] Search task succeeded.
2026-01-30 15:18:27,546 search-job-handler [INFO] Search task succeeded.
2026-01-30 15:18:27,547 search-job-handler [INFO] Search task succeeded.
2026-01-30 15:18:27,547 search-job-handler [INFO] Search task succeeded.
2026-01-30 15:18:27,547 search-job-handler [INFO] Search task succeeded.
2026-01-30 15:18:27,547 search-job-handler [INFO] Search task succeeded.
2026-01-30 15:18:27,547 search-job-handler [INFO] Search task succeeded.
2026-01-30 15:18:27,547 search-job-handler [INFO] Search task succeeded.
2026-01-30 15:18:27,547 search-job-handler [INFO] Search task succeeded.
2026-01-30 15:18:27,547 search-job-handler [INFO] Search task succeeded.
2026-01-30 15:18:27,547 search-job-handler [INFO] Search task succeeded.
2026-01-30 15:18:27,547 search-job-handler [INFO] Search task succeeded.
2026-01-30 15:18:27,547 search-job-handler [INFO] Search task succeeded.
2026-01-30 15:18:27,547 search-job-handler [INFO] Search task succeeded.
2026-01-30 15:18:27,547 search-job-handler [INFO] Search task succeeded.
2026-01-30 15:18:27,547 search-job-handler [INFO] Search task succeeded.
2026-01-30 15:18:27,547 search-job-handler [INFO] Search task succeeded.
2026-01-30 15:18:27,547 search-job-handler [INFO] Search task succeeded.
2026-01-30 15:18:27,547 search-job-handler [INFO] Search task succeeded.
2026-01-30 15:18:27,548 search-job-handler [INFO] Search task succeeded.
2026-01-30 15:18:27,548 search-job-handler [INFO] Search task succeeded.
2026-01-30 15:18:27,548 search-job-handler [INFO] Search task succeeded.
2026-01-30 15:18:27,548 search-job-handler [INFO] Search task succeeded.
2026-01-30 15:18:27,548 search-job-handler [INFO] Search task succeeded.
2026-01-30 15:18:27,548 search-job-handler [INFO] Search task succeeded.
2026-01-30 15:18:27,548 search-job-handler [INFO] Search task succeeded.
2026-01-30 15:18:27,548 search-job-handler [INFO] Search task succeeded.
2026-01-30 15:18:27,548 search-job-handler [INFO] Search task succeeded.
2026-01-30 15:18:27,548 search-job-handler [INFO] Search task succeeded.
2026-01-30 15:18:27,548 search-job-handler [INFO] Search task succeeded.
2026-01-30 15:18:27,548 search-job-handler [INFO] Search task succeeded.
2026-01-30 15:18:27,548 search-job-handler [INFO] Search task succeeded.
2026-01-30 15:18:27,548 search-job-handler [INFO] Search task succeeded.
2026-01-30 15:18:27,548 search-job-handler [INFO] Search task succeeded.
2026-01-30 15:18:27,548 search-job-handler [INFO] Search task succeeded.
2026-01-30 15:18:27,548 search-job-handler [INFO] Search task succeeded.
2026-01-30 15:18:27,549 search-job-handler [INFO] Search task succeeded.
2026-01-30 15:18:27,549 search-job-handler [INFO] Search task succeeded.
2026-01-30 15:18:27,549 search-job-handler [INFO] Search task succeeded.
2026-01-30 15:18:27,549 search-job-handler [INFO] Search task succeeded.
2026-01-30 15:18:27,549 search-job-handler [INFO] Search task succeeded.
2026-01-30 15:18:27,549 search-job-handler [INFO] Search task succeeded.
2026-01-30 15:18:27,549 search-job-handler [INFO] Search task succeeded.
2026-01-30 15:18:27,549 search-job-handler [INFO] Search task succeeded.
2026-01-30 15:18:27,549 search-job-handler [INFO] Search task succeeded.
2026-01-30 15:18:27,549 search-job-handler [INFO] Search task succeeded.
2026-01-30 15:18:27,549 search-job-handler [INFO] Search task succeeded.
2026-01-30 15:18:27,549 search-job-handler [INFO] Search task succeeded.
2026-01-30 15:18:27,549 search-job-handler [INFO] Search task succeeded.
2026-01-30 15:18:27,549 search-job-handler [INFO] Search task succeeded.
2026-01-30 15:18:27,549 search-job-handler [INFO] Search task succeeded.
2026-01-30 15:18:27,549 search-job-handler [INFO] Search task succeeded.
2026-01-30 15:18:27,549 search-job-handler [INFO] Search task succeeded.
2026-01-30 15:18:27,549 search-job-handler [INFO] Search task succeeded.
2026-01-30 15:18:27,550 search-job-handler [INFO] Search task succeeded.
2026-01-30 15:18:27,550 search-job-handler [INFO] Search task succeeded.
2026-01-30 15:18:27,550 search-job-handler [INFO] Search task succeeded.
2026-01-30 15:18:27,550 search-job-handler [INFO] Search task succeeded.
2026-01-30 15:18:27,550 search-job-handler [INFO] Search task succeeded.
2026-01-30 15:18:27,550 search-job-handler [INFO] Search task succeeded.
2026-01-30 15:18:27,550 search-job-handler [INFO] Search task succeeded.
2026-01-30 15:18:27,550 search-job-handler [INFO] Search task succeeded.
2026-01-30 15:18:27,550 search-job-handler [INFO] Search task succeeded.
2026-01-30 15:18:27,550 search-job-handler [INFO] Search task succeeded.
2026-01-30 15:18:27,550 search-job-handler [INFO] Search task succeeded.
2026-01-30 15:18:27,550 search-job-handler [INFO] Search task succeeded.
2026-01-30 15:18:27,550 search-job-handler [INFO] Search task succeeded.
2026-01-30 15:18:27,550 search-job-handler [INFO] Search task succeeded.
2026-01-30 15:18:27,550 search-job-handler [INFO] Search task succeeded.
2026-01-30 15:18:27,550 search-job-handler [INFO] Search task succeeded.
2026-01-30 15:18:27,550 search-job-handler [INFO] Search task succeeded.
2026-01-30 15:18:27,551 search-job-handler [INFO] Search task succeeded.
2026-01-30 15:18:27,551 search-job-handler [INFO] Search task succeeded.
2026-01-30 15:18:27,551 search-job-handler [INFO] Search task succeeded.
2026-01-30 15:18:27,551 search-job-handler [INFO] Search task succeeded.
2026-01-30 15:18:27,551 search-job-handler [INFO] Search task succeeded.
2026-01-30 15:18:27,551 search-job-handler [INFO] Search task succeeded.
2026-01-30 15:18:27,551 search-job-handler [INFO] Search task succeeded.
2026-01-30 15:18:27,551 search-job-handler [INFO] Search task succeeded.
2026-01-30 15:18:27,551 search-job-handler [INFO] Search task succeeded.
2026-01-30 15:18:27,551 search-job-handler [INFO] Search task succeeded.
2026-01-30 15:18:27,551 search-job-handler [INFO] Search task succeeded.
2026-01-30 15:18:27,551 search-job-handler [INFO] Search task succeeded.
2026-01-30 15:18:27,551 search-job-handler [INFO] Search task succeeded.
2026-01-30 15:18:27,551 search-job-handler [INFO] Search task succeeded.
2026-01-30 15:18:27,551 search-job-handler [INFO] Search task succeeded.
2026-01-30 15:18:27,551 search-job-handler [INFO] Search task succeeded.
2026-01-30 15:18:27,552 search-job-handler [INFO] Search task succeeded.
2026-01-30 15:18:27,552 search-job-handler [INFO] Search task succeeded.
2026-01-30 15:18:27,552 search-job-handler [INFO] Search task succeeded.
2026-01-30 15:18:27,552 search-job-handler [INFO] Search task succeeded.
2026-01-30 15:18:27,552 search-job-handler [INFO] Search task succeeded.
2026-01-30 15:18:27,552 search-job-handler [INFO] Search task succeeded.
2026-01-30 15:18:27,552 search-job-handler [INFO] Search task succeeded.
2026-01-30 15:18:27,552 search-job-handler [INFO] Search task succeeded.
2026-01-30 15:18:27,552 search-job-handler [INFO] Search task succeeded.
2026-01-30 15:18:27,552 search-job-handler [INFO] Search task succeeded.
2026-01-30 15:18:27,552 search-job-handler [INFO] Search task succeeded.
2026-01-30 15:18:27,552 search-job-handler [INFO] Search task succeeded.
2026-01-30 15:18:27,552 search-job-handler [INFO] Search task succeeded.
2026-01-30 15:18:27,552 search-job-handler [INFO] Search task succeeded.
2026-01-30 15:18:27,552 search-job-handler [INFO] Search task succeeded.
2026-01-30 15:18:27,552 search-job-handler [INFO] Search task succeeded.
2026-01-30 15:18:27,552 search-job-handler [INFO] Search task succeeded.
2026-01-30 15:18:27,552 search-job-handler [INFO] Search task succeeded.
2026-01-30 15:18:27,553 search-job-handler [INFO] Search task succeeded.
2026-01-30 15:18:27,553 search-job-handler [INFO] Search task succeeded.
2026-01-30 15:18:27,553 search-job-handler [INFO] Search task succeeded.
2026-01-30 15:18:27,553 search-job-handler [INFO] Search task succeeded.
2026-01-30 15:18:27,553 search-job-handler [INFO] Search task succeeded.
2026-01-30 15:18:27,553 search-job-handler [INFO] Search task succeeded.
2026-01-30 15:18:27,553 search-job-handler [INFO] Search task succeeded.
2026-01-30 15:18:27,553 search-job-handler [INFO] Search task succeeded.
2026-01-30 15:18:27,553 search-job-handler [INFO] Search task succeeded.
2026-01-30 15:18:27,553 search-job-handler [INFO] Search task succeeded.
2026-01-30 15:18:27,553 search-job-handler [INFO] Search task succeeded.
2026-01-30 15:18:27,553 search-job-handler [INFO] Search task succeeded.
2026-01-30 15:18:27,553 search-job-handler [INFO] Search task succeeded.
2026-01-30 15:18:27,553 search-job-handler [INFO] Search task succeeded.
2026-01-30 15:18:27,553 search-job-handler [INFO] Search task succeeded.
2026-01-30 15:18:27,553 search-job-handler [INFO] Search task succeeded.
2026-01-30 15:18:27,553 search-job-handler [INFO] Search task succeeded.
2026-01-30 15:18:27,554 search-job-handler [INFO] Search task succeeded.
2026-01-30 15:18:27,554 search-job-handler [INFO] Search task succeeded.
2026-01-30 15:18:27,554 search-job-handler [INFO] Search task succeeded.
2026-01-30 15:18:27,554 search-job-handler [INFO] Search task succeeded.
2026-01-30 15:18:27,554 search-job-handler [INFO] Search task succeeded.
2026-01-30 15:18:27,554 search-job-handler [INFO] Search task succeeded.
2026-01-30 15:18:27,554 search-job-handler [INFO] Search task succeeded.
2026-01-30 15:18:27,554 search-job-handler [INFO] Search task succeeded.
2026-01-30 15:18:27,554 search-job-handler [INFO] Search task succeeded.
2026-01-30 15:18:27,554 search-job-handler [INFO] Search task succeeded.
2026-01-30 15:18:27,554 search-job-handler [INFO] Search task succeeded.
2026-01-30 15:18:27,554 search-job-handler [INFO] Search task succeeded.
2026-01-30 15:18:27,554 search-job-handler [INFO] Search task succeeded.
2026-01-30 15:18:27,554 search-job-handler [INFO] Search task succeeded.
2026-01-30 15:18:27,554 search-job-handler [INFO] Search task succeeded.
2026-01-30 15:18:27,554 search-job-handler [INFO] Search task succeeded.
2026-01-30 15:18:27,554 search-job-handler [INFO] Search task succeeded.
2026-01-30 15:18:27,554 search-job-handler [INFO] Search task succeeded.
2026-01-30 15:18:27,555 search-job-handler [INFO] Search task succeeded.
2026-01-30 15:18:27,555 search-job-handler [INFO] Search task succeeded.
2026-01-30 15:18:27,555 search-job-handler [INFO] Search task succeeded.
2026-01-30 15:18:27,555 search-job-handler [INFO] Search task succeeded.
2026-01-30 15:18:27,555 search-job-handler [INFO] Search task succeeded.
2026-01-30 15:18:27,555 search-job-handler [INFO] Search task succeeded.
2026-01-30 15:18:27,555 search-job-handler [INFO] Search task succeeded.
2026-01-30 15:18:27,555 search-job-handler [INFO] Search task succeeded.
2026-01-30 15:18:27,555 search-job-handler [INFO] Search task succeeded.
2026-01-30 15:18:27,555 search-job-handler [INFO] Search task succeeded.
2026-01-30 15:18:27,555 search-job-handler [INFO] Search task succeeded.
2026-01-30 15:18:27,555 search-job-handler [INFO] Search task succeeded.
2026-01-30 15:18:27,555 search-job-handler [INFO] Search task succeeded.
2026-01-30 15:18:27,555 search-job-handler [INFO] Search task succeeded.
2026-01-30 15:18:27,555 search-job-handler [INFO] Search task succeeded.
2026-01-30 15:18:27,555 search-job-handler [INFO] Search task succeeded.
2026-01-30 15:18:27,556 search-job-handler [INFO] Search task succeeded.
2026-01-30 15:18:27,556 search-job-handler [INFO] Search task succeeded.
2026-01-30 15:18:27,556 search-job-handler [INFO] Search task succeeded.
2026-01-30 15:18:27,556 search-job-handler [INFO] Search task succeeded.
2026-01-30 15:18:27,556 search-job-handler [INFO] Search task succeeded.
2026-01-30 15:18:27,556 search-job-handler [INFO] Search task succeeded.
2026-01-30 15:18:27,556 search-job-handler [INFO] Search task succeeded.
2026-01-30 15:18:27,556 search-job-handler [INFO] Search task succeeded.
2026-01-30 15:18:27,556 search-job-handler [INFO] Search task succeeded.
2026-01-30 15:18:27,556 search-job-handler [INFO] Search task succeeded.
2026-01-30 15:18:27,556 search-job-handler [INFO] Search task succeeded.
2026-01-30 15:18:27,556 search-job-handler [INFO] Search task succeeded.
2026-01-30 15:18:27,556 search-job-handler [INFO] Search task succeeded.
2026-01-30 15:18:27,556 search-job-handler [INFO] Search task succeeded.
2026-01-30 15:18:27,556 search-job-handler [INFO] Search task succeeded.
2026-01-30 15:18:27,556 search-job-handler [INFO] Search task succeeded.
2026-01-30 15:18:27,556 search-job-handler [INFO] Search task succeeded.
2026-01-30 15:18:27,557 search-job-handler [INFO] Search task succeeded.
2026-01-30 15:18:27,557 search-job-handler [INFO] Search task succeeded.
2026-01-30 15:18:27,557 search-job-handler [INFO] Search task succeeded.
2026-01-30 15:18:27,557 search-job-handler [INFO] Search task succeeded.
2026-01-30 15:18:27,557 search-job-handler [INFO] Search task succeeded.
2026-01-30 15:18:27,557 search-job-handler [INFO] Search task succeeded.
2026-01-30 15:18:27,557 search-job-handler [INFO] Search task succeeded.
2026-01-30 15:18:27,557 search-job-handler [INFO] Search task succeeded.
2026-01-30 15:18:27,557 search-job-handler [INFO] Search task succeeded.
2026-01-30 15:18:27,557 search-job-handler [INFO] Search task succeeded.
2026-01-30 15:18:27,557 search-job-handler [INFO] Search task succeeded.
2026-01-30 15:18:27,557 search-job-handler [INFO] Search task succeeded.
2026-01-30 15:18:27,557 search-job-handler [INFO] Search task succeeded.
2026-01-30 15:18:27,557 search-job-handler [INFO] Search task succeeded.
2026-01-30 15:18:27,557 search-job-handler [INFO] Search task succeeded.
2026-01-30 15:18:27,557 search-job-handler [INFO] Search task succeeded.
2026-01-30 15:18:27,557 search-job-handler [INFO] Search task succeeded.
2026-01-30 15:18:27,558 search-job-handler [INFO] Search task succeeded.
2026-01-30 15:18:27,558 search-job-handler [INFO] Search task succeeded.
2026-01-30 15:18:27,558 search-job-handler [INFO] Search task succeeded.
2026-01-30 15:18:27,558 search-job-handler [INFO] Search task succeeded.
2026-01-30 15:18:27,558 search-job-handler [INFO] Search task succeeded.
2026-01-30 15:18:27,558 search-job-handler [INFO] Search task succeeded.
2026-01-30 15:18:27,558 search-job-handler [INFO] Search task succeeded.
2026-01-30 15:18:27,558 search-job-handler [INFO] Search task succeeded.
2026-01-30 15:18:27,558 search-job-handler [INFO] Search task succeeded.
2026-01-30 15:18:27,558 search-job-handler [INFO] Search task succeeded.
2026-01-30 15:18:27,558 search-job-handler [INFO] Search task succeeded.
2026-01-30 15:18:27,558 search-job-handler [INFO] Search task succeeded.
2026-01-30 15:18:27,558 search-job-handler [INFO] Search task succeeded.
2026-01-30 15:18:27,558 search-job-handler [INFO] Search task succeeded.
2026-01-30 15:18:27,558 search-job-handler [INFO] Search task succeeded.
2026-01-30 15:18:27,558 search-job-handler [INFO] Search task succeeded.
2026-01-30 15:18:27,558 search-job-handler [INFO] Search task succeeded.
2026-01-30 15:18:27,558 search-job-handler [INFO] Search task succeeded.
2026-01-30 15:18:27,559 search-job-handler [INFO] Search task succeeded.
2026-01-30 15:18:27,559 search-job-handler [INFO] Search task succeeded.
2026-01-30 15:18:27,559 search-job-handler [INFO] Search task succeeded.
2026-01-30 15:18:27,559 search-job-handler [INFO] Search task succeeded.
2026-01-30 15:18:27,559 search-job-handler [INFO] Search task succeeded.
2026-01-30 15:18:27,559 search-job-handler [INFO] Search task succeeded.
2026-01-30 15:18:27,559 search-job-handler [INFO] Search task succeeded.
2026-01-30 15:18:27,559 search-job-handler [INFO] Search task succeeded.
2026-01-30 15:18:27,559 search-job-handler [INFO] Search task succeeded.
2026-01-30 15:18:27,559 search-job-handler [INFO] Search task succeeded.
2026-01-30 15:18:27,559 search-job-handler [INFO] Search task succeeded.
2026-01-30 15:18:27,559 search-job-handler [INFO] Search task succeeded.
2026-01-30 15:18:27,559 search-job-handler [INFO] Search task succeeded.
2026-01-30 15:18:27,559 search-job-handler [INFO] Search task succeeded.
2026-01-30 15:18:27,559 search-job-handler [INFO] Search task succeeded.
2026-01-30 15:18:27,559 search-job-handler [INFO] Search task succeeded.
2026-01-30 15:18:27,559 search-job-handler [INFO] Search task succeeded.
2026-01-30 15:18:27,560 search-job-handler [INFO] Search task succeeded.
2026-01-30 15:18:27,560 search-job-handler [INFO] Search task succeeded.
2026-01-30 15:18:27,560 search-job-handler [INFO] Search task succeeded.
2026-01-30 15:18:27,560 search-job-handler [INFO] Search task succeeded.
2026-01-30 15:18:27,560 search-job-handler [INFO] Search task succeeded.
2026-01-30 15:18:27,560 search-job-handler [INFO] Search task succeeded.
2026-01-30 15:18:27,560 search-job-handler [INFO] Search task succeeded.
2026-01-30 15:18:27,560 search-job-handler [INFO] Search task succeeded.
2026-01-30 15:18:27,560 search-job-handler [INFO] Search task succeeded.
2026-01-30 15:18:27,560 search-job-handler [INFO] Search task succeeded.
2026-01-30 15:18:27,560 search-job-handler [INFO] Search task succeeded.
2026-01-30 15:18:27,560 search-job-handler [INFO] Search task succeeded.
2026-01-30 15:18:27,560 search-job-handler [INFO] Search task succeeded.
2026-01-30 15:18:27,560 search-job-handler [INFO] Search task succeeded.
2026-01-30 15:18:27,560 search-job-handler [INFO] Search task succeeded.
2026-01-30 15:18:27,560 search-job-handler [INFO] Search task succeeded.
2026-01-30 15:18:27,560 search-job-handler [INFO] Search task succeeded.
2026-01-30 15:18:27,561 search-job-handler [INFO] Search task succeeded.
2026-01-30 15:18:27,561 search-job-handler [INFO] Search task succeeded.
2026-01-30 15:18:27,561 search-job-handler [INFO] Search task succeeded.
2026-01-30 15:18:27,561 search-job-handler [INFO] Search task succeeded.
2026-01-30 15:18:27,561 search-job-handler [INFO] Search task succeeded.
2026-01-30 15:18:27,561 search-job-handler [INFO] Search task succeeded.
2026-01-30 15:18:27,561 search-job-handler [INFO] Search task succeeded.
2026-01-30 15:18:27,561 search-job-handler [INFO] Search task succeeded.
2026-01-30 15:18:27,561 search-job-handler [INFO] Search task succeeded.
2026-01-30 15:18:27,561 search-job-handler [INFO] Search task succeeded.
2026-01-30 15:18:27,561 search-job-handler [INFO] Search task succeeded.
2026-01-30 15:18:27,561 search-job-handler [INFO] Search task succeeded.
2026-01-30 15:18:27,561 search-job-handler [INFO] Search task succeeded.
2026-01-30 15:18:27,561 search-job-handler [INFO] Search task succeeded.
2026-01-30 15:18:27,561 search-job-handler [INFO] Search task succeeded.
2026-01-30 15:18:27,561 search-job-handler [INFO] Search task succeeded.
2026-01-30 15:18:27,561 search-job-handler [INFO] Search task succeeded.
2026-01-30 15:18:27,562 search-job-handler [INFO] Search task succeeded.
2026-01-30 15:18:27,562 search-job-handler [INFO] Search task succeeded.
2026-01-30 15:18:27,562 search-job-handler [INFO] Search task succeeded.
2026-01-30 15:18:27,562 search-job-handler [INFO] Search task succeeded.
2026-01-30 15:18:27,562 search-job-handler [INFO] Search task succeeded.
2026-01-30 15:18:27,562 search-job-handler [INFO] Search task succeeded.
2026-01-30 15:18:27,562 search-job-handler [INFO] Search task succeeded.
2026-01-30 15:18:27,562 search-job-handler [INFO] Search task succeeded.
2026-01-30 15:18:27,562 search-job-handler [INFO] Search task succeeded.
2026-01-30 15:18:27,562 search-job-handler [INFO] Search task succeeded.
2026-01-30 15:18:27,562 search-job-handler [INFO] Search task succeeded.
2026-01-30 15:18:27,562 search-job-handler [INFO] Search task succeeded.
2026-01-30 15:18:27,562 search-job-handler [INFO] Search task succeeded.
2026-01-30 15:18:27,562 search-job-handler [INFO] Search task succeeded.
2026-01-30 15:18:27,562 search-job-handler [INFO] Search task succeeded.
2026-01-30 15:18:27,562 search-job-handler [INFO] Search task succeeded.
2026-01-30 15:18:27,562 search-job-handler [INFO] Search task succeeded.
2026-01-30 15:18:27,563 search-job-handler [INFO] Search task succeeded.
2026-01-30 15:18:27,563 search-job-handler [INFO] Search task succeeded.
2026-01-30 15:18:27,563 search-job-handler [INFO] Search task succeeded.
2026-01-30 15:18:27,563 search-job-handler [INFO] Search task succeeded.
2026-01-30 15:18:27,563 search-job-handler [INFO] Search task succeeded.
2026-01-30 15:18:27,563 search-job-handler [INFO] Search task succeeded.
2026-01-30 15:18:27,563 search-job-handler [INFO] Search task succeeded.
2026-01-30 15:18:27,563 search-job-handler [INFO] Search task succeeded.
2026-01-30 15:18:27,563 search-job-handler [INFO] Search task succeeded.
2026-01-30 15:18:27,563 search-job-handler [INFO] Search task succeeded.
2026-01-30 15:18:27,563 search-job-handler [INFO] Search task succeeded.
2026-01-30 15:18:27,563 search-job-handler [INFO] Search task succeeded.
2026-01-30 15:18:27,563 search-job-handler [INFO] Search task succeeded.
2026-01-30 15:18:27,563 search-job-handler [INFO] Search task succeeded.
2026-01-30 15:18:27,563 search-job-handler [INFO] Search task succeeded.
2026-01-30 15:18:27,563 search-job-handler [INFO] Search task succeeded.
2026-01-30 15:18:27,564 search-job-handler [INFO] Search task succeeded.
2026-01-30 15:18:27,564 search-job-handler [INFO] Search task succeeded.
2026-01-30 15:18:27,564 search-job-handler [INFO] Search task succeeded.
2026-01-30 15:18:27,564 search-job-handler [INFO] Search task succeeded.
2026-01-30 15:18:27,564 search-job-handler [INFO] Search task succeeded.
2026-01-30 15:18:27,564 search-job-handler [INFO] Search task succeeded.
2026-01-30 15:18:27,564 search-job-handler [INFO] Search task succeeded.
2026-01-30 15:18:27,564 search-job-handler [INFO] Search task succeeded.
2026-01-30 15:18:27,564 search-job-handler [INFO] Search task succeeded.
2026-01-30 15:18:27,564 search-job-handler [INFO] Search task succeeded.
2026-01-30 15:18:27,564 search-job-handler [INFO] Search task succeeded.
2026-01-30 15:18:27,564 search-job-handler [INFO] Search task succeeded.
2026-01-30 15:18:27,564 search-job-handler [INFO] Search task succeeded.
2026-01-30 15:18:27,564 search-job-handler [INFO] Search task succeeded.
2026-01-30 15:18:27,564 search-job-handler [INFO] Search task succeeded.
2026-01-30 15:18:27,564 search-job-handler [INFO] Search task succeeded.
2026-01-30 15:18:27,564 search-job-handler [INFO] Search task succeeded.
2026-01-30 15:18:27,565 search-job-handler [INFO] Search task succeeded.
2026-01-30 15:18:27,565 search-job-handler [INFO] Search task succeeded.
2026-01-30 15:18:27,565 search-job-handler [INFO] Search task succeeded.
2026-01-30 15:18:27,565 search-job-handler [INFO] Search task succeeded.
2026-01-30 15:18:27,565 search-job-handler [INFO] Search task succeeded.
2026-01-30 15:18:27,565 search-job-handler [INFO] Search task succeeded.
2026-01-30 15:18:27,565 search-job-handler [INFO] Search task succeeded.
2026-01-30 15:18:27,565 search-job-handler [INFO] Search task succeeded.
2026-01-30 15:18:27,565 search-job-handler [INFO] Search task succeeded.
2026-01-30 15:18:27,565 search-job-handler [INFO] Search task succeeded.
2026-01-30 15:18:27,565 search-job-handler [INFO] Search task succeeded.
2026-01-30 15:18:27,565 search-job-handler [INFO] Search task succeeded.
2026-01-30 15:18:27,565 search-job-handler [INFO] Search task succeeded.
2026-01-30 15:18:27,565 search-job-handler [INFO] Search task succeeded.
2026-01-30 15:18:27,565 search-job-handler [INFO] Search task succeeded.
2026-01-30 15:18:27,565 search-job-handler [INFO] Search task succeeded.
2026-01-30 15:18:27,565 search-job-handler [INFO] Search task succeeded.
2026-01-30 15:18:27,566 search-job-handler [INFO] Search task succeeded.
2026-01-30 15:18:27,566 search-job-handler [INFO] Search task succeeded.
2026-01-30 15:18:27,566 search-job-handler [INFO] Search task succeeded.
2026-01-30 15:18:27,566 search-job-handler [INFO] Search task succeeded.
2026-01-30 15:18:27,566 search-job-handler [INFO] Search task succeeded.
2026-01-30 15:18:27,566 search-job-handler [INFO] Search task succeeded.
2026-01-30 15:18:27,566 search-job-handler [INFO] Search task succeeded.
2026-01-30 15:18:27,566 search-job-handler [INFO] Search task succeeded.
2026-01-30 15:18:27,566 search-job-handler [INFO] Search task succeeded.
2026-01-30 15:18:27,566 search-job-handler [INFO] Search task succeeded.
2026-01-30 15:18:27,566 search-job-handler [INFO] Search task succeeded.
2026-01-30 15:18:27,566 search-job-handler [INFO] Search task succeeded.
2026-01-30 15:18:27,566 search-job-handler [INFO] Search task succeeded.
2026-01-30 15:18:27,566 search-job-handler [INFO] Search task succeeded.
2026-01-30 15:18:27,566 search-job-handler [INFO] Search task succeeded.
2026-01-30 15:18:27,566 search-job-handler [INFO] Search task succeeded.
2026-01-30 15:18:27,566 search-job-handler [INFO] Search task succeeded.
2026-01-30 15:18:27,567 search-job-handler [INFO] Search task succeeded.
2026-01-30 15:18:27,567 search-job-handler [INFO] Search task succeeded.
2026-01-30 15:18:27,567 search-job-handler [INFO] Search task succeeded.
2026-01-30 15:18:27,567 search-job-handler [INFO] Search task succeeded.
2026-01-30 15:18:27,567 search-job-handler [INFO] Search task succeeded.
2026-01-30 15:18:27,567 search-job-handler [INFO] Search task succeeded.
2026-01-30 15:18:27,567 search-job-handler [INFO] Search task succeeded.
2026-01-30 15:18:27,567 search-job-handler [INFO] Search task succeeded.
2026-01-30 15:18:27,567 search-job-handler [INFO] Search task succeeded.
2026-01-30 15:18:27,567 search-job-handler [INFO] Search task succeeded.
2026-01-30 15:18:27,567 search-job-handler [INFO] Search task succeeded.
2026-01-30 15:18:27,567 search-job-handler [INFO] Search task succeeded.
2026-01-30 15:18:27,567 search-job-handler [INFO] Search task succeeded.
2026-01-30 15:18:27,567 search-job-handler [INFO] Search task succeeded.
2026-01-30 15:18:27,567 search-job-handler [INFO] Search task succeeded.
2026-01-30 15:18:27,567 search-job-handler [INFO] Search task succeeded.
2026-01-30 15:18:27,567 search-job-handler [INFO] Search task succeeded.
2026-01-30 15:18:27,568 search-job-handler [INFO] Search task succeeded.
2026-01-30 15:18:27,568 search-job-handler [INFO] Search task succeeded.
2026-01-30 15:18:27,568 search-job-handler [INFO] Search task succeeded.
2026-01-30 15:18:27,568 search-job-handler [INFO] Search task succeeded.
2026-01-30 15:18:27,568 search-job-handler [INFO] Search task succeeded.
2026-01-30 15:18:27,568 search-job-handler [INFO] Search task succeeded.
2026-01-30 15:18:27,568 search-job-handler [INFO] Search task succeeded.
2026-01-30 15:18:27,568 search-job-handler [INFO] Search task succeeded.
2026-01-30 15:18:27,568 search-job-handler [INFO] Search task succeeded.
2026-01-30 15:18:27,568 search-job-handler [INFO] Search task succeeded.
2026-01-30 15:18:27,568 search-job-handler [INFO] Search task succeeded.
2026-01-30 15:18:27,568 search-job-handler [INFO] Search task succeeded.
2026-01-30 15:18:27,568 search-job-handler [INFO] Search task succeeded.
2026-01-30 15:18:27,568 search-job-handler [INFO] Search task succeeded.
2026-01-30 15:18:27,568 search-job-handler [INFO] Search task succeeded.
2026-01-30 15:18:27,568 search-job-handler [INFO] Search task succeeded.
2026-01-30 15:18:27,568 search-job-handler [INFO] Search task succeeded.
2026-01-30 15:18:27,569 search-job-handler [INFO] Search task succeeded.
2026-01-30 15:18:27,569 search-job-handler [INFO] Search task succeeded.
2026-01-30 15:18:27,569 search-job-handler [INFO] Search task succeeded.
2026-01-30 15:18:27,569 search-job-handler [INFO] Search task succeeded.
2026-01-30 15:18:27,569 search-job-handler [INFO] Search task succeeded.
2026-01-30 15:18:27,569 search-job-handler [INFO] Search task succeeded.
2026-01-30 15:18:27,569 search-job-handler [INFO] Search task succeeded.
2026-01-30 15:18:27,569 search-job-handler [INFO] Search task succeeded.
2026-01-30 15:18:27,569 search-job-handler [INFO] Search task succeeded.
2026-01-30 15:18:27,569 search-job-handler [INFO] Search task succeeded.
2026-01-30 15:18:27,569 search-job-handler [INFO] Search task succeeded.
2026-01-30 15:18:27,569 search-job-handler [INFO] Search task succeeded.
2026-01-30 15:18:27,569 search-job-handler [INFO] Search task succeeded.
2026-01-30 15:18:27,569 search-job-handler [INFO] Search task succeeded.
2026-01-30 15:18:27,569 search-job-handler [INFO] Search task succeeded.
2026-01-30 15:18:27,569 search-job-handler [INFO] Search task succeeded.
2026-01-30 15:18:27,569 search-job-handler [INFO] Search task succeeded.
2026-01-30 15:18:27,570 search-job-handler [INFO] Search task succeeded.
2026-01-30 15:18:27,570 search-job-handler [INFO] Search task succeeded.
2026-01-30 15:18:27,570 search-job-handler [INFO] Search task succeeded.
2026-01-30 15:18:27,570 search-job-handler [INFO] Search task succeeded.
2026-01-30 15:18:27,570 search-job-handler [INFO] Search task succeeded.
2026-01-30 15:18:27,570 search-job-handler [INFO] Search task succeeded.
2026-01-30 15:18:27,570 search-job-handler [INFO] Search task succeeded.
2026-01-30 15:18:27,570 search-job-handler [INFO] Search task succeeded.
2026-01-30 15:18:27,570 search-job-handler [INFO] Search task succeeded.
2026-01-30 15:18:27,570 search-job-handler [INFO] Search task succeeded.
2026-01-30 15:18:27,570 search-job-handler [INFO] Search task succeeded.
2026-01-30 15:18:27,570 search-job-handler [INFO] Search task succeeded.
2026-01-30 15:18:27,570 search-job-handler [INFO] Search task succeeded.
2026-01-30 15:18:27,570 search-job-handler [INFO] Search task succeeded.
2026-01-30 15:18:27,570 search-job-handler [INFO] Search task succeeded.
2026-01-30 15:18:27,570 search-job-handler [INFO] Search task succeeded.
2026-01-30 15:18:27,570 search-job-handler [INFO] Search task succeeded.
2026-01-30 15:18:27,571 search-job-handler [INFO] Search task succeeded.
2026-01-30 15:18:27,571 search-job-handler [INFO] Search task succeeded.
2026-01-30 15:18:27,571 search-job-handler [INFO] Search task succeeded.
2026-01-30 15:18:27,571 search-job-handler [INFO] Search task succeeded.
2026-01-30 15:18:27,571 search-job-handler [INFO] Search task succeeded.
2026-01-30 15:18:27,571 search-job-handler [INFO] Search task succeeded.
2026-01-30 15:18:27,571 search-job-handler [INFO] Search task succeeded.
2026-01-30 15:18:27,571 search-job-handler [INFO] Search task succeeded.
2026-01-30 15:18:27,571 search-job-handler [INFO] Search task succeeded.
2026-01-30 15:18:27,571 search-job-handler [INFO] Search task succeeded.
2026-01-30 15:18:27,571 search-job-handler [INFO] Search task succeeded.
2026-01-30 15:18:27,571 search-job-handler [INFO] Search task succeeded.
2026-01-30 15:18:27,571 search-job-handler [INFO] Search task succeeded.
2026-01-30 15:18:27,571 search-job-handler [INFO] Search task succeeded.
2026-01-30 15:18:27,571 search-job-handler [INFO] Search task succeeded.
2026-01-30 15:18:27,571 search-job-handler [INFO] Search task succeeded.
2026-01-30 15:18:27,572 search-job-handler [INFO] Search task succeeded.
2026-01-30 15:18:27,572 search-job-handler [INFO] Search task succeeded.
2026-01-30 15:18:27,572 search-job-handler [INFO] Search task succeeded.
2026-01-30 15:18:27,572 search-job-handler [INFO] Search task succeeded.
2026-01-30 15:18:27,572 search-job-handler [INFO] Search task succeeded.
2026-01-30 15:18:27,572 search-job-handler [INFO] Search task succeeded.
2026-01-30 15:18:27,572 search-job-handler [INFO] Search task succeeded.
2026-01-30 15:18:27,572 search-job-handler [INFO] Search task succeeded.
2026-01-30 15:18:27,572 search-job-handler [INFO] Search task succeeded.
2026-01-30 15:18:27,572 search-job-handler [INFO] Search task succeeded.
2026-01-30 15:18:27,572 search-job-handler [INFO] Search task succeeded.
2026-01-30 15:18:27,572 search-job-handler [INFO] Search task succeeded.
2026-01-30 15:18:27,572 search-job-handler [INFO] Search task succeeded.
2026-01-30 15:18:27,572 search-job-handler [INFO] Search task succeeded.
2026-01-30 15:18:27,572 search-job-handler [INFO] Search task succeeded.
2026-01-30 15:18:27,572 search-job-handler [INFO] Search task succeeded.
2026-01-30 15:18:27,572 search-job-handler [INFO] Search task succeeded.
2026-01-30 15:18:27,573 search-job-handler [INFO] Search task succeeded.
2026-01-30 15:18:27,573 search-job-handler [INFO] Search task succeeded.
2026-01-30 15:18:27,573 search-job-handler [INFO] Search task succeeded.
2026-01-30 15:18:27,573 search-job-handler [INFO] Search task succeeded.
2026-01-30 15:18:27,573 search-job-handler [INFO] Search task succeeded.
2026-01-30 15:18:27,573 search-job-handler [INFO] Search task succeeded.
2026-01-30 15:18:27,573 search-job-handler [INFO] Search task succeeded.
2026-01-30 15:18:27,573 search-job-handler [INFO] Search task succeeded.
2026-01-30 15:18:27,573 search-job-handler [INFO] Search task succeeded.
2026-01-30 15:18:27,573 search-job-handler [INFO] Search task succeeded.
2026-01-30 15:18:27,573 search-job-handler [INFO] Search task succeeded.
2026-01-30 15:18:27,573 search-job-handler [INFO] Search task succeeded.
2026-01-30 15:18:27,573 search-job-handler [INFO] Search task succeeded.
2026-01-30 15:18:27,573 search-job-handler [INFO] Search task succeeded.
2026-01-30 15:18:27,573 search-job-handler [INFO] Search task succeeded.
2026-01-30 15:18:27,573 search-job-handler [INFO] Search task succeeded.
2026-01-30 15:18:27,573 search-job-handler [INFO] Search task succeeded.
2026-01-30 15:18:27,574 search-job-handler [INFO] Search task succeeded.
2026-01-30 15:18:27,574 search-job-handler [INFO] Search task succeeded.
2026-01-30 15:18:27,574 search-job-handler [INFO] Search task succeeded.
2026-01-30 15:18:27,574 search-job-handler [INFO] Search task succeeded.
2026-01-30 15:18:27,574 search-job-handler [INFO] Search task succeeded.
2026-01-30 15:18:27,574 search-job-handler [INFO] Search task succeeded.
2026-01-30 15:18:27,574 search-job-handler [INFO] Search task succeeded.
2026-01-30 15:18:27,574 search-job-handler [INFO] Search task succeeded.
2026-01-30 15:18:27,574 search-job-handler [INFO] Search task succeeded.
2026-01-30 15:18:27,574 search-job-handler [INFO] Search task succeeded.
2026-01-30 15:18:27,574 search-job-handler [INFO] Search task succeeded.
2026-01-30 15:18:27,574 search-job-handler [INFO] Search task succeeded.
2026-01-30 15:18:27,574 search-job-handler [INFO] Search task succeeded.
2026-01-30 15:18:27,574 search-job-handler [INFO] Search task succeeded.
2026-01-30 15:18:27,574 search-job-handler [INFO] Search task succeeded.
2026-01-30 15:18:27,574 search-job-handler [INFO] Search task succeeded.
2026-01-30 15:18:27,574 search-job-handler [INFO] Search task succeeded.
2026-01-30 15:18:27,575 search-job-handler [INFO] Search task succeeded.
2026-01-30 15:18:27,575 search-job-handler [INFO] Search task succeeded.
2026-01-30 15:18:27,575 search-job-handler [INFO] Search task succeeded.
2026-01-30 15:18:27,575 search-job-handler [INFO] Search task succeeded.
2026-01-30 15:18:27,575 search-job-handler [INFO] Search task succeeded.
2026-01-30 15:18:27,575 search-job-handler [INFO] Search task succeeded.
2026-01-30 15:18:27,575 search-job-handler [INFO] Search task succeeded.
2026-01-30 15:18:27,575 search-job-handler [INFO] Search task succeeded.
2026-01-30 15:18:27,575 search-job-handler [INFO] Search task succeeded.
2026-01-30 15:18:27,575 search-job-handler [INFO] Search task succeeded.
2026-01-30 15:18:27,575 search-job-handler [INFO] Search task succeeded.
2026-01-30 15:18:27,575 search-job-handler [INFO] Search task succeeded.
2026-01-30 15:18:27,575 search-job-handler [INFO] Search task succeeded.
2026-01-30 15:18:27,575 search-job-handler [INFO] Search task succeeded.
2026-01-30 15:18:27,575 search-job-handler [INFO] Search task succeeded.
2026-01-30 15:18:27,575 search-job-handler [INFO] Search task succeeded.
2026-01-30 15:18:27,576 search-job-handler [INFO] Search task succeeded.
2026-01-30 15:18:27,576 search-job-handler [INFO] Search task succeeded.
2026-01-30 15:18:27,576 search-job-handler [INFO] Search task succeeded.
2026-01-30 15:18:27,576 search-job-handler [INFO] Search task succeeded.
2026-01-30 15:18:27,576 search-job-handler [INFO] Search task succeeded.
2026-01-30 15:18:27,576 search-job-handler [INFO] Search task succeeded.
2026-01-30 15:18:27,576 search-job-handler [INFO] Search task succeeded.
2026-01-30 15:18:27,576 search-job-handler [INFO] Search task succeeded.
2026-01-30 15:18:27,580 search-job-handler [INFO] Completed job 1 at 2026-01-30T15:18:27.576458, total duration=77.50s.
2026-01-30 18:52:03,133 search-job-handler [INFO] Query scheduler using Spider.
2026-01-30 18:52:03,166 search-job-handler [INFO] Connected to archive database.
2026-01-30 18:52:03,166 search-job-handler [INFO] Query scheduler started.
2026-01-30 18:52:14,724 search-job-handler [INFO] Submitting Spider job 2 at 2026-01-30T18:52:14.724691 with 923 search tasks, aggregation=False
2026-01-30 18:52:17,508 search-job-handler [INFO] Submitted Spider job 2 at 2026-01-30T18:52:17.508739, submission took 2.784s
2026-01-30 18:52:17,573 search-job-handler [INFO] Dispatched search job 2 at 2026-01-30T18:52:17.512967 with 923 tasks.
2026-01-30 18:53:34,316 search-job-handler [INFO] Search task succeeded.
2026-01-30 18:53:34,316 search-job-handler [INFO] Search task succeeded.
2026-01-30 18:53:34,316 search-job-handler [INFO] Search task succeeded.
2026-01-30 18:53:34,316 search-job-handler [INFO] Search task succeeded.
2026-01-30 18:53:34,316 search-job-handler [INFO] Search task succeeded.
2026-01-30 18:53:34,316 search-job-handler [INFO] Search task succeeded.
2026-01-30 18:53:34,316 search-job-handler [INFO] Search task succeeded.
2026-01-30 18:53:34,316 search-job-handler [INFO] Search task succeeded.
2026-01-30 18:53:34,316 search-job-handler [INFO] Search task succeeded.
2026-01-30 18:53:34,316 search-job-handler [INFO] Search task succeeded.
2026-01-30 18:53:34,316 search-job-handler [INFO] Search task succeeded.
2026-01-30 18:53:34,316 search-job-handler [INFO] Search task succeeded.
2026-01-30 18:53:34,316 search-job-handler [INFO] Search task succeeded.
2026-01-30 18:53:34,317 search-job-handler [INFO] Search task succeeded.
2026-01-30 18:53:34,317 search-job-handler [INFO] Search task succeeded.
2026-01-30 18:53:34,317 search-job-handler [INFO] Search task succeeded.
2026-01-30 18:53:34,317 search-job-handler [INFO] Search task succeeded.
2026-01-30 18:53:34,317 search-job-handler [INFO] Search task succeeded.
2026-01-30 18:53:34,317 search-job-handler [INFO] Search task succeeded.
2026-01-30 18:53:34,317 search-job-handler [INFO] Search task succeeded.
2026-01-30 18:53:34,317 search-job-handler [INFO] Search task succeeded.
2026-01-30 18:53:34,317 search-job-handler [INFO] Search task succeeded.
2026-01-30 18:53:34,317 search-job-handler [INFO] Search task succeeded.
2026-01-30 18:53:34,317 search-job-handler [INFO] Search task succeeded.
2026-01-30 18:53:34,317 search-job-handler [INFO] Search task succeeded.
2026-01-30 18:53:34,317 search-job-handler [INFO] Search task succeeded.
2026-01-30 18:53:34,317 search-job-handler [INFO] Search task succeeded.
2026-01-30 18:53:34,317 search-job-handler [INFO] Search task succeeded.
2026-01-30 18:53:34,317 search-job-handler [INFO] Search task succeeded.
2026-01-30 18:53:34,318 search-job-handler [INFO] Search task succeeded.
2026-01-30 18:53:34,318 search-job-handler [INFO] Search task succeeded.
2026-01-30 18:53:34,318 search-job-handler [INFO] Search task succeeded.
2026-01-30 18:53:34,318 search-job-handler [INFO] Search task succeeded.
2026-01-30 18:53:34,318 search-job-handler [INFO] Search task succeeded.
2026-01-30 18:53:34,318 search-job-handler [INFO] Search task succeeded.
2026-01-30 18:53:34,318 search-job-handler [INFO] Search task succeeded.
2026-01-30 18:53:34,318 search-job-handler [INFO] Search task succeeded.
2026-01-30 18:53:34,318 search-job-handler [INFO] Search task succeeded.
2026-01-30 18:53:34,318 search-job-handler [INFO] Search task succeeded.
2026-01-30 18:53:34,318 search-job-handler [INFO] Search task succeeded.
2026-01-30 18:53:34,318 search-job-handler [INFO] Search task succeeded.
2026-01-30 18:53:34,318 search-job-handler [INFO] Search task succeeded.
2026-01-30 18:53:34,318 search-job-handler [INFO] Search task succeeded.
2026-01-30 18:53:34,318 search-job-handler [INFO] Search task succeeded.
2026-01-30 18:53:34,318 search-job-handler [INFO] Search task succeeded.
2026-01-30 18:53:34,318 search-job-handler [INFO] Search task succeeded.
2026-01-30 18:53:34,319 search-job-handler [INFO] Search task succeeded.
2026-01-30 18:53:34,319 search-job-handler [INFO] Search task succeeded.
2026-01-30 18:53:34,319 search-job-handler [INFO] Search task succeeded.
2026-01-30 18:53:34,319 search-job-handler [INFO] Search task succeeded.
2026-01-30 18:53:34,319 search-job-handler [INFO] Search task succeeded.
2026-01-30 18:53:34,319 search-job-handler [INFO] Search task succeeded.
2026-01-30 18:53:34,319 search-job-handler [INFO] Search task succeeded.
2026-01-30 18:53:34,319 search-job-handler [INFO] Search task succeeded.
2026-01-30 18:53:34,319 search-job-handler [INFO] Search task succeeded.
2026-01-30 18:53:34,319 search-job-handler [INFO] Search task succeeded.
2026-01-30 18:53:34,319 search-job-handler [INFO] Search task succeeded.
2026-01-30 18:53:34,319 search-job-handler [INFO] Search task succeeded.
2026-01-30 18:53:34,319 search-job-handler [INFO] Search task succeeded.
2026-01-30 18:53:34,319 search-job-handler [INFO] Search task succeeded.
2026-01-30 18:53:34,319 search-job-handler [INFO] Search task succeeded.
2026-01-30 18:53:34,319 search-job-handler [INFO] Search task succeeded.
2026-01-30 18:53:34,319 search-job-handler [INFO] Search task succeeded.
2026-01-30 18:53:34,320 search-job-handler [INFO] Search task succeeded.
2026-01-30 18:53:34,320 search-job-handler [INFO] Search task succeeded.
2026-01-30 18:53:34,320 search-job-handler [INFO] Search task succeeded.
2026-01-30 18:53:34,320 search-job-handler [INFO] Search task succeeded.
2026-01-30 18:53:34,320 search-job-handler [INFO] Search task succeeded.
2026-01-30 18:53:34,320 search-job-handler [INFO] Search task succeeded.
2026-01-30 18:53:34,320 search-job-handler [INFO] Search task succeeded.
2026-01-30 18:53:34,320 search-job-handler [INFO] Search task succeeded.
2026-01-30 18:53:34,320 search-job-handler [INFO] Search task succeeded.
2026-01-30 18:53:34,320 search-job-handler [INFO] Search task succeeded.
2026-01-30 18:53:34,320 search-job-handler [INFO] Search task succeeded.
2026-01-30 18:53:34,320 search-job-handler [INFO] Search task succeeded.
2026-01-30 18:53:34,320 search-job-handler [INFO] Search task succeeded.
2026-01-30 18:53:34,320 search-job-handler [INFO] Search task succeeded.
2026-01-30 18:53:34,320 search-job-handler [INFO] Search task succeeded.
2026-01-30 18:53:34,320 search-job-handler [INFO] Search task succeeded.
2026-01-30 18:53:34,321 search-job-handler [INFO] Search task succeeded.
2026-01-30 18:53:34,321 search-job-handler [INFO] Search task succeeded.
2026-01-30 18:53:34,321 search-job-handler [INFO] Search task succeeded.
2026-01-30 18:53:34,321 search-job-handler [INFO] Search task succeeded.
2026-01-30 18:53:34,321 search-job-handler [INFO] Search task succeeded.
2026-01-30 18:53:34,321 search-job-handler [INFO] Search task succeeded.
2026-01-30 18:53:34,321 search-job-handler [INFO] Search task succeeded.
2026-01-30 18:53:34,321 search-job-handler [INFO] Search task succeeded.
2026-01-30 18:53:34,321 search-job-handler [INFO] Search task succeeded.
2026-01-30 18:53:34,321 search-job-handler [INFO] Search task succeeded.
2026-01-30 18:53:34,321 search-job-handler [INFO] Search task succeeded.
2026-01-30 18:53:34,321 search-job-handler [INFO] Search task succeeded.
2026-01-30 18:53:34,321 search-job-handler [INFO] Search task succeeded.
2026-01-30 18:53:34,321 search-job-handler [INFO] Search task succeeded.
2026-01-30 18:53:34,321 search-job-handler [INFO] Search task succeeded.
2026-01-30 18:53:34,321 search-job-handler [INFO] Search task succeeded.
2026-01-30 18:53:34,321 search-job-handler [INFO] Search task succeeded.
2026-01-30 18:53:34,322 search-job-handler [INFO] Search task succeeded.
2026-01-30 18:53:34,322 search-job-handler [INFO] Search task succeeded.
2026-01-30 18:53:34,322 search-job-handler [INFO] Search task succeeded.
2026-01-30 18:53:34,322 search-job-handler [INFO] Search task succeeded.
2026-01-30 18:53:34,322 search-job-handler [INFO] Search task succeeded.
2026-01-30 18:53:34,322 search-job-handler [INFO] Search task succeeded.
2026-01-30 18:53:34,322 search-job-handler [INFO] Search task succeeded.
2026-01-30 18:53:34,322 search-job-handler [INFO] Search task succeeded.
2026-01-30 18:53:34,322 search-job-handler [INFO] Search task succeeded.
2026-01-30 18:53:34,322 search-job-handler [INFO] Search task succeeded.
2026-01-30 18:53:34,322 search-job-handler [INFO] Search task succeeded.
2026-01-30 18:53:34,322 search-job-handler [INFO] Search task succeeded.
2026-01-30 18:53:34,322 search-job-handler [INFO] Search task succeeded.
2026-01-30 18:53:34,322 search-job-handler [INFO] Search task succeeded.
2026-01-30 18:53:34,322 search-job-handler [INFO] Search task succeeded.
2026-01-30 18:53:34,322 search-job-handler [INFO] Search task succeeded.
2026-01-30 18:53:34,322 search-job-handler [INFO] Search task succeeded.
2026-01-30 18:53:34,323 search-job-handler [INFO] Search task succeeded.
2026-01-30 18:53:34,323 search-job-handler [INFO] Search task succeeded.
2026-01-30 18:53:34,323 search-job-handler [INFO] Search task succeeded.
2026-01-30 18:53:34,323 search-job-handler [INFO] Search task succeeded.
2026-01-30 18:53:34,323 search-job-handler [INFO] Search task succeeded.
2026-01-30 18:53:34,323 search-job-handler [INFO] Search task succeeded.
2026-01-30 18:53:34,323 search-job-handler [INFO] Search task succeeded.
2026-01-30 18:53:34,323 search-job-handler [INFO] Search task succeeded.
2026-01-30 18:53:34,323 search-job-handler [INFO] Search task succeeded.
2026-01-30 18:53:34,323 search-job-handler [INFO] Search task succeeded.
2026-01-30 18:53:34,323 search-job-handler [INFO] Search task succeeded.
2026-01-30 18:53:34,323 search-job-handler [INFO] Search task succeeded.
2026-01-30 18:53:34,323 search-job-handler [INFO] Search task succeeded.
2026-01-30 18:53:34,323 search-job-handler [INFO] Search task succeeded.
2026-01-30 18:53:34,323 search-job-handler [INFO] Search task succeeded.
2026-01-30 18:53:34,323 search-job-handler [INFO] Search task succeeded.
2026-01-30 18:53:34,324 search-job-handler [INFO] Search task succeeded.
2026-01-30 18:53:34,324 search-job-handler [INFO] Search task succeeded.
2026-01-30 18:53:34,324 search-job-handler [INFO] Search task succeeded.
2026-01-30 18:53:34,324 search-job-handler [INFO] Search task succeeded.
2026-01-30 18:53:34,324 search-job-handler [INFO] Search task succeeded.
2026-01-30 18:53:34,324 search-job-handler [INFO] Search task succeeded.
2026-01-30 18:53:34,324 search-job-handler [INFO] Search task succeeded.
2026-01-30 18:53:34,324 search-job-handler [INFO] Search task succeeded.
2026-01-30 18:53:34,324 search-job-handler [INFO] Search task succeeded.
2026-01-30 18:53:34,324 search-job-handler [INFO] Search task succeeded.
2026-01-30 18:53:34,324 search-job-handler [INFO] Search task succeeded.
2026-01-30 18:53:34,324 search-job-handler [INFO] Search task succeeded.
2026-01-30 18:53:34,324 search-job-handler [INFO] Search task succeeded.
2026-01-30 18:53:34,324 search-job-handler [INFO] Search task succeeded.
2026-01-30 18:53:34,324 search-job-handler [INFO] Search task succeeded.
2026-01-30 18:53:34,324 search-job-handler [INFO] Search task succeeded.
2026-01-30 18:53:34,324 search-job-handler [INFO] Search task succeeded.
2026-01-30 18:53:34,325 search-job-handler [INFO] Search task succeeded.
2026-01-30 18:53:34,325 search-job-handler [INFO] Search task succeeded.
2026-01-30 18:53:34,325 search-job-handler [INFO] Search task succeeded.
2026-01-30 18:53:34,325 search-job-handler [INFO] Search task succeeded.
2026-01-30 18:53:34,325 search-job-handler [INFO] Search task succeeded.
2026-01-30 18:53:34,325 search-job-handler [INFO] Search task succeeded.
2026-01-30 18:53:34,325 search-job-handler [INFO] Search task succeeded.
2026-01-30 18:53:34,325 search-job-handler [INFO] Search task succeeded.
2026-01-30 18:53:34,325 search-job-handler [INFO] Search task succeeded.
2026-01-30 18:53:34,325 search-job-handler [INFO] Search task succeeded.
2026-01-30 18:53:34,325 search-job-handler [INFO] Search task succeeded.
2026-01-30 18:53:34,325 search-job-handler [INFO] Search task succeeded.
2026-01-30 18:53:34,325 search-job-handler [INFO] Search task succeeded.
2026-01-30 18:53:34,325 search-job-handler [INFO] Search task succeeded.
2026-01-30 18:53:34,325 search-job-handler [INFO] Search task succeeded.
2026-01-30 18:53:34,325 search-job-handler [INFO] Search task succeeded.
2026-01-30 18:53:34,325 search-job-handler [INFO] Search task succeeded.
2026-01-30 18:53:34,326 search-job-handler [INFO] Search task succeeded.
2026-01-30 18:53:34,326 search-job-handler [INFO] Search task succeeded.
2026-01-30 18:53:34,326 search-job-handler [INFO] Search task succeeded.
2026-01-30 18:53:34,326 search-job-handler [INFO] Search task succeeded.
2026-01-30 18:53:34,326 search-job-handler [INFO] Search task succeeded.
2026-01-30 18:53:34,326 search-job-handler [INFO] Search task succeeded.
2026-01-30 18:53:34,326 search-job-handler [INFO] Search task succeeded.
2026-01-30 18:53:34,326 search-job-handler [INFO] Search task succeeded.
2026-01-30 18:53:34,326 search-job-handler [INFO] Search task succeeded.
2026-01-30 18:53:34,326 search-job-handler [INFO] Search task succeeded.
2026-01-30 18:53:34,326 search-job-handler [INFO] Search task succeeded.
2026-01-30 18:53:34,326 search-job-handler [INFO] Search task succeeded.
2026-01-30 18:53:34,326 search-job-handler [INFO] Search task succeeded.
2026-01-30 18:53:34,326 search-job-handler [INFO] Search task succeeded.
2026-01-30 18:53:34,326 search-job-handler [INFO] Search task succeeded.
2026-01-30 18:53:34,326 search-job-handler [INFO] Search task succeeded.
2026-01-30 18:53:34,327 search-job-handler [INFO] Search task succeeded.
2026-01-30 18:53:34,327 search-job-handler [INFO] Search task succeeded.
2026-01-30 18:53:34,327 search-job-handler [INFO] Search task succeeded.
2026-01-30 18:53:34,327 search-job-handler [INFO] Search task succeeded.
2026-01-30 18:53:34,327 search-job-handler [INFO] Search task succeeded.
2026-01-30 18:53:34,327 search-job-handler [INFO] Search task succeeded.
2026-01-30 18:53:34,327 search-job-handler [INFO] Search task succeeded.
2026-01-30 18:53:34,327 search-job-handler [INFO] Search task succeeded.
2026-01-30 18:53:34,327 search-job-handler [INFO] Search task succeeded.
2026-01-30 18:53:34,327 search-job-handler [INFO] Search task succeeded.
2026-01-30 18:53:34,327 search-job-handler [INFO] Search task succeeded.
2026-01-30 18:53:34,327 search-job-handler [INFO] Search task succeeded.
2026-01-30 18:53:34,327 search-job-handler [INFO] Search task succeeded.
2026-01-30 18:53:34,327 search-job-handler [INFO] Search task succeeded.
2026-01-30 18:53:34,327 search-job-handler [INFO] Search task succeeded.
2026-01-30 18:53:34,327 search-job-handler [INFO] Search task succeeded.
2026-01-30 18:53:34,327 search-job-handler [INFO] Search task succeeded.
2026-01-30 18:53:34,328 search-job-handler [INFO] Search task succeeded.
2026-01-30 18:53:34,328 search-job-handler [INFO] Search task succeeded.
2026-01-30 18:53:34,328 search-job-handler [INFO] Search task succeeded.
2026-01-30 18:53:34,328 search-job-handler [INFO] Search task succeeded.
2026-01-30 18:53:34,328 search-job-handler [INFO] Search task succeeded.
2026-01-30 18:53:34,328 search-job-handler [INFO] Search task succeeded.
2026-01-30 18:53:34,328 search-job-handler [INFO] Search task succeeded.
2026-01-30 18:53:34,328 search-job-handler [INFO] Search task succeeded.
2026-01-30 18:53:34,328 search-job-handler [INFO] Search task succeeded.
2026-01-30 18:53:34,328 search-job-handler [INFO] Search task succeeded.
2026-01-30 18:53:34,328 search-job-handler [INFO] Search task succeeded.
2026-01-30 18:53:34,328 search-job-handler [INFO] Search task succeeded.
2026-01-30 18:53:34,328 search-job-handler [INFO] Search task succeeded.
2026-01-30 18:53:34,328 search-job-handler [INFO] Search task succeeded.
2026-01-30 18:53:34,328 search-job-handler [INFO] Search task succeeded.
2026-01-30 18:53:34,328 search-job-handler [INFO] Search task succeeded.
2026-01-30 18:53:34,328 search-job-handler [INFO] Search task succeeded.
2026-01-30 18:53:34,329 search-job-handler [INFO] Search task succeeded.
2026-01-30 18:53:34,329 search-job-handler [INFO] Search task succeeded.
2026-01-30 18:53:34,329 search-job-handler [INFO] Search task succeeded.
2026-01-30 18:53:34,329 search-job-handler [INFO] Search task succeeded.
2026-01-30 18:53:34,329 search-job-handler [INFO] Search task succeeded.
2026-01-30 18:53:34,329 search-job-handler [INFO] Search task succeeded.
2026-01-30 18:53:34,329 search-job-handler [INFO] Search task succeeded.
2026-01-30 18:53:34,329 search-job-handler [INFO] Search task succeeded.
2026-01-30 18:53:34,329 search-job-handler [INFO] Search task succeeded.
2026-01-30 18:53:34,329 search-job-handler [INFO] Search task succeeded.
2026-01-30 18:53:34,329 search-job-handler [INFO] Search task succeeded.
2026-01-30 18:53:34,329 search-job-handler [INFO] Search task succeeded.
2026-01-30 18:53:34,329 search-job-handler [INFO] Search task succeeded.
2026-01-30 18:53:34,329 search-job-handler [INFO] Search task succeeded.
2026-01-30 18:53:34,329 search-job-handler [INFO] Search task succeeded.
2026-01-30 18:53:34,329 search-job-handler [INFO] Search task succeeded.
2026-01-30 18:53:34,330 search-job-handler [INFO] Search task succeeded.
2026-01-30 18:53:34,330 search-job-handler [INFO] Search task succeeded.
2026-01-30 18:53:34,330 search-job-handler [INFO] Search task succeeded.
2026-01-30 18:53:34,330 search-job-handler [INFO] Search task succeeded.
2026-01-30 18:53:34,330 search-job-handler [INFO] Search task succeeded.
2026-01-30 18:53:34,330 search-job-handler [INFO] Search task succeeded.
2026-01-30 18:53:34,330 search-job-handler [INFO] Search task succeeded.
2026-01-30 18:53:34,330 search-job-handler [INFO] Search task succeeded.
2026-01-30 18:53:34,330 search-job-handler [INFO] Search task succeeded.
2026-01-30 18:53:34,330 search-job-handler [INFO] Search task succeeded.
2026-01-30 18:53:34,330 search-job-handler [INFO] Search task succeeded.
2026-01-30 18:53:34,330 search-job-handler [INFO] Search task succeeded.
2026-01-30 18:53:34,330 search-job-handler [INFO] Search task succeeded.
2026-01-30 18:53:34,330 search-job-handler [INFO] Search task succeeded.
2026-01-30 18:53:34,330 search-job-handler [INFO] Search task succeeded.
2026-01-30 18:53:34,330 search-job-handler [INFO] Search task succeeded.
2026-01-30 18:53:34,330 search-job-handler [INFO] Search task succeeded.
2026-01-30 18:53:34,331 search-job-handler [INFO] Search task succeeded.
2026-01-30 18:53:34,331 search-job-handler [INFO] Search task succeeded.
2026-01-30 18:53:34,331 search-job-handler [INFO] Search task succeeded.
2026-01-30 18:53:34,331 search-job-handler [INFO] Search task succeeded.
2026-01-30 18:53:34,331 search-job-handler [INFO] Search task succeeded.
2026-01-30 18:53:34,331 search-job-handler [INFO] Search task succeeded.
2026-01-30 18:53:34,331 search-job-handler [INFO] Search task succeeded.
2026-01-30 18:53:34,331 search-job-handler [INFO] Search task succeeded.
2026-01-30 18:53:34,331 search-job-handler [INFO] Search task succeeded.
2026-01-30 18:53:34,331 search-job-handler [INFO] Search task succeeded.
2026-01-30 18:53:34,331 search-job-handler [INFO] Search task succeeded.
2026-01-30 18:53:34,331 search-job-handler [INFO] Search task succeeded.
2026-01-30 18:53:34,331 search-job-handler [INFO] Search task succeeded.
2026-01-30 18:53:34,331 search-job-handler [INFO] Search task succeeded.
2026-01-30 18:53:34,331 search-job-handler [INFO] Search task succeeded.
2026-01-30 18:53:34,331 search-job-handler [INFO] Search task succeeded.
2026-01-30 18:53:34,331 search-job-handler [INFO] Search task succeeded.
2026-01-30 18:53:34,332 search-job-handler [INFO] Search task succeeded.
2026-01-30 18:53:34,332 search-job-handler [INFO] Search task succeeded.
2026-01-30 18:53:34,332 search-job-handler [INFO] Search task succeeded.
2026-01-30 18:53:34,332 search-job-handler [INFO] Search task succeeded.
2026-01-30 18:53:34,332 search-job-handler [INFO] Search task succeeded.
2026-01-30 18:53:34,332 search-job-handler [INFO] Search task succeeded.
2026-01-30 18:53:34,332 search-job-handler [INFO] Search task succeeded.
2026-01-30 18:53:34,332 search-job-handler [INFO] Search task succeeded.
2026-01-30 18:53:34,332 search-job-handler [INFO] Search task succeeded.
2026-01-30 18:53:34,332 search-job-handler [INFO] Search task succeeded.
2026-01-30 18:53:34,332 search-job-handler [INFO] Search task succeeded.
2026-01-30 18:53:34,332 search-job-handler [INFO] Search task succeeded.
2026-01-30 18:53:34,332 search-job-handler [INFO] Search task succeeded.
2026-01-30 18:53:34,332 search-job-handler [INFO] Search task succeeded.
2026-01-30 18:53:34,332 search-job-handler [INFO] Search task succeeded.
2026-01-30 18:53:34,332 search-job-handler [INFO] Search task succeeded.
2026-01-30 18:53:34,332 search-job-handler [INFO] Search task succeeded.
2026-01-30 18:53:34,333 search-job-handler [INFO] Search task succeeded.
2026-01-30 18:53:34,333 search-job-handler [INFO] Search task succeeded.
2026-01-30 18:53:34,333 search-job-handler [INFO] Search task succeeded.
2026-01-30 18:53:34,333 search-job-handler [INFO] Search task succeeded.
2026-01-30 18:53:34,333 search-job-handler [INFO] Search task succeeded.
2026-01-30 18:53:34,333 search-job-handler [INFO] Search task succeeded.
2026-01-30 18:53:34,333 search-job-handler [INFO] Search task succeeded.
2026-01-30 18:53:34,333 search-job-handler [INFO] Search task succeeded.
2026-01-30 18:53:34,333 search-job-handler [INFO] Search task succeeded.
2026-01-30 18:53:34,333 search-job-handler [INFO] Search task succeeded.
2026-01-30 18:53:34,333 search-job-handler [INFO] Search task succeeded.
2026-01-30 18:53:34,333 search-job-handler [INFO] Search task succeeded.
2026-01-30 18:53:34,333 search-job-handler [INFO] Search task succeeded.
2026-01-30 18:53:34,333 search-job-handler [INFO] Search task succeeded.
2026-01-30 18:53:34,333 search-job-handler [INFO] Search task succeeded.
2026-01-30 18:53:34,333 search-job-handler [INFO] Search task succeeded.
2026-01-30 18:53:34,334 search-job-handler [INFO] Search task succeeded.
2026-01-30 18:53:34,334 search-job-handler [INFO] Search task succeeded.
2026-01-30 18:53:34,334 search-job-handler [INFO] Search task succeeded.
2026-01-30 18:53:34,334 search-job-handler [INFO] Search task succeeded.
2026-01-30 18:53:34,334 search-job-handler [INFO] Search task succeeded.
2026-01-30 18:53:34,334 search-job-handler [INFO] Search task succeeded.
2026-01-30 18:53:34,334 search-job-handler [INFO] Search task succeeded.
2026-01-30 18:53:34,334 search-job-handler [INFO] Search task succeeded.
2026-01-30 18:53:34,334 search-job-handler [INFO] Search task succeeded.
2026-01-30 18:53:34,334 search-job-handler [INFO] Search task succeeded.
2026-01-30 18:53:34,334 search-job-handler [INFO] Search task succeeded.
2026-01-30 18:53:34,334 search-job-handler [INFO] Search task succeeded.
2026-01-30 18:53:34,334 search-job-handler [INFO] Search task succeeded.
2026-01-30 18:53:34,334 search-job-handler [INFO] Search task succeeded.
2026-01-30 18:53:34,334 search-job-handler [INFO] Search task succeeded.
2026-01-30 18:53:34,334 search-job-handler [INFO] Search task succeeded.
2026-01-30 18:53:34,334 search-job-handler [INFO] Search task succeeded.
2026-01-30 18:53:34,335 search-job-handler [INFO] Search task succeeded.
2026-01-30 18:53:34,335 search-job-handler [INFO] Search task succeeded.
2026-01-30 18:53:34,335 search-job-handler [INFO] Search task succeeded.
2026-01-30 18:53:34,335 search-job-handler [INFO] Search task succeeded.
2026-01-30 18:53:34,335 search-job-handler [INFO] Search task succeeded.
2026-01-30 18:53:34,335 search-job-handler [INFO] Search task succeeded.
2026-01-30 18:53:34,335 search-job-handler [INFO] Search task succeeded.
2026-01-30 18:53:34,335 search-job-handler [INFO] Search task succeeded.
2026-01-30 18:53:34,335 search-job-handler [INFO] Search task succeeded.
2026-01-30 18:53:34,335 search-job-handler [INFO] Search task succeeded.
2026-01-30 18:53:34,335 search-job-handler [INFO] Search task succeeded.
2026-01-30 18:53:34,335 search-job-handler [INFO] Search task succeeded.
2026-01-30 18:53:34,335 search-job-handler [INFO] Search task succeeded.
2026-01-30 18:53:34,335 search-job-handler [INFO] Search task succeeded.
2026-01-30 18:53:34,335 search-job-handler [INFO] Search task succeeded.
2026-01-30 18:53:34,335 search-job-handler [INFO] Search task succeeded.
2026-01-30 18:53:34,335 search-job-handler [INFO] Search task succeeded.
2026-01-30 18:53:34,336 search-job-handler [INFO] Search task succeeded.
2026-01-30 18:53:34,336 search-job-handler [INFO] Search task succeeded.
2026-01-30 18:53:34,336 search-job-handler [INFO] Search task succeeded.
2026-01-30 18:53:34,336 search-job-handler [INFO] Search task succeeded.
2026-01-30 18:53:34,336 search-job-handler [INFO] Search task succeeded.
2026-01-30 18:53:34,336 search-job-handler [INFO] Search task succeeded.
2026-01-30 18:53:34,336 search-job-handler [INFO] Search task succeeded.
2026-01-30 18:53:34,336 search-job-handler [INFO] Search task succeeded.
2026-01-30 18:53:34,336 search-job-handler [INFO] Search task succeeded.
2026-01-30 18:53:34,336 search-job-handler [INFO] Search task succeeded.
2026-01-30 18:53:34,336 search-job-handler [INFO] Search task succeeded.
2026-01-30 18:53:34,336 search-job-handler [INFO] Search task succeeded.
2026-01-30 18:53:34,336 search-job-handler [INFO] Search task succeeded.
2026-01-30 18:53:34,336 search-job-handler [INFO] Search task succeeded.
2026-01-30 18:53:34,336 search-job-handler [INFO] Search task succeeded.
2026-01-30 18:53:34,336 search-job-handler [INFO] Search task succeeded.
2026-01-30 18:53:34,336 search-job-handler [INFO] Search task succeeded.
2026-01-30 18:53:34,337 search-job-handler [INFO] Search task succeeded.
2026-01-30 18:53:34,337 search-job-handler [INFO] Search task succeeded.
2026-01-30 18:53:34,337 search-job-handler [INFO] Search task succeeded.
2026-01-30 18:53:34,337 search-job-handler [INFO] Search task succeeded.
2026-01-30 18:53:34,337 search-job-handler [INFO] Search task succeeded.
2026-01-30 18:53:34,337 search-job-handler [INFO] Search task succeeded.
2026-01-30 18:53:34,337 search-job-handler [INFO] Search task succeeded.
2026-01-30 18:53:34,337 search-job-handler [INFO] Search task succeeded.
2026-01-30 18:53:34,337 search-job-handler [INFO] Search task succeeded.
2026-01-30 18:53:34,337 search-job-handler [INFO] Search task succeeded.
2026-01-30 18:53:34,337 search-job-handler [INFO] Search task succeeded.
2026-01-30 18:53:34,337 search-job-handler [INFO] Search task succeeded.
2026-01-30 18:53:34,337 search-job-handler [INFO] Search task succeeded.
2026-01-30 18:53:34,337 search-job-handler [INFO] Search task succeeded.
2026-01-30 18:53:34,337 search-job-handler [INFO] Search task succeeded.
2026-01-30 18:53:34,337 search-job-handler [INFO] Search task succeeded.
2026-01-30 18:53:34,337 search-job-handler [INFO] Search task succeeded.
2026-01-30 18:53:34,338 search-job-handler [INFO] Search task succeeded.
2026-01-30 18:53:34,338 search-job-handler [INFO] Search task succeeded.
2026-01-30 18:53:34,338 search-job-handler [INFO] Search task succeeded.
2026-01-30 18:53:34,338 search-job-handler [INFO] Search task succeeded.
2026-01-30 18:53:34,338 search-job-handler [INFO] Search task succeeded.
2026-01-30 18:53:34,338 search-job-handler [INFO] Search task succeeded.
2026-01-30 18:53:34,338 search-job-handler [INFO] Search task succeeded.
2026-01-30 18:53:34,338 search-job-handler [INFO] Search task succeeded.
2026-01-30 18:53:34,338 search-job-handler [INFO] Search task succeeded.
2026-01-30 18:53:34,338 search-job-handler [INFO] Search task succeeded.
2026-01-30 18:53:34,338 search-job-handler [INFO] Search task succeeded.
2026-01-30 18:53:34,338 search-job-handler [INFO] Search task succeeded.
2026-01-30 18:53:34,338 search-job-handler [INFO] Search task succeeded.
2026-01-30 18:53:34,338 search-job-handler [INFO] Search task succeeded.
2026-01-30 18:53:34,338 search-job-handler [INFO] Search task succeeded.
2026-01-30 18:53:34,338 search-job-handler [INFO] Search task succeeded.
2026-01-30 18:53:34,338 search-job-handler [INFO] Search task succeeded.
2026-01-30 18:53:34,339 search-job-handler [INFO] Search task succeeded.
2026-01-30 18:53:34,339 search-job-handler [INFO] Search task succeeded.
2026-01-30 18:53:34,339 search-job-handler [INFO] Search task succeeded.
2026-01-30 18:53:34,339 search-job-handler [INFO] Search task succeeded.
2026-01-30 18:53:34,339 search-job-handler [INFO] Search task succeeded.
2026-01-30 18:53:34,339 search-job-handler [INFO] Search task succeeded.
2026-01-30 18:53:34,339 search-job-handler [INFO] Search task succeeded.
2026-01-30 18:53:34,339 search-job-handler [INFO] Search task succeeded.
2026-01-30 18:53:34,339 search-job-handler [INFO] Search task succeeded.
2026-01-30 18:53:34,339 search-job-handler [INFO] Search task succeeded.
2026-01-30 18:53:34,339 search-job-handler [INFO] Search task succeeded.
2026-01-30 18:53:34,339 search-job-handler [INFO] Search task succeeded.
2026-01-30 18:53:34,339 search-job-handler [INFO] Search task succeeded.
2026-01-30 18:53:34,339 search-job-handler [INFO] Search task succeeded.
2026-01-30 18:53:34,339 search-job-handler [INFO] Search task succeeded.
2026-01-30 18:53:34,339 search-job-handler [INFO] Search task succeeded.
2026-01-30 18:53:34,339 search-job-handler [INFO] Search task succeeded.
2026-01-30 18:53:34,340 search-job-handler [INFO] Search task succeeded.
2026-01-30 18:53:34,340 search-job-handler [INFO] Search task succeeded.
2026-01-30 18:53:34,340 search-job-handler [INFO] Search task succeeded.
2026-01-30 18:53:34,340 search-job-handler [INFO] Search task succeeded.
2026-01-30 18:53:34,340 search-job-handler [INFO] Search task succeeded.
2026-01-30 18:53:34,340 search-job-handler [INFO] Search task succeeded.
2026-01-30 18:53:34,340 search-job-handler [INFO] Search task succeeded.
2026-01-30 18:53:34,340 search-job-handler [INFO] Search task succeeded.
2026-01-30 18:53:34,340 search-job-handler [INFO] Search task succeeded.
2026-01-30 18:53:34,340 search-job-handler [INFO] Search task succeeded.
2026-01-30 18:53:34,340 search-job-handler [INFO] Search task succeeded.
2026-01-30 18:53:34,340 search-job-handler [INFO] Search task succeeded.
2026-01-30 18:53:34,340 search-job-handler [INFO] Search task succeeded.
2026-01-30 18:53:34,340 search-job-handler [INFO] Search task succeeded.
2026-01-30 18:53:34,340 search-job-handler [INFO] Search task succeeded.
2026-01-30 18:53:34,340 search-job-handler [INFO] Search task succeeded.
2026-01-30 18:53:34,340 search-job-handler [INFO] Search task succeeded.
2026-01-30 18:53:34,341 search-job-handler [INFO] Search task succeeded.
2026-01-30 18:53:34,341 search-job-handler [INFO] Search task succeeded.
2026-01-30 18:53:34,341 search-job-handler [INFO] Search task succeeded.
2026-01-30 18:53:34,341 search-job-handler [INFO] Search task succeeded.
2026-01-30 18:53:34,341 search-job-handler [INFO] Search task succeeded.
2026-01-30 18:53:34,341 search-job-handler [INFO] Search task succeeded.
2026-01-30 18:53:34,341 search-job-handler [INFO] Search task succeeded.
2026-01-30 18:53:34,341 search-job-handler [INFO] Search task succeeded.
2026-01-30 18:53:34,341 search-job-handler [INFO] Search task succeeded.
2026-01-30 18:53:34,341 search-job-handler [INFO] Search task succeeded.
2026-01-30 18:53:34,341 search-job-handler [INFO] Search task succeeded.
2026-01-30 18:53:34,341 search-job-handler [INFO] Search task succeeded.
2026-01-30 18:53:34,341 search-job-handler [INFO] Search task succeeded.
2026-01-30 18:53:34,341 search-job-handler [INFO] Search task succeeded.
2026-01-30 18:53:34,341 search-job-handler [INFO] Search task succeeded.
2026-01-30 18:53:34,341 search-job-handler [INFO] Search task succeeded.
2026-01-30 18:53:34,341 search-job-handler [INFO] Search task succeeded.
2026-01-30 18:53:34,341 search-job-handler [INFO] Search task succeeded.
2026-01-30 18:53:34,342 search-job-handler [INFO] Search task succeeded.
2026-01-30 18:53:34,342 search-job-handler [INFO] Search task succeeded.
2026-01-30 18:53:34,342 search-job-handler [INFO] Search task succeeded.
2026-01-30 18:53:34,342 search-job-handler [INFO] Search task succeeded.
2026-01-30 18:53:34,342 search-job-handler [INFO] Search task succeeded.
2026-01-30 18:53:34,342 search-job-handler [INFO] Search task succeeded.
2026-01-30 18:53:34,342 search-job-handler [INFO] Search task succeeded.
2026-01-30 18:53:34,342 search-job-handler [INFO] Search task succeeded.
2026-01-30 18:53:34,342 search-job-handler [INFO] Search task succeeded.
2026-01-30 18:53:34,342 search-job-handler [INFO] Search task succeeded.
2026-01-30 18:53:34,342 search-job-handler [INFO] Search task succeeded.
2026-01-30 18:53:34,342 search-job-handler [INFO] Search task succeeded.
2026-01-30 18:53:34,342 search-job-handler [INFO] Search task succeeded.
2026-01-30 18:53:34,342 search-job-handler [INFO] Search task succeeded.
2026-01-30 18:53:34,342 search-job-handler [INFO] Search task succeeded.
2026-01-30 18:53:34,342 search-job-handler [INFO] Search task succeeded.
2026-01-30 18:53:34,342 search-job-handler [INFO] Search task succeeded.
2026-01-30 18:53:34,343 search-job-handler [INFO] Search task succeeded.
2026-01-30 18:53:34,343 search-job-handler [INFO] Search task succeeded.
2026-01-30 18:53:34,343 search-job-handler [INFO] Search task succeeded.
2026-01-30 18:53:34,343 search-job-handler [INFO] Search task succeeded.
2026-01-30 18:53:34,343 search-job-handler [INFO] Search task succeeded.
2026-01-30 18:53:34,343 search-job-handler [INFO] Search task succeeded.
2026-01-30 18:53:34,343 search-job-handler [INFO] Search task succeeded.
2026-01-30 18:53:34,343 search-job-handler [INFO] Search task succeeded.
2026-01-30 18:53:34,343 search-job-handler [INFO] Search task succeeded.
2026-01-30 18:53:34,343 search-job-handler [INFO] Search task succeeded.
2026-01-30 18:53:34,343 search-job-handler [INFO] Search task succeeded.
2026-01-30 18:53:34,343 search-job-handler [INFO] Search task succeeded.
2026-01-30 18:53:34,343 search-job-handler [INFO] Search task succeeded.
2026-01-30 18:53:34,343 search-job-handler [INFO] Search task succeeded.
2026-01-30 18:53:34,343 search-job-handler [INFO] Search task succeeded.
2026-01-30 18:53:34,343 search-job-handler [INFO] Search task succeeded.
2026-01-30 18:53:34,343 search-job-handler [INFO] Search task succeeded.
2026-01-30 18:53:34,344 search-job-handler [INFO] Search task succeeded.
2026-01-30 18:53:34,344 search-job-handler [INFO] Search task succeeded.
2026-01-30 18:53:34,344 search-job-handler [INFO] Search task succeeded.
2026-01-30 18:53:34,344 search-job-handler [INFO] Search task succeeded.
2026-01-30 18:53:34,344 search-job-handler [INFO] Search task succeeded.
2026-01-30 18:53:34,344 search-job-handler [INFO] Search task succeeded.
2026-01-30 18:53:34,344 search-job-handler [INFO] Search task succeeded.
2026-01-30 18:53:34,344 search-job-handler [INFO] Search task succeeded.
2026-01-30 18:53:34,344 search-job-handler [INFO] Search task succeeded.
2026-01-30 18:53:34,344 search-job-handler [INFO] Search task succeeded.
2026-01-30 18:53:34,344 search-job-handler [INFO] Search task succeeded.
2026-01-30 18:53:34,344 search-job-handler [INFO] Search task succeeded.
2026-01-30 18:53:34,344 search-job-handler [INFO] Search task succeeded.
2026-01-30 18:53:34,344 search-job-handler [INFO] Search task succeeded.
2026-01-30 18:53:34,344 search-job-handler [INFO] Search task succeeded.
2026-01-30 18:53:34,344 search-job-handler [INFO] Search task succeeded.
2026-01-30 18:53:34,344 search-job-handler [INFO] Search task succeeded.
2026-01-30 18:53:34,344 search-job-handler [INFO] Search task succeeded.
2026-01-30 18:53:34,345 search-job-handler [INFO] Search task succeeded.
2026-01-30 18:53:34,345 search-job-handler [INFO] Search task succeeded.
2026-01-30 18:53:34,345 search-job-handler [INFO] Search task succeeded.
2026-01-30 18:53:34,345 search-job-handler [INFO] Search task succeeded.
2026-01-30 18:53:34,345 search-job-handler [INFO] Search task succeeded.
2026-01-30 18:53:34,345 search-job-handler [INFO] Search task succeeded.
2026-01-30 18:53:34,345 search-job-handler [INFO] Search task succeeded.
2026-01-30 18:53:34,345 search-job-handler [INFO] Search task succeeded.
2026-01-30 18:53:34,345 search-job-handler [INFO] Search task succeeded.
2026-01-30 18:53:34,345 search-job-handler [INFO] Search task succeeded.
2026-01-30 18:53:34,345 search-job-handler [INFO] Search task succeeded.
2026-01-30 18:53:34,345 search-job-handler [INFO] Search task succeeded.
2026-01-30 18:53:34,345 search-job-handler [INFO] Search task succeeded.
2026-01-30 18:53:34,345 search-job-handler [INFO] Search task succeeded.
2026-01-30 18:53:34,345 search-job-handler [INFO] Search task succeeded.
2026-01-30 18:53:34,345 search-job-handler [INFO] Search task succeeded.
2026-01-30 18:53:34,345 search-job-handler [INFO] Search task succeeded.
2026-01-30 18:53:34,346 search-job-handler [INFO] Search task succeeded.
2026-01-30 18:53:34,346 search-job-handler [INFO] Search task succeeded.
2026-01-30 18:53:34,346 search-job-handler [INFO] Search task succeeded.
2026-01-30 18:53:34,346 search-job-handler [INFO] Search task succeeded.
2026-01-30 18:53:34,346 search-job-handler [INFO] Search task succeeded.
2026-01-30 18:53:34,346 search-job-handler [INFO] Search task succeeded.
2026-01-30 18:53:34,346 search-job-handler [INFO] Search task succeeded.
2026-01-30 18:53:34,346 search-job-handler [INFO] Search task succeeded.
2026-01-30 18:53:34,346 search-job-handler [INFO] Search task succeeded.
2026-01-30 18:53:34,346 search-job-handler [INFO] Search task succeeded.
2026-01-30 18:53:34,346 search-job-handler [INFO] Search task succeeded.
2026-01-30 18:53:34,346 search-job-handler [INFO] Search task succeeded.
2026-01-30 18:53:34,346 search-job-handler [INFO] Search task succeeded.
2026-01-30 18:53:34,346 search-job-handler [INFO] Search task succeeded.
2026-01-30 18:53:34,346 search-job-handler [INFO] Search task succeeded.
2026-01-30 18:53:34,346 search-job-handler [INFO] Search task succeeded.
2026-01-30 18:53:34,346 search-job-handler [INFO] Search task succeeded.
2026-01-30 18:53:34,346 search-job-handler [INFO] Search task succeeded.
2026-01-30 18:53:34,347 search-job-handler [INFO] Search task succeeded.
2026-01-30 18:53:34,347 search-job-handler [INFO] Search task succeeded.
2026-01-30 18:53:34,347 search-job-handler [INFO] Search task succeeded.
2026-01-30 18:53:34,347 search-job-handler [INFO] Search task succeeded.
2026-01-30 18:53:34,347 search-job-handler [INFO] Search task succeeded.
2026-01-30 18:53:34,347 search-job-handler [INFO] Search task succeeded.
2026-01-30 18:53:34,347 search-job-handler [INFO] Search task succeeded.
2026-01-30 18:53:34,347 search-job-handler [INFO] Search task succeeded.
2026-01-30 18:53:34,347 search-job-handler [INFO] Search task succeeded.
2026-01-30 18:53:34,347 search-job-handler [INFO] Search task succeeded.
2026-01-30 18:53:34,347 search-job-handler [INFO] Search task succeeded.
2026-01-30 18:53:34,347 search-job-handler [INFO] Search task succeeded.
2026-01-30 18:53:34,347 search-job-handler [INFO] Search task succeeded.
2026-01-30 18:53:34,347 search-job-handler [INFO] Search task succeeded.
2026-01-30 18:53:34,347 search-job-handler [INFO] Search task succeeded.
2026-01-30 18:53:34,347 search-job-handler [INFO] Search task succeeded.
2026-01-30 18:53:34,348 search-job-handler [INFO] Search task succeeded.
2026-01-30 18:53:34,348 search-job-handler [INFO] Search task succeeded.
2026-01-30 18:53:34,348 search-job-handler [INFO] Search task succeeded.
2026-01-30 18:53:34,348 search-job-handler [INFO] Search task succeeded.
2026-01-30 18:53:34,348 search-job-handler [INFO] Search task succeeded.
2026-01-30 18:53:34,348 search-job-handler [INFO] Search task succeeded.
2026-01-30 18:53:34,348 search-job-handler [INFO] Search task succeeded.
2026-01-30 18:53:34,348 search-job-handler [INFO] Search task succeeded.
2026-01-30 18:53:34,348 search-job-handler [INFO] Search task succeeded.
2026-01-30 18:53:34,348 search-job-handler [INFO] Search task succeeded.
2026-01-30 18:53:34,348 search-job-handler [INFO] Search task succeeded.
2026-01-30 18:53:34,348 search-job-handler [INFO] Search task succeeded.
2026-01-30 18:53:34,348 search-job-handler [INFO] Search task succeeded.
2026-01-30 18:53:34,348 search-job-handler [INFO] Search task succeeded.
2026-01-30 18:53:34,348 search-job-handler [INFO] Search task succeeded.
2026-01-30 18:53:34,348 search-job-handler [INFO] Search task succeeded.
2026-01-30 18:53:34,348 search-job-handler [INFO] Search task succeeded.
2026-01-30 18:53:34,348 search-job-handler [INFO] Search task succeeded.
2026-01-30 18:53:34,348 search-job-handler [INFO] Search task succeeded.
2026-01-30 18:53:34,349 search-job-handler [INFO] Search task succeeded.
2026-01-30 18:53:34,349 search-job-handler [INFO] Search task succeeded.
2026-01-30 18:53:34,349 search-job-handler [INFO] Search task succeeded.
2026-01-30 18:53:34,349 search-job-handler [INFO] Search task succeeded.
2026-01-30 18:53:34,349 search-job-handler [INFO] Search task succeeded.
2026-01-30 18:53:34,349 search-job-handler [INFO] Search task succeeded.
2026-01-30 18:53:34,349 search-job-handler [INFO] Search task succeeded.
2026-01-30 18:53:34,349 search-job-handler [INFO] Search task succeeded.
2026-01-30 18:53:34,349 search-job-handler [INFO] Search task succeeded.
2026-01-30 18:53:34,349 search-job-handler [INFO] Search task succeeded.
2026-01-30 18:53:34,349 search-job-handler [INFO] Search task succeeded.
2026-01-30 18:53:34,349 search-job-handler [INFO] Search task succeeded.
2026-01-30 18:53:34,349 search-job-handler [INFO] Search task succeeded.
2026-01-30 18:53:34,349 search-job-handler [INFO] Search task succeeded.
2026-01-30 18:53:34,349 search-job-handler [INFO] Search task succeeded.
2026-01-30 18:53:34,349 search-job-handler [INFO] Search task succeeded.
2026-01-30 18:53:34,349 search-job-handler [INFO] Search task succeeded.
2026-01-30 18:53:34,349 search-job-handler [INFO] Search task succeeded.
2026-01-30 18:53:34,350 search-job-handler [INFO] Search task succeeded.
2026-01-30 18:53:34,350 search-job-handler [INFO] Search task succeeded.
2026-01-30 18:53:34,350 search-job-handler [INFO] Search task succeeded.
2026-01-30 18:53:34,350 search-job-handler [INFO] Search task succeeded.
2026-01-30 18:53:34,350 search-job-handler [INFO] Search task succeeded.
2026-01-30 18:53:34,350 search-job-handler [INFO] Search task succeeded.
2026-01-30 18:53:34,350 search-job-handler [INFO] Search task succeeded.
2026-01-30 18:53:34,350 search-job-handler [INFO] Search task succeeded.
2026-01-30 18:53:34,350 search-job-handler [INFO] Search task succeeded.
2026-01-30 18:53:34,350 search-job-handler [INFO] Search task succeeded.
2026-01-30 18:53:34,350 search-job-handler [INFO] Search task succeeded.
2026-01-30 18:53:34,350 search-job-handler [INFO] Search task succeeded.
2026-01-30 18:53:34,350 search-job-handler [INFO] Search task succeeded.
2026-01-30 18:53:34,350 search-job-handler [INFO] Search task succeeded.
2026-01-30 18:53:34,350 search-job-handler [INFO] Search task succeeded.
2026-01-30 18:53:34,350 search-job-handler [INFO] Search task succeeded.
2026-01-30 18:53:34,350 search-job-handler [INFO] Search task succeeded.
2026-01-30 18:53:34,351 search-job-handler [INFO] Search task succeeded.
2026-01-30 18:53:34,351 search-job-handler [INFO] Search task succeeded.
2026-01-30 18:53:34,351 search-job-handler [INFO] Search task succeeded.
2026-01-30 18:53:34,351 search-job-handler [INFO] Search task succeeded.
2026-01-30 18:53:34,351 search-job-handler [INFO] Search task succeeded.
2026-01-30 18:53:34,351 search-job-handler [INFO] Search task succeeded.
2026-01-30 18:53:34,351 search-job-handler [INFO] Search task succeeded.
2026-01-30 18:53:34,351 search-job-handler [INFO] Search task succeeded.
2026-01-30 18:53:34,351 search-job-handler [INFO] Search task succeeded.
2026-01-30 18:53:34,351 search-job-handler [INFO] Search task succeeded.
2026-01-30 18:53:34,351 search-job-handler [INFO] Search task succeeded.
2026-01-30 18:53:34,351 search-job-handler [INFO] Search task succeeded.
2026-01-30 18:53:34,351 search-job-handler [INFO] Search task succeeded.
2026-01-30 18:53:34,351 search-job-handler [INFO] Search task succeeded.
2026-01-30 18:53:34,351 search-job-handler [INFO] Search task succeeded.
2026-01-30 18:53:34,351 search-job-handler [INFO] Search task succeeded.
2026-01-30 18:53:34,352 search-job-handler [INFO] Search task succeeded.
2026-01-30 18:53:34,352 search-job-handler [INFO] Search task succeeded.
2026-01-30 18:53:34,352 search-job-handler [INFO] Search task succeeded.
2026-01-30 18:53:34,352 search-job-handler [INFO] Search task succeeded.
2026-01-30 18:53:34,352 search-job-handler [INFO] Search task succeeded.
2026-01-30 18:53:34,352 search-job-handler [INFO] Search task succeeded.
2026-01-30 18:53:34,352 search-job-handler [INFO] Search task succeeded.
2026-01-30 18:53:34,352 search-job-handler [INFO] Search task succeeded.
2026-01-30 18:53:34,352 search-job-handler [INFO] Search task succeeded.
2026-01-30 18:53:34,352 search-job-handler [INFO] Search task succeeded.
2026-01-30 18:53:34,352 search-job-handler [INFO] Search task succeeded.
2026-01-30 18:53:34,352 search-job-handler [INFO] Search task succeeded.
2026-01-30 18:53:34,352 search-job-handler [INFO] Search task succeeded.
2026-01-30 18:53:34,352 search-job-handler [INFO] Search task succeeded.
2026-01-30 18:53:34,352 search-job-handler [INFO] Search task succeeded.
2026-01-30 18:53:34,352 search-job-handler [INFO] Search task succeeded.
2026-01-30 18:53:34,352 search-job-handler [INFO] Search task succeeded.
2026-01-30 18:53:34,352 search-job-handler [INFO] Search task succeeded.
2026-01-30 18:53:34,353 search-job-handler [INFO] Search task succeeded.
2026-01-30 18:53:34,353 search-job-handler [INFO] Search task succeeded.
2026-01-30 18:53:34,353 search-job-handler [INFO] Search task succeeded.
2026-01-30 18:53:34,353 search-job-handler [INFO] Search task succeeded.
2026-01-30 18:53:34,353 search-job-handler [INFO] Search task succeeded.
2026-01-30 18:53:34,353 search-job-handler [INFO] Search task succeeded.
2026-01-30 18:53:34,353 search-job-handler [INFO] Search task succeeded.
2026-01-30 18:53:34,353 search-job-handler [INFO] Search task succeeded.
2026-01-30 18:53:34,353 search-job-handler [INFO] Search task succeeded.
2026-01-30 18:53:34,353 search-job-handler [INFO] Search task succeeded.
2026-01-30 18:53:34,353 search-job-handler [INFO] Search task succeeded.
2026-01-30 18:53:34,353 search-job-handler [INFO] Search task succeeded.
2026-01-30 18:53:34,353 search-job-handler [INFO] Search task succeeded.
2026-01-30 18:53:34,353 search-job-handler [INFO] Search task succeeded.
2026-01-30 18:53:34,353 search-job-handler [INFO] Search task succeeded.
2026-01-30 18:53:34,353 search-job-handler [INFO] Search task succeeded.
2026-01-30 18:53:34,354 search-job-handler [INFO] Search task succeeded.
2026-01-30 18:53:34,354 search-job-handler [INFO] Search task succeeded.
2026-01-30 18:53:34,354 search-job-handler [INFO] Search task succeeded.
2026-01-30 18:53:34,354 search-job-handler [INFO] Search task succeeded.
2026-01-30 18:53:34,354 search-job-handler [INFO] Search task succeeded.
2026-01-30 18:53:34,354 search-job-handler [INFO] Search task succeeded.
2026-01-30 18:53:34,354 search-job-handler [INFO] Search task succeeded.
2026-01-30 18:53:34,354 search-job-handler [INFO] Search task succeeded.
2026-01-30 18:53:34,354 search-job-handler [INFO] Search task succeeded.
2026-01-30 18:53:34,354 search-job-handler [INFO] Search task succeeded.
2026-01-30 18:53:34,354 search-job-handler [INFO] Search task succeeded.
2026-01-30 18:53:34,354 search-job-handler [INFO] Search task succeeded.
2026-01-30 18:53:34,354 search-job-handler [INFO] Search task succeeded.
2026-01-30 18:53:34,354 search-job-handler [INFO] Search task succeeded.
2026-01-30 18:53:34,354 search-job-handler [INFO] Search task succeeded.
2026-01-30 18:53:34,354 search-job-handler [INFO] Search task succeeded.
2026-01-30 18:53:34,354 search-job-handler [INFO] Search task succeeded.
2026-01-30 18:53:34,354 search-job-handler [INFO] Search task succeeded.
2026-01-30 18:53:34,355 search-job-handler [INFO] Search task succeeded.
2026-01-30 18:53:34,355 search-job-handler [INFO] Search task succeeded.
2026-01-30 18:53:34,355 search-job-handler [INFO] Search task succeeded.
2026-01-30 18:53:34,355 search-job-handler [INFO] Search task succeeded.
2026-01-30 18:53:34,355 search-job-handler [INFO] Search task succeeded.
2026-01-30 18:53:34,355 search-job-handler [INFO] Search task succeeded.
2026-01-30 18:53:34,355 search-job-handler [INFO] Search task succeeded.
2026-01-30 18:53:34,355 search-job-handler [INFO] Search task succeeded.
2026-01-30 18:53:34,355 search-job-handler [INFO] Search task succeeded.
2026-01-30 18:53:34,355 search-job-handler [INFO] Search task succeeded.
2026-01-30 18:53:34,355 search-job-handler [INFO] Search task succeeded.
2026-01-30 18:53:34,355 search-job-handler [INFO] Search task succeeded.
2026-01-30 18:53:34,355 search-job-handler [INFO] Search task succeeded.
2026-01-30 18:53:34,355 search-job-handler [INFO] Search task succeeded.
2026-01-30 18:53:34,355 search-job-handler [INFO] Search task succeeded.
2026-01-30 18:53:34,355 search-job-handler [INFO] Search task succeeded.
2026-01-30 18:53:34,355 search-job-handler [INFO] Search task succeeded.
2026-01-30 18:53:34,356 search-job-handler [INFO] Search task succeeded.
2026-01-30 18:53:34,356 search-job-handler [INFO] Search task succeeded.
2026-01-30 18:53:34,356 search-job-handler [INFO] Search task succeeded.
2026-01-30 18:53:34,356 search-job-handler [INFO] Search task succeeded.
2026-01-30 18:53:34,356 search-job-handler [INFO] Search task succeeded.
2026-01-30 18:53:34,356 search-job-handler [INFO] Search task succeeded.
2026-01-30 18:53:34,356 search-job-handler [INFO] Search task succeeded.
2026-01-30 18:53:34,356 search-job-handler [INFO] Search task succeeded.
2026-01-30 18:53:34,356 search-job-handler [INFO] Search task succeeded.
2026-01-30 18:53:34,356 search-job-handler [INFO] Search task succeeded.
2026-01-30 18:53:34,356 search-job-handler [INFO] Search task succeeded.
2026-01-30 18:53:34,356 search-job-handler [INFO] Search task succeeded.
2026-01-30 18:53:34,356 search-job-handler [INFO] Search task succeeded.
2026-01-30 18:53:34,356 search-job-handler [INFO] Search task succeeded.
2026-01-30 18:53:34,356 search-job-handler [INFO] Search task succeeded.
2026-01-30 18:53:34,356 search-job-handler [INFO] Search task succeeded.
2026-01-30 18:53:34,356 search-job-handler [INFO] Search task succeeded.
2026-01-30 18:53:34,356 search-job-handler [INFO] Search task succeeded.
2026-01-30 18:53:34,356 search-job-handler [INFO] Search task succeeded.
2026-01-30 18:53:34,357 search-job-handler [INFO] Search task succeeded.
2026-01-30 18:53:34,357 search-job-handler [INFO] Search task succeeded.
2026-01-30 18:53:34,357 search-job-handler [INFO] Search task succeeded.
2026-01-30 18:53:34,357 search-job-handler [INFO] Search task succeeded.
2026-01-30 18:53:34,357 search-job-handler [INFO] Search task succeeded.
2026-01-30 18:53:34,357 search-job-handler [INFO] Search task succeeded.
2026-01-30 18:53:34,357 search-job-handler [INFO] Search task succeeded.
2026-01-30 18:53:34,357 search-job-handler [INFO] Search task succeeded.
2026-01-30 18:53:34,357 search-job-handler [INFO] Search task succeeded.
2026-01-30 18:53:34,357 search-job-handler [INFO] Search task succeeded.
2026-01-30 18:53:34,357 search-job-handler [INFO] Search task succeeded.
2026-01-30 18:53:34,357 search-job-handler [INFO] Search task succeeded.
2026-01-30 18:53:34,357 search-job-handler [INFO] Search task succeeded.
2026-01-30 18:53:34,357 search-job-handler [INFO] Search task succeeded.
2026-01-30 18:53:34,357 search-job-handler [INFO] Search task succeeded.
2026-01-30 18:53:34,357 search-job-handler [INFO] Search task succeeded.
2026-01-30 18:53:34,357 search-job-handler [INFO] Search task succeeded.
2026-01-30 18:53:34,357 search-job-handler [INFO] Search task succeeded.
2026-01-30 18:53:34,358 search-job-handler [INFO] Search task succeeded.
2026-01-30 18:53:34,358 search-job-handler [INFO] Search task succeeded.
2026-01-30 18:53:34,358 search-job-handler [INFO] Search task succeeded.
2026-01-30 18:53:34,358 search-job-handler [INFO] Search task succeeded.
2026-01-30 18:53:34,358 search-job-handler [INFO] Search task succeeded.
2026-01-30 18:53:34,358 search-job-handler [INFO] Search task succeeded.
2026-01-30 18:53:34,358 search-job-handler [INFO] Search task succeeded.
2026-01-30 18:53:34,358 search-job-handler [INFO] Search task succeeded.
2026-01-30 18:53:34,358 search-job-handler [INFO] Search task succeeded.
2026-01-30 18:53:34,358 search-job-handler [INFO] Search task succeeded.
2026-01-30 18:53:34,358 search-job-handler [INFO] Search task succeeded.
2026-01-30 18:53:34,358 search-job-handler [INFO] Search task succeeded.
2026-01-30 18:53:34,358 search-job-handler [INFO] Search task succeeded.
2026-01-30 18:53:34,358 search-job-handler [INFO] Search task succeeded.
2026-01-30 18:53:34,358 search-job-handler [INFO] Search task succeeded.
2026-01-30 18:53:34,358 search-job-handler [INFO] Search task succeeded.
2026-01-30 18:53:34,358 search-job-handler [INFO] Search task succeeded.
2026-01-30 18:53:34,358 search-job-handler [INFO] Search task succeeded.
2026-01-30 18:53:34,358 search-job-handler [INFO] Search task succeeded.
2026-01-30 18:53:34,359 search-job-handler [INFO] Search task succeeded.
2026-01-30 18:53:34,359 search-job-handler [INFO] Search task succeeded.
2026-01-30 18:53:34,359 search-job-handler [INFO] Search task succeeded.
2026-01-30 18:53:34,359 search-job-handler [INFO] Search task succeeded.
2026-01-30 18:53:34,359 search-job-handler [INFO] Search task succeeded.
2026-01-30 18:53:34,359 search-job-handler [INFO] Search task succeeded.
2026-01-30 18:53:34,359 search-job-handler [INFO] Search task succeeded.
2026-01-30 18:53:34,359 search-job-handler [INFO] Search task succeeded.
2026-01-30 18:53:34,359 search-job-handler [INFO] Search task succeeded.
2026-01-30 18:53:34,359 search-job-handler [INFO] Search task succeeded.
2026-01-30 18:53:34,359 search-job-handler [INFO] Search task succeeded.
2026-01-30 18:53:34,359 search-job-handler [INFO] Search task succeeded.
2026-01-30 18:53:34,359 search-job-handler [INFO] Search task succeeded.
2026-01-30 18:53:34,359 search-job-handler [INFO] Search task succeeded.
2026-01-30 18:53:34,359 search-job-handler [INFO] Search task succeeded.
2026-01-30 18:53:34,359 search-job-handler [INFO] Search task succeeded.
2026-01-30 18:53:34,359 search-job-handler [INFO] Search task succeeded.
2026-01-30 18:53:34,360 search-job-handler [INFO] Search task succeeded.
2026-01-30 18:53:34,360 search-job-handler [INFO] Search task succeeded.
2026-01-30 18:53:34,360 search-job-handler [INFO] Search task succeeded.
2026-01-30 18:53:34,360 search-job-handler [INFO] Search task succeeded.
2026-01-30 18:53:34,360 search-job-handler [INFO] Search task succeeded.
2026-01-30 18:53:34,360 search-job-handler [INFO] Search task succeeded.
2026-01-30 18:53:34,360 search-job-handler [INFO] Search task succeeded.
2026-01-30 18:53:34,360 search-job-handler [INFO] Search task succeeded.
2026-01-30 18:53:34,360 search-job-handler [INFO] Search task succeeded.
2026-01-30 18:53:34,360 search-job-handler [INFO] Search task succeeded.
2026-01-30 18:53:34,360 search-job-handler [INFO] Search task succeeded.
2026-01-30 18:53:34,360 search-job-handler [INFO] Search task succeeded.
2026-01-30 18:53:34,360 search-job-handler [INFO] Search task succeeded.
2026-01-30 18:53:34,360 search-job-handler [INFO] Search task succeeded.
2026-01-30 18:53:34,360 search-job-handler [INFO] Search task succeeded.
2026-01-30 18:53:34,360 search-job-handler [INFO] Search task succeeded.
2026-01-30 18:53:34,360 search-job-handler [INFO] Search task succeeded.
2026-01-30 18:53:34,360 search-job-handler [INFO] Search task succeeded.
2026-01-30 18:53:34,361 search-job-handler [INFO] Search task succeeded.
2026-01-30 18:53:34,361 search-job-handler [INFO] Search task succeeded.
2026-01-30 18:53:34,361 search-job-handler [INFO] Search task succeeded.
2026-01-30 18:53:34,361 search-job-handler [INFO] Search task succeeded.
2026-01-30 18:53:34,361 search-job-handler [INFO] Search task succeeded.
2026-01-30 18:53:34,361 search-job-handler [INFO] Search task succeeded.
2026-01-30 18:53:34,361 search-job-handler [INFO] Search task succeeded.
2026-01-30 18:53:34,361 search-job-handler [INFO] Search task succeeded.
2026-01-30 18:53:34,361 search-job-handler [INFO] Search task succeeded.
2026-01-30 18:53:34,361 search-job-handler [INFO] Search task succeeded.
2026-01-30 18:53:34,361 search-job-handler [INFO] Search task succeeded.
2026-01-30 18:53:34,361 search-job-handler [INFO] Search task succeeded.
2026-01-30 18:53:34,361 search-job-handler [INFO] Search task succeeded.
2026-01-30 18:53:34,361 search-job-handler [INFO] Search task succeeded.
2026-01-30 18:53:34,361 search-job-handler [INFO] Search task succeeded.
2026-01-30 18:53:34,361 search-job-handler [INFO] Search task succeeded.
2026-01-30 18:53:34,361 search-job-handler [INFO] Search task succeeded.
2026-01-30 18:53:34,361 search-job-handler [INFO] Search task succeeded.
2026-01-30 18:53:34,361 search-job-handler [INFO] Search task succeeded.
2026-01-30 18:53:34,362 search-job-handler [INFO] Search task succeeded.
2026-01-30 18:53:34,362 search-job-handler [INFO] Search task succeeded.
2026-01-30 18:53:34,362 search-job-handler [INFO] Search task succeeded.
2026-01-30 18:53:34,362 search-job-handler [INFO] Search task succeeded.
2026-01-30 18:53:34,362 search-job-handler [INFO] Search task succeeded.
2026-01-30 18:53:34,362 search-job-handler [INFO] Search task succeeded.
2026-01-30 18:53:34,362 search-job-handler [INFO] Search task succeeded.
2026-01-30 18:53:34,362 search-job-handler [INFO] Search task succeeded.
2026-01-30 18:53:34,362 search-job-handler [INFO] Search task succeeded.
2026-01-30 18:53:34,362 search-job-handler [INFO] Search task succeeded.
2026-01-30 18:53:34,362 search-job-handler [INFO] Search task succeeded.
2026-01-30 18:53:34,362 search-job-handler [INFO] Search task succeeded.
2026-01-30 18:53:34,362 search-job-handler [INFO] Search task succeeded.
2026-01-30 18:53:34,362 search-job-handler [INFO] Search task succeeded.
2026-01-30 18:53:34,362 search-job-handler [INFO] Search task succeeded.
2026-01-30 18:53:34,362 search-job-handler [INFO] Search task succeeded.
2026-01-30 18:53:34,362 search-job-handler [INFO] Search task succeeded.
2026-01-30 18:53:34,362 search-job-handler [INFO] Search task succeeded.
2026-01-30 18:53:34,363 search-job-handler [INFO] Search task succeeded.
2026-01-30 18:53:34,363 search-job-handler [INFO] Search task succeeded.
2026-01-30 18:53:34,363 search-job-handler [INFO] Search task succeeded.
2026-01-30 18:53:34,363 search-job-handler [INFO] Search task succeeded.
2026-01-30 18:53:34,363 search-job-handler [INFO] Search task succeeded.
2026-01-30 18:53:34,363 search-job-handler [INFO] Search task succeeded.
2026-01-30 18:53:34,363 search-job-handler [INFO] Search task succeeded.
2026-01-30 18:53:34,363 search-job-handler [INFO] Search task succeeded.
2026-01-30 18:53:34,363 search-job-handler [INFO] Search task succeeded.
2026-01-30 18:53:34,363 search-job-handler [INFO] Search task succeeded.
2026-01-30 18:53:34,363 search-job-handler [INFO] Search task succeeded.
2026-01-30 18:53:34,363 search-job-handler [INFO] Search task succeeded.
2026-01-30 18:53:34,363 search-job-handler [INFO] Search task succeeded.
2026-01-30 18:53:34,363 search-job-handler [INFO] Search task succeeded.
2026-01-30 18:53:34,363 search-job-handler [INFO] Search task succeeded.
2026-01-30 18:53:34,363 search-job-handler [INFO] Search task succeeded.
2026-01-30 18:53:34,363 search-job-handler [INFO] Search task succeeded.
2026-01-30 18:53:34,363 search-job-handler [INFO] Search task succeeded.
2026-01-30 18:53:34,364 search-job-handler [INFO] Search task succeeded.
2026-01-30 18:53:34,364 search-job-handler [INFO] Search task succeeded.
2026-01-30 18:53:34,364 search-job-handler [INFO] Search task succeeded.
2026-01-30 18:53:34,364 search-job-handler [INFO] Search task succeeded.
2026-01-30 18:53:34,364 search-job-handler [INFO] Search task succeeded.
2026-01-30 18:53:34,364 search-job-handler [INFO] Search task succeeded.
2026-01-30 18:53:34,364 search-job-handler [INFO] Search task succeeded.
2026-01-30 18:53:34,364 search-job-handler [INFO] Search task succeeded.
2026-01-30 18:53:34,364 search-job-handler [INFO] Search task succeeded.
2026-01-30 18:53:34,364 search-job-handler [INFO] Search task succeeded.
2026-01-30 18:53:34,364 search-job-handler [INFO] Search task succeeded.
2026-01-30 18:53:34,364 search-job-handler [INFO] Search task succeeded.
2026-01-30 18:53:34,364 search-job-handler [INFO] Search task succeeded.
2026-01-30 18:53:34,364 search-job-handler [INFO] Search task succeeded.
2026-01-30 18:53:34,364 search-job-handler [INFO] Search task succeeded.
2026-01-30 18:53:34,364 search-job-handler [INFO] Search task succeeded.
2026-01-30 18:53:34,364 search-job-handler [INFO] Search task succeeded.
2026-01-30 18:53:34,364 search-job-handler [INFO] Search task succeeded.
2026-01-30 18:53:34,365 search-job-handler [INFO] Search task succeeded.
2026-01-30 18:53:34,365 search-job-handler [INFO] Search task succeeded.
2026-01-30 18:53:34,365 search-job-handler [INFO] Search task succeeded.
2026-01-30 18:53:34,365 search-job-handler [INFO] Search task succeeded.
2026-01-30 18:53:34,365 search-job-handler [INFO] Search task succeeded.
2026-01-30 18:53:34,365 search-job-handler [INFO] Search task succeeded.
2026-01-30 18:53:34,365 search-job-handler [INFO] Search task succeeded.
2026-01-30 18:53:34,365 search-job-handler [INFO] Search task succeeded.
2026-01-30 18:53:34,365 search-job-handler [INFO] Search task succeeded.
2026-01-30 18:53:34,365 search-job-handler [INFO] Search task succeeded.
2026-01-30 18:53:34,365 search-job-handler [INFO] Search task succeeded.
2026-01-30 18:53:34,365 search-job-handler [INFO] Search task succeeded.
2026-01-30 18:53:34,365 search-job-handler [INFO] Search task succeeded.
2026-01-30 18:53:34,365 search-job-handler [INFO] Search task succeeded.
2026-01-30 18:53:34,365 search-job-handler [INFO] Search task succeeded.
2026-01-30 18:53:34,365 search-job-handler [INFO] Search task succeeded.
2026-01-30 18:53:34,365 search-job-handler [INFO] Search task succeeded.
2026-01-30 18:53:34,365 search-job-handler [INFO] Search task succeeded.
2026-01-30 18:53:34,366 search-job-handler [INFO] Search task succeeded.
2026-01-30 18:53:34,366 search-job-handler [INFO] Search task succeeded.
2026-01-30 18:53:34,366 search-job-handler [INFO] Search task succeeded.
2026-01-30 18:53:34,366 search-job-handler [INFO] Search task succeeded.
2026-01-30 18:53:34,366 search-job-handler [INFO] Search task succeeded.
2026-01-30 18:53:34,366 search-job-handler [INFO] Search task succeeded.
2026-01-30 18:53:34,366 search-job-handler [INFO] Search task succeeded.
2026-01-30 18:53:34,366 search-job-handler [INFO] Search task succeeded.
2026-01-30 18:53:34,366 search-job-handler [INFO] Search task succeeded.
2026-01-30 18:53:34,366 search-job-handler [INFO] Search task succeeded.
2026-01-30 18:53:34,366 search-job-handler [INFO] Search task succeeded.
2026-01-30 18:53:34,366 search-job-handler [INFO] Search task succeeded.
2026-01-30 18:53:34,366 search-job-handler [INFO] Search task succeeded.
2026-01-30 18:53:34,366 search-job-handler [INFO] Search task succeeded.
2026-01-30 18:53:34,366 search-job-handler [INFO] Search task succeeded.
2026-01-30 18:53:34,366 search-job-handler [INFO] Search task succeeded.
2026-01-30 18:53:34,366 search-job-handler [INFO] Search task succeeded.
2026-01-30 18:53:34,366 search-job-handler [INFO] Search task succeeded.
2026-01-30 18:53:34,367 search-job-handler [INFO] Search task succeeded.
2026-01-30 18:53:34,367 search-job-handler [INFO] Search task succeeded.
2026-01-30 18:53:34,367 search-job-handler [INFO] Search task succeeded.
2026-01-30 18:53:34,367 search-job-handler [INFO] Search task succeeded.
2026-01-30 18:53:34,367 search-job-handler [INFO] Search task succeeded.
2026-01-30 18:53:34,367 search-job-handler [INFO] Search task succeeded.
2026-01-30 18:53:34,367 search-job-handler [INFO] Search task succeeded.
2026-01-30 18:53:34,367 search-job-handler [INFO] Search task succeeded.
2026-01-30 18:53:34,367 search-job-handler [INFO] Search task succeeded.
2026-01-30 18:53:34,367 search-job-handler [INFO] Search task succeeded.
2026-01-30 18:53:34,367 search-job-handler [INFO] Search task succeeded.
2026-01-30 18:53:34,367 search-job-handler [INFO] Search task succeeded.
2026-01-30 18:53:34,367 search-job-handler [INFO] Search task succeeded.
2026-01-30 18:53:34,367 search-job-handler [INFO] Search task succeeded.
2026-01-30 18:53:34,367 search-job-handler [INFO] Search task succeeded.
2026-01-30 18:53:34,367 search-job-handler [INFO] Search task succeeded.
2026-01-30 18:53:34,368 search-job-handler [INFO] Search task succeeded.
2026-01-30 18:53:34,368 search-job-handler [INFO] Search task succeeded.
2026-01-30 18:53:34,368 search-job-handler [INFO] Search task succeeded.
2026-01-30 18:53:34,368 search-job-handler [INFO] Search task succeeded.
2026-01-30 18:53:34,368 search-job-handler [INFO] Search task succeeded.
2026-01-30 18:53:34,368 search-job-handler [INFO] Search task succeeded.
2026-01-30 18:53:34,368 search-job-handler [INFO] Search task succeeded.
2026-01-30 18:53:34,368 search-job-handler [INFO] Search task succeeded.
2026-01-30 18:53:34,368 search-job-handler [INFO] Search task succeeded.
2026-01-30 18:53:34,368 search-job-handler [INFO] Search task succeeded.
2026-01-30 18:53:34,368 search-job-handler [INFO] Search task succeeded.
2026-01-30 18:53:34,368 search-job-handler [INFO] Search task succeeded.
2026-01-30 18:53:34,368 search-job-handler [INFO] Search task succeeded.
2026-01-30 18:53:34,368 search-job-handler [INFO] Search task succeeded.
2026-01-30 18:53:34,368 search-job-handler [INFO] Search task succeeded.
2026-01-30 18:53:34,368 search-job-handler [INFO] Search task succeeded.
2026-01-30 18:53:34,368 search-job-handler [INFO] Search task succeeded.
2026-01-30 18:53:34,369 search-job-handler [INFO] Search task succeeded.
2026-01-30 18:53:34,369 search-job-handler [INFO] Search task succeeded.
2026-01-30 18:53:34,369 search-job-handler [INFO] Search task succeeded.
2026-01-30 18:53:34,369 search-job-handler [INFO] Search task succeeded.
2026-01-30 18:53:34,369 search-job-handler [INFO] Search task succeeded.
2026-01-30 18:53:34,369 search-job-handler [INFO] Search task succeeded.
2026-01-30 18:53:34,369 search-job-handler [INFO] Search task succeeded.
2026-01-30 18:53:34,369 search-job-handler [INFO] Search task succeeded.
2026-01-30 18:53:34,369 search-job-handler [INFO] Search task succeeded.
2026-01-30 18:53:34,369 search-job-handler [INFO] Search task succeeded.
2026-01-30 18:53:34,369 search-job-handler [INFO] Search task succeeded.
2026-01-30 18:53:34,369 search-job-handler [INFO] Search task succeeded.
2026-01-30 18:53:34,369 search-job-handler [INFO] Search task succeeded.
2026-01-30 18:53:34,369 search-job-handler [INFO] Search task succeeded.
2026-01-30 18:53:34,369 search-job-handler [INFO] Search task succeeded.
2026-01-30 18:53:34,389 search-job-handler [INFO] Completed job 2 at 2026-01-30T18:53:34.369934, total duration=76.86s.
2026-01-30 19:54:17,125 search-job-handler [INFO] Query scheduler using Spider.
2026-01-30 19:54:17,143 search-job-handler [INFO] Connected to archive database.
2026-01-30 19:54:17,143 search-job-handler [INFO] Query scheduler started.
2026-01-30 19:55:06,202 search-job-handler [INFO] Submitting Spider job 3 at 2026-01-30T19:55:06.202256 with 923 search tasks, aggregation=False
2026-01-30 19:55:08,508 search-job-handler [INFO] Submitted Spider job 3 at 2026-01-30T19:55:08.508514, submission took 2.306s
2026-01-30 19:55:08,546 search-job-handler [INFO] Dispatched search job 3 at 2026-01-30T19:55:08.512856 with 923 tasks.
2026-01-30 19:56:25,529 search-job-handler [INFO] Search task succeeded.
2026-01-30 19:56:25,530 search-job-handler [INFO] Search task succeeded.
2026-01-30 19:56:25,530 search-job-handler [INFO] Search task succeeded.
2026-01-30 19:56:25,530 search-job-handler [INFO] Search task succeeded.
2026-01-30 19:56:25,530 search-job-handler [INFO] Search task succeeded.
2026-01-30 19:56:25,530 search-job-handler [INFO] Search task succeeded.
2026-01-30 19:56:25,530 search-job-handler [INFO] Search task succeeded.
2026-01-30 19:56:25,530 search-job-handler [INFO] Search task succeeded.
2026-01-30 19:56:25,530 search-job-handler [INFO] Search task succeeded.
2026-01-30 19:56:25,530 search-job-handler [INFO] Search task succeeded.
2026-01-30 19:56:25,530 search-job-handler [INFO] Search task succeeded.
2026-01-30 19:56:25,530 search-job-handler [INFO] Search task succeeded.
2026-01-30 19:56:25,530 search-job-handler [INFO] Search task succeeded.
2026-01-30 19:56:25,530 search-job-handler [INFO] Search task succeeded.
2026-01-30 19:56:25,530 search-job-handler [INFO] Search task succeeded.
2026-01-30 19:56:25,530 search-job-handler [INFO] Search task succeeded.
2026-01-30 19:56:25,530 search-job-handler [INFO] Search task succeeded.
2026-01-30 19:56:25,531 search-job-handler [INFO] Search task succeeded.
2026-01-30 19:56:25,531 search-job-handler [INFO] Search task succeeded.
2026-01-30 19:56:25,531 search-job-handler [INFO] Search task succeeded.
2026-01-30 19:56:25,531 search-job-handler [INFO] Search task succeeded.
2026-01-30 19:56:25,531 search-job-handler [INFO] Search task succeeded.
2026-01-30 19:56:25,531 search-job-handler [INFO] Search task succeeded.
2026-01-30 19:56:25,531 search-job-handler [INFO] Search task succeeded.
2026-01-30 19:56:25,531 search-job-handler [INFO] Search task succeeded.
2026-01-30 19:56:25,531 search-job-handler [INFO] Search task succeeded.
2026-01-30 19:56:25,531 search-job-handler [INFO] Search task succeeded.
2026-01-30 19:56:25,531 search-job-handler [INFO] Search task succeeded.
2026-01-30 19:56:25,531 search-job-handler [INFO] Search task succeeded.
2026-01-30 19:56:25,531 search-job-handler [INFO] Search task succeeded.
2026-01-30 19:56:25,531 search-job-handler [INFO] Search task succeeded.
2026-01-30 19:56:25,531 search-job-handler [INFO] Search task succeeded.
2026-01-30 19:56:25,532 search-job-handler [INFO] Search task succeeded.
2026-01-30 19:56:25,532 search-job-handler [INFO] Search task succeeded.
2026-01-30 19:56:25,532 search-job-handler [INFO] Search task succeeded.
2026-01-30 19:56:25,532 search-job-handler [INFO] Search task succeeded.
2026-01-30 19:56:25,532 search-job-handler [INFO] Search task succeeded.
2026-01-30 19:56:25,532 search-job-handler [INFO] Search task succeeded.
2026-01-30 19:56:25,532 search-job-handler [INFO] Search task succeeded.
2026-01-30 19:56:25,532 search-job-handler [INFO] Search task succeeded.
2026-01-30 19:56:25,532 search-job-handler [INFO] Search task succeeded.
2026-01-30 19:56:25,532 search-job-handler [INFO] Search task succeeded.
2026-01-30 19:56:25,532 search-job-handler [INFO] Search task succeeded.
2026-01-30 19:56:25,532 search-job-handler [INFO] Search task succeeded.
2026-01-30 19:56:25,532 search-job-handler [INFO] Search task succeeded.
2026-01-30 19:56:25,532 search-job-handler [INFO] Search task succeeded.
2026-01-30 19:56:25,532 search-job-handler [INFO] Search task succeeded.
2026-01-30 19:56:25,532 search-job-handler [INFO] Search task succeeded.
2026-01-30 19:56:25,533 search-job-handler [INFO] Search task succeeded.
2026-01-30 19:56:25,533 search-job-handler [INFO] Search task succeeded.
2026-01-30 19:56:25,533 search-job-handler [INFO] Search task succeeded.
2026-01-30 19:56:25,533 search-job-handler [INFO] Search task succeeded.
2026-01-30 19:56:25,533 search-job-handler [INFO] Search task succeeded.
2026-01-30 19:56:25,533 search-job-handler [INFO] Search task succeeded.
2026-01-30 19:56:25,533 search-job-handler [INFO] Search task succeeded.
2026-01-30 19:56:25,533 search-job-handler [INFO] Search task succeeded.
2026-01-30 19:56:25,533 search-job-handler [INFO] Search task succeeded.
2026-01-30 19:56:25,533 search-job-handler [INFO] Search task succeeded.
2026-01-30 19:56:25,533 search-job-handler [INFO] Search task succeeded.
2026-01-30 19:56:25,533 search-job-handler [INFO] Search task succeeded.
2026-01-30 19:56:25,533 search-job-handler [INFO] Search task succeeded.
2026-01-30 19:56:25,533 search-job-handler [INFO] Search task succeeded.
2026-01-30 19:56:25,533 search-job-handler [INFO] Search task succeeded.
2026-01-30 19:56:25,533 search-job-handler [INFO] Search task succeeded.
2026-01-30 19:56:25,533 search-job-handler [INFO] Search task succeeded.
2026-01-30 19:56:25,534 search-job-handler [INFO] Search task succeeded.
2026-01-30 19:56:25,534 search-job-handler [INFO] Search task succeeded.
2026-01-30 19:56:25,534 search-job-handler [INFO] Search task succeeded.
2026-01-30 19:56:25,534 search-job-handler [INFO] Search task succeeded.
2026-01-30 19:56:25,534 search-job-handler [INFO] Search task succeeded.
2026-01-30 19:56:25,534 search-job-handler [INFO] Search task succeeded.
2026-01-30 19:56:25,534 search-job-handler [INFO] Search task succeeded.
2026-01-30 19:56:25,534 search-job-handler [INFO] Search task succeeded.
2026-01-30 19:56:25,534 search-job-handler [INFO] Search task succeeded.
2026-01-30 19:56:25,534 search-job-handler [INFO] Search task succeeded.
2026-01-30 19:56:25,534 search-job-handler [INFO] Search task succeeded.
2026-01-30 19:56:25,534 search-job-handler [INFO] Search task succeeded.
2026-01-30 19:56:25,534 search-job-handler [INFO] Search task succeeded.
2026-01-30 19:56:25,534 search-job-handler [INFO] Search task succeeded.
2026-01-30 19:56:25,534 search-job-handler [INFO] Search task succeeded.
2026-01-30 19:56:25,534 search-job-handler [INFO] Search task succeeded.
2026-01-30 19:56:25,535 search-job-handler [INFO] Search task succeeded.
2026-01-30 19:56:25,535 search-job-handler [INFO] Search task succeeded.
2026-01-30 19:56:25,535 search-job-handler [INFO] Search task succeeded.
2026-01-30 19:56:25,535 search-job-handler [INFO] Search task succeeded.
2026-01-30 19:56:25,535 search-job-handler [INFO] Search task succeeded.
2026-01-30 19:56:25,535 search-job-handler [INFO] Search task succeeded.
2026-01-30 19:56:25,535 search-job-handler [INFO] Search task succeeded.
2026-01-30 19:56:25,535 search-job-handler [INFO] Search task succeeded.
2026-01-30 19:56:25,535 search-job-handler [INFO] Search task succeeded.
2026-01-30 19:56:25,535 search-job-handler [INFO] Search task succeeded.
2026-01-30 19:56:25,535 search-job-handler [INFO] Search task succeeded.
2026-01-30 19:56:25,535 search-job-handler [INFO] Search task succeeded.
2026-01-30 19:56:25,535 search-job-handler [INFO] Search task succeeded.
2026-01-30 19:56:25,535 search-job-handler [INFO] Search task succeeded.
2026-01-30 19:56:25,535 search-job-handler [INFO] Search task succeeded.
2026-01-30 19:56:25,536 search-job-handler [INFO] Search task succeeded.
2026-01-30 19:56:25,536 search-job-handler [INFO] Search task succeeded.
2026-01-30 19:56:25,536 search-job-handler [INFO] Search task succeeded.
2026-01-30 19:56:25,536 search-job-handler [INFO] Search task succeeded.
2026-01-30 19:56:25,536 search-job-handler [INFO] Search task succeeded.
2026-01-30 19:56:25,536 search-job-handler [INFO] Search task succeeded.
2026-01-30 19:56:25,536 search-job-handler [INFO] Search task succeeded.
2026-01-30 19:56:25,536 search-job-handler [INFO] Search task succeeded.
2026-01-30 19:56:25,536 search-job-handler [INFO] Search task succeeded.
2026-01-30 19:56:25,536 search-job-handler [INFO] Search task succeeded.
2026-01-30 19:56:25,536 search-job-handler [INFO] Search task succeeded.
2026-01-30 19:56:25,536 search-job-handler [INFO] Search task succeeded.
2026-01-30 19:56:25,536 search-job-handler [INFO] Search task succeeded.
2026-01-30 19:56:25,536 search-job-handler [INFO] Search task succeeded.
2026-01-30 19:56:25,536 search-job-handler [INFO] Search task succeeded.
2026-01-30 19:56:25,536 search-job-handler [INFO] Search task succeeded.
2026-01-30 19:56:25,536 search-job-handler [INFO] Search task succeeded.
2026-01-30 19:56:25,537 search-job-handler [INFO] Search task succeeded.
2026-01-30 19:56:25,537 search-job-handler [INFO] Search task succeeded.
2026-01-30 19:56:25,537 search-job-handler [INFO] Search task succeeded.
2026-01-30 19:56:25,537 search-job-handler [INFO] Search task succeeded.
2026-01-30 19:56:25,537 search-job-handler [INFO] Search task succeeded.
2026-01-30 19:56:25,537 search-job-handler [INFO] Search task succeeded.
2026-01-30 19:56:25,537 search-job-handler [INFO] Search task succeeded.
2026-01-30 19:56:25,537 search-job-handler [INFO] Search task succeeded.
2026-01-30 19:56:25,537 search-job-handler [INFO] Search task succeeded.
2026-01-30 19:56:25,537 search-job-handler [INFO] Search task succeeded.
2026-01-30 19:56:25,537 search-job-handler [INFO] Search task succeeded.
2026-01-30 19:56:25,537 search-job-handler [INFO] Search task succeeded.
2026-01-30 19:56:25,537 search-job-handler [INFO] Search task succeeded.
2026-01-30 19:56:25,537 search-job-handler [INFO] Search task succeeded.
2026-01-30 19:56:25,537 search-job-handler [INFO] Search task succeeded.
2026-01-30 19:56:25,537 search-job-handler [INFO] Search task succeeded.
2026-01-30 19:56:25,538 search-job-handler [INFO] Search task succeeded.
2026-01-30 19:56:25,538 search-job-handler [INFO] Search task succeeded.
2026-01-30 19:56:25,538 search-job-handler [INFO] Search task succeeded.
2026-01-30 19:56:25,538 search-job-handler [INFO] Search task succeeded.
2026-01-30 19:56:25,538 search-job-handler [INFO] Search task succeeded.
2026-01-30 19:56:25,538 search-job-handler [INFO] Search task succeeded.
2026-01-30 19:56:25,538 search-job-handler [INFO] Search task succeeded.
2026-01-30 19:56:25,538 search-job-handler [INFO] Search task succeeded.
2026-01-30 19:56:25,538 search-job-handler [INFO] Search task succeeded.
2026-01-30 19:56:25,538 search-job-handler [INFO] Search task succeeded.
2026-01-30 19:56:25,538 search-job-handler [INFO] Search task succeeded.
2026-01-30 19:56:25,538 search-job-handler [INFO] Search task succeeded.
2026-01-30 19:56:25,538 search-job-handler [INFO] Search task succeeded.
2026-01-30 19:56:25,538 search-job-handler [INFO] Search task succeeded.
2026-01-30 19:56:25,538 search-job-handler [INFO] Search task succeeded.
2026-01-30 19:56:25,538 search-job-handler [INFO] Search task succeeded.
2026-01-30 19:56:25,538 search-job-handler [INFO] Search task succeeded.
2026-01-30 19:56:25,539 search-job-handler [INFO] Search task succeeded.
2026-01-30 19:56:25,539 search-job-handler [INFO] Search task succeeded.
2026-01-30 19:56:25,539 search-job-handler [INFO] Search task succeeded.
2026-01-30 19:56:25,539 search-job-handler [INFO] Search task succeeded.
2026-01-30 19:56:25,539 search-job-handler [INFO] Search task succeeded.
2026-01-30 19:56:25,539 search-job-handler [INFO] Search task succeeded.
2026-01-30 19:56:25,539 search-job-handler [INFO] Search task succeeded.
2026-01-30 19:56:25,539 search-job-handler [INFO] Search task succeeded.
2026-01-30 19:56:25,539 search-job-handler [INFO] Search task succeeded.
2026-01-30 19:56:25,539 search-job-handler [INFO] Search task succeeded.
2026-01-30 19:56:25,539 search-job-handler [INFO] Search task succeeded.
2026-01-30 19:56:25,539 search-job-handler [INFO] Search task succeeded.
2026-01-30 19:56:25,539 search-job-handler [INFO] Search task succeeded.
2026-01-30 19:56:25,539 search-job-handler [INFO] Search task succeeded.
2026-01-30 19:56:25,539 search-job-handler [INFO] Search task succeeded.
2026-01-30 19:56:25,540 search-job-handler [INFO] Search task succeeded.
2026-01-30 19:56:25,540 search-job-handler [INFO] Search task succeeded.
2026-01-30 19:56:25,540 search-job-handler [INFO] Search task succeeded.
2026-01-30 19:56:25,540 search-job-handler [INFO] Search task succeeded.
2026-01-30 19:56:25,540 search-job-handler [INFO] Search task succeeded.
2026-01-30 19:56:25,540 search-job-handler [INFO] Search task succeeded.
2026-01-30 19:56:25,540 search-job-handler [INFO] Search task succeeded.
2026-01-30 19:56:25,540 search-job-handler [INFO] Search task succeeded.
2026-01-30 19:56:25,540 search-job-handler [INFO] Search task succeeded.
2026-01-30 19:56:25,540 search-job-handler [INFO] Search task succeeded.
2026-01-30 19:56:25,540 search-job-handler [INFO] Search task succeeded.
2026-01-30 19:56:25,540 search-job-handler [INFO] Search task succeeded.
2026-01-30 19:56:25,540 search-job-handler [INFO] Search task succeeded.
2026-01-30 19:56:25,540 search-job-handler [INFO] Search task succeeded.
2026-01-30 19:56:25,540 search-job-handler [INFO] Search task succeeded.
2026-01-30 19:56:25,540 search-job-handler [INFO] Search task succeeded.
2026-01-30 19:56:25,540 search-job-handler [INFO] Search task succeeded.
2026-01-30 19:56:25,541 search-job-handler [INFO] Search task succeeded.
2026-01-30 19:56:25,541 search-job-handler [INFO] Search task succeeded.
2026-01-30 19:56:25,541 search-job-handler [INFO] Search task succeeded.
2026-01-30 19:56:25,541 search-job-handler [INFO] Search task succeeded.
2026-01-30 19:56:25,541 search-job-handler [INFO] Search task succeeded.
2026-01-30 19:56:25,541 search-job-handler [INFO] Search task succeeded.
2026-01-30 19:56:25,541 search-job-handler [INFO] Search task succeeded.
2026-01-30 19:56:25,541 search-job-handler [INFO] Search task succeeded.
2026-01-30 19:56:25,541 search-job-handler [INFO] Search task succeeded.
2026-01-30 19:56:25,541 search-job-handler [INFO] Search task succeeded.
2026-01-30 19:56:25,541 search-job-handler [INFO] Search task succeeded.
2026-01-30 19:56:25,541 search-job-handler [INFO] Search task succeeded.
2026-01-30 19:56:25,541 search-job-handler [INFO] Search task succeeded.
2026-01-30 19:56:25,541 search-job-handler [INFO] Search task succeeded.
2026-01-30 19:56:25,541 search-job-handler [INFO] Search task succeeded.
2026-01-30 19:56:25,541 search-job-handler [INFO] Search task succeeded.
2026-01-30 19:56:25,542 search-job-handler [INFO] Search task succeeded.
2026-01-30 19:56:25,542 search-job-handler [INFO] Search task succeeded.
2026-01-30 19:56:25,542 search-job-handler [INFO] Search task succeeded.
2026-01-30 19:56:25,542 search-job-handler [INFO] Search task succeeded.
2026-01-30 19:56:25,542 search-job-handler [INFO] Search task succeeded.
2026-01-30 19:56:25,542 search-job-handler [INFO] Search task succeeded.
2026-01-30 19:56:25,542 search-job-handler [INFO] Search task succeeded.
2026-01-30 19:56:25,542 search-job-handler [INFO] Search task succeeded.
2026-01-30 19:56:25,542 search-job-handler [INFO] Search task succeeded.
2026-01-30 19:56:25,542 search-job-handler [INFO] Search task succeeded.
2026-01-30 19:56:25,542 search-job-handler [INFO] Search task succeeded.
2026-01-30 19:56:25,542 search-job-handler [INFO] Search task succeeded.
2026-01-30 19:56:25,542 search-job-handler [INFO] Search task succeeded.
2026-01-30 19:56:25,542 search-job-handler [INFO] Search task succeeded.
2026-01-30 19:56:25,542 search-job-handler [INFO] Search task succeeded.
2026-01-30 19:56:25,542 search-job-handler [INFO] Search task succeeded.
2026-01-30 19:56:25,542 search-job-handler [INFO] Search task succeeded.
2026-01-30 19:56:25,543 search-job-handler [INFO] Search task succeeded.
2026-01-30 19:56:25,543 search-job-handler [INFO] Search task succeeded.
2026-01-30 19:56:25,543 search-job-handler [INFO] Search task succeeded.
2026-01-30 19:56:25,543 search-job-handler [INFO] Search task succeeded.
2026-01-30 19:56:25,543 search-job-handler [INFO] Search task succeeded.
2026-01-30 19:56:25,543 search-job-handler [INFO] Search task succeeded.
2026-01-30 19:56:25,543 search-job-handler [INFO] Search task succeeded.
2026-01-30 19:56:25,543 search-job-handler [INFO] Search task succeeded.
2026-01-30 19:56:25,543 search-job-handler [INFO] Search task succeeded.
2026-01-30 19:56:25,543 search-job-handler [INFO] Search task succeeded.
2026-01-30 19:56:25,543 search-job-handler [INFO] Search task succeeded.
2026-01-30 19:56:25,543 search-job-handler [INFO] Search task succeeded.
2026-01-30 19:56:25,543 search-job-handler [INFO] Search task succeeded.
2026-01-30 19:56:25,543 search-job-handler [INFO] Search task succeeded.
2026-01-30 19:56:25,543 search-job-handler [INFO] Search task succeeded.
2026-01-30 19:56:25,543 search-job-handler [INFO] Search task succeeded.
2026-01-30 19:56:25,544 search-job-handler [INFO] Search task succeeded.
2026-01-30 19:56:25,544 search-job-handler [INFO] Search task succeeded.
2026-01-30 19:56:25,544 search-job-handler [INFO] Search task succeeded.
2026-01-30 19:56:25,544 search-job-handler [INFO] Search task succeeded.
2026-01-30 19:56:25,544 search-job-handler [INFO] Search task succeeded.
2026-01-30 19:56:25,544 search-job-handler [INFO] Search task succeeded.
2026-01-30 19:56:25,544 search-job-handler [INFO] Search task succeeded.
2026-01-30 19:56:25,544 search-job-handler [INFO] Search task succeeded.
2026-01-30 19:56:25,544 search-job-handler [INFO] Search task succeeded.
2026-01-30 19:56:25,544 search-job-handler [INFO] Search task succeeded.
2026-01-30 19:56:25,544 search-job-handler [INFO] Search task succeeded.
2026-01-30 19:56:25,544 search-job-handler [INFO] Search task succeeded.
2026-01-30 19:56:25,544 search-job-handler [INFO] Search task succeeded.
2026-01-30 19:56:25,544 search-job-handler [INFO] Search task succeeded.
2026-01-30 19:56:25,544 search-job-handler [INFO] Search task succeeded.
2026-01-30 19:56:25,544 search-job-handler [INFO] Search task succeeded.
2026-01-30 19:56:25,545 search-job-handler [INFO] Search task succeeded.
2026-01-30 19:56:25,545 search-job-handler [INFO] Search task succeeded.
2026-01-30 19:56:25,545 search-job-handler [INFO] Search task succeeded.
2026-01-30 19:56:25,545 search-job-handler [INFO] Search task succeeded.
2026-01-30 19:56:25,545 search-job-handler [INFO] Search task succeeded.
2026-01-30 19:56:25,545 search-job-handler [INFO] Search task succeeded.
2026-01-30 19:56:25,545 search-job-handler [INFO] Search task succeeded.
2026-01-30 19:56:25,545 search-job-handler [INFO] Search task succeeded.
2026-01-30 19:56:25,545 search-job-handler [INFO] Search task succeeded.
2026-01-30 19:56:25,545 search-job-handler [INFO] Search task succeeded.
2026-01-30 19:56:25,545 search-job-handler [INFO] Search task succeeded.
2026-01-30 19:56:25,545 search-job-handler [INFO] Search task succeeded.
2026-01-30 19:56:25,545 search-job-handler [INFO] Search task succeeded.
2026-01-30 19:56:25,545 search-job-handler [INFO] Search task succeeded.
2026-01-30 19:56:25,545 search-job-handler [INFO] Search task succeeded.
2026-01-30 19:56:25,545 search-job-handler [INFO] Search task succeeded.
2026-01-30 19:56:25,545 search-job-handler [INFO] Search task succeeded.
2026-01-30 19:56:25,546 search-job-handler [INFO] Search task succeeded.
2026-01-30 19:56:25,546 search-job-handler [INFO] Search task succeeded.
2026-01-30 19:56:25,546 search-job-handler [INFO] Search task succeeded.
2026-01-30 19:56:25,546 search-job-handler [INFO] Search task succeeded.
2026-01-30 19:56:25,546 search-job-handler [INFO] Search task succeeded.
2026-01-30 19:56:25,546 search-job-handler [INFO] Search task succeeded.
2026-01-30 19:56:25,546 search-job-handler [INFO] Search task succeeded.
2026-01-30 19:56:25,546 search-job-handler [INFO] Search task succeeded.
2026-01-30 19:56:25,546 search-job-handler [INFO] Search task succeeded.
2026-01-30 19:56:25,546 search-job-handler [INFO] Search task succeeded.
2026-01-30 19:56:25,546 search-job-handler [INFO] Search task succeeded.
2026-01-30 19:56:25,546 search-job-handler [INFO] Search task succeeded.
2026-01-30 19:56:25,546 search-job-handler [INFO] Search task succeeded.
2026-01-30 19:56:25,546 search-job-handler [INFO] Search task succeeded.
2026-01-30 19:56:25,546 search-job-handler [INFO] Search task succeeded.
2026-01-30 19:56:25,546 search-job-handler [INFO] Search task succeeded.
2026-01-30 19:56:25,546 search-job-handler [INFO] Search task succeeded.
2026-01-30 19:56:25,547 search-job-handler [INFO] Search task succeeded.
2026-01-30 19:56:25,547 search-job-handler [INFO] Search task succeeded.
2026-01-30 19:56:25,547 search-job-handler [INFO] Search task succeeded.
2026-01-30 19:56:25,547 search-job-handler [INFO] Search task succeeded.
2026-01-30 19:56:25,547 search-job-handler [INFO] Search task succeeded.
2026-01-30 19:56:25,547 search-job-handler [INFO] Search task succeeded.
2026-01-30 19:56:25,547 search-job-handler [INFO] Search task succeeded.
2026-01-30 19:56:25,547 search-job-handler [INFO] Search task succeeded.
2026-01-30 19:56:25,547 search-job-handler [INFO] Search task succeeded.
2026-01-30 19:56:25,547 search-job-handler [INFO] Search task succeeded.
2026-01-30 19:56:25,547 search-job-handler [INFO] Search task succeeded.
2026-01-30 19:56:25,547 search-job-handler [INFO] Search task succeeded.
2026-01-30 19:56:25,547 search-job-handler [INFO] Search task succeeded.
2026-01-30 19:56:25,547 search-job-handler [INFO] Search task succeeded.
2026-01-30 19:56:25,547 search-job-handler [INFO] Search task succeeded.
2026-01-30 19:56:25,547 search-job-handler [INFO] Search task succeeded.
2026-01-30 19:56:25,548 search-job-handler [INFO] Search task succeeded.
2026-01-30 19:56:25,548 search-job-handler [INFO] Search task succeeded.
2026-01-30 19:56:25,548 search-job-handler [INFO] Search task succeeded.
2026-01-30 19:56:25,548 search-job-handler [INFO] Search task succeeded.
2026-01-30 19:56:25,548 search-job-handler [INFO] Search task succeeded.
2026-01-30 19:56:25,548 search-job-handler [INFO] Search task succeeded.
2026-01-30 19:56:25,548 search-job-handler [INFO] Search task succeeded.
2026-01-30 19:56:25,548 search-job-handler [INFO] Search task succeeded.
2026-01-30 19:56:25,548 search-job-handler [INFO] Search task succeeded.
2026-01-30 19:56:25,548 search-job-handler [INFO] Search task succeeded.
2026-01-30 19:56:25,548 search-job-handler [INFO] Search task succeeded.
2026-01-30 19:56:25,548 search-job-handler [INFO] Search task succeeded.
2026-01-30 19:56:25,548 search-job-handler [INFO] Search task succeeded.
2026-01-30 19:56:25,548 search-job-handler [INFO] Search task succeeded.
2026-01-30 19:56:25,548 search-job-handler [INFO] Search task succeeded.
2026-01-30 19:56:25,548 search-job-handler [INFO] Search task succeeded.
2026-01-30 19:56:25,549 search-job-handler [INFO] Search task succeeded.
2026-01-30 19:56:25,549 search-job-handler [INFO] Search task succeeded.
2026-01-30 19:56:25,549 search-job-handler [INFO] Search task succeeded.
2026-01-30 19:56:25,549 search-job-handler [INFO] Search task succeeded.
2026-01-30 19:56:25,549 search-job-handler [INFO] Search task succeeded.
2026-01-30 19:56:25,549 search-job-handler [INFO] Search task succeeded.
2026-01-30 19:56:25,549 search-job-handler [INFO] Search task succeeded.
2026-01-30 19:56:25,549 search-job-handler [INFO] Search task succeeded.
2026-01-30 19:56:25,549 search-job-handler [INFO] Search task succeeded.
2026-01-30 19:56:25,549 search-job-handler [INFO] Search task succeeded.
2026-01-30 19:56:25,549 search-job-handler [INFO] Search task succeeded.
2026-01-30 19:56:25,549 search-job-handler [INFO] Search task succeeded.
2026-01-30 19:56:25,549 search-job-handler [INFO] Search task succeeded.
2026-01-30 19:56:25,549 search-job-handler [INFO] Search task succeeded.
2026-01-30 19:56:25,549 search-job-handler [INFO] Search task succeeded.
2026-01-30 19:56:25,549 search-job-handler [INFO] Search task succeeded.
2026-01-30 19:56:25,550 search-job-handler [INFO] Search task succeeded.
2026-01-30 19:56:25,550 search-job-handler [INFO] Search task succeeded.
2026-01-30 19:56:25,550 search-job-handler [INFO] Search task succeeded.
2026-01-30 19:56:25,550 search-job-handler [INFO] Search task succeeded.
2026-01-30 19:56:25,550 search-job-handler [INFO] Search task succeeded.
2026-01-30 19:56:25,550 search-job-handler [INFO] Search task succeeded.
2026-01-30 19:56:25,550 search-job-handler [INFO] Search task succeeded.
2026-01-30 19:56:25,550 search-job-handler [INFO] Search task succeeded.
2026-01-30 19:56:25,550 search-job-handler [INFO] Search task succeeded.
2026-01-30 19:56:25,550 search-job-handler [INFO] Search task succeeded.
2026-01-30 19:56:25,550 search-job-handler [INFO] Search task succeeded.
2026-01-30 19:56:25,550 search-job-handler [INFO] Search task succeeded.
2026-01-30 19:56:25,550 search-job-handler [INFO] Search task succeeded.
2026-01-30 19:56:25,550 search-job-handler [INFO] Search task succeeded.
2026-01-30 19:56:25,550 search-job-handler [INFO] Search task succeeded.
2026-01-30 19:56:25,550 search-job-handler [INFO] Search task succeeded.
2026-01-30 19:56:25,551 search-job-handler [INFO] Search task succeeded.
2026-01-30 19:56:25,551 search-job-handler [INFO] Search task succeeded.
2026-01-30 19:56:25,551 search-job-handler [INFO] Search task succeeded.
2026-01-30 19:56:25,551 search-job-handler [INFO] Search task succeeded.
2026-01-30 19:56:25,551 search-job-handler [INFO] Search task succeeded.
2026-01-30 19:56:25,551 search-job-handler [INFO] Search task succeeded.
2026-01-30 19:56:25,551 search-job-handler [INFO] Search task succeeded.
2026-01-30 19:56:25,551 search-job-handler [INFO] Search task succeeded.
2026-01-30 19:56:25,551 search-job-handler [INFO] Search task succeeded.
2026-01-30 19:56:25,551 search-job-handler [INFO] Search task succeeded.
2026-01-30 19:56:25,551 search-job-handler [INFO] Search task succeeded.
2026-01-30 19:56:25,551 search-job-handler [INFO] Search task succeeded.
2026-01-30 19:56:25,551 search-job-handler [INFO] Search task succeeded.
2026-01-30 19:56:25,551 search-job-handler [INFO] Search task succeeded.
2026-01-30 19:56:25,551 search-job-handler [INFO] Search task succeeded.
2026-01-30 19:56:25,552 search-job-handler [INFO] Search task succeeded.
2026-01-30 19:56:25,552 search-job-handler [INFO] Search task succeeded.
2026-01-30 19:56:25,552 search-job-handler [INFO] Search task succeeded.
2026-01-30 19:56:25,552 search-job-handler [INFO] Search task succeeded.
2026-01-30 19:56:25,552 search-job-handler [INFO] Search task succeeded.
2026-01-30 19:56:25,552 search-job-handler [INFO] Search task succeeded.
2026-01-30 19:56:25,552 search-job-handler [INFO] Search task succeeded.
2026-01-30 19:56:25,552 search-job-handler [INFO] Search task succeeded.
2026-01-30 19:56:25,552 search-job-handler [INFO] Search task succeeded.
2026-01-30 19:56:25,552 search-job-handler [INFO] Search task succeeded.
2026-01-30 19:56:25,552 search-job-handler [INFO] Search task succeeded.
2026-01-30 19:56:25,552 search-job-handler [INFO] Search task succeeded.
2026-01-30 19:56:25,552 search-job-handler [INFO] Search task succeeded.
2026-01-30 19:56:25,552 search-job-handler [INFO] Search task succeeded.
2026-01-30 19:56:25,552 search-job-handler [INFO] Search task succeeded.
2026-01-30 19:56:25,552 search-job-handler [INFO] Search task succeeded.
2026-01-30 19:56:25,553 search-job-handler [INFO] Search task succeeded.
2026-01-30 19:56:25,553 search-job-handler [INFO] Search task succeeded.
2026-01-30 19:56:25,553 search-job-handler [INFO] Search task succeeded.
2026-01-30 19:56:25,553 search-job-handler [INFO] Search task succeeded.
2026-01-30 19:56:25,553 search-job-handler [INFO] Search task succeeded.
2026-01-30 19:56:25,553 search-job-handler [INFO] Search task succeeded.
2026-01-30 19:56:25,553 search-job-handler [INFO] Search task succeeded.
2026-01-30 19:56:25,553 search-job-handler [INFO] Search task succeeded.
2026-01-30 19:56:25,553 search-job-handler [INFO] Search task succeeded.
2026-01-30 19:56:25,553 search-job-handler [INFO] Search task succeeded.
2026-01-30 19:56:25,553 search-job-handler [INFO] Search task succeeded.
2026-01-30 19:56:25,553 search-job-handler [INFO] Search task succeeded.
2026-01-30 19:56:25,553 search-job-handler [INFO] Search task succeeded.
2026-01-30 19:56:25,553 search-job-handler [INFO] Search task succeeded.
2026-01-30 19:56:25,553 search-job-handler [INFO] Search task succeeded.
2026-01-30 19:56:25,553 search-job-handler [INFO] Search task succeeded.
2026-01-30 19:56:25,554 search-job-handler [INFO] Search task succeeded.
2026-01-30 19:56:25,554 search-job-handler [INFO] Search task succeeded.
2026-01-30 19:56:25,554 search-job-handler [INFO] Search task succeeded.
2026-01-30 19:56:25,554 search-job-handler [INFO] Search task succeeded.
2026-01-30 19:56:25,554 search-job-handler [INFO] Search task succeeded.
2026-01-30 19:56:25,554 search-job-handler [INFO] Search task succeeded.
2026-01-30 19:56:25,554 search-job-handler [INFO] Search task succeeded.
2026-01-30 19:56:25,554 search-job-handler [INFO] Search task succeeded.
2026-01-30 19:56:25,554 search-job-handler [INFO] Search task succeeded.
2026-01-30 19:56:25,554 search-job-handler [INFO] Search task succeeded.
2026-01-30 19:56:25,554 search-job-handler [INFO] Search task succeeded.
2026-01-30 19:56:25,554 search-job-handler [INFO] Search task succeeded.
2026-01-30 19:56:25,554 search-job-handler [INFO] Search task succeeded.
2026-01-30 19:56:25,554 search-job-handler [INFO] Search task succeeded.
2026-01-30 19:56:25,554 search-job-handler [INFO] Search task succeeded.
2026-01-30 19:56:25,554 search-job-handler [INFO] Search task succeeded.
2026-01-30 19:56:25,555 search-job-handler [INFO] Search task succeeded.
2026-01-30 19:56:25,555 search-job-handler [INFO] Search task succeeded.
2026-01-30 19:56:25,555 search-job-handler [INFO] Search task succeeded.
2026-01-30 19:56:25,555 search-job-handler [INFO] Search task succeeded.
2026-01-30 19:56:25,555 search-job-handler [INFO] Search task succeeded.
2026-01-30 19:56:25,555 search-job-handler [INFO] Search task succeeded.
2026-01-30 19:56:25,555 search-job-handler [INFO] Search task succeeded.
2026-01-30 19:56:25,555 search-job-handler [INFO] Search task succeeded.
2026-01-30 19:56:25,555 search-job-handler [INFO] Search task succeeded.
2026-01-30 19:56:25,555 search-job-handler [INFO] Search task succeeded.
2026-01-30 19:56:25,555 search-job-handler [INFO] Search task succeeded.
2026-01-30 19:56:25,555 search-job-handler [INFO] Search task succeeded.
2026-01-30 19:56:25,555 search-job-handler [INFO] Search task succeeded.
2026-01-30 19:56:25,555 search-job-handler [INFO] Search task succeeded.
2026-01-30 19:56:25,555 search-job-handler [INFO] Search task succeeded.
2026-01-30 19:56:25,555 search-job-handler [INFO] Search task succeeded.
2026-01-30 19:56:25,556 search-job-handler [INFO] Search task succeeded.
2026-01-30 19:56:25,556 search-job-handler [INFO] Search task succeeded.
2026-01-30 19:56:25,556 search-job-handler [INFO] Search task succeeded.
2026-01-30 19:56:25,556 search-job-handler [INFO] Search task succeeded.
2026-01-30 19:56:25,556 search-job-handler [INFO] Search task succeeded.
2026-01-30 19:56:25,556 search-job-handler [INFO] Search task succeeded.
2026-01-30 19:56:25,556 search-job-handler [INFO] Search task succeeded.
2026-01-30 19:56:25,556 search-job-handler [INFO] Search task succeeded.
2026-01-30 19:56:25,556 search-job-handler [INFO] Search task succeeded.
2026-01-30 19:56:25,556 search-job-handler [INFO] Search task succeeded.
2026-01-30 19:56:25,556 search-job-handler [INFO] Search task succeeded.
2026-01-30 19:56:25,556 search-job-handler [INFO] Search task succeeded.
2026-01-30 19:56:25,556 search-job-handler [INFO] Search task succeeded.
2026-01-30 19:56:25,556 search-job-handler [INFO] Search task succeeded.
2026-01-30 19:56:25,556 search-job-handler [INFO] Search task succeeded.
2026-01-30 19:56:25,556 search-job-handler [INFO] Search task succeeded.
2026-01-30 19:56:25,557 search-job-handler [INFO] Search task succeeded.
2026-01-30 19:56:25,557 search-job-handler [INFO] Search task succeeded.
2026-01-30 19:56:25,557 search-job-handler [INFO] Search task succeeded.
2026-01-30 19:56:25,557 search-job-handler [INFO] Search task succeeded.
2026-01-30 19:56:25,557 search-job-handler [INFO] Search task succeeded.
2026-01-30 19:56:25,557 search-job-handler [INFO] Search task succeeded.
2026-01-30 19:56:25,557 search-job-handler [INFO] Search task succeeded.
2026-01-30 19:56:25,557 search-job-handler [INFO] Search task succeeded.
2026-01-30 19:56:25,557 search-job-handler [INFO] Search task succeeded.
2026-01-30 19:56:25,557 search-job-handler [INFO] Search task succeeded.
2026-01-30 19:56:25,557 search-job-handler [INFO] Search task succeeded.
2026-01-30 19:56:25,557 search-job-handler [INFO] Search task succeeded.
2026-01-30 19:56:25,557 search-job-handler [INFO] Search task succeeded.
2026-01-30 19:56:25,557 search-job-handler [INFO] Search task succeeded.
2026-01-30 19:56:25,557 search-job-handler [INFO] Search task succeeded.
2026-01-30 19:56:25,557 search-job-handler [INFO] Search task succeeded.
2026-01-30 19:56:25,558 search-job-handler [INFO] Search task succeeded.
2026-01-30 19:56:25,558 search-job-handler [INFO] Search task succeeded.
2026-01-30 19:56:25,558 search-job-handler [INFO] Search task succeeded.
2026-01-30 19:56:25,558 search-job-handler [INFO] Search task succeeded.
2026-01-30 19:56:25,558 search-job-handler [INFO] Search task succeeded.
2026-01-30 19:56:25,558 search-job-handler [INFO] Search task succeeded.
2026-01-30 19:56:25,558 search-job-handler [INFO] Search task succeeded.
2026-01-30 19:56:25,558 search-job-handler [INFO] Search task succeeded.
2026-01-30 19:56:25,558 search-job-handler [INFO] Search task succeeded.
2026-01-30 19:56:25,558 search-job-handler [INFO] Search task succeeded.
2026-01-30 19:56:25,558 search-job-handler [INFO] Search task succeeded.
2026-01-30 19:56:25,558 search-job-handler [INFO] Search task succeeded.
2026-01-30 19:56:25,558 search-job-handler [INFO] Search task succeeded.
2026-01-30 19:56:25,558 search-job-handler [INFO] Search task succeeded.
2026-01-30 19:56:25,558 search-job-handler [INFO] Search task succeeded.
2026-01-30 19:56:25,558 search-job-handler [INFO] Search task succeeded.
2026-01-30 19:56:25,559 search-job-handler [INFO] Search task succeeded.
2026-01-30 19:56:25,559 search-job-handler [INFO] Search task succeeded.
2026-01-30 19:56:25,559 search-job-handler [INFO] Search task succeeded.
2026-01-30 19:56:25,559 search-job-handler [INFO] Search task succeeded.
2026-01-30 19:56:25,559 search-job-handler [INFO] Search task succeeded.
2026-01-30 19:56:25,559 search-job-handler [INFO] Search task succeeded.
2026-01-30 19:56:25,559 search-job-handler [INFO] Search task succeeded.
2026-01-30 19:56:25,559 search-job-handler [INFO] Search task succeeded.
2026-01-30 19:56:25,559 search-job-handler [INFO] Search task succeeded.
2026-01-30 19:56:25,559 search-job-handler [INFO] Search task succeeded.
2026-01-30 19:56:25,559 search-job-handler [INFO] Search task succeeded.
2026-01-30 19:56:25,559 search-job-handler [INFO] Search task succeeded.
2026-01-30 19:56:25,559 search-job-handler [INFO] Search task succeeded.
2026-01-30 19:56:25,559 search-job-handler [INFO] Search task succeeded.
2026-01-30 19:56:25,559 search-job-handler [INFO] Search task succeeded.
2026-01-30 19:56:25,559 search-job-handler [INFO] Search task succeeded.
2026-01-30 19:56:25,560 search-job-handler [INFO] Search task succeeded.
2026-01-30 19:56:25,560 search-job-handler [INFO] Search task succeeded.
2026-01-30 19:56:25,560 search-job-handler [INFO] Search task succeeded.
2026-01-30 19:56:25,560 search-job-handler [INFO] Search task succeeded.
2026-01-30 19:56:25,560 search-job-handler [INFO] Search task succeeded.
2026-01-30 19:56:25,560 search-job-handler [INFO] Search task succeeded.
2026-01-30 19:56:25,560 search-job-handler [INFO] Search task succeeded.
2026-01-30 19:56:25,560 search-job-handler [INFO] Search task succeeded.
2026-01-30 19:56:25,560 search-job-handler [INFO] Search task succeeded.
2026-01-30 19:56:25,560 search-job-handler [INFO] Search task succeeded.
2026-01-30 19:56:25,560 search-job-handler [INFO] Search task succeeded.
2026-01-30 19:56:25,560 search-job-handler [INFO] Search task succeeded.
2026-01-30 19:56:25,560 search-job-handler [INFO] Search task succeeded.
2026-01-30 19:56:25,560 search-job-handler [INFO] Search task succeeded.
2026-01-30 19:56:25,560 search-job-handler [INFO] Search task succeeded.
2026-01-30 19:56:25,560 search-job-handler [INFO] Search task succeeded.
2026-01-30 19:56:25,561 search-job-handler [INFO] Search task succeeded.
2026-01-30 19:56:25,561 search-job-handler [INFO] Search task succeeded.
2026-01-30 19:56:25,561 search-job-handler [INFO] Search task succeeded.
2026-01-30 19:56:25,561 search-job-handler [INFO] Search task succeeded.
2026-01-30 19:56:25,561 search-job-handler [INFO] Search task succeeded.
2026-01-30 19:56:25,561 search-job-handler [INFO] Search task succeeded.
2026-01-30 19:56:25,561 search-job-handler [INFO] Search task succeeded.
2026-01-30 19:56:25,561 search-job-handler [INFO] Search task succeeded.
2026-01-30 19:56:25,561 search-job-handler [INFO] Search task succeeded.
2026-01-30 19:56:25,561 search-job-handler [INFO] Search task succeeded.
2026-01-30 19:56:25,561 search-job-handler [INFO] Search task succeeded.
2026-01-30 19:56:25,561 search-job-handler [INFO] Search task succeeded.
2026-01-30 19:56:25,561 search-job-handler [INFO] Search task succeeded.
2026-01-30 19:56:25,561 search-job-handler [INFO] Search task succeeded.
2026-01-30 19:56:25,561 search-job-handler [INFO] Search task succeeded.
2026-01-30 19:56:25,561 search-job-handler [INFO] Search task succeeded.
2026-01-30 19:56:25,561 search-job-handler [INFO] Search task succeeded.
2026-01-30 19:56:25,562 search-job-handler [INFO] Search task succeeded.
2026-01-30 19:56:25,562 search-job-handler [INFO] Search task succeeded.
2026-01-30 19:56:25,562 search-job-handler [INFO] Search task succeeded.
2026-01-30 19:56:25,562 search-job-handler [INFO] Search task succeeded.
2026-01-30 19:56:25,562 search-job-handler [INFO] Search task succeeded.
2026-01-30 19:56:25,562 search-job-handler [INFO] Search task succeeded.
2026-01-30 19:56:25,562 search-job-handler [INFO] Search task succeeded.
2026-01-30 19:56:25,562 search-job-handler [INFO] Search task succeeded.
2026-01-30 19:56:25,562 search-job-handler [INFO] Search task succeeded.
2026-01-30 19:56:25,562 search-job-handler [INFO] Search task succeeded.
2026-01-30 19:56:25,562 search-job-handler [INFO] Search task succeeded.
2026-01-30 19:56:25,562 search-job-handler [INFO] Search task succeeded.
2026-01-30 19:56:25,562 search-job-handler [INFO] Search task succeeded.
2026-01-30 19:56:25,562 search-job-handler [INFO] Search task succeeded.
2026-01-30 19:56:25,562 search-job-handler [INFO] Search task succeeded.
2026-01-30 19:56:25,562 search-job-handler [INFO] Search task succeeded.
2026-01-30 19:56:25,563 search-job-handler [INFO] Search task succeeded.
2026-01-30 19:56:25,563 search-job-handler [INFO] Search task succeeded.
2026-01-30 19:56:25,563 search-job-handler [INFO] Search task succeeded.
2026-01-30 19:56:25,563 search-job-handler [INFO] Search task succeeded.
2026-01-30 19:56:25,563 search-job-handler [INFO] Search task succeeded.
2026-01-30 19:56:25,563 search-job-handler [INFO] Search task succeeded.
2026-01-30 19:56:25,563 search-job-handler [INFO] Search task succeeded.
2026-01-30 19:56:25,563 search-job-handler [INFO] Search task succeeded.
2026-01-30 19:56:25,563 search-job-handler [INFO] Search task succeeded.
2026-01-30 19:56:25,563 search-job-handler [INFO] Search task succeeded.
2026-01-30 19:56:25,563 search-job-handler [INFO] Search task succeeded.
2026-01-30 19:56:25,563 search-job-handler [INFO] Search task succeeded.
2026-01-30 19:56:25,563 search-job-handler [INFO] Search task succeeded.
2026-01-30 19:56:25,563 search-job-handler [INFO] Search task succeeded.
2026-01-30 19:56:25,563 search-job-handler [INFO] Search task succeeded.
2026-01-30 19:56:25,563 search-job-handler [INFO] Search task succeeded.
2026-01-30 19:56:25,564 search-job-handler [INFO] Search task succeeded.
2026-01-30 19:56:25,564 search-job-handler [INFO] Search task succeeded.
2026-01-30 19:56:25,564 search-job-handler [INFO] Search task succeeded.
2026-01-30 19:56:25,564 search-job-handler [INFO] Search task succeeded.
2026-01-30 19:56:25,564 search-job-handler [INFO] Search task succeeded.
2026-01-30 19:56:25,564 search-job-handler [INFO] Search task succeeded.
2026-01-30 19:56:25,564 search-job-handler [INFO] Search task succeeded.
2026-01-30 19:56:25,564 search-job-handler [INFO] Search task succeeded.
2026-01-30 19:56:25,564 search-job-handler [INFO] Search task succeeded.
2026-01-30 19:56:25,564 search-job-handler [INFO] Search task succeeded.
2026-01-30 19:56:25,564 search-job-handler [INFO] Search task succeeded.
2026-01-30 19:56:25,564 search-job-handler [INFO] Search task succeeded.
2026-01-30 19:56:25,564 search-job-handler [INFO] Search task succeeded.
2026-01-30 19:56:25,564 search-job-handler [INFO] Search task succeeded.
2026-01-30 19:56:25,564 search-job-handler [INFO] Search task succeeded.
2026-01-30 19:56:25,564 search-job-handler [INFO] Search task succeeded.
2026-01-30 19:56:25,565 search-job-handler [INFO] Search task succeeded.
2026-01-30 19:56:25,565 search-job-handler [INFO] Search task succeeded.
2026-01-30 19:56:25,565 search-job-handler [INFO] Search task succeeded.
2026-01-30 19:56:25,565 search-job-handler [INFO] Search task succeeded.
2026-01-30 19:56:25,565 search-job-handler [INFO] Search task succeeded.
2026-01-30 19:56:25,565 search-job-handler [INFO] Search task succeeded.
2026-01-30 19:56:25,565 search-job-handler [INFO] Search task succeeded.
2026-01-30 19:56:25,565 search-job-handler [INFO] Search task succeeded.
2026-01-30 19:56:25,565 search-job-handler [INFO] Search task succeeded.
2026-01-30 19:56:25,565 search-job-handler [INFO] Search task succeeded.
2026-01-30 19:56:25,565 search-job-handler [INFO] Search task succeeded.
2026-01-30 19:56:25,565 search-job-handler [INFO] Search task succeeded.
2026-01-30 19:56:25,565 search-job-handler [INFO] Search task succeeded.
2026-01-30 19:56:25,565 search-job-handler [INFO] Search task succeeded.
2026-01-30 19:56:25,565 search-job-handler [INFO] Search task succeeded.
2026-01-30 19:56:25,565 search-job-handler [INFO] Search task succeeded.
2026-01-30 19:56:25,566 search-job-handler [INFO] Search task succeeded.
2026-01-30 19:56:25,566 search-job-handler [INFO] Search task succeeded.
2026-01-30 19:56:25,566 search-job-handler [INFO] Search task succeeded.
2026-01-30 19:56:25,566 search-job-handler [INFO] Search task succeeded.
2026-01-30 19:56:25,566 search-job-handler [INFO] Search task succeeded.
2026-01-30 19:56:25,566 search-job-handler [INFO] Search task succeeded.
2026-01-30 19:56:25,566 search-job-handler [INFO] Search task succeeded.
2026-01-30 19:56:25,566 search-job-handler [INFO] Search task succeeded.
2026-01-30 19:56:25,566 search-job-handler [INFO] Search task succeeded.
2026-01-30 19:56:25,566 search-job-handler [INFO] Search task succeeded.
2026-01-30 19:56:25,566 search-job-handler [INFO] Search task succeeded.
2026-01-30 19:56:25,566 search-job-handler [INFO] Search task succeeded.
2026-01-30 19:56:25,566 search-job-handler [INFO] Search task succeeded.
2026-01-30 19:56:25,566 search-job-handler [INFO] Search task succeeded.
2026-01-30 19:56:25,566 search-job-handler [INFO] Search task succeeded.
2026-01-30 19:56:25,566 search-job-handler [INFO] Search task succeeded.
2026-01-30 19:56:25,567 search-job-handler [INFO] Search task succeeded.
2026-01-30 19:56:25,567 search-job-handler [INFO] Search task succeeded.
2026-01-30 19:56:25,567 search-job-handler [INFO] Search task succeeded.
2026-01-30 19:56:25,567 search-job-handler [INFO] Search task succeeded.
2026-01-30 19:56:25,567 search-job-handler [INFO] Search task succeeded.
2026-01-30 19:56:25,567 search-job-handler [INFO] Search task succeeded.
2026-01-30 19:56:25,567 search-job-handler [INFO] Search task succeeded.
2026-01-30 19:56:25,567 search-job-handler [INFO] Search task succeeded.
2026-01-30 19:56:25,567 search-job-handler [INFO] Search task succeeded.
2026-01-30 19:56:25,567 search-job-handler [INFO] Search task succeeded.
2026-01-30 19:56:25,567 search-job-handler [INFO] Search task succeeded.
2026-01-30 19:56:25,567 search-job-handler [INFO] Search task succeeded.
2026-01-30 19:56:25,567 search-job-handler [INFO] Search task succeeded.
2026-01-30 19:56:25,567 search-job-handler [INFO] Search task succeeded.
2026-01-30 19:56:25,567 search-job-handler [INFO] Search task succeeded.
2026-01-30 19:56:25,567 search-job-handler [INFO] Search task succeeded.
2026-01-30 19:56:25,568 search-job-handler [INFO] Search task succeeded.
2026-01-30 19:56:25,568 search-job-handler [INFO] Search task succeeded.
2026-01-30 19:56:25,568 search-job-handler [INFO] Search task succeeded.
2026-01-30 19:56:25,568 search-job-handler [INFO] Search task succeeded.
2026-01-30 19:56:25,568 search-job-handler [INFO] Search task succeeded.
2026-01-30 19:56:25,568 search-job-handler [INFO] Search task succeeded.
2026-01-30 19:56:25,568 search-job-handler [INFO] Search task succeeded.
2026-01-30 19:56:25,568 search-job-handler [INFO] Search task succeeded.
2026-01-30 19:56:25,568 search-job-handler [INFO] Search task succeeded.
2026-01-30 19:56:25,568 search-job-handler [INFO] Search task succeeded.
2026-01-30 19:56:25,568 search-job-handler [INFO] Search task succeeded.
2026-01-30 19:56:25,568 search-job-handler [INFO] Search task succeeded.
2026-01-30 19:56:25,568 search-job-handler [INFO] Search task succeeded.
2026-01-30 19:56:25,568 search-job-handler [INFO] Search task succeeded.
2026-01-30 19:56:25,568 search-job-handler [INFO] Search task succeeded.
2026-01-30 19:56:25,568 search-job-handler [INFO] Search task succeeded.
2026-01-30 19:56:25,569 search-job-handler [INFO] Search task succeeded.
2026-01-30 19:56:25,569 search-job-handler [INFO] Search task succeeded.
2026-01-30 19:56:25,569 search-job-handler [INFO] Search task succeeded.
2026-01-30 19:56:25,569 search-job-handler [INFO] Search task succeeded.
2026-01-30 19:56:25,569 search-job-handler [INFO] Search task succeeded.
2026-01-30 19:56:25,569 search-job-handler [INFO] Search task succeeded.
2026-01-30 19:56:25,569 search-job-handler [INFO] Search task succeeded.
2026-01-30 19:56:25,569 search-job-handler [INFO] Search task succeeded.
2026-01-30 19:56:25,569 search-job-handler [INFO] Search task succeeded.
2026-01-30 19:56:25,569 search-job-handler [INFO] Search task succeeded.
2026-01-30 19:56:25,569 search-job-handler [INFO] Search task succeeded.
2026-01-30 19:56:25,569 search-job-handler [INFO] Search task succeeded.
2026-01-30 19:56:25,569 search-job-handler [INFO] Search task succeeded.
2026-01-30 19:56:25,569 search-job-handler [INFO] Search task succeeded.
2026-01-30 19:56:25,569 search-job-handler [INFO] Search task succeeded.
2026-01-30 19:56:25,569 search-job-handler [INFO] Search task succeeded.
2026-01-30 19:56:25,569 search-job-handler [INFO] Search task succeeded.
2026-01-30 19:56:25,569 search-job-handler [INFO] Search task succeeded.
2026-01-30 19:56:25,570 search-job-handler [INFO] Search task succeeded.
2026-01-30 19:56:25,570 search-job-handler [INFO] Search task succeeded.
2026-01-30 19:56:25,570 search-job-handler [INFO] Search task succeeded.
2026-01-30 19:56:25,570 search-job-handler [INFO] Search task succeeded.
2026-01-30 19:56:25,570 search-job-handler [INFO] Search task succeeded.
2026-01-30 19:56:25,570 search-job-handler [INFO] Search task succeeded.
2026-01-30 19:56:25,570 search-job-handler [INFO] Search task succeeded.
2026-01-30 19:56:25,570 search-job-handler [INFO] Search task succeeded.
2026-01-30 19:56:25,570 search-job-handler [INFO] Search task succeeded.
2026-01-30 19:56:25,570 search-job-handler [INFO] Search task succeeded.
2026-01-30 19:56:25,570 search-job-handler [INFO] Search task succeeded.
2026-01-30 19:56:25,570 search-job-handler [INFO] Search task succeeded.
2026-01-30 19:56:25,570 search-job-handler [INFO] Search task succeeded.
2026-01-30 19:56:25,570 search-job-handler [INFO] Search task succeeded.
2026-01-30 19:56:25,570 search-job-handler [INFO] Search task succeeded.
2026-01-30 19:56:25,570 search-job-handler [INFO] Search task succeeded.
2026-01-30 19:56:25,570 search-job-handler [INFO] Search task succeeded.
2026-01-30 19:56:25,571 search-job-handler [INFO] Search task succeeded.
2026-01-30 19:56:25,571 search-job-handler [INFO] Search task succeeded.
2026-01-30 19:56:25,571 search-job-handler [INFO] Search task succeeded.
2026-01-30 19:56:25,571 search-job-handler [INFO] Search task succeeded.
2026-01-30 19:56:25,571 search-job-handler [INFO] Search task succeeded.
2026-01-30 19:56:25,571 search-job-handler [INFO] Search task succeeded.
2026-01-30 19:56:25,571 search-job-handler [INFO] Search task succeeded.
2026-01-30 19:56:25,571 search-job-handler [INFO] Search task succeeded.
2026-01-30 19:56:25,571 search-job-handler [INFO] Search task succeeded.
2026-01-30 19:56:25,571 search-job-handler [INFO] Search task succeeded.
2026-01-30 19:56:25,571 search-job-handler [INFO] Search task succeeded.
2026-01-30 19:56:25,571 search-job-handler [INFO] Search task succeeded.
2026-01-30 19:56:25,571 search-job-handler [INFO] Search task succeeded.
2026-01-30 19:56:25,571 search-job-handler [INFO] Search task succeeded.
2026-01-30 19:56:25,571 search-job-handler [INFO] Search task succeeded.
2026-01-30 19:56:25,571 search-job-handler [INFO] Search task succeeded.
2026-01-30 19:56:25,572 search-job-handler [INFO] Search task succeeded.
2026-01-30 19:56:25,572 search-job-handler [INFO] Search task succeeded.
2026-01-30 19:56:25,572 search-job-handler [INFO] Search task succeeded.
2026-01-30 19:56:25,572 search-job-handler [INFO] Search task succeeded.
2026-01-30 19:56:25,572 search-job-handler [INFO] Search task succeeded.
2026-01-30 19:56:25,572 search-job-handler [INFO] Search task succeeded.
2026-01-30 19:56:25,572 search-job-handler [INFO] Search task succeeded.
2026-01-30 19:56:25,572 search-job-handler [INFO] Search task succeeded.
2026-01-30 19:56:25,572 search-job-handler [INFO] Search task succeeded.
2026-01-30 19:56:25,572 search-job-handler [INFO] Search task succeeded.
2026-01-30 19:56:25,572 search-job-handler [INFO] Search task succeeded.
2026-01-30 19:56:25,572 search-job-handler [INFO] Search task succeeded.
2026-01-30 19:56:25,572 search-job-handler [INFO] Search task succeeded.
2026-01-30 19:56:25,572 search-job-handler [INFO] Search task succeeded.
2026-01-30 19:56:25,572 search-job-handler [INFO] Search task succeeded.
2026-01-30 19:56:25,572 search-job-handler [INFO] Search task succeeded.
2026-01-30 19:56:25,572 search-job-handler [INFO] Search task succeeded.
2026-01-30 19:56:25,573 search-job-handler [INFO] Search task succeeded.
2026-01-30 19:56:25,573 search-job-handler [INFO] Search task succeeded.
2026-01-30 19:56:25,573 search-job-handler [INFO] Search task succeeded.
2026-01-30 19:56:25,573 search-job-handler [INFO] Search task succeeded.
2026-01-30 19:56:25,573 search-job-handler [INFO] Search task succeeded.
2026-01-30 19:56:25,573 search-job-handler [INFO] Search task succeeded.
2026-01-30 19:56:25,573 search-job-handler [INFO] Search task succeeded.
2026-01-30 19:56:25,573 search-job-handler [INFO] Search task succeeded.
2026-01-30 19:56:25,573 search-job-handler [INFO] Search task succeeded.
2026-01-30 19:56:25,573 search-job-handler [INFO] Search task succeeded.
2026-01-30 19:56:25,573 search-job-handler [INFO] Search task succeeded.
2026-01-30 19:56:25,573 search-job-handler [INFO] Search task succeeded.
2026-01-30 19:56:25,573 search-job-handler [INFO] Search task succeeded.
2026-01-30 19:56:25,573 search-job-handler [INFO] Search task succeeded.
2026-01-30 19:56:25,573 search-job-handler [INFO] Search task succeeded.
2026-01-30 19:56:25,573 search-job-handler [INFO] Search task succeeded.
2026-01-30 19:56:25,573 search-job-handler [INFO] Search task succeeded.
2026-01-30 19:56:25,573 search-job-handler [INFO] Search task succeeded.
2026-01-30 19:56:25,574 search-job-handler [INFO] Search task succeeded.
2026-01-30 19:56:25,574 search-job-handler [INFO] Search task succeeded.
2026-01-30 19:56:25,574 search-job-handler [INFO] Search task succeeded.
2026-01-30 19:56:25,574 search-job-handler [INFO] Search task succeeded.
2026-01-30 19:56:25,574 search-job-handler [INFO] Search task succeeded.
2026-01-30 19:56:25,574 search-job-handler [INFO] Search task succeeded.
2026-01-30 19:56:25,574 search-job-handler [INFO] Search task succeeded.
2026-01-30 19:56:25,574 search-job-handler [INFO] Search task succeeded.
2026-01-30 19:56:25,574 search-job-handler [INFO] Search task succeeded.
2026-01-30 19:56:25,574 search-job-handler [INFO] Search task succeeded.
2026-01-30 19:56:25,574 search-job-handler [INFO] Search task succeeded.
2026-01-30 19:56:25,574 search-job-handler [INFO] Search task succeeded.
2026-01-30 19:56:25,574 search-job-handler [INFO] Search task succeeded.
2026-01-30 19:56:25,574 search-job-handler [INFO] Search task succeeded.
2026-01-30 19:56:25,574 search-job-handler [INFO] Search task succeeded.
2026-01-30 19:56:25,574 search-job-handler [INFO] Search task succeeded.
2026-01-30 19:56:25,574 search-job-handler [INFO] Search task succeeded.
2026-01-30 19:56:25,575 search-job-handler [INFO] Search task succeeded.
2026-01-30 19:56:25,575 search-job-handler [INFO] Search task succeeded.
2026-01-30 19:56:25,575 search-job-handler [INFO] Search task succeeded.
2026-01-30 19:56:25,575 search-job-handler [INFO] Search task succeeded.
2026-01-30 19:56:25,575 search-job-handler [INFO] Search task succeeded.
2026-01-30 19:56:25,575 search-job-handler [INFO] Search task succeeded.
2026-01-30 19:56:25,575 search-job-handler [INFO] Search task succeeded.
2026-01-30 19:56:25,575 search-job-handler [INFO] Search task succeeded.
2026-01-30 19:56:25,575 search-job-handler [INFO] Search task succeeded.
2026-01-30 19:56:25,575 search-job-handler [INFO] Search task succeeded.
2026-01-30 19:56:25,575 search-job-handler [INFO] Search task succeeded.
2026-01-30 19:56:25,575 search-job-handler [INFO] Search task succeeded.
2026-01-30 19:56:25,575 search-job-handler [INFO] Search task succeeded.
2026-01-30 19:56:25,575 search-job-handler [INFO] Search task succeeded.
2026-01-30 19:56:25,575 search-job-handler [INFO] Search task succeeded.
2026-01-30 19:56:25,575 search-job-handler [INFO] Search task succeeded.
2026-01-30 19:56:25,576 search-job-handler [INFO] Search task succeeded.
2026-01-30 19:56:25,576 search-job-handler [INFO] Search task succeeded.
2026-01-30 19:56:25,576 search-job-handler [INFO] Search task succeeded.
2026-01-30 19:56:25,576 search-job-handler [INFO] Search task succeeded.
2026-01-30 19:56:25,576 search-job-handler [INFO] Search task succeeded.
2026-01-30 19:56:25,576 search-job-handler [INFO] Search task succeeded.
2026-01-30 19:56:25,576 search-job-handler [INFO] Search task succeeded.
2026-01-30 19:56:25,576 search-job-handler [INFO] Search task succeeded.
2026-01-30 19:56:25,576 search-job-handler [INFO] Search task succeeded.
2026-01-30 19:56:25,576 search-job-handler [INFO] Search task succeeded.
2026-01-30 19:56:25,576 search-job-handler [INFO] Search task succeeded.
2026-01-30 19:56:25,576 search-job-handler [INFO] Search task succeeded.
2026-01-30 19:56:25,576 search-job-handler [INFO] Search task succeeded.
2026-01-30 19:56:25,576 search-job-handler [INFO] Search task succeeded.
2026-01-30 19:56:25,576 search-job-handler [INFO] Search task succeeded.
2026-01-30 19:56:25,576 search-job-handler [INFO] Search task succeeded.
2026-01-30 19:56:25,576 search-job-handler [INFO] Search task succeeded.
2026-01-30 19:56:25,577 search-job-handler [INFO] Search task succeeded.
2026-01-30 19:56:25,577 search-job-handler [INFO] Search task succeeded.
2026-01-30 19:56:25,577 search-job-handler [INFO] Search task succeeded.
2026-01-30 19:56:25,577 search-job-handler [INFO] Search task succeeded.
2026-01-30 19:56:25,577 search-job-handler [INFO] Search task succeeded.
2026-01-30 19:56:25,577 search-job-handler [INFO] Search task succeeded.
2026-01-30 19:56:25,577 search-job-handler [INFO] Search task succeeded.
2026-01-30 19:56:25,577 search-job-handler [INFO] Search task succeeded.
2026-01-30 19:56:25,577 search-job-handler [INFO] Search task succeeded.
2026-01-30 19:56:25,577 search-job-handler [INFO] Search task succeeded.
2026-01-30 19:56:25,577 search-job-handler [INFO] Search task succeeded.
2026-01-30 19:56:25,577 search-job-handler [INFO] Search task succeeded.
2026-01-30 19:56:25,577 search-job-handler [INFO] Search task succeeded.
2026-01-30 19:56:25,577 search-job-handler [INFO] Search task succeeded.
2026-01-30 19:56:25,577 search-job-handler [INFO] Search task succeeded.
2026-01-30 19:56:25,577 search-job-handler [INFO] Search task succeeded.
2026-01-30 19:56:25,577 search-job-handler [INFO] Search task succeeded.
2026-01-30 19:56:25,578 search-job-handler [INFO] Search task succeeded.
2026-01-30 19:56:25,578 search-job-handler [INFO] Search task succeeded.
2026-01-30 19:56:25,578 search-job-handler [INFO] Search task succeeded.
2026-01-30 19:56:25,578 search-job-handler [INFO] Search task succeeded.
2026-01-30 19:56:25,578 search-job-handler [INFO] Search task succeeded.
2026-01-30 19:56:25,578 search-job-handler [INFO] Search task succeeded.
2026-01-30 19:56:25,578 search-job-handler [INFO] Search task succeeded.
2026-01-30 19:56:25,578 search-job-handler [INFO] Search task succeeded.
2026-01-30 19:56:25,578 search-job-handler [INFO] Search task succeeded.
2026-01-30 19:56:25,578 search-job-handler [INFO] Search task succeeded.
2026-01-30 19:56:25,578 search-job-handler [INFO] Search task succeeded.
2026-01-30 19:56:25,578 search-job-handler [INFO] Search task succeeded.
2026-01-30 19:56:25,578 search-job-handler [INFO] Search task succeeded.
2026-01-30 19:56:25,578 search-job-handler [INFO] Search task succeeded.
2026-01-30 19:56:25,578 search-job-handler [INFO] Search task succeeded.
2026-01-30 19:56:25,578 search-job-handler [INFO] Search task succeeded.
2026-01-30 19:56:25,578 search-job-handler [INFO] Search task succeeded.
2026-01-30 19:56:25,579 search-job-handler [INFO] Search task succeeded.
2026-01-30 19:56:25,579 search-job-handler [INFO] Search task succeeded.
2026-01-30 19:56:25,579 search-job-handler [INFO] Search task succeeded.
2026-01-30 19:56:25,579 search-job-handler [INFO] Search task succeeded.
2026-01-30 19:56:25,579 search-job-handler [INFO] Search task succeeded.
2026-01-30 19:56:25,579 search-job-handler [INFO] Search task succeeded.
2026-01-30 19:56:25,579 search-job-handler [INFO] Search task succeeded.
2026-01-30 19:56:25,579 search-job-handler [INFO] Search task succeeded.
2026-01-30 19:56:25,579 search-job-handler [INFO] Search task succeeded.
2026-01-30 19:56:25,579 search-job-handler [INFO] Search task succeeded.
2026-01-30 19:56:25,579 search-job-handler [INFO] Search task succeeded.
2026-01-30 19:56:25,579 search-job-handler [INFO] Search task succeeded.
2026-01-30 19:56:25,579 search-job-handler [INFO] Search task succeeded.
2026-01-30 19:56:25,579 search-job-handler [INFO] Search task succeeded.
2026-01-30 19:56:25,579 search-job-handler [INFO] Search task succeeded.
2026-01-30 19:56:25,579 search-job-handler [INFO] Search task succeeded.
2026-01-30 19:56:25,580 search-job-handler [INFO] Search task succeeded.
2026-01-30 19:56:25,580 search-job-handler [INFO] Search task succeeded.
2026-01-30 19:56:25,580 search-job-handler [INFO] Search task succeeded.
2026-01-30 19:56:25,580 search-job-handler [INFO] Search task succeeded.
2026-01-30 19:56:25,580 search-job-handler [INFO] Search task succeeded.
2026-01-30 19:56:25,580 search-job-handler [INFO] Search task succeeded.
2026-01-30 19:56:25,580 search-job-handler [INFO] Search task succeeded.
2026-01-30 19:56:25,580 search-job-handler [INFO] Search task succeeded.
2026-01-30 19:56:25,580 search-job-handler [INFO] Search task succeeded.
2026-01-30 19:56:25,580 search-job-handler [INFO] Search task succeeded.
2026-01-30 19:56:25,580 search-job-handler [INFO] Search task succeeded.
2026-01-30 19:56:25,580 search-job-handler [INFO] Search task succeeded.
2026-01-30 19:56:25,580 search-job-handler [INFO] Search task succeeded.
2026-01-30 19:56:25,580 search-job-handler [INFO] Search task succeeded.
2026-01-30 19:56:25,580 search-job-handler [INFO] Search task succeeded.
2026-01-30 19:56:25,580 search-job-handler [INFO] Search task succeeded.
2026-01-30 19:56:25,580 search-job-handler [INFO] Search task succeeded.
2026-01-30 19:56:25,581 search-job-handler [INFO] Search task succeeded.
2026-01-30 19:56:25,581 search-job-handler [INFO] Search task succeeded.
2026-01-30 19:56:25,581 search-job-handler [INFO] Search task succeeded.
2026-01-30 19:56:25,581 search-job-handler [INFO] Search task succeeded.
2026-01-30 19:56:25,581 search-job-handler [INFO] Search task succeeded.
2026-01-30 19:56:25,581 search-job-handler [INFO] Search task succeeded.
2026-01-30 19:56:25,581 search-job-handler [INFO] Search task succeeded.
2026-01-30 19:56:25,581 search-job-handler [INFO] Search task succeeded.
2026-01-30 19:56:25,581 search-job-handler [INFO] Search task succeeded.
2026-01-30 19:56:25,581 search-job-handler [INFO] Search task succeeded.
2026-01-30 19:56:25,581 search-job-handler [INFO] Search task succeeded.
2026-01-30 19:56:25,581 search-job-handler [INFO] Search task succeeded.
2026-01-30 19:56:25,581 search-job-handler [INFO] Search task succeeded.
2026-01-30 19:56:25,581 search-job-handler [INFO] Search task succeeded.
2026-01-30 19:56:25,581 search-job-handler [INFO] Search task succeeded.
2026-01-30 19:56:25,581 search-job-handler [INFO] Search task succeeded.
2026-01-30 19:56:25,581 search-job-handler [INFO] Search task succeeded.
2026-01-30 19:56:25,582 search-job-handler [INFO] Search task succeeded.
2026-01-30 19:56:25,582 search-job-handler [INFO] Search task succeeded.
2026-01-30 19:56:25,582 search-job-handler [INFO] Search task succeeded.
2026-01-30 19:56:25,582 search-job-handler [INFO] Search task succeeded.
2026-01-30 19:56:25,582 search-job-handler [INFO] Search task succeeded.
2026-01-30 19:56:25,582 search-job-handler [INFO] Search task succeeded.
2026-01-30 19:56:25,582 search-job-handler [INFO] Search task succeeded.
2026-01-30 19:56:25,582 search-job-handler [INFO] Search task succeeded.
2026-01-30 19:56:25,582 search-job-handler [INFO] Search task succeeded.
2026-01-30 19:56:25,582 search-job-handler [INFO] Search task succeeded.
2026-01-30 19:56:25,582 search-job-handler [INFO] Search task succeeded.
2026-01-30 19:56:25,582 search-job-handler [INFO] Search task succeeded.
2026-01-30 19:56:25,582 search-job-handler [INFO] Search task succeeded.
2026-01-30 19:56:25,582 search-job-handler [INFO] Search task succeeded.
2026-01-30 19:56:25,582 search-job-handler [INFO] Search task succeeded.
2026-01-30 19:56:25,582 search-job-handler [INFO] Search task succeeded.
2026-01-30 19:56:25,582 search-job-handler [INFO] Search task succeeded.
2026-01-30 19:56:25,582 search-job-handler [INFO] Search task succeeded.
2026-01-30 19:56:25,583 search-job-handler [INFO] Search task succeeded.
2026-01-30 19:56:25,583 search-job-handler [INFO] Search task succeeded.
2026-01-30 19:56:25,583 search-job-handler [INFO] Search task succeeded.
2026-01-30 19:56:25,583 search-job-handler [INFO] Search task succeeded.
2026-01-30 19:56:25,583 search-job-handler [INFO] Search task succeeded.
2026-01-30 19:56:25,583 search-job-handler [INFO] Search task succeeded.
2026-01-30 19:56:25,583 search-job-handler [INFO] Search task succeeded.
2026-01-30 19:56:25,583 search-job-handler [INFO] Search task succeeded.
2026-01-30 19:56:25,583 search-job-handler [INFO] Search task succeeded.
2026-01-30 19:56:25,583 search-job-handler [INFO] Search task succeeded.
2026-01-30 19:56:25,583 search-job-handler [INFO] Search task succeeded.
2026-01-30 19:56:25,583 search-job-handler [INFO] Search task succeeded.
2026-01-30 19:56:25,583 search-job-handler [INFO] Search task succeeded.
2026-01-30 19:56:25,583 search-job-handler [INFO] Search task succeeded.
2026-01-30 19:56:25,583 search-job-handler [INFO] Search task succeeded.
2026-01-30 19:56:25,583 search-job-handler [INFO] Search task succeeded.
2026-01-30 19:56:25,584 search-job-handler [INFO] Search task succeeded.
2026-01-30 19:56:25,584 search-job-handler [INFO] Search task succeeded.
2026-01-30 19:56:25,584 search-job-handler [INFO] Search task succeeded.
2026-01-30 19:56:25,584 search-job-handler [INFO] Search task succeeded.
2026-01-30 19:56:25,584 search-job-handler [INFO] Search task succeeded.
2026-01-30 19:56:25,584 search-job-handler [INFO] Search task succeeded.
2026-01-30 19:56:25,584 search-job-handler [INFO] Search task succeeded.
2026-01-30 19:56:25,584 search-job-handler [INFO] Search task succeeded.
2026-01-30 19:56:25,584 search-job-handler [INFO] Search task succeeded.
2026-01-30 19:56:25,584 search-job-handler [INFO] Search task succeeded.
2026-01-30 19:56:25,584 search-job-handler [INFO] Search task succeeded.
2026-01-30 19:56:25,584 search-job-handler [INFO] Search task succeeded.
2026-01-30 19:56:25,584 search-job-handler [INFO] Search task succeeded.
2026-01-30 19:56:25,584 search-job-handler [INFO] Search task succeeded.
2026-01-30 19:56:25,584 search-job-handler [INFO] Search task succeeded.
2026-01-30 19:56:25,584 search-job-handler [INFO] Search task succeeded.
2026-01-30 19:56:25,584 search-job-handler [INFO] Search task succeeded.
2026-01-30 19:56:25,585 search-job-handler [INFO] Search task succeeded.
2026-01-30 19:56:25,585 search-job-handler [INFO] Search task succeeded.
2026-01-30 19:56:25,585 search-job-handler [INFO] Search task succeeded.
2026-01-30 19:56:25,585 search-job-handler [INFO] Search task succeeded.
2026-01-30 19:56:25,585 search-job-handler [INFO] Search task succeeded.
2026-01-30 19:56:25,585 search-job-handler [INFO] Search task succeeded.
2026-01-30 19:56:25,585 search-job-handler [INFO] Search task succeeded.
2026-01-30 19:56:25,585 search-job-handler [INFO] Search task succeeded.
2026-01-30 19:56:25,585 search-job-handler [INFO] Search task succeeded.
2026-01-30 19:56:25,585 search-job-handler [INFO] Search task succeeded.
2026-01-30 19:56:25,585 search-job-handler [INFO] Search task succeeded.
2026-01-30 19:56:25,585 search-job-handler [INFO] Search task succeeded.
2026-01-30 19:56:25,585 search-job-handler [INFO] Search task succeeded.
2026-01-30 19:56:25,585 search-job-handler [INFO] Search task succeeded.
2026-01-30 19:56:25,585 search-job-handler [INFO] Search task succeeded.
2026-01-30 19:56:25,585 search-job-handler [INFO] Search task succeeded.
2026-01-30 19:56:25,585 search-job-handler [INFO] Search task succeeded.
2026-01-30 19:56:25,586 search-job-handler [INFO] Search task succeeded.
2026-01-30 19:56:25,586 search-job-handler [INFO] Search task succeeded.
2026-01-30 19:56:25,586 search-job-handler [INFO] Search task succeeded.
2026-01-30 19:56:25,586 search-job-handler [INFO] Search task succeeded.
2026-01-30 19:56:25,586 search-job-handler [INFO] Search task succeeded.
2026-01-30 19:56:25,586 search-job-handler [INFO] Search task succeeded.
2026-01-30 19:56:25,605 search-job-handler [INFO] Completed job 3 at 2026-01-30T19:56:25.586407, total duration=77.07s.
